<?xml version="1.0" encoding="UTF-8"?><gpx creator="Wikiloc - https://www.wikiloc.com" version="1.1" xmlns="http://www.topografix.com/GPX/1/1" xmlns:xsi="http://www.w3.org/2001/XMLSchema-instance" xsi:schemaLocation="http://www.topografix.com/GPX/1/1 http://www.topografix.com/GPX/1/1/gpx.xsd"><metadata><name>Wikiloc - Cortina Skyrace</name><author><name>cpi</name><link href="https://www.wikiloc.com/wikiloc/user.do?id=74066"><text>cpi on Wikiloc</text></link></author><link href="https://www.wikiloc.com/trail-running-trails/cortina-skyrace-13720714"><text>Cortina Skyrace on Wikiloc</text></link><time>2014-09-28T13:45:51Z</time></metadata><trk><name>Cortina Skyrace - Wikiloc</name><cmt></cmt><desc></desc><trkseg><trkpt lat="46.537799" lon="12.136471"><ele>1213.297</ele><time>2014-09-28T09:01:58Z</time></trkpt><trkpt lat="46.537812" lon="12.136452"><ele>1213.323</ele><time>2014-09-28T09:02:00Z</time></trkpt><trkpt lat="46.537856" lon="12.136407"><ele>1213.625</ele><time>2014-09-28T09:02:04Z</time></trkpt><trkpt lat="46.537851" lon="12.136398"><ele>1213.508</ele><time>2014-09-28T09:02:06Z</time></trkpt><trkpt lat="46.537873" lon="12.136362"><ele>1213.630</ele><time>2014-09-28T09:02:12Z</time></trkpt><trkpt lat="46.537905" lon="12.136353"><ele>1213.842</ele><time>2014-09-28T09:02:17Z</time></trkpt><trkpt lat="46.537924" lon="12.136290"><ele>1213.756</ele><time>2014-09-28T09:02:24Z</time></trkpt><trkpt lat="46.537969" lon="12.136233"><ele>1213.811</ele><time>2014-09-28T09:02:31Z</time></trkpt><trkpt lat="46.537989" lon="12.136195"><ele>1213.889</ele><time>2014-09-28T09:02:35Z</time></trkpt><trkpt lat="46.538008" lon="12.136130"><ele>1213.736</ele><time>2014-09-28T09:02:38Z</time></trkpt><trkpt lat="46.538048" lon="12.136068"><ele>1213.840</ele><time>2014-09-28T09:02:43Z</time></trkpt><trkpt lat="46.538062" lon="12.136056"><ele>1213.873</ele><time>2014-09-28T09:02:45Z</time></trkpt><trkpt lat="46.538048" lon="12.136027"><ele>1213.739</ele><time>2014-09-28T09:02:48Z</time></trkpt><trkpt lat="46.538060" lon="12.136019"><ele>1213.701</ele><time>2014-09-28T09:02:50Z</time></trkpt><trkpt lat="46.538055" lon="12.136003"><ele>1213.621</ele><time>2014-09-28T09:02:53Z</time></trkpt><trkpt lat="46.538107" lon="12.135969"><ele>1213.708</ele><time>2014-09-28T09:02:57Z</time></trkpt><trkpt lat="46.538106" lon="12.135951"><ele>1213.614</ele><time>2014-09-28T09:02:59Z</time></trkpt><trkpt lat="46.538125" lon="12.135920"><ele>1213.646</ele><time>2014-09-28T09:03:01Z</time></trkpt><trkpt lat="46.538133" lon="12.135913"><ele>1213.690</ele><time>2014-09-28T09:03:02Z</time></trkpt><trkpt lat="46.538136" lon="12.135896"><ele>1213.585</ele><time>2014-09-28T09:03:04Z</time></trkpt><trkpt lat="46.538177" lon="12.135847"><ele>1213.583</ele><time>2014-09-28T09:03:07Z</time></trkpt><trkpt lat="46.538225" lon="12.135777"><ele>1213.310</ele><time>2014-09-28T09:03:12Z</time></trkpt><trkpt lat="46.538233" lon="12.135771"><ele>1213.354</ele><time>2014-09-28T09:03:13Z</time></trkpt><trkpt lat="46.538266" lon="12.135733"><ele>1213.167</ele><time>2014-09-28T09:03:17Z</time></trkpt><trkpt lat="46.538274" lon="12.135726"><ele>1213.155</ele><time>2014-09-28T09:03:18Z</time></trkpt><trkpt lat="46.538315" lon="12.135685"><ele>1212.907</ele><time>2014-09-28T09:03:22Z</time></trkpt><trkpt lat="46.538326" lon="12.135669"><ele>1212.817</ele><time>2014-09-28T09:03:26Z</time></trkpt><trkpt lat="46.538350" lon="12.135668"><ele>1212.908</ele><time>2014-09-28T09:03:27Z</time></trkpt><trkpt lat="46.538393" lon="12.135632"><ele>1212.946</ele><time>2014-09-28T09:03:30Z</time></trkpt><trkpt lat="46.538407" lon="12.135609"><ele>1212.828</ele><time>2014-09-28T09:03:31Z</time></trkpt><trkpt lat="46.538431" lon="12.135599"><ele>1212.932</ele><time>2014-09-28T09:03:32Z</time></trkpt><trkpt lat="46.538449" lon="12.135591"><ele>1213.087</ele><time>2014-09-28T09:03:35Z</time></trkpt><trkpt lat="46.538457" lon="12.135555"><ele>1212.915</ele><time>2014-09-28T09:03:37Z</time></trkpt><trkpt lat="46.538478" lon="12.135529"><ele>1212.942</ele><time>2014-09-28T09:03:39Z</time></trkpt><trkpt lat="46.538525" lon="12.135486"><ele>1213.046</ele><time>2014-09-28T09:03:44Z</time></trkpt><trkpt lat="46.538548" lon="12.135453"><ele>1212.979</ele><time>2014-09-28T09:03:47Z</time></trkpt><trkpt lat="46.538569" lon="12.135422"><ele>1212.874</ele><time>2014-09-28T09:03:49Z</time></trkpt><trkpt lat="46.538587" lon="12.135401"><ele>1212.856</ele><time>2014-09-28T09:03:53Z</time></trkpt><trkpt lat="46.538607" lon="12.135387"><ele>1212.821</ele><time>2014-09-28T09:03:54Z</time></trkpt><trkpt lat="46.538603" lon="12.135409"><ele>1212.908</ele><time>2014-09-28T09:03:58Z</time></trkpt><trkpt lat="46.538676" lon="12.135384"><ele>1213.148</ele><time>2014-09-28T09:04:01Z</time></trkpt><trkpt lat="46.538680" lon="12.135380"><ele>1213.150</ele><time>2014-09-28T09:04:03Z</time></trkpt><trkpt lat="46.538710" lon="12.135349"><ele>1213.154</ele><time>2014-09-28T09:04:05Z</time></trkpt><trkpt lat="46.538740" lon="12.135322"><ele>1213.279</ele><time>2014-09-28T09:04:07Z</time></trkpt><trkpt lat="46.538795" lon="12.135295"><ele>1213.457</ele><time>2014-09-28T09:04:12Z</time></trkpt><trkpt lat="46.538804" lon="12.135285"><ele>1213.424</ele><time>2014-09-28T09:04:13Z</time></trkpt><trkpt lat="46.538848" lon="12.135255"><ele>1213.668</ele><time>2014-09-28T09:04:17Z</time></trkpt><trkpt lat="46.538861" lon="12.135247"><ele>1213.721</ele><time>2014-09-28T09:04:18Z</time></trkpt><trkpt lat="46.538956" lon="12.135168"><ele>1214.111</ele><time>2014-09-28T09:04:24Z</time></trkpt><trkpt lat="46.538989" lon="12.135120"><ele>1214.221</ele><time>2014-09-28T09:04:26Z</time></trkpt><trkpt lat="46.539030" lon="12.135073"><ele>1214.303</ele><time>2014-09-28T09:04:30Z</time></trkpt><trkpt lat="46.539083" lon="12.135051"><ele>1214.608</ele><time>2014-09-28T09:04:35Z</time></trkpt><trkpt lat="46.539152" lon="12.135006"><ele>1214.982</ele><time>2014-09-28T09:04:40Z</time></trkpt><trkpt lat="46.539242" lon="12.134965"><ele>1215.014</ele><time>2014-09-28T09:04:46Z</time></trkpt><trkpt lat="46.539286" lon="12.134911"><ele>1214.888</ele><time>2014-09-28T09:04:51Z</time></trkpt><trkpt lat="46.539349" lon="12.134886"><ele>1214.893</ele><time>2014-09-28T09:04:56Z</time></trkpt><trkpt lat="46.539448" lon="12.134840"><ele>1214.991</ele><time>2014-09-28T09:05:01Z</time></trkpt><trkpt lat="46.539501" lon="12.134837"><ele>1214.998</ele><time>2014-09-28T09:05:05Z</time></trkpt><trkpt lat="46.539532" lon="12.134821"><ele>1214.952</ele><time>2014-09-28T09:05:09Z</time></trkpt><trkpt lat="46.539600" lon="12.134785"><ele>1214.995</ele><time>2014-09-28T09:05:13Z</time></trkpt><trkpt lat="46.539663" lon="12.134774"><ele>1215.045</ele><time>2014-09-28T09:05:18Z</time></trkpt><trkpt lat="46.539754" lon="12.134748"><ele>1215.247</ele><time>2014-09-28T09:05:24Z</time></trkpt><trkpt lat="46.539772" lon="12.134750"><ele>1215.311</ele><time>2014-09-28T09:05:25Z</time></trkpt><trkpt lat="46.539845" lon="12.134750"><ele>1215.508</ele><time>2014-09-28T09:05:30Z</time></trkpt><trkpt lat="46.539955" lon="12.134753"><ele>1215.985</ele><time>2014-09-28T09:05:37Z</time></trkpt><trkpt lat="46.540092" lon="12.134790"><ele>1216.367</ele><time>2014-09-28T09:05:46Z</time></trkpt><trkpt lat="46.540163" lon="12.134832"><ele>1216.651</ele><time>2014-09-28T09:05:51Z</time></trkpt><trkpt lat="46.540172" lon="12.134858"><ele>1216.836</ele><time>2014-09-28T09:05:52Z</time></trkpt><trkpt lat="46.540191" lon="12.134881"><ele>1217.034</ele><time>2014-09-28T09:05:54Z</time></trkpt><trkpt lat="46.540233" lon="12.134945"><ele>1217.591</ele><time>2014-09-28T09:05:58Z</time></trkpt><trkpt lat="46.540289" lon="12.134976"><ele>1217.825</ele><time>2014-09-28T09:06:02Z</time></trkpt><trkpt lat="46.540301" lon="12.134985"><ele>1217.948</ele><time>2014-09-28T09:06:03Z</time></trkpt><trkpt lat="46.540338" lon="12.135024"><ele>1218.144</ele><time>2014-09-28T09:06:07Z</time></trkpt><trkpt lat="46.540351" lon="12.135022"><ele>1218.105</ele><time>2014-09-28T09:06:08Z</time></trkpt><trkpt lat="46.540387" lon="12.135044"><ele>1218.215</ele><time>2014-09-28T09:06:13Z</time></trkpt><trkpt lat="46.540422" lon="12.135065"><ele>1218.208</ele><time>2014-09-28T09:06:16Z</time></trkpt><trkpt lat="46.540462" lon="12.135075"><ele>1218.325</ele><time>2014-09-28T09:06:19Z</time></trkpt><trkpt lat="46.540530" lon="12.135114"><ele>1218.457</ele><time>2014-09-28T09:06:23Z</time></trkpt><trkpt lat="46.540534" lon="12.135155"><ele>1218.641</ele><time>2014-09-28T09:06:25Z</time></trkpt><trkpt lat="46.540529" lon="12.135177"><ele>1218.686</ele><time>2014-09-28T09:06:26Z</time></trkpt><trkpt lat="46.540529" lon="12.135199"><ele>1218.794</ele><time>2014-09-28T09:06:27Z</time></trkpt><trkpt lat="46.540552" lon="12.135307"><ele>1219.391</ele><time>2014-09-28T09:06:32Z</time></trkpt><trkpt lat="46.540556" lon="12.135328"><ele>1219.525</ele><time>2014-09-28T09:06:33Z</time></trkpt><trkpt lat="46.540563" lon="12.135418"><ele>1220.548</ele><time>2014-09-28T09:06:37Z</time></trkpt><trkpt lat="46.540568" lon="12.135430"><ele>1220.739</ele><time>2014-09-28T09:06:38Z</time></trkpt><trkpt lat="46.540571" lon="12.135492"><ele>1221.301</ele><time>2014-09-28T09:06:42Z</time></trkpt><trkpt lat="46.540574" lon="12.135505"><ele>1221.521</ele><time>2014-09-28T09:06:43Z</time></trkpt><trkpt lat="46.540555" lon="12.135605"><ele>1222.508</ele><time>2014-09-28T09:06:48Z</time></trkpt><trkpt lat="46.540533" lon="12.135676"><ele>1223.224</ele><time>2014-09-28T09:06:52Z</time></trkpt><trkpt lat="46.540509" lon="12.135737"><ele>1223.736</ele><time>2014-09-28T09:06:56Z</time></trkpt><trkpt lat="46.540450" lon="12.135834"><ele>1224.230</ele><time>2014-09-28T09:07:02Z</time></trkpt><trkpt lat="46.540383" lon="12.135931"><ele>1224.745</ele><time>2014-09-28T09:07:09Z</time></trkpt><trkpt lat="46.540347" lon="12.135962"><ele>1224.843</ele><time>2014-09-28T09:07:11Z</time></trkpt><trkpt lat="46.540281" lon="12.136027"><ele>1225.120</ele><time>2014-09-28T09:07:16Z</time></trkpt><trkpt lat="46.540212" lon="12.136099"><ele>1225.654</ele><time>2014-09-28T09:07:22Z</time></trkpt><trkpt lat="46.540193" lon="12.136123"><ele>1225.887</ele><time>2014-09-28T09:07:24Z</time></trkpt><trkpt lat="46.540177" lon="12.136135"><ele>1225.849</ele><time>2014-09-28T09:07:26Z</time></trkpt><trkpt lat="46.540151" lon="12.136183"><ele>1226.102</ele><time>2014-09-28T09:07:30Z</time></trkpt><trkpt lat="46.540150" lon="12.136208"><ele>1226.222</ele><time>2014-09-28T09:07:31Z</time></trkpt><trkpt lat="46.540157" lon="12.136242"><ele>1226.508</ele><time>2014-09-28T09:07:34Z</time></trkpt><trkpt lat="46.540152" lon="12.136243"><ele>1226.585</ele><time>2014-09-28T09:07:36Z</time></trkpt><trkpt lat="46.540150" lon="12.136305"><ele>1226.977</ele><time>2014-09-28T09:07:38Z</time></trkpt><trkpt lat="46.540169" lon="12.136317"><ele>1227.141</ele><time>2014-09-28T09:07:41Z</time></trkpt><trkpt lat="46.540180" lon="12.136302"><ele>1227.066</ele><time>2014-09-28T09:07:42Z</time></trkpt><trkpt lat="46.540218" lon="12.136263"><ele>1226.934</ele><time>2014-09-28T09:07:46Z</time></trkpt><trkpt lat="46.540257" lon="12.136203"><ele>1226.691</ele><time>2014-09-28T09:07:52Z</time></trkpt><trkpt lat="46.540327" lon="12.136135"><ele>1226.415</ele><time>2014-09-28T09:07:58Z</time></trkpt><trkpt lat="46.540412" lon="12.136056"><ele>1226.028</ele><time>2014-09-28T09:08:04Z</time></trkpt><trkpt lat="46.540500" lon="12.135989"><ele>1225.863</ele><time>2014-09-28T09:08:11Z</time></trkpt><trkpt lat="46.540538" lon="12.135983"><ele>1226.044</ele><time>2014-09-28T09:08:14Z</time></trkpt><trkpt lat="46.540583" lon="12.135972"><ele>1226.118</ele><time>2014-09-28T09:08:17Z</time></trkpt><trkpt lat="46.540634" lon="12.135952"><ele>1226.108</ele><time>2014-09-28T09:08:21Z</time></trkpt><trkpt lat="46.540665" lon="12.135956"><ele>1226.227</ele><time>2014-09-28T09:08:23Z</time></trkpt><trkpt lat="46.540748" lon="12.135967"><ele>1226.649</ele><time>2014-09-28T09:08:29Z</time></trkpt><trkpt lat="46.540784" lon="12.135984"><ele>1227.073</ele><time>2014-09-28T09:08:31Z</time></trkpt><trkpt lat="46.540844" lon="12.136003"><ele>1227.538</ele><time>2014-09-28T09:08:36Z</time></trkpt><trkpt lat="46.540871" lon="12.136014"><ele>1227.896</ele><time>2014-09-28T09:08:38Z</time></trkpt><trkpt lat="46.540911" lon="12.136010"><ele>1227.963</ele><time>2014-09-28T09:08:41Z</time></trkpt><trkpt lat="46.540937" lon="12.136020"><ele>1228.247</ele><time>2014-09-28T09:08:42Z</time></trkpt><trkpt lat="46.540998" lon="12.136059"><ele>1229.080</ele><time>2014-09-28T09:08:46Z</time></trkpt><trkpt lat="46.541009" lon="12.136080"><ele>1229.366</ele><time>2014-09-28T09:08:47Z</time></trkpt><trkpt lat="46.541035" lon="12.136095"><ele>1229.529</ele><time>2014-09-28T09:08:49Z</time></trkpt><trkpt lat="46.541081" lon="12.136112"><ele>1229.921</ele><time>2014-09-28T09:08:52Z</time></trkpt><trkpt lat="46.541128" lon="12.136166"><ele>1230.308</ele><time>2014-09-28T09:08:56Z</time></trkpt><trkpt lat="46.541201" lon="12.136175"><ele>1230.137</ele><time>2014-09-28T09:09:00Z</time></trkpt><trkpt lat="46.541246" lon="12.136203"><ele>1230.229</ele><time>2014-09-28T09:09:03Z</time></trkpt><trkpt lat="46.541313" lon="12.136280"><ele>1230.583</ele><time>2014-09-28T09:09:09Z</time></trkpt><trkpt lat="46.541385" lon="12.136353"><ele>1230.868</ele><time>2014-09-28T09:09:16Z</time></trkpt><trkpt lat="46.541462" lon="12.136439"><ele>1231.246</ele><time>2014-09-28T09:09:23Z</time></trkpt><trkpt lat="46.541466" lon="12.136456"><ele>1231.393</ele><time>2014-09-28T09:09:24Z</time></trkpt><trkpt lat="46.541513" lon="12.136507"><ele>1231.497</ele><time>2014-09-28T09:09:28Z</time></trkpt><trkpt lat="46.541564" lon="12.136579"><ele>1231.660</ele><time>2014-09-28T09:09:34Z</time></trkpt><trkpt lat="46.541645" lon="12.136634"><ele>1231.129</ele><time>2014-09-28T09:09:40Z</time></trkpt><trkpt lat="46.541715" lon="12.136683"><ele>1231.000</ele><time>2014-09-28T09:09:46Z</time></trkpt><trkpt lat="46.541805" lon="12.136756"><ele>1231.520</ele><time>2014-09-28T09:09:53Z</time></trkpt><trkpt lat="46.541902" lon="12.136816"><ele>1231.808</ele><time>2014-09-28T09:10:00Z</time></trkpt><trkpt lat="46.541999" lon="12.136840"><ele>1232.183</ele><time>2014-09-28T09:10:07Z</time></trkpt><trkpt lat="46.542015" lon="12.136841"><ele>1232.125</ele><time>2014-09-28T09:10:08Z</time></trkpt><trkpt lat="46.542121" lon="12.136855"><ele>1232.719</ele><time>2014-09-28T09:10:16Z</time></trkpt><trkpt lat="46.542137" lon="12.136842"><ele>1232.654</ele><time>2014-09-28T09:10:17Z</time></trkpt><trkpt lat="46.542195" lon="12.136829"><ele>1232.782</ele><time>2014-09-28T09:10:21Z</time></trkpt><trkpt lat="46.542269" lon="12.136806"><ele>1233.099</ele><time>2014-09-28T09:10:27Z</time></trkpt><trkpt lat="46.542353" lon="12.136758"><ele>1233.423</ele><time>2014-09-28T09:10:34Z</time></trkpt><trkpt lat="46.542378" lon="12.136750"><ele>1233.616</ele><time>2014-09-28T09:10:36Z</time></trkpt><trkpt lat="46.542409" lon="12.136720"><ele>1233.678</ele><time>2014-09-28T09:10:39Z</time></trkpt><trkpt lat="46.542482" lon="12.136680"><ele>1234.033</ele><time>2014-09-28T09:10:45Z</time></trkpt><trkpt lat="46.542556" lon="12.136667"><ele>1234.226</ele><time>2014-09-28T09:10:50Z</time></trkpt><trkpt lat="46.542648" lon="12.136651"><ele>1234.308</ele><time>2014-09-28T09:10:56Z</time></trkpt><trkpt lat="46.542663" lon="12.136651"><ele>1234.468</ele><time>2014-09-28T09:10:57Z</time></trkpt><trkpt lat="46.542740" lon="12.136662"><ele>1234.860</ele><time>2014-09-28T09:11:03Z</time></trkpt><trkpt lat="46.542814" lon="12.136690"><ele>1235.334</ele><time>2014-09-28T09:11:09Z</time></trkpt><trkpt lat="46.542921" lon="12.136721"><ele>1235.739</ele><time>2014-09-28T09:11:16Z</time></trkpt><trkpt lat="46.542988" lon="12.136728"><ele>1235.817</ele><time>2014-09-28T09:11:21Z</time></trkpt><trkpt lat="46.543102" lon="12.136799"><ele>1236.684</ele><time>2014-09-28T09:11:29Z</time></trkpt><trkpt lat="46.543183" lon="12.136872"><ele>1237.068</ele><time>2014-09-28T09:11:36Z</time></trkpt><trkpt lat="46.543291" lon="12.136956"><ele>1237.541</ele><time>2014-09-28T09:11:44Z</time></trkpt><trkpt lat="46.543333" lon="12.137001"><ele>1238.066</ele><time>2014-09-28T09:11:47Z</time></trkpt><trkpt lat="46.543346" lon="12.137004"><ele>1237.929</ele><time>2014-09-28T09:11:48Z</time></trkpt><trkpt lat="46.543367" lon="12.137023"><ele>1238.121</ele><time>2014-09-28T09:11:50Z</time></trkpt><trkpt lat="46.543439" lon="12.137087"><ele>1238.408</ele><time>2014-09-28T09:11:57Z</time></trkpt><trkpt lat="46.543503" lon="12.137144"><ele>1238.867</ele><time>2014-09-28T09:12:03Z</time></trkpt><trkpt lat="46.543562" lon="12.137192"><ele>1239.039</ele><time>2014-09-28T09:12:08Z</time></trkpt><trkpt lat="46.543651" lon="12.137258"><ele>1239.313</ele><time>2014-09-28T09:12:15Z</time></trkpt><trkpt lat="46.543665" lon="12.137266"><ele>1239.238</ele><time>2014-09-28T09:12:16Z</time></trkpt><trkpt lat="46.543764" lon="12.137309"><ele>1238.556</ele><time>2014-09-28T09:12:23Z</time></trkpt><trkpt lat="46.543872" lon="12.137366"><ele>1237.453</ele><time>2014-09-28T09:12:31Z</time></trkpt><trkpt lat="46.543933" lon="12.137388"><ele>1237.497</ele><time>2014-09-28T09:12:36Z</time></trkpt><trkpt lat="46.543946" lon="12.137397"><ele>1237.540</ele><time>2014-09-28T09:12:37Z</time></trkpt><trkpt lat="46.544018" lon="12.137379"><ele>1237.472</ele><time>2014-09-28T09:12:42Z</time></trkpt><trkpt lat="46.544061" lon="12.137387"><ele>1237.513</ele><time>2014-09-28T09:12:45Z</time></trkpt><trkpt lat="46.544106" lon="12.137384"><ele>1237.514</ele><time>2014-09-28T09:12:48Z</time></trkpt><trkpt lat="46.544203" lon="12.137382"><ele>1238.008</ele><time>2014-09-28T09:12:55Z</time></trkpt><trkpt lat="46.544284" lon="12.137364"><ele>1238.838</ele><time>2014-09-28T09:13:01Z</time></trkpt><trkpt lat="46.544294" lon="12.137356"><ele>1238.920</ele><time>2014-09-28T09:13:02Z</time></trkpt><trkpt lat="46.544340" lon="12.137344"><ele>1239.384</ele><time>2014-09-28T09:13:07Z</time></trkpt><trkpt lat="46.544385" lon="12.137327"><ele>1239.789</ele><time>2014-09-28T09:13:10Z</time></trkpt><trkpt lat="46.544417" lon="12.137314"><ele>1240.087</ele><time>2014-09-28T09:13:12Z</time></trkpt><trkpt lat="46.544467" lon="12.137280"><ele>1240.444</ele><time>2014-09-28T09:13:15Z</time></trkpt><trkpt lat="46.544528" lon="12.137242"><ele>1240.788</ele><time>2014-09-28T09:13:19Z</time></trkpt><trkpt lat="46.544627" lon="12.137208"><ele>1241.261</ele><time>2014-09-28T09:13:25Z</time></trkpt><trkpt lat="46.544673" lon="12.137180"><ele>1241.471</ele><time>2014-09-28T09:13:29Z</time></trkpt><trkpt lat="46.544718" lon="12.137148"><ele>1241.441</ele><time>2014-09-28T09:13:32Z</time></trkpt><trkpt lat="46.544778" lon="12.137107"><ele>1241.615</ele><time>2014-09-28T09:13:36Z</time></trkpt><trkpt lat="46.544830" lon="12.137065"><ele>1241.608</ele><time>2014-09-28T09:13:40Z</time></trkpt><trkpt lat="46.544843" lon="12.137039"><ele>1241.618</ele><time>2014-09-28T09:13:42Z</time></trkpt><trkpt lat="46.544887" lon="12.137001"><ele>1241.680</ele><time>2014-09-28T09:13:45Z</time></trkpt><trkpt lat="46.544899" lon="12.137002"><ele>1241.754</ele><time>2014-09-28T09:13:46Z</time></trkpt><trkpt lat="46.544922" lon="12.136997"><ele>1241.859</ele><time>2014-09-28T09:13:48Z</time></trkpt><trkpt lat="46.544982" lon="12.136973"><ele>1242.197</ele><time>2014-09-28T09:13:52Z</time></trkpt><trkpt lat="46.544994" lon="12.136967"><ele>1242.174</ele><time>2014-09-28T09:13:53Z</time></trkpt><trkpt lat="46.545008" lon="12.136946"><ele>1242.118</ele><time>2014-09-28T09:13:54Z</time></trkpt><trkpt lat="46.545053" lon="12.136954"><ele>1242.571</ele><time>2014-09-28T09:13:57Z</time></trkpt><trkpt lat="46.545076" lon="12.136940"><ele>1242.582</ele><time>2014-09-28T09:13:59Z</time></trkpt><trkpt lat="46.545119" lon="12.136911"><ele>1242.643</ele><time>2014-09-28T09:14:02Z</time></trkpt><trkpt lat="46.545172" lon="12.136889"><ele>1242.717</ele><time>2014-09-28T09:14:07Z</time></trkpt><trkpt lat="46.545280" lon="12.136836"><ele>1242.808</ele><time>2014-09-28T09:14:16Z</time></trkpt><trkpt lat="46.545374" lon="12.136782"><ele>1242.769</ele><time>2014-09-28T09:14:25Z</time></trkpt><trkpt lat="46.545448" lon="12.136735"><ele>1242.741</ele><time>2014-09-28T09:14:32Z</time></trkpt><trkpt lat="46.545495" lon="12.136679"><ele>1242.625</ele><time>2014-09-28T09:14:37Z</time></trkpt><trkpt lat="46.545506" lon="12.136675"><ele>1242.780</ele><time>2014-09-28T09:14:38Z</time></trkpt><trkpt lat="46.545586" lon="12.136620"><ele>1243.138</ele><time>2014-09-28T09:14:45Z</time></trkpt><trkpt lat="46.545594" lon="12.136601"><ele>1243.145</ele><time>2014-09-28T09:14:46Z</time></trkpt><trkpt lat="46.545642" lon="12.136537"><ele>1243.579</ele><time>2014-09-28T09:14:51Z</time></trkpt><trkpt lat="46.545721" lon="12.136441"><ele>1244.262</ele><time>2014-09-28T09:14:59Z</time></trkpt><trkpt lat="46.545804" lon="12.136354"><ele>1245.281</ele><time>2014-09-28T09:15:08Z</time></trkpt><trkpt lat="46.545841" lon="12.136276"><ele>1245.361</ele><time>2014-09-28T09:15:13Z</time></trkpt><trkpt lat="46.545867" lon="12.136226"><ele>1245.417</ele><time>2014-09-28T09:15:16Z</time></trkpt><trkpt lat="46.545936" lon="12.136098"><ele>1245.808</ele><time>2014-09-28T09:15:25Z</time></trkpt><trkpt lat="46.545998" lon="12.135977"><ele>1246.519</ele><time>2014-09-28T09:15:34Z</time></trkpt><trkpt lat="46.546070" lon="12.135805"><ele>1247.161</ele><time>2014-09-28T09:15:45Z</time></trkpt><trkpt lat="46.546143" lon="12.135635"><ele>1247.755</ele><time>2014-09-28T09:15:54Z</time></trkpt><trkpt lat="46.546180" lon="12.135527"><ele>1247.920</ele><time>2014-09-28T09:16:00Z</time></trkpt><trkpt lat="46.546190" lon="12.135495"><ele>1247.968</ele><time>2014-09-28T09:16:02Z</time></trkpt><trkpt lat="46.546234" lon="12.135450"><ele>1248.225</ele><time>2014-09-28T09:16:05Z</time></trkpt><trkpt lat="46.546282" lon="12.135378"><ele>1248.449</ele><time>2014-09-28T09:16:10Z</time></trkpt><trkpt lat="46.546327" lon="12.135295"><ele>1248.462</ele><time>2014-09-28T09:16:15Z</time></trkpt><trkpt lat="46.546327" lon="12.135279"><ele>1248.346</ele><time>2014-09-28T09:16:16Z</time></trkpt><trkpt lat="46.546370" lon="12.135217"><ele>1248.488</ele><time>2014-09-28T09:16:20Z</time></trkpt><trkpt lat="46.546396" lon="12.135167"><ele>1248.316</ele><time>2014-09-28T09:16:23Z</time></trkpt><trkpt lat="46.546441" lon="12.135081"><ele>1248.108</ele><time>2014-09-28T09:16:28Z</time></trkpt><trkpt lat="46.546504" lon="12.134984"><ele>1248.235</ele><time>2014-09-28T09:16:35Z</time></trkpt><trkpt lat="46.546559" lon="12.134907"><ele>1248.777</ele><time>2014-09-28T09:16:41Z</time></trkpt><trkpt lat="46.546592" lon="12.134843"><ele>1249.071</ele><time>2014-09-28T09:16:45Z</time></trkpt><trkpt lat="46.546610" lon="12.134834"><ele>1249.376</ele><time>2014-09-28T09:16:47Z</time></trkpt><trkpt lat="46.546631" lon="12.134808"><ele>1249.524</ele><time>2014-09-28T09:16:49Z</time></trkpt><trkpt lat="46.546675" lon="12.134761"><ele>1250.181</ele><time>2014-09-28T09:16:53Z</time></trkpt><trkpt lat="46.546688" lon="12.134749"><ele>1250.275</ele><time>2014-09-28T09:16:54Z</time></trkpt><trkpt lat="46.546762" lon="12.134649"><ele>1250.888</ele><time>2014-09-28T09:17:01Z</time></trkpt><trkpt lat="46.546855" lon="12.134568"><ele>1251.374</ele><time>2014-09-28T09:17:09Z</time></trkpt><trkpt lat="46.546952" lon="12.134485"><ele>1251.356</ele><time>2014-09-28T09:17:17Z</time></trkpt><trkpt lat="46.547058" lon="12.134432"><ele>1251.221</ele><time>2014-09-28T09:17:25Z</time></trkpt><trkpt lat="46.547196" lon="12.134367"><ele>1250.808</ele><time>2014-09-28T09:17:35Z</time></trkpt><trkpt lat="46.547313" lon="12.134304"><ele>1250.528</ele><time>2014-09-28T09:17:44Z</time></trkpt><trkpt lat="46.547408" lon="12.134265"><ele>1250.520</ele><time>2014-09-28T09:17:51Z</time></trkpt><trkpt lat="46.547550" lon="12.134213"><ele>1250.924</ele><time>2014-09-28T09:18:01Z</time></trkpt><trkpt lat="46.547671" lon="12.134188"><ele>1251.529</ele><time>2014-09-28T09:18:10Z</time></trkpt><trkpt lat="46.547773" lon="12.134164"><ele>1251.917</ele><time>2014-09-28T09:18:17Z</time></trkpt><trkpt lat="46.547860" lon="12.134142"><ele>1252.454</ele><time>2014-09-28T09:18:23Z</time></trkpt><trkpt lat="46.547873" lon="12.134134"><ele>1252.558</ele><time>2014-09-28T09:18:24Z</time></trkpt><trkpt lat="46.547978" lon="12.134096"><ele>1252.971</ele><time>2014-09-28T09:18:32Z</time></trkpt><trkpt lat="46.548044" lon="12.134090"><ele>1253.428</ele><time>2014-09-28T09:18:38Z</time></trkpt><trkpt lat="46.548064" lon="12.134079"><ele>1253.589</ele><time>2014-09-28T09:18:40Z</time></trkpt><trkpt lat="46.548089" lon="12.134066"><ele>1253.717</ele><time>2014-09-28T09:18:42Z</time></trkpt><trkpt lat="46.548153" lon="12.134015"><ele>1253.908</ele><time>2014-09-28T09:18:46Z</time></trkpt><trkpt lat="46.548163" lon="12.134008"><ele>1254.043</ele><time>2014-09-28T09:18:47Z</time></trkpt><trkpt lat="46.548243" lon="12.133982"><ele>1254.585</ele><time>2014-09-28T09:18:52Z</time></trkpt><trkpt lat="46.548292" lon="12.133953"><ele>1254.649</ele><time>2014-09-28T09:18:55Z</time></trkpt><trkpt lat="46.548374" lon="12.133903"><ele>1254.524</ele><time>2014-09-28T09:19:00Z</time></trkpt><trkpt lat="46.548470" lon="12.133826"><ele>1254.222</ele><time>2014-09-28T09:19:06Z</time></trkpt><trkpt lat="46.548533" lon="12.133771"><ele>1254.239</ele><time>2014-09-28T09:19:11Z</time></trkpt><trkpt lat="46.548654" lon="12.133638"><ele>1254.573</ele><time>2014-09-28T09:19:21Z</time></trkpt><trkpt lat="46.548713" lon="12.133561"><ele>1255.246</ele><time>2014-09-28T09:19:27Z</time></trkpt><trkpt lat="46.548771" lon="12.133467"><ele>1256.542</ele><time>2014-09-28T09:19:34Z</time></trkpt><trkpt lat="46.548798" lon="12.133386"><ele>1257.522</ele><time>2014-09-28T09:19:39Z</time></trkpt><trkpt lat="46.548828" lon="12.133304"><ele>1258.414</ele><time>2014-09-28T09:19:44Z</time></trkpt><trkpt lat="46.548869" lon="12.133234"><ele>1258.808</ele><time>2014-09-28T09:19:48Z</time></trkpt><trkpt lat="46.548880" lon="12.133220"><ele>1258.955</ele><time>2014-09-28T09:19:49Z</time></trkpt><trkpt lat="46.548934" lon="12.133164"><ele>1259.817</ele><time>2014-09-28T09:19:53Z</time></trkpt><trkpt lat="46.548973" lon="12.133130"><ele>1260.461</ele><time>2014-09-28T09:19:56Z</time></trkpt><trkpt lat="46.549001" lon="12.133094"><ele>1260.736</ele><time>2014-09-28T09:19:58Z</time></trkpt><trkpt lat="46.549056" lon="12.132981"><ele>1260.734</ele><time>2014-09-28T09:20:04Z</time></trkpt><trkpt lat="46.549101" lon="12.132893"><ele>1260.471</ele><time>2014-09-28T09:20:09Z</time></trkpt><trkpt lat="46.549123" lon="12.132839"><ele>1260.275</ele><time>2014-09-28T09:20:12Z</time></trkpt><trkpt lat="46.549141" lon="12.132802"><ele>1260.098</ele><time>2014-09-28T09:20:14Z</time></trkpt><trkpt lat="46.549147" lon="12.132790"><ele>1259.982</ele><time>2014-09-28T09:20:15Z</time></trkpt><trkpt lat="46.549212" lon="12.132615"><ele>1258.843</ele><time>2014-09-28T09:20:25Z</time></trkpt><trkpt lat="46.549262" lon="12.132445"><ele>1257.817</ele><time>2014-09-28T09:20:34Z</time></trkpt><trkpt lat="46.549288" lon="12.132369"><ele>1258.008</ele><time>2014-09-28T09:20:38Z</time></trkpt><trkpt lat="46.549320" lon="12.132292"><ele>1258.459</ele><time>2014-09-28T09:20:43Z</time></trkpt><trkpt lat="46.549388" lon="12.132147"><ele>1259.311</ele><time>2014-09-28T09:20:52Z</time></trkpt><trkpt lat="46.549437" lon="12.132079"><ele>1259.885</ele><time>2014-09-28T09:20:57Z</time></trkpt><trkpt lat="46.549451" lon="12.132055"><ele>1259.990</ele><time>2014-09-28T09:20:59Z</time></trkpt><trkpt lat="46.549479" lon="12.132023"><ele>1260.068</ele><time>2014-09-28T09:21:02Z</time></trkpt><trkpt lat="46.549529" lon="12.131935"><ele>1260.235</ele><time>2014-09-28T09:21:08Z</time></trkpt><trkpt lat="46.549539" lon="12.131928"><ele>1260.329</ele><time>2014-09-28T09:21:09Z</time></trkpt><trkpt lat="46.549593" lon="12.131817"><ele>1260.542</ele><time>2014-09-28T09:21:15Z</time></trkpt><trkpt lat="46.549634" lon="12.131735"><ele>1260.767</ele><time>2014-09-28T09:21:20Z</time></trkpt><trkpt lat="46.549642" lon="12.131719"><ele>1260.881</ele><time>2014-09-28T09:21:21Z</time></trkpt><trkpt lat="46.549665" lon="12.131674"><ele>1261.019</ele><time>2014-09-28T09:21:24Z</time></trkpt><trkpt lat="46.549672" lon="12.131654"><ele>1261.008</ele><time>2014-09-28T09:21:25Z</time></trkpt><trkpt lat="46.549688" lon="12.131624"><ele>1261.127</ele><time>2014-09-28T09:21:27Z</time></trkpt><trkpt lat="46.549701" lon="12.131586"><ele>1261.159</ele><time>2014-09-28T09:21:29Z</time></trkpt><trkpt lat="46.549737" lon="12.131504"><ele>1261.133</ele><time>2014-09-28T09:21:34Z</time></trkpt><trkpt lat="46.549812" lon="12.131345"><ele>1261.858</ele><time>2014-09-28T09:21:44Z</time></trkpt><trkpt lat="46.549887" lon="12.131246"><ele>1262.936</ele><time>2014-09-28T09:21:52Z</time></trkpt><trkpt lat="46.549946" lon="12.131174"><ele>1263.693</ele><time>2014-09-28T09:21:57Z</time></trkpt><trkpt lat="46.550012" lon="12.131116"><ele>1264.277</ele><time>2014-09-28T09:22:01Z</time></trkpt><trkpt lat="46.550037" lon="12.131084"><ele>1264.450</ele><time>2014-09-28T09:22:03Z</time></trkpt><trkpt lat="46.550095" lon="12.131034"><ele>1264.959</ele><time>2014-09-28T09:22:07Z</time></trkpt><trkpt lat="46.550110" lon="12.131016"><ele>1265.003</ele><time>2014-09-28T09:22:09Z</time></trkpt><trkpt lat="46.550146" lon="12.130980"><ele>1265.123</ele><time>2014-09-28T09:22:12Z</time></trkpt><trkpt lat="46.550197" lon="12.130936"><ele>1265.308</ele><time>2014-09-28T09:22:16Z</time></trkpt><trkpt lat="46.550234" lon="12.130904"><ele>1265.476</ele><time>2014-09-28T09:22:19Z</time></trkpt><trkpt lat="46.550315" lon="12.130857"><ele>1265.478</ele><time>2014-09-28T09:22:25Z</time></trkpt><trkpt lat="46.550349" lon="12.130850"><ele>1265.412</ele><time>2014-09-28T09:22:28Z</time></trkpt><trkpt lat="46.550373" lon="12.130836"><ele>1265.417</ele><time>2014-09-28T09:22:30Z</time></trkpt><trkpt lat="46.550431" lon="12.130817"><ele>1265.455</ele><time>2014-09-28T09:22:34Z</time></trkpt><trkpt lat="46.550489" lon="12.130801"><ele>1265.572</ele><time>2014-09-28T09:22:38Z</time></trkpt><trkpt lat="46.550558" lon="12.130785"><ele>1265.656</ele><time>2014-09-28T09:22:43Z</time></trkpt><trkpt lat="46.550640" lon="12.130792"><ele>1265.639</ele><time>2014-09-28T09:22:49Z</time></trkpt><trkpt lat="46.550653" lon="12.130806"><ele>1265.734</ele><time>2014-09-28T09:22:50Z</time></trkpt><trkpt lat="46.550712" lon="12.130813"><ele>1265.855</ele><time>2014-09-28T09:22:54Z</time></trkpt><trkpt lat="46.550831" lon="12.130828"><ele>1265.910</ele><time>2014-09-28T09:23:02Z</time></trkpt><trkpt lat="46.550903" lon="12.130841"><ele>1266.308</ele><time>2014-09-28T09:23:07Z</time></trkpt><trkpt lat="46.550978" lon="12.130844"><ele>1266.624</ele><time>2014-09-28T09:23:12Z</time></trkpt><trkpt lat="46.551084" lon="12.130870"><ele>1266.916</ele><time>2014-09-28T09:23:19Z</time></trkpt><trkpt lat="46.551209" lon="12.130881"><ele>1267.810</ele><time>2014-09-28T09:23:28Z</time></trkpt><trkpt lat="46.551224" lon="12.130884"><ele>1268.025</ele><time>2014-09-28T09:23:29Z</time></trkpt><trkpt lat="46.551318" lon="12.130886"><ele>1268.833</ele><time>2014-09-28T09:23:36Z</time></trkpt><trkpt lat="46.551416" lon="12.130908"><ele>1269.450</ele><time>2014-09-28T09:23:43Z</time></trkpt><trkpt lat="46.551522" lon="12.130923"><ele>1269.034</ele><time>2014-09-28T09:23:51Z</time></trkpt><trkpt lat="46.551577" lon="12.130923"><ele>1268.747</ele><time>2014-09-28T09:23:56Z</time></trkpt><trkpt lat="46.551592" lon="12.130925"><ele>1268.764</ele><time>2014-09-28T09:23:57Z</time></trkpt><trkpt lat="46.551715" lon="12.130920"><ele>1268.306</ele><time>2014-09-28T09:24:06Z</time></trkpt><trkpt lat="46.551727" lon="12.130911"><ele>1268.216</ele><time>2014-09-28T09:24:07Z</time></trkpt><trkpt lat="46.551792" lon="12.130921"><ele>1268.408</ele><time>2014-09-28T09:24:12Z</time></trkpt><trkpt lat="46.551854" lon="12.130908"><ele>1268.497</ele><time>2014-09-28T09:24:17Z</time></trkpt><trkpt lat="46.551877" lon="12.130907"><ele>1268.429</ele><time>2014-09-28T09:24:19Z</time></trkpt><trkpt lat="46.551892" lon="12.130903"><ele>1268.473</ele><time>2014-09-28T09:24:20Z</time></trkpt><trkpt lat="46.551984" lon="12.130893"><ele>1268.758</ele><time>2014-09-28T09:24:26Z</time></trkpt><trkpt lat="46.552088" lon="12.130880"><ele>1269.456</ele><time>2014-09-28T09:24:33Z</time></trkpt><trkpt lat="46.552105" lon="12.130882"><ele>1269.593</ele><time>2014-09-28T09:24:34Z</time></trkpt><trkpt lat="46.552198" lon="12.130851"><ele>1270.067</ele><time>2014-09-28T09:24:40Z</time></trkpt><trkpt lat="46.552211" lon="12.130845"><ele>1270.060</ele><time>2014-09-28T09:24:41Z</time></trkpt><trkpt lat="46.552301" lon="12.130814"><ele>1270.687</ele><time>2014-09-28T09:24:47Z</time></trkpt><trkpt lat="46.552410" lon="12.130780"><ele>1271.542</ele><time>2014-09-28T09:24:55Z</time></trkpt><trkpt lat="46.552504" lon="12.130759"><ele>1272.226</ele><time>2014-09-28T09:25:01Z</time></trkpt><trkpt lat="46.552547" lon="12.130745"><ele>1272.308</ele><time>2014-09-28T09:25:04Z</time></trkpt><trkpt lat="46.552636" lon="12.130715"><ele>1272.479</ele><time>2014-09-28T09:25:10Z</time></trkpt><trkpt lat="46.552665" lon="12.130701"><ele>1272.461</ele><time>2014-09-28T09:25:12Z</time></trkpt><trkpt lat="46.552696" lon="12.130695"><ele>1272.635</ele><time>2014-09-28T09:25:14Z</time></trkpt><trkpt lat="46.552763" lon="12.130688"><ele>1272.920</ele><time>2014-09-28T09:25:19Z</time></trkpt><trkpt lat="46.552883" lon="12.130689"><ele>1273.138</ele><time>2014-09-28T09:25:28Z</time></trkpt><trkpt lat="46.552981" lon="12.130686"><ele>1273.355</ele><time>2014-09-28T09:25:35Z</time></trkpt><trkpt lat="46.553006" lon="12.130693"><ele>1273.419</ele><time>2014-09-28T09:25:37Z</time></trkpt><trkpt lat="46.553047" lon="12.130701"><ele>1273.612</ele><time>2014-09-28T09:25:40Z</time></trkpt><trkpt lat="46.553117" lon="12.130730"><ele>1274.063</ele><time>2014-09-28T09:25:45Z</time></trkpt><trkpt lat="46.553166" lon="12.130738"><ele>1274.144</ele><time>2014-09-28T09:25:48Z</time></trkpt><trkpt lat="46.553239" lon="12.130783"><ele>1274.618</ele><time>2014-09-28T09:25:54Z</time></trkpt><trkpt lat="46.553255" lon="12.130793"><ele>1274.708</ele><time>2014-09-28T09:25:55Z</time></trkpt><trkpt lat="46.553269" lon="12.130788"><ele>1274.627</ele><time>2014-09-28T09:25:56Z</time></trkpt><trkpt lat="46.553313" lon="12.130803"><ele>1274.859</ele><time>2014-09-28T09:25:59Z</time></trkpt><trkpt lat="46.553338" lon="12.130798"><ele>1274.833</ele><time>2014-09-28T09:26:01Z</time></trkpt><trkpt lat="46.553378" lon="12.130791"><ele>1274.868</ele><time>2014-09-28T09:26:04Z</time></trkpt><trkpt lat="46.553390" lon="12.130779"><ele>1274.786</ele><time>2014-09-28T09:26:05Z</time></trkpt><trkpt lat="46.553458" lon="12.130762"><ele>1274.643</ele><time>2014-09-28T09:26:10Z</time></trkpt><trkpt lat="46.553481" lon="12.130752"><ele>1274.587</ele><time>2014-09-28T09:26:12Z</time></trkpt><trkpt lat="46.553553" lon="12.130724"><ele>1274.150</ele><time>2014-09-28T09:26:17Z</time></trkpt><trkpt lat="46.553658" lon="12.130671"><ele>1273.999</ele><time>2014-09-28T09:26:25Z</time></trkpt><trkpt lat="46.553746" lon="12.130650"><ele>1275.107</ele><time>2014-09-28T09:26:32Z</time></trkpt><trkpt lat="46.553810" lon="12.130612"><ele>1275.927</ele><time>2014-09-28T09:26:37Z</time></trkpt><trkpt lat="46.553822" lon="12.130603"><ele>1276.008</ele><time>2014-09-28T09:26:38Z</time></trkpt><trkpt lat="46.553831" lon="12.130598"><ele>1276.240</ele><time>2014-09-28T09:26:39Z</time></trkpt><trkpt lat="46.553857" lon="12.130571"><ele>1276.412</ele><time>2014-09-28T09:26:41Z</time></trkpt><trkpt lat="46.553883" lon="12.130563"><ele>1276.936</ele><time>2014-09-28T09:26:43Z</time></trkpt><trkpt lat="46.553935" lon="12.130501"><ele>1277.971</ele><time>2014-09-28T09:26:48Z</time></trkpt><trkpt lat="46.553979" lon="12.130449"><ele>1278.749</ele><time>2014-09-28T09:26:52Z</time></trkpt><trkpt lat="46.553992" lon="12.130414"><ele>1278.746</ele><time>2014-09-28T09:26:54Z</time></trkpt><trkpt lat="46.554033" lon="12.130313"><ele>1278.760</ele><time>2014-09-28T09:27:00Z</time></trkpt><trkpt lat="46.554051" lon="12.130282"><ele>1278.923</ele><time>2014-09-28T09:27:02Z</time></trkpt><trkpt lat="46.554061" lon="12.130228"><ele>1278.544</ele><time>2014-09-28T09:27:06Z</time></trkpt><trkpt lat="46.554096" lon="12.130166"><ele>1278.805</ele><time>2014-09-28T09:27:10Z</time></trkpt><trkpt lat="46.554096" lon="12.130155"><ele>1278.615</ele><time>2014-09-28T09:27:11Z</time></trkpt><trkpt lat="46.554131" lon="12.130068"><ele>1278.208</ele><time>2014-09-28T09:27:16Z</time></trkpt><trkpt lat="46.554154" lon="12.130024"><ele>1278.165</ele><time>2014-09-28T09:27:19Z</time></trkpt><trkpt lat="46.554184" lon="12.129964"><ele>1278.297</ele><time>2014-09-28T09:27:22Z</time></trkpt><trkpt lat="46.554224" lon="12.129886"><ele>1278.531</ele><time>2014-09-28T09:27:26Z</time></trkpt><trkpt lat="46.554231" lon="12.129873"><ele>1278.656</ele><time>2014-09-28T09:27:27Z</time></trkpt><trkpt lat="46.554272" lon="12.129792"><ele>1278.964</ele><time>2014-09-28T09:27:31Z</time></trkpt><trkpt lat="46.554290" lon="12.129727"><ele>1278.581</ele><time>2014-09-28T09:27:35Z</time></trkpt><trkpt lat="46.554307" lon="12.129713"><ele>1278.855</ele><time>2014-09-28T09:27:36Z</time></trkpt><trkpt lat="46.554320" lon="12.129671"><ele>1278.178</ele><time>2014-09-28T09:27:39Z</time></trkpt><trkpt lat="46.554364" lon="12.129617"><ele>1278.377</ele><time>2014-09-28T09:27:44Z</time></trkpt><trkpt lat="46.554452" lon="12.129580"><ele>1280.661</ele><time>2014-09-28T09:27:50Z</time></trkpt><trkpt lat="46.554464" lon="12.129553"><ele>1280.127</ele><time>2014-09-28T09:27:53Z</time></trkpt><trkpt lat="46.554478" lon="12.129543"><ele>1280.108</ele><time>2014-09-28T09:27:54Z</time></trkpt><trkpt lat="46.554547" lon="12.129501"><ele>1280.378</ele><time>2014-09-28T09:28:00Z</time></trkpt><trkpt lat="46.554635" lon="12.129486"><ele>1281.670</ele><time>2014-09-28T09:28:05Z</time></trkpt><trkpt lat="46.554644" lon="12.129467"><ele>1281.244</ele><time>2014-09-28T09:28:06Z</time></trkpt><trkpt lat="46.554709" lon="12.129436"><ele>1281.679</ele><time>2014-09-28T09:28:10Z</time></trkpt><trkpt lat="46.554758" lon="12.129400"><ele>1281.597</ele><time>2014-09-28T09:28:14Z</time></trkpt><trkpt lat="46.554803" lon="12.129376"><ele>1281.594</ele><time>2014-09-28T09:28:17Z</time></trkpt><trkpt lat="46.554895" lon="12.129314"><ele>1281.558</ele><time>2014-09-28T09:28:23Z</time></trkpt><trkpt lat="46.554902" lon="12.129313"><ele>1281.591</ele><time>2014-09-28T09:28:24Z</time></trkpt><trkpt lat="46.554912" lon="12.129305"><ele>1281.558</ele><time>2014-09-28T09:28:28Z</time></trkpt><trkpt lat="46.554935" lon="12.129287"><ele>1281.652</ele><time>2014-09-28T09:28:38Z</time></trkpt><trkpt lat="46.554955" lon="12.129275"><ele>1281.617</ele><time>2014-09-28T09:28:44Z</time></trkpt><trkpt lat="46.554974" lon="12.129283"><ele>1282.008</ele><time>2014-09-28T09:28:50Z</time></trkpt><trkpt lat="46.554984" lon="12.129293"><ele>1282.246</ele><time>2014-09-28T09:28:56Z</time></trkpt><trkpt lat="46.554984" lon="12.129292"><ele>1282.238</ele><time>2014-09-28T09:28:57Z</time></trkpt><trkpt lat="46.554981" lon="12.129295"><ele>1282.232</ele><time>2014-09-28T09:29:04Z</time></trkpt><trkpt lat="46.554992" lon="12.129299"><ele>1282.317</ele><time>2014-09-28T09:29:19Z</time></trkpt><trkpt lat="46.555018" lon="12.129257"><ele>1282.445</ele><time>2014-09-28T09:29:34Z</time></trkpt><trkpt lat="46.555094" lon="12.129162"><ele>1283.322</ele><time>2014-09-28T09:29:42Z</time></trkpt><trkpt lat="46.555159" lon="12.129060"><ele>1283.216</ele><time>2014-09-28T09:29:49Z</time></trkpt><trkpt lat="46.555171" lon="12.129057"><ele>1283.459</ele><time>2014-09-28T09:29:50Z</time></trkpt><trkpt lat="46.555205" lon="12.129009"><ele>1283.274</ele><time>2014-09-28T09:29:54Z</time></trkpt><trkpt lat="46.555238" lon="12.128980"><ele>1283.356</ele><time>2014-09-28T09:29:59Z</time></trkpt><trkpt lat="46.555309" lon="12.128911"><ele>1283.121</ele><time>2014-09-28T09:30:07Z</time></trkpt><trkpt lat="46.555351" lon="12.128876"><ele>1283.408</ele><time>2014-09-28T09:30:12Z</time></trkpt><trkpt lat="46.555360" lon="12.128871"><ele>1283.598</ele><time>2014-09-28T09:30:13Z</time></trkpt><trkpt lat="46.555425" lon="12.128791"><ele>1283.240</ele><time>2014-09-28T09:30:20Z</time></trkpt><trkpt lat="46.555485" lon="12.128700"><ele>1282.234</ele><time>2014-09-28T09:30:27Z</time></trkpt><trkpt lat="46.555509" lon="12.128665"><ele>1281.829</ele><time>2014-09-28T09:30:29Z</time></trkpt><trkpt lat="46.555515" lon="12.128642"><ele>1281.347</ele><time>2014-09-28T09:30:30Z</time></trkpt><trkpt lat="46.555544" lon="12.128610"><ele>1280.944</ele><time>2014-09-28T09:30:33Z</time></trkpt><trkpt lat="46.555554" lon="12.128594"><ele>1280.998</ele><time>2014-09-28T09:30:34Z</time></trkpt><trkpt lat="46.555602" lon="12.128494"><ele>1280.531</ele><time>2014-09-28T09:30:40Z</time></trkpt><trkpt lat="46.555664" lon="12.128435"><ele>1280.471</ele><time>2014-09-28T09:30:47Z</time></trkpt><trkpt lat="46.555732" lon="12.128390"><ele>1280.341</ele><time>2014-09-28T09:30:52Z</time></trkpt><trkpt lat="46.555821" lon="12.128353"><ele>1280.215</ele><time>2014-09-28T09:30:59Z</time></trkpt><trkpt lat="46.555831" lon="12.128337"><ele>1280.008</ele><time>2014-09-28T09:31:00Z</time></trkpt><trkpt lat="46.555857" lon="12.128320"><ele>1280.378</ele><time>2014-09-28T09:31:02Z</time></trkpt><trkpt lat="46.555887" lon="12.128300"><ele>1280.670</ele><time>2014-09-28T09:31:05Z</time></trkpt><trkpt lat="46.555908" lon="12.128285"><ele>1280.824</ele><time>2014-09-28T09:31:07Z</time></trkpt><trkpt lat="46.555998" lon="12.128226"><ele>1281.539</ele><time>2014-09-28T09:31:14Z</time></trkpt><trkpt lat="46.556079" lon="12.128185"><ele>1282.147</ele><time>2014-09-28T09:31:19Z</time></trkpt><trkpt lat="46.556130" lon="12.128149"><ele>1282.364</ele><time>2014-09-28T09:31:22Z</time></trkpt><trkpt lat="46.556173" lon="12.128123"><ele>1282.648</ele><time>2014-09-28T09:31:25Z</time></trkpt><trkpt lat="46.556259" lon="12.128080"><ele>1283.491</ele><time>2014-09-28T09:31:31Z</time></trkpt><trkpt lat="46.556322" lon="12.128038"><ele>1283.821</ele><time>2014-09-28T09:31:35Z</time></trkpt><trkpt lat="46.556357" lon="12.128030"><ele>1284.241</ele><time>2014-09-28T09:31:39Z</time></trkpt><trkpt lat="46.556399" lon="12.128008"><ele>1284.405</ele><time>2014-09-28T09:31:42Z</time></trkpt><trkpt lat="46.556407" lon="12.128004"><ele>1284.508</ele><time>2014-09-28T09:31:43Z</time></trkpt><trkpt lat="46.556454" lon="12.127982"><ele>1284.863</ele><time>2014-09-28T09:31:47Z</time></trkpt><trkpt lat="46.556469" lon="12.127978"><ele>1284.945</ele><time>2014-09-28T09:31:48Z</time></trkpt><trkpt lat="46.556508" lon="12.127966"><ele>1285.199</ele><time>2014-09-28T09:31:51Z</time></trkpt><trkpt lat="46.556553" lon="12.127951"><ele>1285.424</ele><time>2014-09-28T09:31:54Z</time></trkpt><trkpt lat="46.556559" lon="12.127951"><ele>1285.542</ele><time>2014-09-28T09:31:55Z</time></trkpt><trkpt lat="46.556623" lon="12.127918"><ele>1285.689</ele><time>2014-09-28T09:32:01Z</time></trkpt><trkpt lat="46.556637" lon="12.127911"><ele>1285.663</ele><time>2014-09-28T09:32:02Z</time></trkpt><trkpt lat="46.556669" lon="12.127905"><ele>1285.876</ele><time>2014-09-28T09:32:04Z</time></trkpt><trkpt lat="46.556691" lon="12.127889"><ele>1285.725</ele><time>2014-09-28T09:32:06Z</time></trkpt><trkpt lat="46.556778" lon="12.127859"><ele>1286.026</ele><time>2014-09-28T09:32:12Z</time></trkpt><trkpt lat="46.556830" lon="12.127853"><ele>1286.408</ele><time>2014-09-28T09:32:16Z</time></trkpt><trkpt lat="46.556869" lon="12.127857"><ele>1286.908</ele><time>2014-09-28T09:32:19Z</time></trkpt><trkpt lat="46.556882" lon="12.127853"><ele>1287.023</ele><time>2014-09-28T09:32:20Z</time></trkpt><trkpt lat="46.556898" lon="12.127860"><ele>1287.375</ele><time>2014-09-28T09:32:21Z</time></trkpt><trkpt lat="46.556945" lon="12.127837"><ele>1287.379</ele><time>2014-09-28T09:32:25Z</time></trkpt><trkpt lat="46.557018" lon="12.127825"><ele>1287.654</ele><time>2014-09-28T09:32:30Z</time></trkpt><trkpt lat="46.557038" lon="12.127806"><ele>1287.352</ele><time>2014-09-28T09:32:32Z</time></trkpt><trkpt lat="46.557066" lon="12.127803"><ele>1287.439</ele><time>2014-09-28T09:32:34Z</time></trkpt><trkpt lat="46.557133" lon="12.127790"><ele>1287.623</ele><time>2014-09-28T09:32:39Z</time></trkpt><trkpt lat="46.557179" lon="12.127755"><ele>1287.356</ele><time>2014-09-28T09:32:43Z</time></trkpt><trkpt lat="46.557265" lon="12.127725"><ele>1287.899</ele><time>2014-09-28T09:32:49Z</time></trkpt><trkpt lat="46.557313" lon="12.127702"><ele>1288.107</ele><time>2014-09-28T09:32:54Z</time></trkpt><trkpt lat="46.557360" lon="12.127699"><ele>1288.727</ele><time>2014-09-28T09:32:58Z</time></trkpt><trkpt lat="46.557373" lon="12.127696"><ele>1288.808</ele><time>2014-09-28T09:32:59Z</time></trkpt><trkpt lat="46.557464" lon="12.127681"><ele>1289.890</ele><time>2014-09-28T09:33:06Z</time></trkpt><trkpt lat="46.557509" lon="12.127669"><ele>1290.162</ele><time>2014-09-28T09:33:09Z</time></trkpt><trkpt lat="46.557537" lon="12.127678"><ele>1290.556</ele><time>2014-09-28T09:33:11Z</time></trkpt><trkpt lat="46.557611" lon="12.127675"><ele>1291.171</ele><time>2014-09-28T09:33:15Z</time></trkpt><trkpt lat="46.557635" lon="12.127692"><ele>1291.619</ele><time>2014-09-28T09:33:16Z</time></trkpt><trkpt lat="46.557712" lon="12.127701"><ele>1292.466</ele><time>2014-09-28T09:33:21Z</time></trkpt><trkpt lat="46.557742" lon="12.127697"><ele>1292.580</ele><time>2014-09-28T09:33:23Z</time></trkpt><trkpt lat="46.557792" lon="12.127699"><ele>1292.953</ele><time>2014-09-28T09:33:27Z</time></trkpt><trkpt lat="46.557806" lon="12.127696"><ele>1292.823</ele><time>2014-09-28T09:33:28Z</time></trkpt><trkpt lat="46.557847" lon="12.127707"><ele>1293.083</ele><time>2014-09-28T09:33:31Z</time></trkpt><trkpt lat="46.557888" lon="12.127706"><ele>1293.011</ele><time>2014-09-28T09:33:34Z</time></trkpt><trkpt lat="46.557924" lon="12.127700"><ele>1292.908</ele><time>2014-09-28T09:33:37Z</time></trkpt><trkpt lat="46.557948" lon="12.127702"><ele>1292.963</ele><time>2014-09-28T09:33:39Z</time></trkpt><trkpt lat="46.557959" lon="12.127701"><ele>1292.945</ele><time>2014-09-28T09:33:41Z</time></trkpt><trkpt lat="46.558022" lon="12.127714"><ele>1293.199</ele><time>2014-09-28T09:33:45Z</time></trkpt><trkpt lat="46.558036" lon="12.127704"><ele>1292.934</ele><time>2014-09-28T09:33:46Z</time></trkpt><trkpt lat="46.558084" lon="12.127694"><ele>1292.872</ele><time>2014-09-28T09:33:49Z</time></trkpt><trkpt lat="46.558106" lon="12.127697"><ele>1292.879</ele><time>2014-09-28T09:33:50Z</time></trkpt><trkpt lat="46.558166" lon="12.127701"><ele>1292.763</ele><time>2014-09-28T09:33:54Z</time></trkpt><trkpt lat="46.558229" lon="12.127676"><ele>1292.446</ele><time>2014-09-28T09:33:58Z</time></trkpt><trkpt lat="46.558283" lon="12.127689"><ele>1292.474</ele><time>2014-09-28T09:34:03Z</time></trkpt><trkpt lat="46.558358" lon="12.127719"><ele>1292.656</ele><time>2014-09-28T09:34:07Z</time></trkpt><trkpt lat="46.558401" lon="12.127713"><ele>1292.621</ele><time>2014-09-28T09:34:09Z</time></trkpt><trkpt lat="46.558438" lon="12.127688"><ele>1292.508</ele><time>2014-09-28T09:34:11Z</time></trkpt><trkpt lat="46.558499" lon="12.127684"><ele>1292.548</ele><time>2014-09-28T09:34:15Z</time></trkpt><trkpt lat="46.558510" lon="12.127675"><ele>1292.540</ele><time>2014-09-28T09:34:16Z</time></trkpt><trkpt lat="46.558557" lon="12.127671"><ele>1292.554</ele><time>2014-09-28T09:34:20Z</time></trkpt><trkpt lat="46.558599" lon="12.127650"><ele>1292.589</ele><time>2014-09-28T09:34:23Z</time></trkpt><trkpt lat="46.558627" lon="12.127618"><ele>1292.617</ele><time>2014-09-28T09:34:26Z</time></trkpt><trkpt lat="46.558666" lon="12.127603"><ele>1293.034</ele><time>2014-09-28T09:34:29Z</time></trkpt><trkpt lat="46.558682" lon="12.127591"><ele>1293.228</ele><time>2014-09-28T09:34:30Z</time></trkpt><trkpt lat="46.558721" lon="12.127577"><ele>1293.651</ele><time>2014-09-28T09:34:33Z</time></trkpt><trkpt lat="46.558776" lon="12.127543"><ele>1294.054</ele><time>2014-09-28T09:34:37Z</time></trkpt><trkpt lat="46.558858" lon="12.127466"><ele>1294.356</ele><time>2014-09-28T09:34:44Z</time></trkpt><trkpt lat="46.558865" lon="12.127449"><ele>1294.211</ele><time>2014-09-28T09:34:45Z</time></trkpt><trkpt lat="46.558908" lon="12.127398"><ele>1294.208</ele><time>2014-09-28T09:34:49Z</time></trkpt><trkpt lat="46.558921" lon="12.127386"><ele>1294.346</ele><time>2014-09-28T09:34:50Z</time></trkpt><trkpt lat="46.558949" lon="12.127376"><ele>1294.718</ele><time>2014-09-28T09:34:54Z</time></trkpt><trkpt lat="46.559008" lon="12.127307"><ele>1295.112</ele><time>2014-09-28T09:34:58Z</time></trkpt><trkpt lat="46.559020" lon="12.127289"><ele>1295.127</ele><time>2014-09-28T09:35:04Z</time></trkpt><trkpt lat="46.559045" lon="12.127247"><ele>1295.175</ele><time>2014-09-28T09:35:07Z</time></trkpt><trkpt lat="46.559056" lon="12.127243"><ele>1295.212</ele><time>2014-09-28T09:35:08Z</time></trkpt><trkpt lat="46.559078" lon="12.127213"><ele>1295.336</ele><time>2014-09-28T09:35:11Z</time></trkpt><trkpt lat="46.559137" lon="12.127183"><ele>1296.239</ele><time>2014-09-28T09:35:18Z</time></trkpt><trkpt lat="46.559150" lon="12.127196"><ele>1296.527</ele><time>2014-09-28T09:35:21Z</time></trkpt><trkpt lat="46.559146" lon="12.127224"><ele>1296.668</ele><time>2014-09-28T09:35:24Z</time></trkpt><trkpt lat="46.559145" lon="12.127236"><ele>1296.814</ele><time>2014-09-28T09:35:25Z</time></trkpt><trkpt lat="46.559135" lon="12.127253"><ele>1296.808</ele><time>2014-09-28T09:35:27Z</time></trkpt><trkpt lat="46.559120" lon="12.127294"><ele>1296.963</ele><time>2014-09-28T09:35:31Z</time></trkpt><trkpt lat="46.559112" lon="12.127315"><ele>1297.055</ele><time>2014-09-28T09:35:33Z</time></trkpt><trkpt lat="46.559107" lon="12.127365"><ele>1297.569</ele><time>2014-09-28T09:35:38Z</time></trkpt><trkpt lat="46.559125" lon="12.127417"><ele>1298.454</ele><time>2014-09-28T09:35:44Z</time></trkpt><trkpt lat="46.559149" lon="12.127446"><ele>1299.122</ele><time>2014-09-28T09:35:50Z</time></trkpt><trkpt lat="46.559162" lon="12.127468"><ele>1299.689</ele><time>2014-09-28T09:35:54Z</time></trkpt><trkpt lat="46.559166" lon="12.127478"><ele>1299.883</ele><time>2014-09-28T09:35:56Z</time></trkpt><trkpt lat="46.559184" lon="12.127506"><ele>1300.266</ele><time>2014-09-28T09:35:58Z</time></trkpt><trkpt lat="46.559197" lon="12.127510"><ele>1300.483</ele><time>2014-09-28T09:36:00Z</time></trkpt><trkpt lat="46.559219" lon="12.127545"><ele>1300.925</ele><time>2014-09-28T09:36:06Z</time></trkpt><trkpt lat="46.559244" lon="12.127561"><ele>1301.317</ele><time>2014-09-28T09:36:11Z</time></trkpt><trkpt lat="46.559259" lon="12.127572"><ele>1301.608</ele><time>2014-09-28T09:36:14Z</time></trkpt><trkpt lat="46.559288" lon="12.127608"><ele>1302.379</ele><time>2014-09-28T09:36:18Z</time></trkpt><trkpt lat="46.559291" lon="12.127609"><ele>1302.311</ele><time>2014-09-28T09:36:19Z</time></trkpt><trkpt lat="46.559303" lon="12.127628"><ele>1302.695</ele><time>2014-09-28T09:36:20Z</time></trkpt><trkpt lat="46.559328" lon="12.127657"><ele>1303.230</ele><time>2014-09-28T09:36:23Z</time></trkpt><trkpt lat="46.559344" lon="12.127671"><ele>1303.528</ele><time>2014-09-28T09:36:25Z</time></trkpt><trkpt lat="46.559353" lon="12.127690"><ele>1303.815</ele><time>2014-09-28T09:36:27Z</time></trkpt><trkpt lat="46.559355" lon="12.127718"><ele>1304.179</ele><time>2014-09-28T09:36:30Z</time></trkpt><trkpt lat="46.559364" lon="12.127727"><ele>1304.352</ele><time>2014-09-28T09:36:31Z</time></trkpt><trkpt lat="46.559373" lon="12.127744"><ele>1304.689</ele><time>2014-09-28T09:36:33Z</time></trkpt><trkpt lat="46.559374" lon="12.127755"><ele>1304.806</ele><time>2014-09-28T09:36:36Z</time></trkpt><trkpt lat="46.559379" lon="12.127776"><ele>1305.026</ele><time>2014-09-28T09:36:38Z</time></trkpt><trkpt lat="46.559402" lon="12.127826"><ele>1305.708</ele><time>2014-09-28T09:36:44Z</time></trkpt><trkpt lat="46.559412" lon="12.127896"><ele>1306.219</ele><time>2014-09-28T09:36:50Z</time></trkpt><trkpt lat="46.559423" lon="12.127935"><ele>1306.711</ele><time>2014-09-28T09:36:55Z</time></trkpt><trkpt lat="46.559444" lon="12.127976"><ele>1307.425</ele><time>2014-09-28T09:37:02Z</time></trkpt><trkpt lat="46.559451" lon="12.128013"><ele>1307.770</ele><time>2014-09-28T09:37:12Z</time></trkpt><trkpt lat="46.559452" lon="12.128047"><ele>1308.018</ele><time>2014-09-28T09:37:21Z</time></trkpt><trkpt lat="46.559466" lon="12.128097"><ele>1308.515</ele><time>2014-09-28T09:37:30Z</time></trkpt><trkpt lat="46.559495" lon="12.128134"><ele>1309.069</ele><time>2014-09-28T09:37:40Z</time></trkpt><trkpt lat="46.559519" lon="12.128149"><ele>1309.442</ele><time>2014-09-28T09:37:45Z</time></trkpt><trkpt lat="46.559517" lon="12.128153"><ele>1309.466</ele><time>2014-09-28T09:37:47Z</time></trkpt><trkpt lat="46.559575" lon="12.128158"><ele>1310.029</ele><time>2014-09-28T09:37:53Z</time></trkpt><trkpt lat="46.559628" lon="12.128155"><ele>1310.521</ele><time>2014-09-28T09:37:59Z</time></trkpt><trkpt lat="46.559672" lon="12.128173"><ele>1311.208</ele><time>2014-09-28T09:38:05Z</time></trkpt><trkpt lat="46.559678" lon="12.128181"><ele>1311.397</ele><time>2014-09-28T09:38:07Z</time></trkpt><trkpt lat="46.559717" lon="12.128194"><ele>1311.929</ele><time>2014-09-28T09:38:11Z</time></trkpt><trkpt lat="46.559731" lon="12.128203"><ele>1312.263</ele><time>2014-09-28T09:38:13Z</time></trkpt><trkpt lat="46.559745" lon="12.128233"><ele>1312.778</ele><time>2014-09-28T09:38:17Z</time></trkpt><trkpt lat="46.559759" lon="12.128245"><ele>1313.086</ele><time>2014-09-28T09:38:18Z</time></trkpt><trkpt lat="46.559770" lon="12.128265"><ele>1313.483</ele><time>2014-09-28T09:38:21Z</time></trkpt><trkpt lat="46.559773" lon="12.128273"><ele>1313.597</ele><time>2014-09-28T09:38:22Z</time></trkpt><trkpt lat="46.559820" lon="12.128332"><ele>1314.770</ele><time>2014-09-28T09:38:28Z</time></trkpt><trkpt lat="46.559821" lon="12.128334"><ele>1314.771</ele><time>2014-09-28T09:38:29Z</time></trkpt><trkpt lat="46.559833" lon="12.128340"><ele>1314.941</ele><time>2014-09-28T09:38:30Z</time></trkpt><trkpt lat="46.559850" lon="12.128383"><ele>1315.615</ele><time>2014-09-28T09:38:34Z</time></trkpt><trkpt lat="46.559865" lon="12.128401"><ele>1316.008</ele><time>2014-09-28T09:38:37Z</time></trkpt><trkpt lat="46.559886" lon="12.128432"><ele>1316.658</ele><time>2014-09-28T09:38:40Z</time></trkpt><trkpt lat="46.559887" lon="12.128444"><ele>1316.840</ele><time>2014-09-28T09:38:41Z</time></trkpt><trkpt lat="46.559907" lon="12.128473"><ele>1317.364</ele><time>2014-09-28T09:38:45Z</time></trkpt><trkpt lat="46.559906" lon="12.128482"><ele>1317.589</ele><time>2014-09-28T09:38:47Z</time></trkpt><trkpt lat="46.559923" lon="12.128507"><ele>1317.977</ele><time>2014-09-28T09:38:50Z</time></trkpt><trkpt lat="46.559988" lon="12.128529"><ele>1318.744</ele><time>2014-09-28T09:38:58Z</time></trkpt><trkpt lat="46.560021" lon="12.128545"><ele>1319.198</ele><time>2014-09-28T09:39:04Z</time></trkpt><trkpt lat="46.560026" lon="12.128580"><ele>1319.661</ele><time>2014-09-28T09:39:08Z</time></trkpt><trkpt lat="46.560047" lon="12.128627"><ele>1320.296</ele><time>2014-09-28T09:39:12Z</time></trkpt><trkpt lat="46.560054" lon="12.128647"><ele>1320.431</ele><time>2014-09-28T09:39:13Z</time></trkpt><trkpt lat="46.560084" lon="12.128725"><ele>1321.224</ele><time>2014-09-28T09:39:18Z</time></trkpt><trkpt lat="46.560103" lon="12.128752"><ele>1321.508</ele><time>2014-09-28T09:39:20Z</time></trkpt><trkpt lat="46.560110" lon="12.128771"><ele>1321.730</ele><time>2014-09-28T09:39:22Z</time></trkpt><trkpt lat="46.560133" lon="12.128810"><ele>1322.162</ele><time>2014-09-28T09:39:25Z</time></trkpt><trkpt lat="46.560147" lon="12.128854"><ele>1322.696</ele><time>2014-09-28T09:39:28Z</time></trkpt><trkpt lat="46.560156" lon="12.128862"><ele>1322.751</ele><time>2014-09-28T09:39:29Z</time></trkpt><trkpt lat="46.560159" lon="12.128877"><ele>1322.939</ele><time>2014-09-28T09:39:30Z</time></trkpt><trkpt lat="46.560194" lon="12.128965"><ele>1324.196</ele><time>2014-09-28T09:39:37Z</time></trkpt><trkpt lat="46.560220" lon="12.129056"><ele>1325.430</ele><time>2014-09-28T09:39:43Z</time></trkpt><trkpt lat="46.560233" lon="12.129084"><ele>1325.833</ele><time>2014-09-28T09:39:46Z</time></trkpt><trkpt lat="46.560245" lon="12.129112"><ele>1326.268</ele><time>2014-09-28T09:39:48Z</time></trkpt><trkpt lat="46.560248" lon="12.129126"><ele>1326.442</ele><time>2014-09-28T09:39:50Z</time></trkpt><trkpt lat="46.560259" lon="12.129136"><ele>1326.626</ele><time>2014-09-28T09:39:51Z</time></trkpt><trkpt lat="46.560289" lon="12.129177"><ele>1327.208</ele><time>2014-09-28T09:39:54Z</time></trkpt><trkpt lat="46.560309" lon="12.129236"><ele>1328.137</ele><time>2014-09-28T09:39:59Z</time></trkpt><trkpt lat="46.560319" lon="12.129253"><ele>1328.379</ele><time>2014-09-28T09:40:00Z</time></trkpt><trkpt lat="46.560325" lon="12.129260"><ele>1328.543</ele><time>2014-09-28T09:40:01Z</time></trkpt><trkpt lat="46.560353" lon="12.129335"><ele>1329.588</ele><time>2014-09-28T09:40:05Z</time></trkpt><trkpt lat="46.560371" lon="12.129353"><ele>1329.846</ele><time>2014-09-28T09:40:07Z</time></trkpt><trkpt lat="46.560369" lon="12.129357"><ele>1329.893</ele><time>2014-09-28T09:40:08Z</time></trkpt><trkpt lat="46.560376" lon="12.129374"><ele>1330.117</ele><time>2014-09-28T09:40:09Z</time></trkpt><trkpt lat="46.560385" lon="12.129422"><ele>1330.750</ele><time>2014-09-28T09:40:12Z</time></trkpt><trkpt lat="46.560390" lon="12.129430"><ele>1330.831</ele><time>2014-09-28T09:40:13Z</time></trkpt><trkpt lat="46.560398" lon="12.129445"><ele>1331.061</ele><time>2014-09-28T09:40:14Z</time></trkpt><trkpt lat="46.560414" lon="12.129512"><ele>1331.507</ele><time>2014-09-28T09:40:18Z</time></trkpt><trkpt lat="46.560429" lon="12.129579"><ele>1332.008</ele><time>2014-09-28T09:40:23Z</time></trkpt><trkpt lat="46.560435" lon="12.129592"><ele>1332.194</ele><time>2014-09-28T09:40:24Z</time></trkpt><trkpt lat="46.560440" lon="12.129607"><ele>1332.236</ele><time>2014-09-28T09:40:25Z</time></trkpt><trkpt lat="46.560455" lon="12.129633"><ele>1332.420</ele><time>2014-09-28T09:40:27Z</time></trkpt><trkpt lat="46.560464" lon="12.129675"><ele>1332.795</ele><time>2014-09-28T09:40:30Z</time></trkpt><trkpt lat="46.560467" lon="12.129687"><ele>1332.783</ele><time>2014-09-28T09:40:31Z</time></trkpt><trkpt lat="46.560466" lon="12.129749"><ele>1333.260</ele><time>2014-09-28T09:40:34Z</time></trkpt><trkpt lat="46.560472" lon="12.129783"><ele>1333.424</ele><time>2014-09-28T09:40:36Z</time></trkpt><trkpt lat="46.560508" lon="12.129872"><ele>1334.127</ele><time>2014-09-28T09:40:42Z</time></trkpt><trkpt lat="46.560525" lon="12.129891"><ele>1334.274</ele><time>2014-09-28T09:40:45Z</time></trkpt><trkpt lat="46.560533" lon="12.129914"><ele>1334.456</ele><time>2014-09-28T09:40:50Z</time></trkpt><trkpt lat="46.560553" lon="12.129988"><ele>1334.921</ele><time>2014-09-28T09:41:02Z</time></trkpt><trkpt lat="46.560583" lon="12.130043"><ele>1335.608</ele><time>2014-09-28T09:41:09Z</time></trkpt><trkpt lat="46.560598" lon="12.130105"><ele>1336.458</ele><time>2014-09-28T09:41:14Z</time></trkpt><trkpt lat="46.560610" lon="12.130130"><ele>1336.750</ele><time>2014-09-28T09:41:19Z</time></trkpt><trkpt lat="46.560614" lon="12.130163"><ele>1337.164</ele><time>2014-09-28T09:41:21Z</time></trkpt><trkpt lat="46.560636" lon="12.130196"><ele>1337.529</ele><time>2014-09-28T09:41:26Z</time></trkpt><trkpt lat="46.560630" lon="12.130210"><ele>1337.647</ele><time>2014-09-28T09:41:28Z</time></trkpt><trkpt lat="46.560633" lon="12.130193"><ele>1337.484</ele><time>2014-09-28T09:41:32Z</time></trkpt><trkpt lat="46.560654" lon="12.130221"><ele>1337.848</ele><time>2014-09-28T09:41:34Z</time></trkpt><trkpt lat="46.560647" lon="12.130237"><ele>1337.921</ele><time>2014-09-28T09:41:38Z</time></trkpt><trkpt lat="46.560645" lon="12.130245"><ele>1338.084</ele><time>2014-09-28T09:41:44Z</time></trkpt><trkpt lat="46.560621" lon="12.130275"><ele>1338.207</ele><time>2014-09-28T09:41:58Z</time></trkpt><trkpt lat="46.560630" lon="12.130263"><ele>1338.117</ele><time>2014-09-28T09:42:03Z</time></trkpt><trkpt lat="46.560626" lon="12.130252"><ele>1338.008</ele><time>2014-09-28T09:42:10Z</time></trkpt><trkpt lat="46.560632" lon="12.130241"><ele>1337.989</ele><time>2014-09-28T09:42:15Z</time></trkpt><trkpt lat="46.560635" lon="12.130210"><ele>1337.681</ele><time>2014-09-28T09:42:21Z</time></trkpt><trkpt lat="46.560631" lon="12.130219"><ele>1337.735</ele><time>2014-09-28T09:42:28Z</time></trkpt><trkpt lat="46.560628" lon="12.130251"><ele>1338.060</ele><time>2014-09-28T09:42:32Z</time></trkpt><trkpt lat="46.560634" lon="12.130295"><ele>1338.518</ele><time>2014-09-28T09:42:37Z</time></trkpt><trkpt lat="46.560641" lon="12.130345"><ele>1339.035</ele><time>2014-09-28T09:42:41Z</time></trkpt><trkpt lat="46.560644" lon="12.130361"><ele>1339.239</ele><time>2014-09-28T09:42:42Z</time></trkpt><trkpt lat="46.560664" lon="12.130380"><ele>1339.542</ele><time>2014-09-28T09:42:47Z</time></trkpt><trkpt lat="46.560677" lon="12.130441"><ele>1340.281</ele><time>2014-09-28T09:42:52Z</time></trkpt><trkpt lat="46.560680" lon="12.130457"><ele>1340.461</ele><time>2014-09-28T09:42:53Z</time></trkpt><trkpt lat="46.560680" lon="12.130535"><ele>1341.217</ele><time>2014-09-28T09:42:58Z</time></trkpt><trkpt lat="46.560678" lon="12.130554"><ele>1341.408</ele><time>2014-09-28T09:42:59Z</time></trkpt><trkpt lat="46.560679" lon="12.130574"><ele>1341.769</ele><time>2014-09-28T09:43:01Z</time></trkpt><trkpt lat="46.560669" lon="12.130596"><ele>1341.931</ele><time>2014-09-28T09:43:02Z</time></trkpt><trkpt lat="46.560673" lon="12.130611"><ele>1342.145</ele><time>2014-09-28T09:43:04Z</time></trkpt><trkpt lat="46.560677" lon="12.130626"><ele>1342.370</ele><time>2014-09-28T09:43:05Z</time></trkpt><trkpt lat="46.560684" lon="12.130660"><ele>1342.888</ele><time>2014-09-28T09:43:07Z</time></trkpt><trkpt lat="46.560708" lon="12.130718"><ele>1343.645</ele><time>2014-09-28T09:43:11Z</time></trkpt><trkpt lat="46.560713" lon="12.130717"><ele>1343.669</ele><time>2014-09-28T09:43:12Z</time></trkpt><trkpt lat="46.560718" lon="12.130760"><ele>1344.192</ele><time>2014-09-28T09:43:15Z</time></trkpt><trkpt lat="46.560721" lon="12.130785"><ele>1344.486</ele><time>2014-09-28T09:43:17Z</time></trkpt><trkpt lat="46.560721" lon="12.130803"><ele>1344.660</ele><time>2014-09-28T09:43:18Z</time></trkpt><trkpt lat="46.560726" lon="12.130858"><ele>1345.326</ele><time>2014-09-28T09:43:22Z</time></trkpt><trkpt lat="46.560732" lon="12.130897"><ele>1345.708</ele><time>2014-09-28T09:43:25Z</time></trkpt><trkpt lat="46.560747" lon="12.130941"><ele>1346.259</ele><time>2014-09-28T09:43:27Z</time></trkpt><trkpt lat="46.560757" lon="12.130980"><ele>1346.661</ele><time>2014-09-28T09:43:30Z</time></trkpt><trkpt lat="46.560766" lon="12.130999"><ele>1346.845</ele><time>2014-09-28T09:43:32Z</time></trkpt><trkpt lat="46.560799" lon="12.131052"><ele>1347.480</ele><time>2014-09-28T09:43:37Z</time></trkpt><trkpt lat="46.560804" lon="12.131060"><ele>1347.428</ele><time>2014-09-28T09:43:38Z</time></trkpt><trkpt lat="46.560808" lon="12.131067"><ele>1347.585</ele><time>2014-09-28T09:43:39Z</time></trkpt><trkpt lat="46.560826" lon="12.131092"><ele>1347.889</ele><time>2014-09-28T09:43:41Z</time></trkpt><trkpt lat="46.560837" lon="12.131098"><ele>1347.932</ele><time>2014-09-28T09:43:43Z</time></trkpt><trkpt lat="46.560872" lon="12.131113"><ele>1348.355</ele><time>2014-09-28T09:43:48Z</time></trkpt><trkpt lat="46.560885" lon="12.131133"><ele>1348.707</ele><time>2014-09-28T09:43:50Z</time></trkpt><trkpt lat="46.560904" lon="12.131152"><ele>1349.117</ele><time>2014-09-28T09:43:55Z</time></trkpt><trkpt lat="46.560898" lon="12.131163"><ele>1349.208</ele><time>2014-09-28T09:43:59Z</time></trkpt><trkpt lat="46.560963" lon="12.131180"><ele>1349.836</ele><time>2014-09-28T09:44:03Z</time></trkpt><trkpt lat="46.560979" lon="12.131207"><ele>1350.298</ele><time>2014-09-28T09:44:09Z</time></trkpt><trkpt lat="46.561020" lon="12.131227"><ele>1350.732</ele><time>2014-09-28T09:44:11Z</time></trkpt><trkpt lat="46.561069" lon="12.131284"><ele>1351.777</ele><time>2014-09-28T09:44:14Z</time></trkpt><trkpt lat="46.561076" lon="12.131289"><ele>1351.795</ele><time>2014-09-28T09:44:15Z</time></trkpt><trkpt lat="46.561084" lon="12.131291"><ele>1351.892</ele><time>2014-09-28T09:44:17Z</time></trkpt><trkpt lat="46.561107" lon="12.131297"><ele>1352.046</ele><time>2014-09-28T09:44:19Z</time></trkpt><trkpt lat="46.561104" lon="12.131297"><ele>1352.099</ele><time>2014-09-28T09:44:20Z</time></trkpt><trkpt lat="46.561121" lon="12.131306"><ele>1352.259</ele><time>2014-09-28T09:44:21Z</time></trkpt><trkpt lat="46.561143" lon="12.131320"><ele>1352.603</ele><time>2014-09-28T09:44:24Z</time></trkpt><trkpt lat="46.561149" lon="12.131322"><ele>1352.723</ele><time>2014-09-28T09:44:25Z</time></trkpt><trkpt lat="46.561180" lon="12.131338"><ele>1353.208</ele><time>2014-09-28T09:44:29Z</time></trkpt><trkpt lat="46.561191" lon="12.131345"><ele>1353.426</ele><time>2014-09-28T09:44:30Z</time></trkpt><trkpt lat="46.561188" lon="12.131341"><ele>1353.468</ele><time>2014-09-28T09:44:32Z</time></trkpt><trkpt lat="46.561218" lon="12.131340"><ele>1353.772</ele><time>2014-09-28T09:44:38Z</time></trkpt><trkpt lat="46.561234" lon="12.131346"><ele>1353.937</ele><time>2014-09-28T09:44:39Z</time></trkpt><trkpt lat="46.561268" lon="12.131354"><ele>1354.485</ele><time>2014-09-28T09:44:43Z</time></trkpt><trkpt lat="46.561280" lon="12.131360"><ele>1354.672</ele><time>2014-09-28T09:44:45Z</time></trkpt><trkpt lat="46.561302" lon="12.131356"><ele>1354.826</ele><time>2014-09-28T09:44:48Z</time></trkpt><trkpt lat="46.561341" lon="12.131361"><ele>1355.319</ele><time>2014-09-28T09:44:52Z</time></trkpt><trkpt lat="46.561353" lon="12.131361"><ele>1355.482</ele><time>2014-09-28T09:44:54Z</time></trkpt><trkpt lat="46.561385" lon="12.131370"><ele>1355.843</ele><time>2014-09-28T09:45:00Z</time></trkpt><trkpt lat="46.561399" lon="12.131380"><ele>1356.217</ele><time>2014-09-28T09:45:02Z</time></trkpt><trkpt lat="46.561448" lon="12.131393"><ele>1357.308</ele><time>2014-09-28T09:45:07Z</time></trkpt><trkpt lat="46.561460" lon="12.131394"><ele>1357.699</ele><time>2014-09-28T09:45:09Z</time></trkpt><trkpt lat="46.561503" lon="12.131419"><ele>1358.831</ele><time>2014-09-28T09:45:14Z</time></trkpt><trkpt lat="46.561533" lon="12.131437"><ele>1359.695</ele><time>2014-09-28T09:45:19Z</time></trkpt><trkpt lat="46.561553" lon="12.131443"><ele>1360.180</ele><time>2014-09-28T09:45:22Z</time></trkpt><trkpt lat="46.561574" lon="12.131446"><ele>1360.538</ele><time>2014-09-28T09:45:25Z</time></trkpt><trkpt lat="46.561623" lon="12.131470"><ele>1361.745</ele><time>2014-09-28T09:45:30Z</time></trkpt><trkpt lat="46.561623" lon="12.131466"><ele>1361.759</ele><time>2014-09-28T09:45:31Z</time></trkpt><trkpt lat="46.561685" lon="12.131469"><ele>1362.992</ele><time>2014-09-28T09:45:37Z</time></trkpt><trkpt lat="46.561707" lon="12.131473"><ele>1363.254</ele><time>2014-09-28T09:45:40Z</time></trkpt><trkpt lat="46.561726" lon="12.131470"><ele>1363.556</ele><time>2014-09-28T09:45:44Z</time></trkpt><trkpt lat="46.561767" lon="12.131444"><ele>1363.911</ele><time>2014-09-28T09:45:50Z</time></trkpt><trkpt lat="46.561783" lon="12.131439"><ele>1364.108</ele><time>2014-09-28T09:45:52Z</time></trkpt><trkpt lat="46.561830" lon="12.131439"><ele>1364.826</ele><time>2014-09-28T09:45:57Z</time></trkpt><trkpt lat="46.561841" lon="12.131440"><ele>1365.048</ele><time>2014-09-28T09:45:58Z</time></trkpt><trkpt lat="46.561862" lon="12.131447"><ele>1365.492</ele><time>2014-09-28T09:46:00Z</time></trkpt><trkpt lat="46.561878" lon="12.131455"><ele>1365.757</ele><time>2014-09-28T09:46:04Z</time></trkpt><trkpt lat="46.561870" lon="12.131456"><ele>1365.685</ele><time>2014-09-28T09:46:05Z</time></trkpt><trkpt lat="46.561890" lon="12.131446"><ele>1365.862</ele><time>2014-09-28T09:46:11Z</time></trkpt><trkpt lat="46.561964" lon="12.131473"><ele>1367.326</ele><time>2014-09-28T09:46:12Z</time></trkpt><trkpt lat="46.561986" lon="12.131462"><ele>1367.519</ele><time>2014-09-28T09:46:16Z</time></trkpt><trkpt lat="46.562005" lon="12.131465"><ele>1367.992</ele><time>2014-09-28T09:46:17Z</time></trkpt><trkpt lat="46.562022" lon="12.131460"><ele>1368.273</ele><time>2014-09-28T09:46:19Z</time></trkpt><trkpt lat="46.562036" lon="12.131460"><ele>1368.420</ele><time>2014-09-28T09:46:20Z</time></trkpt><trkpt lat="46.562051" lon="12.131460"><ele>1368.708</ele><time>2014-09-28T09:46:22Z</time></trkpt><trkpt lat="46.562066" lon="12.131452"><ele>1368.920</ele><time>2014-09-28T09:46:24Z</time></trkpt><trkpt lat="46.562070" lon="12.131451"><ele>1368.972</ele><time>2014-09-28T09:46:25Z</time></trkpt><trkpt lat="46.562084" lon="12.131448"><ele>1369.286</ele><time>2014-09-28T09:46:26Z</time></trkpt><trkpt lat="46.562098" lon="12.131450"><ele>1369.421</ele><time>2014-09-28T09:46:28Z</time></trkpt><trkpt lat="46.562103" lon="12.131443"><ele>1369.439</ele><time>2014-09-28T09:46:30Z</time></trkpt><trkpt lat="46.562118" lon="12.131435"><ele>1369.696</ele><time>2014-09-28T09:46:31Z</time></trkpt><trkpt lat="46.562149" lon="12.131425"><ele>1370.170</ele><time>2014-09-28T09:46:36Z</time></trkpt><trkpt lat="46.562197" lon="12.131421"><ele>1370.953</ele><time>2014-09-28T09:46:40Z</time></trkpt><trkpt lat="46.562214" lon="12.131415"><ele>1371.116</ele><time>2014-09-28T09:46:43Z</time></trkpt><trkpt lat="46.562230" lon="12.131408"><ele>1371.476</ele><time>2014-09-28T09:46:44Z</time></trkpt><trkpt lat="46.562253" lon="12.131421"><ele>1372.113</ele><time>2014-09-28T09:46:46Z</time></trkpt><trkpt lat="46.562253" lon="12.131405"><ele>1371.908</ele><time>2014-09-28T09:46:48Z</time></trkpt><trkpt lat="46.562264" lon="12.131392"><ele>1372.182</ele><time>2014-09-28T09:46:56Z</time></trkpt><trkpt lat="46.562318" lon="12.131300"><ele>1372.724</ele><time>2014-09-28T09:47:03Z</time></trkpt><trkpt lat="46.562333" lon="12.131225"><ele>1372.498</ele><time>2014-09-28T09:47:09Z</time></trkpt><trkpt lat="46.562336" lon="12.131167"><ele>1371.983</ele><time>2014-09-28T09:47:13Z</time></trkpt><trkpt lat="46.562338" lon="12.131131"><ele>1371.781</ele><time>2014-09-28T09:47:16Z</time></trkpt><trkpt lat="46.562361" lon="12.131088"><ele>1371.838</ele><time>2014-09-28T09:47:20Z</time></trkpt><trkpt lat="46.562388" lon="12.131036"><ele>1371.922</ele><time>2014-09-28T09:47:24Z</time></trkpt><trkpt lat="46.562409" lon="12.131021"><ele>1372.325</ele><time>2014-09-28T09:47:26Z</time></trkpt><trkpt lat="46.562472" lon="12.130974"><ele>1373.418</ele><time>2014-09-28T09:47:32Z</time></trkpt><trkpt lat="46.562527" lon="12.130904"><ele>1373.998</ele><time>2014-09-28T09:47:38Z</time></trkpt><trkpt lat="46.562549" lon="12.130879"><ele>1374.117</ele><time>2014-09-28T09:47:40Z</time></trkpt><trkpt lat="46.562615" lon="12.130792"><ele>1374.208</ele><time>2014-09-28T09:47:48Z</time></trkpt><trkpt lat="46.562681" lon="12.130773"><ele>1375.052</ele><time>2014-09-28T09:47:55Z</time></trkpt><trkpt lat="46.562701" lon="12.130762"><ele>1375.194</ele><time>2014-09-28T09:47:57Z</time></trkpt><trkpt lat="46.562747" lon="12.130734"><ele>1375.518</ele><time>2014-09-28T09:48:01Z</time></trkpt><trkpt lat="46.562810" lon="12.130687"><ele>1376.023</ele><time>2014-09-28T09:48:07Z</time></trkpt><trkpt lat="46.562859" lon="12.130641"><ele>1376.421</ele><time>2014-09-28T09:48:12Z</time></trkpt><trkpt lat="46.562875" lon="12.130632"><ele>1376.628</ele><time>2014-09-28T09:48:14Z</time></trkpt><trkpt lat="46.562898" lon="12.130621"><ele>1376.932</ele><time>2014-09-28T09:48:17Z</time></trkpt><trkpt lat="46.562907" lon="12.130611"><ele>1376.945</ele><time>2014-09-28T09:48:18Z</time></trkpt><trkpt lat="46.562912" lon="12.130613"><ele>1377.056</ele><time>2014-09-28T09:48:19Z</time></trkpt><trkpt lat="46.562921" lon="12.130613"><ele>1377.259</ele><time>2014-09-28T09:48:25Z</time></trkpt><trkpt lat="46.562923" lon="12.130608"><ele>1377.214</ele><time>2014-09-28T09:48:32Z</time></trkpt><trkpt lat="46.562918" lon="12.130597"><ele>1377.008</ele><time>2014-09-28T09:48:33Z</time></trkpt><trkpt lat="46.562962" lon="12.130559"><ele>1377.476</ele><time>2014-09-28T09:48:40Z</time></trkpt><trkpt lat="46.562999" lon="12.130513"><ele>1377.598</ele><time>2014-09-28T09:48:45Z</time></trkpt><trkpt lat="46.563077" lon="12.130466"><ele>1378.572</ele><time>2014-09-28T09:48:53Z</time></trkpt><trkpt lat="46.563113" lon="12.130419"><ele>1378.877</ele><time>2014-09-28T09:48:58Z</time></trkpt><trkpt lat="46.563119" lon="12.130400"><ele>1378.715</ele><time>2014-09-28T09:48:59Z</time></trkpt><trkpt lat="46.563161" lon="12.130305"><ele>1378.682</ele><time>2014-09-28T09:49:06Z</time></trkpt><trkpt lat="46.563185" lon="12.130270"><ele>1378.736</ele><time>2014-09-28T09:49:09Z</time></trkpt><trkpt lat="46.563185" lon="12.130234"><ele>1378.329</ele><time>2014-09-28T09:49:11Z</time></trkpt><trkpt lat="46.563188" lon="12.130117"><ele>1377.177</ele><time>2014-09-28T09:49:17Z</time></trkpt><trkpt lat="46.563180" lon="12.130055"><ele>1376.361</ele><time>2014-09-28T09:49:20Z</time></trkpt><trkpt lat="46.563176" lon="12.129999"><ele>1375.627</ele><time>2014-09-28T09:49:23Z</time></trkpt><trkpt lat="46.563193" lon="12.129913"><ele>1374.908</ele><time>2014-09-28T09:49:27Z</time></trkpt><trkpt lat="46.563195" lon="12.129898"><ele>1374.728</ele><time>2014-09-28T09:49:28Z</time></trkpt><trkpt lat="46.563198" lon="12.129868"><ele>1374.410</ele><time>2014-09-28T09:49:33Z</time></trkpt><trkpt lat="46.563196" lon="12.129846"><ele>1374.184</ele><time>2014-09-28T09:49:34Z</time></trkpt><trkpt lat="46.563191" lon="12.129823"><ele>1373.799</ele><time>2014-09-28T09:49:35Z</time></trkpt><trkpt lat="46.563185" lon="12.129760"><ele>1372.827</ele><time>2014-09-28T09:49:38Z</time></trkpt><trkpt lat="46.563183" lon="12.129742"><ele>1372.514</ele><time>2014-09-28T09:49:39Z</time></trkpt><trkpt lat="46.563197" lon="12.129628"><ele>1371.498</ele><time>2014-09-28T09:49:46Z</time></trkpt><trkpt lat="46.563195" lon="12.129621"><ele>1371.221</ele><time>2014-09-28T09:49:50Z</time></trkpt><trkpt lat="46.563178" lon="12.129569"><ele>1370.384</ele><time>2014-09-28T09:49:54Z</time></trkpt><trkpt lat="46.563180" lon="12.129571"><ele>1370.407</ele><time>2014-09-28T09:49:55Z</time></trkpt><trkpt lat="46.563175" lon="12.129529"><ele>1369.817</ele><time>2014-09-28T09:49:59Z</time></trkpt><trkpt lat="46.563171" lon="12.129535"><ele>1369.808</ele><time>2014-09-28T09:50:01Z</time></trkpt><trkpt lat="46.563173" lon="12.129516"><ele>1369.669</ele><time>2014-09-28T09:50:07Z</time></trkpt><trkpt lat="46.563167" lon="12.129502"><ele>1369.321</ele><time>2014-09-28T09:50:15Z</time></trkpt><trkpt lat="46.563152" lon="12.129465"><ele>1368.625</ele><time>2014-09-28T09:50:26Z</time></trkpt><trkpt lat="46.563141" lon="12.129430"><ele>1368.150</ele><time>2014-09-28T09:50:36Z</time></trkpt><trkpt lat="46.563166" lon="12.129468"><ele>1368.998</ele><time>2014-09-28T09:50:51Z</time></trkpt><trkpt lat="46.563183" lon="12.129499"><ele>1369.595</ele><time>2014-09-28T09:50:59Z</time></trkpt><trkpt lat="46.563202" lon="12.129528"><ele>1370.289</ele><time>2014-09-28T09:51:04Z</time></trkpt><trkpt lat="46.563229" lon="12.129536"><ele>1370.712</ele><time>2014-09-28T09:51:09Z</time></trkpt><trkpt lat="46.563232" lon="12.129538"><ele>1370.892</ele><time>2014-09-28T09:51:11Z</time></trkpt><trkpt lat="46.563249" lon="12.129523"><ele>1370.873</ele><time>2014-09-28T09:51:15Z</time></trkpt><trkpt lat="46.563252" lon="12.129495"><ele>1370.520</ele><time>2014-09-28T09:51:22Z</time></trkpt><trkpt lat="46.563246" lon="12.129462"><ele>1370.008</ele><time>2014-09-28T09:51:28Z</time></trkpt><trkpt lat="46.563237" lon="12.129404"><ele>1369.280</ele><time>2014-09-28T09:51:36Z</time></trkpt><trkpt lat="46.563247" lon="12.129416"><ele>1369.522</ele><time>2014-09-28T09:51:48Z</time></trkpt><trkpt lat="46.563227" lon="12.129348"><ele>1368.456</ele><time>2014-09-28T09:51:55Z</time></trkpt><trkpt lat="46.563208" lon="12.129370"><ele>1368.481</ele><time>2014-09-28T09:52:00Z</time></trkpt><trkpt lat="46.563209" lon="12.129396"><ele>1368.779</ele><time>2014-09-28T09:52:09Z</time></trkpt><trkpt lat="46.563169" lon="12.129401"><ele>1368.296</ele><time>2014-09-28T09:52:17Z</time></trkpt><trkpt lat="46.563150" lon="12.129413"><ele>1368.060</ele><time>2014-09-28T09:52:24Z</time></trkpt><trkpt lat="46.563148" lon="12.129437"><ele>1368.353</ele><time>2014-09-28T09:52:39Z</time></trkpt><trkpt lat="46.563150" lon="12.129435"><ele>1368.369</ele><time>2014-09-28T09:52:45Z</time></trkpt><trkpt lat="46.563175" lon="12.129538"><ele>1369.904</ele><time>2014-09-28T09:53:08Z</time></trkpt><trkpt lat="46.563187" lon="12.129561"><ele>1370.424</ele><time>2014-09-28T09:53:19Z</time></trkpt><trkpt lat="46.563183" lon="12.129569"><ele>1370.408</ele><time>2014-09-28T09:53:47Z</time></trkpt><trkpt lat="46.563183" lon="12.129567"><ele>1370.467</ele><time>2014-09-28T09:54:09Z</time></trkpt><trkpt lat="46.563182" lon="12.129495"><ele>1369.579</ele><time>2014-09-28T09:54:24Z</time></trkpt><trkpt lat="46.563178" lon="12.129495"><ele>1369.443</ele><time>2014-09-28T09:54:29Z</time></trkpt><trkpt lat="46.563172" lon="12.129484"><ele>1369.268</ele><time>2014-09-28T09:54:56Z</time></trkpt><trkpt lat="46.563203" lon="12.129472"><ele>1369.536</ele><time>2014-09-28T09:55:02Z</time></trkpt><trkpt lat="46.563256" lon="12.129456"><ele>1370.043</ele><time>2014-09-28T09:55:10Z</time></trkpt><trkpt lat="46.563302" lon="12.129445"><ele>1370.677</ele><time>2014-09-28T09:55:17Z</time></trkpt><trkpt lat="46.563330" lon="12.129425"><ele>1370.750</ele><time>2014-09-28T09:55:20Z</time></trkpt><trkpt lat="46.563340" lon="12.129420"><ele>1370.992</ele><time>2014-09-28T09:55:21Z</time></trkpt><trkpt lat="46.563391" lon="12.129403"><ele>1371.673</ele><time>2014-09-28T09:55:25Z</time></trkpt><trkpt lat="46.563415" lon="12.129393"><ele>1371.920</ele><time>2014-09-28T09:55:27Z</time></trkpt><trkpt lat="46.563432" lon="12.129382"><ele>1372.108</ele><time>2014-09-28T09:55:29Z</time></trkpt><trkpt lat="46.563474" lon="12.129396"><ele>1373.050</ele><time>2014-09-28T09:55:32Z</time></trkpt><trkpt lat="46.563523" lon="12.129367"><ele>1373.652</ele><time>2014-09-28T09:55:38Z</time></trkpt><trkpt lat="46.563533" lon="12.129359"><ele>1373.776</ele><time>2014-09-28T09:55:39Z</time></trkpt><trkpt lat="46.563561" lon="12.129332"><ele>1373.941</ele><time>2014-09-28T09:55:43Z</time></trkpt><trkpt lat="46.563573" lon="12.129320"><ele>1374.049</ele><time>2014-09-28T09:55:44Z</time></trkpt><trkpt lat="46.563580" lon="12.129319"><ele>1374.146</ele><time>2014-09-28T09:55:45Z</time></trkpt><trkpt lat="46.563590" lon="12.129312"><ele>1374.260</ele><time>2014-09-28T09:55:46Z</time></trkpt><trkpt lat="46.563618" lon="12.129278"><ele>1374.323</ele><time>2014-09-28T09:55:51Z</time></trkpt><trkpt lat="46.563622" lon="12.129275"><ele>1374.423</ele><time>2014-09-28T09:55:52Z</time></trkpt><trkpt lat="46.563649" lon="12.129267"><ele>1374.883</ele><time>2014-09-28T09:55:58Z</time></trkpt><trkpt lat="46.563702" lon="12.129234"><ele>1375.411</ele><time>2014-09-28T09:56:05Z</time></trkpt><trkpt lat="46.563715" lon="12.129225"><ele>1375.608</ele><time>2014-09-28T09:56:08Z</time></trkpt><trkpt lat="46.563734" lon="12.129200"><ele>1375.643</ele><time>2014-09-28T09:56:11Z</time></trkpt><trkpt lat="46.563770" lon="12.129189"><ele>1376.125</ele><time>2014-09-28T09:56:16Z</time></trkpt><trkpt lat="46.563810" lon="12.129174"><ele>1376.719</ele><time>2014-09-28T09:56:23Z</time></trkpt><trkpt lat="46.563826" lon="12.129173"><ele>1377.084</ele><time>2014-09-28T09:56:25Z</time></trkpt><trkpt lat="46.563834" lon="12.129148"><ele>1376.792</ele><time>2014-09-28T09:56:29Z</time></trkpt><trkpt lat="46.563838" lon="12.129154"><ele>1376.929</ele><time>2014-09-28T09:56:34Z</time></trkpt><trkpt lat="46.563889" lon="12.129184"><ele>1378.363</ele><time>2014-09-28T09:56:39Z</time></trkpt><trkpt lat="46.563916" lon="12.129193"><ele>1378.956</ele><time>2014-09-28T09:56:42Z</time></trkpt><trkpt lat="46.563928" lon="12.129194"><ele>1379.114</ele><time>2014-09-28T09:56:44Z</time></trkpt><trkpt lat="46.563931" lon="12.129170"><ele>1378.854</ele><time>2014-09-28T09:56:48Z</time></trkpt><trkpt lat="46.563968" lon="12.129187"><ele>1379.709</ele><time>2014-09-28T09:56:51Z</time></trkpt><trkpt lat="46.564010" lon="12.129209"><ele>1380.808</ele><time>2014-09-28T09:56:58Z</time></trkpt><trkpt lat="46.564043" lon="12.129209"><ele>1381.442</ele><time>2014-09-28T09:57:02Z</time></trkpt><trkpt lat="46.564071" lon="12.129196"><ele>1381.784</ele><time>2014-09-28T09:57:05Z</time></trkpt><trkpt lat="46.564087" lon="12.129193"><ele>1381.938</ele><time>2014-09-28T09:57:07Z</time></trkpt><trkpt lat="46.564121" lon="12.129176"><ele>1382.343</ele><time>2014-09-28T09:57:10Z</time></trkpt><trkpt lat="46.564145" lon="12.129163"><ele>1382.581</ele><time>2014-09-28T09:57:11Z</time></trkpt><trkpt lat="46.564165" lon="12.129168"><ele>1383.058</ele><time>2014-09-28T09:57:13Z</time></trkpt><trkpt lat="46.564188" lon="12.129165"><ele>1383.422</ele><time>2014-09-28T09:57:15Z</time></trkpt><trkpt lat="46.564201" lon="12.129164"><ele>1383.695</ele><time>2014-09-28T09:57:16Z</time></trkpt><trkpt lat="46.564273" lon="12.129163"><ele>1384.861</ele><time>2014-09-28T09:57:23Z</time></trkpt><trkpt lat="46.564280" lon="12.129156"><ele>1384.821</ele><time>2014-09-28T09:57:24Z</time></trkpt><trkpt lat="46.564298" lon="12.129161"><ele>1385.313</ele><time>2014-09-28T09:57:26Z</time></trkpt><trkpt lat="46.564316" lon="12.129163"><ele>1385.608</ele><time>2014-09-28T09:57:28Z</time></trkpt><trkpt lat="46.564357" lon="12.129178"><ele>1386.637</ele><time>2014-09-28T09:57:33Z</time></trkpt><trkpt lat="46.564351" lon="12.129183"><ele>1386.619</ele><time>2014-09-28T09:57:34Z</time></trkpt><trkpt lat="46.564395" lon="12.129193"><ele>1387.533</ele><time>2014-09-28T09:57:38Z</time></trkpt><trkpt lat="46.564414" lon="12.129199"><ele>1387.978</ele><time>2014-09-28T09:57:40Z</time></trkpt><trkpt lat="46.564409" lon="12.129215"><ele>1388.176</ele><time>2014-09-28T09:57:44Z</time></trkpt><trkpt lat="46.564440" lon="12.129220"><ele>1388.723</ele><time>2014-09-28T09:57:45Z</time></trkpt><trkpt lat="46.564450" lon="12.129229"><ele>1389.057</ele><time>2014-09-28T09:57:46Z</time></trkpt><trkpt lat="46.564459" lon="12.129236"><ele>1389.220</ele><time>2014-09-28T09:57:49Z</time></trkpt><trkpt lat="46.564479" lon="12.129248"><ele>1389.765</ele><time>2014-09-28T09:57:50Z</time></trkpt><trkpt lat="46.564516" lon="12.129254"><ele>1390.468</ele><time>2014-09-28T09:57:56Z</time></trkpt><trkpt lat="46.564543" lon="12.129265"><ele>1391.014</ele><time>2014-09-28T09:58:00Z</time></trkpt><trkpt lat="46.564548" lon="12.129270"><ele>1391.108</ele><time>2014-09-28T09:58:01Z</time></trkpt><trkpt lat="46.564590" lon="12.129275"><ele>1391.987</ele><time>2014-09-28T09:58:05Z</time></trkpt><trkpt lat="46.564631" lon="12.129257"><ele>1392.269</ele><time>2014-09-28T09:58:09Z</time></trkpt><trkpt lat="46.564658" lon="12.129255"><ele>1392.673</ele><time>2014-09-28T09:58:12Z</time></trkpt><trkpt lat="46.564684" lon="12.129270"><ele>1393.338</ele><time>2014-09-28T09:58:15Z</time></trkpt><trkpt lat="46.564697" lon="12.129274"><ele>1393.576</ele><time>2014-09-28T09:58:16Z</time></trkpt><trkpt lat="46.564709" lon="12.129274"><ele>1393.743</ele><time>2014-09-28T09:58:18Z</time></trkpt><trkpt lat="46.564726" lon="12.129271"><ele>1393.937</ele><time>2014-09-28T09:58:19Z</time></trkpt><trkpt lat="46.564753" lon="12.129301"><ele>1395.050</ele><time>2014-09-28T09:58:21Z</time></trkpt><trkpt lat="46.564793" lon="12.129293"><ele>1395.572</ele><time>2014-09-28T09:58:26Z</time></trkpt><trkpt lat="46.564804" lon="12.129293"><ele>1395.713</ele><time>2014-09-28T09:58:27Z</time></trkpt><trkpt lat="46.564845" lon="12.129284"><ele>1396.314</ele><time>2014-09-28T09:58:32Z</time></trkpt><trkpt lat="46.564865" lon="12.129277"><ele>1396.608</ele><time>2014-09-28T09:58:34Z</time></trkpt><trkpt lat="46.564878" lon="12.129278"><ele>1396.868</ele><time>2014-09-28T09:58:35Z</time></trkpt><trkpt lat="46.564898" lon="12.129284"><ele>1397.310</ele><time>2014-09-28T09:58:38Z</time></trkpt><trkpt lat="46.564890" lon="12.129283"><ele>1397.134</ele><time>2014-09-28T09:58:40Z</time></trkpt><trkpt lat="46.564890" lon="12.129290"><ele>1397.229</ele><time>2014-09-28T09:58:41Z</time></trkpt><trkpt lat="46.564912" lon="12.129284"><ele>1397.597</ele><time>2014-09-28T09:58:46Z</time></trkpt><trkpt lat="46.564920" lon="12.129277"><ele>1397.574</ele><time>2014-09-28T09:58:48Z</time></trkpt><trkpt lat="46.564996" lon="12.129252"><ele>1398.588</ele><time>2014-09-28T09:58:55Z</time></trkpt><trkpt lat="46.565007" lon="12.129237"><ele>1398.481</ele><time>2014-09-28T09:58:59Z</time></trkpt><trkpt lat="46.565019" lon="12.129243"><ele>1398.768</ele><time>2014-09-28T09:59:00Z</time></trkpt><trkpt lat="46.565054" lon="12.129228"><ele>1399.142</ele><time>2014-09-28T09:59:05Z</time></trkpt><trkpt lat="46.565055" lon="12.129230"><ele>1399.226</ele><time>2014-09-28T09:59:06Z</time></trkpt><trkpt lat="46.565098" lon="12.129246"><ele>1400.308</ele><time>2014-09-28T09:59:09Z</time></trkpt><trkpt lat="46.565122" lon="12.129250"><ele>1400.837</ele><time>2014-09-28T09:59:12Z</time></trkpt><trkpt lat="46.565153" lon="12.129242"><ele>1401.339</ele><time>2014-09-28T09:59:14Z</time></trkpt><trkpt lat="46.565180" lon="12.129236"><ele>1401.763</ele><time>2014-09-28T09:59:16Z</time></trkpt><trkpt lat="46.565200" lon="12.129242"><ele>1402.278</ele><time>2014-09-28T09:59:19Z</time></trkpt><trkpt lat="46.565201" lon="12.129238"><ele>1402.176</ele><time>2014-09-28T09:59:20Z</time></trkpt><trkpt lat="46.565232" lon="12.129218"><ele>1402.393</ele><time>2014-09-28T09:59:25Z</time></trkpt><trkpt lat="46.565248" lon="12.129241"><ele>1403.027</ele><time>2014-09-28T09:59:28Z</time></trkpt><trkpt lat="46.565235" lon="12.129206"><ele>1402.120</ele><time>2014-09-28T09:59:30Z</time></trkpt><trkpt lat="46.565259" lon="12.129262"><ele>1403.785</ele><time>2014-09-28T09:59:34Z</time></trkpt><trkpt lat="46.565232" lon="12.129224"><ele>1402.489</ele><time>2014-09-28T09:59:35Z</time></trkpt><trkpt lat="46.565341" lon="12.129259"><ele>1405.117</ele><time>2014-09-28T09:59:39Z</time></trkpt><trkpt lat="46.565343" lon="12.129250"><ele>1405.008</ele><time>2014-09-28T09:59:43Z</time></trkpt><trkpt lat="46.565346" lon="12.129267"><ele>1405.499</ele><time>2014-09-28T09:59:45Z</time></trkpt><trkpt lat="46.565405" lon="12.129296"><ele>1407.191</ele><time>2014-09-28T09:59:47Z</time></trkpt><trkpt lat="46.565411" lon="12.129298"><ele>1407.225</ele><time>2014-09-28T09:59:49Z</time></trkpt><trkpt lat="46.565416" lon="12.129298"><ele>1407.340</ele><time>2014-09-28T09:59:50Z</time></trkpt><trkpt lat="46.565454" lon="12.129307"><ele>1408.288</ele><time>2014-09-28T09:59:53Z</time></trkpt><trkpt lat="46.565473" lon="12.129315"><ele>1408.715</ele><time>2014-09-28T09:59:57Z</time></trkpt><trkpt lat="46.565474" lon="12.129325"><ele>1409.049</ele><time>2014-09-28T09:59:58Z</time></trkpt><trkpt lat="46.565508" lon="12.129345"><ele>1410.022</ele><time>2014-09-28T10:00:05Z</time></trkpt><trkpt lat="46.565503" lon="12.129360"><ele>1410.276</ele><time>2014-09-28T10:00:06Z</time></trkpt><trkpt lat="46.565543" lon="12.129396"><ele>1411.790</ele><time>2014-09-28T10:00:12Z</time></trkpt><trkpt lat="46.565542" lon="12.129388"><ele>1411.519</ele><time>2014-09-28T10:00:13Z</time></trkpt><trkpt lat="46.565576" lon="12.129430"><ele>1413.008</ele><time>2014-09-28T10:00:19Z</time></trkpt><trkpt lat="46.565588" lon="12.129455"><ele>1413.768</ele><time>2014-09-28T10:00:23Z</time></trkpt><trkpt lat="46.565604" lon="12.129467"><ele>1414.230</ele><time>2014-09-28T10:00:25Z</time></trkpt><trkpt lat="46.565621" lon="12.129471"><ele>1414.594</ele><time>2014-09-28T10:00:29Z</time></trkpt><trkpt lat="46.565626" lon="12.129482"><ele>1414.899</ele><time>2014-09-28T10:00:32Z</time></trkpt><trkpt lat="46.565630" lon="12.129487"><ele>1415.097</ele><time>2014-09-28T10:00:33Z</time></trkpt><trkpt lat="46.565645" lon="12.129504"><ele>1415.624</ele><time>2014-09-28T10:00:39Z</time></trkpt><trkpt lat="46.565652" lon="12.129505"><ele>1415.768</ele><time>2014-09-28T10:00:41Z</time></trkpt><trkpt lat="46.565687" lon="12.129538"><ele>1416.961</ele><time>2014-09-28T10:00:47Z</time></trkpt><trkpt lat="46.565703" lon="12.129572"><ele>1417.952</ele><time>2014-09-28T10:00:52Z</time></trkpt><trkpt lat="46.565710" lon="12.129578"><ele>1418.153</ele><time>2014-09-28T10:00:53Z</time></trkpt><trkpt lat="46.565741" lon="12.129598"><ele>1419.008</ele><time>2014-09-28T10:00:58Z</time></trkpt><trkpt lat="46.565799" lon="12.129617"><ele>1420.208</ele><time>2014-09-28T10:01:04Z</time></trkpt><trkpt lat="46.565863" lon="12.129641"><ele>1421.636</ele><time>2014-09-28T10:01:09Z</time></trkpt><trkpt lat="46.565917" lon="12.129651"><ele>1422.628</ele><time>2014-09-28T10:01:13Z</time></trkpt><trkpt lat="46.565950" lon="12.129660"><ele>1423.272</ele><time>2014-09-28T10:01:16Z</time></trkpt><trkpt lat="46.565966" lon="12.129673"><ele>1423.847</ele><time>2014-09-28T10:01:18Z</time></trkpt><trkpt lat="46.565993" lon="12.129710"><ele>1425.015</ele><time>2014-09-28T10:01:21Z</time></trkpt><trkpt lat="46.565994" lon="12.129698"><ele>1424.732</ele><time>2014-09-28T10:01:22Z</time></trkpt><trkpt lat="46.566007" lon="12.129709"><ele>1425.216</ele><time>2014-09-28T10:01:23Z</time></trkpt><trkpt lat="46.566022" lon="12.129727"><ele>1425.879</ele><time>2014-09-28T10:01:26Z</time></trkpt><trkpt lat="46.566034" lon="12.129744"><ele>1426.562</ele><time>2014-09-28T10:01:29Z</time></trkpt><trkpt lat="46.566055" lon="12.129744"><ele>1426.883</ele><time>2014-09-28T10:01:31Z</time></trkpt><trkpt lat="46.566095" lon="12.129762"><ele>1427.911</ele><time>2014-09-28T10:01:35Z</time></trkpt><trkpt lat="46.566104" lon="12.129764"><ele>1428.108</ele><time>2014-09-28T10:01:36Z</time></trkpt><trkpt lat="46.566128" lon="12.129761"><ele>1428.587</ele><time>2014-09-28T10:01:39Z</time></trkpt><trkpt lat="46.566155" lon="12.129762"><ele>1429.079</ele><time>2014-09-28T10:01:42Z</time></trkpt><trkpt lat="46.566158" lon="12.129759"><ele>1429.013</ele><time>2014-09-28T10:01:43Z</time></trkpt><trkpt lat="46.566186" lon="12.129785"><ele>1430.258</ele><time>2014-09-28T10:01:47Z</time></trkpt><trkpt lat="46.566194" lon="12.129801"><ele>1430.896</ele><time>2014-09-28T10:01:49Z</time></trkpt><trkpt lat="46.566190" lon="12.129803"><ele>1430.863</ele><time>2014-09-28T10:01:52Z</time></trkpt><trkpt lat="46.566205" lon="12.129811"><ele>1431.367</ele><time>2014-09-28T10:01:57Z</time></trkpt><trkpt lat="46.566208" lon="12.129814"><ele>1431.430</ele><time>2014-09-28T10:02:00Z</time></trkpt><trkpt lat="46.566214" lon="12.129830"><ele>1431.945</ele><time>2014-09-28T10:02:08Z</time></trkpt><trkpt lat="46.566221" lon="12.129833"><ele>1432.147</ele><time>2014-09-28T10:02:15Z</time></trkpt><trkpt lat="46.566221" lon="12.129832"><ele>1432.111</ele><time>2014-09-28T10:02:21Z</time></trkpt><trkpt lat="46.566225" lon="12.129829"><ele>1432.108</ele><time>2014-09-28T10:02:31Z</time></trkpt><trkpt lat="46.566244" lon="12.129859"><ele>1433.195</ele><time>2014-09-28T10:02:39Z</time></trkpt><trkpt lat="46.566246" lon="12.129881"><ele>1433.747</ele><time>2014-09-28T10:02:42Z</time></trkpt><trkpt lat="46.566249" lon="12.129901"><ele>1434.211</ele><time>2014-09-28T10:02:45Z</time></trkpt><trkpt lat="46.566266" lon="12.129952"><ele>1435.676</ele><time>2014-09-28T10:02:51Z</time></trkpt><trkpt lat="46.566274" lon="12.129993"><ele>1436.694</ele><time>2014-09-28T10:02:54Z</time></trkpt><trkpt lat="46.566273" lon="12.130004"><ele>1436.811</ele><time>2014-09-28T10:02:56Z</time></trkpt><trkpt lat="46.566293" lon="12.130045"><ele>1437.925</ele><time>2014-09-28T10:03:00Z</time></trkpt><trkpt lat="46.566301" lon="12.130059"><ele>1438.348</ele><time>2014-09-28T10:03:02Z</time></trkpt><trkpt lat="46.566306" lon="12.130078"><ele>1438.844</ele><time>2014-09-28T10:03:03Z</time></trkpt><trkpt lat="46.566332" lon="12.130079"><ele>1439.105</ele><time>2014-09-28T10:03:06Z</time></trkpt><trkpt lat="46.566366" lon="12.130093"><ele>1439.815</ele><time>2014-09-28T10:03:10Z</time></trkpt><trkpt lat="46.566378" lon="12.130097"><ele>1440.008</ele><time>2014-09-28T10:03:12Z</time></trkpt><trkpt lat="46.566389" lon="12.130099"><ele>1440.155</ele><time>2014-09-28T10:03:13Z</time></trkpt><trkpt lat="46.566396" lon="12.130094"><ele>1440.277</ele><time>2014-09-28T10:03:14Z</time></trkpt><trkpt lat="46.566431" lon="12.130066"><ele>1440.111</ele><time>2014-09-28T10:03:18Z</time></trkpt><trkpt lat="46.566446" lon="12.130073"><ele>1440.636</ele><time>2014-09-28T10:03:20Z</time></trkpt><trkpt lat="46.566466" lon="12.130075"><ele>1440.984</ele><time>2014-09-28T10:03:23Z</time></trkpt><trkpt lat="46.566476" lon="12.130072"><ele>1441.031</ele><time>2014-09-28T10:03:24Z</time></trkpt><trkpt lat="46.566507" lon="12.130070"><ele>1441.515</ele><time>2014-09-28T10:03:27Z</time></trkpt><trkpt lat="46.566525" lon="12.130067"><ele>1441.818</ele><time>2014-09-28T10:03:29Z</time></trkpt><trkpt lat="46.566534" lon="12.130075"><ele>1442.169</ele><time>2014-09-28T10:03:30Z</time></trkpt><trkpt lat="46.566540" lon="12.130091"><ele>1442.504</ele><time>2014-09-28T10:03:32Z</time></trkpt><trkpt lat="46.566549" lon="12.130103"><ele>1442.924</ele><time>2014-09-28T10:03:34Z</time></trkpt><trkpt lat="46.566555" lon="12.130131"><ele>1443.508</ele><time>2014-09-28T10:03:37Z</time></trkpt><trkpt lat="46.566560" lon="12.130157"><ele>1444.177</ele><time>2014-09-28T10:03:40Z</time></trkpt><trkpt lat="46.566575" lon="12.130199"><ele>1445.219</ele><time>2014-09-28T10:03:46Z</time></trkpt><trkpt lat="46.566606" lon="12.130232"><ele>1446.393</ele><time>2014-09-28T10:03:51Z</time></trkpt><trkpt lat="46.566616" lon="12.130239"><ele>1446.528</ele><time>2014-09-28T10:03:52Z</time></trkpt><trkpt lat="46.566636" lon="12.130260"><ele>1447.286</ele><time>2014-09-28T10:03:55Z</time></trkpt><trkpt lat="46.566659" lon="12.130286"><ele>1448.163</ele><time>2014-09-28T10:03:58Z</time></trkpt><trkpt lat="46.566665" lon="12.130285"><ele>1448.177</ele><time>2014-09-28T10:03:59Z</time></trkpt><trkpt lat="46.566695" lon="12.130314"><ele>1449.220</ele><time>2014-09-28T10:04:03Z</time></trkpt><trkpt lat="46.566740" lon="12.130345"><ele>1450.491</ele><time>2014-09-28T10:04:09Z</time></trkpt><trkpt lat="46.566785" lon="12.130389"><ele>1451.981</ele><time>2014-09-28T10:04:16Z</time></trkpt><trkpt lat="46.566797" lon="12.130420"><ele>1452.719</ele><time>2014-09-28T10:04:19Z</time></trkpt><trkpt lat="46.566809" lon="12.130442"><ele>1453.308</ele><time>2014-09-28T10:04:21Z</time></trkpt><trkpt lat="46.566814" lon="12.130446"><ele>1453.450</ele><time>2014-09-28T10:04:22Z</time></trkpt><trkpt lat="46.566826" lon="12.130469"><ele>1454.032</ele><time>2014-09-28T10:04:24Z</time></trkpt><trkpt lat="46.566821" lon="12.130490"><ele>1454.446</ele><time>2014-09-28T10:04:27Z</time></trkpt><trkpt lat="46.566829" lon="12.130501"><ele>1454.711</ele><time>2014-09-28T10:04:28Z</time></trkpt><trkpt lat="46.566844" lon="12.130526"><ele>1455.369</ele><time>2014-09-28T10:04:32Z</time></trkpt><trkpt lat="46.566851" lon="12.130539"><ele>1455.756</ele><time>2014-09-28T10:04:33Z</time></trkpt><trkpt lat="46.566872" lon="12.130559"><ele>1456.350</ele><time>2014-09-28T10:04:36Z</time></trkpt><trkpt lat="46.566887" lon="12.130585"><ele>1457.083</ele><time>2014-09-28T10:04:40Z</time></trkpt><trkpt lat="46.566904" lon="12.130601"><ele>1457.551</ele><time>2014-09-28T10:04:43Z</time></trkpt><trkpt lat="46.566925" lon="12.130639"><ele>1458.601</ele><time>2014-09-28T10:04:48Z</time></trkpt><trkpt lat="46.566950" lon="12.130664"><ele>1459.411</ele><time>2014-09-28T10:04:54Z</time></trkpt><trkpt lat="46.566980" lon="12.130712"><ele>1460.908</ele><time>2014-09-28T10:05:02Z</time></trkpt><trkpt lat="46.567009" lon="12.130756"><ele>1462.246</ele><time>2014-09-28T10:05:09Z</time></trkpt><trkpt lat="46.567030" lon="12.130787"><ele>1463.088</ele><time>2014-09-28T10:05:14Z</time></trkpt><trkpt lat="46.567065" lon="12.130807"><ele>1463.882</ele><time>2014-09-28T10:05:20Z</time></trkpt><trkpt lat="46.567102" lon="12.130816"><ele>1464.417</ele><time>2014-09-28T10:05:25Z</time></trkpt><trkpt lat="46.567108" lon="12.130822"><ele>1464.655</ele><time>2014-09-28T10:05:26Z</time></trkpt><trkpt lat="46.567117" lon="12.130822"><ele>1464.782</ele><time>2014-09-28T10:05:30Z</time></trkpt><trkpt lat="46.567135" lon="12.130832"><ele>1465.056</ele><time>2014-09-28T10:05:31Z</time></trkpt><trkpt lat="46.567164" lon="12.130831"><ele>1465.389</ele><time>2014-09-28T10:05:35Z</time></trkpt><trkpt lat="46.567176" lon="12.130830"><ele>1465.471</ele><time>2014-09-28T10:05:37Z</time></trkpt><trkpt lat="46.567185" lon="12.130829"><ele>1465.541</ele><time>2014-09-28T10:05:41Z</time></trkpt><trkpt lat="46.567215" lon="12.130822"><ele>1465.815</ele><time>2014-09-28T10:05:44Z</time></trkpt><trkpt lat="46.567224" lon="12.130824"><ele>1465.908</ele><time>2014-09-28T10:05:46Z</time></trkpt><trkpt lat="46.567251" lon="12.130825"><ele>1466.928</ele><time>2014-09-28T10:05:50Z</time></trkpt><trkpt lat="46.567268" lon="12.130830"><ele>1467.650</ele><time>2014-09-28T10:05:53Z</time></trkpt><trkpt lat="46.567289" lon="12.130835"><ele>1468.514</ele><time>2014-09-28T10:05:56Z</time></trkpt><trkpt lat="46.567298" lon="12.130838"><ele>1468.959</ele><time>2014-09-28T10:05:59Z</time></trkpt><trkpt lat="46.567329" lon="12.130849"><ele>1470.317</ele><time>2014-09-28T10:06:03Z</time></trkpt><trkpt lat="46.567333" lon="12.130854"><ele>1470.634</ele><time>2014-09-28T10:06:04Z</time></trkpt><trkpt lat="46.567355" lon="12.130864"><ele>1471.758</ele><time>2014-09-28T10:06:10Z</time></trkpt><trkpt lat="46.567375" lon="12.130869"><ele>1472.641</ele><time>2014-09-28T10:06:15Z</time></trkpt><trkpt lat="46.567383" lon="12.130870"><ele>1472.976</ele><time>2014-09-28T10:06:16Z</time></trkpt><trkpt lat="46.567402" lon="12.130871"><ele>1473.690</ele><time>2014-09-28T10:06:20Z</time></trkpt><trkpt lat="46.567423" lon="12.130881"><ele>1474.719</ele><time>2014-09-28T10:06:23Z</time></trkpt><trkpt lat="46.567425" lon="12.130877"><ele>1474.708</ele><time>2014-09-28T10:06:29Z</time></trkpt><trkpt lat="46.567425" lon="12.130879"><ele>1474.788</ele><time>2014-09-28T10:06:31Z</time></trkpt><trkpt lat="46.567426" lon="12.130869"><ele>1474.590</ele><time>2014-09-28T10:06:37Z</time></trkpt><trkpt lat="46.567424" lon="12.130866"><ele>1474.324</ele><time>2014-09-28T10:06:46Z</time></trkpt><trkpt lat="46.567433" lon="12.130861"><ele>1474.549</ele><time>2014-09-28T10:06:54Z</time></trkpt><trkpt lat="46.567432" lon="12.130853"><ele>1474.237</ele><time>2014-09-28T10:07:04Z</time></trkpt><trkpt lat="46.567430" lon="12.130844"><ele>1473.824</ele><time>2014-09-28T10:07:12Z</time></trkpt><trkpt lat="46.567457" lon="12.130849"><ele>1475.028</ele><time>2014-09-28T10:07:22Z</time></trkpt><trkpt lat="46.567495" lon="12.130896"><ele>1477.831</ele><time>2014-09-28T10:07:28Z</time></trkpt><trkpt lat="46.567503" lon="12.130903"><ele>1478.312</ele><time>2014-09-28T10:07:29Z</time></trkpt><trkpt lat="46.567520" lon="12.130914"><ele>1478.932</ele><time>2014-09-28T10:07:31Z</time></trkpt><trkpt lat="46.567524" lon="12.130930"><ele>1479.405</ele><time>2014-09-28T10:07:33Z</time></trkpt><trkpt lat="46.567527" lon="12.130941"><ele>1479.808</ele><time>2014-09-28T10:07:34Z</time></trkpt><trkpt lat="46.567531" lon="12.130948"><ele>1480.142</ele><time>2014-09-28T10:07:37Z</time></trkpt><trkpt lat="46.567540" lon="12.130942"><ele>1480.084</ele><time>2014-09-28T10:07:40Z</time></trkpt><trkpt lat="46.567540" lon="12.130948"><ele>1480.258</ele><time>2014-09-28T10:07:46Z</time></trkpt><trkpt lat="46.567561" lon="12.130957"><ele>1480.853</ele><time>2014-09-28T10:08:01Z</time></trkpt><trkpt lat="46.567610" lon="12.130958"><ele>1481.491</ele><time>2014-09-28T10:08:07Z</time></trkpt><trkpt lat="46.567620" lon="12.130968"><ele>1481.918</ele><time>2014-09-28T10:08:13Z</time></trkpt><trkpt lat="46.567653" lon="12.130980"><ele>1482.792</ele><time>2014-09-28T10:08:20Z</time></trkpt><trkpt lat="46.567694" lon="12.131001"><ele>1483.895</ele><time>2014-09-28T10:08:26Z</time></trkpt><trkpt lat="46.567724" lon="12.131021"><ele>1484.884</ele><time>2014-09-28T10:08:31Z</time></trkpt><trkpt lat="46.567721" lon="12.131019"><ele>1484.707</ele><time>2014-09-28T10:08:33Z</time></trkpt><trkpt lat="46.567732" lon="12.131033"><ele>1485.217</ele><time>2014-09-28T10:08:35Z</time></trkpt><trkpt lat="46.567760" lon="12.131056"><ele>1486.208</ele><time>2014-09-28T10:08:39Z</time></trkpt><trkpt lat="46.567763" lon="12.131077"><ele>1486.919</ele><time>2014-09-28T10:08:43Z</time></trkpt><trkpt lat="46.567768" lon="12.131087"><ele>1487.251</ele><time>2014-09-28T10:08:44Z</time></trkpt><trkpt lat="46.567778" lon="12.131105"><ele>1487.845</ele><time>2014-09-28T10:08:47Z</time></trkpt><trkpt lat="46.567790" lon="12.131128"><ele>1488.740</ele><time>2014-09-28T10:08:52Z</time></trkpt><trkpt lat="46.567792" lon="12.131146"><ele>1489.228</ele><time>2014-09-28T10:08:57Z</time></trkpt><trkpt lat="46.567795" lon="12.131158"><ele>1489.675</ele><time>2014-09-28T10:08:58Z</time></trkpt><trkpt lat="46.567818" lon="12.131183"><ele>1490.999</ele><time>2014-09-28T10:09:03Z</time></trkpt><trkpt lat="46.567825" lon="12.131196"><ele>1491.482</ele><time>2014-09-28T10:09:06Z</time></trkpt><trkpt lat="46.567835" lon="12.131212"><ele>1492.124</ele><time>2014-09-28T10:09:08Z</time></trkpt><trkpt lat="46.567851" lon="12.131236"><ele>1493.104</ele><time>2014-09-28T10:09:12Z</time></trkpt><trkpt lat="46.567865" lon="12.131267"><ele>1494.314</ele><time>2014-09-28T10:09:18Z</time></trkpt><trkpt lat="46.567881" lon="12.131280"><ele>1495.108</ele><time>2014-09-28T10:09:20Z</time></trkpt><trkpt lat="46.567890" lon="12.131298"><ele>1495.813</ele><time>2014-09-28T10:09:23Z</time></trkpt><trkpt lat="46.567901" lon="12.131318"><ele>1496.625</ele><time>2014-09-28T10:09:26Z</time></trkpt><trkpt lat="46.567910" lon="12.131327"><ele>1497.189</ele><time>2014-09-28T10:09:28Z</time></trkpt><trkpt lat="46.567923" lon="12.131343"><ele>1497.914</ele><time>2014-09-28T10:09:31Z</time></trkpt><trkpt lat="46.567933" lon="12.131355"><ele>1498.582</ele><time>2014-09-28T10:09:33Z</time></trkpt><trkpt lat="46.567953" lon="12.131380"><ele>1499.869</ele><time>2014-09-28T10:09:38Z</time></trkpt><trkpt lat="46.567953" lon="12.131381"><ele>1499.893</ele><time>2014-09-28T10:09:39Z</time></trkpt><trkpt lat="46.567991" lon="12.131417"><ele>1502.126</ele><time>2014-09-28T10:09:45Z</time></trkpt><trkpt lat="46.567992" lon="12.131419"><ele>1502.293</ele><time>2014-09-28T10:09:46Z</time></trkpt><trkpt lat="46.568015" lon="12.131435"><ele>1503.565</ele><time>2014-09-28T10:09:50Z</time></trkpt><trkpt lat="46.568030" lon="12.131447"><ele>1504.321</ele><time>2014-09-28T10:09:52Z</time></trkpt><trkpt lat="46.568040" lon="12.131464"><ele>1505.208</ele><time>2014-09-28T10:09:56Z</time></trkpt><trkpt lat="46.568054" lon="12.131464"><ele>1505.780</ele><time>2014-09-28T10:09:58Z</time></trkpt><trkpt lat="46.568073" lon="12.131478"><ele>1506.582</ele><time>2014-09-28T10:10:02Z</time></trkpt><trkpt lat="46.568083" lon="12.131483"><ele>1506.996</ele><time>2014-09-28T10:10:06Z</time></trkpt><trkpt lat="46.568098" lon="12.131490"><ele>1507.471</ele><time>2014-09-28T10:10:12Z</time></trkpt><trkpt lat="46.568105" lon="12.131492"><ele>1507.639</ele><time>2014-09-28T10:10:17Z</time></trkpt><trkpt lat="46.568110" lon="12.131496"><ele>1507.996</ele><time>2014-09-28T10:10:20Z</time></trkpt><trkpt lat="46.568122" lon="12.131512"><ele>1508.740</ele><time>2014-09-28T10:10:21Z</time></trkpt><trkpt lat="46.568142" lon="12.131532"><ele>1509.713</ele><time>2014-09-28T10:10:25Z</time></trkpt><trkpt lat="46.568155" lon="12.131549"><ele>1510.512</ele><time>2014-09-28T10:10:28Z</time></trkpt><trkpt lat="46.568167" lon="12.131571"><ele>1511.432</ele><time>2014-09-28T10:10:32Z</time></trkpt><trkpt lat="46.568172" lon="12.131588"><ele>1512.105</ele><time>2014-09-28T10:10:35Z</time></trkpt><trkpt lat="46.568189" lon="12.131616"><ele>1513.308</ele><time>2014-09-28T10:10:39Z</time></trkpt><trkpt lat="46.568191" lon="12.131613"><ele>1513.262</ele><time>2014-09-28T10:10:40Z</time></trkpt><trkpt lat="46.568198" lon="12.131638"><ele>1514.164</ele><time>2014-09-28T10:10:44Z</time></trkpt><trkpt lat="46.568209" lon="12.131648"><ele>1514.618</ele><time>2014-09-28T10:10:46Z</time></trkpt><trkpt lat="46.568240" lon="12.131656"><ele>1515.343</ele><time>2014-09-28T10:10:53Z</time></trkpt><trkpt lat="46.568300" lon="12.131672"><ele>1516.721</ele><time>2014-09-28T10:11:02Z</time></trkpt><trkpt lat="46.568294" lon="12.131667"><ele>1516.438</ele><time>2014-09-28T10:11:03Z</time></trkpt><trkpt lat="46.568322" lon="12.131686"><ele>1517.592</ele><time>2014-09-28T10:11:08Z</time></trkpt><trkpt lat="46.568344" lon="12.131685"><ele>1517.945</ele><time>2014-09-28T10:11:11Z</time></trkpt><trkpt lat="46.568364" lon="12.131700"><ele>1519.096</ele><time>2014-09-28T10:11:14Z</time></trkpt><trkpt lat="46.568379" lon="12.131699"><ele>1519.431</ele><time>2014-09-28T10:11:17Z</time></trkpt><trkpt lat="46.568402" lon="12.131698"><ele>1520.124</ele><time>2014-09-28T10:11:20Z</time></trkpt><trkpt lat="46.568437" lon="12.131701"><ele>1521.208</ele><time>2014-09-28T10:11:23Z</time></trkpt><trkpt lat="46.568489" lon="12.131743"><ele>1523.740</ele><time>2014-09-28T10:11:30Z</time></trkpt><trkpt lat="46.568514" lon="12.131725"><ele>1524.112</ele><time>2014-09-28T10:11:36Z</time></trkpt><trkpt lat="46.568511" lon="12.131724"><ele>1524.066</ele><time>2014-09-28T10:11:37Z</time></trkpt><trkpt lat="46.568536" lon="12.131656"><ele>1523.421</ele><time>2014-09-28T10:11:42Z</time></trkpt><trkpt lat="46.568530" lon="12.131639"><ele>1522.939</ele><time>2014-09-28T10:11:43Z</time></trkpt><trkpt lat="46.568536" lon="12.131611"><ele>1522.726</ele><time>2014-09-28T10:11:47Z</time></trkpt><trkpt lat="46.568533" lon="12.131613"><ele>1522.660</ele><time>2014-09-28T10:11:48Z</time></trkpt><trkpt lat="46.568562" lon="12.131552"><ele>1522.833</ele><time>2014-09-28T10:11:54Z</time></trkpt><trkpt lat="46.568570" lon="12.131534"><ele>1522.982</ele><time>2014-09-28T10:11:56Z</time></trkpt><trkpt lat="46.568576" lon="12.131509"><ele>1522.843</ele><time>2014-09-28T10:11:59Z</time></trkpt><trkpt lat="46.568577" lon="12.131510"><ele>1522.917</ele><time>2014-09-28T10:12:00Z</time></trkpt><trkpt lat="46.568588" lon="12.131503"><ele>1523.208</ele><time>2014-09-28T10:12:06Z</time></trkpt><trkpt lat="46.568586" lon="12.131499"><ele>1523.119</ele><time>2014-09-28T10:12:08Z</time></trkpt><trkpt lat="46.568577" lon="12.131486"><ele>1522.591</ele><time>2014-09-28T10:12:12Z</time></trkpt><trkpt lat="46.568577" lon="12.131484"><ele>1522.595</ele><time>2014-09-28T10:12:18Z</time></trkpt><trkpt lat="46.568584" lon="12.131458"><ele>1522.550</ele><time>2014-09-28T10:12:24Z</time></trkpt><trkpt lat="46.568588" lon="12.131433"><ele>1522.498</ele><time>2014-09-28T10:12:30Z</time></trkpt><trkpt lat="46.568594" lon="12.131419"><ele>1522.535</ele><time>2014-09-28T10:12:37Z</time></trkpt><trkpt lat="46.568599" lon="12.131403"><ele>1522.679</ele><time>2014-09-28T10:12:43Z</time></trkpt><trkpt lat="46.568614" lon="12.131391"><ele>1523.232</ele><time>2014-09-28T10:12:49Z</time></trkpt><trkpt lat="46.568628" lon="12.131401"><ele>1524.216</ele><time>2014-09-28T10:12:54Z</time></trkpt><trkpt lat="46.568645" lon="12.131409"><ele>1525.376</ele><time>2014-09-28T10:12:57Z</time></trkpt><trkpt lat="46.568657" lon="12.131423"><ele>1526.213</ele><time>2014-09-28T10:12:59Z</time></trkpt><trkpt lat="46.568664" lon="12.131463"><ele>1527.008</ele><time>2014-09-28T10:13:05Z</time></trkpt><trkpt lat="46.568650" lon="12.131511"><ele>1526.752</ele><time>2014-09-28T10:13:12Z</time></trkpt><trkpt lat="46.568654" lon="12.131540"><ele>1527.324</ele><time>2014-09-28T10:13:16Z</time></trkpt><trkpt lat="46.568659" lon="12.131541"><ele>1527.698</ele><time>2014-09-28T10:13:17Z</time></trkpt><trkpt lat="46.568664" lon="12.131538"><ele>1527.843</ele><time>2014-09-28T10:13:18Z</time></trkpt><trkpt lat="46.568677" lon="12.131508"><ele>1528.321</ele><time>2014-09-28T10:13:22Z</time></trkpt><trkpt lat="46.568681" lon="12.131485"><ele>1528.398</ele><time>2014-09-28T10:13:26Z</time></trkpt><trkpt lat="46.568676" lon="12.131470"><ele>1527.872</ele><time>2014-09-28T10:13:28Z</time></trkpt><trkpt lat="46.568679" lon="12.131441"><ele>1527.795</ele><time>2014-09-28T10:13:32Z</time></trkpt><trkpt lat="46.568686" lon="12.131429"><ele>1528.085</ele><time>2014-09-28T10:13:34Z</time></trkpt><trkpt lat="46.568689" lon="12.131426"><ele>1528.289</ele><time>2014-09-28T10:13:35Z</time></trkpt><trkpt lat="46.568702" lon="12.131419"><ele>1528.917</ele><time>2014-09-28T10:13:39Z</time></trkpt><trkpt lat="46.568705" lon="12.131415"><ele>1529.008</ele><time>2014-09-28T10:13:40Z</time></trkpt><trkpt lat="46.568713" lon="12.131438"><ele>1529.869</ele><time>2014-09-28T10:13:46Z</time></trkpt><trkpt lat="46.568730" lon="12.131464"><ele>1531.151</ele><time>2014-09-28T10:13:49Z</time></trkpt><trkpt lat="46.568727" lon="12.131464"><ele>1530.925</ele><time>2014-09-28T10:13:51Z</time></trkpt><trkpt lat="46.568733" lon="12.131474"><ele>1531.440</ele><time>2014-09-28T10:13:54Z</time></trkpt><trkpt lat="46.568743" lon="12.131505"><ele>1532.378</ele><time>2014-09-28T10:13:57Z</time></trkpt><trkpt lat="46.568767" lon="12.131556"><ele>1534.365</ele><time>2014-09-28T10:14:00Z</time></trkpt><trkpt lat="46.568783" lon="12.131603"><ele>1535.859</ele><time>2014-09-28T10:14:03Z</time></trkpt><trkpt lat="46.568795" lon="12.131615"><ele>1536.722</ele><time>2014-09-28T10:14:04Z</time></trkpt><trkpt lat="46.568829" lon="12.131656"><ele>1539.246</ele><time>2014-09-28T10:14:08Z</time></trkpt><trkpt lat="46.568821" lon="12.131638"><ele>1538.588</ele><time>2014-09-28T10:14:09Z</time></trkpt><trkpt lat="46.568841" lon="12.131658"><ele>1540.016</ele><time>2014-09-28T10:14:10Z</time></trkpt><trkpt lat="46.568871" lon="12.131683"><ele>1542.108</ele><time>2014-09-28T10:14:12Z</time></trkpt><trkpt lat="46.568904" lon="12.131713"><ele>1543.975</ele><time>2014-09-28T10:14:14Z</time></trkpt><trkpt lat="46.568922" lon="12.131724"><ele>1544.627</ele><time>2014-09-28T10:14:18Z</time></trkpt><trkpt lat="46.568942" lon="12.131729"><ele>1545.251</ele><time>2014-09-28T10:14:23Z</time></trkpt><trkpt lat="46.568973" lon="12.131765"><ele>1546.646</ele><time>2014-09-28T10:14:29Z</time></trkpt><trkpt lat="46.568980" lon="12.131772"><ele>1546.914</ele><time>2014-09-28T10:14:34Z</time></trkpt><trkpt lat="46.569020" lon="12.131854"><ele>1549.151</ele><time>2014-09-28T10:14:40Z</time></trkpt><trkpt lat="46.569028" lon="12.131873"><ele>1549.625</ele><time>2014-09-28T10:14:41Z</time></trkpt><trkpt lat="46.569042" lon="12.131892"><ele>1550.378</ele><time>2014-09-28T10:14:46Z</time></trkpt><trkpt lat="46.569049" lon="12.131907"><ele>1550.762</ele><time>2014-09-28T10:14:48Z</time></trkpt><trkpt lat="46.569055" lon="12.131909"><ele>1550.983</ele><time>2014-09-28T10:14:50Z</time></trkpt><trkpt lat="46.569066" lon="12.131918"><ele>1551.411</ele><time>2014-09-28T10:14:53Z</time></trkpt><trkpt lat="46.569069" lon="12.131923"><ele>1551.608</ele><time>2014-09-28T10:14:56Z</time></trkpt><trkpt lat="46.569076" lon="12.131943"><ele>1552.097</ele><time>2014-09-28T10:14:59Z</time></trkpt><trkpt lat="46.569075" lon="12.131952"><ele>1552.139</ele><time>2014-09-28T10:15:00Z</time></trkpt><trkpt lat="46.569079" lon="12.131977"><ele>1552.473</ele><time>2014-09-28T10:15:05Z</time></trkpt><trkpt lat="46.569079" lon="12.131983"><ele>1552.558</ele><time>2014-09-28T10:15:06Z</time></trkpt><trkpt lat="46.569086" lon="12.132010"><ele>1553.036</ele><time>2014-09-28T10:15:08Z</time></trkpt><trkpt lat="46.569092" lon="12.132021"><ele>1553.323</ele><time>2014-09-28T10:15:12Z</time></trkpt><trkpt lat="46.569097" lon="12.132039"><ele>1553.697</ele><time>2014-09-28T10:15:14Z</time></trkpt><trkpt lat="46.569111" lon="12.132095"><ele>1554.610</ele><time>2014-09-28T10:15:19Z</time></trkpt><trkpt lat="46.569113" lon="12.132100"><ele>1554.745</ele><time>2014-09-28T10:15:20Z</time></trkpt><trkpt lat="46.569125" lon="12.132141"><ele>1555.647</ele><time>2014-09-28T10:15:24Z</time></trkpt><trkpt lat="46.569124" lon="12.132161"><ele>1555.711</ele><time>2014-09-28T10:15:26Z</time></trkpt><trkpt lat="46.569130" lon="12.132182"><ele>1556.208</ele><time>2014-09-28T10:15:29Z</time></trkpt><trkpt lat="46.569146" lon="12.132238"><ele>1557.425</ele><time>2014-09-28T10:15:33Z</time></trkpt><trkpt lat="46.569158" lon="12.132246"><ele>1557.967</ele><time>2014-09-28T10:15:35Z</time></trkpt><trkpt lat="46.569149" lon="12.132248"><ele>1557.651</ele><time>2014-09-28T10:15:36Z</time></trkpt><trkpt lat="46.569178" lon="12.132290"><ele>1559.066</ele><time>2014-09-28T10:15:38Z</time></trkpt><trkpt lat="46.569179" lon="12.132303"><ele>1559.254</ele><time>2014-09-28T10:15:41Z</time></trkpt><trkpt lat="46.569175" lon="12.132324"><ele>1559.341</ele><time>2014-09-28T10:15:46Z</time></trkpt><trkpt lat="46.569171" lon="12.132367"><ele>1559.735</ele><time>2014-09-28T10:15:47Z</time></trkpt><trkpt lat="46.569173" lon="12.132417"><ele>1560.338</ele><time>2014-09-28T10:15:53Z</time></trkpt><trkpt lat="46.569172" lon="12.132425"><ele>1560.359</ele><time>2014-09-28T10:15:54Z</time></trkpt><trkpt lat="46.569172" lon="12.132470"><ele>1560.803</ele><time>2014-09-28T10:15:58Z</time></trkpt><trkpt lat="46.569171" lon="12.132462"><ele>1560.723</ele><time>2014-09-28T10:16:00Z</time></trkpt><trkpt lat="46.569179" lon="12.132492"><ele>1561.208</ele><time>2014-09-28T10:16:01Z</time></trkpt><trkpt lat="46.569204" lon="12.132519"><ele>1562.256</ele><time>2014-09-28T10:16:05Z</time></trkpt><trkpt lat="46.569209" lon="12.132575"><ele>1563.238</ele><time>2014-09-28T10:16:11Z</time></trkpt><trkpt lat="46.569227" lon="12.132634"><ele>1564.622</ele><time>2014-09-28T10:16:16Z</time></trkpt><trkpt lat="46.569225" lon="12.132652"><ele>1564.827</ele><time>2014-09-28T10:16:17Z</time></trkpt><trkpt lat="46.569210" lon="12.132691"><ele>1565.095</ele><time>2014-09-28T10:16:20Z</time></trkpt><trkpt lat="46.569215" lon="12.132698"><ele>1565.282</ele><time>2014-09-28T10:16:22Z</time></trkpt><trkpt lat="46.569218" lon="12.132729"><ele>1565.766</ele><time>2014-09-28T10:16:24Z</time></trkpt><trkpt lat="46.569221" lon="12.132753"><ele>1566.279</ele><time>2014-09-28T10:16:25Z</time></trkpt><trkpt lat="46.569209" lon="12.132756"><ele>1565.985</ele><time>2014-09-28T10:16:28Z</time></trkpt><trkpt lat="46.569225" lon="12.132786"><ele>1566.989</ele><time>2014-09-28T10:16:31Z</time></trkpt><trkpt lat="46.569232" lon="12.132791"><ele>1567.217</ele><time>2014-09-28T10:16:32Z</time></trkpt><trkpt lat="46.569263" lon="12.132829"><ele>1568.908</ele><time>2014-09-28T10:16:36Z</time></trkpt><trkpt lat="46.569270" lon="12.132837"><ele>1569.379</ele><time>2014-09-28T10:16:37Z</time></trkpt><trkpt lat="46.569302" lon="12.132881"><ele>1571.161</ele><time>2014-09-28T10:16:42Z</time></trkpt><trkpt lat="46.569302" lon="12.132874"><ele>1571.045</ele><time>2014-09-28T10:16:43Z</time></trkpt><trkpt lat="46.569311" lon="12.132888"><ele>1571.510</ele><time>2014-09-28T10:16:44Z</time></trkpt><trkpt lat="46.569329" lon="12.132916"><ele>1572.738</ele><time>2014-09-28T10:16:47Z</time></trkpt><trkpt lat="46.569351" lon="12.132933"><ele>1573.785</ele><time>2014-09-28T10:16:51Z</time></trkpt><trkpt lat="46.569359" lon="12.132938"><ele>1574.039</ele><time>2014-09-28T10:16:52Z</time></trkpt><trkpt lat="46.569395" lon="12.132952"><ele>1575.322</ele><time>2014-09-28T10:16:57Z</time></trkpt><trkpt lat="46.569402" lon="12.132948"><ele>1575.576</ele><time>2014-09-28T10:16:58Z</time></trkpt><trkpt lat="46.569441" lon="12.132922"><ele>1576.090</ele><time>2014-09-28T10:17:03Z</time></trkpt><trkpt lat="46.569463" lon="12.132909"><ele>1576.319</ele><time>2014-09-28T10:17:08Z</time></trkpt><trkpt lat="46.569519" lon="12.132907"><ele>1577.708</ele><time>2014-09-28T10:17:14Z</time></trkpt><trkpt lat="46.569554" lon="12.132895"><ele>1578.418</ele><time>2014-09-28T10:17:17Z</time></trkpt><trkpt lat="46.569565" lon="12.132904"><ele>1578.860</ele><time>2014-09-28T10:17:18Z</time></trkpt><trkpt lat="46.569564" lon="12.132915"><ele>1579.084</ele><time>2014-09-28T10:17:19Z</time></trkpt><trkpt lat="46.569610" lon="12.132908"><ele>1580.079</ele><time>2014-09-28T10:17:23Z</time></trkpt><trkpt lat="46.569639" lon="12.132908"><ele>1580.817</ele><time>2014-09-28T10:17:26Z</time></trkpt><trkpt lat="46.569656" lon="12.132910"><ele>1581.274</ele><time>2014-09-28T10:17:28Z</time></trkpt><trkpt lat="46.569643" lon="12.132911"><ele>1580.978</ele><time>2014-09-28T10:17:29Z</time></trkpt><trkpt lat="46.569671" lon="12.132897"><ele>1581.461</ele><time>2014-09-28T10:17:30Z</time></trkpt><trkpt lat="46.569698" lon="12.132902"><ele>1582.219</ele><time>2014-09-28T10:17:33Z</time></trkpt><trkpt lat="46.569699" lon="12.132904"><ele>1582.209</ele><time>2014-09-28T10:17:34Z</time></trkpt><trkpt lat="46.569724" lon="12.132884"><ele>1582.619</ele><time>2014-09-28T10:17:36Z</time></trkpt><trkpt lat="46.569737" lon="12.132858"><ele>1582.508</ele><time>2014-09-28T10:17:38Z</time></trkpt><trkpt lat="46.569751" lon="12.132841"><ele>1582.532</ele><time>2014-09-28T10:17:39Z</time></trkpt><trkpt lat="46.569786" lon="12.132829"><ele>1583.174</ele><time>2014-09-28T10:17:43Z</time></trkpt><trkpt lat="46.569798" lon="12.132823"><ele>1583.388</ele><time>2014-09-28T10:17:45Z</time></trkpt><trkpt lat="46.569807" lon="12.132821"><ele>1583.583</ele><time>2014-09-28T10:17:47Z</time></trkpt><trkpt lat="46.569825" lon="12.132811"><ele>1583.711</ele><time>2014-09-28T10:17:49Z</time></trkpt><trkpt lat="46.569845" lon="12.132792"><ele>1583.958</ele><time>2014-09-28T10:17:51Z</time></trkpt><trkpt lat="46.569857" lon="12.132779"><ele>1583.942</ele><time>2014-09-28T10:17:53Z</time></trkpt><trkpt lat="46.569894" lon="12.132753"><ele>1584.285</ele><time>2014-09-28T10:17:57Z</time></trkpt><trkpt lat="46.569901" lon="12.132749"><ele>1584.236</ele><time>2014-09-28T10:17:58Z</time></trkpt><trkpt lat="46.569917" lon="12.132728"><ele>1584.117</ele><time>2014-09-28T10:18:00Z</time></trkpt><trkpt lat="46.569951" lon="12.132712"><ele>1584.518</ele><time>2014-09-28T10:18:04Z</time></trkpt><trkpt lat="46.569973" lon="12.132696"><ele>1584.708</ele><time>2014-09-28T10:18:06Z</time></trkpt><trkpt lat="46.570007" lon="12.132701"><ele>1585.684</ele><time>2014-09-28T10:18:09Z</time></trkpt><trkpt lat="46.570029" lon="12.132701"><ele>1586.586</ele><time>2014-09-28T10:18:12Z</time></trkpt><trkpt lat="46.570065" lon="12.132701"><ele>1587.920</ele><time>2014-09-28T10:18:17Z</time></trkpt><trkpt lat="46.570081" lon="12.132708"><ele>1588.675</ele><time>2014-09-28T10:18:18Z</time></trkpt><trkpt lat="46.570092" lon="12.132720"><ele>1589.393</ele><time>2014-09-28T10:18:20Z</time></trkpt><trkpt lat="46.570124" lon="12.132710"><ele>1590.390</ele><time>2014-09-28T10:18:24Z</time></trkpt><trkpt lat="46.570136" lon="12.132712"><ele>1590.874</ele><time>2014-09-28T10:18:26Z</time></trkpt><trkpt lat="46.570159" lon="12.132690"><ele>1591.237</ele><time>2014-09-28T10:18:29Z</time></trkpt><trkpt lat="46.570186" lon="12.132678"><ele>1592.011</ele><time>2014-09-28T10:18:32Z</time></trkpt><trkpt lat="46.570210" lon="12.132676"><ele>1592.821</ele><time>2014-09-28T10:18:35Z</time></trkpt><trkpt lat="46.570241" lon="12.132672"><ele>1593.903</ele><time>2014-09-28T10:18:39Z</time></trkpt><trkpt lat="46.570258" lon="12.132660"><ele>1594.308</ele><time>2014-09-28T10:18:41Z</time></trkpt><trkpt lat="46.570258" lon="12.132646"><ele>1593.922</ele><time>2014-09-28T10:18:42Z</time></trkpt><trkpt lat="46.570269" lon="12.132651"><ele>1594.584</ele><time>2014-09-28T10:18:43Z</time></trkpt><trkpt lat="46.570294" lon="12.132647"><ele>1595.528</ele><time>2014-09-28T10:18:47Z</time></trkpt><trkpt lat="46.570314" lon="12.132643"><ele>1596.353</ele><time>2014-09-28T10:18:50Z</time></trkpt><trkpt lat="46.570329" lon="12.132638"><ele>1596.931</ele><time>2014-09-28T10:18:53Z</time></trkpt><trkpt lat="46.570341" lon="12.132637"><ele>1597.448</ele><time>2014-09-28T10:18:55Z</time></trkpt><trkpt lat="46.570373" lon="12.132653"><ele>1599.372</ele><time>2014-09-28T10:18:59Z</time></trkpt><trkpt lat="46.570372" lon="12.132641"><ele>1599.055</ele><time>2014-09-28T10:19:00Z</time></trkpt><trkpt lat="46.570395" lon="12.132651"><ele>1600.365</ele><time>2014-09-28T10:19:04Z</time></trkpt><trkpt lat="46.570398" lon="12.132635"><ele>1600.068</ele><time>2014-09-28T10:19:06Z</time></trkpt><trkpt lat="46.570410" lon="12.132632"><ele>1600.514</ele><time>2014-09-28T10:19:09Z</time></trkpt><trkpt lat="46.570421" lon="12.132636"><ele>1601.108</ele><time>2014-09-28T10:19:13Z</time></trkpt><trkpt lat="46.570432" lon="12.132629"><ele>1601.557</ele><time>2014-09-28T10:19:15Z</time></trkpt><trkpt lat="46.570445" lon="12.132623"><ele>1601.939</ele><time>2014-09-28T10:19:19Z</time></trkpt><trkpt lat="46.570454" lon="12.132603"><ele>1601.883</ele><time>2014-09-28T10:19:20Z</time></trkpt><trkpt lat="46.570462" lon="12.132578"><ele>1601.628</ele><time>2014-09-28T10:19:24Z</time></trkpt><trkpt lat="46.570459" lon="12.132581"><ele>1601.526</ele><time>2014-09-28T10:19:25Z</time></trkpt><trkpt lat="46.570488" lon="12.132588"><ele>1603.133</ele><time>2014-09-28T10:19:29Z</time></trkpt><trkpt lat="46.570486" lon="12.132591"><ele>1603.097</ele><time>2014-09-28T10:19:30Z</time></trkpt><trkpt lat="46.570516" lon="12.132578"><ele>1604.110</ele><time>2014-09-28T10:19:36Z</time></trkpt><trkpt lat="46.570525" lon="12.132579"><ele>1604.619</ele><time>2014-09-28T10:19:39Z</time></trkpt><trkpt lat="46.570549" lon="12.132573"><ele>1605.509</ele><time>2014-09-28T10:19:43Z</time></trkpt><trkpt lat="46.570584" lon="12.132554"><ele>1606.619</ele><time>2014-09-28T10:19:50Z</time></trkpt><trkpt lat="46.570602" lon="12.132541"><ele>1607.108</ele><time>2014-09-28T10:19:55Z</time></trkpt><trkpt lat="46.570618" lon="12.132518"><ele>1607.242</ele><time>2014-09-28T10:19:58Z</time></trkpt><trkpt lat="46.570613" lon="12.132515"><ele>1606.924</ele><time>2014-09-28T10:20:01Z</time></trkpt><trkpt lat="46.570610" lon="12.132498"><ele>1606.378</ele><time>2014-09-28T10:20:04Z</time></trkpt><trkpt lat="46.570607" lon="12.132472"><ele>1605.483</ele><time>2014-09-28T10:20:12Z</time></trkpt><trkpt lat="46.570604" lon="12.132468"><ele>1605.211</ele><time>2014-09-28T10:20:24Z</time></trkpt><trkpt lat="46.570611" lon="12.132446"><ele>1604.828</ele><time>2014-09-28T10:20:33Z</time></trkpt><trkpt lat="46.570644" lon="12.132447"><ele>1606.222</ele><time>2014-09-28T10:20:36Z</time></trkpt><trkpt lat="46.570658" lon="12.132432"><ele>1606.425</ele><time>2014-09-28T10:20:39Z</time></trkpt><trkpt lat="46.570682" lon="12.132433"><ele>1607.417</ele><time>2014-09-28T10:20:43Z</time></trkpt><trkpt lat="46.570706" lon="12.132408"><ele>1607.787</ele><time>2014-09-28T10:20:47Z</time></trkpt><trkpt lat="46.570722" lon="12.132398"><ele>1608.015</ele><time>2014-09-28T10:20:49Z</time></trkpt><trkpt lat="46.570746" lon="12.132375"><ele>1608.308</ele><time>2014-09-28T10:20:53Z</time></trkpt><trkpt lat="46.570763" lon="12.132359"><ele>1608.562</ele><time>2014-09-28T10:20:55Z</time></trkpt><trkpt lat="46.570792" lon="12.132343"><ele>1609.244</ele><time>2014-09-28T10:20:59Z</time></trkpt><trkpt lat="46.570797" lon="12.132339"><ele>1609.328</ele><time>2014-09-28T10:21:00Z</time></trkpt><trkpt lat="46.570791" lon="12.132369"><ele>1610.073</ele><time>2014-09-28T10:21:04Z</time></trkpt><trkpt lat="46.570805" lon="12.132409"><ele>1611.931</ele><time>2014-09-28T10:21:09Z</time></trkpt><trkpt lat="46.570811" lon="12.132413"><ele>1612.278</ele><time>2014-09-28T10:21:10Z</time></trkpt><trkpt lat="46.570824" lon="12.132420"><ele>1613.042</ele><time>2014-09-28T10:21:12Z</time></trkpt><trkpt lat="46.570830" lon="12.132448"><ele>1614.285</ele><time>2014-09-28T10:21:14Z</time></trkpt><trkpt lat="46.570835" lon="12.132457"><ele>1614.765</ele><time>2014-09-28T10:21:15Z</time></trkpt><trkpt lat="46.570845" lon="12.132498"><ele>1616.368</ele><time>2014-09-28T10:21:19Z</time></trkpt><trkpt lat="46.570846" lon="12.132520"><ele>1617.014</ele><time>2014-09-28T10:21:23Z</time></trkpt><trkpt lat="46.570845" lon="12.132537"><ele>1617.508</ele><time>2014-09-28T10:21:24Z</time></trkpt><trkpt lat="46.570865" lon="12.132541"><ele>1618.317</ele><time>2014-09-28T10:21:29Z</time></trkpt><trkpt lat="46.570886" lon="12.132534"><ele>1618.899</ele><time>2014-09-28T10:21:33Z</time></trkpt><trkpt lat="46.570889" lon="12.132535"><ele>1618.973</ele><time>2014-09-28T10:21:34Z</time></trkpt><trkpt lat="46.570917" lon="12.132519"><ele>1619.398</ele><time>2014-09-28T10:21:39Z</time></trkpt><trkpt lat="46.570930" lon="12.132517"><ele>1619.756</ele><time>2014-09-28T10:21:41Z</time></trkpt><trkpt lat="46.570937" lon="12.132514"><ele>1619.853</ele><time>2014-09-28T10:21:45Z</time></trkpt><trkpt lat="46.570952" lon="12.132523"><ele>1620.647</ele><time>2014-09-28T10:21:48Z</time></trkpt><trkpt lat="46.570957" lon="12.132523"><ele>1620.850</ele><time>2014-09-28T10:21:49Z</time></trkpt><trkpt lat="46.570965" lon="12.132527"><ele>1621.216</ele><time>2014-09-28T10:21:52Z</time></trkpt><trkpt lat="46.570978" lon="12.132532"><ele>1621.876</ele><time>2014-09-28T10:21:54Z</time></trkpt><trkpt lat="46.571000" lon="12.132523"><ele>1622.313</ele><time>2014-09-28T10:21:58Z</time></trkpt><trkpt lat="46.571008" lon="12.132533"><ele>1622.908</ele><time>2014-09-28T10:22:00Z</time></trkpt><trkpt lat="46.571013" lon="12.132541"><ele>1623.482</ele><time>2014-09-28T10:22:04Z</time></trkpt><trkpt lat="46.571033" lon="12.132541"><ele>1624.124</ele><time>2014-09-28T10:22:09Z</time></trkpt><trkpt lat="46.571091" lon="12.132504"><ele>1624.598</ele><time>2014-09-28T10:22:17Z</time></trkpt><trkpt lat="46.571114" lon="12.132504"><ele>1625.213</ele><time>2014-09-28T10:22:19Z</time></trkpt><trkpt lat="46.571144" lon="12.132514"><ele>1626.361</ele><time>2014-09-28T10:22:22Z</time></trkpt><trkpt lat="46.571162" lon="12.132536"><ele>1627.768</ele><time>2014-09-28T10:22:27Z</time></trkpt><trkpt lat="46.571170" lon="12.132545"><ele>1628.312</ele><time>2014-09-28T10:22:28Z</time></trkpt><trkpt lat="46.571185" lon="12.132551"><ele>1628.885</ele><time>2014-09-28T10:22:30Z</time></trkpt><trkpt lat="46.571193" lon="12.132551"><ele>1629.029</ele><time>2014-09-28T10:22:32Z</time></trkpt><trkpt lat="46.571204" lon="12.132552"><ele>1629.300</ele><time>2014-09-28T10:22:34Z</time></trkpt><trkpt lat="46.571256" lon="12.132576"><ele>1631.620</ele><time>2014-09-28T10:22:39Z</time></trkpt><trkpt lat="46.571288" lon="12.132558"><ele>1631.508</ele><time>2014-09-28T10:22:46Z</time></trkpt><trkpt lat="46.571298" lon="12.132557"><ele>1631.633</ele><time>2014-09-28T10:22:47Z</time></trkpt><trkpt lat="46.571333" lon="12.132550"><ele>1632.175</ele><time>2014-09-28T10:22:52Z</time></trkpt><trkpt lat="46.571334" lon="12.132554"><ele>1632.379</ele><time>2014-09-28T10:22:53Z</time></trkpt><trkpt lat="46.571352" lon="12.132517"><ele>1631.014</ele><time>2014-09-28T10:22:56Z</time></trkpt><trkpt lat="46.571367" lon="12.132513"><ele>1631.132</ele><time>2014-09-28T10:22:58Z</time></trkpt><trkpt lat="46.571364" lon="12.132509"><ele>1630.949</ele><time>2014-09-28T10:23:01Z</time></trkpt><trkpt lat="46.571381" lon="12.132486"><ele>1630.373</ele><time>2014-09-28T10:23:06Z</time></trkpt><trkpt lat="46.571388" lon="12.132470"><ele>1629.896</ele><time>2014-09-28T10:23:10Z</time></trkpt><trkpt lat="46.571404" lon="12.132454"><ele>1630.024</ele><time>2014-09-28T10:23:16Z</time></trkpt><trkpt lat="46.571418" lon="12.132426"><ele>1629.604</ele><time>2014-09-28T10:23:19Z</time></trkpt><trkpt lat="46.571434" lon="12.132421"><ele>1630.214</ele><time>2014-09-28T10:23:21Z</time></trkpt><trkpt lat="46.571447" lon="12.132419"><ele>1630.808</ele><time>2014-09-28T10:23:22Z</time></trkpt><trkpt lat="46.571466" lon="12.132407"><ele>1631.413</ele><time>2014-09-28T10:23:27Z</time></trkpt><trkpt lat="46.571482" lon="12.132399"><ele>1631.985</ele><time>2014-09-28T10:23:30Z</time></trkpt><trkpt lat="46.571499" lon="12.132402"><ele>1632.999</ele><time>2014-09-28T10:23:33Z</time></trkpt><trkpt lat="46.571532" lon="12.132393"><ele>1634.494</ele><time>2014-09-28T10:23:39Z</time></trkpt><trkpt lat="46.571543" lon="12.132397"><ele>1635.142</ele><time>2014-09-28T10:23:43Z</time></trkpt><trkpt lat="46.571551" lon="12.132401"><ele>1635.769</ele><time>2014-09-28T10:23:50Z</time></trkpt><trkpt lat="46.571547" lon="12.132397"><ele>1635.313</ele><time>2014-09-28T10:23:56Z</time></trkpt><trkpt lat="46.571547" lon="12.132394"><ele>1635.236</ele><time>2014-09-28T10:24:05Z</time></trkpt><trkpt lat="46.571548" lon="12.132379"><ele>1634.775</ele><time>2014-09-28T10:24:20Z</time></trkpt><trkpt lat="46.571550" lon="12.132378"><ele>1634.828</ele><time>2014-09-28T10:24:26Z</time></trkpt><trkpt lat="46.571549" lon="12.132382"><ele>1634.920</ele><time>2014-09-28T10:24:33Z</time></trkpt><trkpt lat="46.571538" lon="12.132374"><ele>1634.008</ele><time>2014-09-28T10:24:42Z</time></trkpt><trkpt lat="46.571546" lon="12.132372"><ele>1634.418</ele><time>2014-09-28T10:24:51Z</time></trkpt><trkpt lat="46.571550" lon="12.132372"><ele>1634.660</ele><time>2014-09-28T10:24:56Z</time></trkpt><trkpt lat="46.571541" lon="12.132369"><ele>1634.024</ele><time>2014-09-28T10:25:07Z</time></trkpt><trkpt lat="46.571537" lon="12.132362"><ele>1633.569</ele><time>2014-09-28T10:25:18Z</time></trkpt><trkpt lat="46.571533" lon="12.132357"><ele>1633.157</ele><time>2014-09-28T10:25:26Z</time></trkpt><trkpt lat="46.571526" lon="12.132353"><ele>1632.644</ele><time>2014-09-28T10:25:35Z</time></trkpt><trkpt lat="46.571520" lon="12.132352"><ele>1632.358</ele><time>2014-09-28T10:25:46Z</time></trkpt><trkpt lat="46.571523" lon="12.132352"><ele>1632.471</ele><time>2014-09-28T10:25:56Z</time></trkpt><trkpt lat="46.571527" lon="12.132357"><ele>1632.871</ele><time>2014-09-28T10:26:03Z</time></trkpt><trkpt lat="46.571523" lon="12.132355"><ele>1632.541</ele><time>2014-09-28T10:26:13Z</time></trkpt><trkpt lat="46.571525" lon="12.132357"><ele>1632.715</ele><time>2014-09-28T10:26:26Z</time></trkpt><trkpt lat="46.571547" lon="12.132376"><ele>1634.608</ele><time>2014-09-28T10:26:36Z</time></trkpt><trkpt lat="46.571541" lon="12.132366"><ele>1633.958</ele><time>2014-09-28T10:26:47Z</time></trkpt><trkpt lat="46.571540" lon="12.132363"><ele>1633.780</ele><time>2014-09-28T10:27:01Z</time></trkpt><trkpt lat="46.571538" lon="12.132360"><ele>1633.564</ele><time>2014-09-28T10:27:10Z</time></trkpt><trkpt lat="46.571531" lon="12.132350"><ele>1632.839</ele><time>2014-09-28T10:27:23Z</time></trkpt><trkpt lat="46.571520" lon="12.132343"><ele>1631.917</ele><time>2014-09-28T10:27:35Z</time></trkpt><trkpt lat="46.571518" lon="12.132342"><ele>1631.844</ele><time>2014-09-28T10:27:43Z</time></trkpt><trkpt lat="46.571512" lon="12.132337"><ele>1631.328</ele><time>2014-09-28T10:27:59Z</time></trkpt><trkpt lat="46.571505" lon="12.132334"><ele>1630.851</ele><time>2014-09-28T10:28:08Z</time></trkpt><trkpt lat="46.571500" lon="12.132330"><ele>1630.493</ele><time>2014-09-28T10:28:24Z</time></trkpt><trkpt lat="46.571496" lon="12.132329"><ele>1630.165</ele><time>2014-09-28T10:28:33Z</time></trkpt><trkpt lat="46.571501" lon="12.132328"><ele>1630.321</ele><time>2014-09-28T10:28:43Z</time></trkpt><trkpt lat="46.571504" lon="12.132332"><ele>1630.708</ele><time>2014-09-28T10:28:50Z</time></trkpt><trkpt lat="46.571510" lon="12.132339"><ele>1631.250</ele><time>2014-09-28T10:28:59Z</time></trkpt><trkpt lat="46.571513" lon="12.132336"><ele>1631.382</ele><time>2014-09-28T10:29:06Z</time></trkpt><trkpt lat="46.571543" lon="12.132323"><ele>1632.556</ele><time>2014-09-28T10:29:11Z</time></trkpt><trkpt lat="46.571583" lon="12.132316"><ele>1634.451</ele><time>2014-09-28T10:29:16Z</time></trkpt><trkpt lat="46.571604" lon="12.132307"><ele>1635.319</ele><time>2014-09-28T10:29:20Z</time></trkpt><trkpt lat="46.571619" lon="12.132279"><ele>1635.296</ele><time>2014-09-28T10:29:23Z</time></trkpt><trkpt lat="46.571650" lon="12.132254"><ele>1636.140</ele><time>2014-09-28T10:29:28Z</time></trkpt><trkpt lat="46.571657" lon="12.132244"><ele>1636.233</ele><time>2014-09-28T10:29:29Z</time></trkpt><trkpt lat="46.571689" lon="12.132204"><ele>1637.423</ele><time>2014-09-28T10:29:34Z</time></trkpt><trkpt lat="46.571696" lon="12.132214"><ele>1638.383</ele><time>2014-09-28T10:29:35Z</time></trkpt><trkpt lat="46.571705" lon="12.132227"><ele>1639.511</ele><time>2014-09-28T10:29:36Z</time></trkpt><trkpt lat="46.571706" lon="12.132245"><ele>1640.208</ele><time>2014-09-28T10:29:38Z</time></trkpt><trkpt lat="46.571704" lon="12.132262"><ele>1640.773</ele><time>2014-09-28T10:29:40Z</time></trkpt><trkpt lat="46.571720" lon="12.132283"><ele>1643.065</ele><time>2014-09-28T10:29:44Z</time></trkpt><trkpt lat="46.571732" lon="12.132303"><ele>1644.989</ele><time>2014-09-28T10:29:46Z</time></trkpt><trkpt lat="46.571763" lon="12.132324"><ele>1648.824</ele><time>2014-09-28T10:29:50Z</time></trkpt><trkpt lat="46.571804" lon="12.132306"><ele>1651.912</ele><time>2014-09-28T10:29:56Z</time></trkpt><trkpt lat="46.571815" lon="12.132299"><ele>1652.689</ele><time>2014-09-28T10:29:57Z</time></trkpt><trkpt lat="46.571817" lon="12.132326"><ele>1654.243</ele><time>2014-09-28T10:30:01Z</time></trkpt><trkpt lat="46.571840" lon="12.132317"><ele>1656.056</ele><time>2014-09-28T10:30:07Z</time></trkpt><trkpt lat="46.571839" lon="12.132317"><ele>1655.975</ele><time>2014-09-28T10:30:08Z</time></trkpt><trkpt lat="46.571839" lon="12.132335"><ele>1656.828</ele><time>2014-09-28T10:30:12Z</time></trkpt><trkpt lat="46.571847" lon="12.132353"><ele>1658.620</ele><time>2014-09-28T10:30:16Z</time></trkpt><trkpt lat="46.571842" lon="12.132343"><ele>1657.508</ele><time>2014-09-28T10:30:21Z</time></trkpt><trkpt lat="46.571839" lon="12.132335"><ele>1656.848</ele><time>2014-09-28T10:30:29Z</time></trkpt><trkpt lat="46.571838" lon="12.132339"><ele>1656.920</ele><time>2014-09-28T10:30:36Z</time></trkpt><trkpt lat="46.571842" lon="12.132346"><ele>1657.784</ele><time>2014-09-28T10:30:43Z</time></trkpt><trkpt lat="46.571842" lon="12.132354"><ele>1658.159</ele><time>2014-09-28T10:30:44Z</time></trkpt><trkpt lat="46.571834" lon="12.132368"><ele>1658.067</ele><time>2014-09-28T10:30:49Z</time></trkpt><trkpt lat="46.571814" lon="12.132326"><ele>1653.934</ele><time>2014-09-28T10:31:08Z</time></trkpt><trkpt lat="46.571797" lon="12.132298"><ele>1650.928</ele><time>2014-09-28T10:31:20Z</time></trkpt><trkpt lat="46.571795" lon="12.132288"><ele>1650.241</ele><time>2014-09-28T10:31:30Z</time></trkpt><trkpt lat="46.571792" lon="12.132281"><ele>1649.681</ele><time>2014-09-28T10:31:45Z</time></trkpt><trkpt lat="46.571778" lon="12.132301"><ele>1649.261</ele><time>2014-09-28T10:31:52Z</time></trkpt><trkpt lat="46.571771" lon="12.132314"><ele>1649.117</ele><time>2014-09-28T10:31:58Z</time></trkpt><trkpt lat="46.571750" lon="12.132341"><ele>1648.208</ele><time>2014-09-28T10:32:06Z</time></trkpt><trkpt lat="46.571744" lon="12.132339"><ele>1647.549</ele><time>2014-09-28T10:32:14Z</time></trkpt><trkpt lat="46.571730" lon="12.132355"><ele>1646.891</ele><time>2014-09-28T10:32:25Z</time></trkpt><trkpt lat="46.571721" lon="12.132379"><ele>1646.855</ele><time>2014-09-28T10:32:35Z</time></trkpt><trkpt lat="46.571720" lon="12.132373"><ele>1646.440</ele><time>2014-09-28T10:32:40Z</time></trkpt><trkpt lat="46.571731" lon="12.132414"><ele>1649.298</ele><time>2014-09-28T10:32:55Z</time></trkpt><trkpt lat="46.571732" lon="12.132480"><ele>1652.045</ele><time>2014-09-28T10:33:02Z</time></trkpt><trkpt lat="46.571736" lon="12.132508"><ele>1653.699</ele><time>2014-09-28T10:33:04Z</time></trkpt><trkpt lat="46.571726" lon="12.132515"><ele>1652.842</ele><time>2014-09-28T10:33:06Z</time></trkpt><trkpt lat="46.571712" lon="12.132550"><ele>1652.836</ele><time>2014-09-28T10:33:10Z</time></trkpt><trkpt lat="46.571718" lon="12.132583"><ele>1655.117</ele><time>2014-09-28T10:33:13Z</time></trkpt><trkpt lat="46.571725" lon="12.132616"><ele>1657.618</ele><time>2014-09-28T10:33:15Z</time></trkpt><trkpt lat="46.571716" lon="12.132639"><ele>1657.608</ele><time>2014-09-28T10:33:19Z</time></trkpt><trkpt lat="46.571721" lon="12.132706"><ele>1661.534</ele><time>2014-09-28T10:33:25Z</time></trkpt><trkpt lat="46.571713" lon="12.132741"><ele>1662.136</ele><time>2014-09-28T10:33:28Z</time></trkpt><trkpt lat="46.571709" lon="12.132764"><ele>1662.660</ele><time>2014-09-28T10:33:31Z</time></trkpt><trkpt lat="46.571674" lon="12.132796"><ele>1658.635</ele><time>2014-09-28T10:33:34Z</time></trkpt><trkpt lat="46.571653" lon="12.132856"><ele>1658.723</ele><time>2014-09-28T10:33:38Z</time></trkpt><trkpt lat="46.571649" lon="12.132868"><ele>1658.990</ele><time>2014-09-28T10:33:40Z</time></trkpt><trkpt lat="46.571635" lon="12.132890"><ele>1659.034</ele><time>2014-09-28T10:33:42Z</time></trkpt><trkpt lat="46.571641" lon="12.132909"><ele>1659.867</ele><time>2014-09-28T10:33:46Z</time></trkpt><trkpt lat="46.571643" lon="12.132924"><ele>1660.366</ele><time>2014-09-28T10:33:47Z</time></trkpt><trkpt lat="46.571638" lon="12.132964"><ele>1661.429</ele><time>2014-09-28T10:33:50Z</time></trkpt><trkpt lat="46.571639" lon="12.132977"><ele>1661.821</ele><time>2014-09-28T10:33:51Z</time></trkpt><trkpt lat="46.571624" lon="12.133026"><ele>1662.808</ele><time>2014-09-28T10:33:56Z</time></trkpt><trkpt lat="46.571613" lon="12.133028"><ele>1662.617</ele><time>2014-09-28T10:34:04Z</time></trkpt><trkpt lat="46.571611" lon="12.133028"><ele>1662.529</ele><time>2014-09-28T10:34:07Z</time></trkpt><trkpt lat="46.571605" lon="12.133031"><ele>1662.433</ele><time>2014-09-28T10:34:13Z</time></trkpt><trkpt lat="46.571601" lon="12.133082"><ele>1664.248</ele><time>2014-09-28T10:34:20Z</time></trkpt><trkpt lat="46.571604" lon="12.133093"><ele>1664.776</ele><time>2014-09-28T10:34:23Z</time></trkpt><trkpt lat="46.571604" lon="12.133097"><ele>1664.883</ele><time>2014-09-28T10:34:26Z</time></trkpt><trkpt lat="46.571602" lon="12.133099"><ele>1664.937</ele><time>2014-09-28T10:34:36Z</time></trkpt><trkpt lat="46.571618" lon="12.133119"><ele>1666.190</ele><time>2014-09-28T10:34:43Z</time></trkpt><trkpt lat="46.571565" lon="12.133115"><ele>1664.447</ele><time>2014-09-28T10:34:52Z</time></trkpt><trkpt lat="46.571516" lon="12.133092"><ele>1662.129</ele><time>2014-09-28T10:34:57Z</time></trkpt><trkpt lat="46.571461" lon="12.133059"><ele>1659.221</ele><time>2014-09-28T10:35:02Z</time></trkpt><trkpt lat="46.571452" lon="12.133060"><ele>1659.008</ele><time>2014-09-28T10:35:03Z</time></trkpt><trkpt lat="46.571441" lon="12.133079"><ele>1659.445</ele><time>2014-09-28T10:35:05Z</time></trkpt><trkpt lat="46.571433" lon="12.133094"><ele>1659.887</ele><time>2014-09-28T10:35:08Z</time></trkpt><trkpt lat="46.571418" lon="12.133113"><ele>1660.151</ele><time>2014-09-28T10:35:10Z</time></trkpt><trkpt lat="46.571413" lon="12.133133"><ele>1660.876</ele><time>2014-09-28T10:35:12Z</time></trkpt><trkpt lat="46.571403" lon="12.133146"><ele>1661.074</ele><time>2014-09-28T10:35:14Z</time></trkpt><trkpt lat="46.571393" lon="12.133177"><ele>1661.961</ele><time>2014-09-28T10:35:17Z</time></trkpt><trkpt lat="46.571374" lon="12.133194"><ele>1661.875</ele><time>2014-09-28T10:35:20Z</time></trkpt><trkpt lat="46.571340" lon="12.133227"><ele>1661.618</ele><time>2014-09-28T10:35:24Z</time></trkpt><trkpt lat="46.571280" lon="12.133328"><ele>1662.399</ele><time>2014-09-28T10:35:28Z</time></trkpt><trkpt lat="46.571253" lon="12.133408"><ele>1663.407</ele><time>2014-09-28T10:35:32Z</time></trkpt><trkpt lat="46.571238" lon="12.133488"><ele>1665.127</ele><time>2014-09-28T10:35:38Z</time></trkpt><trkpt lat="46.571233" lon="12.133501"><ele>1665.208</ele><time>2014-09-28T10:35:39Z</time></trkpt><trkpt lat="46.571214" lon="12.133547"><ele>1665.620</ele><time>2014-09-28T10:35:42Z</time></trkpt><trkpt lat="46.571204" lon="12.133574"><ele>1665.932</ele><time>2014-09-28T10:35:44Z</time></trkpt><trkpt lat="46.571176" lon="12.133642"><ele>1666.526</ele><time>2014-09-28T10:35:50Z</time></trkpt><trkpt lat="46.571167" lon="12.133657"><ele>1666.521</ele><time>2014-09-28T10:35:52Z</time></trkpt><trkpt lat="46.571152" lon="12.133697"><ele>1666.929</ele><time>2014-09-28T10:35:56Z</time></trkpt><trkpt lat="46.571148" lon="12.133706"><ele>1667.096</ele><time>2014-09-28T10:35:57Z</time></trkpt><trkpt lat="46.571144" lon="12.133708"><ele>1666.950</ele><time>2014-09-28T10:36:01Z</time></trkpt><trkpt lat="46.571116" lon="12.133697"><ele>1665.033</ele><time>2014-09-28T10:36:14Z</time></trkpt><trkpt lat="46.571100" lon="12.133698"><ele>1664.181</ele><time>2014-09-28T10:36:25Z</time></trkpt><trkpt lat="46.571095" lon="12.133722"><ele>1664.661</ele><time>2014-09-28T10:36:32Z</time></trkpt><trkpt lat="46.571115" lon="12.133744"><ele>1666.517</ele><time>2014-09-28T10:36:48Z</time></trkpt><trkpt lat="46.571102" lon="12.133772"><ele>1666.708</ele><time>2014-09-28T10:36:59Z</time></trkpt><trkpt lat="46.571083" lon="12.133862"><ele>1668.599</ele><time>2014-09-28T10:37:06Z</time></trkpt><trkpt lat="46.571065" lon="12.133920"><ele>1669.161</ele><time>2014-09-28T10:37:11Z</time></trkpt><trkpt lat="46.571060" lon="12.133932"><ele>1669.025</ele><time>2014-09-28T10:37:12Z</time></trkpt><trkpt lat="46.571052" lon="12.133951"><ele>1669.010</ele><time>2014-09-28T10:37:14Z</time></trkpt><trkpt lat="46.571038" lon="12.133999"><ele>1669.478</ele><time>2014-09-28T10:37:18Z</time></trkpt><trkpt lat="46.571032" lon="12.134022"><ele>1669.655</ele><time>2014-09-28T10:37:20Z</time></trkpt><trkpt lat="46.571023" lon="12.134045"><ele>1669.789</ele><time>2014-09-28T10:37:22Z</time></trkpt><trkpt lat="46.571006" lon="12.134076"><ele>1669.572</ele><time>2014-09-28T10:37:25Z</time></trkpt><trkpt lat="46.570997" lon="12.134096"><ele>1669.579</ele><time>2014-09-28T10:37:27Z</time></trkpt><trkpt lat="46.570997" lon="12.134104"><ele>1669.705</ele><time>2014-09-28T10:37:30Z</time></trkpt><trkpt lat="46.571010" lon="12.134130"><ele>1671.025</ele><time>2014-09-28T10:37:35Z</time></trkpt><trkpt lat="46.571017" lon="12.134132"><ele>1671.408</ele><time>2014-09-28T10:37:36Z</time></trkpt><trkpt lat="46.571020" lon="12.134150"><ele>1672.088</ele><time>2014-09-28T10:37:39Z</time></trkpt><trkpt lat="46.571019" lon="12.134170"><ele>1672.480</ele><time>2014-09-28T10:37:44Z</time></trkpt><trkpt lat="46.571017" lon="12.134191"><ele>1672.784</ele><time>2014-09-28T10:37:52Z</time></trkpt><trkpt lat="46.571024" lon="12.134230"><ele>1673.869</ele><time>2014-09-28T10:37:55Z</time></trkpt><trkpt lat="46.571015" lon="12.134253"><ele>1673.887</ele><time>2014-09-28T10:37:57Z</time></trkpt><trkpt lat="46.570957" lon="12.134318"><ele>1671.964</ele><time>2014-09-28T10:38:01Z</time></trkpt><trkpt lat="46.570904" lon="12.134403"><ele>1670.418</ele><time>2014-09-28T10:38:06Z</time></trkpt><trkpt lat="46.570889" lon="12.134427"><ele>1669.971</ele><time>2014-09-28T10:38:07Z</time></trkpt><trkpt lat="46.570847" lon="12.134511"><ele>1669.242</ele><time>2014-09-28T10:38:10Z</time></trkpt><trkpt lat="46.570816" lon="12.134589"><ele>1669.322</ele><time>2014-09-28T10:38:12Z</time></trkpt><trkpt lat="46.570803" lon="12.134648"><ele>1670.014</ele><time>2014-09-28T10:38:14Z</time></trkpt><trkpt lat="46.570770" lon="12.134755"><ele>1671.408</ele><time>2014-09-28T10:38:20Z</time></trkpt><trkpt lat="46.570722" lon="12.134810"><ele>1671.225</ele><time>2014-09-28T10:38:23Z</time></trkpt><trkpt lat="46.570717" lon="12.134809"><ele>1670.977</ele><time>2014-09-28T10:38:25Z</time></trkpt><trkpt lat="46.570700" lon="12.134804"><ele>1670.031</ele><time>2014-09-28T10:38:31Z</time></trkpt><trkpt lat="46.570697" lon="12.134801"><ele>1669.846</ele><time>2014-09-28T10:38:39Z</time></trkpt><trkpt lat="46.570706" lon="12.134796"><ele>1670.074</ele><time>2014-09-28T10:38:48Z</time></trkpt><trkpt lat="46.570695" lon="12.134786"><ele>1669.261</ele><time>2014-09-28T10:38:59Z</time></trkpt><trkpt lat="46.570666" lon="12.134788"><ele>1668.065</ele><time>2014-09-28T10:39:11Z</time></trkpt><trkpt lat="46.570660" lon="12.134809"><ele>1668.548</ele><time>2014-09-28T10:39:19Z</time></trkpt><trkpt lat="46.570667" lon="12.134861"><ele>1670.628</ele><time>2014-09-28T10:39:26Z</time></trkpt><trkpt lat="46.570680" lon="12.134901"><ele>1672.589</ele><time>2014-09-28T10:39:32Z</time></trkpt><trkpt lat="46.570688" lon="12.134933"><ele>1673.917</ele><time>2014-09-28T10:39:35Z</time></trkpt><trkpt lat="46.570693" lon="12.134951"><ele>1674.808</ele><time>2014-09-28T10:39:37Z</time></trkpt><trkpt lat="46.570671" lon="12.134965"><ele>1674.483</ele><time>2014-09-28T10:39:43Z</time></trkpt><trkpt lat="46.570664" lon="12.134972"><ele>1674.325</ele><time>2014-09-28T10:39:51Z</time></trkpt><trkpt lat="46.570642" lon="12.134972"><ele>1673.469</ele><time>2014-09-28T10:39:57Z</time></trkpt><trkpt lat="46.570590" lon="12.134948"><ele>1670.534</ele><time>2014-09-28T10:40:02Z</time></trkpt><trkpt lat="46.570584" lon="12.134940"><ele>1670.032</ele><time>2014-09-28T10:40:06Z</time></trkpt><trkpt lat="46.570579" lon="12.134941"><ele>1669.859</ele><time>2014-09-28T10:40:14Z</time></trkpt><trkpt lat="46.570599" lon="12.134936"><ele>1670.543</ele><time>2014-09-28T10:40:21Z</time></trkpt><trkpt lat="46.570615" lon="12.134941"><ele>1671.336</ele><time>2014-09-28T10:40:26Z</time></trkpt><trkpt lat="46.570575" lon="12.134896"><ele>1668.151</ele><time>2014-09-28T10:40:33Z</time></trkpt><trkpt lat="46.570548" lon="12.134897"><ele>1667.001</ele><time>2014-09-28T10:40:35Z</time></trkpt><trkpt lat="46.570547" lon="12.134898"><ele>1667.011</ele><time>2014-09-28T10:40:37Z</time></trkpt><trkpt lat="46.570530" lon="12.134883"><ele>1665.808</ele><time>2014-09-28T10:40:45Z</time></trkpt><trkpt lat="46.570513" lon="12.134889"><ele>1665.436</ele><time>2014-09-28T10:40:55Z</time></trkpt><trkpt lat="46.570473" lon="12.134959"><ele>1666.388</ele><time>2014-09-28T10:41:02Z</time></trkpt><trkpt lat="46.570435" lon="12.135029"><ele>1667.082</ele><time>2014-09-28T10:41:08Z</time></trkpt><trkpt lat="46.570414" lon="12.135143"><ele>1669.047</ele><time>2014-09-28T10:41:15Z</time></trkpt><trkpt lat="46.570380" lon="12.135237"><ele>1669.615</ele><time>2014-09-28T10:41:21Z</time></trkpt><trkpt lat="46.570333" lon="12.135347"><ele>1669.392</ele><time>2014-09-28T10:41:28Z</time></trkpt><trkpt lat="46.570307" lon="12.135424"><ele>1669.326</ele><time>2014-09-28T10:41:33Z</time></trkpt><trkpt lat="46.570266" lon="12.135503"><ele>1668.639</ele><time>2014-09-28T10:41:38Z</time></trkpt><trkpt lat="46.570255" lon="12.135520"><ele>1668.671</ele><time>2014-09-28T10:41:39Z</time></trkpt><trkpt lat="46.570245" lon="12.135524"><ele>1668.341</ele><time>2014-09-28T10:41:40Z</time></trkpt><trkpt lat="46.570242" lon="12.135543"><ele>1668.615</ele><time>2014-09-28T10:41:41Z</time></trkpt><trkpt lat="46.570241" lon="12.135571"><ele>1669.108</ele><time>2014-09-28T10:41:42Z</time></trkpt><trkpt lat="46.570229" lon="12.135638"><ele>1670.138</ele><time>2014-09-28T10:41:45Z</time></trkpt><trkpt lat="46.570212" lon="12.135653"><ele>1669.930</ele><time>2014-09-28T10:41:47Z</time></trkpt><trkpt lat="46.570170" lon="12.135667"><ele>1669.034</ele><time>2014-09-28T10:41:50Z</time></trkpt><trkpt lat="46.570155" lon="12.135688"><ele>1669.049</ele><time>2014-09-28T10:41:52Z</time></trkpt><trkpt lat="46.570142" lon="12.135715"><ele>1669.377</ele><time>2014-09-28T10:41:54Z</time></trkpt><trkpt lat="46.570132" lon="12.135756"><ele>1670.054</ele><time>2014-09-28T10:41:58Z</time></trkpt><trkpt lat="46.570106" lon="12.135800"><ele>1670.548</ele><time>2014-09-28T10:42:03Z</time></trkpt><trkpt lat="46.570091" lon="12.135813"><ele>1670.541</ele><time>2014-09-28T10:42:05Z</time></trkpt><trkpt lat="46.570085" lon="12.135818"><ele>1670.475</ele><time>2014-09-28T10:42:06Z</time></trkpt><trkpt lat="46.570068" lon="12.135827"><ele>1670.328</ele><time>2014-09-28T10:42:08Z</time></trkpt><trkpt lat="46.570023" lon="12.135864"><ele>1670.620</ele><time>2014-09-28T10:42:12Z</time></trkpt><trkpt lat="46.569965" lon="12.135920"><ele>1671.308</ele><time>2014-09-28T10:42:18Z</time></trkpt><trkpt lat="46.569922" lon="12.135989"><ele>1672.888</ele><time>2014-09-28T10:42:24Z</time></trkpt><trkpt lat="46.569909" lon="12.135997"><ele>1672.720</ele><time>2014-09-28T10:42:25Z</time></trkpt><trkpt lat="46.569872" lon="12.135998"><ele>1671.934</ele><time>2014-09-28T10:42:28Z</time></trkpt><trkpt lat="46.569861" lon="12.135997"><ele>1671.679</ele><time>2014-09-28T10:42:29Z</time></trkpt><trkpt lat="46.569837" lon="12.136010"><ele>1671.527</ele><time>2014-09-28T10:42:31Z</time></trkpt><trkpt lat="46.569819" lon="12.136026"><ele>1671.684</ele><time>2014-09-28T10:42:33Z</time></trkpt><trkpt lat="46.569811" lon="12.136030"><ele>1671.518</ele><time>2014-09-28T10:42:34Z</time></trkpt><trkpt lat="46.569793" lon="12.136040"><ele>1671.421</ele><time>2014-09-28T10:42:36Z</time></trkpt><trkpt lat="46.569774" lon="12.136069"><ele>1671.932</ele><time>2014-09-28T10:42:39Z</time></trkpt><trkpt lat="46.569762" lon="12.136084"><ele>1672.192</ele><time>2014-09-28T10:42:41Z</time></trkpt><trkpt lat="46.569743" lon="12.136115"><ele>1672.711</ele><time>2014-09-28T10:42:45Z</time></trkpt><trkpt lat="46.569733" lon="12.136138"><ele>1673.108</ele><time>2014-09-28T10:42:50Z</time></trkpt><trkpt lat="46.569732" lon="12.136147"><ele>1673.494</ele><time>2014-09-28T10:42:52Z</time></trkpt><trkpt lat="46.569723" lon="12.136179"><ele>1674.266</ele><time>2014-09-28T10:42:57Z</time></trkpt><trkpt lat="46.569682" lon="12.136234"><ele>1674.960</ele><time>2014-09-28T10:43:02Z</time></trkpt><trkpt lat="46.569621" lon="12.136304"><ele>1675.445</ele><time>2014-09-28T10:43:09Z</time></trkpt><trkpt lat="46.569597" lon="12.136340"><ele>1675.923</ele><time>2014-09-28T10:43:15Z</time></trkpt><trkpt lat="46.569578" lon="12.136375"><ele>1676.490</ele><time>2014-09-28T10:43:18Z</time></trkpt><trkpt lat="46.569571" lon="12.136381"><ele>1676.474</ele><time>2014-09-28T10:43:22Z</time></trkpt><trkpt lat="46.569562" lon="12.136407"><ele>1676.927</ele><time>2014-09-28T10:43:26Z</time></trkpt><trkpt lat="46.569544" lon="12.136446"><ele>1677.588</ele><time>2014-09-28T10:43:30Z</time></trkpt><trkpt lat="46.569536" lon="12.136475"><ele>1678.124</ele><time>2014-09-28T10:43:33Z</time></trkpt><trkpt lat="46.569530" lon="12.136529"><ele>1679.526</ele><time>2014-09-28T10:43:38Z</time></trkpt><trkpt lat="46.569530" lon="12.136524"><ele>1679.408</ele><time>2014-09-28T10:43:39Z</time></trkpt><trkpt lat="46.569495" lon="12.136566"><ele>1679.629</ele><time>2014-09-28T10:43:46Z</time></trkpt><trkpt lat="46.569484" lon="12.136581"><ele>1679.751</ele><time>2014-09-28T10:43:50Z</time></trkpt><trkpt lat="46.569479" lon="12.136603"><ele>1680.255</ele><time>2014-09-28T10:43:53Z</time></trkpt><trkpt lat="46.569461" lon="12.136634"><ele>1680.520</ele><time>2014-09-28T10:43:57Z</time></trkpt><trkpt lat="46.569456" lon="12.136639"><ele>1680.518</ele><time>2014-09-28T10:44:06Z</time></trkpt><trkpt lat="46.569439" lon="12.136649"><ele>1680.325</ele><time>2014-09-28T10:44:12Z</time></trkpt><trkpt lat="46.569435" lon="12.136661"><ele>1680.579</ele><time>2014-09-28T10:44:16Z</time></trkpt><trkpt lat="46.569429" lon="12.136679"><ele>1680.792</ele><time>2014-09-28T10:44:22Z</time></trkpt><trkpt lat="46.569418" lon="12.136678"><ele>1680.373</ele><time>2014-09-28T10:44:29Z</time></trkpt><trkpt lat="46.569410" lon="12.136666"><ele>1679.785</ele><time>2014-09-28T10:44:34Z</time></trkpt><trkpt lat="46.569401" lon="12.136666"><ele>1679.413</ele><time>2014-09-28T10:44:40Z</time></trkpt><trkpt lat="46.569354" lon="12.136654"><ele>1677.408</ele><time>2014-09-28T10:44:43Z</time></trkpt><trkpt lat="46.569326" lon="12.136646"><ele>1676.278</ele><time>2014-09-28T10:44:44Z</time></trkpt><trkpt lat="46.569284" lon="12.136638"><ele>1674.520</ele><time>2014-09-28T10:44:46Z</time></trkpt><trkpt lat="46.569279" lon="12.136631"><ele>1674.254</ele><time>2014-09-28T10:44:47Z</time></trkpt><trkpt lat="46.569266" lon="12.136637"><ele>1673.959</ele><time>2014-09-28T10:44:48Z</time></trkpt><trkpt lat="46.569253" lon="12.136625"><ele>1673.167</ele><time>2014-09-28T10:44:54Z</time></trkpt><trkpt lat="46.569254" lon="12.136628"><ele>1673.264</ele><time>2014-09-28T10:45:01Z</time></trkpt><trkpt lat="46.569231" lon="12.136618"><ele>1672.238</ele><time>2014-09-28T10:45:06Z</time></trkpt><trkpt lat="46.569233" lon="12.136601"><ele>1671.981</ele><time>2014-09-28T10:45:11Z</time></trkpt><trkpt lat="46.569236" lon="12.136602"><ele>1672.076</ele><time>2014-09-28T10:45:16Z</time></trkpt><trkpt lat="46.569239" lon="12.136603"><ele>1672.190</ele><time>2014-09-28T10:45:27Z</time></trkpt><trkpt lat="46.569232" lon="12.136600"><ele>1671.819</ele><time>2014-09-28T10:45:39Z</time></trkpt><trkpt lat="46.569220" lon="12.136589"><ele>1671.108</ele><time>2014-09-28T10:45:54Z</time></trkpt><trkpt lat="46.569226" lon="12.136617"><ele>1672.058</ele><time>2014-09-28T10:46:06Z</time></trkpt><trkpt lat="46.569204" lon="12.136698"><ele>1672.820</ele><time>2014-09-28T10:46:11Z</time></trkpt><trkpt lat="46.569190" lon="12.136719"><ele>1672.654</ele><time>2014-09-28T10:46:13Z</time></trkpt><trkpt lat="46.569176" lon="12.136742"><ele>1672.429</ele><time>2014-09-28T10:46:16Z</time></trkpt><trkpt lat="46.569169" lon="12.136755"><ele>1672.487</ele><time>2014-09-28T10:46:17Z</time></trkpt><trkpt lat="46.569161" lon="12.136784"><ele>1672.424</ele><time>2014-09-28T10:46:19Z</time></trkpt><trkpt lat="46.569138" lon="12.136847"><ele>1672.288</ele><time>2014-09-28T10:46:23Z</time></trkpt><trkpt lat="46.569125" lon="12.136885"><ele>1672.131</ele><time>2014-09-28T10:46:26Z</time></trkpt><trkpt lat="46.569091" lon="12.136939"><ele>1671.199</ele><time>2014-09-28T10:46:31Z</time></trkpt><trkpt lat="46.569073" lon="12.137019"><ele>1671.407</ele><time>2014-09-28T10:46:37Z</time></trkpt><trkpt lat="46.569070" lon="12.137030"><ele>1671.427</ele><time>2014-09-28T10:46:38Z</time></trkpt><trkpt lat="46.569062" lon="12.137087"><ele>1671.808</ele><time>2014-09-28T10:46:43Z</time></trkpt><trkpt lat="46.569053" lon="12.137120"><ele>1671.880</ele><time>2014-09-28T10:46:45Z</time></trkpt><trkpt lat="46.569049" lon="12.137147"><ele>1672.062</ele><time>2014-09-28T10:46:49Z</time></trkpt><trkpt lat="46.569059" lon="12.137152"><ele>1672.646</ele><time>2014-09-28T10:46:52Z</time></trkpt><trkpt lat="46.569088" lon="12.137168"><ele>1674.361</ele><time>2014-09-28T10:47:00Z</time></trkpt><trkpt lat="46.569075" lon="12.137168"><ele>1673.679</ele><time>2014-09-28T10:47:06Z</time></trkpt><trkpt lat="46.569046" lon="12.137162"><ele>1672.166</ele><time>2014-09-28T10:47:13Z</time></trkpt><trkpt lat="46.569049" lon="12.137155"><ele>1672.140</ele><time>2014-09-28T10:47:21Z</time></trkpt><trkpt lat="46.569067" lon="12.137158"><ele>1673.193</ele><time>2014-09-28T10:47:28Z</time></trkpt><trkpt lat="46.569063" lon="12.137162"><ele>1672.992</ele><time>2014-09-28T10:47:33Z</time></trkpt><trkpt lat="46.569043" lon="12.137157"><ele>1671.873</ele><time>2014-09-28T10:47:39Z</time></trkpt><trkpt lat="46.569033" lon="12.137167"><ele>1671.520</ele><time>2014-09-28T10:47:50Z</time></trkpt><trkpt lat="46.569016" lon="12.137209"><ele>1671.208</ele><time>2014-09-28T10:48:00Z</time></trkpt><trkpt lat="46.568994" lon="12.137257"><ele>1670.910</ele><time>2014-09-28T10:48:03Z</time></trkpt><trkpt lat="46.568989" lon="12.137278"><ele>1671.172</ele><time>2014-09-28T10:48:04Z</time></trkpt><trkpt lat="46.568977" lon="12.137354"><ele>1671.866</ele><time>2014-09-28T10:48:06Z</time></trkpt><trkpt lat="46.568970" lon="12.137372"><ele>1671.891</ele><time>2014-09-28T10:48:07Z</time></trkpt><trkpt lat="46.568973" lon="12.137366"><ele>1671.899</ele><time>2014-09-28T10:48:09Z</time></trkpt><trkpt lat="46.568973" lon="12.137379"><ele>1672.156</ele><time>2014-09-28T10:48:15Z</time></trkpt><trkpt lat="46.568970" lon="12.137391"><ele>1672.170</ele><time>2014-09-28T10:48:20Z</time></trkpt><trkpt lat="46.568969" lon="12.137393"><ele>1672.123</ele><time>2014-09-28T10:48:27Z</time></trkpt><trkpt lat="46.568963" lon="12.137392"><ele>1671.882</ele><time>2014-09-28T10:48:38Z</time></trkpt><trkpt lat="46.568960" lon="12.137392"><ele>1671.643</ele><time>2014-09-28T10:48:48Z</time></trkpt><trkpt lat="46.568954" lon="12.137393"><ele>1671.417</ele><time>2014-09-28T10:49:02Z</time></trkpt><trkpt lat="46.568955" lon="12.137396"><ele>1671.508</ele><time>2014-09-28T10:49:17Z</time></trkpt><trkpt lat="46.568943" lon="12.137387"><ele>1670.739</ele><time>2014-09-28T10:49:35Z</time></trkpt><trkpt lat="46.568936" lon="12.137393"><ele>1670.471</ele><time>2014-09-28T10:49:40Z</time></trkpt><trkpt lat="46.568935" lon="12.137391"><ele>1670.455</ele><time>2014-09-28T10:49:52Z</time></trkpt><trkpt lat="46.568934" lon="12.137409"><ele>1670.640</ele><time>2014-09-28T10:50:03Z</time></trkpt><trkpt lat="46.568917" lon="12.137467"><ele>1670.888</ele><time>2014-09-28T10:50:10Z</time></trkpt><trkpt lat="46.568872" lon="12.137547"><ele>1669.835</ele><time>2014-09-28T10:50:17Z</time></trkpt><trkpt lat="46.568835" lon="12.137639"><ele>1669.429</ele><time>2014-09-28T10:50:24Z</time></trkpt><trkpt lat="46.568812" lon="12.137684"><ele>1669.042</ele><time>2014-09-28T10:50:27Z</time></trkpt><trkpt lat="46.568808" lon="12.137703"><ele>1669.134</ele><time>2014-09-28T10:50:28Z</time></trkpt><trkpt lat="46.568805" lon="12.137720"><ele>1669.255</ele><time>2014-09-28T10:50:29Z</time></trkpt><trkpt lat="46.568796" lon="12.137772"><ele>1669.610</ele><time>2014-09-28T10:50:32Z</time></trkpt><trkpt lat="46.568792" lon="12.137788"><ele>1669.708</ele><time>2014-09-28T10:50:33Z</time></trkpt><trkpt lat="46.568762" lon="12.137881"><ele>1670.314</ele><time>2014-09-28T10:50:39Z</time></trkpt><trkpt lat="46.568734" lon="12.137927"><ele>1670.036</ele><time>2014-09-28T10:50:43Z</time></trkpt><trkpt lat="46.568687" lon="12.138025"><ele>1669.920</ele><time>2014-09-28T10:50:50Z</time></trkpt><trkpt lat="46.568639" lon="12.138094"><ele>1669.465</ele><time>2014-09-28T10:50:55Z</time></trkpt><trkpt lat="46.568636" lon="12.138104"><ele>1669.613</ele><time>2014-09-28T10:50:58Z</time></trkpt><trkpt lat="46.568629" lon="12.138113"><ele>1669.520</ele><time>2014-09-28T10:51:00Z</time></trkpt><trkpt lat="46.568609" lon="12.138143"><ele>1669.494</ele><time>2014-09-28T10:51:03Z</time></trkpt><trkpt lat="46.568602" lon="12.138157"><ele>1669.677</ele><time>2014-09-28T10:51:04Z</time></trkpt><trkpt lat="46.568593" lon="12.138172"><ele>1669.632</ele><time>2014-09-28T10:51:05Z</time></trkpt><trkpt lat="46.568550" lon="12.138201"><ele>1668.892</ele><time>2014-09-28T10:51:08Z</time></trkpt><trkpt lat="46.568541" lon="12.138214"><ele>1668.811</ele><time>2014-09-28T10:51:09Z</time></trkpt><trkpt lat="46.568518" lon="12.138233"><ele>1668.408</ele><time>2014-09-28T10:51:11Z</time></trkpt><trkpt lat="46.568449" lon="12.138298"><ele>1667.654</ele><time>2014-09-28T10:51:17Z</time></trkpt><trkpt lat="46.568405" lon="12.138347"><ele>1667.356</ele><time>2014-09-28T10:51:21Z</time></trkpt><trkpt lat="46.568361" lon="12.138370"><ele>1666.330</ele><time>2014-09-28T10:51:26Z</time></trkpt><trkpt lat="46.568280" lon="12.138389"><ele>1663.875</ele><time>2014-09-28T10:51:32Z</time></trkpt><trkpt lat="46.568261" lon="12.138407"><ele>1663.783</ele><time>2014-09-28T10:51:35Z</time></trkpt><trkpt lat="46.568252" lon="12.138417"><ele>1663.740</ele><time>2014-09-28T10:51:36Z</time></trkpt><trkpt lat="46.568205" lon="12.138466"><ele>1663.574</ele><time>2014-09-28T10:51:41Z</time></trkpt><trkpt lat="46.568188" lon="12.138492"><ele>1663.687</ele><time>2014-09-28T10:51:43Z</time></trkpt><trkpt lat="46.568156" lon="12.138540"><ele>1663.887</ele><time>2014-09-28T10:51:47Z</time></trkpt><trkpt lat="46.568144" lon="12.138571"><ele>1664.342</ele><time>2014-09-28T10:51:49Z</time></trkpt><trkpt lat="46.568129" lon="12.138624"><ele>1665.226</ele><time>2014-09-28T10:51:52Z</time></trkpt><trkpt lat="46.568103" lon="12.138644"><ele>1664.508</ele><time>2014-09-28T10:51:54Z</time></trkpt><trkpt lat="46.568083" lon="12.138690"><ele>1664.699</ele><time>2014-09-28T10:51:56Z</time></trkpt><trkpt lat="46.568062" lon="12.138728"><ele>1664.461</ele><time>2014-09-28T10:51:58Z</time></trkpt><trkpt lat="46.568052" lon="12.138749"><ele>1664.365</ele><time>2014-09-28T10:51:59Z</time></trkpt><trkpt lat="46.568049" lon="12.138772"><ele>1664.550</ele><time>2014-09-28T10:52:00Z</time></trkpt><trkpt lat="46.568031" lon="12.138811"><ele>1664.328</ele><time>2014-09-28T10:52:03Z</time></trkpt><trkpt lat="46.568021" lon="12.138824"><ele>1664.085</ele><time>2014-09-28T10:52:04Z</time></trkpt><trkpt lat="46.568020" lon="12.138819"><ele>1663.849</ele><time>2014-09-28T10:52:05Z</time></trkpt><trkpt lat="46.568016" lon="12.138830"><ele>1663.842</ele><time>2014-09-28T10:52:06Z</time></trkpt><trkpt lat="46.568015" lon="12.138842"><ele>1664.053</ele><time>2014-09-28T10:52:07Z</time></trkpt><trkpt lat="46.568009" lon="12.138881"><ele>1664.304</ele><time>2014-09-28T10:52:10Z</time></trkpt><trkpt lat="46.567999" lon="12.138909"><ele>1664.214</ele><time>2014-09-28T10:52:12Z</time></trkpt><trkpt lat="46.567986" lon="12.138940"><ele>1664.008</ele><time>2014-09-28T10:52:14Z</time></trkpt><trkpt lat="46.567960" lon="12.138999"><ele>1663.446</ele><time>2014-09-28T10:52:18Z</time></trkpt><trkpt lat="46.567945" lon="12.139038"><ele>1663.228</ele><time>2014-09-28T10:52:21Z</time></trkpt><trkpt lat="46.567930" lon="12.139071"><ele>1662.812</ele><time>2014-09-28T10:52:23Z</time></trkpt><trkpt lat="46.567908" lon="12.139125"><ele>1662.457</ele><time>2014-09-28T10:52:26Z</time></trkpt><trkpt lat="46.567901" lon="12.139159"><ele>1662.565</ele><time>2014-09-28T10:52:28Z</time></trkpt><trkpt lat="46.567866" lon="12.139221"><ele>1661.932</ele><time>2014-09-28T10:52:32Z</time></trkpt><trkpt lat="46.567835" lon="12.139318"><ele>1662.266</ele><time>2014-09-28T10:52:36Z</time></trkpt><trkpt lat="46.567824" lon="12.139341"><ele>1662.219</ele><time>2014-09-28T10:52:37Z</time></trkpt><trkpt lat="46.567776" lon="12.139402"><ele>1661.071</ele><time>2014-09-28T10:52:40Z</time></trkpt><trkpt lat="46.567764" lon="12.139417"><ele>1660.641</ele><time>2014-09-28T10:52:41Z</time></trkpt><trkpt lat="46.567752" lon="12.139440"><ele>1660.415</ele><time>2014-09-28T10:52:44Z</time></trkpt><trkpt lat="46.567709" lon="12.139506"><ele>1659.108</ele><time>2014-09-28T10:52:49Z</time></trkpt><trkpt lat="46.567654" lon="12.139553"><ele>1656.828</ele><time>2014-09-28T10:52:54Z</time></trkpt><trkpt lat="46.567653" lon="12.139554"><ele>1656.860</ele><time>2014-09-28T10:52:55Z</time></trkpt><trkpt lat="46.567624" lon="12.139565"><ele>1655.314</ele><time>2014-09-28T10:52:57Z</time></trkpt><trkpt lat="46.567617" lon="12.139578"><ele>1655.159</ele><time>2014-09-28T10:52:58Z</time></trkpt><trkpt lat="46.567599" lon="12.139609"><ele>1654.787</ele><time>2014-09-28T10:53:02Z</time></trkpt><trkpt lat="46.567589" lon="12.139626"><ele>1654.414</ele><time>2014-09-28T10:53:03Z</time></trkpt><trkpt lat="46.567561" lon="12.139681"><ele>1653.848</ele><time>2014-09-28T10:53:06Z</time></trkpt><trkpt lat="46.567544" lon="12.139708"><ele>1653.371</ele><time>2014-09-28T10:53:08Z</time></trkpt><trkpt lat="46.567537" lon="12.139712"><ele>1652.973</ele><time>2014-09-28T10:53:09Z</time></trkpt><trkpt lat="46.567515" lon="12.139747"><ele>1652.485</ele><time>2014-09-28T10:53:12Z</time></trkpt><trkpt lat="46.567510" lon="12.139759"><ele>1652.413</ele><time>2014-09-28T10:53:13Z</time></trkpt><trkpt lat="46.567484" lon="12.139828"><ele>1652.408</ele><time>2014-09-28T10:53:17Z</time></trkpt><trkpt lat="46.567468" lon="12.139837"><ele>1651.738</ele><time>2014-09-28T10:53:18Z</time></trkpt><trkpt lat="46.567440" lon="12.139897"><ele>1651.310</ele><time>2014-09-28T10:53:23Z</time></trkpt><trkpt lat="46.567422" lon="12.139957"><ele>1651.414</ele><time>2014-09-28T10:53:28Z</time></trkpt><trkpt lat="46.567415" lon="12.139993"><ele>1651.739</ele><time>2014-09-28T10:53:30Z</time></trkpt><trkpt lat="46.567407" lon="12.140100"><ele>1651.837</ele><time>2014-09-28T10:53:35Z</time></trkpt><trkpt lat="46.567395" lon="12.140150"><ele>1651.374</ele><time>2014-09-28T10:53:38Z</time></trkpt><trkpt lat="46.567378" lon="12.140270"><ele>1650.918</ele><time>2014-09-28T10:53:46Z</time></trkpt><trkpt lat="46.567378" lon="12.140380"><ele>1651.961</ele><time>2014-09-28T10:53:51Z</time></trkpt><trkpt lat="46.567381" lon="12.140394"><ele>1652.258</ele><time>2014-09-28T10:53:55Z</time></trkpt><trkpt lat="46.567373" lon="12.140402"><ele>1651.852</ele><time>2014-09-28T10:53:56Z</time></trkpt><trkpt lat="46.567351" lon="12.140460"><ele>1651.117</ele><time>2014-09-28T10:54:00Z</time></trkpt><trkpt lat="46.567341" lon="12.140502"><ele>1650.908</ele><time>2014-09-28T10:54:03Z</time></trkpt><trkpt lat="46.567343" lon="12.140521"><ele>1651.236</ele><time>2014-09-28T10:54:04Z</time></trkpt><trkpt lat="46.567334" lon="12.140576"><ele>1651.298</ele><time>2014-09-28T10:54:07Z</time></trkpt><trkpt lat="46.567335" lon="12.140604"><ele>1651.512</ele><time>2014-09-28T10:54:08Z</time></trkpt><trkpt lat="46.567330" lon="12.140622"><ele>1651.497</ele><time>2014-09-28T10:54:09Z</time></trkpt><trkpt lat="46.567327" lon="12.140632"><ele>1651.415</ele><time>2014-09-28T10:54:12Z</time></trkpt><trkpt lat="46.567304" lon="12.140664"><ele>1650.562</ele><time>2014-09-28T10:54:15Z</time></trkpt><trkpt lat="46.567289" lon="12.140687"><ele>1649.996</ele><time>2014-09-28T10:54:17Z</time></trkpt><trkpt lat="46.567275" lon="12.140719"><ele>1649.579</ele><time>2014-09-28T10:54:21Z</time></trkpt><trkpt lat="46.567275" lon="12.140755"><ele>1649.975</ele><time>2014-09-28T10:54:23Z</time></trkpt><trkpt lat="46.567261" lon="12.140779"><ele>1649.428</ele><time>2014-09-28T10:54:25Z</time></trkpt><trkpt lat="46.567243" lon="12.140864"><ele>1649.320</ele><time>2014-09-28T10:54:31Z</time></trkpt><trkpt lat="46.567216" lon="12.140954"><ele>1648.508</ele><time>2014-09-28T10:54:37Z</time></trkpt><trkpt lat="46.567210" lon="12.141047"><ele>1648.958</ele><time>2014-09-28T10:54:42Z</time></trkpt><trkpt lat="46.567194" lon="12.141140"><ele>1648.870</ele><time>2014-09-28T10:54:47Z</time></trkpt><trkpt lat="46.567191" lon="12.141172"><ele>1649.054</ele><time>2014-09-28T10:54:49Z</time></trkpt><trkpt lat="46.567185" lon="12.141221"><ele>1649.299</ele><time>2014-09-28T10:54:52Z</time></trkpt><trkpt lat="46.567180" lon="12.141234"><ele>1649.037</ele><time>2014-09-28T10:54:53Z</time></trkpt><trkpt lat="46.567177" lon="12.141250"><ele>1649.174</ele><time>2014-09-28T10:54:54Z</time></trkpt><trkpt lat="46.567166" lon="12.141323"><ele>1649.338</ele><time>2014-09-28T10:54:58Z</time></trkpt><trkpt lat="46.567148" lon="12.141393"><ele>1649.031</ele><time>2014-09-28T10:55:03Z</time></trkpt><trkpt lat="46.567148" lon="12.141412"><ele>1649.319</ele><time>2014-09-28T10:55:04Z</time></trkpt><trkpt lat="46.567164" lon="12.141451"><ele>1650.609</ele><time>2014-09-28T10:55:06Z</time></trkpt><trkpt lat="46.567136" lon="12.141511"><ele>1649.819</ele><time>2014-09-28T10:55:10Z</time></trkpt><trkpt lat="46.567097" lon="12.141578"><ele>1648.608</ele><time>2014-09-28T10:55:15Z</time></trkpt><trkpt lat="46.567047" lon="12.141614"><ele>1646.592</ele><time>2014-09-28T10:55:19Z</time></trkpt><trkpt lat="46.567029" lon="12.141639"><ele>1645.914</ele><time>2014-09-28T10:55:21Z</time></trkpt><trkpt lat="46.567017" lon="12.141696"><ele>1646.078</ele><time>2014-09-28T10:55:24Z</time></trkpt><trkpt lat="46.567007" lon="12.141712"><ele>1645.783</ele><time>2014-09-28T10:55:25Z</time></trkpt><trkpt lat="46.566990" lon="12.141745"><ele>1645.271</ele><time>2014-09-28T10:55:27Z</time></trkpt><trkpt lat="46.566978" lon="12.141771"><ele>1644.988</ele><time>2014-09-28T10:55:29Z</time></trkpt><trkpt lat="46.566973" lon="12.141805"><ele>1645.032</ele><time>2014-09-28T10:55:31Z</time></trkpt><trkpt lat="46.566966" lon="12.141860"><ele>1645.225</ele><time>2014-09-28T10:55:34Z</time></trkpt><trkpt lat="46.566956" lon="12.141917"><ele>1645.333</ele><time>2014-09-28T10:55:37Z</time></trkpt><trkpt lat="46.566953" lon="12.141934"><ele>1645.323</ele><time>2014-09-28T10:55:38Z</time></trkpt><trkpt lat="46.566947" lon="12.141982"><ele>1645.515</ele><time>2014-09-28T10:55:41Z</time></trkpt><trkpt lat="46.566930" lon="12.141999"><ele>1644.808</ele><time>2014-09-28T10:55:43Z</time></trkpt><trkpt lat="46.566898" lon="12.142049"><ele>1643.724</ele><time>2014-09-28T10:55:49Z</time></trkpt><trkpt lat="46.566894" lon="12.142062"><ele>1643.636</ele><time>2014-09-28T10:55:50Z</time></trkpt><trkpt lat="46.566872" lon="12.142120"><ele>1643.120</ele><time>2014-09-28T10:55:54Z</time></trkpt><trkpt lat="46.566865" lon="12.142133"><ele>1642.935</ele><time>2014-09-28T10:55:55Z</time></trkpt><trkpt lat="46.566827" lon="12.142195"><ele>1641.713</ele><time>2014-09-28T10:56:00Z</time></trkpt><trkpt lat="46.566814" lon="12.142215"><ele>1641.340</ele><time>2014-09-28T10:56:02Z</time></trkpt><trkpt lat="46.566781" lon="12.142259"><ele>1640.264</ele><time>2014-09-28T10:56:06Z</time></trkpt><trkpt lat="46.566761" lon="12.142293"><ele>1639.587</ele><time>2014-09-28T10:56:09Z</time></trkpt><trkpt lat="46.566744" lon="12.142332"><ele>1639.145</ele><time>2014-09-28T10:56:12Z</time></trkpt><trkpt lat="46.566714" lon="12.142397"><ele>1638.347</ele><time>2014-09-28T10:56:17Z</time></trkpt><trkpt lat="46.566676" lon="12.142462"><ele>1637.111</ele><time>2014-09-28T10:56:22Z</time></trkpt><trkpt lat="46.566669" lon="12.142472"><ele>1636.808</ele><time>2014-09-28T10:56:23Z</time></trkpt><trkpt lat="46.566643" lon="12.142502"><ele>1636.165</ele><time>2014-09-28T10:56:26Z</time></trkpt><trkpt lat="46.566628" lon="12.142532"><ele>1635.877</ele><time>2014-09-28T10:56:28Z</time></trkpt><trkpt lat="46.566612" lon="12.142563"><ele>1635.661</ele><time>2014-09-28T10:56:30Z</time></trkpt><trkpt lat="46.566575" lon="12.142641"><ele>1635.126</ele><time>2014-09-28T10:56:35Z</time></trkpt><trkpt lat="46.566564" lon="12.142655"><ele>1634.874</ele><time>2014-09-28T10:56:36Z</time></trkpt><trkpt lat="46.566508" lon="12.142723"><ele>1633.621</ele><time>2014-09-28T10:56:42Z</time></trkpt><trkpt lat="46.566496" lon="12.142735"><ele>1633.385</ele><time>2014-09-28T10:56:43Z</time></trkpt><trkpt lat="46.566491" lon="12.142748"><ele>1633.358</ele><time>2014-09-28T10:56:44Z</time></trkpt><trkpt lat="46.566485" lon="12.142771"><ele>1633.457</ele><time>2014-09-28T10:56:45Z</time></trkpt><trkpt lat="46.566468" lon="12.142835"><ele>1633.500</ele><time>2014-09-28T10:56:48Z</time></trkpt><trkpt lat="46.566408" lon="12.142895"><ele>1632.020</ele><time>2014-09-28T10:56:53Z</time></trkpt><trkpt lat="46.566365" lon="12.142927"><ele>1630.608</ele><time>2014-09-28T10:56:57Z</time></trkpt><trkpt lat="46.566337" lon="12.142944"><ele>1629.786</ele><time>2014-09-28T10:56:59Z</time></trkpt><trkpt lat="46.566296" lon="12.142979"><ele>1628.448</ele><time>2014-09-28T10:57:02Z</time></trkpt><trkpt lat="46.566270" lon="12.143002"><ele>1627.682</ele><time>2014-09-28T10:57:04Z</time></trkpt><trkpt lat="46.566260" lon="12.143020"><ele>1627.527</ele><time>2014-09-28T10:57:05Z</time></trkpt><trkpt lat="46.566251" lon="12.143040"><ele>1627.395</ele><time>2014-09-28T10:57:06Z</time></trkpt><trkpt lat="46.566219" lon="12.143132"><ele>1627.122</ele><time>2014-09-28T10:57:11Z</time></trkpt><trkpt lat="46.566211" lon="12.143154"><ele>1627.096</ele><time>2014-09-28T10:57:12Z</time></trkpt><trkpt lat="46.566197" lon="12.143190"><ele>1626.929</ele><time>2014-09-28T10:57:14Z</time></trkpt><trkpt lat="46.566174" lon="12.143241"><ele>1626.578</ele><time>2014-09-28T10:57:17Z</time></trkpt><trkpt lat="46.566155" lon="12.143264"><ele>1626.033</ele><time>2014-09-28T10:57:19Z</time></trkpt><trkpt lat="46.566138" lon="12.143283"><ele>1625.526</ele><time>2014-09-28T10:57:21Z</time></trkpt><trkpt lat="46.566101" lon="12.143312"><ele>1624.408</ele><time>2014-09-28T10:57:24Z</time></trkpt><trkpt lat="46.566090" lon="12.143324"><ele>1624.178</ele><time>2014-09-28T10:57:25Z</time></trkpt><trkpt lat="46.566052" lon="12.143377"><ele>1623.570</ele><time>2014-09-28T10:57:29Z</time></trkpt><trkpt lat="46.566028" lon="12.143409"><ele>1623.074</ele><time>2014-09-28T10:57:31Z</time></trkpt><trkpt lat="46.566004" lon="12.143466"><ele>1622.959</ele><time>2014-09-28T10:57:34Z</time></trkpt><trkpt lat="46.565981" lon="12.143492"><ele>1622.367</ele><time>2014-09-28T10:57:36Z</time></trkpt><trkpt lat="46.565942" lon="12.143558"><ele>1621.734</ele><time>2014-09-28T10:57:40Z</time></trkpt><trkpt lat="46.565939" lon="12.143568"><ele>1621.758</ele><time>2014-09-28T10:57:41Z</time></trkpt><trkpt lat="46.565927" lon="12.143584"><ele>1621.411</ele><time>2014-09-28T10:57:42Z</time></trkpt><trkpt lat="46.565887" lon="12.143627"><ele>1620.378</ele><time>2014-09-28T10:57:45Z</time></trkpt><trkpt lat="46.565876" lon="12.143640"><ele>1620.033</ele><time>2014-09-28T10:57:46Z</time></trkpt><trkpt lat="46.565829" lon="12.143686"><ele>1618.726</ele><time>2014-09-28T10:57:50Z</time></trkpt><trkpt lat="46.565785" lon="12.143707"><ele>1617.308</ele><time>2014-09-28T10:57:53Z</time></trkpt><trkpt lat="46.565744" lon="12.143762"><ele>1616.498</ele><time>2014-09-28T10:57:57Z</time></trkpt><trkpt lat="46.565737" lon="12.143781"><ele>1616.470</ele><time>2014-09-28T10:57:59Z</time></trkpt><trkpt lat="46.565727" lon="12.143804"><ele>1616.354</ele><time>2014-09-28T10:58:00Z</time></trkpt><trkpt lat="46.565717" lon="12.143819"><ele>1616.169</ele><time>2014-09-28T10:58:01Z</time></trkpt><trkpt lat="46.565665" lon="12.143883"><ele>1614.957</ele><time>2014-09-28T10:58:05Z</time></trkpt><trkpt lat="46.565645" lon="12.143924"><ele>1614.874</ele><time>2014-09-28T10:58:08Z</time></trkpt><trkpt lat="46.565649" lon="12.143909"><ele>1614.768</ele><time>2014-09-28T10:58:09Z</time></trkpt><trkpt lat="46.565635" lon="12.143954"><ele>1614.851</ele><time>2014-09-28T10:58:10Z</time></trkpt><trkpt lat="46.565617" lon="12.143996"><ele>1614.783</ele><time>2014-09-28T10:58:13Z</time></trkpt><trkpt lat="46.565608" lon="12.144009"><ele>1614.525</ele><time>2014-09-28T10:58:14Z</time></trkpt><trkpt lat="46.565571" lon="12.144057"><ele>1613.517</ele><time>2014-09-28T10:58:18Z</time></trkpt><trkpt lat="46.565555" lon="12.144060"><ele>1612.808</ele><time>2014-09-28T10:58:19Z</time></trkpt><trkpt lat="46.565526" lon="12.144075"><ele>1612.269</ele><time>2014-09-28T10:58:23Z</time></trkpt><trkpt lat="46.565517" lon="12.144075"><ele>1612.051</ele><time>2014-09-28T10:58:28Z</time></trkpt><trkpt lat="46.565539" lon="12.144105"><ele>1612.975</ele><time>2014-09-28T10:58:39Z</time></trkpt><trkpt lat="46.565545" lon="12.144110"><ele>1613.180</ele><time>2014-09-28T10:58:47Z</time></trkpt><trkpt lat="46.565542" lon="12.144119"><ele>1613.128</ele><time>2014-09-28T10:58:56Z</time></trkpt><trkpt lat="46.565498" lon="12.144142"><ele>1612.355</ele><time>2014-09-28T10:59:01Z</time></trkpt><trkpt lat="46.565474" lon="12.144151"><ele>1611.869</ele><time>2014-09-28T10:59:04Z</time></trkpt><trkpt lat="46.565453" lon="12.144147"><ele>1611.252</ele><time>2014-09-28T10:59:05Z</time></trkpt><trkpt lat="46.565444" lon="12.144139"><ele>1610.943</ele><time>2014-09-28T10:59:06Z</time></trkpt><trkpt lat="46.565409" lon="12.144140"><ele>1610.064</ele><time>2014-09-28T10:59:08Z</time></trkpt><trkpt lat="46.565375" lon="12.144135"><ele>1609.010</ele><time>2014-09-28T10:59:10Z</time></trkpt><trkpt lat="46.565306" lon="12.144136"><ele>1607.308</ele><time>2014-09-28T10:59:16Z</time></trkpt><trkpt lat="46.565261" lon="12.144143"><ele>1606.395</ele><time>2014-09-28T10:59:20Z</time></trkpt><trkpt lat="46.565249" lon="12.144150"><ele>1606.167</ele><time>2014-09-28T10:59:21Z</time></trkpt><trkpt lat="46.565209" lon="12.144212"><ele>1606.631</ele><time>2014-09-28T10:59:28Z</time></trkpt><trkpt lat="46.565193" lon="12.144227"><ele>1606.626</ele><time>2014-09-28T10:59:36Z</time></trkpt><trkpt lat="46.565192" lon="12.144225"><ele>1606.624</ele><time>2014-09-28T10:59:43Z</time></trkpt><trkpt lat="46.565182" lon="12.144208"><ele>1605.971</ele><time>2014-09-28T10:59:51Z</time></trkpt><trkpt lat="46.565175" lon="12.144180"><ele>1605.115</ele><time>2014-09-28T11:00:01Z</time></trkpt><trkpt lat="46.565193" lon="12.144180"><ele>1605.588</ele><time>2014-09-28T11:00:07Z</time></trkpt><trkpt lat="46.565211" lon="12.144200"><ele>1606.464</ele><time>2014-09-28T11:00:13Z</time></trkpt><trkpt lat="46.565234" lon="12.144219"><ele>1607.306</ele><time>2014-09-28T11:00:19Z</time></trkpt><trkpt lat="46.565223" lon="12.144209"><ele>1606.916</ele><time>2014-09-28T11:00:26Z</time></trkpt><trkpt lat="46.565229" lon="12.144209"><ele>1607.008</ele><time>2014-09-28T11:00:33Z</time></trkpt><trkpt lat="46.565336" lon="12.144279"><ele>1611.347</ele><time>2014-09-28T11:00:41Z</time></trkpt><trkpt lat="46.565300" lon="12.144253"><ele>1609.779</ele><time>2014-09-28T11:00:50Z</time></trkpt><trkpt lat="46.565264" lon="12.144278"><ele>1609.563</ele><time>2014-09-28T11:00:56Z</time></trkpt><trkpt lat="46.565227" lon="12.144332"><ele>1610.068</ele><time>2014-09-28T11:01:03Z</time></trkpt><trkpt lat="46.565193" lon="12.144372"><ele>1610.156</ele><time>2014-09-28T11:01:10Z</time></trkpt><trkpt lat="46.565176" lon="12.144419"><ele>1610.873</ele><time>2014-09-28T11:01:15Z</time></trkpt><trkpt lat="46.565157" lon="12.144457"><ele>1611.267</ele><time>2014-09-28T11:01:20Z</time></trkpt><trkpt lat="46.565136" lon="12.144495"><ele>1611.560</ele><time>2014-09-28T11:01:25Z</time></trkpt><trkpt lat="46.565119" lon="12.144514"><ele>1611.568</ele><time>2014-09-28T11:01:32Z</time></trkpt><trkpt lat="46.565092" lon="12.144527"><ele>1611.042</ele><time>2014-09-28T11:01:34Z</time></trkpt><trkpt lat="46.565088" lon="12.144531"><ele>1611.026</ele><time>2014-09-28T11:01:37Z</time></trkpt><trkpt lat="46.565041" lon="12.144557"><ele>1610.208</ele><time>2014-09-28T11:01:41Z</time></trkpt><trkpt lat="46.565034" lon="12.144578"><ele>1610.417</ele><time>2014-09-28T11:01:43Z</time></trkpt><trkpt lat="46.565002" lon="12.144609"><ele>1610.069</ele><time>2014-09-28T11:01:47Z</time></trkpt><trkpt lat="46.565000" lon="12.144635"><ele>1610.493</ele><time>2014-09-28T11:01:48Z</time></trkpt><trkpt lat="46.564975" lon="12.144668"><ele>1610.778</ele><time>2014-09-28T11:01:51Z</time></trkpt><trkpt lat="46.564956" lon="12.144684"><ele>1610.746</ele><time>2014-09-28T11:01:53Z</time></trkpt><trkpt lat="46.564922" lon="12.144729"><ele>1611.083</ele><time>2014-09-28T11:01:57Z</time></trkpt><trkpt lat="46.564898" lon="12.144738"><ele>1610.847</ele><time>2014-09-28T11:01:59Z</time></trkpt><trkpt lat="46.564880" lon="12.144751"><ele>1610.820</ele><time>2014-09-28T11:02:01Z</time></trkpt><trkpt lat="46.564870" lon="12.144770"><ele>1611.165</ele><time>2014-09-28T11:02:02Z</time></trkpt><trkpt lat="46.564856" lon="12.144781"><ele>1611.168</ele><time>2014-09-28T11:02:04Z</time></trkpt><trkpt lat="46.564852" lon="12.144802"><ele>1611.514</ele><time>2014-09-28T11:02:05Z</time></trkpt><trkpt lat="46.564845" lon="12.144813"><ele>1611.608</ele><time>2014-09-28T11:02:07Z</time></trkpt><trkpt lat="46.564830" lon="12.144826"><ele>1611.747</ele><time>2014-09-28T11:02:09Z</time></trkpt><trkpt lat="46.564835" lon="12.144825"><ele>1611.869</ele><time>2014-09-28T11:02:11Z</time></trkpt><trkpt lat="46.564811" lon="12.144843"><ele>1611.913</ele><time>2014-09-28T11:02:12Z</time></trkpt><trkpt lat="46.564801" lon="12.144857"><ele>1612.188</ele><time>2014-09-28T11:02:14Z</time></trkpt><trkpt lat="46.564780" lon="12.144895"><ele>1612.896</ele><time>2014-09-28T11:02:19Z</time></trkpt><trkpt lat="46.564780" lon="12.144896"><ele>1612.823</ele><time>2014-09-28T11:02:20Z</time></trkpt><trkpt lat="46.564765" lon="12.144902"><ele>1612.827</ele><time>2014-09-28T11:02:21Z</time></trkpt><trkpt lat="46.564748" lon="12.144912"><ele>1613.040</ele><time>2014-09-28T11:02:25Z</time></trkpt><trkpt lat="46.564683" lon="12.144915"><ele>1613.023</ele><time>2014-09-28T11:02:32Z</time></trkpt><trkpt lat="46.564646" lon="12.144928"><ele>1613.583</ele><time>2014-09-28T11:02:37Z</time></trkpt><trkpt lat="46.564612" lon="12.144937"><ele>1613.811</ele><time>2014-09-28T11:02:40Z</time></trkpt><trkpt lat="46.564610" lon="12.144943"><ele>1614.008</ele><time>2014-09-28T11:02:43Z</time></trkpt><trkpt lat="46.564557" lon="12.144953"><ele>1614.693</ele><time>2014-09-28T11:02:51Z</time></trkpt><trkpt lat="46.564493" lon="12.144962"><ele>1615.285</ele><time>2014-09-28T11:02:57Z</time></trkpt><trkpt lat="46.564463" lon="12.144974"><ele>1615.999</ele><time>2014-09-28T11:03:01Z</time></trkpt><trkpt lat="46.564444" lon="12.144994"><ele>1616.884</ele><time>2014-09-28T11:03:03Z</time></trkpt><trkpt lat="46.564416" lon="12.145002"><ele>1616.682</ele><time>2014-09-28T11:03:06Z</time></trkpt><trkpt lat="46.564396" lon="12.145018"><ele>1616.879</ele><time>2014-09-28T11:03:09Z</time></trkpt><trkpt lat="46.564383" lon="12.145035"><ele>1617.023</ele><time>2014-09-28T11:03:11Z</time></trkpt><trkpt lat="46.564373" lon="12.145061"><ele>1617.696</ele><time>2014-09-28T11:03:13Z</time></trkpt><trkpt lat="46.564369" lon="12.145079"><ele>1618.021</ele><time>2014-09-28T11:03:15Z</time></trkpt><trkpt lat="46.564365" lon="12.145095"><ele>1618.341</ele><time>2014-09-28T11:03:16Z</time></trkpt><trkpt lat="46.564348" lon="12.145106"><ele>1618.405</ele><time>2014-09-28T11:03:18Z</time></trkpt><trkpt lat="46.564344" lon="12.145119"><ele>1618.708</ele><time>2014-09-28T11:03:20Z</time></trkpt><trkpt lat="46.564335" lon="12.145140"><ele>1619.293</ele><time>2014-09-28T11:03:21Z</time></trkpt><trkpt lat="46.564338" lon="12.145192"><ele>1620.615</ele><time>2014-09-28T11:03:24Z</time></trkpt><trkpt lat="46.564308" lon="12.145263"><ele>1622.189</ele><time>2014-09-28T11:03:28Z</time></trkpt><trkpt lat="46.564298" lon="12.145308"><ele>1623.214</ele><time>2014-09-28T11:03:31Z</time></trkpt><trkpt lat="46.564280" lon="12.145326"><ele>1623.472</ele><time>2014-09-28T11:03:33Z</time></trkpt><trkpt lat="46.564273" lon="12.145344"><ele>1623.879</ele><time>2014-09-28T11:03:34Z</time></trkpt><trkpt lat="46.564228" lon="12.145372"><ele>1624.093</ele><time>2014-09-28T11:03:38Z</time></trkpt><trkpt lat="46.564216" lon="12.145372"><ele>1623.916</ele><time>2014-09-28T11:03:39Z</time></trkpt><trkpt lat="46.564203" lon="12.145376"><ele>1623.972</ele><time>2014-09-28T11:03:40Z</time></trkpt><trkpt lat="46.564157" lon="12.145399"><ele>1623.813</ele><time>2014-09-28T11:03:44Z</time></trkpt><trkpt lat="46.564132" lon="12.145410"><ele>1623.614</ele><time>2014-09-28T11:03:46Z</time></trkpt><trkpt lat="46.564098" lon="12.145438"><ele>1623.608</ele><time>2014-09-28T11:03:49Z</time></trkpt><trkpt lat="46.564071" lon="12.145453"><ele>1623.318</ele><time>2014-09-28T11:03:51Z</time></trkpt><trkpt lat="46.564030" lon="12.145467"><ele>1622.890</ele><time>2014-09-28T11:03:54Z</time></trkpt><trkpt lat="46.564008" lon="12.145488"><ele>1622.984</ele><time>2014-09-28T11:03:56Z</time></trkpt><trkpt lat="46.563989" lon="12.145515"><ele>1623.169</ele><time>2014-09-28T11:03:59Z</time></trkpt><trkpt lat="46.563976" lon="12.145546"><ele>1623.657</ele><time>2014-09-28T11:04:01Z</time></trkpt><trkpt lat="46.563972" lon="12.145562"><ele>1623.974</ele><time>2014-09-28T11:04:02Z</time></trkpt><trkpt lat="46.563924" lon="12.145667"><ele>1625.178</ele><time>2014-09-28T11:04:09Z</time></trkpt><trkpt lat="46.563890" lon="12.145786"><ele>1627.051</ele><time>2014-09-28T11:04:15Z</time></trkpt><trkpt lat="46.563873" lon="12.145860"><ele>1627.893</ele><time>2014-09-28T11:04:20Z</time></trkpt><trkpt lat="46.563865" lon="12.145907"><ele>1628.065</ele><time>2014-09-28T11:04:22Z</time></trkpt><trkpt lat="46.563868" lon="12.145922"><ele>1628.321</ele><time>2014-09-28T11:04:23Z</time></trkpt><trkpt lat="46.563857" lon="12.145953"><ele>1628.308</ele><time>2014-09-28T11:04:25Z</time></trkpt><trkpt lat="46.563845" lon="12.145999"><ele>1628.440</ele><time>2014-09-28T11:04:28Z</time></trkpt><trkpt lat="46.563840" lon="12.146017"><ele>1628.452</ele><time>2014-09-28T11:04:29Z</time></trkpt><trkpt lat="46.563843" lon="12.146060"><ele>1629.096</ele><time>2014-09-28T11:04:31Z</time></trkpt><trkpt lat="46.563850" lon="12.146121"><ele>1629.891</ele><time>2014-09-28T11:04:34Z</time></trkpt><trkpt lat="46.563849" lon="12.146133"><ele>1629.879</ele><time>2014-09-28T11:04:35Z</time></trkpt><trkpt lat="46.563855" lon="12.146211"><ele>1630.356</ele><time>2014-09-28T11:04:39Z</time></trkpt><trkpt lat="46.563855" lon="12.146230"><ele>1630.470</ele><time>2014-09-28T11:04:40Z</time></trkpt><trkpt lat="46.563858" lon="12.146263"><ele>1630.693</ele><time>2014-09-28T11:04:42Z</time></trkpt><trkpt lat="46.563854" lon="12.146324"><ele>1630.749</ele><time>2014-09-28T11:04:45Z</time></trkpt><trkpt lat="46.563872" lon="12.146420"><ele>1631.602</ele><time>2014-09-28T11:04:51Z</time></trkpt><trkpt lat="46.563863" lon="12.146431"><ele>1631.422</ele><time>2014-09-28T11:04:52Z</time></trkpt><trkpt lat="46.563866" lon="12.146446"><ele>1631.508</ele><time>2014-09-28T11:04:53Z</time></trkpt><trkpt lat="46.563871" lon="12.146498"><ele>1631.995</ele><time>2014-09-28T11:04:56Z</time></trkpt><trkpt lat="46.563883" lon="12.146531"><ele>1632.327</ele><time>2014-09-28T11:04:58Z</time></trkpt><trkpt lat="46.563897" lon="12.146573"><ele>1632.981</ele><time>2014-09-28T11:05:01Z</time></trkpt><trkpt lat="46.563910" lon="12.146613"><ele>1633.456</ele><time>2014-09-28T11:05:05Z</time></trkpt><trkpt lat="46.563934" lon="12.146691"><ele>1634.564</ele><time>2014-09-28T11:05:09Z</time></trkpt><trkpt lat="46.563934" lon="12.146786"><ele>1634.911</ele><time>2014-09-28T11:05:14Z</time></trkpt><trkpt lat="46.563900" lon="12.146860"><ele>1634.125</ele><time>2014-09-28T11:05:18Z</time></trkpt><trkpt lat="46.563881" lon="12.146935"><ele>1633.778</ele><time>2014-09-28T11:05:22Z</time></trkpt><trkpt lat="46.563873" lon="12.147029"><ele>1634.587</ele><time>2014-09-28T11:05:27Z</time></trkpt><trkpt lat="46.563846" lon="12.147086"><ele>1634.342</ele><time>2014-09-28T11:05:31Z</time></trkpt><trkpt lat="46.563842" lon="12.147100"><ele>1634.326</ele><time>2014-09-28T11:05:32Z</time></trkpt><trkpt lat="46.563795" lon="12.147199"><ele>1634.008</ele><time>2014-09-28T11:05:38Z</time></trkpt><trkpt lat="46.563766" lon="12.147282"><ele>1634.549</ele><time>2014-09-28T11:05:43Z</time></trkpt><trkpt lat="46.563748" lon="12.147298"><ele>1634.321</ele><time>2014-09-28T11:05:46Z</time></trkpt><trkpt lat="46.563735" lon="12.147329"><ele>1634.585</ele><time>2014-09-28T11:05:49Z</time></trkpt><trkpt lat="46.563720" lon="12.147354"><ele>1634.590</ele><time>2014-09-28T11:05:51Z</time></trkpt><trkpt lat="46.563665" lon="12.147410"><ele>1633.978</ele><time>2014-09-28T11:05:54Z</time></trkpt><trkpt lat="46.563638" lon="12.147445"><ele>1633.885</ele><time>2014-09-28T11:05:57Z</time></trkpt><trkpt lat="46.563636" lon="12.147443"><ele>1633.739</ele><time>2014-09-28T11:05:58Z</time></trkpt><trkpt lat="46.563562" lon="12.147482"><ele>1632.612</ele><time>2014-09-28T11:06:02Z</time></trkpt><trkpt lat="46.563538" lon="12.147504"><ele>1632.539</ele><time>2014-09-28T11:06:04Z</time></trkpt><trkpt lat="46.563522" lon="12.147529"><ele>1632.701</ele><time>2014-09-28T11:06:06Z</time></trkpt><trkpt lat="46.563476" lon="12.147548"><ele>1632.121</ele><time>2014-09-28T11:06:10Z</time></trkpt><trkpt lat="46.563446" lon="12.147586"><ele>1632.208</ele><time>2014-09-28T11:06:13Z</time></trkpt><trkpt lat="46.563429" lon="12.147597"><ele>1632.164</ele><time>2014-09-28T11:06:14Z</time></trkpt><trkpt lat="46.563421" lon="12.147608"><ele>1632.156</ele><time>2014-09-28T11:06:15Z</time></trkpt><trkpt lat="46.563368" lon="12.147663"><ele>1631.810</ele><time>2014-09-28T11:06:20Z</time></trkpt><trkpt lat="46.563317" lon="12.147709"><ele>1631.415</ele><time>2014-09-28T11:06:25Z</time></trkpt><trkpt lat="46.563316" lon="12.147716"><ele>1631.593</ele><time>2014-09-28T11:06:26Z</time></trkpt><trkpt lat="46.563294" lon="12.147727"><ele>1631.160</ele><time>2014-09-28T11:06:27Z</time></trkpt><trkpt lat="46.563251" lon="12.147738"><ele>1630.214</ele><time>2014-09-28T11:06:30Z</time></trkpt><trkpt lat="46.563229" lon="12.147751"><ele>1629.917</ele><time>2014-09-28T11:06:32Z</time></trkpt><trkpt lat="46.563192" lon="12.147775"><ele>1629.458</ele><time>2014-09-28T11:06:35Z</time></trkpt><trkpt lat="46.563179" lon="12.147785"><ele>1629.352</ele><time>2014-09-28T11:06:36Z</time></trkpt><trkpt lat="46.563178" lon="12.147800"><ele>1629.617</ele><time>2014-09-28T11:06:37Z</time></trkpt><trkpt lat="46.563159" lon="12.147811"><ele>1629.408</ele><time>2014-09-28T11:06:39Z</time></trkpt><trkpt lat="46.563140" lon="12.147814"><ele>1629.076</ele><time>2014-09-28T11:06:40Z</time></trkpt><trkpt lat="46.563064" lon="12.147837"><ele>1627.778</ele><time>2014-09-28T11:06:45Z</time></trkpt><trkpt lat="46.563060" lon="12.147851"><ele>1628.062</ele><time>2014-09-28T11:06:46Z</time></trkpt><trkpt lat="46.563031" lon="12.147860"><ele>1627.747</ele><time>2014-09-28T11:06:48Z</time></trkpt><trkpt lat="46.563035" lon="12.147864"><ele>1627.885</ele><time>2014-09-28T11:06:49Z</time></trkpt><trkpt lat="46.563026" lon="12.147893"><ele>1628.412</ele><time>2014-09-28T11:06:50Z</time></trkpt><trkpt lat="46.563009" lon="12.147929"><ele>1629.096</ele><time>2014-09-28T11:06:52Z</time></trkpt><trkpt lat="46.562987" lon="12.148004"><ele>1630.319</ele><time>2014-09-28T11:06:56Z</time></trkpt><trkpt lat="46.562991" lon="12.148043"><ele>1631.369</ele><time>2014-09-28T11:06:58Z</time></trkpt><trkpt lat="46.562991" lon="12.148053"><ele>1631.504</ele><time>2014-09-28T11:06:59Z</time></trkpt><trkpt lat="46.562985" lon="12.148091"><ele>1632.124</ele><time>2014-09-28T11:07:01Z</time></trkpt><trkpt lat="46.562962" lon="12.148143"><ele>1632.408</ele><time>2014-09-28T11:07:04Z</time></trkpt><trkpt lat="46.562912" lon="12.148166"><ele>1631.717</ele><time>2014-09-28T11:07:08Z</time></trkpt><trkpt lat="46.562890" lon="12.148207"><ele>1631.849</ele><time>2014-09-28T11:07:11Z</time></trkpt><trkpt lat="46.562870" lon="12.148246"><ele>1632.023</ele><time>2014-09-28T11:07:14Z</time></trkpt><trkpt lat="46.562857" lon="12.148281"><ele>1632.258</ele><time>2014-09-28T11:07:16Z</time></trkpt><trkpt lat="46.562836" lon="12.148325"><ele>1632.336</ele><time>2014-09-28T11:07:19Z</time></trkpt><trkpt lat="46.562826" lon="12.148379"><ele>1632.913</ele><time>2014-09-28T11:07:22Z</time></trkpt><trkpt lat="46.562792" lon="12.148475"><ele>1633.537</ele><time>2014-09-28T11:07:28Z</time></trkpt><trkpt lat="46.562781" lon="12.148495"><ele>1633.410</ele><time>2014-09-28T11:07:29Z</time></trkpt><trkpt lat="46.562760" lon="12.148527"><ele>1633.283</ele><time>2014-09-28T11:07:31Z</time></trkpt><trkpt lat="46.562741" lon="12.148557"><ele>1633.025</ele><time>2014-09-28T11:07:33Z</time></trkpt><trkpt lat="46.562739" lon="12.148574"><ele>1633.217</ele><time>2014-09-28T11:07:34Z</time></trkpt><trkpt lat="46.562702" lon="12.148610"><ele>1632.508</ele><time>2014-09-28T11:07:37Z</time></trkpt><trkpt lat="46.562667" lon="12.148684"><ele>1632.559</ele><time>2014-09-28T11:07:42Z</time></trkpt><trkpt lat="46.562649" lon="12.148743"><ele>1632.781</ele><time>2014-09-28T11:07:45Z</time></trkpt><trkpt lat="46.562643" lon="12.148773"><ele>1633.065</ele><time>2014-09-28T11:07:47Z</time></trkpt><trkpt lat="46.562635" lon="12.148782"><ele>1632.810</ele><time>2014-09-28T11:07:48Z</time></trkpt><trkpt lat="46.562624" lon="12.148839"><ele>1633.328</ele><time>2014-09-28T11:07:51Z</time></trkpt><trkpt lat="46.562613" lon="12.148880"><ele>1633.515</ele><time>2014-09-28T11:07:53Z</time></trkpt><trkpt lat="46.562601" lon="12.148921"><ele>1633.799</ele><time>2014-09-28T11:07:55Z</time></trkpt><trkpt lat="46.562582" lon="12.148964"><ele>1633.792</ele><time>2014-09-28T11:07:57Z</time></trkpt><trkpt lat="46.562557" lon="12.149046"><ele>1634.249</ele><time>2014-09-28T11:08:01Z</time></trkpt><trkpt lat="46.562534" lon="12.149126"><ele>1635.002</ele><time>2014-09-28T11:08:06Z</time></trkpt><trkpt lat="46.562530" lon="12.149137"><ele>1635.122</ele><time>2014-09-28T11:08:07Z</time></trkpt><trkpt lat="46.562522" lon="12.149176"><ele>1635.508</ele><time>2014-09-28T11:08:10Z</time></trkpt><trkpt lat="46.562510" lon="12.149209"><ele>1635.645</ele><time>2014-09-28T11:08:12Z</time></trkpt><trkpt lat="46.562509" lon="12.149206"><ele>1635.687</ele><time>2014-09-28T11:08:13Z</time></trkpt><trkpt lat="46.562511" lon="12.149237"><ele>1635.961</ele><time>2014-09-28T11:08:14Z</time></trkpt><trkpt lat="46.562509" lon="12.149257"><ele>1636.186</ele><time>2014-09-28T11:08:15Z</time></trkpt><trkpt lat="46.562499" lon="12.149275"><ele>1636.234</ele><time>2014-09-28T11:08:18Z</time></trkpt><trkpt lat="46.562498" lon="12.149298"><ele>1636.481</ele><time>2014-09-28T11:08:19Z</time></trkpt><trkpt lat="46.562490" lon="12.149321"><ele>1636.595</ele><time>2014-09-28T11:08:21Z</time></trkpt><trkpt lat="46.562495" lon="12.149357"><ele>1637.018</ele><time>2014-09-28T11:08:23Z</time></trkpt><trkpt lat="46.562492" lon="12.149375"><ele>1637.185</ele><time>2014-09-28T11:08:25Z</time></trkpt><trkpt lat="46.562486" lon="12.149399"><ele>1637.389</ele><time>2014-09-28T11:08:26Z</time></trkpt><trkpt lat="46.562486" lon="12.149418"><ele>1637.517</ele><time>2014-09-28T11:08:28Z</time></trkpt><trkpt lat="46.562488" lon="12.149447"><ele>1637.908</ele><time>2014-09-28T11:08:29Z</time></trkpt><trkpt lat="46.562488" lon="12.149501"><ele>1638.649</ele><time>2014-09-28T11:08:32Z</time></trkpt><trkpt lat="46.562491" lon="12.149515"><ele>1638.961</ele><time>2014-09-28T11:08:33Z</time></trkpt><trkpt lat="46.562492" lon="12.149527"><ele>1639.165</ele><time>2014-09-28T11:08:34Z</time></trkpt><trkpt lat="46.562492" lon="12.149562"><ele>1639.670</ele><time>2014-09-28T11:08:37Z</time></trkpt><trkpt lat="46.562499" lon="12.149601"><ele>1640.288</ele><time>2014-09-28T11:08:39Z</time></trkpt><trkpt lat="46.562502" lon="12.149615"><ele>1640.575</ele><time>2014-09-28T11:08:40Z</time></trkpt><trkpt lat="46.562508" lon="12.149657"><ele>1641.159</ele><time>2014-09-28T11:08:44Z</time></trkpt><trkpt lat="46.562519" lon="12.149718"><ele>1642.082</ele><time>2014-09-28T11:08:48Z</time></trkpt><trkpt lat="46.562527" lon="12.149734"><ele>1642.366</ele><time>2014-09-28T11:08:50Z</time></trkpt><trkpt lat="46.562527" lon="12.149756"><ele>1642.629</ele><time>2014-09-28T11:08:53Z</time></trkpt><trkpt lat="46.562533" lon="12.149823"><ele>1643.721</ele><time>2014-09-28T11:08:55Z</time></trkpt><trkpt lat="46.562543" lon="12.149890"><ele>1644.908</ele><time>2014-09-28T11:08:59Z</time></trkpt><trkpt lat="46.562512" lon="12.149950"><ele>1645.447</ele><time>2014-09-28T11:09:02Z</time></trkpt><trkpt lat="46.562530" lon="12.150003"><ele>1646.539</ele><time>2014-09-28T11:09:05Z</time></trkpt><trkpt lat="46.562538" lon="12.150034"><ele>1646.953</ele><time>2014-09-28T11:09:07Z</time></trkpt><trkpt lat="46.562547" lon="12.150088"><ele>1647.698</ele><time>2014-09-28T11:09:10Z</time></trkpt><trkpt lat="46.562581" lon="12.150151"><ele>1648.856</ele><time>2014-09-28T11:09:14Z</time></trkpt><trkpt lat="46.562578" lon="12.150154"><ele>1648.823</ele><time>2014-09-28T11:09:15Z</time></trkpt><trkpt lat="46.562577" lon="12.150175"><ele>1649.017</ele><time>2014-09-28T11:09:16Z</time></trkpt><trkpt lat="46.562585" lon="12.150202"><ele>1649.460</ele><time>2014-09-28T11:09:18Z</time></trkpt><trkpt lat="46.562583" lon="12.150202"><ele>1649.455</ele><time>2014-09-28T11:09:19Z</time></trkpt><trkpt lat="46.562597" lon="12.150226"><ele>1649.807</ele><time>2014-09-28T11:09:20Z</time></trkpt><trkpt lat="46.562601" lon="12.150250"><ele>1650.217</ele><time>2014-09-28T11:09:22Z</time></trkpt><trkpt lat="46.562619" lon="12.150271"><ele>1650.608</ele><time>2014-09-28T11:09:24Z</time></trkpt><trkpt lat="46.562635" lon="12.150297"><ele>1651.226</ele><time>2014-09-28T11:09:26Z</time></trkpt><trkpt lat="46.562644" lon="12.150308"><ele>1651.428</ele><time>2014-09-28T11:09:27Z</time></trkpt><trkpt lat="46.562643" lon="12.150311"><ele>1651.412</ele><time>2014-09-28T11:09:28Z</time></trkpt><trkpt lat="46.562684" lon="12.150360"><ele>1652.497</ele><time>2014-09-28T11:09:31Z</time></trkpt><trkpt lat="46.562693" lon="12.150370"><ele>1652.625</ele><time>2014-09-28T11:09:32Z</time></trkpt><trkpt lat="46.562732" lon="12.150440"><ele>1653.742</ele><time>2014-09-28T11:09:37Z</time></trkpt><trkpt lat="46.562768" lon="12.150524"><ele>1654.776</ele><time>2014-09-28T11:09:42Z</time></trkpt><trkpt lat="46.562778" lon="12.150572"><ele>1655.219</ele><time>2014-09-28T11:09:45Z</time></trkpt><trkpt lat="46.562787" lon="12.150591"><ele>1655.524</ele><time>2014-09-28T11:09:46Z</time></trkpt><trkpt lat="46.562790" lon="12.150610"><ele>1655.704</ele><time>2014-09-28T11:09:47Z</time></trkpt><trkpt lat="46.562800" lon="12.150657"><ele>1656.414</ele><time>2014-09-28T11:09:50Z</time></trkpt><trkpt lat="46.562797" lon="12.150659"><ele>1656.308</ele><time>2014-09-28T11:09:51Z</time></trkpt><trkpt lat="46.562780" lon="12.150704"><ele>1656.653</ele><time>2014-09-28T11:09:55Z</time></trkpt><trkpt lat="46.562773" lon="12.150712"><ele>1656.715</ele><time>2014-09-28T11:09:56Z</time></trkpt><trkpt lat="46.562770" lon="12.150722"><ele>1656.859</ele><time>2014-09-28T11:09:57Z</time></trkpt><trkpt lat="46.562756" lon="12.150760"><ele>1657.174</ele><time>2014-09-28T11:10:01Z</time></trkpt><trkpt lat="46.562754" lon="12.150773"><ele>1657.272</ele><time>2014-09-28T11:10:02Z</time></trkpt><trkpt lat="46.562738" lon="12.150838"><ele>1657.919</ele><time>2014-09-28T11:10:07Z</time></trkpt><trkpt lat="46.562736" lon="12.150832"><ele>1657.863</ele><time>2014-09-28T11:10:08Z</time></trkpt><trkpt lat="46.562736" lon="12.150877"><ele>1658.746</ele><time>2014-09-28T11:10:10Z</time></trkpt><trkpt lat="46.562734" lon="12.150930"><ele>1659.752</ele><time>2014-09-28T11:10:13Z</time></trkpt><trkpt lat="46.562734" lon="12.150950"><ele>1660.153</ele><time>2014-09-28T11:10:14Z</time></trkpt><trkpt lat="46.562751" lon="12.150999"><ele>1661.308</ele><time>2014-09-28T11:10:17Z</time></trkpt><trkpt lat="46.562765" lon="12.151027"><ele>1662.008</ele><time>2014-09-28T11:10:20Z</time></trkpt><trkpt lat="46.562777" lon="12.151048"><ele>1662.696</ele><time>2014-09-28T11:10:22Z</time></trkpt><trkpt lat="46.562794" lon="12.151073"><ele>1663.358</ele><time>2014-09-28T11:10:25Z</time></trkpt><trkpt lat="46.562795" lon="12.151077"><ele>1663.492</ele><time>2014-09-28T11:10:26Z</time></trkpt><trkpt lat="46.562823" lon="12.151129"><ele>1664.377</ele><time>2014-09-28T11:10:30Z</time></trkpt><trkpt lat="46.562842" lon="12.151160"><ele>1664.425</ele><time>2014-09-28T11:10:33Z</time></trkpt><trkpt lat="46.562846" lon="12.151170"><ele>1664.412</ele><time>2014-09-28T11:10:34Z</time></trkpt><trkpt lat="46.562853" lon="12.151183"><ele>1664.576</ele><time>2014-09-28T11:10:35Z</time></trkpt><trkpt lat="46.562893" lon="12.151241"><ele>1665.349</ele><time>2014-09-28T11:10:39Z</time></trkpt><trkpt lat="46.562895" lon="12.151251"><ele>1665.383</ele><time>2014-09-28T11:10:40Z</time></trkpt><trkpt lat="46.562908" lon="12.151274"><ele>1665.725</ele><time>2014-09-28T11:10:44Z</time></trkpt><trkpt lat="46.562917" lon="12.151293"><ele>1666.017</ele><time>2014-09-28T11:10:45Z</time></trkpt><trkpt lat="46.562923" lon="12.151303"><ele>1666.208</ele><time>2014-09-28T11:10:46Z</time></trkpt><trkpt lat="46.562929" lon="12.151316"><ele>1666.459</ele><time>2014-09-28T11:10:48Z</time></trkpt><trkpt lat="46.562941" lon="12.151343"><ele>1666.951</ele><time>2014-09-28T11:10:50Z</time></trkpt><trkpt lat="46.562950" lon="12.151357"><ele>1667.345</ele><time>2014-09-28T11:10:51Z</time></trkpt><trkpt lat="46.562962" lon="12.151379"><ele>1667.940</ele><time>2014-09-28T11:10:54Z</time></trkpt><trkpt lat="46.562979" lon="12.151394"><ele>1668.528</ele><time>2014-09-28T11:10:56Z</time></trkpt><trkpt lat="46.562984" lon="12.151405"><ele>1668.645</ele><time>2014-09-28T11:10:57Z</time></trkpt><trkpt lat="46.563012" lon="12.151427"><ele>1669.579</ele><time>2014-09-28T11:10:59Z</time></trkpt><trkpt lat="46.563037" lon="12.151452"><ele>1670.362</ele><time>2014-09-28T11:11:01Z</time></trkpt><trkpt lat="46.563032" lon="12.151448"><ele>1670.274</ele><time>2014-09-28T11:11:06Z</time></trkpt><trkpt lat="46.563050" lon="12.151499"><ele>1670.856</ele><time>2014-09-28T11:11:20Z</time></trkpt><trkpt lat="46.563073" lon="12.151545"><ele>1671.421</ele><time>2014-09-28T11:11:26Z</time></trkpt><trkpt lat="46.563092" lon="12.151564"><ele>1671.908</ele><time>2014-09-28T11:11:28Z</time></trkpt><trkpt lat="46.563114" lon="12.151596"><ele>1672.588</ele><time>2014-09-28T11:11:31Z</time></trkpt><trkpt lat="46.563146" lon="12.151625"><ele>1673.450</ele><time>2014-09-28T11:11:34Z</time></trkpt><trkpt lat="46.563160" lon="12.151647"><ele>1673.914</ele><time>2014-09-28T11:11:36Z</time></trkpt><trkpt lat="46.563166" lon="12.151654"><ele>1674.189</ele><time>2014-09-28T11:11:37Z</time></trkpt><trkpt lat="46.563175" lon="12.151674"><ele>1674.477</ele><time>2014-09-28T11:11:39Z</time></trkpt><trkpt lat="46.563174" lon="12.151686"><ele>1674.414</ele><time>2014-09-28T11:11:41Z</time></trkpt><trkpt lat="46.563179" lon="12.151696"><ele>1674.538</ele><time>2014-09-28T11:11:42Z</time></trkpt><trkpt lat="46.563184" lon="12.151707"><ele>1674.711</ele><time>2014-09-28T11:11:43Z</time></trkpt><trkpt lat="46.563190" lon="12.151715"><ele>1674.996</ele><time>2014-09-28T11:11:47Z</time></trkpt><trkpt lat="46.563236" lon="12.151764"><ele>1676.331</ele><time>2014-09-28T11:11:49Z</time></trkpt><trkpt lat="46.563259" lon="12.151786"><ele>1677.124</ele><time>2014-09-28T11:11:52Z</time></trkpt><trkpt lat="46.563268" lon="12.151793"><ele>1677.408</ele><time>2014-09-28T11:11:53Z</time></trkpt><trkpt lat="46.563282" lon="12.151800"><ele>1677.820</ele><time>2014-09-28T11:11:55Z</time></trkpt><trkpt lat="46.563301" lon="12.151818"><ele>1678.592</ele><time>2014-09-28T11:11:57Z</time></trkpt><trkpt lat="46.563321" lon="12.151826"><ele>1679.246</ele><time>2014-09-28T11:12:00Z</time></trkpt><trkpt lat="46.563321" lon="12.151821"><ele>1679.271</ele><time>2014-09-28T11:12:01Z</time></trkpt><trkpt lat="46.563326" lon="12.151827"><ele>1679.359</ele><time>2014-09-28T11:12:02Z</time></trkpt><trkpt lat="46.563367" lon="12.151842"><ele>1680.696</ele><time>2014-09-28T11:12:06Z</time></trkpt><trkpt lat="46.563384" lon="12.151851"><ele>1681.260</ele><time>2014-09-28T11:12:08Z</time></trkpt><trkpt lat="46.563404" lon="12.151871"><ele>1681.973</ele><time>2014-09-28T11:12:11Z</time></trkpt><trkpt lat="46.563399" lon="12.151883"><ele>1681.881</ele><time>2014-09-28T11:12:15Z</time></trkpt><trkpt lat="46.563412" lon="12.151894"><ele>1682.361</ele><time>2014-09-28T11:12:16Z</time></trkpt><trkpt lat="46.563428" lon="12.151931"><ele>1683.017</ele><time>2014-09-28T11:12:20Z</time></trkpt><trkpt lat="46.563431" lon="12.151942"><ele>1683.108</ele><time>2014-09-28T11:12:21Z</time></trkpt><trkpt lat="46.563436" lon="12.151958"><ele>1683.479</ele><time>2014-09-28T11:12:23Z</time></trkpt><trkpt lat="46.563443" lon="12.151983"><ele>1683.791</ele><time>2014-09-28T11:12:25Z</time></trkpt><trkpt lat="46.563446" lon="12.152005"><ele>1684.045</ele><time>2014-09-28T11:12:27Z</time></trkpt><trkpt lat="46.563454" lon="12.152045"><ele>1684.490</ele><time>2014-09-28T11:12:31Z</time></trkpt><trkpt lat="46.563464" lon="12.152078"><ele>1684.928</ele><time>2014-09-28T11:12:35Z</time></trkpt><trkpt lat="46.563465" lon="12.152087"><ele>1685.025</ele><time>2014-09-28T11:12:36Z</time></trkpt><trkpt lat="46.563479" lon="12.152104"><ele>1685.669</ele><time>2014-09-28T11:12:41Z</time></trkpt><trkpt lat="46.563493" lon="12.152166"><ele>1686.462</ele><time>2014-09-28T11:12:46Z</time></trkpt><trkpt lat="46.563496" lon="12.152182"><ele>1686.672</ele><time>2014-09-28T11:12:48Z</time></trkpt><trkpt lat="46.563528" lon="12.152232"><ele>1688.213</ele><time>2014-09-28T11:12:52Z</time></trkpt><trkpt lat="46.563521" lon="12.152230"><ele>1687.914</ele><time>2014-09-28T11:12:53Z</time></trkpt><trkpt lat="46.563540" lon="12.152234"><ele>1688.608</ele><time>2014-09-28T11:12:58Z</time></trkpt><trkpt lat="46.563538" lon="12.152247"><ele>1688.898</ele><time>2014-09-28T11:13:01Z</time></trkpt><trkpt lat="46.563541" lon="12.152254"><ele>1689.080</ele><time>2014-09-28T11:13:03Z</time></trkpt><trkpt lat="46.563544" lon="12.152255"><ele>1689.124</ele><time>2014-09-28T11:13:04Z</time></trkpt><trkpt lat="46.563542" lon="12.152250"><ele>1689.049</ele><time>2014-09-28T11:13:05Z</time></trkpt><trkpt lat="46.563554" lon="12.152255"><ele>1689.527</ele><time>2014-09-28T11:13:08Z</time></trkpt><trkpt lat="46.563562" lon="12.152291"><ele>1690.414</ele><time>2014-09-28T11:13:13Z</time></trkpt><trkpt lat="46.563574" lon="12.152357"><ele>1692.088</ele><time>2014-09-28T11:13:19Z</time></trkpt><trkpt lat="46.563578" lon="12.152404"><ele>1692.921</ele><time>2014-09-28T11:13:23Z</time></trkpt><trkpt lat="46.563574" lon="12.152433"><ele>1693.355</ele><time>2014-09-28T11:13:26Z</time></trkpt><trkpt lat="46.563572" lon="12.152461"><ele>1693.607</ele><time>2014-09-28T11:13:29Z</time></trkpt><trkpt lat="46.563556" lon="12.152476"><ele>1693.217</ele><time>2014-09-28T11:13:31Z</time></trkpt><trkpt lat="46.563547" lon="12.152519"><ele>1693.608</ele><time>2014-09-28T11:13:36Z</time></trkpt><trkpt lat="46.563544" lon="12.152546"><ele>1693.966</ele><time>2014-09-28T11:13:38Z</time></trkpt><trkpt lat="46.563533" lon="12.152579"><ele>1694.028</ele><time>2014-09-28T11:13:41Z</time></trkpt><trkpt lat="46.563528" lon="12.152612"><ele>1694.472</ele><time>2014-09-28T11:13:43Z</time></trkpt><trkpt lat="46.563524" lon="12.152636"><ele>1694.717</ele><time>2014-09-28T11:13:45Z</time></trkpt><trkpt lat="46.563518" lon="12.152650"><ele>1694.775</ele><time>2014-09-28T11:13:46Z</time></trkpt><trkpt lat="46.563516" lon="12.152664"><ele>1694.882</ele><time>2014-09-28T11:13:47Z</time></trkpt><trkpt lat="46.563509" lon="12.152713"><ele>1695.436</ele><time>2014-09-28T11:13:51Z</time></trkpt><trkpt lat="46.563509" lon="12.152724"><ele>1695.689</ele><time>2014-09-28T11:13:52Z</time></trkpt><trkpt lat="46.563505" lon="12.152733"><ele>1695.645</ele><time>2014-09-28T11:13:53Z</time></trkpt><trkpt lat="46.563490" lon="12.152786"><ele>1695.847</ele><time>2014-09-28T11:13:58Z</time></trkpt><trkpt lat="46.563484" lon="12.152838"><ele>1695.711</ele><time>2014-09-28T11:14:04Z</time></trkpt><trkpt lat="46.563478" lon="12.152853"><ele>1695.508</ele><time>2014-09-28T11:14:05Z</time></trkpt><trkpt lat="46.563478" lon="12.152864"><ele>1695.635</ele><time>2014-09-28T11:14:06Z</time></trkpt><trkpt lat="46.563469" lon="12.152939"><ele>1695.497</ele><time>2014-09-28T11:14:11Z</time></trkpt><trkpt lat="46.563467" lon="12.152955"><ele>1695.461</ele><time>2014-09-28T11:14:12Z</time></trkpt><trkpt lat="46.563463" lon="12.152969"><ele>1695.316</ele><time>2014-09-28T11:14:13Z</time></trkpt><trkpt lat="46.563459" lon="12.153026"><ele>1695.334</ele><time>2014-09-28T11:14:17Z</time></trkpt><trkpt lat="46.563462" lon="12.153036"><ele>1695.571</ele><time>2014-09-28T11:14:18Z</time></trkpt><trkpt lat="46.563464" lon="12.153064"><ele>1695.615</ele><time>2014-09-28T11:14:20Z</time></trkpt><trkpt lat="46.563452" lon="12.153077"><ele>1695.018</ele><time>2014-09-28T11:14:22Z</time></trkpt><trkpt lat="46.563437" lon="12.153106"><ele>1694.373</ele><time>2014-09-28T11:14:25Z</time></trkpt><trkpt lat="46.563428" lon="12.153129"><ele>1693.885</ele><time>2014-09-28T11:14:28Z</time></trkpt><trkpt lat="46.563418" lon="12.153152"><ele>1693.313</ele><time>2014-09-28T11:14:38Z</time></trkpt><trkpt lat="46.563418" lon="12.153179"><ele>1693.208</ele><time>2014-09-28T11:14:51Z</time></trkpt><trkpt lat="46.563408" lon="12.153205"><ele>1692.728</ele><time>2014-09-28T11:14:57Z</time></trkpt><trkpt lat="46.563406" lon="12.153200"><ele>1692.640</ele><time>2014-09-28T11:15:03Z</time></trkpt><trkpt lat="46.563406" lon="12.153201"><ele>1692.614</ele><time>2014-09-28T11:15:05Z</time></trkpt><trkpt lat="46.563407" lon="12.153202"><ele>1692.789</ele><time>2014-09-28T11:15:06Z</time></trkpt><trkpt lat="46.563413" lon="12.153208"><ele>1692.987</ele><time>2014-09-28T11:15:15Z</time></trkpt><trkpt lat="46.563418" lon="12.153209"><ele>1693.194</ele><time>2014-09-28T11:15:21Z</time></trkpt><trkpt lat="46.563415" lon="12.153218"><ele>1692.988</ele><time>2014-09-28T11:15:38Z</time></trkpt><trkpt lat="46.563417" lon="12.153220"><ele>1693.041</ele><time>2014-09-28T11:15:46Z</time></trkpt><trkpt lat="46.563416" lon="12.153220"><ele>1693.049</ele><time>2014-09-28T11:15:53Z</time></trkpt><trkpt lat="46.563409" lon="12.153205"><ele>1692.702</ele><time>2014-09-28T11:16:09Z</time></trkpt><trkpt lat="46.563416" lon="12.153208"><ele>1693.022</ele><time>2014-09-28T11:16:19Z</time></trkpt><trkpt lat="46.563426" lon="12.153212"><ele>1693.408</ele><time>2014-09-28T11:16:22Z</time></trkpt><trkpt lat="46.563429" lon="12.153218"><ele>1693.525</ele><time>2014-09-28T11:16:29Z</time></trkpt><trkpt lat="46.563425" lon="12.153212"><ele>1693.487</ele><time>2014-09-28T11:16:36Z</time></trkpt><trkpt lat="46.563414" lon="12.153202"><ele>1693.031</ele><time>2014-09-28T11:16:52Z</time></trkpt><trkpt lat="46.563414" lon="12.153205"><ele>1692.996</ele><time>2014-09-28T11:17:02Z</time></trkpt><trkpt lat="46.563401" lon="12.153188"><ele>1692.484</ele><time>2014-09-28T11:17:15Z</time></trkpt><trkpt lat="46.563380" lon="12.153169"><ele>1691.621</ele><time>2014-09-28T11:17:22Z</time></trkpt><trkpt lat="46.563368" lon="12.153188"><ele>1691.095</ele><time>2014-09-28T11:17:32Z</time></trkpt><trkpt lat="46.563367" lon="12.153188"><ele>1691.088</ele><time>2014-09-28T11:17:40Z</time></trkpt><trkpt lat="46.563367" lon="12.153184"><ele>1691.025</ele><time>2014-09-28T11:17:45Z</time></trkpt><trkpt lat="46.563373" lon="12.153196"><ele>1691.226</ele><time>2014-09-28T11:17:55Z</time></trkpt><trkpt lat="46.563366" lon="12.153181"><ele>1691.008</ele><time>2014-09-28T11:18:05Z</time></trkpt><trkpt lat="46.563357" lon="12.153166"><ele>1690.608</ele><time>2014-09-28T11:18:19Z</time></trkpt><trkpt lat="46.563370" lon="12.153162"><ele>1691.243</ele><time>2014-09-28T11:18:35Z</time></trkpt><trkpt lat="46.563372" lon="12.153179"><ele>1691.285</ele><time>2014-09-28T11:18:43Z</time></trkpt><trkpt lat="46.563384" lon="12.153195"><ele>1691.739</ele><time>2014-09-28T11:19:00Z</time></trkpt><trkpt lat="46.563397" lon="12.153213"><ele>1692.234</ele><time>2014-09-28T11:19:13Z</time></trkpt><trkpt lat="46.563397" lon="12.153210"><ele>1692.232</ele><time>2014-09-28T11:19:21Z</time></trkpt><trkpt lat="46.563404" lon="12.153204"><ele>1692.599</ele><time>2014-09-28T11:19:32Z</time></trkpt><trkpt lat="46.563401" lon="12.153203"><ele>1692.413</ele><time>2014-09-28T11:19:37Z</time></trkpt><trkpt lat="46.563397" lon="12.153229"><ele>1692.146</ele><time>2014-09-28T11:19:52Z</time></trkpt><trkpt lat="46.563367" lon="12.153287"><ele>1690.629</ele><time>2014-09-28T11:20:10Z</time></trkpt><trkpt lat="46.563377" lon="12.153279"><ele>1691.100</ele><time>2014-09-28T11:20:20Z</time></trkpt><trkpt lat="46.563395" lon="12.153263"><ele>1691.920</ele><time>2014-09-28T11:20:34Z</time></trkpt><trkpt lat="46.563400" lon="12.153274"><ele>1692.108</ele><time>2014-09-28T11:20:43Z</time></trkpt><trkpt lat="46.563406" lon="12.153281"><ele>1692.353</ele><time>2014-09-28T11:21:00Z</time></trkpt><trkpt lat="46.563389" lon="12.153313"><ele>1691.585</ele><time>2014-09-28T11:21:17Z</time></trkpt><trkpt lat="46.563387" lon="12.153308"><ele>1691.499</ele><time>2014-09-28T11:21:19Z</time></trkpt><trkpt lat="46.563392" lon="12.153305"><ele>1691.684</ele><time>2014-09-28T11:21:23Z</time></trkpt><trkpt lat="46.563399" lon="12.153292"><ele>1692.042</ele><time>2014-09-28T11:21:29Z</time></trkpt><trkpt lat="46.563404" lon="12.153286"><ele>1692.219</ele><time>2014-09-28T11:21:35Z</time></trkpt><trkpt lat="46.563415" lon="12.153276"><ele>1692.783</ele><time>2014-09-28T11:21:47Z</time></trkpt><trkpt lat="46.563417" lon="12.153270"><ele>1692.876</ele><time>2014-09-28T11:21:54Z</time></trkpt><trkpt lat="46.563422" lon="12.153260"><ele>1693.195</ele><time>2014-09-28T11:22:14Z</time></trkpt><trkpt lat="46.563422" lon="12.153250"><ele>1693.149</ele><time>2014-09-28T11:22:30Z</time></trkpt><trkpt lat="46.563422" lon="12.153254"><ele>1693.123</ele><time>2014-09-28T11:22:40Z</time></trkpt><trkpt lat="46.563420" lon="12.153247"><ele>1693.108</ele><time>2014-09-28T11:22:47Z</time></trkpt><trkpt lat="46.563420" lon="12.153243"><ele>1693.120</ele><time>2014-09-28T11:22:57Z</time></trkpt><trkpt lat="46.563420" lon="12.153244"><ele>1693.172</ele><time>2014-09-28T11:23:15Z</time></trkpt><trkpt lat="46.563421" lon="12.153232"><ele>1693.246</ele><time>2014-09-28T11:23:32Z</time></trkpt><trkpt lat="46.563421" lon="12.153232"><ele>1693.231</ele><time>2014-09-28T11:23:38Z</time></trkpt><trkpt lat="46.563421" lon="12.153221"><ele>1693.289</ele><time>2014-09-28T11:23:43Z</time></trkpt><trkpt lat="46.563417" lon="12.153224"><ele>1693.036</ele><time>2014-09-28T11:23:50Z</time></trkpt><trkpt lat="46.563410" lon="12.153223"><ele>1692.720</ele><time>2014-09-28T11:24:17Z</time></trkpt><trkpt lat="46.563411" lon="12.153231"><ele>1692.713</ele><time>2014-09-28T11:24:42Z</time></trkpt><trkpt lat="46.563419" lon="12.153237"><ele>1693.018</ele><time>2014-09-28T11:24:55Z</time></trkpt><trkpt lat="46.563424" lon="12.153233"><ele>1693.398</ele><time>2014-09-28T11:25:03Z</time></trkpt><trkpt lat="46.563422" lon="12.153227"><ele>1693.217</ele><time>2014-09-28T11:25:10Z</time></trkpt><trkpt lat="46.563433" lon="12.153223"><ele>1693.708</ele><time>2014-09-28T11:25:27Z</time></trkpt><trkpt lat="46.563451" lon="12.153219"><ele>1694.572</ele><time>2014-09-28T11:25:38Z</time></trkpt><trkpt lat="46.563454" lon="12.153217"><ele>1694.624</ele><time>2014-09-28T11:25:43Z</time></trkpt><trkpt lat="46.563432" lon="12.153211"><ele>1693.728</ele><time>2014-09-28T11:26:00Z</time></trkpt><trkpt lat="46.563428" lon="12.153227"><ele>1693.563</ele><time>2014-09-28T11:26:13Z</time></trkpt><trkpt lat="46.563424" lon="12.153239"><ele>1693.311</ele><time>2014-09-28T11:26:35Z</time></trkpt><trkpt lat="46.563458" lon="12.153247"><ele>1694.798</ele><time>2014-09-28T11:26:53Z</time></trkpt><trkpt lat="46.563494" lon="12.153258"><ele>1696.252</ele><time>2014-09-28T11:27:16Z</time></trkpt><trkpt lat="46.563499" lon="12.153259"><ele>1696.495</ele><time>2014-09-28T11:27:30Z</time></trkpt><trkpt lat="46.563485" lon="12.153257"><ele>1695.836</ele><time>2014-09-28T11:27:37Z</time></trkpt><trkpt lat="46.563470" lon="12.153255"><ele>1695.217</ele><time>2014-09-28T11:27:54Z</time></trkpt><trkpt lat="46.563468" lon="12.153257"><ele>1695.118</ele><time>2014-09-28T11:28:15Z</time></trkpt><trkpt lat="46.563464" lon="12.153260"><ele>1694.908</ele><time>2014-09-28T11:28:21Z</time></trkpt><trkpt lat="46.563464" lon="12.153258"><ele>1694.994</ele><time>2014-09-28T11:28:22Z</time></trkpt><trkpt lat="46.563465" lon="12.153253"><ele>1695.036</ele><time>2014-09-28T11:28:29Z</time></trkpt><trkpt lat="46.563457" lon="12.153235"><ele>1694.730</ele><time>2014-09-28T11:28:37Z</time></trkpt><trkpt lat="46.563451" lon="12.153227"><ele>1694.595</ele><time>2014-09-28T11:28:47Z</time></trkpt><trkpt lat="46.563447" lon="12.153227"><ele>1694.343</ele><time>2014-09-28T11:28:58Z</time></trkpt><trkpt lat="46.563450" lon="12.153226"><ele>1694.410</ele><time>2014-09-28T11:29:04Z</time></trkpt><trkpt lat="46.563451" lon="12.153223"><ele>1694.534</ele><time>2014-09-28T11:29:17Z</time></trkpt><trkpt lat="46.563445" lon="12.153220"><ele>1694.277</ele><time>2014-09-28T11:29:24Z</time></trkpt><trkpt lat="46.563447" lon="12.153207"><ele>1694.474</ele><time>2014-09-28T11:29:30Z</time></trkpt><trkpt lat="46.563450" lon="12.153202"><ele>1694.556</ele><time>2014-09-28T11:29:33Z</time></trkpt><trkpt lat="46.563450" lon="12.153196"><ele>1694.521</ele><time>2014-09-28T11:29:34Z</time></trkpt><trkpt lat="46.563452" lon="12.153191"><ele>1694.608</ele><time>2014-09-28T11:29:39Z</time></trkpt><trkpt lat="46.563467" lon="12.153174"><ele>1695.388</ele><time>2014-09-28T11:29:44Z</time></trkpt><trkpt lat="46.563501" lon="12.153173"><ele>1696.860</ele><time>2014-09-28T11:29:50Z</time></trkpt><trkpt lat="46.563518" lon="12.153175"><ele>1697.594</ele><time>2014-09-28T11:29:55Z</time></trkpt><trkpt lat="46.563525" lon="12.153166"><ele>1697.929</ele><time>2014-09-28T11:30:00Z</time></trkpt><trkpt lat="46.563521" lon="12.153144"><ele>1697.857</ele><time>2014-09-28T11:30:06Z</time></trkpt><trkpt lat="46.563531" lon="12.153136"><ele>1698.374</ele><time>2014-09-28T11:30:08Z</time></trkpt><trkpt lat="46.563531" lon="12.153135"><ele>1698.348</ele><time>2014-09-28T11:30:09Z</time></trkpt><trkpt lat="46.563545" lon="12.153141"><ele>1698.871</ele><time>2014-09-28T11:30:12Z</time></trkpt><trkpt lat="46.563597" lon="12.153158"><ele>1701.017</ele><time>2014-09-28T11:30:17Z</time></trkpt><trkpt lat="46.563622" lon="12.153165"><ele>1701.887</ele><time>2014-09-28T11:30:20Z</time></trkpt><trkpt lat="46.563636" lon="12.153172"><ele>1702.015</ele><time>2014-09-28T11:30:22Z</time></trkpt><trkpt lat="46.563643" lon="12.153178"><ele>1702.108</ele><time>2014-09-28T11:30:23Z</time></trkpt><trkpt lat="46.563656" lon="12.153184"><ele>1702.492</ele><time>2014-09-28T11:30:26Z</time></trkpt><trkpt lat="46.563667" lon="12.153186"><ele>1702.544</ele><time>2014-09-28T11:30:29Z</time></trkpt><trkpt lat="46.563709" lon="12.153198"><ele>1703.228</ele><time>2014-09-28T11:30:34Z</time></trkpt><trkpt lat="46.563731" lon="12.153222"><ele>1703.573</ele><time>2014-09-28T11:30:39Z</time></trkpt><trkpt lat="46.563779" lon="12.153234"><ele>1704.291</ele><time>2014-09-28T11:30:45Z</time></trkpt><trkpt lat="46.563807" lon="12.153255"><ele>1704.588</ele><time>2014-09-28T11:30:49Z</time></trkpt><trkpt lat="46.563840" lon="12.153287"><ele>1704.762</ele><time>2014-09-28T11:30:54Z</time></trkpt><trkpt lat="46.563866" lon="12.153325"><ele>1704.865</ele><time>2014-09-28T11:30:58Z</time></trkpt><trkpt lat="46.563876" lon="12.153335"><ele>1704.897</ele><time>2014-09-28T11:30:59Z</time></trkpt><trkpt lat="46.563925" lon="12.153374"><ele>1705.423</ele><time>2014-09-28T11:31:03Z</time></trkpt><trkpt lat="46.563961" lon="12.153407"><ele>1705.925</ele><time>2014-09-28T11:31:06Z</time></trkpt><trkpt lat="46.563957" lon="12.153422"><ele>1705.708</ele><time>2014-09-28T11:31:08Z</time></trkpt><trkpt lat="46.563986" lon="12.153441"><ele>1706.260</ele><time>2014-09-28T11:31:09Z</time></trkpt><trkpt lat="46.564035" lon="12.153508"><ele>1706.942</ele><time>2014-09-28T11:31:14Z</time></trkpt><trkpt lat="46.564037" lon="12.153522"><ele>1706.966</ele><time>2014-09-28T11:31:15Z</time></trkpt><trkpt lat="46.564052" lon="12.153581"><ele>1706.951</ele><time>2014-09-28T11:31:20Z</time></trkpt><trkpt lat="46.564062" lon="12.153649"><ele>1707.079</ele><time>2014-09-28T11:31:25Z</time></trkpt><trkpt lat="46.564061" lon="12.153719"><ele>1707.186</ele><time>2014-09-28T11:31:29Z</time></trkpt><trkpt lat="46.564061" lon="12.153735"><ele>1707.170</ele><time>2014-09-28T11:31:30Z</time></trkpt><trkpt lat="46.564060" lon="12.153752"><ele>1707.013</ele><time>2014-09-28T11:31:31Z</time></trkpt><trkpt lat="46.564063" lon="12.153825"><ele>1707.295</ele><time>2014-09-28T11:31:35Z</time></trkpt><trkpt lat="46.564056" lon="12.153850"><ele>1707.049</ele><time>2014-09-28T11:31:37Z</time></trkpt><trkpt lat="46.564053" lon="12.153882"><ele>1706.923</ele><time>2014-09-28T11:31:39Z</time></trkpt><trkpt lat="46.564048" lon="12.153910"><ele>1707.008</ele><time>2014-09-28T11:31:41Z</time></trkpt><trkpt lat="46.564053" lon="12.153936"><ele>1707.450</ele><time>2014-09-28T11:31:43Z</time></trkpt><trkpt lat="46.564051" lon="12.154015"><ele>1708.252</ele><time>2014-09-28T11:31:48Z</time></trkpt><trkpt lat="46.564043" lon="12.154069"><ele>1708.616</ele><time>2014-09-28T11:31:52Z</time></trkpt><trkpt lat="46.564042" lon="12.154092"><ele>1708.991</ele><time>2014-09-28T11:31:53Z</time></trkpt><trkpt lat="46.564036" lon="12.154122"><ele>1709.149</ele><time>2014-09-28T11:31:56Z</time></trkpt><trkpt lat="46.564032" lon="12.154144"><ele>1709.326</ele><time>2014-09-28T11:31:57Z</time></trkpt><trkpt lat="46.564029" lon="12.154157"><ele>1709.470</ele><time>2014-09-28T11:31:58Z</time></trkpt><trkpt lat="46.564002" lon="12.154202"><ele>1709.713</ele><time>2014-09-28T11:32:01Z</time></trkpt><trkpt lat="46.563999" lon="12.154202"><ele>1709.754</ele><time>2014-09-28T11:32:02Z</time></trkpt><trkpt lat="46.563989" lon="12.154230"><ele>1710.156</ele><time>2014-09-28T11:32:04Z</time></trkpt><trkpt lat="46.563980" lon="12.154251"><ele>1710.411</ele><time>2014-09-28T11:32:06Z</time></trkpt><trkpt lat="46.563967" lon="12.154269"><ele>1710.508</ele><time>2014-09-28T11:32:08Z</time></trkpt><trkpt lat="46.563959" lon="12.154284"><ele>1710.786</ele><time>2014-09-28T11:32:09Z</time></trkpt><trkpt lat="46.563954" lon="12.154283"><ele>1710.678</ele><time>2014-09-28T11:32:10Z</time></trkpt><trkpt lat="46.563948" lon="12.154303"><ele>1710.932</ele><time>2014-09-28T11:32:11Z</time></trkpt><trkpt lat="46.563943" lon="12.154320"><ele>1711.287</ele><time>2014-09-28T11:32:12Z</time></trkpt><trkpt lat="46.563932" lon="12.154390"><ele>1712.555</ele><time>2014-09-28T11:32:17Z</time></trkpt><trkpt lat="46.563926" lon="12.154411"><ele>1712.852</ele><time>2014-09-28T11:32:19Z</time></trkpt><trkpt lat="46.563930" lon="12.154434"><ele>1713.426</ele><time>2014-09-28T11:32:21Z</time></trkpt><trkpt lat="46.563935" lon="12.154471"><ele>1714.069</ele><time>2014-09-28T11:32:24Z</time></trkpt><trkpt lat="46.563934" lon="12.154483"><ele>1714.222</ele><time>2014-09-28T11:32:25Z</time></trkpt><trkpt lat="46.563940" lon="12.154554"><ele>1715.362</ele><time>2014-09-28T11:32:30Z</time></trkpt><trkpt lat="46.563941" lon="12.154566"><ele>1715.508</ele><time>2014-09-28T11:32:31Z</time></trkpt><trkpt lat="46.563968" lon="12.154619"><ele>1716.708</ele><time>2014-09-28T11:32:36Z</time></trkpt><trkpt lat="46.563974" lon="12.154631"><ele>1716.963</ele><time>2014-09-28T11:32:38Z</time></trkpt><trkpt lat="46.563982" lon="12.154655"><ele>1717.435</ele><time>2014-09-28T11:32:40Z</time></trkpt><trkpt lat="46.563987" lon="12.154668"><ele>1717.679</ele><time>2014-09-28T11:32:41Z</time></trkpt><trkpt lat="46.564006" lon="12.154708"><ele>1718.544</ele><time>2014-09-28T11:32:44Z</time></trkpt><trkpt lat="46.564013" lon="12.154727"><ele>1718.832</ele><time>2014-09-28T11:32:46Z</time></trkpt><trkpt lat="46.564031" lon="12.154765"><ele>1719.439</ele><time>2014-09-28T11:32:51Z</time></trkpt><trkpt lat="46.564040" lon="12.154778"><ele>1719.713</ele><time>2014-09-28T11:32:52Z</time></trkpt><trkpt lat="46.564060" lon="12.154834"><ele>1720.366</ele><time>2014-09-28T11:32:56Z</time></trkpt><trkpt lat="46.564072" lon="12.154890"><ele>1720.917</ele><time>2014-09-28T11:33:00Z</time></trkpt><trkpt lat="46.564069" lon="12.154902"><ele>1720.987</ele><time>2014-09-28T11:33:01Z</time></trkpt><trkpt lat="46.564068" lon="12.154909"><ele>1721.015</ele><time>2014-09-28T11:33:02Z</time></trkpt><trkpt lat="46.564069" lon="12.154927"><ele>1721.108</ele><time>2014-09-28T11:33:03Z</time></trkpt><trkpt lat="46.564076" lon="12.155000"><ele>1721.792</ele><time>2014-09-28T11:33:07Z</time></trkpt><trkpt lat="46.564075" lon="12.155017"><ele>1721.894</ele><time>2014-09-28T11:33:08Z</time></trkpt><trkpt lat="46.564076" lon="12.155035"><ele>1721.978</ele><time>2014-09-28T11:33:09Z</time></trkpt><trkpt lat="46.564075" lon="12.155085"><ele>1722.383</ele><time>2014-09-28T11:33:12Z</time></trkpt><trkpt lat="46.564063" lon="12.155101"><ele>1722.381</ele><time>2014-09-28T11:33:13Z</time></trkpt><trkpt lat="46.564048" lon="12.155115"><ele>1722.368</ele><time>2014-09-28T11:33:14Z</time></trkpt><trkpt lat="46.564040" lon="12.155138"><ele>1722.462</ele><time>2014-09-28T11:33:16Z</time></trkpt><trkpt lat="46.564030" lon="12.155167"><ele>1722.425</ele><time>2014-09-28T11:33:18Z</time></trkpt><trkpt lat="46.564003" lon="12.155226"><ele>1722.458</ele><time>2014-09-28T11:33:23Z</time></trkpt><trkpt lat="46.563967" lon="12.155320"><ele>1722.252</ele><time>2014-09-28T11:33:29Z</time></trkpt><trkpt lat="46.563957" lon="12.155334"><ele>1722.017</ele><time>2014-09-28T11:33:30Z</time></trkpt><trkpt lat="46.563933" lon="12.155373"><ele>1721.708</ele><time>2014-09-28T11:33:33Z</time></trkpt><trkpt lat="46.563917" lon="12.155399"><ele>1721.476</ele><time>2014-09-28T11:33:35Z</time></trkpt><trkpt lat="46.563882" lon="12.155473"><ele>1720.828</ele><time>2014-09-28T11:33:40Z</time></trkpt><trkpt lat="46.563876" lon="12.155490"><ele>1720.722</ele><time>2014-09-28T11:33:41Z</time></trkpt><trkpt lat="46.563839" lon="12.155585"><ele>1719.857</ele><time>2014-09-28T11:33:45Z</time></trkpt><trkpt lat="46.563807" lon="12.155654"><ele>1719.145</ele><time>2014-09-28T11:33:49Z</time></trkpt><trkpt lat="46.563801" lon="12.155672"><ele>1719.142</ele><time>2014-09-28T11:33:50Z</time></trkpt><trkpt lat="46.563776" lon="12.155724"><ele>1718.696</ele><time>2014-09-28T11:33:54Z</time></trkpt><trkpt lat="46.563759" lon="12.155751"><ele>1718.459</ele><time>2014-09-28T11:33:56Z</time></trkpt><trkpt lat="46.563701" lon="12.155822"><ele>1717.632</ele><time>2014-09-28T11:34:01Z</time></trkpt><trkpt lat="46.563679" lon="12.155855"><ele>1717.292</ele><time>2014-09-28T11:34:03Z</time></trkpt><trkpt lat="46.563623" lon="12.155917"><ele>1716.211</ele><time>2014-09-28T11:34:08Z</time></trkpt><trkpt lat="46.563611" lon="12.155919"><ele>1716.008</ele><time>2014-09-28T11:34:09Z</time></trkpt><trkpt lat="46.563570" lon="12.155946"><ele>1715.014</ele><time>2014-09-28T11:34:13Z</time></trkpt><trkpt lat="46.563556" lon="12.155955"><ele>1714.636</ele><time>2014-09-28T11:34:14Z</time></trkpt><trkpt lat="46.563512" lon="12.155992"><ele>1713.570</ele><time>2014-09-28T11:34:17Z</time></trkpt><trkpt lat="46.563467" lon="12.156048"><ele>1712.465</ele><time>2014-09-28T11:34:21Z</time></trkpt><trkpt lat="46.563428" lon="12.156138"><ele>1711.493</ele><time>2014-09-28T11:34:26Z</time></trkpt><trkpt lat="46.563428" lon="12.156154"><ele>1711.460</ele><time>2014-09-28T11:34:27Z</time></trkpt><trkpt lat="46.563405" lon="12.156193"><ele>1710.964</ele><time>2014-09-28T11:34:29Z</time></trkpt><trkpt lat="46.563393" lon="12.156211"><ele>1710.697</ele><time>2014-09-28T11:34:30Z</time></trkpt><trkpt lat="46.563375" lon="12.156260"><ele>1710.187</ele><time>2014-09-28T11:34:33Z</time></trkpt><trkpt lat="46.563363" lon="12.156279"><ele>1709.842</ele><time>2014-09-28T11:34:34Z</time></trkpt><trkpt lat="46.563352" lon="12.156292"><ele>1709.526</ele><time>2014-09-28T11:34:35Z</time></trkpt><trkpt lat="46.563320" lon="12.156311"><ele>1708.708</ele><time>2014-09-28T11:34:37Z</time></trkpt><trkpt lat="46.563263" lon="12.156355"><ele>1707.219</ele><time>2014-09-28T11:34:40Z</time></trkpt><trkpt lat="46.563237" lon="12.156359"><ele>1706.691</ele><time>2014-09-28T11:34:42Z</time></trkpt><trkpt lat="46.563206" lon="12.156397"><ele>1705.895</ele><time>2014-09-28T11:34:44Z</time></trkpt><trkpt lat="46.563195" lon="12.156423"><ele>1705.440</ele><time>2014-09-28T11:34:45Z</time></trkpt><trkpt lat="46.563156" lon="12.156473"><ele>1704.148</ele><time>2014-09-28T11:34:48Z</time></trkpt><trkpt lat="46.563146" lon="12.156497"><ele>1703.835</ele><time>2014-09-28T11:34:49Z</time></trkpt><trkpt lat="46.563130" lon="12.156522"><ele>1703.259</ele><time>2014-09-28T11:34:50Z</time></trkpt><trkpt lat="46.563101" lon="12.156559"><ele>1702.152</ele><time>2014-09-28T11:34:52Z</time></trkpt><trkpt lat="46.563086" lon="12.156577"><ele>1701.696</ele><time>2014-09-28T11:34:53Z</time></trkpt><trkpt lat="46.563047" lon="12.156627"><ele>1700.031</ele><time>2014-09-28T11:34:56Z</time></trkpt><trkpt lat="46.563033" lon="12.156635"><ele>1699.524</ele><time>2014-09-28T11:34:57Z</time></trkpt><trkpt lat="46.562999" lon="12.156683"><ele>1698.208</ele><time>2014-09-28T11:35:00Z</time></trkpt><trkpt lat="46.562990" lon="12.156701"><ele>1698.050</ele><time>2014-09-28T11:35:01Z</time></trkpt><trkpt lat="46.562979" lon="12.156711"><ele>1697.762</ele><time>2014-09-28T11:35:02Z</time></trkpt><trkpt lat="46.562979" lon="12.156732"><ele>1697.846</ele><time>2014-09-28T11:35:04Z</time></trkpt><trkpt lat="46.562986" lon="12.156749"><ele>1698.071</ele><time>2014-09-28T11:35:05Z</time></trkpt><trkpt lat="46.562988" lon="12.156762"><ele>1698.299</ele><time>2014-09-28T11:35:06Z</time></trkpt><trkpt lat="46.562957" lon="12.156818"><ele>1697.496</ele><time>2014-09-28T11:35:09Z</time></trkpt><trkpt lat="46.562920" lon="12.156861"><ele>1696.340</ele><time>2014-09-28T11:35:13Z</time></trkpt><trkpt lat="46.562916" lon="12.156862"><ele>1696.263</ele><time>2014-09-28T11:35:14Z</time></trkpt><trkpt lat="46.562876" lon="12.156902"><ele>1695.041</ele><time>2014-09-28T11:35:16Z</time></trkpt><trkpt lat="46.562869" lon="12.156927"><ele>1694.981</ele><time>2014-09-28T11:35:17Z</time></trkpt><trkpt lat="46.562854" lon="12.156972"><ele>1694.809</ele><time>2014-09-28T11:35:19Z</time></trkpt><trkpt lat="46.562829" lon="12.157017"><ele>1694.508</ele><time>2014-09-28T11:35:22Z</time></trkpt><trkpt lat="46.562814" lon="12.157036"><ele>1694.215</ele><time>2014-09-28T11:35:23Z</time></trkpt><trkpt lat="46.562771" lon="12.157074"><ele>1693.237</ele><time>2014-09-28T11:35:26Z</time></trkpt><trkpt lat="46.562739" lon="12.157112"><ele>1692.611</ele><time>2014-09-28T11:35:29Z</time></trkpt><trkpt lat="46.562710" lon="12.157139"><ele>1692.096</ele><time>2014-09-28T11:35:32Z</time></trkpt><trkpt lat="46.562695" lon="12.157152"><ele>1691.654</ele><time>2014-09-28T11:35:33Z</time></trkpt><trkpt lat="46.562646" lon="12.157175"><ele>1690.381</ele><time>2014-09-28T11:35:36Z</time></trkpt><trkpt lat="46.562592" lon="12.157279"><ele>1689.735</ele><time>2014-09-28T11:35:41Z</time></trkpt><trkpt lat="46.562590" lon="12.157302"><ele>1689.918</ele><time>2014-09-28T11:35:42Z</time></trkpt><trkpt lat="46.562590" lon="12.157320"><ele>1690.153</ele><time>2014-09-28T11:35:43Z</time></trkpt><trkpt lat="46.562576" lon="12.157337"><ele>1689.704</ele><time>2014-09-28T11:35:44Z</time></trkpt><trkpt lat="46.562558" lon="12.157351"><ele>1689.214</ele><time>2014-09-28T11:35:45Z</time></trkpt><trkpt lat="46.562540" lon="12.157362"><ele>1688.608</ele><time>2014-09-28T11:35:46Z</time></trkpt><trkpt lat="46.562493" lon="12.157388"><ele>1687.086</ele><time>2014-09-28T11:35:49Z</time></trkpt><trkpt lat="46.562462" lon="12.157402"><ele>1686.588</ele><time>2014-09-28T11:35:51Z</time></trkpt><trkpt lat="46.562403" lon="12.157424"><ele>1685.432</ele><time>2014-09-28T11:35:55Z</time></trkpt><trkpt lat="46.562368" lon="12.157438"><ele>1684.727</ele><time>2014-09-28T11:35:57Z</time></trkpt><trkpt lat="46.562350" lon="12.157442"><ele>1684.355</ele><time>2014-09-28T11:35:58Z</time></trkpt><trkpt lat="46.562307" lon="12.157462"><ele>1683.612</ele><time>2014-09-28T11:36:01Z</time></trkpt><trkpt lat="46.562291" lon="12.157463"><ele>1683.276</ele><time>2014-09-28T11:36:02Z</time></trkpt><trkpt lat="46.562248" lon="12.157523"><ele>1682.569</ele><time>2014-09-28T11:36:07Z</time></trkpt><trkpt lat="46.562246" lon="12.157543"><ele>1682.461</ele><time>2014-09-28T11:36:08Z</time></trkpt><trkpt lat="46.562242" lon="12.157563"><ele>1682.221</ele><time>2014-09-28T11:36:09Z</time></trkpt><trkpt lat="46.562258" lon="12.157608"><ele>1682.413</ele><time>2014-09-28T11:36:11Z</time></trkpt><trkpt lat="46.562300" lon="12.157705"><ele>1683.108</ele><time>2014-09-28T11:36:16Z</time></trkpt><trkpt lat="46.562333" lon="12.157774"><ele>1683.897</ele><time>2014-09-28T11:36:21Z</time></trkpt><trkpt lat="46.562330" lon="12.157842"><ele>1683.579</ele><time>2014-09-28T11:36:26Z</time></trkpt><trkpt lat="46.562315" lon="12.157922"><ele>1683.033</ele><time>2014-09-28T11:36:30Z</time></trkpt><trkpt lat="46.562280" lon="12.158039"><ele>1682.188</ele><time>2014-09-28T11:36:36Z</time></trkpt><trkpt lat="46.562277" lon="12.158057"><ele>1682.016</ele><time>2014-09-28T11:36:37Z</time></trkpt><trkpt lat="46.562280" lon="12.158074"><ele>1682.043</ele><time>2014-09-28T11:36:38Z</time></trkpt><trkpt lat="46.562280" lon="12.158120"><ele>1681.997</ele><time>2014-09-28T11:36:40Z</time></trkpt><trkpt lat="46.562270" lon="12.158195"><ele>1681.530</ele><time>2014-09-28T11:36:44Z</time></trkpt><trkpt lat="46.562262" lon="12.158279"><ele>1681.119</ele><time>2014-09-28T11:36:48Z</time></trkpt><trkpt lat="46.562291" lon="12.158394"><ele>1681.709</ele><time>2014-09-28T11:36:54Z</time></trkpt><trkpt lat="46.562289" lon="12.158415"><ele>1681.719</ele><time>2014-09-28T11:36:55Z</time></trkpt><trkpt lat="46.562290" lon="12.158453"><ele>1681.708</ele><time>2014-09-28T11:36:57Z</time></trkpt><trkpt lat="46.562291" lon="12.158532"><ele>1681.742</ele><time>2014-09-28T11:37:02Z</time></trkpt><trkpt lat="46.562281" lon="12.158624"><ele>1681.484</ele><time>2014-09-28T11:37:07Z</time></trkpt><trkpt lat="46.562282" lon="12.158645"><ele>1681.688</ele><time>2014-09-28T11:37:08Z</time></trkpt><trkpt lat="46.562279" lon="12.158663"><ele>1681.633</ele><time>2014-09-28T11:37:09Z</time></trkpt><trkpt lat="46.562268" lon="12.158716"><ele>1681.471</ele><time>2014-09-28T11:37:12Z</time></trkpt><trkpt lat="46.562257" lon="12.158775"><ele>1681.248</ele><time>2014-09-28T11:37:15Z</time></trkpt><trkpt lat="46.562252" lon="12.158849"><ele>1681.382</ele><time>2014-09-28T11:37:19Z</time></trkpt><trkpt lat="46.562207" lon="12.158963"><ele>1681.085</ele><time>2014-09-28T11:37:26Z</time></trkpt><trkpt lat="46.562196" lon="12.159001"><ele>1681.374</ele><time>2014-09-28T11:37:28Z</time></trkpt><trkpt lat="46.562167" lon="12.159030"><ele>1681.056</ele><time>2014-09-28T11:37:30Z</time></trkpt><trkpt lat="46.562142" lon="12.159068"><ele>1680.921</ele><time>2014-09-28T11:37:33Z</time></trkpt><trkpt lat="46.562127" lon="12.159093"><ele>1680.908</ele><time>2014-09-28T11:37:35Z</time></trkpt><trkpt lat="46.562108" lon="12.159141"><ele>1681.018</ele><time>2014-09-28T11:37:39Z</time></trkpt><trkpt lat="46.562105" lon="12.159158"><ele>1681.110</ele><time>2014-09-28T11:37:40Z</time></trkpt><trkpt lat="46.562097" lon="12.159177"><ele>1681.154</ele><time>2014-09-28T11:37:41Z</time></trkpt><trkpt lat="46.562064" lon="12.159266"><ele>1681.519</ele><time>2014-09-28T11:37:46Z</time></trkpt><trkpt lat="46.562037" lon="12.159381"><ele>1682.667</ele><time>2014-09-28T11:37:52Z</time></trkpt><trkpt lat="46.562015" lon="12.159466"><ele>1683.344</ele><time>2014-09-28T11:37:56Z</time></trkpt><trkpt lat="46.562008" lon="12.159487"><ele>1683.478</ele><time>2014-09-28T11:37:57Z</time></trkpt><trkpt lat="46.562003" lon="12.159508"><ele>1683.641</ele><time>2014-09-28T11:37:58Z</time></trkpt><trkpt lat="46.561974" lon="12.159599"><ele>1684.096</ele><time>2014-09-28T11:38:03Z</time></trkpt><trkpt lat="46.561968" lon="12.159653"><ele>1684.631</ele><time>2014-09-28T11:38:06Z</time></trkpt><trkpt lat="46.561970" lon="12.159688"><ele>1685.224</ele><time>2014-09-28T11:38:08Z</time></trkpt><trkpt lat="46.561967" lon="12.159708"><ele>1685.408</ele><time>2014-09-28T11:38:09Z</time></trkpt><trkpt lat="46.561944" lon="12.159753"><ele>1685.260</ele><time>2014-09-28T11:38:12Z</time></trkpt><trkpt lat="46.561930" lon="12.159855"><ele>1685.812</ele><time>2014-09-28T11:38:18Z</time></trkpt><trkpt lat="46.561899" lon="12.159950"><ele>1686.446</ele><time>2014-09-28T11:38:24Z</time></trkpt><trkpt lat="46.561872" lon="12.160057"><ele>1687.361</ele><time>2014-09-28T11:38:30Z</time></trkpt><trkpt lat="46.561874" lon="12.160072"><ele>1687.519</ele><time>2014-09-28T11:38:31Z</time></trkpt><trkpt lat="46.561854" lon="12.160163"><ele>1688.256</ele><time>2014-09-28T11:38:36Z</time></trkpt><trkpt lat="46.561830" lon="12.160227"><ele>1688.780</ele><time>2014-09-28T11:38:40Z</time></trkpt><trkpt lat="46.561800" lon="12.160321"><ele>1689.213</ele><time>2014-09-28T11:38:45Z</time></trkpt><trkpt lat="46.561785" lon="12.160387"><ele>1689.477</ele><time>2014-09-28T11:38:49Z</time></trkpt><trkpt lat="46.561783" lon="12.160406"><ele>1689.461</ele><time>2014-09-28T11:38:50Z</time></trkpt><trkpt lat="46.561768" lon="12.160508"><ele>1689.627</ele><time>2014-09-28T11:38:56Z</time></trkpt><trkpt lat="46.561766" lon="12.160528"><ele>1689.708</ele><time>2014-09-28T11:38:57Z</time></trkpt><trkpt lat="46.561767" lon="12.160582"><ele>1689.858</ele><time>2014-09-28T11:39:00Z</time></trkpt><trkpt lat="46.561782" lon="12.160656"><ele>1690.240</ele><time>2014-09-28T11:39:04Z</time></trkpt><trkpt lat="46.561784" lon="12.160673"><ele>1690.334</ele><time>2014-09-28T11:39:05Z</time></trkpt><trkpt lat="46.561790" lon="12.160690"><ele>1690.479</ele><time>2014-09-28T11:39:06Z</time></trkpt><trkpt lat="46.561794" lon="12.160720"><ele>1690.657</ele><time>2014-09-28T11:39:08Z</time></trkpt><trkpt lat="46.561796" lon="12.160740"><ele>1690.624</ele><time>2014-09-28T11:39:09Z</time></trkpt><trkpt lat="46.561812" lon="12.160794"><ele>1691.118</ele><time>2014-09-28T11:39:13Z</time></trkpt><trkpt lat="46.561821" lon="12.160824"><ele>1691.311</ele><time>2014-09-28T11:39:15Z</time></trkpt><trkpt lat="46.561820" lon="12.160855"><ele>1691.371</ele><time>2014-09-28T11:39:17Z</time></trkpt><trkpt lat="46.561827" lon="12.160880"><ele>1691.441</ele><time>2014-09-28T11:39:20Z</time></trkpt><trkpt lat="46.561829" lon="12.160890"><ele>1691.415</ele><time>2014-09-28T11:39:28Z</time></trkpt><trkpt lat="46.561817" lon="12.160901"><ele>1691.108</ele><time>2014-09-28T11:39:37Z</time></trkpt><trkpt lat="46.561785" lon="12.160871"><ele>1690.578</ele><time>2014-09-28T11:39:46Z</time></trkpt><trkpt lat="46.561783" lon="12.160882"><ele>1690.430</ele><time>2014-09-28T11:40:02Z</time></trkpt><trkpt lat="46.561784" lon="12.160884"><ele>1690.514</ele><time>2014-09-28T11:40:08Z</time></trkpt><trkpt lat="46.561784" lon="12.160884"><ele>1690.579</ele><time>2014-09-28T11:40:09Z</time></trkpt><trkpt lat="46.561782" lon="12.160875"><ele>1690.497</ele><time>2014-09-28T11:40:15Z</time></trkpt><trkpt lat="46.561781" lon="12.160871"><ele>1690.464</ele><time>2014-09-28T11:40:18Z</time></trkpt><trkpt lat="46.561773" lon="12.160857"><ele>1690.338</ele><time>2014-09-28T11:40:28Z</time></trkpt><trkpt lat="46.561774" lon="12.160863"><ele>1690.311</ele><time>2014-09-28T11:40:39Z</time></trkpt><trkpt lat="46.561776" lon="12.160858"><ele>1690.341</ele><time>2014-09-28T11:40:48Z</time></trkpt><trkpt lat="46.561758" lon="12.160770"><ele>1689.981</ele><time>2014-09-28T11:40:58Z</time></trkpt><trkpt lat="46.561797" lon="12.160766"><ele>1690.709</ele><time>2014-09-28T11:41:04Z</time></trkpt><trkpt lat="46.561817" lon="12.160765"><ele>1691.108</ele><time>2014-09-28T11:41:08Z</time></trkpt><trkpt lat="46.561824" lon="12.160764"><ele>1691.315</ele><time>2014-09-28T11:41:09Z</time></trkpt><trkpt lat="46.561829" lon="12.160761"><ele>1691.467</ele><time>2014-09-28T11:41:10Z</time></trkpt><trkpt lat="46.561837" lon="12.160751"><ele>1691.551</ele><time>2014-09-28T11:41:12Z</time></trkpt><trkpt lat="46.561856" lon="12.160739"><ele>1691.936</ele><time>2014-09-28T11:41:17Z</time></trkpt><trkpt lat="46.561855" lon="12.160731"><ele>1691.814</ele><time>2014-09-28T11:41:18Z</time></trkpt><trkpt lat="46.561873" lon="12.160729"><ele>1692.291</ele><time>2014-09-28T11:41:21Z</time></trkpt><trkpt lat="46.561891" lon="12.160726"><ele>1692.555</ele><time>2014-09-28T11:41:23Z</time></trkpt><trkpt lat="46.561894" lon="12.160716"><ele>1692.618</ele><time>2014-09-28T11:41:24Z</time></trkpt><trkpt lat="46.561932" lon="12.160712"><ele>1693.372</ele><time>2014-09-28T11:41:29Z</time></trkpt><trkpt lat="46.561965" lon="12.160707"><ele>1694.213</ele><time>2014-09-28T11:41:33Z</time></trkpt><trkpt lat="46.561984" lon="12.160712"><ele>1694.814</ele><time>2014-09-28T11:41:35Z</time></trkpt><trkpt lat="46.562016" lon="12.160717"><ele>1695.908</ele><time>2014-09-28T11:41:39Z</time></trkpt><trkpt lat="46.562014" lon="12.160716"><ele>1695.898</ele><time>2014-09-28T11:41:40Z</time></trkpt><trkpt lat="46.562027" lon="12.160712"><ele>1696.240</ele><time>2014-09-28T11:41:41Z</time></trkpt><trkpt lat="46.562058" lon="12.160704"><ele>1697.224</ele><time>2014-09-28T11:41:46Z</time></trkpt><trkpt lat="46.562073" lon="12.160698"><ele>1697.759</ele><time>2014-09-28T11:41:47Z</time></trkpt><trkpt lat="46.562118" lon="12.160706"><ele>1699.277</ele><time>2014-09-28T11:41:52Z</time></trkpt><trkpt lat="46.562129" lon="12.160703"><ele>1699.544</ele><time>2014-09-28T11:41:53Z</time></trkpt><trkpt lat="46.562139" lon="12.160714"><ele>1699.968</ele><time>2014-09-28T11:41:56Z</time></trkpt><trkpt lat="46.562151" lon="12.160716"><ele>1700.321</ele><time>2014-09-28T11:41:57Z</time></trkpt><trkpt lat="46.562160" lon="12.160737"><ele>1700.613</ele><time>2014-09-28T11:42:00Z</time></trkpt><trkpt lat="46.562163" lon="12.160743"><ele>1700.843</ele><time>2014-09-28T11:42:02Z</time></trkpt><trkpt lat="46.562177" lon="12.160762"><ele>1701.307</ele><time>2014-09-28T11:42:05Z</time></trkpt><trkpt lat="46.562200" lon="12.160780"><ele>1702.108</ele><time>2014-09-28T11:42:08Z</time></trkpt><trkpt lat="46.562202" lon="12.160780"><ele>1702.212</ele><time>2014-09-28T11:42:09Z</time></trkpt><trkpt lat="46.562226" lon="12.160795"><ele>1703.054</ele><time>2014-09-28T11:42:13Z</time></trkpt><trkpt lat="46.562261" lon="12.160803"><ele>1704.388</ele><time>2014-09-28T11:42:18Z</time></trkpt><trkpt lat="46.562304" lon="12.160807"><ele>1705.883</ele><time>2014-09-28T11:42:24Z</time></trkpt><trkpt lat="46.562338" lon="12.160796"><ele>1707.021</ele><time>2014-09-28T11:42:29Z</time></trkpt><trkpt lat="46.562364" lon="12.160796"><ele>1707.978</ele><time>2014-09-28T11:42:33Z</time></trkpt><trkpt lat="46.562381" lon="12.160804"><ele>1708.662</ele><time>2014-09-28T11:42:35Z</time></trkpt><trkpt lat="46.562408" lon="12.160811"><ele>1709.665</ele><time>2014-09-28T11:42:39Z</time></trkpt><trkpt lat="46.562408" lon="12.160801"><ele>1709.592</ele><time>2014-09-28T11:42:41Z</time></trkpt><trkpt lat="46.562440" lon="12.160790"><ele>1710.673</ele><time>2014-09-28T11:42:45Z</time></trkpt><trkpt lat="46.562439" lon="12.160785"><ele>1710.520</ele><time>2014-09-28T11:42:46Z</time></trkpt><trkpt lat="46.562452" lon="12.160784"><ele>1710.908</ele><time>2014-09-28T11:42:49Z</time></trkpt><trkpt lat="46.562466" lon="12.160781"><ele>1711.480</ele><time>2014-09-28T11:42:51Z</time></trkpt><trkpt lat="46.562499" lon="12.160766"><ele>1712.582</ele><time>2014-09-28T11:42:56Z</time></trkpt><trkpt lat="46.562544" lon="12.160747"><ele>1713.386</ele><time>2014-09-28T11:43:00Z</time></trkpt><trkpt lat="46.562579" lon="12.160720"><ele>1713.941</ele><time>2014-09-28T11:43:04Z</time></trkpt><trkpt lat="46.562598" lon="12.160711"><ele>1714.269</ele><time>2014-09-28T11:43:06Z</time></trkpt><trkpt lat="46.562612" lon="12.160712"><ele>1714.566</ele><time>2014-09-28T11:43:07Z</time></trkpt><trkpt lat="46.562648" lon="12.160694"><ele>1715.230</ele><time>2014-09-28T11:43:12Z</time></trkpt><trkpt lat="46.562674" lon="12.160673"><ele>1715.623</ele><time>2014-09-28T11:43:16Z</time></trkpt><trkpt lat="46.562702" lon="12.160657"><ele>1716.157</ele><time>2014-09-28T11:43:19Z</time></trkpt><trkpt lat="46.562709" lon="12.160645"><ele>1716.200</ele><time>2014-09-28T11:43:20Z</time></trkpt><trkpt lat="46.562730" lon="12.160616"><ele>1716.420</ele><time>2014-09-28T11:43:23Z</time></trkpt><trkpt lat="46.562802" lon="12.160554"><ele>1717.308</ele><time>2014-09-28T11:43:30Z</time></trkpt><trkpt lat="46.562811" lon="12.160546"><ele>1717.456</ele><time>2014-09-28T11:43:31Z</time></trkpt><trkpt lat="46.562842" lon="12.160521"><ele>1717.838</ele><time>2014-09-28T11:43:34Z</time></trkpt><trkpt lat="46.562851" lon="12.160517"><ele>1717.912</ele><time>2014-09-28T11:43:35Z</time></trkpt><trkpt lat="46.562873" lon="12.160504"><ele>1718.147</ele><time>2014-09-28T11:43:37Z</time></trkpt><trkpt lat="46.562907" lon="12.160462"><ele>1718.425</ele><time>2014-09-28T11:43:41Z</time></trkpt><trkpt lat="46.562910" lon="12.160452"><ele>1718.472</ele><time>2014-09-28T11:43:42Z</time></trkpt><trkpt lat="46.562923" lon="12.160449"><ele>1718.576</ele><time>2014-09-28T11:43:43Z</time></trkpt><trkpt lat="46.562952" lon="12.160436"><ele>1718.819</ele><time>2014-09-28T11:43:45Z</time></trkpt><trkpt lat="46.562987" lon="12.160434"><ele>1719.298</ele><time>2014-09-28T11:43:48Z</time></trkpt><trkpt lat="46.563020" lon="12.160419"><ele>1719.615</ele><time>2014-09-28T11:43:52Z</time></trkpt><trkpt lat="46.563024" lon="12.160424"><ele>1719.726</ele><time>2014-09-28T11:43:53Z</time></trkpt><trkpt lat="46.563040" lon="12.160442"><ele>1720.008</ele><time>2014-09-28T11:43:55Z</time></trkpt><trkpt lat="46.563052" lon="12.160439"><ele>1720.170</ele><time>2014-09-28T11:43:57Z</time></trkpt><trkpt lat="46.563060" lon="12.160440"><ele>1720.212</ele><time>2014-09-28T11:43:58Z</time></trkpt><trkpt lat="46.563072" lon="12.160443"><ele>1720.566</ele><time>2014-09-28T11:43:59Z</time></trkpt><trkpt lat="46.563084" lon="12.160451"><ele>1720.861</ele><time>2014-09-28T11:44:01Z</time></trkpt><trkpt lat="46.563102" lon="12.160459"><ele>1721.169</ele><time>2014-09-28T11:44:04Z</time></trkpt><trkpt lat="46.563116" lon="12.160464"><ele>1721.446</ele><time>2014-09-28T11:44:06Z</time></trkpt><trkpt lat="46.563137" lon="12.160459"><ele>1721.870</ele><time>2014-09-28T11:44:08Z</time></trkpt><trkpt lat="46.563135" lon="12.160459"><ele>1721.773</ele><time>2014-09-28T11:44:09Z</time></trkpt><trkpt lat="46.563141" lon="12.160455"><ele>1721.824</ele><time>2014-09-28T11:44:10Z</time></trkpt><trkpt lat="46.563185" lon="12.160446"><ele>1722.504</ele><time>2014-09-28T11:44:14Z</time></trkpt><trkpt lat="46.563196" lon="12.160448"><ele>1722.814</ele><time>2014-09-28T11:44:15Z</time></trkpt><trkpt lat="46.563226" lon="12.160456"><ele>1723.408</ele><time>2014-09-28T11:44:20Z</time></trkpt><trkpt lat="46.563241" lon="12.160468"><ele>1723.743</ele><time>2014-09-28T11:44:21Z</time></trkpt><trkpt lat="46.563250" lon="12.160487"><ele>1724.085</ele><time>2014-09-28T11:44:23Z</time></trkpt><trkpt lat="46.563256" lon="12.160496"><ele>1724.229</ele><time>2014-09-28T11:44:24Z</time></trkpt><trkpt lat="46.563263" lon="12.160499"><ele>1724.364</ele><time>2014-09-28T11:44:30Z</time></trkpt><trkpt lat="46.563292" lon="12.160509"><ele>1724.992</ele><time>2014-09-28T11:44:38Z</time></trkpt><trkpt lat="46.563305" lon="12.160452"><ele>1724.749</ele><time>2014-09-28T11:44:45Z</time></trkpt><trkpt lat="46.563323" lon="12.160433"><ele>1724.963</ele><time>2014-09-28T11:44:54Z</time></trkpt><trkpt lat="46.563369" lon="12.160487"><ele>1726.616</ele><time>2014-09-28T11:45:03Z</time></trkpt><trkpt lat="46.563385" lon="12.160517"><ele>1727.385</ele><time>2014-09-28T11:45:10Z</time></trkpt><trkpt lat="46.563400" lon="12.160556"><ele>1727.989</ele><time>2014-09-28T11:45:22Z</time></trkpt><trkpt lat="46.563414" lon="12.160582"><ele>1728.517</ele><time>2014-09-28T11:45:25Z</time></trkpt><trkpt lat="46.563420" lon="12.160615"><ele>1728.908</ele><time>2014-09-28T11:45:28Z</time></trkpt><trkpt lat="46.563436" lon="12.160646"><ele>1729.579</ele><time>2014-09-28T11:45:33Z</time></trkpt><trkpt lat="46.563461" lon="12.160671"><ele>1730.361</ele><time>2014-09-28T11:45:36Z</time></trkpt><trkpt lat="46.563480" lon="12.160707"><ele>1731.025</ele><time>2014-09-28T11:45:39Z</time></trkpt><trkpt lat="46.563486" lon="12.160711"><ele>1731.260</ele><time>2014-09-28T11:45:40Z</time></trkpt><trkpt lat="46.563490" lon="12.160733"><ele>1731.478</ele><time>2014-09-28T11:45:43Z</time></trkpt><trkpt lat="46.563491" lon="12.160743"><ele>1731.595</ele><time>2014-09-28T11:45:44Z</time></trkpt><trkpt lat="46.563496" lon="12.160763"><ele>1731.789</ele><time>2014-09-28T11:45:46Z</time></trkpt><trkpt lat="46.563514" lon="12.160811"><ele>1732.422</ele><time>2014-09-28T11:45:51Z</time></trkpt><trkpt lat="46.563516" lon="12.160821"><ele>1732.532</ele><time>2014-09-28T11:45:52Z</time></trkpt><trkpt lat="46.563520" lon="12.160870"><ele>1733.192</ele><time>2014-09-28T11:45:57Z</time></trkpt><trkpt lat="46.563529" lon="12.160907"><ele>1733.811</ele><time>2014-09-28T11:46:02Z</time></trkpt><trkpt lat="46.563530" lon="12.160926"><ele>1734.108</ele><time>2014-09-28T11:46:04Z</time></trkpt><trkpt lat="46.563529" lon="12.160956"><ele>1734.444</ele><time>2014-09-28T11:46:08Z</time></trkpt><trkpt lat="46.563528" lon="12.160966"><ele>1734.546</ele><time>2014-09-28T11:46:09Z</time></trkpt><trkpt lat="46.563528" lon="12.160968"><ele>1734.640</ele><time>2014-09-28T11:46:12Z</time></trkpt><trkpt lat="46.563532" lon="12.160996"><ele>1735.035</ele><time>2014-09-28T11:46:15Z</time></trkpt><trkpt lat="46.563532" lon="12.160994"><ele>1735.053</ele><time>2014-09-28T11:46:17Z</time></trkpt><trkpt lat="46.563535" lon="12.160999"><ele>1735.120</ele><time>2014-09-28T11:46:19Z</time></trkpt><trkpt lat="46.563540" lon="12.160992"><ele>1735.294</ele><time>2014-09-28T11:46:25Z</time></trkpt><trkpt lat="46.563543" lon="12.160991"><ele>1735.357</ele><time>2014-09-28T11:46:30Z</time></trkpt><trkpt lat="46.563550" lon="12.160990"><ele>1735.558</ele><time>2014-09-28T11:46:44Z</time></trkpt><trkpt lat="46.563569" lon="12.160981"><ele>1735.952</ele><time>2014-09-28T11:46:50Z</time></trkpt><trkpt lat="46.563589" lon="12.160992"><ele>1736.617</ele><time>2014-09-28T11:46:56Z</time></trkpt><trkpt lat="46.563597" lon="12.160998"><ele>1737.008</ele><time>2014-09-28T11:46:58Z</time></trkpt><trkpt lat="46.563587" lon="12.161018"><ele>1736.986</ele><time>2014-09-28T11:47:02Z</time></trkpt><trkpt lat="46.563594" lon="12.161044"><ele>1737.548</ele><time>2014-09-28T11:47:06Z</time></trkpt><trkpt lat="46.563608" lon="12.161053"><ele>1738.182</ele><time>2014-09-28T11:47:08Z</time></trkpt><trkpt lat="46.563636" lon="12.161060"><ele>1739.697</ele><time>2014-09-28T11:47:13Z</time></trkpt><trkpt lat="46.563642" lon="12.161061"><ele>1740.015</ele><time>2014-09-28T11:47:16Z</time></trkpt><trkpt lat="46.563655" lon="12.161090"><ele>1741.182</ele><time>2014-09-28T11:47:20Z</time></trkpt><trkpt lat="46.563655" lon="12.161107"><ele>1741.386</ele><time>2014-09-28T11:47:22Z</time></trkpt><trkpt lat="46.563671" lon="12.161148"><ele>1743.039</ele><time>2014-09-28T11:47:27Z</time></trkpt><trkpt lat="46.563671" lon="12.161175"><ele>1743.625</ele><time>2014-09-28T11:47:30Z</time></trkpt><trkpt lat="46.563664" lon="12.161187"><ele>1743.526</ele><time>2014-09-28T11:47:33Z</time></trkpt><trkpt lat="46.563659" lon="12.161193"><ele>1743.408</ele><time>2014-09-28T11:47:35Z</time></trkpt><trkpt lat="46.563656" lon="12.161202"><ele>1743.508</ele><time>2014-09-28T11:47:38Z</time></trkpt><trkpt lat="46.563671" lon="12.161220"><ele>1744.613</ele><time>2014-09-28T11:47:44Z</time></trkpt><trkpt lat="46.563673" lon="12.161236"><ele>1745.065</ele><time>2014-09-28T11:47:45Z</time></trkpt><trkpt lat="46.563711" lon="12.161236"><ele>1746.789</ele><time>2014-09-28T11:47:52Z</time></trkpt><trkpt lat="46.563715" lon="12.161230"><ele>1746.844</ele><time>2014-09-28T11:47:53Z</time></trkpt><trkpt lat="46.563739" lon="12.161197"><ele>1747.412</ele><time>2014-09-28T11:47:58Z</time></trkpt><trkpt lat="46.563745" lon="12.161193"><ele>1747.639</ele><time>2014-09-28T11:47:59Z</time></trkpt><trkpt lat="46.563777" lon="12.161152"><ele>1748.543</ele><time>2014-09-28T11:48:06Z</time></trkpt><trkpt lat="46.563793" lon="12.161157"><ele>1749.476</ele><time>2014-09-28T11:48:11Z</time></trkpt><trkpt lat="46.563798" lon="12.161220"><ele>1750.517</ele><time>2014-09-28T11:48:19Z</time></trkpt><trkpt lat="46.563804" lon="12.161261"><ele>1751.387</ele><time>2014-09-28T11:48:24Z</time></trkpt><trkpt lat="46.563805" lon="12.161270"><ele>1751.515</ele><time>2014-09-28T11:48:25Z</time></trkpt><trkpt lat="46.563808" lon="12.161283"><ele>1751.808</ele><time>2014-09-28T11:48:27Z</time></trkpt><trkpt lat="46.563810" lon="12.161310"><ele>1752.282</ele><time>2014-09-28T11:48:30Z</time></trkpt><trkpt lat="46.563822" lon="12.161362"><ele>1753.394</ele><time>2014-09-28T11:48:37Z</time></trkpt><trkpt lat="46.563826" lon="12.161381"><ele>1753.678</ele><time>2014-09-28T11:48:39Z</time></trkpt><trkpt lat="46.563822" lon="12.161428"><ele>1754.593</ele><time>2014-09-28T11:48:44Z</time></trkpt><trkpt lat="46.563821" lon="12.161444"><ele>1754.891</ele><time>2014-09-28T11:48:46Z</time></trkpt><trkpt lat="46.563826" lon="12.161481"><ele>1755.958</ele><time>2014-09-28T11:48:51Z</time></trkpt><trkpt lat="46.563826" lon="12.161486"><ele>1756.032</ele><time>2014-09-28T11:48:57Z</time></trkpt><trkpt lat="46.563826" lon="12.161481"><ele>1755.985</ele><time>2014-09-28T11:49:05Z</time></trkpt><trkpt lat="46.563825" lon="12.161475"><ele>1755.773</ele><time>2014-09-28T11:49:08Z</time></trkpt><trkpt lat="46.563822" lon="12.161475"><ele>1755.685</ele><time>2014-09-28T11:49:09Z</time></trkpt><trkpt lat="46.563822" lon="12.161476"><ele>1755.613</ele><time>2014-09-28T11:49:12Z</time></trkpt><trkpt lat="46.563826" lon="12.161501"><ele>1756.408</ele><time>2014-09-28T11:49:25Z</time></trkpt><trkpt lat="46.563829" lon="12.161549"><ele>1757.648</ele><time>2014-09-28T11:49:40Z</time></trkpt><trkpt lat="46.563827" lon="12.161594"><ele>1758.660</ele><time>2014-09-28T11:49:46Z</time></trkpt><trkpt lat="46.563830" lon="12.161615"><ele>1759.274</ele><time>2014-09-28T11:49:48Z</time></trkpt><trkpt lat="46.563828" lon="12.161647"><ele>1759.989</ele><time>2014-09-28T11:49:51Z</time></trkpt><trkpt lat="46.563822" lon="12.161674"><ele>1760.297</ele><time>2014-09-28T11:49:54Z</time></trkpt><trkpt lat="46.563818" lon="12.161700"><ele>1760.344</ele><time>2014-09-28T11:49:57Z</time></trkpt><trkpt lat="46.563816" lon="12.161717"><ele>1760.338</ele><time>2014-09-28T11:49:59Z</time></trkpt><trkpt lat="46.563813" lon="12.161744"><ele>1760.531</ele><time>2014-09-28T11:50:02Z</time></trkpt><trkpt lat="46.563815" lon="12.161751"><ele>1760.622</ele><time>2014-09-28T11:50:03Z</time></trkpt><trkpt lat="46.563820" lon="12.161795"><ele>1761.362</ele><time>2014-09-28T11:50:08Z</time></trkpt><trkpt lat="46.563822" lon="12.161805"><ele>1761.508</ele><time>2014-09-28T11:50:09Z</time></trkpt><trkpt lat="46.563826" lon="12.161849"><ele>1762.108</ele><time>2014-09-28T11:50:14Z</time></trkpt><trkpt lat="46.563827" lon="12.161858"><ele>1762.293</ele><time>2014-09-28T11:50:15Z</time></trkpt><trkpt lat="46.563830" lon="12.161880"><ele>1762.615</ele><time>2014-09-28T11:50:19Z</time></trkpt><trkpt lat="46.563840" lon="12.161888"><ele>1763.149</ele><time>2014-09-28T11:50:21Z</time></trkpt><trkpt lat="46.563846" lon="12.161896"><ele>1763.534</ele><time>2014-09-28T11:50:22Z</time></trkpt><trkpt lat="46.563887" lon="12.161940"><ele>1765.922</ele><time>2014-09-28T11:50:31Z</time></trkpt><trkpt lat="46.563891" lon="12.161945"><ele>1766.139</ele><time>2014-09-28T11:50:32Z</time></trkpt><trkpt lat="46.563903" lon="12.161956"><ele>1766.873</ele><time>2014-09-28T11:50:38Z</time></trkpt><trkpt lat="46.563918" lon="12.161971"><ele>1767.846</ele><time>2014-09-28T11:50:39Z</time></trkpt><trkpt lat="46.563929" lon="12.162000"><ele>1768.545</ele><time>2014-09-28T11:50:43Z</time></trkpt><trkpt lat="46.563941" lon="12.162001"><ele>1769.247</ele><time>2014-09-28T11:50:45Z</time></trkpt><trkpt lat="46.563952" lon="12.162029"><ele>1769.911</ele><time>2014-09-28T11:50:49Z</time></trkpt><trkpt lat="46.563952" lon="12.162037"><ele>1770.008</ele><time>2014-09-28T11:50:50Z</time></trkpt><trkpt lat="46.563947" lon="12.162054"><ele>1769.825</ele><time>2014-09-28T11:50:53Z</time></trkpt><trkpt lat="46.563944" lon="12.162070"><ele>1769.887</ele><time>2014-09-28T11:50:56Z</time></trkpt><trkpt lat="46.563948" lon="12.162103"><ele>1770.231</ele><time>2014-09-28T11:51:00Z</time></trkpt><trkpt lat="46.563949" lon="12.162100"><ele>1770.246</ele><time>2014-09-28T11:51:01Z</time></trkpt><trkpt lat="46.563955" lon="12.162158"><ele>1770.944</ele><time>2014-09-28T11:51:08Z</time></trkpt><trkpt lat="46.563957" lon="12.162174"><ele>1771.191</ele><time>2014-09-28T11:51:09Z</time></trkpt><trkpt lat="46.563962" lon="12.162190"><ele>1771.575</ele><time>2014-09-28T11:51:11Z</time></trkpt><trkpt lat="46.563965" lon="12.162187"><ele>1771.648</ele><time>2014-09-28T11:51:13Z</time></trkpt><trkpt lat="46.563997" lon="12.162183"><ele>1773.299</ele><time>2014-09-28T11:51:18Z</time></trkpt><trkpt lat="46.564007" lon="12.162179"><ele>1773.707</ele><time>2014-09-28T11:51:20Z</time></trkpt><trkpt lat="46.564026" lon="12.162170"><ele>1774.627</ele><time>2014-09-28T11:51:23Z</time></trkpt><trkpt lat="46.564047" lon="12.162171"><ele>1775.708</ele><time>2014-09-28T11:51:27Z</time></trkpt><trkpt lat="46.564063" lon="12.162181"><ele>1776.680</ele><time>2014-09-28T11:51:30Z</time></trkpt><trkpt lat="46.564075" lon="12.162217"><ele>1777.492</ele><time>2014-09-28T11:51:36Z</time></trkpt><trkpt lat="46.564078" lon="12.162244"><ele>1777.766</ele><time>2014-09-28T11:51:39Z</time></trkpt><trkpt lat="46.564089" lon="12.162252"><ele>1778.331</ele><time>2014-09-28T11:51:42Z</time></trkpt><trkpt lat="46.564089" lon="12.162253"><ele>1778.399</ele><time>2014-09-28T11:51:43Z</time></trkpt><trkpt lat="46.564099" lon="12.162254"><ele>1778.856</ele><time>2014-09-28T11:51:48Z</time></trkpt><trkpt lat="46.564104" lon="12.162269"><ele>1779.180</ele><time>2014-09-28T11:51:49Z</time></trkpt><trkpt lat="46.564111" lon="12.162278"><ele>1779.583</ele><time>2014-09-28T11:51:52Z</time></trkpt><trkpt lat="46.564137" lon="12.162303"><ele>1780.931</ele><time>2014-09-28T11:51:57Z</time></trkpt><trkpt lat="46.564138" lon="12.162307"><ele>1780.961</ele><time>2014-09-28T11:51:58Z</time></trkpt><trkpt lat="46.564161" lon="12.162320"><ele>1782.107</ele><time>2014-09-28T11:52:02Z</time></trkpt><trkpt lat="46.564170" lon="12.162329"><ele>1782.508</ele><time>2014-09-28T11:52:04Z</time></trkpt><trkpt lat="46.564177" lon="12.162351"><ele>1783.014</ele><time>2014-09-28T11:52:07Z</time></trkpt><trkpt lat="46.564194" lon="12.162371"><ele>1783.986</ele><time>2014-09-28T11:52:12Z</time></trkpt><trkpt lat="46.564208" lon="12.162388"><ele>1784.780</ele><time>2014-09-28T11:52:16Z</time></trkpt><trkpt lat="46.564224" lon="12.162389"><ele>1785.635</ele><time>2014-09-28T11:52:18Z</time></trkpt><trkpt lat="46.564254" lon="12.162379"><ele>1787.063</ele><time>2014-09-28T11:52:23Z</time></trkpt><trkpt lat="46.564278" lon="12.162376"><ele>1788.320</ele><time>2014-09-28T11:52:26Z</time></trkpt><trkpt lat="46.564306" lon="12.162361"><ele>1789.534</ele><time>2014-09-28T11:52:30Z</time></trkpt><trkpt lat="46.564312" lon="12.162347"><ele>1789.727</ele><time>2014-09-28T11:52:32Z</time></trkpt><trkpt lat="46.564325" lon="12.162332"><ele>1790.114</ele><time>2014-09-28T11:52:34Z</time></trkpt><trkpt lat="46.564333" lon="12.162320"><ele>1790.454</ele><time>2014-09-28T11:52:36Z</time></trkpt><trkpt lat="46.564352" lon="12.162294"><ele>1791.009</ele><time>2014-09-28T11:52:40Z</time></trkpt><trkpt lat="46.564375" lon="12.162291"><ele>1792.008</ele><time>2014-09-28T11:52:45Z</time></trkpt><trkpt lat="46.564381" lon="12.162300"><ele>1792.492</ele><time>2014-09-28T11:52:47Z</time></trkpt><trkpt lat="46.564395" lon="12.162344"><ele>1793.744</ele><time>2014-09-28T11:52:54Z</time></trkpt><trkpt lat="46.564401" lon="12.162366"><ele>1794.438</ele><time>2014-09-28T11:53:00Z</time></trkpt><trkpt lat="46.564408" lon="12.162372"><ele>1794.833</ele><time>2014-09-28T11:53:01Z</time></trkpt><trkpt lat="46.564424" lon="12.162412"><ele>1796.371</ele><time>2014-09-28T11:53:07Z</time></trkpt><trkpt lat="46.564449" lon="12.162455"><ele>1798.588</ele><time>2014-09-28T11:53:14Z</time></trkpt><trkpt lat="46.564457" lon="12.162481"><ele>1799.692</ele><time>2014-09-28T11:53:18Z</time></trkpt><trkpt lat="46.564456" lon="12.162491"><ele>1799.745</ele><time>2014-09-28T11:53:19Z</time></trkpt><trkpt lat="46.564452" lon="12.162530"><ele>1800.597</ele><time>2014-09-28T11:53:24Z</time></trkpt><trkpt lat="46.564443" lon="12.162548"><ele>1800.523</ele><time>2014-09-28T11:53:28Z</time></trkpt><trkpt lat="46.564443" lon="12.162567"><ele>1801.125</ele><time>2014-09-28T11:53:32Z</time></trkpt><trkpt lat="46.564442" lon="12.162590"><ele>1801.808</ele><time>2014-09-28T11:53:35Z</time></trkpt><trkpt lat="46.564443" lon="12.162599"><ele>1802.180</ele><time>2014-09-28T11:53:36Z</time></trkpt><trkpt lat="46.564438" lon="12.162638"><ele>1803.152</ele><time>2014-09-28T11:53:41Z</time></trkpt><trkpt lat="46.564433" lon="12.162660"><ele>1803.586</ele><time>2014-09-28T11:53:44Z</time></trkpt><trkpt lat="46.564425" lon="12.162700"><ele>1804.231</ele><time>2014-09-28T11:53:49Z</time></trkpt><trkpt lat="46.564428" lon="12.162743"><ele>1805.889</ele><time>2014-09-28T11:53:54Z</time></trkpt><trkpt lat="46.564436" lon="12.162748"><ele>1806.556</ele><time>2014-09-28T11:54:00Z</time></trkpt><trkpt lat="46.564444" lon="12.162750"><ele>1807.160</ele><time>2014-09-28T11:54:01Z</time></trkpt><trkpt lat="46.564450" lon="12.162762"><ele>1807.913</ele><time>2014-09-28T11:54:06Z</time></trkpt><trkpt lat="46.564452" lon="12.162771"><ele>1808.313</ele><time>2014-09-28T11:54:07Z</time></trkpt><trkpt lat="46.564453" lon="12.162780"><ele>1808.843</ele><time>2014-09-28T11:54:08Z</time></trkpt><trkpt lat="46.564454" lon="12.162787"><ele>1809.207</ele><time>2014-09-28T11:54:09Z</time></trkpt><trkpt lat="46.564454" lon="12.162808"><ele>1810.508</ele><time>2014-09-28T11:54:12Z</time></trkpt><trkpt lat="46.564457" lon="12.162818"><ele>1811.332</ele><time>2014-09-28T11:54:14Z</time></trkpt><trkpt lat="46.564459" lon="12.162829"><ele>1812.124</ele><time>2014-09-28T11:54:19Z</time></trkpt><trkpt lat="46.564461" lon="12.162853"><ele>1813.668</ele><time>2014-09-28T11:54:21Z</time></trkpt><trkpt lat="46.564455" lon="12.162870"><ele>1814.343</ele><time>2014-09-28T11:54:24Z</time></trkpt><trkpt lat="46.564463" lon="12.162884"><ele>1815.671</ele><time>2014-09-28T11:54:27Z</time></trkpt><trkpt lat="46.564487" lon="12.162900"><ele>1817.918</ele><time>2014-09-28T11:54:29Z</time></trkpt><trkpt lat="46.564503" lon="12.162914"><ele>1819.592</ele><time>2014-09-28T11:54:31Z</time></trkpt><trkpt lat="46.564507" lon="12.162931"><ele>1820.635</ele><time>2014-09-28T11:54:34Z</time></trkpt><trkpt lat="46.564512" lon="12.162943"><ele>1821.543</ele><time>2014-09-28T11:54:36Z</time></trkpt><trkpt lat="46.564523" lon="12.162946"><ele>1822.264</ele><time>2014-09-28T11:54:37Z</time></trkpt><trkpt lat="46.564527" lon="12.162927"><ele>1821.510</ele><time>2014-09-28T11:54:40Z</time></trkpt><trkpt lat="46.564534" lon="12.162899"><ele>1820.508</ele><time>2014-09-28T11:54:45Z</time></trkpt><trkpt lat="46.564532" lon="12.162895"><ele>1820.135</ele><time>2014-09-28T11:54:47Z</time></trkpt><trkpt lat="46.564530" lon="12.162879"><ele>1819.277</ele><time>2014-09-28T11:54:55Z</time></trkpt><trkpt lat="46.564555" lon="12.162854"><ele>1819.591</ele><time>2014-09-28T11:55:04Z</time></trkpt><trkpt lat="46.564564" lon="12.162864"><ele>1820.546</ele><time>2014-09-28T11:55:14Z</time></trkpt><trkpt lat="46.564583" lon="12.162875"><ele>1822.264</ele><time>2014-09-28T11:55:34Z</time></trkpt><trkpt lat="46.564590" lon="12.162828"><ele>1820.661</ele><time>2014-09-28T11:55:41Z</time></trkpt><trkpt lat="46.564587" lon="12.162818"><ele>1820.015</ele><time>2014-09-28T11:55:45Z</time></trkpt><trkpt lat="46.564588" lon="12.162820"><ele>1820.158</ele><time>2014-09-28T11:55:49Z</time></trkpt><trkpt lat="46.564587" lon="12.162796"><ele>1819.019</ele><time>2014-09-28T11:56:02Z</time></trkpt><trkpt lat="46.564601" lon="12.162797"><ele>1820.109</ele><time>2014-09-28T11:56:08Z</time></trkpt><trkpt lat="46.564599" lon="12.162830"><ele>1821.319</ele><time>2014-09-28T11:56:11Z</time></trkpt><trkpt lat="46.564599" lon="12.162837"><ele>1821.608</ele><time>2014-09-28T11:56:13Z</time></trkpt><trkpt lat="46.564596" lon="12.162860"><ele>1822.382</ele><time>2014-09-28T11:56:22Z</time></trkpt><trkpt lat="46.564604" lon="12.162908"><ele>1824.854</ele><time>2014-09-28T11:56:28Z</time></trkpt><trkpt lat="46.564605" lon="12.162919"><ele>1825.358</ele><time>2014-09-28T11:56:29Z</time></trkpt><trkpt lat="46.564617" lon="12.162953"><ele>1827.263</ele><time>2014-09-28T11:56:33Z</time></trkpt><trkpt lat="46.564619" lon="12.162962"><ele>1827.721</ele><time>2014-09-28T11:56:34Z</time></trkpt><trkpt lat="46.564624" lon="12.163000"><ele>1829.498</ele><time>2014-09-28T11:56:38Z</time></trkpt><trkpt lat="46.564625" lon="12.163049"><ele>1831.382</ele><time>2014-09-28T11:56:42Z</time></trkpt><trkpt lat="46.564624" lon="12.163082"><ele>1832.935</ele><time>2014-09-28T11:56:48Z</time></trkpt><trkpt lat="46.564638" lon="12.163078"><ele>1833.166</ele><time>2014-09-28T11:56:54Z</time></trkpt><trkpt lat="46.564641" lon="12.163080"><ele>1833.329</ele><time>2014-09-28T11:56:55Z</time></trkpt><trkpt lat="46.564637" lon="12.163066"><ele>1832.521</ele><time>2014-09-28T11:57:02Z</time></trkpt><trkpt lat="46.564630" lon="12.163058"><ele>1831.808</ele><time>2014-09-28T11:57:09Z</time></trkpt><trkpt lat="46.564631" lon="12.163058"><ele>1831.857</ele><time>2014-09-28T11:57:10Z</time></trkpt><trkpt lat="46.564622" lon="12.163054"><ele>1831.349</ele><time>2014-09-28T11:57:17Z</time></trkpt><trkpt lat="46.564639" lon="12.163078"><ele>1833.273</ele><time>2014-09-28T11:57:29Z</time></trkpt><trkpt lat="46.564638" lon="12.163102"><ele>1834.478</ele><time>2014-09-28T11:57:32Z</time></trkpt><trkpt lat="46.564638" lon="12.163115"><ele>1835.056</ele><time>2014-09-28T11:57:34Z</time></trkpt><trkpt lat="46.564640" lon="12.163122"><ele>1835.483</ele><time>2014-09-28T11:57:35Z</time></trkpt><trkpt lat="46.564654" lon="12.163149"><ele>1837.117</ele><time>2014-09-28T11:57:40Z</time></trkpt><trkpt lat="46.564652" lon="12.163158"><ele>1837.540</ele><time>2014-09-28T11:57:41Z</time></trkpt><trkpt lat="46.564648" lon="12.163164"><ele>1837.724</ele><time>2014-09-28T11:57:42Z</time></trkpt><trkpt lat="46.564646" lon="12.163180"><ele>1838.504</ele><time>2014-09-28T11:57:46Z</time></trkpt><trkpt lat="46.564651" lon="12.163195"><ele>1839.314</ele><time>2014-09-28T11:57:51Z</time></trkpt><trkpt lat="46.564650" lon="12.163204"><ele>1839.708</ele><time>2014-09-28T11:57:52Z</time></trkpt><trkpt lat="46.564662" lon="12.163199"><ele>1839.663</ele><time>2014-09-28T11:57:56Z</time></trkpt><trkpt lat="46.564665" lon="12.163219"><ele>1840.585</ele><time>2014-09-28T11:57:58Z</time></trkpt><trkpt lat="46.564665" lon="12.163231"><ele>1841.189</ele><time>2014-09-28T11:58:00Z</time></trkpt><trkpt lat="46.564658" lon="12.163246"><ele>1841.894</ele><time>2014-09-28T11:58:02Z</time></trkpt><trkpt lat="46.564663" lon="12.163259"><ele>1842.422</ele><time>2014-09-28T11:58:06Z</time></trkpt><trkpt lat="46.564663" lon="12.163269"><ele>1842.879</ele><time>2014-09-28T11:58:08Z</time></trkpt><trkpt lat="46.564674" lon="12.163259"><ele>1842.483</ele><time>2014-09-28T11:58:09Z</time></trkpt><trkpt lat="46.564676" lon="12.163262"><ele>1842.566</ele><time>2014-09-28T11:58:10Z</time></trkpt><trkpt lat="46.564673" lon="12.163273"><ele>1843.016</ele><time>2014-09-28T11:58:13Z</time></trkpt><trkpt lat="46.564671" lon="12.163280"><ele>1843.376</ele><time>2014-09-28T11:58:14Z</time></trkpt><trkpt lat="46.564660" lon="12.163307"><ele>1844.713</ele><time>2014-09-28T11:58:19Z</time></trkpt><trkpt lat="46.564664" lon="12.163308"><ele>1844.708</ele><time>2014-09-28T11:58:20Z</time></trkpt><trkpt lat="46.564672" lon="12.163322"><ele>1845.232</ele><time>2014-09-28T11:58:23Z</time></trkpt><trkpt lat="46.564660" lon="12.163313"><ele>1844.924</ele><time>2014-09-28T11:58:24Z</time></trkpt><trkpt lat="46.564643" lon="12.163310"><ele>1845.098</ele><time>2014-09-28T11:58:29Z</time></trkpt><trkpt lat="46.564683" lon="12.163274"><ele>1843.013</ele><time>2014-09-28T11:58:30Z</time></trkpt><trkpt lat="46.564681" lon="12.163343"><ele>1846.181</ele><time>2014-09-28T11:58:33Z</time></trkpt><trkpt lat="46.564684" lon="12.163355"><ele>1846.738</ele><time>2014-09-28T11:58:36Z</time></trkpt><trkpt lat="46.564697" lon="12.163361"><ele>1846.822</ele><time>2014-09-28T11:58:38Z</time></trkpt><trkpt lat="46.564698" lon="12.163384"><ele>1848.025</ele><time>2014-09-28T11:58:42Z</time></trkpt><trkpt lat="46.564710" lon="12.163393"><ele>1848.294</ele><time>2014-09-28T11:58:43Z</time></trkpt><trkpt lat="46.564718" lon="12.163404"><ele>1848.657</ele><time>2014-09-28T11:58:46Z</time></trkpt><trkpt lat="46.564724" lon="12.163429"><ele>1849.922</ele><time>2014-09-28T11:58:49Z</time></trkpt><trkpt lat="46.564728" lon="12.163461"><ele>1851.708</ele><time>2014-09-28T11:58:53Z</time></trkpt><trkpt lat="46.564727" lon="12.163463"><ele>1851.740</ele><time>2014-09-28T11:58:54Z</time></trkpt><trkpt lat="46.564727" lon="12.163488"><ele>1853.042</ele><time>2014-09-28T11:58:57Z</time></trkpt><trkpt lat="46.564723" lon="12.163523"><ele>1854.666</ele><time>2014-09-28T11:59:01Z</time></trkpt><trkpt lat="46.564728" lon="12.163527"><ele>1855.041</ele><time>2014-09-28T11:59:02Z</time></trkpt><trkpt lat="46.564748" lon="12.163518"><ele>1855.369</ele><time>2014-09-28T11:59:06Z</time></trkpt><trkpt lat="46.564754" lon="12.163520"><ele>1855.656</ele><time>2014-09-28T11:59:08Z</time></trkpt><trkpt lat="46.564764" lon="12.163535"><ele>1856.780</ele><time>2014-09-28T11:59:11Z</time></trkpt><trkpt lat="46.564768" lon="12.163536"><ele>1856.843</ele><time>2014-09-28T11:59:12Z</time></trkpt><trkpt lat="46.564759" lon="12.163559"><ele>1857.627</ele><time>2014-09-28T11:59:16Z</time></trkpt><trkpt lat="46.564761" lon="12.163561"><ele>1857.868</ele><time>2014-09-28T11:59:17Z</time></trkpt><trkpt lat="46.564775" lon="12.163538"><ele>1857.214</ele><time>2014-09-28T11:59:22Z</time></trkpt><trkpt lat="46.564779" lon="12.163561"><ele>1858.408</ele><time>2014-09-28T11:59:24Z</time></trkpt><trkpt lat="46.564778" lon="12.163590"><ele>1859.643</ele><time>2014-09-28T11:59:27Z</time></trkpt><trkpt lat="46.564800" lon="12.163582"><ele>1860.085</ele><time>2014-09-28T11:59:30Z</time></trkpt><trkpt lat="46.564802" lon="12.163605"><ele>1861.079</ele><time>2014-09-28T11:59:34Z</time></trkpt><trkpt lat="46.564807" lon="12.163617"><ele>1861.864</ele><time>2014-09-28T11:59:37Z</time></trkpt><trkpt lat="46.564810" lon="12.163625"><ele>1862.392</ele><time>2014-09-28T11:59:39Z</time></trkpt><trkpt lat="46.564811" lon="12.163645"><ele>1863.469</ele><time>2014-09-28T11:59:41Z</time></trkpt><trkpt lat="46.564808" lon="12.163642"><ele>1863.243</ele><time>2014-09-28T11:59:42Z</time></trkpt><trkpt lat="46.564782" lon="12.163683"><ele>1864.866</ele><time>2014-09-28T11:59:49Z</time></trkpt><trkpt lat="46.564782" lon="12.163689"><ele>1865.212</ele><time>2014-09-28T11:59:54Z</time></trkpt><trkpt lat="46.564783" lon="12.163693"><ele>1865.432</ele><time>2014-09-28T11:59:57Z</time></trkpt><trkpt lat="46.564787" lon="12.163691"><ele>1865.405</ele><time>2014-09-28T12:00:01Z</time></trkpt><trkpt lat="46.564786" lon="12.163693"><ele>1865.508</ele><time>2014-09-28T12:00:08Z</time></trkpt><trkpt lat="46.564792" lon="12.163696"><ele>1865.852</ele><time>2014-09-28T12:00:09Z</time></trkpt><trkpt lat="46.564792" lon="12.163697"><ele>1865.984</ele><time>2014-09-28T12:00:10Z</time></trkpt><trkpt lat="46.564787" lon="12.163697"><ele>1865.838</ele><time>2014-09-28T12:00:16Z</time></trkpt><trkpt lat="46.564793" lon="12.163682"><ele>1865.153</ele><time>2014-09-28T12:00:22Z</time></trkpt><trkpt lat="46.564797" lon="12.163688"><ele>1865.521</ele><time>2014-09-28T12:00:32Z</time></trkpt><trkpt lat="46.564798" lon="12.163698"><ele>1866.168</ele><time>2014-09-28T12:00:55Z</time></trkpt><trkpt lat="46.564816" lon="12.163713"><ele>1867.382</ele><time>2014-09-28T12:01:02Z</time></trkpt><trkpt lat="46.564817" lon="12.163711"><ele>1867.255</ele><time>2014-09-28T12:01:12Z</time></trkpt><trkpt lat="46.564812" lon="12.163708"><ele>1867.017</ele><time>2014-09-28T12:01:29Z</time></trkpt><trkpt lat="46.564820" lon="12.163704"><ele>1866.987</ele><time>2014-09-28T12:01:45Z</time></trkpt><trkpt lat="46.564845" lon="12.163718"><ele>1868.215</ele><time>2014-09-28T12:01:55Z</time></trkpt><trkpt lat="46.564846" lon="12.163720"><ele>1868.408</ele><time>2014-09-28T12:01:56Z</time></trkpt><trkpt lat="46.564859" lon="12.163747"><ele>1870.162</ele><time>2014-09-28T12:02:01Z</time></trkpt><trkpt lat="46.564860" lon="12.163758"><ele>1870.634</ele><time>2014-09-28T12:02:02Z</time></trkpt><trkpt lat="46.564859" lon="12.163769"><ele>1871.218</ele><time>2014-09-28T12:02:03Z</time></trkpt><trkpt lat="46.564843" lon="12.163804"><ele>1872.813</ele><time>2014-09-28T12:02:08Z</time></trkpt><trkpt lat="46.564841" lon="12.163811"><ele>1873.121</ele><time>2014-09-28T12:02:09Z</time></trkpt><trkpt lat="46.564827" lon="12.163831"><ele>1874.068</ele><time>2014-09-28T12:02:12Z</time></trkpt><trkpt lat="46.564806" lon="12.163848"><ele>1874.692</ele><time>2014-09-28T12:02:15Z</time></trkpt><trkpt lat="46.564792" lon="12.163856"><ele>1874.955</ele><time>2014-09-28T12:02:17Z</time></trkpt><trkpt lat="46.564773" lon="12.163856"><ele>1874.621</ele><time>2014-09-28T12:02:20Z</time></trkpt><trkpt lat="46.564755" lon="12.163862"><ele>1874.841</ele><time>2014-09-28T12:02:22Z</time></trkpt><trkpt lat="46.564715" lon="12.163867"><ele>1874.705</ele><time>2014-09-28T12:02:26Z</time></trkpt><trkpt lat="46.564706" lon="12.163860"><ele>1874.308</ele><time>2014-09-28T12:02:27Z</time></trkpt><trkpt lat="46.564651" lon="12.163840"><ele>1873.623</ele><time>2014-09-28T12:02:32Z</time></trkpt><trkpt lat="46.564619" lon="12.163846"><ele>1874.215</ele><time>2014-09-28T12:02:36Z</time></trkpt><trkpt lat="46.564604" lon="12.163851"><ele>1874.639</ele><time>2014-09-28T12:02:39Z</time></trkpt><trkpt lat="46.564594" lon="12.163850"><ele>1874.674</ele><time>2014-09-28T12:02:41Z</time></trkpt><trkpt lat="46.564590" lon="12.163847"><ele>1874.592</ele><time>2014-09-28T12:02:47Z</time></trkpt><trkpt lat="46.564570" lon="12.163843"><ele>1874.579</ele><time>2014-09-28T12:02:51Z</time></trkpt><trkpt lat="46.564547" lon="12.163840"><ele>1874.533</ele><time>2014-09-28T12:02:54Z</time></trkpt><trkpt lat="46.564517" lon="12.163832"><ele>1874.516</ele><time>2014-09-28T12:02:59Z</time></trkpt><trkpt lat="46.564508" lon="12.163829"><ele>1874.457</ele><time>2014-09-28T12:03:00Z</time></trkpt><trkpt lat="46.564488" lon="12.163832"><ele>1874.700</ele><time>2014-09-28T12:03:03Z</time></trkpt><trkpt lat="46.564456" lon="12.163842"><ele>1875.420</ele><time>2014-09-28T12:03:06Z</time></trkpt><trkpt lat="46.564450" lon="12.163843"><ele>1875.508</ele><time>2014-09-28T12:03:07Z</time></trkpt><trkpt lat="46.564428" lon="12.163842"><ele>1874.246</ele><time>2014-09-28T12:03:10Z</time></trkpt><trkpt lat="46.564421" lon="12.163838"><ele>1873.588</ele><time>2014-09-28T12:03:15Z</time></trkpt><trkpt lat="46.564409" lon="12.163816"><ele>1871.942</ele><time>2014-09-28T12:03:25Z</time></trkpt><trkpt lat="46.564400" lon="12.163792"><ele>1870.647</ele><time>2014-09-28T12:03:37Z</time></trkpt><trkpt lat="46.564395" lon="12.163798"><ele>1870.455</ele><time>2014-09-28T12:03:46Z</time></trkpt><trkpt lat="46.564403" lon="12.163792"><ele>1870.892</ele><time>2014-09-28T12:03:52Z</time></trkpt><trkpt lat="46.564407" lon="12.163793"><ele>1871.116</ele><time>2014-09-28T12:03:59Z</time></trkpt><trkpt lat="46.564428" lon="12.163819"><ele>1873.589</ele><time>2014-09-28T12:04:23Z</time></trkpt><trkpt lat="46.564441" lon="12.163850"><ele>1875.561</ele><time>2014-09-28T12:04:34Z</time></trkpt><trkpt lat="46.564414" lon="12.163847"><ele>1873.221</ele><time>2014-09-28T12:04:43Z</time></trkpt><trkpt lat="46.564410" lon="12.163852"><ele>1873.113</ele><time>2014-09-28T12:04:52Z</time></trkpt><trkpt lat="46.564403" lon="12.163841"><ele>1872.208</ele><time>2014-09-28T12:04:58Z</time></trkpt><trkpt lat="46.564396" lon="12.163824"><ele>1871.297</ele><time>2014-09-28T12:05:05Z</time></trkpt><trkpt lat="46.564391" lon="12.163817"><ele>1870.699</ele><time>2014-09-28T12:05:13Z</time></trkpt><trkpt lat="46.564381" lon="12.163796"><ele>1869.383</ele><time>2014-09-28T12:05:24Z</time></trkpt><trkpt lat="46.564391" lon="12.163829"><ele>1870.938</ele><time>2014-09-28T12:05:34Z</time></trkpt><trkpt lat="46.564420" lon="12.163893"><ele>1874.986</ele><time>2014-09-28T12:05:40Z</time></trkpt><trkpt lat="46.564441" lon="12.163954"><ele>1876.243</ele><time>2014-09-28T12:05:46Z</time></trkpt><trkpt lat="46.564444" lon="12.163949"><ele>1876.577</ele><time>2014-09-28T12:05:47Z</time></trkpt><trkpt lat="46.564460" lon="12.163995"><ele>1876.560</ele><time>2014-09-28T12:05:51Z</time></trkpt><trkpt lat="46.564499" lon="12.164061"><ele>1877.594</ele><time>2014-09-28T12:05:57Z</time></trkpt><trkpt lat="46.564510" lon="12.164081"><ele>1878.057</ele><time>2014-09-28T12:05:59Z</time></trkpt><trkpt lat="46.564531" lon="12.164106"><ele>1879.022</ele><time>2014-09-28T12:06:02Z</time></trkpt><trkpt lat="46.564552" lon="12.164134"><ele>1880.308</ele><time>2014-09-28T12:06:06Z</time></trkpt><trkpt lat="46.564563" lon="12.164142"><ele>1881.010</ele><time>2014-09-28T12:06:08Z</time></trkpt><trkpt lat="46.564578" lon="12.164169"><ele>1882.252</ele><time>2014-09-28T12:06:12Z</time></trkpt><trkpt lat="46.564601" lon="12.164185"><ele>1883.776</ele><time>2014-09-28T12:06:18Z</time></trkpt><trkpt lat="46.564621" lon="12.164195"><ele>1885.011</ele><time>2014-09-28T12:06:21Z</time></trkpt><trkpt lat="46.564631" lon="12.164213"><ele>1885.859</ele><time>2014-09-28T12:06:23Z</time></trkpt><trkpt lat="46.564623" lon="12.164245"><ele>1885.836</ele><time>2014-09-28T12:06:26Z</time></trkpt><trkpt lat="46.564624" lon="12.164266"><ele>1886.290</ele><time>2014-09-28T12:06:28Z</time></trkpt><trkpt lat="46.564623" lon="12.164283"><ele>1886.483</ele><time>2014-09-28T12:06:30Z</time></trkpt><trkpt lat="46.564641" lon="12.164278"><ele>1887.458</ele><time>2014-09-28T12:06:33Z</time></trkpt><trkpt lat="46.564649" lon="12.164276"><ele>1887.952</ele><time>2014-09-28T12:06:34Z</time></trkpt><trkpt lat="46.564679" lon="12.164289"><ele>1890.017</ele><time>2014-09-28T12:06:39Z</time></trkpt><trkpt lat="46.564675" lon="12.164308"><ele>1890.108</ele><time>2014-09-28T12:06:41Z</time></trkpt><trkpt lat="46.564667" lon="12.164324"><ele>1889.956</ele><time>2014-09-28T12:06:43Z</time></trkpt><trkpt lat="46.564657" lon="12.164343"><ele>1889.528</ele><time>2014-09-28T12:06:45Z</time></trkpt><trkpt lat="46.564663" lon="12.164346"><ele>1890.062</ele><time>2014-09-28T12:06:49Z</time></trkpt><trkpt lat="46.564676" lon="12.164352"><ele>1891.077</ele><time>2014-09-28T12:06:51Z</time></trkpt><trkpt lat="46.564688" lon="12.164362"><ele>1891.975</ele><time>2014-09-28T12:06:54Z</time></trkpt><trkpt lat="46.564707" lon="12.164391"><ele>1893.842</ele><time>2014-09-28T12:06:59Z</time></trkpt><trkpt lat="46.564710" lon="12.164408"><ele>1894.436</ele><time>2014-09-28T12:07:01Z</time></trkpt><trkpt lat="46.564715" lon="12.164426"><ele>1895.149</ele><time>2014-09-28T12:07:04Z</time></trkpt><trkpt lat="46.564724" lon="12.164449"><ele>1896.226</ele><time>2014-09-28T12:07:08Z</time></trkpt><trkpt lat="46.564732" lon="12.164451"><ele>1896.647</ele><time>2014-09-28T12:07:09Z</time></trkpt><trkpt lat="46.564759" lon="12.164472"><ele>1898.211</ele><time>2014-09-28T12:07:13Z</time></trkpt><trkpt lat="46.564758" lon="12.164475"><ele>1898.308</ele><time>2014-09-28T12:07:15Z</time></trkpt><trkpt lat="46.564777" lon="12.164476"><ele>1899.163</ele><time>2014-09-28T12:07:18Z</time></trkpt><trkpt lat="46.564785" lon="12.164494"><ele>1899.935</ele><time>2014-09-28T12:07:22Z</time></trkpt><trkpt lat="46.564792" lon="12.164498"><ele>1900.489</ele><time>2014-09-28T12:07:23Z</time></trkpt><trkpt lat="46.564805" lon="12.164508"><ele>1901.254</ele><time>2014-09-28T12:07:26Z</time></trkpt><trkpt lat="46.564810" lon="12.164509"><ele>1901.512</ele><time>2014-09-28T12:07:30Z</time></trkpt><trkpt lat="46.564827" lon="12.164515"><ele>1902.479</ele><time>2014-09-28T12:07:32Z</time></trkpt><trkpt lat="46.564836" lon="12.164535"><ele>1903.423</ele><time>2014-09-28T12:07:36Z</time></trkpt><trkpt lat="46.564838" lon="12.164548"><ele>1903.916</ele><time>2014-09-28T12:07:40Z</time></trkpt><trkpt lat="46.564839" lon="12.164548"><ele>1903.977</ele><time>2014-09-28T12:07:41Z</time></trkpt><trkpt lat="46.564850" lon="12.164594"><ele>1905.761</ele><time>2014-09-28T12:07:47Z</time></trkpt><trkpt lat="46.564856" lon="12.164598"><ele>1906.227</ele><time>2014-09-28T12:07:48Z</time></trkpt><trkpt lat="46.564865" lon="12.164622"><ele>1907.308</ele><time>2014-09-28T12:07:52Z</time></trkpt><trkpt lat="46.564883" lon="12.164645"><ele>1908.918</ele><time>2014-09-28T12:07:58Z</time></trkpt><trkpt lat="46.564886" lon="12.164652"><ele>1909.330</ele><time>2014-09-28T12:07:59Z</time></trkpt><trkpt lat="46.564899" lon="12.164677"><ele>1910.894</ele><time>2014-09-28T12:08:05Z</time></trkpt><trkpt lat="46.564899" lon="12.164726"><ele>1912.369</ele><time>2014-09-28T12:08:10Z</time></trkpt><trkpt lat="46.564894" lon="12.164748"><ele>1912.797</ele><time>2014-09-28T12:08:12Z</time></trkpt><trkpt lat="46.564902" lon="12.164756"><ele>1913.514</ele><time>2014-09-28T12:08:15Z</time></trkpt><trkpt lat="46.564911" lon="12.164752"><ele>1913.888</ele><time>2014-09-28T12:08:17Z</time></trkpt><trkpt lat="46.564915" lon="12.164749"><ele>1914.091</ele><time>2014-09-28T12:08:18Z</time></trkpt><trkpt lat="46.564930" lon="12.164729"><ele>1914.272</ele><time>2014-09-28T12:08:26Z</time></trkpt><trkpt lat="46.564925" lon="12.164730"><ele>1913.913</ele><time>2014-09-28T12:08:27Z</time></trkpt><trkpt lat="46.564931" lon="12.164734"><ele>1914.414</ele><time>2014-09-28T12:08:32Z</time></trkpt><trkpt lat="46.564934" lon="12.164730"><ele>1914.508</ele><time>2014-09-28T12:08:43Z</time></trkpt><trkpt lat="46.564950" lon="12.164724"><ele>1915.218</ele><time>2014-09-28T12:08:56Z</time></trkpt><trkpt lat="46.564968" lon="12.164671"><ele>1914.470</ele><time>2014-09-28T12:09:01Z</time></trkpt><trkpt lat="46.564971" lon="12.164656"><ele>1914.094</ele><time>2014-09-28T12:09:03Z</time></trkpt><trkpt lat="46.564975" lon="12.164648"><ele>1914.059</ele><time>2014-09-28T12:09:05Z</time></trkpt><trkpt lat="46.564973" lon="12.164649"><ele>1913.957</ele><time>2014-09-28T12:09:10Z</time></trkpt><trkpt lat="46.564973" lon="12.164627"><ele>1913.264</ele><time>2014-09-28T12:09:23Z</time></trkpt><trkpt lat="46.564993" lon="12.164627"><ele>1914.288</ele><time>2014-09-28T12:09:28Z</time></trkpt><trkpt lat="46.565000" lon="12.164638"><ele>1915.051</ele><time>2014-09-28T12:09:29Z</time></trkpt><trkpt lat="46.565008" lon="12.164682"><ele>1916.948</ele><time>2014-09-28T12:09:34Z</time></trkpt><trkpt lat="46.565016" lon="12.164696"><ele>1917.761</ele><time>2014-09-28T12:09:36Z</time></trkpt><trkpt lat="46.565028" lon="12.164724"><ele>1919.317</ele><time>2014-09-28T12:09:39Z</time></trkpt><trkpt lat="46.565030" lon="12.164733"><ele>1919.708</ele><time>2014-09-28T12:09:40Z</time></trkpt><trkpt lat="46.565037" lon="12.164766"><ele>1921.155</ele><time>2014-09-28T12:09:43Z</time></trkpt><trkpt lat="46.565041" lon="12.164820"><ele>1923.177</ele><time>2014-09-28T12:09:49Z</time></trkpt><trkpt lat="46.565029" lon="12.164892"><ele>1924.921</ele><time>2014-09-28T12:09:55Z</time></trkpt><trkpt lat="46.565026" lon="12.164901"><ele>1925.196</ele><time>2014-09-28T12:09:56Z</time></trkpt><trkpt lat="46.565019" lon="12.164922"><ele>1925.434</ele><time>2014-09-28T12:09:58Z</time></trkpt><trkpt lat="46.565020" lon="12.164944"><ele>1926.241</ele><time>2014-09-28T12:10:01Z</time></trkpt><trkpt lat="46.565019" lon="12.164945"><ele>1926.295</ele><time>2014-09-28T12:10:02Z</time></trkpt><trkpt lat="46.565042" lon="12.164934"><ele>1927.078</ele><time>2014-09-28T12:10:06Z</time></trkpt><trkpt lat="46.565049" lon="12.164931"><ele>1927.363</ele><time>2014-09-28T12:10:07Z</time></trkpt><trkpt lat="46.565072" lon="12.164882"><ele>1926.744</ele><time>2014-09-28T12:10:12Z</time></trkpt><trkpt lat="46.565074" lon="12.164875"><ele>1926.618</ele><time>2014-09-28T12:10:13Z</time></trkpt><trkpt lat="46.565096" lon="12.164837"><ele>1926.308</ele><time>2014-09-28T12:10:17Z</time></trkpt><trkpt lat="46.565107" lon="12.164854"><ele>1927.487</ele><time>2014-09-28T12:10:20Z</time></trkpt><trkpt lat="46.565109" lon="12.164863"><ele>1927.949</ele><time>2014-09-28T12:10:21Z</time></trkpt><trkpt lat="46.565100" lon="12.164894"><ele>1928.643</ele><time>2014-09-28T12:10:24Z</time></trkpt><trkpt lat="46.565101" lon="12.164917"><ele>1929.468</ele><time>2014-09-28T12:10:27Z</time></trkpt><trkpt lat="46.565098" lon="12.164933"><ele>1929.986</ele><time>2014-09-28T12:10:29Z</time></trkpt><trkpt lat="46.565092" lon="12.164968"><ele>1930.853</ele><time>2014-09-28T12:10:33Z</time></trkpt><trkpt lat="46.565090" lon="12.164975"><ele>1931.077</ele><time>2014-09-28T12:10:34Z</time></trkpt><trkpt lat="46.565091" lon="12.164988"><ele>1931.570</ele><time>2014-09-28T12:10:36Z</time></trkpt><trkpt lat="46.565106" lon="12.164978"><ele>1931.948</ele><time>2014-09-28T12:10:40Z</time></trkpt><trkpt lat="46.565120" lon="12.164954"><ele>1931.861</ele><time>2014-09-28T12:10:43Z</time></trkpt><trkpt lat="46.565120" lon="12.164967"><ele>1932.317</ele><time>2014-09-28T12:10:45Z</time></trkpt><trkpt lat="46.565115" lon="12.164992"><ele>1932.908</ele><time>2014-09-28T12:10:47Z</time></trkpt><trkpt lat="46.565109" lon="12.165012"><ele>1933.435</ele><time>2014-09-28T12:10:49Z</time></trkpt><trkpt lat="46.565101" lon="12.165027"><ele>1933.697</ele><time>2014-09-28T12:10:51Z</time></trkpt><trkpt lat="46.565117" lon="12.165036"><ele>1934.981</ele><time>2014-09-28T12:10:55Z</time></trkpt><trkpt lat="46.565121" lon="12.165036"><ele>1935.156</ele><time>2014-09-28T12:10:56Z</time></trkpt><trkpt lat="46.565123" lon="12.165035"><ele>1935.294</ele><time>2014-09-28T12:11:00Z</time></trkpt><trkpt lat="46.565129" lon="12.165033"><ele>1935.461</ele><time>2014-09-28T12:11:03Z</time></trkpt><trkpt lat="46.565131" lon="12.165026"><ele>1935.255</ele><time>2014-09-28T12:11:09Z</time></trkpt><trkpt lat="46.565135" lon="12.165013"><ele>1934.998</ele><time>2014-09-28T12:11:17Z</time></trkpt><trkpt lat="46.565157" lon="12.164980"><ele>1934.764</ele><time>2014-09-28T12:11:22Z</time></trkpt><trkpt lat="46.565179" lon="12.164955"><ele>1934.906</ele><time>2014-09-28T12:11:27Z</time></trkpt><trkpt lat="46.565186" lon="12.164940"><ele>1934.716</ele><time>2014-09-28T12:11:28Z</time></trkpt><trkpt lat="46.565188" lon="12.164944"><ele>1934.908</ele><time>2014-09-28T12:11:29Z</time></trkpt><trkpt lat="46.565199" lon="12.164990"><ele>1937.317</ele><time>2014-09-28T12:11:35Z</time></trkpt><trkpt lat="46.565197" lon="12.165000"><ele>1937.619</ele><time>2014-09-28T12:11:36Z</time></trkpt><trkpt lat="46.565194" lon="12.165031"><ele>1939.053</ele><time>2014-09-28T12:11:40Z</time></trkpt><trkpt lat="46.565190" lon="12.165042"><ele>1939.358</ele><time>2014-09-28T12:11:41Z</time></trkpt><trkpt lat="46.565183" lon="12.165079"><ele>1940.726</ele><time>2014-09-28T12:11:45Z</time></trkpt><trkpt lat="46.565179" lon="12.165106"><ele>1941.743</ele><time>2014-09-28T12:11:48Z</time></trkpt><trkpt lat="46.565172" lon="12.165151"><ele>1943.447</ele><time>2014-09-28T12:11:52Z</time></trkpt><trkpt lat="46.565172" lon="12.165159"><ele>1943.880</ele><time>2014-09-28T12:11:53Z</time></trkpt><trkpt lat="46.565170" lon="12.165163"><ele>1943.819</ele><time>2014-09-28T12:11:54Z</time></trkpt><trkpt lat="46.565177" lon="12.165216"><ele>1946.809</ele><time>2014-09-28T12:12:03Z</time></trkpt><trkpt lat="46.565178" lon="12.165222"><ele>1947.219</ele><time>2014-09-28T12:12:10Z</time></trkpt><trkpt lat="46.565180" lon="12.165225"><ele>1947.408</ele><time>2014-09-28T12:12:13Z</time></trkpt><trkpt lat="46.565192" lon="12.165231"><ele>1948.632</ele><time>2014-09-28T12:12:26Z</time></trkpt><trkpt lat="46.565193" lon="12.165217"><ele>1947.954</ele><time>2014-09-28T12:12:36Z</time></trkpt><trkpt lat="46.565188" lon="12.165227"><ele>1948.118</ele><time>2014-09-28T12:12:46Z</time></trkpt><trkpt lat="46.565190" lon="12.165226"><ele>1948.293</ele><time>2014-09-28T12:12:56Z</time></trkpt><trkpt lat="46.565195" lon="12.165221"><ele>1948.391</ele><time>2014-09-28T12:13:06Z</time></trkpt><trkpt lat="46.565198" lon="12.165223"><ele>1948.658</ele><time>2014-09-28T12:13:26Z</time></trkpt><trkpt lat="46.565189" lon="12.165214"><ele>1947.542</ele><time>2014-09-28T12:13:40Z</time></trkpt><trkpt lat="46.565183" lon="12.165238"><ele>1948.325</ele><time>2014-09-28T12:13:51Z</time></trkpt><trkpt lat="46.565186" lon="12.165258"><ele>1949.493</ele><time>2014-09-28T12:13:53Z</time></trkpt><trkpt lat="46.565185" lon="12.165268"><ele>1949.965</ele><time>2014-09-28T12:13:57Z</time></trkpt><trkpt lat="46.565179" lon="12.165285"><ele>1950.221</ele><time>2014-09-28T12:14:01Z</time></trkpt><trkpt lat="46.565162" lon="12.165319"><ele>1950.308</ele><time>2014-09-28T12:14:06Z</time></trkpt><trkpt lat="46.565161" lon="12.165318"><ele>1950.270</ele><time>2014-09-28T12:14:09Z</time></trkpt><trkpt lat="46.565161" lon="12.165316"><ele>1950.172</ele><time>2014-09-28T12:14:14Z</time></trkpt><trkpt lat="46.565154" lon="12.165329"><ele>1950.246</ele><time>2014-09-28T12:14:22Z</time></trkpt><trkpt lat="46.565148" lon="12.165362"><ele>1951.041</ele><time>2014-09-28T12:14:34Z</time></trkpt><trkpt lat="46.565148" lon="12.165378"><ele>1951.789</ele><time>2014-09-28T12:14:36Z</time></trkpt><trkpt lat="46.565140" lon="12.165403"><ele>1952.076</ele><time>2014-09-28T12:14:41Z</time></trkpt><trkpt lat="46.565135" lon="12.165431"><ele>1952.850</ele><time>2014-09-28T12:14:46Z</time></trkpt><trkpt lat="46.565132" lon="12.165444"><ele>1953.013</ele><time>2014-09-28T12:14:48Z</time></trkpt><trkpt lat="46.565129" lon="12.165462"><ele>1953.584</ele><time>2014-09-28T12:14:55Z</time></trkpt><trkpt lat="46.565129" lon="12.165463"><ele>1953.507</ele><time>2014-09-28T12:14:56Z</time></trkpt><trkpt lat="46.565132" lon="12.165460"><ele>1953.717</ele><time>2014-09-28T12:15:02Z</time></trkpt><trkpt lat="46.565133" lon="12.165476"><ele>1954.408</ele><time>2014-09-28T12:15:03Z</time></trkpt><trkpt lat="46.565142" lon="12.165468"><ele>1954.819</ele><time>2014-09-28T12:15:11Z</time></trkpt><trkpt lat="46.565166" lon="12.165441"><ele>1955.621</ele><time>2014-09-28T12:15:17Z</time></trkpt><trkpt lat="46.565178" lon="12.165436"><ele>1956.455</ele><time>2014-09-28T12:15:20Z</time></trkpt><trkpt lat="46.565195" lon="12.165439"><ele>1957.910</ele><time>2014-09-28T12:15:22Z</time></trkpt><trkpt lat="46.565205" lon="12.165431"><ele>1958.448</ele><time>2014-09-28T12:15:24Z</time></trkpt><trkpt lat="46.565228" lon="12.165430"><ele>1960.195</ele><time>2014-09-28T12:15:29Z</time></trkpt><trkpt lat="46.565230" lon="12.165446"><ele>1961.069</ele><time>2014-09-28T12:15:31Z</time></trkpt><trkpt lat="46.565220" lon="12.165466"><ele>1961.152</ele><time>2014-09-28T12:15:34Z</time></trkpt><trkpt lat="46.565203" lon="12.165478"><ele>1960.281</ele><time>2014-09-28T12:15:36Z</time></trkpt><trkpt lat="46.565201" lon="12.165501"><ele>1961.061</ele><time>2014-09-28T12:15:40Z</time></trkpt><trkpt lat="46.565194" lon="12.165514"><ele>1961.017</ele><time>2014-09-28T12:15:41Z</time></trkpt><trkpt lat="46.565194" lon="12.165539"><ele>1962.108</ele><time>2014-09-28T12:15:45Z</time></trkpt><trkpt lat="46.565196" lon="12.165543"><ele>1962.479</ele><time>2014-09-28T12:15:50Z</time></trkpt><trkpt lat="46.565215" lon="12.165551"><ele>1964.431</ele><time>2014-09-28T12:15:51Z</time></trkpt><trkpt lat="46.565233" lon="12.165550"><ele>1965.935</ele><time>2014-09-28T12:15:55Z</time></trkpt><trkpt lat="46.565229" lon="12.165576"><ele>1966.140</ele><time>2014-09-28T12:15:58Z</time></trkpt><trkpt lat="46.565231" lon="12.165593"><ele>1966.598</ele><time>2014-09-28T12:16:00Z</time></trkpt><trkpt lat="46.565232" lon="12.165609"><ele>1966.885</ele><time>2014-09-28T12:16:02Z</time></trkpt><trkpt lat="46.565245" lon="12.165634"><ele>1968.339</ele><time>2014-09-28T12:16:06Z</time></trkpt><trkpt lat="46.565248" lon="12.165640"><ele>1968.632</ele><time>2014-09-28T12:16:07Z</time></trkpt><trkpt lat="46.565269" lon="12.165676"><ele>1971.077</ele><time>2014-09-28T12:16:13Z</time></trkpt><trkpt lat="46.565277" lon="12.165692"><ele>1971.961</ele><time>2014-09-28T12:16:17Z</time></trkpt><trkpt lat="46.565289" lon="12.165711"><ele>1973.327</ele><time>2014-09-28T12:16:21Z</time></trkpt><trkpt lat="46.565298" lon="12.165724"><ele>1974.308</ele><time>2014-09-28T12:16:22Z</time></trkpt><trkpt lat="46.565317" lon="12.165753"><ele>1976.698</ele><time>2014-09-28T12:16:27Z</time></trkpt><trkpt lat="46.565314" lon="12.165759"><ele>1976.460</ele><time>2014-09-28T12:16:28Z</time></trkpt><trkpt lat="46.565336" lon="12.165787"><ele>1979.044</ele><time>2014-09-28T12:16:33Z</time></trkpt><trkpt lat="46.565344" lon="12.165788"><ele>1979.819</ele><time>2014-09-28T12:16:35Z</time></trkpt><trkpt lat="46.565348" lon="12.165791"><ele>1980.367</ele><time>2014-09-28T12:16:36Z</time></trkpt><trkpt lat="46.565370" lon="12.165828"><ele>1983.244</ele><time>2014-09-28T12:16:42Z</time></trkpt><trkpt lat="46.565372" lon="12.165820"><ele>1983.278</ele><time>2014-09-28T12:16:43Z</time></trkpt><trkpt lat="46.565376" lon="12.165864"><ele>1983.991</ele><time>2014-09-28T12:16:47Z</time></trkpt><trkpt lat="46.565377" lon="12.165870"><ele>1983.917</ele><time>2014-09-28T12:16:48Z</time></trkpt><trkpt lat="46.565383" lon="12.165900"><ele>1984.587</ele><time>2014-09-28T12:16:52Z</time></trkpt><trkpt lat="46.565396" lon="12.165920"><ele>1985.715</ele><time>2014-09-28T12:16:56Z</time></trkpt><trkpt lat="46.565406" lon="12.165938"><ele>1986.608</ele><time>2014-09-28T12:17:00Z</time></trkpt><trkpt lat="46.565410" lon="12.165945"><ele>1987.012</ele><time>2014-09-28T12:17:01Z</time></trkpt><trkpt lat="46.565412" lon="12.165969"><ele>1987.144</ele><time>2014-09-28T12:17:05Z</time></trkpt><trkpt lat="46.565414" lon="12.165959"><ele>1987.378</ele><time>2014-09-28T12:17:07Z</time></trkpt><trkpt lat="46.565426" lon="12.166008"><ele>1988.213</ele><time>2014-09-28T12:17:11Z</time></trkpt><trkpt lat="46.565430" lon="12.166028"><ele>1988.531</ele><time>2014-09-28T12:17:13Z</time></trkpt><trkpt lat="46.565431" lon="12.166026"><ele>1988.648</ele><time>2014-09-28T12:17:14Z</time></trkpt><trkpt lat="46.565426" lon="12.166054"><ele>1988.022</ele><time>2014-09-28T12:17:18Z</time></trkpt><trkpt lat="46.565427" lon="12.166068"><ele>1988.135</ele><time>2014-09-28T12:17:19Z</time></trkpt><trkpt lat="46.565437" lon="12.166104"><ele>1988.837</ele><time>2014-09-28T12:17:23Z</time></trkpt><trkpt lat="46.565444" lon="12.166129"><ele>1989.749</ele><time>2014-09-28T12:17:28Z</time></trkpt><trkpt lat="46.565427" lon="12.166156"><ele>1988.813</ele><time>2014-09-28T12:17:33Z</time></trkpt><trkpt lat="46.565430" lon="12.166169"><ele>1989.408</ele><time>2014-09-28T12:17:34Z</time></trkpt><trkpt lat="46.565431" lon="12.166185"><ele>1989.844</ele><time>2014-09-28T12:17:36Z</time></trkpt><trkpt lat="46.565456" lon="12.166181"><ele>1991.826</ele><time>2014-09-28T12:17:41Z</time></trkpt><trkpt lat="46.565457" lon="12.166175"><ele>1991.740</ele><time>2014-09-28T12:17:42Z</time></trkpt><trkpt lat="46.565476" lon="12.166154"><ele>1992.925</ele><time>2014-09-28T12:17:47Z</time></trkpt><trkpt lat="46.565479" lon="12.166140"><ele>1992.933</ele><time>2014-09-28T12:17:48Z</time></trkpt><trkpt lat="46.565500" lon="12.166095"><ele>1994.310</ele><time>2014-09-28T12:17:52Z</time></trkpt><trkpt lat="46.565507" lon="12.166108"><ele>1994.894</ele><time>2014-09-28T12:17:53Z</time></trkpt><trkpt lat="46.565503" lon="12.166141"><ele>1995.057</ele><time>2014-09-28T12:17:59Z</time></trkpt><trkpt lat="46.565506" lon="12.166174"><ele>1995.843</ele><time>2014-09-28T12:18:04Z</time></trkpt><trkpt lat="46.565503" lon="12.166170"><ele>1995.564</ele><time>2014-09-28T12:18:05Z</time></trkpt><trkpt lat="46.565510" lon="12.166189"><ele>1996.410</ele><time>2014-09-28T12:18:09Z</time></trkpt><trkpt lat="46.565511" lon="12.166192"><ele>1996.508</ele><time>2014-09-28T12:18:10Z</time></trkpt><trkpt lat="46.565512" lon="12.166228"><ele>1997.245</ele><time>2014-09-28T12:18:15Z</time></trkpt><trkpt lat="46.565513" lon="12.166240"><ele>1997.517</ele><time>2014-09-28T12:18:16Z</time></trkpt><trkpt lat="46.565514" lon="12.166256"><ele>1997.841</ele><time>2014-09-28T12:18:20Z</time></trkpt><trkpt lat="46.565513" lon="12.166263"><ele>1997.846</ele><time>2014-09-28T12:18:21Z</time></trkpt><trkpt lat="46.565514" lon="12.166286"><ele>1998.334</ele><time>2014-09-28T12:18:25Z</time></trkpt><trkpt lat="46.565514" lon="12.166290"><ele>1998.411</ele><time>2014-09-28T12:18:26Z</time></trkpt><trkpt lat="46.565512" lon="12.166327"><ele>1998.875</ele><time>2014-09-28T12:18:31Z</time></trkpt><trkpt lat="46.565520" lon="12.166346"><ele>1999.738</ele><time>2014-09-28T12:18:34Z</time></trkpt><trkpt lat="46.565531" lon="12.166359"><ele>2000.887</ele><time>2014-09-28T12:18:37Z</time></trkpt><trkpt lat="46.565533" lon="12.166365"><ele>2001.042</ele><time>2014-09-28T12:18:38Z</time></trkpt><trkpt lat="46.565523" lon="12.166416"><ele>2002.026</ele><time>2014-09-28T12:18:43Z</time></trkpt><trkpt lat="46.565515" lon="12.166408"><ele>2001.008</ele><time>2014-09-28T12:18:47Z</time></trkpt><trkpt lat="46.565503" lon="12.166417"><ele>2000.639</ele><time>2014-09-28T12:18:53Z</time></trkpt><trkpt lat="46.565497" lon="12.166447"><ele>2001.781</ele><time>2014-09-28T12:18:58Z</time></trkpt><trkpt lat="46.565488" lon="12.166490"><ele>2003.175</ele><time>2014-09-28T12:19:04Z</time></trkpt><trkpt lat="46.565491" lon="12.166486"><ele>2003.290</ele><time>2014-09-28T12:19:05Z</time></trkpt><trkpt lat="46.565489" lon="12.166499"><ele>2003.798</ele><time>2014-09-28T12:19:12Z</time></trkpt><trkpt lat="46.565512" lon="12.166468"><ele>2003.855</ele><time>2014-09-28T12:19:19Z</time></trkpt><trkpt lat="46.565531" lon="12.166436"><ele>2003.649</ele><time>2014-09-28T12:19:24Z</time></trkpt><trkpt lat="46.565537" lon="12.166455"><ele>2005.082</ele><time>2014-09-28T12:19:28Z</time></trkpt><trkpt lat="46.565534" lon="12.166461"><ele>2005.172</ele><time>2014-09-28T12:19:29Z</time></trkpt><trkpt lat="46.565539" lon="12.166517"><ele>2008.213</ele><time>2014-09-28T12:19:36Z</time></trkpt><trkpt lat="46.565558" lon="12.166523"><ele>2010.014</ele><time>2014-09-28T12:19:40Z</time></trkpt><trkpt lat="46.565570" lon="12.166525"><ele>2011.408</ele><time>2014-09-28T12:19:42Z</time></trkpt><trkpt lat="46.565579" lon="12.166529"><ele>2012.618</ele><time>2014-09-28T12:19:47Z</time></trkpt><trkpt lat="46.565580" lon="12.166525"><ele>2012.560</ele><time>2014-09-28T12:19:48Z</time></trkpt><trkpt lat="46.565583" lon="12.166511"><ele>2012.134</ele><time>2014-09-28T12:19:54Z</time></trkpt><trkpt lat="46.565578" lon="12.166502"><ele>2011.199</ele><time>2014-09-28T12:20:03Z</time></trkpt><trkpt lat="46.565583" lon="12.166477"><ele>2010.487</ele><time>2014-09-28T12:20:08Z</time></trkpt><trkpt lat="46.565589" lon="12.166472"><ele>2010.874</ele><time>2014-09-28T12:20:15Z</time></trkpt><trkpt lat="46.565582" lon="12.166456"><ele>2009.248</ele><time>2014-09-28T12:20:23Z</time></trkpt><trkpt lat="46.565568" lon="12.166425"><ele>2006.241</ele><time>2014-09-28T12:20:37Z</time></trkpt><trkpt lat="46.565570" lon="12.166434"><ele>2006.871</ele><time>2014-09-28T12:20:58Z</time></trkpt><trkpt lat="46.565560" lon="12.166455"><ele>2006.841</ele><time>2014-09-28T12:21:03Z</time></trkpt><trkpt lat="46.565555" lon="12.166501"><ele>2008.615</ele><time>2014-09-28T12:21:06Z</time></trkpt><trkpt lat="46.565551" lon="12.166550"><ele>2010.808</ele><time>2014-09-28T12:21:10Z</time></trkpt><trkpt lat="46.565549" lon="12.166559"><ele>2011.138</ele><time>2014-09-28T12:21:11Z</time></trkpt><trkpt lat="46.565549" lon="12.166570"><ele>2011.650</ele><time>2014-09-28T12:21:13Z</time></trkpt><trkpt lat="46.565563" lon="12.166580"><ele>2013.434</ele><time>2014-09-28T12:21:16Z</time></trkpt><trkpt lat="46.565574" lon="12.166577"><ele>2014.519</ele><time>2014-09-28T12:21:17Z</time></trkpt><trkpt lat="46.565585" lon="12.166565"><ele>2015.157</ele><time>2014-09-28T12:21:20Z</time></trkpt><trkpt lat="46.565599" lon="12.166554"><ele>2016.054</ele><time>2014-09-28T12:21:23Z</time></trkpt><trkpt lat="46.565602" lon="12.166547"><ele>2016.048</ele><time>2014-09-28T12:21:24Z</time></trkpt><trkpt lat="46.565620" lon="12.166517"><ele>2016.461</ele><time>2014-09-28T12:21:28Z</time></trkpt><trkpt lat="46.565627" lon="12.166501"><ele>2016.473</ele><time>2014-09-28T12:21:30Z</time></trkpt><trkpt lat="46.565641" lon="12.166471"><ele>2016.485</ele><time>2014-09-28T12:21:34Z</time></trkpt><trkpt lat="46.565650" lon="12.166436"><ele>2015.613</ele><time>2014-09-28T12:21:36Z</time></trkpt><trkpt lat="46.565669" lon="12.166400"><ele>2015.808</ele><time>2014-09-28T12:21:40Z</time></trkpt><trkpt lat="46.565683" lon="12.166358"><ele>2016.248</ele><time>2014-09-28T12:21:44Z</time></trkpt><trkpt lat="46.565686" lon="12.166347"><ele>2016.340</ele><time>2014-09-28T12:21:46Z</time></trkpt><trkpt lat="46.565690" lon="12.166341"><ele>2016.784</ele><time>2014-09-28T12:21:48Z</time></trkpt><trkpt lat="46.565706" lon="12.166326"><ele>2018.169</ele><time>2014-09-28T12:21:52Z</time></trkpt><trkpt lat="46.565707" lon="12.166304"><ele>2017.817</ele><time>2014-09-28T12:21:59Z</time></trkpt><trkpt lat="46.565701" lon="12.166290"><ele>2016.944</ele><time>2014-09-28T12:22:01Z</time></trkpt><trkpt lat="46.565703" lon="12.166290"><ele>2017.118</ele><time>2014-09-28T12:22:07Z</time></trkpt><trkpt lat="46.565704" lon="12.166272"><ele>2016.951</ele><time>2014-09-28T12:22:12Z</time></trkpt><trkpt lat="46.565692" lon="12.166243"><ele>2015.144</ele><time>2014-09-28T12:22:17Z</time></trkpt><trkpt lat="46.565687" lon="12.166204"><ele>2013.905</ele><time>2014-09-28T12:22:22Z</time></trkpt><trkpt lat="46.565688" lon="12.166168"><ele>2013.415</ele><time>2014-09-28T12:22:26Z</time></trkpt><trkpt lat="46.565689" lon="12.166150"><ele>2013.108</ele><time>2014-09-28T12:22:28Z</time></trkpt><trkpt lat="46.565690" lon="12.166137"><ele>2013.055</ele><time>2014-09-28T12:22:30Z</time></trkpt><trkpt lat="46.565690" lon="12.166113"><ele>2012.697</ele><time>2014-09-28T12:22:35Z</time></trkpt><trkpt lat="46.565686" lon="12.166083"><ele>2012.521</ele><time>2014-09-28T12:22:40Z</time></trkpt><trkpt lat="46.565695" lon="12.166086"><ele>2013.436</ele><time>2014-09-28T12:22:41Z</time></trkpt><trkpt lat="46.565710" lon="12.166092"><ele>2014.834</ele><time>2014-09-28T12:22:46Z</time></trkpt><trkpt lat="46.565728" lon="12.166128"><ele>2016.761</ele><time>2014-09-28T12:22:51Z</time></trkpt><trkpt lat="46.565725" lon="12.166129"><ele>2016.445</ele><time>2014-09-28T12:22:53Z</time></trkpt><trkpt lat="46.565747" lon="12.166155"><ele>2019.178</ele><time>2014-09-28T12:22:57Z</time></trkpt><trkpt lat="46.565762" lon="12.166149"><ele>2020.672</ele><time>2014-09-28T12:23:02Z</time></trkpt><trkpt lat="46.565759" lon="12.166140"><ele>2020.113</ele><time>2014-09-28T12:23:03Z</time></trkpt><trkpt lat="46.565765" lon="12.166123"><ele>2020.314</ele><time>2014-09-28T12:23:05Z</time></trkpt><trkpt lat="46.565759" lon="12.166124"><ele>2019.808</ele><time>2014-09-28T12:23:07Z</time></trkpt><trkpt lat="46.565765" lon="12.166094"><ele>2020.378</ele><time>2014-09-28T12:23:10Z</time></trkpt><trkpt lat="46.565785" lon="12.166100"><ele>2022.340</ele><time>2014-09-28T12:23:14Z</time></trkpt><trkpt lat="46.565785" lon="12.166105"><ele>2022.284</ele><time>2014-09-28T12:23:16Z</time></trkpt><trkpt lat="46.565793" lon="12.166110"><ele>2023.069</ele><time>2014-09-28T12:23:19Z</time></trkpt><trkpt lat="46.565812" lon="12.166132"><ele>2025.327</ele><time>2014-09-28T12:23:21Z</time></trkpt><trkpt lat="46.565821" lon="12.166143"><ele>2026.464</ele><time>2014-09-28T12:23:24Z</time></trkpt><trkpt lat="46.565838" lon="12.166171"><ele>2028.778</ele><time>2014-09-28T12:23:29Z</time></trkpt><trkpt lat="46.565851" lon="12.166192"><ele>2030.471</ele><time>2014-09-28T12:23:32Z</time></trkpt><trkpt lat="46.565853" lon="12.166198"><ele>2030.747</ele><time>2014-09-28T12:23:34Z</time></trkpt><trkpt lat="46.565856" lon="12.166210"><ele>2031.229</ele><time>2014-09-28T12:23:35Z</time></trkpt><trkpt lat="46.565867" lon="12.166235"><ele>2032.821</ele><time>2014-09-28T12:23:40Z</time></trkpt><trkpt lat="46.565889" lon="12.166272"><ele>2035.608</ele><time>2014-09-28T12:23:45Z</time></trkpt><trkpt lat="46.565885" lon="12.166303"><ele>2035.915</ele><time>2014-09-28T12:23:49Z</time></trkpt><trkpt lat="46.565880" lon="12.166353"><ele>2036.487</ele><time>2014-09-28T12:23:54Z</time></trkpt><trkpt lat="46.565876" lon="12.166371"><ele>2036.571</ele><time>2014-09-28T12:23:56Z</time></trkpt><trkpt lat="46.565885" lon="12.166375"><ele>2037.496</ele><time>2014-09-28T12:23:59Z</time></trkpt><trkpt lat="46.565885" lon="12.166373"><ele>2037.314</ele><time>2014-09-28T12:24:00Z</time></trkpt><trkpt lat="46.565903" lon="12.166352"><ele>2038.551</ele><time>2014-09-28T12:24:03Z</time></trkpt><trkpt lat="46.565898" lon="12.166358"><ele>2038.275</ele><time>2014-09-28T12:24:05Z</time></trkpt><trkpt lat="46.565935" lon="12.166285"><ele>2040.098</ele><time>2014-09-28T12:24:10Z</time></trkpt><trkpt lat="46.565936" lon="12.166286"><ele>2040.281</ele><time>2014-09-28T12:24:11Z</time></trkpt><trkpt lat="46.565932" lon="12.166295"><ele>2040.061</ele><time>2014-09-28T12:24:12Z</time></trkpt><trkpt lat="46.565939" lon="12.166284"><ele>2040.417</ele><time>2014-09-28T12:24:15Z</time></trkpt><trkpt lat="46.565947" lon="12.166304"><ele>2041.508</ele><time>2014-09-28T12:24:19Z</time></trkpt><trkpt lat="46.565949" lon="12.166310"><ele>2041.859</ele><time>2014-09-28T12:24:20Z</time></trkpt><trkpt lat="46.565950" lon="12.166319"><ele>2042.161</ele><time>2014-09-28T12:24:22Z</time></trkpt><trkpt lat="46.565959" lon="12.166350"><ele>2043.515</ele><time>2014-09-28T12:24:26Z</time></trkpt><trkpt lat="46.565960" lon="12.166386"><ele>2044.320</ele><time>2014-09-28T12:24:31Z</time></trkpt><trkpt lat="46.565971" lon="12.166378"><ele>2045.248</ele><time>2014-09-28T12:24:35Z</time></trkpt><trkpt lat="46.565971" lon="12.166385"><ele>2045.375</ele><time>2014-09-28T12:24:36Z</time></trkpt><trkpt lat="46.565971" lon="12.166400"><ele>2045.939</ele><time>2014-09-28T12:24:39Z</time></trkpt><trkpt lat="46.565977" lon="12.166415"><ele>2047.262</ele><time>2014-09-28T12:24:43Z</time></trkpt><trkpt lat="46.565970" lon="12.166413"><ele>2046.595</ele><time>2014-09-28T12:24:45Z</time></trkpt><trkpt lat="46.566001" lon="12.166385"><ele>2048.049</ele><time>2014-09-28T12:24:50Z</time></trkpt><trkpt lat="46.566016" lon="12.166341"><ele>2048.523</ele><time>2014-09-28T12:24:55Z</time></trkpt><trkpt lat="46.566019" lon="12.166338"><ele>2048.708</ele><time>2014-09-28T12:24:56Z</time></trkpt><trkpt lat="46.566026" lon="12.166321"><ele>2049.090</ele><time>2014-09-28T12:25:04Z</time></trkpt><trkpt lat="46.566032" lon="12.166324"><ele>2049.622</ele><time>2014-09-28T12:25:13Z</time></trkpt><trkpt lat="46.566047" lon="12.166342"><ele>2051.336</ele><time>2014-09-28T12:25:26Z</time></trkpt><trkpt lat="46.566042" lon="12.166357"><ele>2051.241</ele><time>2014-09-28T12:25:27Z</time></trkpt><trkpt lat="46.566068" lon="12.166343"><ele>2053.319</ele><time>2014-09-28T12:25:33Z</time></trkpt><trkpt lat="46.566090" lon="12.166308"><ele>2054.666</ele><time>2014-09-28T12:25:37Z</time></trkpt><trkpt lat="46.566086" lon="12.166310"><ele>2054.340</ele><time>2014-09-28T12:25:39Z</time></trkpt><trkpt lat="46.566087" lon="12.166313"><ele>2054.483</ele><time>2014-09-28T12:25:49Z</time></trkpt><trkpt lat="46.566082" lon="12.166315"><ele>2054.027</ele><time>2014-09-28T12:25:53Z</time></trkpt><trkpt lat="46.566078" lon="12.166317"><ele>2053.768</ele><time>2014-09-28T12:25:58Z</time></trkpt><trkpt lat="46.566095" lon="12.166301"><ele>2055.014</ele><time>2014-09-28T12:26:04Z</time></trkpt><trkpt lat="46.566122" lon="12.166267"><ele>2056.208</ele><time>2014-09-28T12:26:11Z</time></trkpt><trkpt lat="46.566126" lon="12.166251"><ele>2056.143</ele><time>2014-09-28T12:26:12Z</time></trkpt><trkpt lat="46.566135" lon="12.166219"><ele>2055.975</ele><time>2014-09-28T12:26:16Z</time></trkpt><trkpt lat="46.566134" lon="12.166225"><ele>2055.999</ele><time>2014-09-28T12:26:17Z</time></trkpt><trkpt lat="46.566141" lon="12.166205"><ele>2055.934</ele><time>2014-09-28T12:26:18Z</time></trkpt><trkpt lat="46.566143" lon="12.166191"><ele>2055.772</ele><time>2014-09-28T12:26:24Z</time></trkpt><trkpt lat="46.566144" lon="12.166145"><ele>2055.059</ele><time>2014-09-28T12:26:28Z</time></trkpt><trkpt lat="46.566146" lon="12.166125"><ele>2054.713</ele><time>2014-09-28T12:26:30Z</time></trkpt><trkpt lat="46.566155" lon="12.166115"><ele>2055.056</ele><time>2014-09-28T12:26:32Z</time></trkpt><trkpt lat="46.566158" lon="12.166121"><ele>2055.296</ele><time>2014-09-28T12:26:35Z</time></trkpt><trkpt lat="46.566162" lon="12.166120"><ele>2055.331</ele><time>2014-09-28T12:26:36Z</time></trkpt><trkpt lat="46.566168" lon="12.166118"><ele>2055.624</ele><time>2014-09-28T12:26:37Z</time></trkpt><trkpt lat="46.566173" lon="12.166106"><ele>2055.708</ele><time>2014-09-28T12:26:44Z</time></trkpt><trkpt lat="46.566175" lon="12.166097"><ele>2055.870</ele><time>2014-09-28T12:26:57Z</time></trkpt><trkpt lat="46.566185" lon="12.166083"><ele>2056.342</ele><time>2014-09-28T12:27:06Z</time></trkpt><trkpt lat="46.566178" lon="12.166090"><ele>2056.026</ele><time>2014-09-28T12:27:11Z</time></trkpt><trkpt lat="46.566180" lon="12.166088"><ele>2056.041</ele><time>2014-09-28T12:27:12Z</time></trkpt><trkpt lat="46.566181" lon="12.166087"><ele>2056.129</ele><time>2014-09-28T12:27:14Z</time></trkpt><trkpt lat="46.566185" lon="12.166084"><ele>2056.346</ele><time>2014-09-28T12:27:21Z</time></trkpt><trkpt lat="46.566171" lon="12.166107"><ele>2055.670</ele><time>2014-09-28T12:27:32Z</time></trkpt><trkpt lat="46.566169" lon="12.166105"><ele>2055.513</ele><time>2014-09-28T12:27:33Z</time></trkpt><trkpt lat="46.566167" lon="12.166105"><ele>2055.459</ele><time>2014-09-28T12:27:38Z</time></trkpt><trkpt lat="46.566176" lon="12.166105"><ele>2055.803</ele><time>2014-09-28T12:27:42Z</time></trkpt><trkpt lat="46.566190" lon="12.166099"><ele>2056.423</ele><time>2014-09-28T12:27:44Z</time></trkpt><trkpt lat="46.566191" lon="12.166089"><ele>2056.508</ele><time>2014-09-28T12:27:46Z</time></trkpt><trkpt lat="46.566200" lon="12.166098"><ele>2056.986</ele><time>2014-09-28T12:27:51Z</time></trkpt><trkpt lat="46.566197" lon="12.166115"><ele>2056.888</ele><time>2014-09-28T12:27:55Z</time></trkpt><trkpt lat="46.566202" lon="12.166115"><ele>2057.042</ele><time>2014-09-28T12:27:58Z</time></trkpt><trkpt lat="46.566218" lon="12.166103"><ele>2057.617</ele><time>2014-09-28T12:28:01Z</time></trkpt><trkpt lat="46.566224" lon="12.166095"><ele>2057.955</ele><time>2014-09-28T12:28:02Z</time></trkpt><trkpt lat="46.566227" lon="12.166093"><ele>2058.062</ele><time>2014-09-28T12:28:04Z</time></trkpt><trkpt lat="46.566243" lon="12.166086"><ele>2058.726</ele><time>2014-09-28T12:28:08Z</time></trkpt><trkpt lat="46.566254" lon="12.166053"><ele>2059.169</ele><time>2014-09-28T12:28:10Z</time></trkpt><trkpt lat="46.566269" lon="12.166051"><ele>2059.679</ele><time>2014-09-28T12:28:13Z</time></trkpt><trkpt lat="46.566277" lon="12.166067"><ele>2060.005</ele><time>2014-09-28T12:28:15Z</time></trkpt><trkpt lat="46.566280" lon="12.166074"><ele>2060.225</ele><time>2014-09-28T12:28:16Z</time></trkpt><trkpt lat="46.566284" lon="12.166079"><ele>2060.308</ele><time>2014-09-28T12:28:17Z</time></trkpt><trkpt lat="46.566282" lon="12.166076"><ele>2060.248</ele><time>2014-09-28T12:28:19Z</time></trkpt><trkpt lat="46.566302" lon="12.166081"><ele>2061.140</ele><time>2014-09-28T12:28:21Z</time></trkpt><trkpt lat="46.566306" lon="12.166076"><ele>2061.284</ele><time>2014-09-28T12:28:23Z</time></trkpt><trkpt lat="46.566309" lon="12.166068"><ele>2061.359</ele><time>2014-09-28T12:28:29Z</time></trkpt><trkpt lat="46.566316" lon="12.166065"><ele>2061.627</ele><time>2014-09-28T12:28:37Z</time></trkpt><trkpt lat="46.566322" lon="12.166068"><ele>2061.884</ele><time>2014-09-28T12:28:50Z</time></trkpt><trkpt lat="46.566340" lon="12.166063"><ele>2062.518</ele><time>2014-09-28T12:28:57Z</time></trkpt><trkpt lat="46.566367" lon="12.166075"><ele>2063.761</ele><time>2014-09-28T12:29:05Z</time></trkpt><trkpt lat="46.566372" lon="12.166085"><ele>2064.058</ele><time>2014-09-28T12:29:10Z</time></trkpt><trkpt lat="46.566375" lon="12.166083"><ele>2064.152</ele><time>2014-09-28T12:29:16Z</time></trkpt><trkpt lat="46.566377" lon="12.166083"><ele>2064.217</ele><time>2014-09-28T12:29:22Z</time></trkpt><trkpt lat="46.566378" lon="12.166083"><ele>2064.208</ele><time>2014-09-28T12:29:25Z</time></trkpt><trkpt lat="46.566397" lon="12.166086"><ele>2064.866</ele><time>2014-09-28T12:29:31Z</time></trkpt><trkpt lat="46.566388" lon="12.166078"><ele>2064.638</ele><time>2014-09-28T12:29:40Z</time></trkpt><trkpt lat="46.566423" lon="12.166092"><ele>2064.962</ele><time>2014-09-28T12:29:48Z</time></trkpt><trkpt lat="46.566424" lon="12.166107"><ele>2065.147</ele><time>2014-09-28T12:29:54Z</time></trkpt><trkpt lat="46.566424" lon="12.166108"><ele>2065.115</ele><time>2014-09-28T12:30:01Z</time></trkpt><trkpt lat="46.566424" lon="12.166152"><ele>2065.552</ele><time>2014-09-28T12:30:09Z</time></trkpt><trkpt lat="46.566416" lon="12.166147"><ele>2065.466</ele><time>2014-09-28T12:30:14Z</time></trkpt><trkpt lat="46.566422" lon="12.166140"><ele>2065.489</ele><time>2014-09-28T12:30:19Z</time></trkpt><trkpt lat="46.566410" lon="12.166110"><ele>2065.192</ele><time>2014-09-28T12:30:26Z</time></trkpt><trkpt lat="46.566407" lon="12.166072"><ele>2064.673</ele><time>2014-09-28T12:30:31Z</time></trkpt><trkpt lat="46.566387" lon="12.166043"><ele>2064.220</ele><time>2014-09-28T12:30:38Z</time></trkpt><trkpt lat="46.566360" lon="12.166013"><ele>2062.908</ele><time>2014-09-28T12:30:45Z</time></trkpt><trkpt lat="46.566361" lon="12.166023"><ele>2063.040</ele><time>2014-09-28T12:30:46Z</time></trkpt><trkpt lat="46.566362" lon="12.165995"><ele>2062.852</ele><time>2014-09-28T12:30:53Z</time></trkpt><trkpt lat="46.566369" lon="12.165975"><ele>2062.816</ele><time>2014-09-28T12:30:57Z</time></trkpt><trkpt lat="46.566359" lon="12.165980"><ele>2062.571</ele><time>2014-09-28T12:30:58Z</time></trkpt><trkpt lat="46.566356" lon="12.165975"><ele>2062.459</ele><time>2014-09-28T12:31:07Z</time></trkpt><trkpt lat="46.566319" lon="12.165902"><ele>2060.786</ele><time>2014-09-28T12:31:14Z</time></trkpt><trkpt lat="46.566293" lon="12.165893"><ele>2059.930</ele><time>2014-09-28T12:31:17Z</time></trkpt><trkpt lat="46.566280" lon="12.165894"><ele>2059.593</ele><time>2014-09-28T12:31:19Z</time></trkpt><trkpt lat="46.566271" lon="12.165901"><ele>2059.284</ele><time>2014-09-28T12:31:20Z</time></trkpt><trkpt lat="46.566245" lon="12.165936"><ele>2058.507</ele><time>2014-09-28T12:31:24Z</time></trkpt><trkpt lat="46.566243" lon="12.165935"><ele>2058.517</ele><time>2014-09-28T12:31:25Z</time></trkpt><trkpt lat="46.566243" lon="12.165941"><ele>2058.508</ele><time>2014-09-28T12:31:32Z</time></trkpt><trkpt lat="46.566249" lon="12.165948"><ele>2058.779</ele><time>2014-09-28T12:31:42Z</time></trkpt><trkpt lat="46.566257" lon="12.165947"><ele>2058.921</ele><time>2014-09-28T12:31:44Z</time></trkpt><trkpt lat="46.566271" lon="12.165935"><ele>2059.465</ele><time>2014-09-28T12:31:54Z</time></trkpt><trkpt lat="46.566268" lon="12.165939"><ele>2059.330</ele><time>2014-09-28T12:32:03Z</time></trkpt><trkpt lat="46.566277" lon="12.165925"><ele>2059.538</ele><time>2014-09-28T12:32:13Z</time></trkpt><trkpt lat="46.566273" lon="12.165921"><ele>2059.465</ele><time>2014-09-28T12:32:18Z</time></trkpt><trkpt lat="46.566266" lon="12.165925"><ele>2059.299</ele><time>2014-09-28T12:32:24Z</time></trkpt><trkpt lat="46.566265" lon="12.165924"><ele>2059.172</ele><time>2014-09-28T12:32:31Z</time></trkpt><trkpt lat="46.566261" lon="12.165927"><ele>2059.056</ele><time>2014-09-28T12:32:50Z</time></trkpt><trkpt lat="46.566259" lon="12.165924"><ele>2058.959</ele><time>2014-09-28T12:32:57Z</time></trkpt><trkpt lat="46.566256" lon="12.165930"><ele>2058.914</ele><time>2014-09-28T12:33:09Z</time></trkpt><trkpt lat="46.566256" lon="12.165934"><ele>2058.908</ele><time>2014-09-28T12:33:13Z</time></trkpt><trkpt lat="46.566261" lon="12.165935"><ele>2059.066</ele><time>2014-09-28T12:33:16Z</time></trkpt><trkpt lat="46.566263" lon="12.165936"><ele>2059.198</ele><time>2014-09-28T12:33:33Z</time></trkpt><trkpt lat="46.566322" lon="12.165946"><ele>2061.032</ele><time>2014-09-28T12:33:51Z</time></trkpt><trkpt lat="46.566307" lon="12.165946"><ele>2060.627</ele><time>2014-09-28T12:34:04Z</time></trkpt><trkpt lat="46.566302" lon="12.165936"><ele>2060.325</ele><time>2014-09-28T12:34:22Z</time></trkpt><trkpt lat="46.566302" lon="12.165936"><ele>2060.312</ele><time>2014-09-28T12:34:34Z</time></trkpt><trkpt lat="46.566296" lon="12.165931"><ele>2060.156</ele><time>2014-09-28T12:34:45Z</time></trkpt><trkpt lat="46.566294" lon="12.165930"><ele>2060.129</ele><time>2014-09-28T12:34:51Z</time></trkpt><trkpt lat="46.566291" lon="12.165927"><ele>2060.058</ele><time>2014-09-28T12:34:53Z</time></trkpt><trkpt lat="46.566285" lon="12.165927"><ele>2059.852</ele><time>2014-09-28T12:35:01Z</time></trkpt><trkpt lat="46.566285" lon="12.165926"><ele>2059.817</ele><time>2014-09-28T12:35:09Z</time></trkpt><trkpt lat="46.566281" lon="12.165921"><ele>2059.608</ele><time>2014-09-28T12:35:14Z</time></trkpt><trkpt lat="46.566277" lon="12.165911"><ele>2059.576</ele><time>2014-09-28T12:35:24Z</time></trkpt><trkpt lat="46.566272" lon="12.165907"><ele>2059.318</ele><time>2014-09-28T12:35:31Z</time></trkpt><trkpt lat="46.566270" lon="12.165908"><ele>2059.222</ele><time>2014-09-28T12:35:39Z</time></trkpt><trkpt lat="46.566274" lon="12.165901"><ele>2059.397</ele><time>2014-09-28T12:35:50Z</time></trkpt><trkpt lat="46.566283" lon="12.165893"><ele>2059.645</ele><time>2014-09-28T12:35:55Z</time></trkpt><trkpt lat="46.566279" lon="12.165892"><ele>2059.472</ele><time>2014-09-28T12:36:04Z</time></trkpt><trkpt lat="46.566278" lon="12.165894"><ele>2059.446</ele><time>2014-09-28T12:36:21Z</time></trkpt><trkpt lat="46.566279" lon="12.165905"><ele>2059.579</ele><time>2014-09-28T12:36:37Z</time></trkpt><trkpt lat="46.566286" lon="12.165897"><ele>2059.783</ele><time>2014-09-28T12:36:46Z</time></trkpt><trkpt lat="46.566296" lon="12.165882"><ele>2059.925</ele><time>2014-09-28T12:36:54Z</time></trkpt><trkpt lat="46.566337" lon="12.165894"><ele>2061.117</ele><time>2014-09-28T12:37:00Z</time></trkpt><trkpt lat="46.566385" lon="12.165942"><ele>2063.008</ele><time>2014-09-28T12:37:05Z</time></trkpt><trkpt lat="46.566395" lon="12.166008"><ele>2063.959</ele><time>2014-09-28T12:37:10Z</time></trkpt><trkpt lat="46.566389" lon="12.166016"><ele>2064.071</ele><time>2014-09-28T12:37:11Z</time></trkpt><trkpt lat="46.566394" lon="12.166032"><ele>2064.255</ele><time>2014-09-28T12:37:13Z</time></trkpt><trkpt lat="46.566408" lon="12.166056"><ele>2064.520</ele><time>2014-09-28T12:37:15Z</time></trkpt><trkpt lat="46.566415" lon="12.166108"><ele>2065.158</ele><time>2014-09-28T12:37:19Z</time></trkpt><trkpt lat="46.566405" lon="12.166185"><ele>2065.635</ele><time>2014-09-28T12:37:24Z</time></trkpt><trkpt lat="46.566374" lon="12.166262"><ele>2065.529</ele><time>2014-09-28T12:37:30Z</time></trkpt><trkpt lat="46.566344" lon="12.166348"><ele>2065.212</ele><time>2014-09-28T12:37:36Z</time></trkpt><trkpt lat="46.566311" lon="12.166449"><ele>2066.494</ele><time>2014-09-28T12:37:43Z</time></trkpt><trkpt lat="46.566294" lon="12.166511"><ele>2067.957</ele><time>2014-09-28T12:37:48Z</time></trkpt><trkpt lat="46.566291" lon="12.166524"><ele>2068.322</ele><time>2014-09-28T12:37:49Z</time></trkpt><trkpt lat="46.566284" lon="12.166579"><ele>2069.908</ele><time>2014-09-28T12:37:54Z</time></trkpt><trkpt lat="46.566280" lon="12.166590"><ele>2070.290</ele><time>2014-09-28T12:37:55Z</time></trkpt><trkpt lat="46.566270" lon="12.166612"><ele>2070.842</ele><time>2014-09-28T12:38:01Z</time></trkpt><trkpt lat="46.566265" lon="12.166665"><ele>2072.636</ele><time>2014-09-28T12:38:07Z</time></trkpt><trkpt lat="46.566273" lon="12.166677"><ele>2073.011</ele><time>2014-09-28T12:38:12Z</time></trkpt><trkpt lat="46.566272" lon="12.166663"><ele>2072.619</ele><time>2014-09-28T12:38:13Z</time></trkpt><trkpt lat="46.566276" lon="12.166667"><ele>2072.836</ele><time>2014-09-28T12:38:17Z</time></trkpt><trkpt lat="46.566264" lon="12.166707"><ele>2073.690</ele><time>2014-09-28T12:38:22Z</time></trkpt><trkpt lat="46.566249" lon="12.166725"><ele>2073.953</ele><time>2014-09-28T12:38:26Z</time></trkpt><trkpt lat="46.566252" lon="12.166721"><ele>2073.853</ele><time>2014-09-28T12:38:28Z</time></trkpt><trkpt lat="46.566240" lon="12.166729"><ele>2073.904</ele><time>2014-09-28T12:38:35Z</time></trkpt><trkpt lat="46.566240" lon="12.166739"><ele>2074.114</ele><time>2014-09-28T12:38:47Z</time></trkpt><trkpt lat="46.566241" lon="12.166740"><ele>2074.208</ele><time>2014-09-28T12:38:54Z</time></trkpt><trkpt lat="46.566241" lon="12.166739"><ele>2074.146</ele><time>2014-09-28T12:39:01Z</time></trkpt><trkpt lat="46.566241" lon="12.166733"><ele>2074.078</ele><time>2014-09-28T12:39:24Z</time></trkpt><trkpt lat="46.566240" lon="12.166732"><ele>2074.032</ele><time>2014-09-28T12:39:32Z</time></trkpt><trkpt lat="46.566240" lon="12.166734"><ele>2074.077</ele><time>2014-09-28T12:39:42Z</time></trkpt><trkpt lat="46.566237" lon="12.166738"><ele>2074.165</ele><time>2014-09-28T12:39:54Z</time></trkpt><trkpt lat="46.566239" lon="12.166737"><ele>2074.152</ele><time>2014-09-28T12:40:02Z</time></trkpt><trkpt lat="46.566241" lon="12.166741"><ele>2074.226</ele><time>2014-09-28T12:40:21Z</time></trkpt><trkpt lat="46.566241" lon="12.166738"><ele>2074.149</ele><time>2014-09-28T12:40:32Z</time></trkpt><trkpt lat="46.566240" lon="12.166742"><ele>2074.248</ele><time>2014-09-28T12:40:52Z</time></trkpt><trkpt lat="46.566240" lon="12.166742"><ele>2074.261</ele><time>2014-09-28T12:41:03Z</time></trkpt><trkpt lat="46.566240" lon="12.166741"><ele>2074.217</ele><time>2014-09-28T12:41:14Z</time></trkpt><trkpt lat="46.566238" lon="12.166744"><ele>2074.208</ele><time>2014-09-28T12:41:28Z</time></trkpt><trkpt lat="46.566238" lon="12.166749"><ele>2074.445</ele><time>2014-09-28T12:41:36Z</time></trkpt><trkpt lat="46.566240" lon="12.166745"><ele>2074.387</ele><time>2014-09-28T12:41:45Z</time></trkpt><trkpt lat="46.566235" lon="12.166744"><ele>2074.291</ele><time>2014-09-28T12:42:04Z</time></trkpt><trkpt lat="46.566237" lon="12.166736"><ele>2074.086</ele><time>2014-09-28T12:42:22Z</time></trkpt><trkpt lat="46.566237" lon="12.166733"><ele>2074.094</ele><time>2014-09-28T12:42:38Z</time></trkpt><trkpt lat="46.566235" lon="12.166732"><ele>2073.911</ele><time>2014-09-28T12:42:53Z</time></trkpt><trkpt lat="46.566234" lon="12.166739"><ele>2074.195</ele><time>2014-09-28T12:43:06Z</time></trkpt><trkpt lat="46.566232" lon="12.166742"><ele>2074.218</ele><time>2014-09-28T12:43:23Z</time></trkpt><trkpt lat="46.566234" lon="12.166744"><ele>2074.296</ele><time>2014-09-28T12:43:36Z</time></trkpt><trkpt lat="46.566232" lon="12.166748"><ele>2074.331</ele><time>2014-09-28T12:43:45Z</time></trkpt><trkpt lat="46.566233" lon="12.166751"><ele>2074.424</ele><time>2014-09-28T12:43:53Z</time></trkpt><trkpt lat="46.566233" lon="12.166749"><ele>2074.308</ele><time>2014-09-28T12:44:09Z</time></trkpt><trkpt lat="46.566233" lon="12.166749"><ele>2074.330</ele><time>2014-09-28T12:44:13Z</time></trkpt><trkpt lat="46.566233" lon="12.166748"><ele>2074.332</ele><time>2014-09-28T12:44:24Z</time></trkpt><trkpt lat="46.566233" lon="12.166743"><ele>2074.236</ele><time>2014-09-28T12:44:31Z</time></trkpt><trkpt lat="46.566230" lon="12.166746"><ele>2074.221</ele><time>2014-09-28T12:44:47Z</time></trkpt><trkpt lat="46.566232" lon="12.166748"><ele>2074.389</ele><time>2014-09-28T12:44:52Z</time></trkpt><trkpt lat="46.566235" lon="12.166745"><ele>2074.276</ele><time>2014-09-28T12:45:06Z</time></trkpt><trkpt lat="46.566234" lon="12.166745"><ele>2074.240</ele><time>2014-09-28T12:45:14Z</time></trkpt><trkpt lat="46.566235" lon="12.166743"><ele>2074.293</ele><time>2014-09-28T12:45:36Z</time></trkpt><trkpt lat="46.566234" lon="12.166745"><ele>2074.299</ele><time>2014-09-28T12:46:05Z</time></trkpt><trkpt lat="46.566234" lon="12.166748"><ele>2074.307</ele><time>2014-09-28T12:46:12Z</time></trkpt><trkpt lat="46.566235" lon="12.166749"><ele>2074.327</ele><time>2014-09-28T12:46:30Z</time></trkpt><trkpt lat="46.566237" lon="12.166751"><ele>2074.408</ele><time>2014-09-28T12:46:48Z</time></trkpt><trkpt lat="46.566237" lon="12.166749"><ele>2074.490</ele><time>2014-09-28T12:46:56Z</time></trkpt><trkpt lat="46.566238" lon="12.166748"><ele>2074.382</ele><time>2014-09-28T12:47:09Z</time></trkpt><trkpt lat="46.566239" lon="12.166747"><ele>2074.316</ele><time>2014-09-28T12:47:16Z</time></trkpt><trkpt lat="46.566239" lon="12.166749"><ele>2074.481</ele><time>2014-09-28T12:47:28Z</time></trkpt><trkpt lat="46.566241" lon="12.166744"><ele>2074.339</ele><time>2014-09-28T12:47:39Z</time></trkpt><trkpt lat="46.566238" lon="12.166745"><ele>2074.356</ele><time>2014-09-28T12:47:47Z</time></trkpt><trkpt lat="46.566238" lon="12.166740"><ele>2074.140</ele><time>2014-09-28T12:47:56Z</time></trkpt><trkpt lat="46.566243" lon="12.166743"><ele>2074.283</ele><time>2014-09-28T12:48:07Z</time></trkpt><trkpt lat="46.566242" lon="12.166744"><ele>2074.376</ele><time>2014-09-28T12:48:15Z</time></trkpt><trkpt lat="46.566231" lon="12.166757"><ele>2074.590</ele><time>2014-09-28T12:48:21Z</time></trkpt><trkpt lat="46.566211" lon="12.166712"><ele>2073.319</ele><time>2014-09-28T12:48:25Z</time></trkpt><trkpt lat="46.566193" lon="12.166704"><ele>2072.908</ele><time>2014-09-28T12:48:31Z</time></trkpt><trkpt lat="46.566172" lon="12.166686"><ele>2072.218</ele><time>2014-09-28T12:48:36Z</time></trkpt><trkpt lat="46.566172" lon="12.166673"><ele>2071.820</ele><time>2014-09-28T12:48:48Z</time></trkpt><trkpt lat="46.566199" lon="12.166686"><ele>2072.564</ele><time>2014-09-28T12:48:54Z</time></trkpt><trkpt lat="46.566195" lon="12.166692"><ele>2072.629</ele><time>2014-09-28T12:49:00Z</time></trkpt><trkpt lat="46.566196" lon="12.166697"><ele>2072.727</ele><time>2014-09-28T12:49:11Z</time></trkpt><trkpt lat="46.566194" lon="12.166698"><ele>2072.764</ele><time>2014-09-28T12:49:22Z</time></trkpt><trkpt lat="46.566192" lon="12.166700"><ele>2072.888</ele><time>2014-09-28T12:49:32Z</time></trkpt><trkpt lat="46.566188" lon="12.166704"><ele>2072.981</ele><time>2014-09-28T12:49:38Z</time></trkpt><trkpt lat="46.566190" lon="12.166700"><ele>2072.872</ele><time>2014-09-28T12:49:45Z</time></trkpt><trkpt lat="46.566193" lon="12.166696"><ele>2072.713</ele><time>2014-09-28T12:50:08Z</time></trkpt><trkpt lat="46.566194" lon="12.166707"><ele>2073.014</ele><time>2014-09-28T12:50:19Z</time></trkpt><trkpt lat="46.566189" lon="12.166704"><ele>2072.908</ele><time>2014-09-28T12:50:33Z</time></trkpt><trkpt lat="46.566189" lon="12.166699"><ele>2072.728</ele><time>2014-09-28T12:50:38Z</time></trkpt><trkpt lat="46.566187" lon="12.166706"><ele>2072.930</ele><time>2014-09-28T12:50:47Z</time></trkpt><trkpt lat="46.566196" lon="12.166738"><ele>2073.814</ele><time>2014-09-28T12:50:53Z</time></trkpt><trkpt lat="46.566235" lon="12.166762"><ele>2074.719</ele><time>2014-09-28T12:50:58Z</time></trkpt><trkpt lat="46.566223" lon="12.166828"><ele>2076.337</ele><time>2014-09-28T12:51:02Z</time></trkpt><trkpt lat="46.566221" lon="12.166893"><ele>2077.994</ele><time>2014-09-28T12:51:08Z</time></trkpt><trkpt lat="46.566225" lon="12.166967"><ele>2079.178</ele><time>2014-09-28T12:51:14Z</time></trkpt><trkpt lat="46.566240" lon="12.167017"><ele>2078.741</ele><time>2014-09-28T12:51:20Z</time></trkpt><trkpt lat="46.566238" lon="12.167029"><ele>2078.718</ele><time>2014-09-28T12:51:21Z</time></trkpt><trkpt lat="46.566239" lon="12.167061"><ele>2078.598</ele><time>2014-09-28T12:51:25Z</time></trkpt><trkpt lat="46.566241" lon="12.167070"><ele>2078.417</ele><time>2014-09-28T12:51:26Z</time></trkpt><trkpt lat="46.566242" lon="12.167114"><ele>2078.208</ele><time>2014-09-28T12:51:32Z</time></trkpt><trkpt lat="46.566238" lon="12.167111"><ele>2078.392</ele><time>2014-09-28T12:51:33Z</time></trkpt><trkpt lat="46.566223" lon="12.167132"><ele>2078.444</ele><time>2014-09-28T12:51:38Z</time></trkpt><trkpt lat="46.566219" lon="12.167160"><ele>2078.358</ele><time>2014-09-28T12:51:41Z</time></trkpt><trkpt lat="46.566222" lon="12.167167"><ele>2078.283</ele><time>2014-09-28T12:51:42Z</time></trkpt><trkpt lat="46.566225" lon="12.167202"><ele>2078.031</ele><time>2014-09-28T12:51:45Z</time></trkpt><trkpt lat="46.566203" lon="12.167271"><ele>2077.468</ele><time>2014-09-28T12:51:50Z</time></trkpt><trkpt lat="46.566199" lon="12.167283"><ele>2077.392</ele><time>2014-09-28T12:51:51Z</time></trkpt><trkpt lat="46.566186" lon="12.167333"><ele>2076.615</ele><time>2014-09-28T12:51:56Z</time></trkpt><trkpt lat="46.566184" lon="12.167343"><ele>2076.568</ele><time>2014-09-28T12:51:57Z</time></trkpt><trkpt lat="46.566159" lon="12.167386"><ele>2076.442</ele><time>2014-09-28T12:52:02Z</time></trkpt><trkpt lat="46.566138" lon="12.167407"><ele>2076.626</ele><time>2014-09-28T12:52:05Z</time></trkpt><trkpt lat="46.566117" lon="12.167453"><ele>2076.508</ele><time>2014-09-28T12:52:08Z</time></trkpt><trkpt lat="46.566101" lon="12.167504"><ele>2076.167</ele><time>2014-09-28T12:52:11Z</time></trkpt><trkpt lat="46.566083" lon="12.167546"><ele>2075.729</ele><time>2014-09-28T12:52:14Z</time></trkpt><trkpt lat="46.566079" lon="12.167560"><ele>2075.573</ele><time>2014-09-28T12:52:15Z</time></trkpt><trkpt lat="46.566047" lon="12.167618"><ele>2075.468</ele><time>2014-09-28T12:52:19Z</time></trkpt><trkpt lat="46.566036" lon="12.167638"><ele>2075.456</ele><time>2014-09-28T12:52:21Z</time></trkpt><trkpt lat="46.566022" lon="12.167671"><ele>2075.453</ele><time>2014-09-28T12:52:24Z</time></trkpt><trkpt lat="46.565989" lon="12.167726"><ele>2075.847</ele><time>2014-09-28T12:52:29Z</time></trkpt><trkpt lat="46.565959" lon="12.167796"><ele>2076.320</ele><time>2014-09-28T12:52:34Z</time></trkpt><trkpt lat="46.565953" lon="12.167809"><ele>2076.585</ele><time>2014-09-28T12:52:35Z</time></trkpt><trkpt lat="46.565945" lon="12.167821"><ele>2076.789</ele><time>2014-09-28T12:52:36Z</time></trkpt><trkpt lat="46.565942" lon="12.167890"><ele>2076.317</ele><time>2014-09-28T12:52:40Z</time></trkpt><trkpt lat="46.565929" lon="12.167956"><ele>2076.308</ele><time>2014-09-28T12:52:45Z</time></trkpt><trkpt lat="46.565927" lon="12.167983"><ele>2076.229</ele><time>2014-09-28T12:52:47Z</time></trkpt><trkpt lat="46.565921" lon="12.168007"><ele>2076.261</ele><time>2014-09-28T12:52:49Z</time></trkpt><trkpt lat="46.565921" lon="12.168034"><ele>2076.035</ele><time>2014-09-28T12:52:51Z</time></trkpt><trkpt lat="46.565927" lon="12.168068"><ele>2075.650</ele><time>2014-09-28T12:52:54Z</time></trkpt><trkpt lat="46.565923" lon="12.168144"><ele>2075.758</ele><time>2014-09-28T12:53:00Z</time></trkpt><trkpt lat="46.565920" lon="12.168180"><ele>2075.785</ele><time>2014-09-28T12:53:02Z</time></trkpt><trkpt lat="46.565905" lon="12.168223"><ele>2076.379</ele><time>2014-09-28T12:53:05Z</time></trkpt><trkpt lat="46.565899" lon="12.168242"><ele>2076.532</ele><time>2014-09-28T12:53:06Z</time></trkpt><trkpt lat="46.565890" lon="12.168342"><ele>2076.717</ele><time>2014-09-28T12:53:12Z</time></trkpt><trkpt lat="46.565889" lon="12.168363"><ele>2076.687</ele><time>2014-09-28T12:53:13Z</time></trkpt><trkpt lat="46.565875" lon="12.168420"><ele>2076.915</ele><time>2014-09-28T12:53:17Z</time></trkpt><trkpt lat="46.565871" lon="12.168444"><ele>2077.008</ele><time>2014-09-28T12:53:18Z</time></trkpt><trkpt lat="46.565860" lon="12.168492"><ele>2077.392</ele><time>2014-09-28T12:53:21Z</time></trkpt><trkpt lat="46.565862" lon="12.168530"><ele>2077.014</ele><time>2014-09-28T12:53:23Z</time></trkpt><trkpt lat="46.565865" lon="12.168540"><ele>2076.868</ele><time>2014-09-28T12:53:24Z</time></trkpt><trkpt lat="46.565861" lon="12.168637"><ele>2076.713</ele><time>2014-09-28T12:53:29Z</time></trkpt><trkpt lat="46.565877" lon="12.168736"><ele>2075.971</ele><time>2014-09-28T12:53:34Z</time></trkpt><trkpt lat="46.565896" lon="12.168749"><ele>2075.058</ele><time>2014-09-28T12:53:35Z</time></trkpt><trkpt lat="46.565913" lon="12.168781"><ele>2074.192</ele><time>2014-09-28T12:53:37Z</time></trkpt><trkpt lat="46.565915" lon="12.168803"><ele>2074.055</ele><time>2014-09-28T12:53:38Z</time></trkpt><trkpt lat="46.565924" lon="12.168908"><ele>2073.583</ele><time>2014-09-28T12:53:43Z</time></trkpt><trkpt lat="46.565947" lon="12.169031"><ele>2072.525</ele><time>2014-09-28T12:53:49Z</time></trkpt><trkpt lat="46.565955" lon="12.169065"><ele>2072.117</ele><time>2014-09-28T12:53:51Z</time></trkpt><trkpt lat="46.565963" lon="12.169078"><ele>2071.808</ele><time>2014-09-28T12:53:52Z</time></trkpt><trkpt lat="46.565979" lon="12.169122"><ele>2071.149</ele><time>2014-09-28T12:53:55Z</time></trkpt><trkpt lat="46.565997" lon="12.169190"><ele>2070.531</ele><time>2014-09-28T12:53:59Z</time></trkpt><trkpt lat="46.566023" lon="12.169238"><ele>2069.695</ele><time>2014-09-28T12:54:02Z</time></trkpt><trkpt lat="46.566019" lon="12.169314"><ele>2070.230</ele><time>2014-09-28T12:54:06Z</time></trkpt><trkpt lat="46.566016" lon="12.169359"><ele>2070.618</ele><time>2014-09-28T12:54:08Z</time></trkpt><trkpt lat="46.566023" lon="12.169404"><ele>2070.675</ele><time>2014-09-28T12:54:10Z</time></trkpt><trkpt lat="46.566032" lon="12.169451"><ele>2070.519</ele><time>2014-09-28T12:54:13Z</time></trkpt><trkpt lat="46.566026" lon="12.169476"><ele>2070.882</ele><time>2014-09-28T12:54:15Z</time></trkpt><trkpt lat="46.566046" lon="12.169541"><ele>2070.346</ele><time>2014-09-28T12:54:18Z</time></trkpt><trkpt lat="46.566049" lon="12.169570"><ele>2070.488</ele><time>2014-09-28T12:54:20Z</time></trkpt><trkpt lat="46.566062" lon="12.169701"><ele>2070.616</ele><time>2014-09-28T12:54:27Z</time></trkpt><trkpt lat="46.566097" lon="12.169852"><ele>2070.908</ele><time>2014-09-28T12:54:34Z</time></trkpt><trkpt lat="46.566107" lon="12.169989"><ele>2072.055</ele><time>2014-09-28T12:54:38Z</time></trkpt><trkpt lat="46.566118" lon="12.169999"><ele>2071.737</ele><time>2014-09-28T12:54:39Z</time></trkpt><trkpt lat="46.566118" lon="12.170042"><ele>2072.151</ele><time>2014-09-28T12:54:41Z</time></trkpt><trkpt lat="46.566119" lon="12.170054"><ele>2072.166</ele><time>2014-09-28T12:54:42Z</time></trkpt><trkpt lat="46.566123" lon="12.170068"><ele>2072.184</ele><time>2014-09-28T12:54:43Z</time></trkpt><trkpt lat="46.566115" lon="12.170084"><ele>2072.581</ele><time>2014-09-28T12:54:45Z</time></trkpt><trkpt lat="46.566119" lon="12.170104"><ele>2072.595</ele><time>2014-09-28T12:54:46Z</time></trkpt><trkpt lat="46.566143" lon="12.170166"><ele>2072.368</ele><time>2014-09-28T12:54:51Z</time></trkpt><trkpt lat="46.566170" lon="12.170254"><ele>2072.357</ele><time>2014-09-28T12:54:57Z</time></trkpt><trkpt lat="46.566179" lon="12.170267"><ele>2072.200</ele><time>2014-09-28T12:54:58Z</time></trkpt><trkpt lat="46.566174" lon="12.170279"><ele>2072.420</ele><time>2014-09-28T12:54:59Z</time></trkpt><trkpt lat="46.566184" lon="12.170320"><ele>2072.508</ele><time>2014-09-28T12:55:01Z</time></trkpt><trkpt lat="46.566187" lon="12.170353"><ele>2072.636</ele><time>2014-09-28T12:55:03Z</time></trkpt><trkpt lat="46.566201" lon="12.170417"><ele>2072.798</ele><time>2014-09-28T12:55:06Z</time></trkpt><trkpt lat="46.566199" lon="12.170431"><ele>2072.982</ele><time>2014-09-28T12:55:07Z</time></trkpt><trkpt lat="46.566207" lon="12.170468"><ele>2073.077</ele><time>2014-09-28T12:55:09Z</time></trkpt><trkpt lat="46.566216" lon="12.170515"><ele>2073.155</ele><time>2014-09-28T12:55:11Z</time></trkpt><trkpt lat="46.566195" lon="12.170590"><ele>2073.922</ele><time>2014-09-28T12:55:15Z</time></trkpt><trkpt lat="46.566187" lon="12.170643"><ele>2074.226</ele><time>2014-09-28T12:55:18Z</time></trkpt><trkpt lat="46.566187" lon="12.170665"><ele>2074.379</ele><time>2014-09-28T12:55:20Z</time></trkpt><trkpt lat="46.566186" lon="12.170668"><ele>2074.321</ele><time>2014-09-28T12:55:21Z</time></trkpt><trkpt lat="46.566183" lon="12.170687"><ele>2074.441</ele><time>2014-09-28T12:55:22Z</time></trkpt><trkpt lat="46.566181" lon="12.170737"><ele>2074.605</ele><time>2014-09-28T12:55:27Z</time></trkpt><trkpt lat="46.566177" lon="12.170760"><ele>2074.708</ele><time>2014-09-28T12:55:39Z</time></trkpt><trkpt lat="46.566171" lon="12.170764"><ele>2074.953</ele><time>2014-09-28T12:55:47Z</time></trkpt><trkpt lat="46.566252" lon="12.170810"><ele>2072.485</ele><time>2014-09-28T12:55:57Z</time></trkpt><trkpt lat="46.566246" lon="12.170861"><ele>2072.249</ele><time>2014-09-28T12:56:02Z</time></trkpt><trkpt lat="46.566253" lon="12.170932"><ele>2070.844</ele><time>2014-09-28T12:56:07Z</time></trkpt><trkpt lat="46.566248" lon="12.170954"><ele>2070.632</ele><time>2014-09-28T12:56:08Z</time></trkpt><trkpt lat="46.566231" lon="12.171021"><ele>2070.249</ele><time>2014-09-28T12:56:12Z</time></trkpt><trkpt lat="46.566233" lon="12.171036"><ele>2069.923</ele><time>2014-09-28T12:56:13Z</time></trkpt><trkpt lat="46.566221" lon="12.171104"><ele>2069.486</ele><time>2014-09-28T12:56:17Z</time></trkpt><trkpt lat="46.566214" lon="12.171161"><ele>2068.983</ele><time>2014-09-28T12:56:21Z</time></trkpt><trkpt lat="46.566249" lon="12.171241"><ele>2066.425</ele><time>2014-09-28T12:56:26Z</time></trkpt><trkpt lat="46.566259" lon="12.171257"><ele>2065.817</ele><time>2014-09-28T12:56:27Z</time></trkpt><trkpt lat="46.566279" lon="12.171350"><ele>2063.808</ele><time>2014-09-28T12:56:32Z</time></trkpt><trkpt lat="46.566286" lon="12.171382"><ele>2063.279</ele><time>2014-09-28T12:56:34Z</time></trkpt><trkpt lat="46.566289" lon="12.171438"><ele>2062.431</ele><time>2014-09-28T12:56:37Z</time></trkpt><trkpt lat="46.566298" lon="12.171536"><ele>2060.825</ele><time>2014-09-28T12:56:42Z</time></trkpt><trkpt lat="46.566293" lon="12.171591"><ele>2060.460</ele><time>2014-09-28T12:56:45Z</time></trkpt><trkpt lat="46.566297" lon="12.171645"><ele>2059.698</ele><time>2014-09-28T12:56:48Z</time></trkpt><trkpt lat="46.566301" lon="12.171676"><ele>2059.175</ele><time>2014-09-28T12:56:50Z</time></trkpt><trkpt lat="46.566298" lon="12.171688"><ele>2059.179</ele><time>2014-09-28T12:56:51Z</time></trkpt><trkpt lat="46.566304" lon="12.171734"><ele>2058.512</ele><time>2014-09-28T12:56:54Z</time></trkpt><trkpt lat="46.566293" lon="12.171833"><ele>2058.039</ele><time>2014-09-28T12:56:59Z</time></trkpt><trkpt lat="46.566286" lon="12.171856"><ele>2058.101</ele><time>2014-09-28T12:57:00Z</time></trkpt><trkpt lat="46.566277" lon="12.171900"><ele>2058.021</ele><time>2014-09-28T12:57:03Z</time></trkpt><trkpt lat="46.566262" lon="12.171948"><ele>2058.108</ele><time>2014-09-28T12:57:06Z</time></trkpt><trkpt lat="46.566210" lon="12.172021"><ele>2059.054</ele><time>2014-09-28T12:57:11Z</time></trkpt><trkpt lat="46.566188" lon="12.172076"><ele>2059.236</ele><time>2014-09-28T12:57:15Z</time></trkpt><trkpt lat="46.566172" lon="12.172149"><ele>2059.140</ele><time>2014-09-28T12:57:20Z</time></trkpt><trkpt lat="46.566148" lon="12.172225"><ele>2059.415</ele><time>2014-09-28T12:57:24Z</time></trkpt><trkpt lat="46.566119" lon="12.172280"><ele>2060.283</ele><time>2014-09-28T12:57:28Z</time></trkpt><trkpt lat="46.566102" lon="12.172314"><ele>2060.920</ele><time>2014-09-28T12:57:30Z</time></trkpt><trkpt lat="46.566067" lon="12.172391"><ele>2062.644</ele><time>2014-09-28T12:57:35Z</time></trkpt><trkpt lat="46.566035" lon="12.172466"><ele>2064.017</ele><time>2014-09-28T12:57:40Z</time></trkpt><trkpt lat="46.566030" lon="12.172474"><ele>2064.237</ele><time>2014-09-28T12:57:41Z</time></trkpt><trkpt lat="46.565985" lon="12.172565"><ele>2065.849</ele><time>2014-09-28T12:57:47Z</time></trkpt><trkpt lat="46.565963" lon="12.172605"><ele>2066.513</ele><time>2014-09-28T12:57:50Z</time></trkpt><trkpt lat="46.565936" lon="12.172643"><ele>2067.508</ele><time>2014-09-28T12:57:53Z</time></trkpt><trkpt lat="46.565918" lon="12.172687"><ele>2067.974</ele><time>2014-09-28T12:57:57Z</time></trkpt><trkpt lat="46.565914" lon="12.172699"><ele>2067.956</ele><time>2014-09-28T12:57:58Z</time></trkpt><trkpt lat="46.565879" lon="12.172763"><ele>2068.850</ele><time>2014-09-28T12:58:03Z</time></trkpt><trkpt lat="46.565878" lon="12.172863"><ele>2067.785</ele><time>2014-09-28T12:58:09Z</time></trkpt><trkpt lat="46.565856" lon="12.172933"><ele>2068.113</ele><time>2014-09-28T12:58:13Z</time></trkpt><trkpt lat="46.565837" lon="12.173001"><ele>2068.440</ele><time>2014-09-28T12:58:17Z</time></trkpt><trkpt lat="46.565823" lon="12.173022"><ele>2069.024</ele><time>2014-09-28T12:58:18Z</time></trkpt><trkpt lat="46.565830" lon="12.173038"><ele>2068.497</ele><time>2014-09-28T12:58:19Z</time></trkpt><trkpt lat="46.565832" lon="12.173074"><ele>2067.756</ele><time>2014-09-28T12:58:21Z</time></trkpt><trkpt lat="46.565804" lon="12.173162"><ele>2067.459</ele><time>2014-09-28T12:58:26Z</time></trkpt><trkpt lat="46.565794" lon="12.173186"><ele>2067.414</ele><time>2014-09-28T12:58:28Z</time></trkpt><trkpt lat="46.565775" lon="12.173225"><ele>2067.708</ele><time>2014-09-28T12:58:30Z</time></trkpt><trkpt lat="46.565766" lon="12.173239"><ele>2067.986</ele><time>2014-09-28T12:58:31Z</time></trkpt><trkpt lat="46.565734" lon="12.173297"><ele>2068.588</ele><time>2014-09-28T12:58:36Z</time></trkpt><trkpt lat="46.565724" lon="12.173320"><ele>2068.622</ele><time>2014-09-28T12:58:37Z</time></trkpt><trkpt lat="46.565678" lon="12.173417"><ele>2069.337</ele><time>2014-09-28T12:58:43Z</time></trkpt><trkpt lat="46.565655" lon="12.173447"><ele>2070.095</ele><time>2014-09-28T12:58:45Z</time></trkpt><trkpt lat="46.565625" lon="12.173519"><ele>2070.282</ele><time>2014-09-28T12:58:50Z</time></trkpt><trkpt lat="46.565617" lon="12.173525"><ele>2070.576</ele><time>2014-09-28T12:58:51Z</time></trkpt><trkpt lat="46.565604" lon="12.173544"><ele>2070.889</ele><time>2014-09-28T12:58:52Z</time></trkpt><trkpt lat="46.565592" lon="12.173588"><ele>2070.543</ele><time>2014-09-28T12:58:55Z</time></trkpt><trkpt lat="46.565563" lon="12.173673"><ele>2070.164</ele><time>2014-09-28T12:59:00Z</time></trkpt><trkpt lat="46.565549" lon="12.173712"><ele>2070.010</ele><time>2014-09-28T12:59:02Z</time></trkpt><trkpt lat="46.565518" lon="12.173771"><ele>2070.808</ele><time>2014-09-28T12:59:06Z</time></trkpt><trkpt lat="46.565512" lon="12.173804"><ele>2070.465</ele><time>2014-09-28T12:59:08Z</time></trkpt><trkpt lat="46.565498" lon="12.173861"><ele>2070.137</ele><time>2014-09-28T12:59:12Z</time></trkpt><trkpt lat="46.565494" lon="12.173880"><ele>2069.961</ele><time>2014-09-28T12:59:14Z</time></trkpt><trkpt lat="46.565487" lon="12.173907"><ele>2069.866</ele><time>2014-09-28T12:59:16Z</time></trkpt><trkpt lat="46.565481" lon="12.173922"><ele>2069.994</ele><time>2014-09-28T12:59:17Z</time></trkpt><trkpt lat="46.565479" lon="12.173934"><ele>2069.811</ele><time>2014-09-28T12:59:18Z</time></trkpt><trkpt lat="46.565459" lon="12.173987"><ele>2070.265</ele><time>2014-09-28T12:59:22Z</time></trkpt><trkpt lat="46.565445" lon="12.174014"><ele>2070.738</ele><time>2014-09-28T12:59:24Z</time></trkpt><trkpt lat="46.565421" lon="12.174089"><ele>2070.973</ele><time>2014-09-28T12:59:28Z</time></trkpt><trkpt lat="46.565418" lon="12.174100"><ele>2070.885</ele><time>2014-09-28T12:59:29Z</time></trkpt><trkpt lat="46.565393" lon="12.174172"><ele>2071.213</ele><time>2014-09-28T12:59:35Z</time></trkpt><trkpt lat="46.565388" lon="12.174198"><ele>2070.908</ele><time>2014-09-28T12:59:37Z</time></trkpt><trkpt lat="46.565378" lon="12.174209"><ele>2071.448</ele><time>2014-09-28T12:59:38Z</time></trkpt><trkpt lat="46.565357" lon="12.174247"><ele>2071.920</ele><time>2014-09-28T12:59:41Z</time></trkpt><trkpt lat="46.565360" lon="12.174262"><ele>2071.374</ele><time>2014-09-28T12:59:42Z</time></trkpt><trkpt lat="46.565356" lon="12.174316"><ele>2070.249</ele><time>2014-09-28T12:59:45Z</time></trkpt><trkpt lat="46.565340" lon="12.174367"><ele>2070.037</ele><time>2014-09-28T12:59:48Z</time></trkpt><trkpt lat="46.565321" lon="12.174418"><ele>2069.944</ele><time>2014-09-28T12:59:51Z</time></trkpt><trkpt lat="46.565322" lon="12.174454"><ele>2068.988</ele><time>2014-09-28T12:59:53Z</time></trkpt><trkpt lat="46.565299" lon="12.174481"><ele>2069.721</ele><time>2014-09-28T12:59:55Z</time></trkpt><trkpt lat="46.565276" lon="12.174532"><ele>2069.976</ele><time>2014-09-28T12:59:58Z</time></trkpt><trkpt lat="46.565266" lon="12.174557"><ele>2070.090</ele><time>2014-09-28T13:00:01Z</time></trkpt><trkpt lat="46.565249" lon="12.174587"><ele>2070.519</ele><time>2014-09-28T13:00:02Z</time></trkpt><trkpt lat="46.565219" lon="12.174633"><ele>2071.508</ele><time>2014-09-28T13:00:05Z</time></trkpt><trkpt lat="46.565181" lon="12.174702"><ele>2072.288</ele><time>2014-09-28T13:00:09Z</time></trkpt><trkpt lat="46.565170" lon="12.174723"><ele>2072.470</ele><time>2014-09-28T13:00:11Z</time></trkpt><trkpt lat="46.565159" lon="12.174755"><ele>2072.374</ele><time>2014-09-28T13:00:13Z</time></trkpt><trkpt lat="46.565152" lon="12.174769"><ele>2072.439</ele><time>2014-09-28T13:00:14Z</time></trkpt><trkpt lat="46.565112" lon="12.174831"><ele>2073.247</ele><time>2014-09-28T13:00:19Z</time></trkpt><trkpt lat="46.565080" lon="12.174869"><ele>2074.074</ele><time>2014-09-28T13:00:23Z</time></trkpt><trkpt lat="46.565066" lon="12.174892"><ele>2074.118</ele><time>2014-09-28T13:00:25Z</time></trkpt><trkpt lat="46.565010" lon="12.174962"><ele>2074.841</ele><time>2014-09-28T13:00:31Z</time></trkpt><trkpt lat="46.565001" lon="12.174969"><ele>2075.152</ele><time>2014-09-28T13:00:32Z</time></trkpt><trkpt lat="46.564966" lon="12.175004"><ele>2075.753</ele><time>2014-09-28T13:00:37Z</time></trkpt><trkpt lat="46.564920" lon="12.175064"><ele>2076.408</ele><time>2014-09-28T13:00:42Z</time></trkpt><trkpt lat="46.564907" lon="12.175080"><ele>2076.608</ele><time>2014-09-28T13:00:43Z</time></trkpt><trkpt lat="46.564870" lon="12.175123"><ele>2077.356</ele><time>2014-09-28T13:00:47Z</time></trkpt><trkpt lat="46.564847" lon="12.175146"><ele>2077.858</ele><time>2014-09-28T13:00:49Z</time></trkpt><trkpt lat="46.564833" lon="12.175170"><ele>2077.822</ele><time>2014-09-28T13:00:51Z</time></trkpt><trkpt lat="46.564815" lon="12.175194"><ele>2077.947</ele><time>2014-09-28T13:00:53Z</time></trkpt><trkpt lat="46.564781" lon="12.175255"><ele>2077.875</ele><time>2014-09-28T13:00:57Z</time></trkpt><trkpt lat="46.564746" lon="12.175317"><ele>2078.142</ele><time>2014-09-28T13:01:01Z</time></trkpt><trkpt lat="46.564737" lon="12.175338"><ele>2078.276</ele><time>2014-09-28T13:01:03Z</time></trkpt><trkpt lat="46.564713" lon="12.175382"><ele>2078.869</ele><time>2014-09-28T13:01:06Z</time></trkpt><trkpt lat="46.564694" lon="12.175420"><ele>2079.463</ele><time>2014-09-28T13:01:09Z</time></trkpt><trkpt lat="46.564695" lon="12.175422"><ele>2079.344</ele><time>2014-09-28T13:01:10Z</time></trkpt><trkpt lat="46.564675" lon="12.175458"><ele>2080.118</ele><time>2014-09-28T13:01:12Z</time></trkpt><trkpt lat="46.564657" lon="12.175491"><ele>2080.808</ele><time>2014-09-28T13:01:15Z</time></trkpt><trkpt lat="46.564656" lon="12.175499"><ele>2080.747</ele><time>2014-09-28T13:01:16Z</time></trkpt><trkpt lat="46.564647" lon="12.175533"><ele>2080.869</ele><time>2014-09-28T13:01:19Z</time></trkpt><trkpt lat="46.564614" lon="12.175607"><ele>2082.473</ele><time>2014-09-28T13:01:24Z</time></trkpt><trkpt lat="46.564602" lon="12.175643"><ele>2083.068</ele><time>2014-09-28T13:01:26Z</time></trkpt><trkpt lat="46.564558" lon="12.175750"><ele>2085.446</ele><time>2014-09-28T13:01:32Z</time></trkpt><trkpt lat="46.564563" lon="12.175757"><ele>2085.083</ele><time>2014-09-28T13:01:33Z</time></trkpt><trkpt lat="46.564551" lon="12.175786"><ele>2085.757</ele><time>2014-09-28T13:01:35Z</time></trkpt><trkpt lat="46.564548" lon="12.175799"><ele>2085.810</ele><time>2014-09-28T13:01:36Z</time></trkpt><trkpt lat="46.564535" lon="12.175854"><ele>2086.353</ele><time>2014-09-28T13:01:39Z</time></trkpt><trkpt lat="46.564522" lon="12.175877"><ele>2086.904</ele><time>2014-09-28T13:01:41Z</time></trkpt><trkpt lat="46.564509" lon="12.175914"><ele>2087.414</ele><time>2014-09-28T13:01:44Z</time></trkpt><trkpt lat="46.564493" lon="12.175963"><ele>2087.908</ele><time>2014-09-28T13:01:48Z</time></trkpt><trkpt lat="46.564452" lon="12.176032"><ele>2089.746</ele><time>2014-09-28T13:01:53Z</time></trkpt><trkpt lat="46.564447" lon="12.176044"><ele>2089.828</ele><time>2014-09-28T13:01:54Z</time></trkpt><trkpt lat="46.564421" lon="12.176115"><ele>2090.452</ele><time>2014-09-28T13:01:58Z</time></trkpt><trkpt lat="46.564409" lon="12.176135"><ele>2090.747</ele><time>2014-09-28T13:01:59Z</time></trkpt><trkpt lat="46.564375" lon="12.176228"><ele>2090.855</ele><time>2014-09-28T13:02:05Z</time></trkpt><trkpt lat="46.564363" lon="12.176277"><ele>2090.692</ele><time>2014-09-28T13:02:08Z</time></trkpt><trkpt lat="46.564350" lon="12.176318"><ele>2090.686</ele><time>2014-09-28T13:02:10Z</time></trkpt><trkpt lat="46.564338" lon="12.176360"><ele>2090.559</ele><time>2014-09-28T13:02:12Z</time></trkpt><trkpt lat="46.564334" lon="12.176379"><ele>2090.493</ele><time>2014-09-28T13:02:13Z</time></trkpt><trkpt lat="46.564332" lon="12.176400"><ele>2090.165</ele><time>2014-09-28T13:02:14Z</time></trkpt><trkpt lat="46.564311" lon="12.176460"><ele>2090.521</ele><time>2014-09-28T13:02:18Z</time></trkpt><trkpt lat="46.564306" lon="12.176475"><ele>2090.608</ele><time>2014-09-28T13:02:19Z</time></trkpt><trkpt lat="46.564282" lon="12.176528"><ele>2091.230</ele><time>2014-09-28T13:02:23Z</time></trkpt><trkpt lat="46.564260" lon="12.176588"><ele>2091.652</ele><time>2014-09-28T13:02:29Z</time></trkpt><trkpt lat="46.564256" lon="12.176600"><ele>2091.796</ele><time>2014-09-28T13:02:30Z</time></trkpt><trkpt lat="46.564230" lon="12.176641"><ele>2092.671</ele><time>2014-09-28T13:02:34Z</time></trkpt><trkpt lat="46.564226" lon="12.176671"><ele>2092.339</ele><time>2014-09-28T13:02:36Z</time></trkpt><trkpt lat="46.564216" lon="12.176705"><ele>2092.016</ele><time>2014-09-28T13:02:39Z</time></trkpt><trkpt lat="46.564205" lon="12.176739"><ele>2091.850</ele><time>2014-09-28T13:02:42Z</time></trkpt><trkpt lat="46.564199" lon="12.176749"><ele>2091.893</ele><time>2014-09-28T13:02:43Z</time></trkpt><trkpt lat="46.564148" lon="12.176800"><ele>2092.912</ele><time>2014-09-28T13:02:49Z</time></trkpt><trkpt lat="46.564082" lon="12.176869"><ele>2093.632</ele><time>2014-09-28T13:02:56Z</time></trkpt><trkpt lat="46.564076" lon="12.176883"><ele>2093.405</ele><time>2014-09-28T13:03:04Z</time></trkpt><trkpt lat="46.564056" lon="12.176955"><ele>2092.308</ele><time>2014-09-28T13:03:12Z</time></trkpt><trkpt lat="46.564055" lon="12.176958"><ele>2092.372</ele><time>2014-09-28T13:03:13Z</time></trkpt><trkpt lat="46.564051" lon="12.176961"><ele>2092.444</ele><time>2014-09-28T13:03:14Z</time></trkpt><trkpt lat="46.564058" lon="12.176968"><ele>2092.158</ele><time>2014-09-28T13:03:18Z</time></trkpt><trkpt lat="46.564057" lon="12.176974"><ele>2092.193</ele><time>2014-09-28T13:03:24Z</time></trkpt><trkpt lat="46.564063" lon="12.176975"><ele>2091.841</ele><time>2014-09-28T13:03:31Z</time></trkpt><trkpt lat="46.564045" lon="12.176992"><ele>2092.488</ele><time>2014-09-28T13:03:43Z</time></trkpt><trkpt lat="46.563992" lon="12.177048"><ele>2094.442</ele><time>2014-09-28T13:03:50Z</time></trkpt><trkpt lat="46.563982" lon="12.177069"><ele>2094.785</ele><time>2014-09-28T13:03:52Z</time></trkpt><trkpt lat="46.563974" lon="12.177143"><ele>2094.854</ele><time>2014-09-28T13:03:57Z</time></trkpt><trkpt lat="46.563983" lon="12.177206"><ele>2094.056</ele><time>2014-09-28T13:04:03Z</time></trkpt><trkpt lat="46.563992" lon="12.177234"><ele>2093.511</ele><time>2014-09-28T13:04:07Z</time></trkpt><trkpt lat="46.563994" lon="12.177239"><ele>2093.408</ele><time>2014-09-28T13:04:08Z</time></trkpt><trkpt lat="46.563991" lon="12.177309"><ele>2093.966</ele><time>2014-09-28T13:04:13Z</time></trkpt><trkpt lat="46.563985" lon="12.177361"><ele>2094.548</ele><time>2014-09-28T13:04:19Z</time></trkpt><trkpt lat="46.563965" lon="12.177401"><ele>2095.742</ele><time>2014-09-28T13:04:27Z</time></trkpt><trkpt lat="46.563951" lon="12.177443"><ele>2096.697</ele><time>2014-09-28T13:04:30Z</time></trkpt><trkpt lat="46.563948" lon="12.177445"><ele>2096.825</ele><time>2014-09-28T13:04:33Z</time></trkpt><trkpt lat="46.563932" lon="12.177508"><ele>2097.852</ele><time>2014-09-28T13:04:41Z</time></trkpt><trkpt lat="46.563913" lon="12.177569"><ele>2098.656</ele><time>2014-09-28T13:04:45Z</time></trkpt><trkpt lat="46.563897" lon="12.177683"><ele>2099.019</ele><time>2014-09-28T13:04:52Z</time></trkpt><trkpt lat="46.563890" lon="12.177715"><ele>2099.294</ele><time>2014-09-28T13:04:55Z</time></trkpt><trkpt lat="46.563889" lon="12.177714"><ele>2099.257</ele><time>2014-09-28T13:04:58Z</time></trkpt><trkpt lat="46.563889" lon="12.177715"><ele>2099.222</ele><time>2014-09-28T13:04:59Z</time></trkpt><trkpt lat="46.563867" lon="12.177747"><ele>2100.008</ele><time>2014-09-28T13:05:07Z</time></trkpt><trkpt lat="46.563849" lon="12.177812"><ele>2100.790</ele><time>2014-09-28T13:05:12Z</time></trkpt><trkpt lat="46.563845" lon="12.177820"><ele>2100.942</ele><time>2014-09-28T13:05:13Z</time></trkpt><trkpt lat="46.563840" lon="12.177841"><ele>2101.136</ele><time>2014-09-28T13:05:14Z</time></trkpt><trkpt lat="46.563832" lon="12.177874"><ele>2101.581</ele><time>2014-09-28T13:05:16Z</time></trkpt><trkpt lat="46.563825" lon="12.177930"><ele>2102.039</ele><time>2014-09-28T13:05:20Z</time></trkpt><trkpt lat="46.563822" lon="12.177975"><ele>2102.276</ele><time>2014-09-28T13:05:23Z</time></trkpt><trkpt lat="46.563818" lon="12.177987"><ele>2102.490</ele><time>2014-09-28T13:05:25Z</time></trkpt><trkpt lat="46.563823" lon="12.177985"><ele>2102.233</ele><time>2014-09-28T13:05:28Z</time></trkpt><trkpt lat="46.563831" lon="12.178040"><ele>2102.045</ele><time>2014-09-28T13:05:41Z</time></trkpt><trkpt lat="46.563822" lon="12.178113"><ele>2102.447</ele><time>2014-09-28T13:05:47Z</time></trkpt><trkpt lat="46.563814" lon="12.178156"><ele>2102.711</ele><time>2014-09-28T13:05:50Z</time></trkpt><trkpt lat="46.563812" lon="12.178193"><ele>2102.808</ele><time>2014-09-28T13:05:53Z</time></trkpt><trkpt lat="46.563815" lon="12.178238"><ele>2102.755</ele><time>2014-09-28T13:05:56Z</time></trkpt><trkpt lat="46.563814" lon="12.178251"><ele>2102.767</ele><time>2014-09-28T13:05:57Z</time></trkpt><trkpt lat="46.563812" lon="12.178326"><ele>2102.811</ele><time>2014-09-28T13:06:02Z</time></trkpt><trkpt lat="46.563810" lon="12.178341"><ele>2102.846</ele><time>2014-09-28T13:06:03Z</time></trkpt><trkpt lat="46.563796" lon="12.178416"><ele>2103.394</ele><time>2014-09-28T13:06:09Z</time></trkpt><trkpt lat="46.563793" lon="12.178424"><ele>2103.541</ele><time>2014-09-28T13:06:10Z</time></trkpt><trkpt lat="46.563788" lon="12.178442"><ele>2103.635</ele><time>2014-09-28T13:06:12Z</time></trkpt><trkpt lat="46.563786" lon="12.178454"><ele>2103.738</ele><time>2014-09-28T13:06:13Z</time></trkpt><trkpt lat="46.563780" lon="12.178472"><ele>2103.957</ele><time>2014-09-28T13:06:14Z</time></trkpt><trkpt lat="46.563777" lon="12.178488"><ele>2104.000</ele><time>2014-09-28T13:06:15Z</time></trkpt><trkpt lat="46.563774" lon="12.178501"><ele>2104.120</ele><time>2014-09-28T13:06:16Z</time></trkpt><trkpt lat="46.563767" lon="12.178529"><ele>2104.408</ele><time>2014-09-28T13:06:18Z</time></trkpt><trkpt lat="46.563757" lon="12.178550"><ele>2104.786</ele><time>2014-09-28T13:06:20Z</time></trkpt><trkpt lat="46.563750" lon="12.178565"><ele>2105.048</ele><time>2014-09-28T13:06:21Z</time></trkpt><trkpt lat="46.563725" lon="12.178636"><ele>2105.732</ele><time>2014-09-28T13:06:26Z</time></trkpt><trkpt lat="46.563713" lon="12.178677"><ele>2105.937</ele><time>2014-09-28T13:06:29Z</time></trkpt><trkpt lat="46.563709" lon="12.178668"><ele>2106.135</ele><time>2014-09-28T13:06:31Z</time></trkpt><trkpt lat="46.563708" lon="12.178681"><ele>2106.052</ele><time>2014-09-28T13:06:35Z</time></trkpt><trkpt lat="46.563700" lon="12.178694"><ele>2106.276</ele><time>2014-09-28T13:06:47Z</time></trkpt><trkpt lat="46.563713" lon="12.178699"><ele>2105.769</ele><time>2014-09-28T13:06:59Z</time></trkpt><trkpt lat="46.563726" lon="12.178755"><ele>2104.894</ele><time>2014-09-28T13:07:03Z</time></trkpt><trkpt lat="46.563708" lon="12.178838"><ele>2104.957</ele><time>2014-09-28T13:07:08Z</time></trkpt><trkpt lat="46.563705" lon="12.178858"><ele>2104.822</ele><time>2014-09-28T13:07:09Z</time></trkpt><trkpt lat="46.563674" lon="12.178922"><ele>2105.408</ele><time>2014-09-28T13:07:13Z</time></trkpt><trkpt lat="46.563662" lon="12.178938"><ele>2105.830</ele><time>2014-09-28T13:07:14Z</time></trkpt><trkpt lat="46.563640" lon="12.179019"><ele>2105.992</ele><time>2014-09-28T13:07:18Z</time></trkpt><trkpt lat="46.563624" lon="12.179147"><ele>2105.636</ele><time>2014-09-28T13:07:25Z</time></trkpt><trkpt lat="46.563613" lon="12.179178"><ele>2105.831</ele><time>2014-09-28T13:07:27Z</time></trkpt><trkpt lat="46.563617" lon="12.179237"><ele>2105.079</ele><time>2014-09-28T13:07:30Z</time></trkpt><trkpt lat="46.563607" lon="12.179315"><ele>2104.646</ele><time>2014-09-28T13:07:35Z</time></trkpt><trkpt lat="46.563605" lon="12.179331"><ele>2104.570</ele><time>2014-09-28T13:07:36Z</time></trkpt><trkpt lat="46.563598" lon="12.179350"><ele>2104.543</ele><time>2014-09-28T13:07:37Z</time></trkpt><trkpt lat="46.563576" lon="12.179405"><ele>2104.874</ele><time>2014-09-28T13:07:41Z</time></trkpt><trkpt lat="46.563556" lon="12.179453"><ele>2105.056</ele><time>2014-09-28T13:07:45Z</time></trkpt><trkpt lat="46.563534" lon="12.179482"><ele>2105.221</ele><time>2014-09-28T13:07:47Z</time></trkpt><trkpt lat="46.563502" lon="12.179541"><ele>2105.208</ele><time>2014-09-28T13:07:52Z</time></trkpt><trkpt lat="46.563466" lon="12.179615"><ele>2105.178</ele><time>2014-09-28T13:07:57Z</time></trkpt><trkpt lat="46.563441" lon="12.179655"><ele>2105.260</ele><time>2014-09-28T13:08:00Z</time></trkpt><trkpt lat="46.563424" lon="12.179692"><ele>2105.184</ele><time>2014-09-28T13:08:02Z</time></trkpt><trkpt lat="46.563411" lon="12.179717"><ele>2105.019</ele><time>2014-09-28T13:08:07Z</time></trkpt><trkpt lat="46.563406" lon="12.179729"><ele>2105.057</ele><time>2014-09-28T13:08:13Z</time></trkpt><trkpt lat="46.563404" lon="12.179732"><ele>2105.064</ele><time>2014-09-28T13:08:14Z</time></trkpt><trkpt lat="46.563401" lon="12.179734"><ele>2105.158</ele><time>2014-09-28T13:08:17Z</time></trkpt><trkpt lat="46.563373" lon="12.179814"><ele>2104.871</ele><time>2014-09-28T13:08:23Z</time></trkpt><trkpt lat="46.563361" lon="12.179908"><ele>2103.647</ele><time>2014-09-28T13:08:28Z</time></trkpt><trkpt lat="46.563359" lon="12.179934"><ele>2103.229</ele><time>2014-09-28T13:08:29Z</time></trkpt><trkpt lat="46.563340" lon="12.180012"><ele>2102.521</ele><time>2014-09-28T13:08:33Z</time></trkpt><trkpt lat="46.563336" lon="12.180027"><ele>2102.408</ele><time>2014-09-28T13:08:34Z</time></trkpt><trkpt lat="46.563296" lon="12.180107"><ele>2102.135</ele><time>2014-09-28T13:08:39Z</time></trkpt><trkpt lat="46.563249" lon="12.180179"><ele>2102.257</ele><time>2014-09-28T13:08:44Z</time></trkpt><trkpt lat="46.563226" lon="12.180220"><ele>2102.131</ele><time>2014-09-28T13:08:47Z</time></trkpt><trkpt lat="46.563194" lon="12.180273"><ele>2102.146</ele><time>2014-09-28T13:08:51Z</time></trkpt><trkpt lat="46.563169" lon="12.180401"><ele>2102.144</ele><time>2014-09-28T13:08:58Z</time></trkpt><trkpt lat="46.563163" lon="12.180445"><ele>2102.191</ele><time>2014-09-28T13:09:00Z</time></trkpt><trkpt lat="46.563149" lon="12.180502"><ele>2102.245</ele><time>2014-09-28T13:09:03Z</time></trkpt><trkpt lat="46.563145" lon="12.180523"><ele>2102.358</ele><time>2014-09-28T13:09:04Z</time></trkpt><trkpt lat="46.563146" lon="12.180624"><ele>2101.463</ele><time>2014-09-28T13:09:09Z</time></trkpt><trkpt lat="46.563158" lon="12.180661"><ele>2100.744</ele><time>2014-09-28T13:09:11Z</time></trkpt><trkpt lat="46.563165" lon="12.180683"><ele>2100.318</ele><time>2014-09-28T13:09:12Z</time></trkpt><trkpt lat="46.563171" lon="12.180699"><ele>2099.908</ele><time>2014-09-28T13:09:13Z</time></trkpt><trkpt lat="46.563185" lon="12.180738"><ele>2099.137</ele><time>2014-09-28T13:09:15Z</time></trkpt><trkpt lat="46.563191" lon="12.180757"><ele>2098.839</ele><time>2014-09-28T13:09:16Z</time></trkpt><trkpt lat="46.563195" lon="12.180799"><ele>2098.343</ele><time>2014-09-28T13:09:18Z</time></trkpt><trkpt lat="46.563196" lon="12.180857"><ele>2097.878</ele><time>2014-09-28T13:09:21Z</time></trkpt><trkpt lat="46.563182" lon="12.180944"><ele>2097.896</ele><time>2014-09-28T13:09:26Z</time></trkpt><trkpt lat="46.563186" lon="12.181021"><ele>2097.383</ele><time>2014-09-28T13:09:30Z</time></trkpt><trkpt lat="46.563183" lon="12.181039"><ele>2097.397</ele><time>2014-09-28T13:09:31Z</time></trkpt><trkpt lat="46.563182" lon="12.181135"><ele>2096.950</ele><time>2014-09-28T13:09:36Z</time></trkpt><trkpt lat="46.563179" lon="12.181149"><ele>2096.917</ele><time>2014-09-28T13:09:37Z</time></trkpt><trkpt lat="46.563187" lon="12.181228"><ele>2096.587</ele><time>2014-09-28T13:09:42Z</time></trkpt><trkpt lat="46.563212" lon="12.181304"><ele>2095.615</ele><time>2014-09-28T13:09:46Z</time></trkpt><trkpt lat="46.563227" lon="12.181362"><ele>2095.108</ele><time>2014-09-28T13:09:49Z</time></trkpt><trkpt lat="46.563224" lon="12.181376"><ele>2095.272</ele><time>2014-09-28T13:09:50Z</time></trkpt><trkpt lat="46.563229" lon="12.181430"><ele>2095.294</ele><time>2014-09-28T13:09:53Z</time></trkpt><trkpt lat="46.563231" lon="12.181468"><ele>2095.228</ele><time>2014-09-28T13:09:55Z</time></trkpt><trkpt lat="46.563233" lon="12.181485"><ele>2095.253</ele><time>2014-09-28T13:09:56Z</time></trkpt><trkpt lat="46.563235" lon="12.181537"><ele>2095.451</ele><time>2014-09-28T13:09:59Z</time></trkpt><trkpt lat="46.563239" lon="12.181554"><ele>2095.368</ele><time>2014-09-28T13:10:00Z</time></trkpt><trkpt lat="46.563258" lon="12.181620"><ele>2095.012</ele><time>2014-09-28T13:10:04Z</time></trkpt><trkpt lat="46.563261" lon="12.181678"><ele>2095.295</ele><time>2014-09-28T13:10:07Z</time></trkpt><trkpt lat="46.563257" lon="12.181757"><ele>2096.054</ele><time>2014-09-28T13:10:11Z</time></trkpt><trkpt lat="46.563261" lon="12.181796"><ele>2096.256</ele><time>2014-09-28T13:10:13Z</time></trkpt><trkpt lat="46.563266" lon="12.181817"><ele>2096.311</ele><time>2014-09-28T13:10:14Z</time></trkpt><trkpt lat="46.563270" lon="12.181889"><ele>2096.908</ele><time>2014-09-28T13:10:18Z</time></trkpt><trkpt lat="46.563285" lon="12.181963"><ele>2097.226</ele><time>2014-09-28T13:10:22Z</time></trkpt><trkpt lat="46.563293" lon="12.182021"><ele>2097.478</ele><time>2014-09-28T13:10:25Z</time></trkpt><trkpt lat="46.563308" lon="12.182134"><ele>2097.912</ele><time>2014-09-28T13:10:32Z</time></trkpt><trkpt lat="46.563306" lon="12.182144"><ele>2098.047</ele><time>2014-09-28T13:10:33Z</time></trkpt><trkpt lat="46.563315" lon="12.182203"><ele>2098.265</ele><time>2014-09-28T13:10:37Z</time></trkpt><trkpt lat="46.563337" lon="12.182312"><ele>2098.212</ele><time>2014-09-28T13:10:44Z</time></trkpt><trkpt lat="46.563353" lon="12.182413"><ele>2098.216</ele><time>2014-09-28T13:10:49Z</time></trkpt><trkpt lat="46.563351" lon="12.182470"><ele>2098.579</ele><time>2014-09-28T13:10:52Z</time></trkpt><trkpt lat="46.563353" lon="12.182519"><ele>2098.626</ele><time>2014-09-28T13:10:55Z</time></trkpt><trkpt lat="46.563374" lon="12.182645"><ele>2098.347</ele><time>2014-09-28T13:11:03Z</time></trkpt><trkpt lat="46.563377" lon="12.182658"><ele>2098.211</ele><time>2014-09-28T13:11:04Z</time></trkpt><trkpt lat="46.563389" lon="12.182730"><ele>2098.108</ele><time>2014-09-28T13:11:09Z</time></trkpt><trkpt lat="46.563393" lon="12.182748"><ele>2098.123</ele><time>2014-09-28T13:11:10Z</time></trkpt><trkpt lat="46.563398" lon="12.182785"><ele>2098.135</ele><time>2014-09-28T13:11:12Z</time></trkpt><trkpt lat="46.563395" lon="12.182799"><ele>2098.119</ele><time>2014-09-28T13:11:13Z</time></trkpt><trkpt lat="46.563397" lon="12.182813"><ele>2098.154</ele><time>2014-09-28T13:11:14Z</time></trkpt><trkpt lat="46.563400" lon="12.182827"><ele>2098.172</ele><time>2014-09-28T13:11:15Z</time></trkpt><trkpt lat="46.563401" lon="12.182911"><ele>2098.359</ele><time>2014-09-28T13:11:20Z</time></trkpt><trkpt lat="46.563415" lon="12.182980"><ele>2098.343</ele><time>2014-09-28T13:11:24Z</time></trkpt><trkpt lat="46.563414" lon="12.182980"><ele>2098.366</ele><time>2014-09-28T13:11:25Z</time></trkpt><trkpt lat="46.563412" lon="12.182995"><ele>2098.358</ele><time>2014-09-28T13:11:26Z</time></trkpt><trkpt lat="46.563408" lon="12.182997"><ele>2098.352</ele><time>2014-09-28T13:11:29Z</time></trkpt><trkpt lat="46.563412" lon="12.182998"><ele>2098.317</ele><time>2014-09-28T13:11:35Z</time></trkpt><trkpt lat="46.563439" lon="12.183065"><ele>2098.308</ele><time>2014-09-28T13:11:40Z</time></trkpt><trkpt lat="46.563463" lon="12.183152"><ele>2098.956</ele><time>2014-09-28T13:11:46Z</time></trkpt><trkpt lat="46.563476" lon="12.183177"><ele>2099.168</ele><time>2014-09-28T13:11:48Z</time></trkpt><trkpt lat="46.563490" lon="12.183218"><ele>2099.422</ele><time>2014-09-28T13:11:51Z</time></trkpt><trkpt lat="46.563498" lon="12.183243"><ele>2099.627</ele><time>2014-09-28T13:11:53Z</time></trkpt><trkpt lat="46.563526" lon="12.183287"><ele>2099.965</ele><time>2014-09-28T13:11:57Z</time></trkpt><trkpt lat="46.563546" lon="12.183338"><ele>2100.372</ele><time>2014-09-28T13:12:02Z</time></trkpt><trkpt lat="46.563546" lon="12.183350"><ele>2100.476</ele><time>2014-09-28T13:12:03Z</time></trkpt><trkpt lat="46.563547" lon="12.183433"><ele>2101.529</ele><time>2014-09-28T13:12:09Z</time></trkpt><trkpt lat="46.563550" lon="12.183444"><ele>2101.644</ele><time>2014-09-28T13:12:10Z</time></trkpt><trkpt lat="46.563560" lon="12.183488"><ele>2102.205</ele><time>2014-09-28T13:12:13Z</time></trkpt><trkpt lat="46.563565" lon="12.183498"><ele>2102.315</ele><time>2014-09-28T13:12:14Z</time></trkpt><trkpt lat="46.563575" lon="12.183504"><ele>2102.408</ele><time>2014-09-28T13:12:15Z</time></trkpt><trkpt lat="46.563601" lon="12.183520"><ele>2102.745</ele><time>2014-09-28T13:12:17Z</time></trkpt><trkpt lat="46.563650" lon="12.183543"><ele>2103.347</ele><time>2014-09-28T13:12:21Z</time></trkpt><trkpt lat="46.563659" lon="12.183543"><ele>2103.351</ele><time>2014-09-28T13:12:22Z</time></trkpt><trkpt lat="46.563711" lon="12.183567"><ele>2104.056</ele><time>2014-09-28T13:12:27Z</time></trkpt><trkpt lat="46.563719" lon="12.183572"><ele>2104.234</ele><time>2014-09-28T13:12:28Z</time></trkpt><trkpt lat="46.563777" lon="12.183605"><ele>2105.121</ele><time>2014-09-28T13:12:33Z</time></trkpt><trkpt lat="46.563843" lon="12.183658"><ele>2106.365</ele><time>2014-09-28T13:12:40Z</time></trkpt><trkpt lat="46.563858" lon="12.183663"><ele>2106.578</ele><time>2014-09-28T13:12:41Z</time></trkpt><trkpt lat="46.563913" lon="12.183671"><ele>2106.953</ele><time>2014-09-28T13:12:45Z</time></trkpt><trkpt lat="46.563948" lon="12.183693"><ele>2107.404</ele><time>2014-09-28T13:12:48Z</time></trkpt><trkpt lat="46.563974" lon="12.183702"><ele>2107.614</ele><time>2014-09-28T13:12:50Z</time></trkpt><trkpt lat="46.563979" lon="12.183704"><ele>2107.708</ele><time>2014-09-28T13:12:51Z</time></trkpt><trkpt lat="46.564025" lon="12.183698"><ele>2107.756</ele><time>2014-09-28T13:12:55Z</time></trkpt><trkpt lat="46.564036" lon="12.183703"><ele>2107.918</ele><time>2014-09-28T13:12:56Z</time></trkpt><trkpt lat="46.564071" lon="12.183739"><ele>2108.552</ele><time>2014-09-28T13:13:00Z</time></trkpt><trkpt lat="46.564076" lon="12.183750"><ele>2108.737</ele><time>2014-09-28T13:13:01Z</time></trkpt><trkpt lat="46.564086" lon="12.183751"><ele>2108.715</ele><time>2014-09-28T13:13:02Z</time></trkpt><trkpt lat="46.564095" lon="12.183753"><ele>2108.862</ele><time>2014-09-28T13:13:03Z</time></trkpt><trkpt lat="46.564116" lon="12.183765"><ele>2109.026</ele><time>2014-09-28T13:13:05Z</time></trkpt><trkpt lat="46.564130" lon="12.183777"><ele>2109.349</ele><time>2014-09-28T13:13:07Z</time></trkpt><trkpt lat="46.564152" lon="12.183787"><ele>2109.565</ele><time>2014-09-28T13:13:10Z</time></trkpt><trkpt lat="46.564177" lon="12.183786"><ele>2109.568</ele><time>2014-09-28T13:13:13Z</time></trkpt><trkpt lat="46.564190" lon="12.183784"><ele>2109.514</ele><time>2014-09-28T13:13:14Z</time></trkpt><trkpt lat="46.564199" lon="12.183779"><ele>2109.408</ele><time>2014-09-28T13:13:15Z</time></trkpt><trkpt lat="46.564211" lon="12.183777"><ele>2109.457</ele><time>2014-09-28T13:13:16Z</time></trkpt><trkpt lat="46.564289" lon="12.183771"><ele>2109.259</ele><time>2014-09-28T13:13:24Z</time></trkpt><trkpt lat="46.564299" lon="12.183772"><ele>2109.223</ele><time>2014-09-28T13:13:25Z</time></trkpt><trkpt lat="46.564338" lon="12.183798"><ele>2109.528</ele><time>2014-09-28T13:13:29Z</time></trkpt><trkpt lat="46.564351" lon="12.183806"><ele>2109.546</ele><time>2014-09-28T13:13:30Z</time></trkpt><trkpt lat="46.564362" lon="12.183804"><ele>2109.523</ele><time>2014-09-28T13:13:31Z</time></trkpt><trkpt lat="46.564391" lon="12.183798"><ele>2109.477</ele><time>2014-09-28T13:13:34Z</time></trkpt><trkpt lat="46.564401" lon="12.183794"><ele>2109.430</ele><time>2014-09-28T13:13:35Z</time></trkpt><trkpt lat="46.564462" lon="12.183787"><ele>2109.275</ele><time>2014-09-28T13:13:40Z</time></trkpt><trkpt lat="46.564473" lon="12.183783"><ele>2109.228</ele><time>2014-09-28T13:13:41Z</time></trkpt><trkpt lat="46.564483" lon="12.183774"><ele>2109.120</ele><time>2014-09-28T13:13:42Z</time></trkpt><trkpt lat="46.564519" lon="12.183758"><ele>2108.908</ele><time>2014-09-28T13:13:45Z</time></trkpt><trkpt lat="46.564555" lon="12.183748"><ele>2108.818</ele><time>2014-09-28T13:13:49Z</time></trkpt><trkpt lat="46.564574" lon="12.183744"><ele>2108.820</ele><time>2014-09-28T13:13:51Z</time></trkpt><trkpt lat="46.564615" lon="12.183734"><ele>2108.734</ele><time>2014-09-28T13:13:59Z</time></trkpt><trkpt lat="46.564618" lon="12.183740"><ele>2108.729</ele><time>2014-09-28T13:14:08Z</time></trkpt><trkpt lat="46.564632" lon="12.183744"><ele>2108.717</ele><time>2014-09-28T13:14:14Z</time></trkpt><trkpt lat="46.564634" lon="12.183743"><ele>2108.764</ele><time>2014-09-28T13:14:19Z</time></trkpt><trkpt lat="46.564640" lon="12.183742"><ele>2108.768</ele><time>2014-09-28T13:14:27Z</time></trkpt><trkpt lat="46.564640" lon="12.183746"><ele>2108.781</ele><time>2014-09-28T13:14:36Z</time></trkpt><trkpt lat="46.564669" lon="12.183745"><ele>2108.659</ele><time>2014-09-28T13:14:44Z</time></trkpt><trkpt lat="46.564675" lon="12.183742"><ele>2108.603</ele><time>2014-09-28T13:14:53Z</time></trkpt><trkpt lat="46.564690" lon="12.183742"><ele>2108.623</ele><time>2014-09-28T13:15:03Z</time></trkpt><trkpt lat="46.564685" lon="12.183758"><ele>2108.608</ele><time>2014-09-28T13:15:13Z</time></trkpt><trkpt lat="46.564715" lon="12.183751"><ele>2108.586</ele><time>2014-09-28T13:15:24Z</time></trkpt><trkpt lat="46.564720" lon="12.183753"><ele>2108.598</ele><time>2014-09-28T13:15:35Z</time></trkpt><trkpt lat="46.564726" lon="12.183750"><ele>2108.592</ele><time>2014-09-28T13:15:43Z</time></trkpt><trkpt lat="46.564726" lon="12.183747"><ele>2108.687</ele><time>2014-09-28T13:15:51Z</time></trkpt><trkpt lat="46.564725" lon="12.183751"><ele>2108.575</ele><time>2014-09-28T13:16:01Z</time></trkpt><trkpt lat="46.564787" lon="12.183734"><ele>2109.262</ele><time>2014-09-28T13:16:18Z</time></trkpt><trkpt lat="46.564760" lon="12.183744"><ele>2108.966</ele><time>2014-09-28T13:16:31Z</time></trkpt><trkpt lat="46.564744" lon="12.183767"><ele>2108.759</ele><time>2014-09-28T13:16:38Z</time></trkpt><trkpt lat="46.564740" lon="12.183783"><ele>2108.638</ele><time>2014-09-28T13:16:45Z</time></trkpt><trkpt lat="46.564738" lon="12.183794"><ele>2108.570</ele><time>2014-09-28T13:16:52Z</time></trkpt><trkpt lat="46.564738" lon="12.183795"><ele>2108.517</ele><time>2014-09-28T13:17:01Z</time></trkpt><trkpt lat="46.564740" lon="12.183797"><ele>2108.608</ele><time>2014-09-28T13:17:09Z</time></trkpt><trkpt lat="46.564737" lon="12.183807"><ele>2108.514</ele><time>2014-09-28T13:17:21Z</time></trkpt><trkpt lat="46.564730" lon="12.183807"><ele>2108.476</ele><time>2014-09-28T13:17:32Z</time></trkpt><trkpt lat="46.564725" lon="12.183818"><ele>2108.320</ele><time>2014-09-28T13:17:38Z</time></trkpt><trkpt lat="46.564742" lon="12.183858"><ele>2108.425</ele><time>2014-09-28T13:17:43Z</time></trkpt><trkpt lat="46.564753" lon="12.183868"><ele>2108.693</ele><time>2014-09-28T13:17:49Z</time></trkpt><trkpt lat="46.564762" lon="12.183875"><ele>2108.780</ele><time>2014-09-28T13:17:56Z</time></trkpt><trkpt lat="46.564750" lon="12.183889"><ele>2108.554</ele><time>2014-09-28T13:18:04Z</time></trkpt><trkpt lat="46.564746" lon="12.183873"><ele>2108.517</ele><time>2014-09-28T13:18:11Z</time></trkpt><trkpt lat="46.564743" lon="12.183873"><ele>2108.454</ele><time>2014-09-28T13:18:14Z</time></trkpt><trkpt lat="46.564735" lon="12.183857"><ele>2108.356</ele><time>2014-09-28T13:18:26Z</time></trkpt><trkpt lat="46.564730" lon="12.183861"><ele>2108.211</ele><time>2014-09-28T13:18:39Z</time></trkpt><trkpt lat="46.564753" lon="12.183895"><ele>2108.408</ele><time>2014-09-28T13:18:54Z</time></trkpt><trkpt lat="46.564787" lon="12.183955"><ele>2108.266</ele><time>2014-09-28T13:19:02Z</time></trkpt><trkpt lat="46.564843" lon="12.183987"><ele>2109.338</ele><time>2014-09-28T13:19:07Z</time></trkpt><trkpt lat="46.564853" lon="12.184006"><ele>2109.492</ele><time>2014-09-28T13:19:09Z</time></trkpt><trkpt lat="46.564849" lon="12.184023"><ele>2109.187</ele><time>2014-09-28T13:19:13Z</time></trkpt><trkpt lat="46.564847" lon="12.184020"><ele>2109.125</ele><time>2014-09-28T13:19:14Z</time></trkpt><trkpt lat="46.564841" lon="12.184019"><ele>2108.982</ele><time>2014-09-28T13:19:23Z</time></trkpt><trkpt lat="46.564859" lon="12.184054"><ele>2109.256</ele><time>2014-09-28T13:19:31Z</time></trkpt><trkpt lat="46.564868" lon="12.184183"><ele>2108.639</ele><time>2014-09-28T13:19:39Z</time></trkpt><trkpt lat="46.564866" lon="12.184263"><ele>2107.255</ele><time>2014-09-28T13:19:45Z</time></trkpt><trkpt lat="46.564866" lon="12.184279"><ele>2106.907</ele><time>2014-09-28T13:19:46Z</time></trkpt><trkpt lat="46.564874" lon="12.184423"><ele>2105.017</ele><time>2014-09-28T13:19:55Z</time></trkpt><trkpt lat="46.564876" lon="12.184445"><ele>2104.708</ele><time>2014-09-28T13:20:01Z</time></trkpt><trkpt lat="46.564872" lon="12.184442"><ele>2104.646</ele><time>2014-09-28T13:20:14Z</time></trkpt><trkpt lat="46.564876" lon="12.184446"><ele>2104.728</ele><time>2014-09-28T13:20:18Z</time></trkpt><trkpt lat="46.564895" lon="12.184486"><ele>2104.382</ele><time>2014-09-28T13:20:22Z</time></trkpt><trkpt lat="46.564904" lon="12.184493"><ele>2104.527</ele><time>2014-09-28T13:20:23Z</time></trkpt><trkpt lat="46.564924" lon="12.184534"><ele>2104.035</ele><time>2014-09-28T13:20:25Z</time></trkpt><trkpt lat="46.564960" lon="12.184586"><ele>2103.742</ele><time>2014-09-28T13:20:27Z</time></trkpt><trkpt lat="46.564980" lon="12.184617"><ele>2103.316</ele><time>2014-09-28T13:20:28Z</time></trkpt><trkpt lat="46.565030" lon="12.184681"><ele>2102.239</ele><time>2014-09-28T13:20:30Z</time></trkpt><trkpt lat="46.565071" lon="12.184710"><ele>2101.846</ele><time>2014-09-28T13:20:32Z</time></trkpt><trkpt lat="46.565115" lon="12.184744"><ele>2101.488</ele><time>2014-09-28T13:20:34Z</time></trkpt><trkpt lat="46.565151" lon="12.184771"><ele>2101.316</ele><time>2014-09-28T13:20:36Z</time></trkpt><trkpt lat="46.565170" lon="12.184792"><ele>2101.208</ele><time>2014-09-28T13:20:37Z</time></trkpt><trkpt lat="46.565182" lon="12.184822"><ele>2100.645</ele><time>2014-09-28T13:20:38Z</time></trkpt><trkpt lat="46.565201" lon="12.184876"><ele>2099.727</ele><time>2014-09-28T13:20:40Z</time></trkpt><trkpt lat="46.565211" lon="12.184917"><ele>2098.981</ele><time>2014-09-28T13:20:41Z</time></trkpt><trkpt lat="46.565210" lon="12.185011"><ele>2096.646</ele><time>2014-09-28T13:20:43Z</time></trkpt><trkpt lat="46.565212" lon="12.185069"><ele>2095.484</ele><time>2014-09-28T13:20:44Z</time></trkpt><trkpt lat="46.565215" lon="12.185119"><ele>2094.481</ele><time>2014-09-28T13:20:45Z</time></trkpt><trkpt lat="46.565244" lon="12.185201"><ele>2093.955</ele><time>2014-09-28T13:20:48Z</time></trkpt><trkpt lat="46.565247" lon="12.185236"><ele>2093.438</ele><time>2014-09-28T13:20:49Z</time></trkpt><trkpt lat="46.565263" lon="12.185301"><ele>2092.566</ele><time>2014-09-28T13:20:52Z</time></trkpt><trkpt lat="46.565269" lon="12.185311"><ele>2092.429</ele><time>2014-09-28T13:20:53Z</time></trkpt><trkpt lat="46.565269" lon="12.185325"><ele>2091.921</ele><time>2014-09-28T13:20:54Z</time></trkpt><trkpt lat="46.565262" lon="12.185345"><ele>2090.908</ele><time>2014-09-28T13:20:55Z</time></trkpt><trkpt lat="46.565265" lon="12.185391"><ele>2089.427</ele><time>2014-09-28T13:20:57Z</time></trkpt><trkpt lat="46.565240" lon="12.185495"><ele>2084.619</ele><time>2014-09-28T13:21:02Z</time></trkpt><trkpt lat="46.565246" lon="12.185503"><ele>2084.693</ele><time>2014-09-28T13:21:03Z</time></trkpt><trkpt lat="46.565259" lon="12.185521"><ele>2084.548</ele><time>2014-09-28T13:21:05Z</time></trkpt><trkpt lat="46.565297" lon="12.185544"><ele>2084.916</ele><time>2014-09-28T13:21:08Z</time></trkpt><trkpt lat="46.565329" lon="12.185534"><ele>2086.023</ele><time>2014-09-28T13:21:10Z</time></trkpt><trkpt lat="46.565362" lon="12.185561"><ele>2085.597</ele><time>2014-09-28T13:21:12Z</time></trkpt><trkpt lat="46.565395" lon="12.185581"><ele>2085.250</ele><time>2014-09-28T13:21:13Z</time></trkpt><trkpt lat="46.565409" lon="12.185591"><ele>2084.976</ele><time>2014-09-28T13:21:14Z</time></trkpt><trkpt lat="46.565415" lon="12.185606"><ele>2084.290</ele><time>2014-09-28T13:21:15Z</time></trkpt><trkpt lat="46.565424" lon="12.185614"><ele>2084.019</ele><time>2014-09-28T13:21:16Z</time></trkpt><trkpt lat="46.565477" lon="12.185639"><ele>2083.708</ele><time>2014-09-28T13:21:20Z</time></trkpt><trkpt lat="46.565488" lon="12.185662"><ele>2082.628</ele><time>2014-09-28T13:21:22Z</time></trkpt><trkpt lat="46.565518" lon="12.185689"><ele>2081.680</ele><time>2014-09-28T13:21:24Z</time></trkpt><trkpt lat="46.565522" lon="12.185684"><ele>2082.034</ele><time>2014-09-28T13:21:25Z</time></trkpt><trkpt lat="46.565536" lon="12.185691"><ele>2081.889</ele><time>2014-09-28T13:21:26Z</time></trkpt><trkpt lat="46.565569" lon="12.185695"><ele>2082.497</ele><time>2014-09-28T13:21:28Z</time></trkpt><trkpt lat="46.565602" lon="12.185693"><ele>2083.434</ele><time>2014-09-28T13:21:30Z</time></trkpt><trkpt lat="46.565626" lon="12.185704"><ele>2083.528</ele><time>2014-09-28T13:21:32Z</time></trkpt><trkpt lat="46.565626" lon="12.185731"><ele>2082.221</ele><time>2014-09-28T13:21:33Z</time></trkpt><trkpt lat="46.565610" lon="12.185763"><ele>2080.048</ele><time>2014-09-28T13:21:34Z</time></trkpt><trkpt lat="46.565548" lon="12.185730"><ele>2079.861</ele><time>2014-09-28T13:21:36Z</time></trkpt><trkpt lat="46.565505" lon="12.185732"><ele>2079.017</ele><time>2014-09-28T13:21:40Z</time></trkpt><trkpt lat="46.565419" lon="12.185746"><ele>2076.808</ele><time>2014-09-28T13:21:44Z</time></trkpt><trkpt lat="46.565346" lon="12.185758"><ele>2074.985</ele><time>2014-09-28T13:21:49Z</time></trkpt><trkpt lat="46.565335" lon="12.185765"><ele>2074.497</ele><time>2014-09-28T13:21:50Z</time></trkpt><trkpt lat="46.565273" lon="12.185801"><ele>2071.521</ele><time>2014-09-28T13:21:53Z</time></trkpt><trkpt lat="46.565253" lon="12.185803"><ele>2070.956</ele><time>2014-09-28T13:21:54Z</time></trkpt><trkpt lat="46.565218" lon="12.185821"><ele>2069.314</ele><time>2014-09-28T13:21:56Z</time></trkpt><trkpt lat="46.565196" lon="12.185830"><ele>2068.471</ele><time>2014-09-28T13:21:57Z</time></trkpt><trkpt lat="46.565104" lon="12.185866"><ele>2064.715</ele><time>2014-09-28T13:22:01Z</time></trkpt><trkpt lat="46.565036" lon="12.185841"><ele>2064.458</ele><time>2014-09-28T13:22:05Z</time></trkpt><trkpt lat="46.565038" lon="12.185820"><ele>2065.384</ele><time>2014-09-28T13:22:06Z</time></trkpt><trkpt lat="46.565040" lon="12.185776"><ele>2066.907</ele><time>2014-09-28T13:22:08Z</time></trkpt><trkpt lat="46.565040" lon="12.185740"><ele>2068.117</ele><time>2014-09-28T13:22:09Z</time></trkpt><trkpt lat="46.565030" lon="12.185651"><ele>2070.908</ele><time>2014-09-28T13:22:13Z</time></trkpt><trkpt lat="46.565020" lon="12.185638"><ele>2071.039</ele><time>2014-09-28T13:22:14Z</time></trkpt><trkpt lat="46.564980" lon="12.185591"><ele>2071.321</ele><time>2014-09-28T13:22:18Z</time></trkpt><trkpt lat="46.564959" lon="12.185573"><ele>2071.365</ele><time>2014-09-28T13:22:20Z</time></trkpt><trkpt lat="46.564963" lon="12.185575"><ele>2071.320</ele><time>2014-09-28T13:22:21Z</time></trkpt><trkpt lat="46.564957" lon="12.185574"><ele>2071.278</ele><time>2014-09-28T13:22:25Z</time></trkpt><trkpt lat="46.564949" lon="12.185604"><ele>2070.055</ele><time>2014-09-28T13:22:27Z</time></trkpt><trkpt lat="46.564946" lon="12.185623"><ele>2069.389</ele><time>2014-09-28T13:22:28Z</time></trkpt><trkpt lat="46.564936" lon="12.185660"><ele>2067.992</ele><time>2014-09-28T13:22:30Z</time></trkpt><trkpt lat="46.564923" lon="12.185698"><ele>2066.386</ele><time>2014-09-28T13:22:32Z</time></trkpt><trkpt lat="46.564922" lon="12.185722"><ele>2065.560</ele><time>2014-09-28T13:22:33Z</time></trkpt><trkpt lat="46.564929" lon="12.185740"><ele>2065.126</ele><time>2014-09-28T13:22:34Z</time></trkpt><trkpt lat="46.564918" lon="12.185743"><ele>2064.808</ele><time>2014-09-28T13:22:35Z</time></trkpt><trkpt lat="46.564917" lon="12.185762"><ele>2064.119</ele><time>2014-09-28T13:22:36Z</time></trkpt><trkpt lat="46.564905" lon="12.185773"><ele>2063.511</ele><time>2014-09-28T13:22:37Z</time></trkpt><trkpt lat="46.564900" lon="12.185786"><ele>2063.055</ele><time>2014-09-28T13:22:38Z</time></trkpt><trkpt lat="46.564875" lon="12.185850"><ele>2060.180</ele><time>2014-09-28T13:22:42Z</time></trkpt><trkpt lat="46.564895" lon="12.185921"><ele>2057.558</ele><time>2014-09-28T13:22:46Z</time></trkpt><trkpt lat="46.564924" lon="12.185965"><ele>2056.295</ele><time>2014-09-28T13:22:48Z</time></trkpt><trkpt lat="46.564932" lon="12.185990"><ele>2055.259</ele><time>2014-09-28T13:22:50Z</time></trkpt><trkpt lat="46.564973" lon="12.186009"><ele>2055.292</ele><time>2014-09-28T13:22:55Z</time></trkpt><trkpt lat="46.565009" lon="12.186032"><ele>2054.963</ele><time>2014-09-28T13:22:57Z</time></trkpt><trkpt lat="46.565037" lon="12.186054"><ele>2054.444</ele><time>2014-09-28T13:22:59Z</time></trkpt><trkpt lat="46.565062" lon="12.186076"><ele>2053.818</ele><time>2014-09-28T13:23:04Z</time></trkpt><trkpt lat="46.565072" lon="12.186079"><ele>2053.808</ele><time>2014-09-28T13:23:05Z</time></trkpt><trkpt lat="46.565111" lon="12.186098"><ele>2053.677</ele><time>2014-09-28T13:23:08Z</time></trkpt><trkpt lat="46.565124" lon="12.186100"><ele>2053.879</ele><time>2014-09-28T13:23:09Z</time></trkpt><trkpt lat="46.565129" lon="12.186099"><ele>2053.973</ele><time>2014-09-28T13:23:10Z</time></trkpt><trkpt lat="46.565145" lon="12.186111"><ele>2053.658</ele><time>2014-09-28T13:23:11Z</time></trkpt><trkpt lat="46.565142" lon="12.186150"><ele>2053.046</ele><time>2014-09-28T13:23:13Z</time></trkpt><trkpt lat="46.565131" lon="12.186156"><ele>2052.733</ele><time>2014-09-28T13:23:14Z</time></trkpt><trkpt lat="46.565072" lon="12.186180"><ele>2050.977</ele><time>2014-09-28T13:23:17Z</time></trkpt><trkpt lat="46.565016" lon="12.186195"><ele>2049.320</ele><time>2014-09-28T13:23:21Z</time></trkpt><trkpt lat="46.564997" lon="12.186195"><ele>2048.815</ele><time>2014-09-28T13:23:22Z</time></trkpt><trkpt lat="46.564947" lon="12.186203"><ele>2047.465</ele><time>2014-09-28T13:23:25Z</time></trkpt><trkpt lat="46.564906" lon="12.186205"><ele>2046.411</ele><time>2014-09-28T13:23:27Z</time></trkpt><trkpt lat="46.564854" lon="12.186213"><ele>2044.808</ele><time>2014-09-28T13:23:30Z</time></trkpt><trkpt lat="46.564836" lon="12.186216"><ele>2044.362</ele><time>2014-09-28T13:23:31Z</time></trkpt><trkpt lat="46.564813" lon="12.186228"><ele>2043.314</ele><time>2014-09-28T13:23:33Z</time></trkpt><trkpt lat="46.564785" lon="12.186243"><ele>2042.088</ele><time>2014-09-28T13:23:35Z</time></trkpt><trkpt lat="46.564742" lon="12.186231"><ele>2041.393</ele><time>2014-09-28T13:23:38Z</time></trkpt><trkpt lat="46.564728" lon="12.186241"><ele>2040.561</ele><time>2014-09-28T13:23:40Z</time></trkpt><trkpt lat="46.564691" lon="12.186251"><ele>2039.598</ele><time>2014-09-28T13:23:42Z</time></trkpt><trkpt lat="46.564655" lon="12.186263"><ele>2038.412</ele><time>2014-09-28T13:23:44Z</time></trkpt><trkpt lat="46.564625" lon="12.186272"><ele>2037.685</ele><time>2014-09-28T13:23:46Z</time></trkpt><trkpt lat="46.564599" lon="12.186281"><ele>2036.814</ele><time>2014-09-28T13:23:48Z</time></trkpt><trkpt lat="46.564558" lon="12.186310"><ele>2035.154</ele><time>2014-09-28T13:23:51Z</time></trkpt><trkpt lat="46.564547" lon="12.186344"><ele>2033.709</ele><time>2014-09-28T13:23:53Z</time></trkpt><trkpt lat="46.564523" lon="12.186371"><ele>2032.508</ele><time>2014-09-28T13:23:55Z</time></trkpt><trkpt lat="46.564531" lon="12.186388"><ele>2032.082</ele><time>2014-09-28T13:23:57Z</time></trkpt><trkpt lat="46.564548" lon="12.186403"><ele>2032.044</ele><time>2014-09-28T13:23:58Z</time></trkpt><trkpt lat="46.564638" lon="12.186449"><ele>2033.188</ele><time>2014-09-28T13:24:01Z</time></trkpt><trkpt lat="46.564658" lon="12.186459"><ele>2033.543</ele><time>2014-09-28T13:24:02Z</time></trkpt><trkpt lat="46.564661" lon="12.186456"><ele>2033.531</ele><time>2014-09-28T13:24:03Z</time></trkpt><trkpt lat="46.564684" lon="12.186473"><ele>2034.138</ele><time>2014-09-28T13:24:04Z</time></trkpt><trkpt lat="46.564706" lon="12.186486"><ele>2034.712</ele><time>2014-09-28T13:24:05Z</time></trkpt><trkpt lat="46.564731" lon="12.186526"><ele>2035.945</ele><time>2014-09-28T13:24:08Z</time></trkpt><trkpt lat="46.564729" lon="12.186550"><ele>2036.036</ele><time>2014-09-28T13:24:09Z</time></trkpt><trkpt lat="46.564709" lon="12.186591"><ele>2035.717</ele><time>2014-09-28T13:24:11Z</time></trkpt><trkpt lat="46.564717" lon="12.186586"><ele>2035.918</ele><time>2014-09-28T13:24:12Z</time></trkpt><trkpt lat="46.564744" lon="12.186602"><ele>2037.308</ele><time>2014-09-28T13:24:13Z</time></trkpt><trkpt lat="46.564766" lon="12.186638"><ele>2038.894</ele><time>2014-09-28T13:24:15Z</time></trkpt><trkpt lat="46.564779" lon="12.186646"><ele>2039.686</ele><time>2014-09-28T13:24:21Z</time></trkpt><trkpt lat="46.564791" lon="12.186698"><ele>2040.380</ele><time>2014-09-28T13:24:23Z</time></trkpt><trkpt lat="46.564798" lon="12.186728"><ele>2040.465</ele><time>2014-09-28T13:24:25Z</time></trkpt><trkpt lat="46.564815" lon="12.186783"><ele>2040.843</ele><time>2014-09-28T13:24:28Z</time></trkpt><trkpt lat="46.564816" lon="12.186787"><ele>2040.930</ele><time>2014-09-28T13:24:30Z</time></trkpt><trkpt lat="46.564807" lon="12.186790"><ele>2040.484</ele><time>2014-09-28T13:24:32Z</time></trkpt><trkpt lat="46.564787" lon="12.186788"><ele>2039.547</ele><time>2014-09-28T13:24:34Z</time></trkpt><trkpt lat="46.564766" lon="12.186787"><ele>2038.663</ele><time>2014-09-28T13:24:40Z</time></trkpt><trkpt lat="46.564785" lon="12.186855"><ele>2039.044</ele><time>2014-09-28T13:24:46Z</time></trkpt><trkpt lat="46.564787" lon="12.186865"><ele>2039.118</ele><time>2014-09-28T13:24:47Z</time></trkpt><trkpt lat="46.564799" lon="12.186918"><ele>2039.208</ele><time>2014-09-28T13:24:51Z</time></trkpt><trkpt lat="46.564803" lon="12.186923"><ele>2039.327</ele><time>2014-09-28T13:24:52Z</time></trkpt><trkpt lat="46.564819" lon="12.186986"><ele>2039.799</ele><time>2014-09-28T13:24:55Z</time></trkpt><trkpt lat="46.564797" lon="12.187025"><ele>2038.593</ele><time>2014-09-28T13:24:58Z</time></trkpt><trkpt lat="46.564799" lon="12.187045"><ele>2038.548</ele><time>2014-09-28T13:24:59Z</time></trkpt><trkpt lat="46.564780" lon="12.187142"><ele>2036.866</ele><time>2014-09-28T13:25:05Z</time></trkpt><trkpt lat="46.564769" lon="12.187203"><ele>2035.513</ele><time>2014-09-28T13:25:09Z</time></trkpt><trkpt lat="46.564756" lon="12.187224"><ele>2034.517</ele><time>2014-09-28T13:25:11Z</time></trkpt><trkpt lat="46.564757" lon="12.187257"><ele>2035.020</ele><time>2014-09-28T13:25:14Z</time></trkpt><trkpt lat="46.564755" lon="12.187286"><ele>2035.362</ele><time>2014-09-28T13:25:15Z</time></trkpt><trkpt lat="46.564754" lon="12.187323"><ele>2035.783</ele><time>2014-09-28T13:25:16Z</time></trkpt><trkpt lat="46.564764" lon="12.187369"><ele>2037.011</ele><time>2014-09-28T13:25:17Z</time></trkpt><trkpt lat="46.564749" lon="12.187434"><ele>2036.908</ele><time>2014-09-28T13:25:19Z</time></trkpt><trkpt lat="46.564731" lon="12.187528"><ele>2036.817</ele><time>2014-09-28T13:25:22Z</time></trkpt><trkpt lat="46.564721" lon="12.187595"><ele>2036.679</ele><time>2014-09-28T13:25:24Z</time></trkpt><trkpt lat="46.564721" lon="12.187619"><ele>2036.863</ele><time>2014-09-28T13:25:25Z</time></trkpt><trkpt lat="46.564692" lon="12.187719"><ele>2035.568</ele><time>2014-09-28T13:25:29Z</time></trkpt><trkpt lat="46.564684" lon="12.187789"><ele>2035.426</ele><time>2014-09-28T13:25:32Z</time></trkpt><trkpt lat="46.564673" lon="12.187845"><ele>2034.593</ele><time>2014-09-28T13:25:35Z</time></trkpt><trkpt lat="46.564651" lon="12.187928"><ele>2032.997</ele><time>2014-09-28T13:25:40Z</time></trkpt><trkpt lat="46.564652" lon="12.187944"><ele>2032.920</ele><time>2014-09-28T13:25:41Z</time></trkpt><trkpt lat="46.564653" lon="12.187973"><ele>2032.928</ele><time>2014-09-28T13:25:43Z</time></trkpt><trkpt lat="46.564667" lon="12.188030"><ele>2033.789</ele><time>2014-09-28T13:25:47Z</time></trkpt><trkpt lat="46.564669" lon="12.188043"><ele>2033.817</ele><time>2014-09-28T13:25:48Z</time></trkpt><trkpt lat="46.564682" lon="12.188121"><ele>2035.008</ele><time>2014-09-28T13:25:53Z</time></trkpt><trkpt lat="46.564679" lon="12.188135"><ele>2035.023</ele><time>2014-09-28T13:25:57Z</time></trkpt><trkpt lat="46.564689" lon="12.188146"><ele>2035.755</ele><time>2014-09-28T13:26:08Z</time></trkpt><trkpt lat="46.564680" lon="12.188200"><ele>2035.599</ele><time>2014-09-28T13:26:11Z</time></trkpt><trkpt lat="46.564684" lon="12.188248"><ele>2036.114</ele><time>2014-09-28T13:26:13Z</time></trkpt><trkpt lat="46.564674" lon="12.188327"><ele>2036.242</ele><time>2014-09-28T13:26:17Z</time></trkpt><trkpt lat="46.564661" lon="12.188380"><ele>2035.529</ele><time>2014-09-28T13:26:20Z</time></trkpt><trkpt lat="46.564650" lon="12.188448"><ele>2034.853</ele><time>2014-09-28T13:26:23Z</time></trkpt><trkpt lat="46.564642" lon="12.188525"><ele>2034.456</ele><time>2014-09-28T13:26:28Z</time></trkpt><trkpt lat="46.564643" lon="12.188538"><ele>2034.463</ele><time>2014-09-28T13:26:29Z</time></trkpt><trkpt lat="46.564634" lon="12.188527"><ele>2033.944</ele><time>2014-09-28T13:26:33Z</time></trkpt><trkpt lat="46.564628" lon="12.188532"><ele>2033.618</ele><time>2014-09-28T13:26:49Z</time></trkpt><trkpt lat="46.564600" lon="12.188590"><ele>2032.008</ele><time>2014-09-28T13:26:54Z</time></trkpt><trkpt lat="46.564551" lon="12.188608"><ele>2029.187</ele><time>2014-09-28T13:26:57Z</time></trkpt><trkpt lat="46.564511" lon="12.188616"><ele>2026.979</ele><time>2014-09-28T13:26:59Z</time></trkpt><trkpt lat="46.564502" lon="12.188631"><ele>2026.773</ele><time>2014-09-28T13:27:00Z</time></trkpt><trkpt lat="46.564474" lon="12.188700"><ele>2026.378</ele><time>2014-09-28T13:27:04Z</time></trkpt><trkpt lat="46.564446" lon="12.188771"><ele>2026.036</ele><time>2014-09-28T13:27:08Z</time></trkpt><trkpt lat="46.564427" lon="12.188810"><ele>2025.653</ele><time>2014-09-28T13:27:10Z</time></trkpt><trkpt lat="46.564402" lon="12.188893"><ele>2025.657</ele><time>2014-09-28T13:27:14Z</time></trkpt><trkpt lat="46.564395" lon="12.188929"><ele>2025.510</ele><time>2014-09-28T13:27:16Z</time></trkpt><trkpt lat="46.564388" lon="12.188945"><ele>2025.225</ele><time>2014-09-28T13:27:17Z</time></trkpt><trkpt lat="46.564380" lon="12.189010"><ele>2025.426</ele><time>2014-09-28T13:27:20Z</time></trkpt><trkpt lat="46.564376" lon="12.189045"><ele>2025.508</ele><time>2014-09-28T13:27:22Z</time></trkpt><trkpt lat="46.564364" lon="12.189118"><ele>2025.508</ele><time>2014-09-28T13:27:27Z</time></trkpt><trkpt lat="46.564383" lon="12.189190"><ele>2027.443</ele><time>2014-09-28T13:27:32Z</time></trkpt><trkpt lat="46.564382" lon="12.189228"><ele>2028.355</ele><time>2014-09-28T13:27:34Z</time></trkpt><trkpt lat="46.564385" lon="12.189276"><ele>2029.549</ele><time>2014-09-28T13:27:37Z</time></trkpt><trkpt lat="46.564385" lon="12.189291"><ele>2029.974</ele><time>2014-09-28T13:27:38Z</time></trkpt><trkpt lat="46.564376" lon="12.189341"><ele>2030.632</ele><time>2014-09-28T13:27:42Z</time></trkpt><trkpt lat="46.564365" lon="12.189336"><ele>2030.079</ele><time>2014-09-28T13:27:43Z</time></trkpt><trkpt lat="46.564305" lon="12.189300"><ele>2026.353</ele><time>2014-09-28T13:27:46Z</time></trkpt><trkpt lat="46.564283" lon="12.189300"><ele>2025.346</ele><time>2014-09-28T13:27:47Z</time></trkpt><trkpt lat="46.564269" lon="12.189317"><ele>2025.138</ele><time>2014-09-28T13:27:48Z</time></trkpt><trkpt lat="46.564223" lon="12.189345"><ele>2023.770</ele><time>2014-09-28T13:27:50Z</time></trkpt><trkpt lat="46.564174" lon="12.189363"><ele>2022.017</ele><time>2014-09-28T13:27:52Z</time></trkpt><trkpt lat="46.564107" lon="12.189400"><ele>2021.008</ele><time>2014-09-28T13:27:55Z</time></trkpt><trkpt lat="46.564071" lon="12.189434"><ele>2021.064</ele><time>2014-09-28T13:27:57Z</time></trkpt><trkpt lat="46.564000" lon="12.189510"><ele>2021.756</ele><time>2014-09-28T13:28:00Z</time></trkpt><trkpt lat="46.563992" lon="12.189536"><ele>2022.450</ele><time>2014-09-28T13:28:01Z</time></trkpt><trkpt lat="46.563971" lon="12.189557"><ele>2022.575</ele><time>2014-09-28T13:28:02Z</time></trkpt><trkpt lat="46.563949" lon="12.189573"><ele>2022.353</ele><time>2014-09-28T13:28:03Z</time></trkpt><trkpt lat="46.563932" lon="12.189622"><ele>2023.410</ele><time>2014-09-28T13:28:05Z</time></trkpt><trkpt lat="46.563917" lon="12.189631"><ele>2023.164</ele><time>2014-09-28T13:28:06Z</time></trkpt><trkpt lat="46.563879" lon="12.189649"><ele>2022.577</ele><time>2014-09-28T13:28:08Z</time></trkpt><trkpt lat="46.563855" lon="12.189664"><ele>2022.621</ele><time>2014-09-28T13:28:10Z</time></trkpt><trkpt lat="46.563827" lon="12.189676"><ele>2022.741</ele><time>2014-09-28T13:28:11Z</time></trkpt><trkpt lat="46.563754" lon="12.189713"><ele>2023.205</ele><time>2014-09-28T13:28:14Z</time></trkpt><trkpt lat="46.563736" lon="12.189723"><ele>2023.408</ele><time>2014-09-28T13:28:15Z</time></trkpt><trkpt lat="46.563702" lon="12.189733"><ele>2023.483</ele><time>2014-09-28T13:28:17Z</time></trkpt><trkpt lat="46.563667" lon="12.189724"><ele>2022.745</ele><time>2014-09-28T13:28:19Z</time></trkpt><trkpt lat="46.563592" lon="12.189735"><ele>2022.199</ele><time>2014-09-28T13:28:23Z</time></trkpt><trkpt lat="46.563573" lon="12.189733"><ele>2021.884</ele><time>2014-09-28T13:28:24Z</time></trkpt><trkpt lat="46.563522" lon="12.189722"><ele>2020.762</ele><time>2014-09-28T13:28:27Z</time></trkpt><trkpt lat="46.563463" lon="12.189690"><ele>2018.849</ele><time>2014-09-28T13:28:31Z</time></trkpt><trkpt lat="46.563441" lon="12.189671"><ele>2017.993</ele><time>2014-09-28T13:28:33Z</time></trkpt><trkpt lat="46.563429" lon="12.189664"><ele>2017.626</ele><time>2014-09-28T13:28:34Z</time></trkpt><trkpt lat="46.563411" lon="12.189667"><ele>2017.548</ele><time>2014-09-28T13:28:35Z</time></trkpt><trkpt lat="46.563348" lon="12.189653"><ele>2016.661</ele><time>2014-09-28T13:28:39Z</time></trkpt><trkpt lat="46.563280" lon="12.189633"><ele>2013.717</ele><time>2014-09-28T13:28:45Z</time></trkpt><trkpt lat="46.563251" lon="12.189601"><ele>2011.908</ele><time>2014-09-28T13:28:47Z</time></trkpt><trkpt lat="46.563214" lon="12.189567"><ele>2009.865</ele><time>2014-09-28T13:28:50Z</time></trkpt><trkpt lat="46.563203" lon="12.189557"><ele>2009.377</ele><time>2014-09-28T13:28:51Z</time></trkpt><trkpt lat="46.563202" lon="12.189543"><ele>2009.091</ele><time>2014-09-28T13:28:53Z</time></trkpt><trkpt lat="46.563188" lon="12.189531"><ele>2008.376</ele><time>2014-09-28T13:28:54Z</time></trkpt><trkpt lat="46.563158" lon="12.189464"><ele>2006.564</ele><time>2014-09-28T13:28:58Z</time></trkpt><trkpt lat="46.563144" lon="12.189452"><ele>2005.971</ele><time>2014-09-28T13:28:59Z</time></trkpt><trkpt lat="46.563108" lon="12.189410"><ele>2004.255</ele><time>2014-09-28T13:29:02Z</time></trkpt><trkpt lat="46.563072" lon="12.189413"><ele>2003.278</ele><time>2014-09-28T13:29:05Z</time></trkpt><trkpt lat="46.563044" lon="12.189447"><ele>2002.032</ele><time>2014-09-28T13:29:09Z</time></trkpt><trkpt lat="46.563040" lon="12.189474"><ele>2001.892</ele><time>2014-09-28T13:29:11Z</time></trkpt><trkpt lat="46.563030" lon="12.189500"><ele>2001.111</ele><time>2014-09-28T13:29:13Z</time></trkpt><trkpt lat="46.563028" lon="12.189525"><ele>2001.008</ele><time>2014-09-28T13:29:14Z</time></trkpt><trkpt lat="46.563042" lon="12.189578"><ele>2002.424</ele><time>2014-09-28T13:29:17Z</time></trkpt><trkpt lat="46.563043" lon="12.189588"><ele>2002.516</ele><time>2014-09-28T13:29:18Z</time></trkpt><trkpt lat="46.563040" lon="12.189604"><ele>2002.410</ele><time>2014-09-28T13:29:19Z</time></trkpt><trkpt lat="46.563019" lon="12.189658"><ele>2001.075</ele><time>2014-09-28T13:29:23Z</time></trkpt><trkpt lat="46.562975" lon="12.189723"><ele>1998.253</ele><time>2014-09-28T13:29:27Z</time></trkpt><trkpt lat="46.562943" lon="12.189776"><ele>1996.570</ele><time>2014-09-28T13:29:30Z</time></trkpt><trkpt lat="46.562925" lon="12.189798"><ele>1995.524</ele><time>2014-09-28T13:29:32Z</time></trkpt><trkpt lat="46.562928" lon="12.189786"><ele>1995.617</ele><time>2014-09-28T13:29:33Z</time></trkpt><trkpt lat="46.562920" lon="12.189795"><ele>1995.155</ele><time>2014-09-28T13:29:38Z</time></trkpt><trkpt lat="46.562903" lon="12.189843"><ele>1994.607</ele><time>2014-09-28T13:29:41Z</time></trkpt><trkpt lat="46.562888" lon="12.189883"><ele>1994.317</ele><time>2014-09-28T13:29:43Z</time></trkpt><trkpt lat="46.562877" lon="12.189904"><ele>1993.908</ele><time>2014-09-28T13:29:44Z</time></trkpt><trkpt lat="46.562859" lon="12.189988"><ele>1994.216</ele><time>2014-09-28T13:29:49Z</time></trkpt><trkpt lat="46.562861" lon="12.190008"><ele>1994.568</ele><time>2014-09-28T13:29:50Z</time></trkpt><trkpt lat="46.562843" lon="12.190075"><ele>1994.222</ele><time>2014-09-28T13:29:54Z</time></trkpt><trkpt lat="46.562807" lon="12.190174"><ele>1993.647</ele><time>2014-09-28T13:29:59Z</time></trkpt><trkpt lat="46.562792" lon="12.190223"><ele>1993.745</ele><time>2014-09-28T13:30:01Z</time></trkpt><trkpt lat="46.562772" lon="12.190268"><ele>1993.592</ele><time>2014-09-28T13:30:03Z</time></trkpt><trkpt lat="46.562761" lon="12.190320"><ele>1992.146</ele><time>2014-09-28T13:30:05Z</time></trkpt><trkpt lat="46.562741" lon="12.190377"><ele>1989.829</ele><time>2014-09-28T13:30:08Z</time></trkpt><trkpt lat="46.562738" lon="12.190406"><ele>1989.118</ele><time>2014-09-28T13:30:09Z</time></trkpt><trkpt lat="46.562736" lon="12.190458"><ele>1988.198</ele><time>2014-09-28T13:30:12Z</time></trkpt><trkpt lat="46.562743" lon="12.190471"><ele>1988.217</ele><time>2014-09-28T13:30:13Z</time></trkpt><trkpt lat="46.562761" lon="12.190483"><ele>1988.808</ele><time>2014-09-28T13:30:16Z</time></trkpt><trkpt lat="46.562760" lon="12.190481"><ele>1988.822</ele><time>2014-09-28T13:30:17Z</time></trkpt><trkpt lat="46.562763" lon="12.190482"><ele>1988.964</ele><time>2014-09-28T13:30:19Z</time></trkpt><trkpt lat="46.562775" lon="12.190481"><ele>1989.548</ele><time>2014-09-28T13:30:29Z</time></trkpt><trkpt lat="46.562784" lon="12.190483"><ele>1989.833</ele><time>2014-09-28T13:30:40Z</time></trkpt><trkpt lat="46.562777" lon="12.190471"><ele>1989.831</ele><time>2014-09-28T13:30:50Z</time></trkpt><trkpt lat="46.562767" lon="12.190465"><ele>1989.448</ele><time>2014-09-28T13:30:57Z</time></trkpt><trkpt lat="46.562764" lon="12.190459"><ele>1989.442</ele><time>2014-09-28T13:31:06Z</time></trkpt><trkpt lat="46.562751" lon="12.190456"><ele>1988.835</ele><time>2014-09-28T13:31:14Z</time></trkpt><trkpt lat="46.562742" lon="12.190463"><ele>1988.357</ele><time>2014-09-28T13:31:23Z</time></trkpt><trkpt lat="46.562738" lon="12.190487"><ele>1987.700</ele><time>2014-09-28T13:31:30Z</time></trkpt><trkpt lat="46.562772" lon="12.190550"><ele>1987.920</ele><time>2014-09-28T13:31:35Z</time></trkpt><trkpt lat="46.562793" lon="12.190572"><ele>1988.308</ele><time>2014-09-28T13:31:38Z</time></trkpt><trkpt lat="46.562819" lon="12.190601"><ele>1988.786</ele><time>2014-09-28T13:31:41Z</time></trkpt><trkpt lat="46.562829" lon="12.190614"><ele>1988.978</ele><time>2014-09-28T13:31:42Z</time></trkpt><trkpt lat="46.562869" lon="12.190664"><ele>1989.782</ele><time>2014-09-28T13:31:46Z</time></trkpt><trkpt lat="46.562869" lon="12.190685"><ele>1989.497</ele><time>2014-09-28T13:31:47Z</time></trkpt><trkpt lat="46.562868" lon="12.190759"><ele>1988.525</ele><time>2014-09-28T13:31:52Z</time></trkpt><trkpt lat="46.562860" lon="12.190803"><ele>1987.622</ele><time>2014-09-28T13:31:54Z</time></trkpt><trkpt lat="46.562862" lon="12.190840"><ele>1987.386</ele><time>2014-09-28T13:31:56Z</time></trkpt><trkpt lat="46.562855" lon="12.190859"><ele>1986.869</ele><time>2014-09-28T13:31:57Z</time></trkpt><trkpt lat="46.562867" lon="12.190944"><ele>1986.658</ele><time>2014-09-28T13:32:02Z</time></trkpt><trkpt lat="46.562870" lon="12.190952"><ele>1986.752</ele><time>2014-09-28T13:32:03Z</time></trkpt><trkpt lat="46.562871" lon="12.190968"><ele>1986.617</ele><time>2014-09-28T13:32:04Z</time></trkpt><trkpt lat="46.562868" lon="12.191027"><ele>1986.008</ele><time>2014-09-28T13:32:07Z</time></trkpt><trkpt lat="46.562864" lon="12.191067"><ele>1985.596</ele><time>2014-09-28T13:32:10Z</time></trkpt><trkpt lat="46.562836" lon="12.191116"><ele>1984.018</ele><time>2014-09-28T13:32:13Z</time></trkpt><trkpt lat="46.562826" lon="12.191137"><ele>1983.562</ele><time>2014-09-28T13:32:14Z</time></trkpt><trkpt lat="46.562792" lon="12.191184"><ele>1981.777</ele><time>2014-09-28T13:32:18Z</time></trkpt><trkpt lat="46.562780" lon="12.191203"><ele>1981.135</ele><time>2014-09-28T13:32:19Z</time></trkpt><trkpt lat="46.562762" lon="12.191252"><ele>1979.332</ele><time>2014-09-28T13:32:22Z</time></trkpt><trkpt lat="46.562750" lon="12.191286"><ele>1978.126</ele><time>2014-09-28T13:32:24Z</time></trkpt><trkpt lat="46.562749" lon="12.191305"><ele>1977.839</ele><time>2014-09-28T13:32:25Z</time></trkpt><trkpt lat="46.562750" lon="12.191349"><ele>1977.446</ele><time>2014-09-28T13:32:28Z</time></trkpt><trkpt lat="46.562767" lon="12.191378"><ele>1978.388</ele><time>2014-09-28T13:32:31Z</time></trkpt><trkpt lat="46.562773" lon="12.191394"><ele>1978.616</ele><time>2014-09-28T13:32:32Z</time></trkpt><trkpt lat="46.562778" lon="12.191397"><ele>1978.908</ele><time>2014-09-28T13:32:33Z</time></trkpt><trkpt lat="46.562790" lon="12.191459"><ele>1978.855</ele><time>2014-09-28T13:32:37Z</time></trkpt><trkpt lat="46.562787" lon="12.191523"><ele>1978.087</ele><time>2014-09-28T13:32:40Z</time></trkpt><trkpt lat="46.562781" lon="12.191556"><ele>1977.311</ele><time>2014-09-28T13:32:42Z</time></trkpt><trkpt lat="46.562781" lon="12.191579"><ele>1977.166</ele><time>2014-09-28T13:32:43Z</time></trkpt><trkpt lat="46.562775" lon="12.191657"><ele>1975.924</ele><time>2014-09-28T13:32:46Z</time></trkpt><trkpt lat="46.562770" lon="12.191685"><ele>1975.211</ele><time>2014-09-28T13:32:47Z</time></trkpt><trkpt lat="46.562763" lon="12.191763"><ele>1974.355</ele><time>2014-09-28T13:32:51Z</time></trkpt><trkpt lat="46.562749" lon="12.191859"><ele>1972.568</ele><time>2014-09-28T13:32:55Z</time></trkpt><trkpt lat="46.562739" lon="12.191907"><ele>1971.381</ele><time>2014-09-28T13:32:58Z</time></trkpt><trkpt lat="46.562734" lon="12.191953"><ele>1970.761</ele><time>2014-09-28T13:33:00Z</time></trkpt><trkpt lat="46.562723" lon="12.192086"><ele>1971.717</ele><time>2014-09-28T13:33:06Z</time></trkpt><trkpt lat="46.562714" lon="12.192107"><ele>1971.208</ele><time>2014-09-28T13:33:07Z</time></trkpt><trkpt lat="46.562693" lon="12.192169"><ele>1970.239</ele><time>2014-09-28T13:33:10Z</time></trkpt><trkpt lat="46.562688" lon="12.192190"><ele>1970.121</ele><time>2014-09-28T13:33:11Z</time></trkpt><trkpt lat="46.562689" lon="12.192210"><ele>1970.525</ele><time>2014-09-28T13:33:12Z</time></trkpt><trkpt lat="46.562685" lon="12.192229"><ele>1970.330</ele><time>2014-09-28T13:33:13Z</time></trkpt><trkpt lat="46.562670" lon="12.192272"><ele>1969.158</ele><time>2014-09-28T13:33:15Z</time></trkpt><trkpt lat="46.562654" lon="12.192277"><ele>1967.795</ele><time>2014-09-28T13:33:16Z</time></trkpt><trkpt lat="46.562638" lon="12.192262"><ele>1966.169</ele><time>2014-09-28T13:33:17Z</time></trkpt><trkpt lat="46.562630" lon="12.192240"><ele>1965.332</ele><time>2014-09-28T13:33:18Z</time></trkpt><trkpt lat="46.562625" lon="12.192194"><ele>1964.224</ele><time>2014-09-28T13:33:20Z</time></trkpt><trkpt lat="46.562632" lon="12.192162"><ele>1964.304</ele><time>2014-09-28T13:33:22Z</time></trkpt><trkpt lat="46.562638" lon="12.192142"><ele>1964.514</ele><time>2014-09-28T13:33:23Z</time></trkpt><trkpt lat="46.562655" lon="12.192037"><ele>1964.308</ele><time>2014-09-28T13:33:28Z</time></trkpt><trkpt lat="46.562655" lon="12.192014"><ele>1963.893</ele><time>2014-09-28T13:33:29Z</time></trkpt><trkpt lat="46.562652" lon="12.191975"><ele>1962.925</ele><time>2014-09-28T13:33:31Z</time></trkpt><trkpt lat="46.562653" lon="12.191876"><ele>1963.039</ele><time>2014-09-28T13:33:36Z</time></trkpt><trkpt lat="46.562648" lon="12.191861"><ele>1962.624</ele><time>2014-09-28T13:33:37Z</time></trkpt><trkpt lat="46.562620" lon="12.191754"><ele>1961.082</ele><time>2014-09-28T13:33:42Z</time></trkpt><trkpt lat="46.562610" lon="12.191745"><ele>1960.169</ele><time>2014-09-28T13:33:43Z</time></trkpt><trkpt lat="46.562595" lon="12.191729"><ele>1958.943</ele><time>2014-09-28T13:33:44Z</time></trkpt><trkpt lat="46.562559" lon="12.191702"><ele>1955.986</ele><time>2014-09-28T13:33:46Z</time></trkpt><trkpt lat="46.562480" lon="12.191646"><ele>1950.879</ele><time>2014-09-28T13:33:50Z</time></trkpt><trkpt lat="46.562444" lon="12.191608"><ele>1950.205</ele><time>2014-09-28T13:33:52Z</time></trkpt><trkpt lat="46.562433" lon="12.191593"><ele>1950.125</ele><time>2014-09-28T13:33:53Z</time></trkpt><trkpt lat="46.562397" lon="12.191521"><ele>1950.008</ele><time>2014-09-28T13:33:57Z</time></trkpt><trkpt lat="46.562382" lon="12.191460"><ele>1950.418</ele><time>2014-09-28T13:34:00Z</time></trkpt><trkpt lat="46.562370" lon="12.191414"><ele>1950.690</ele><time>2014-09-28T13:34:03Z</time></trkpt><trkpt lat="46.562367" lon="12.191392"><ele>1950.844</ele><time>2014-09-28T13:34:04Z</time></trkpt><trkpt lat="46.562351" lon="12.191329"><ele>1950.459</ele><time>2014-09-28T13:34:08Z</time></trkpt><trkpt lat="46.562349" lon="12.191313"><ele>1950.517</ele><time>2014-09-28T13:34:09Z</time></trkpt><trkpt lat="46.562354" lon="12.191244"><ele>1951.424</ele><time>2014-09-28T13:34:12Z</time></trkpt><trkpt lat="46.562351" lon="12.191199"><ele>1951.638</ele><time>2014-09-28T13:34:14Z</time></trkpt><trkpt lat="46.562339" lon="12.191176"><ele>1951.181</ele><time>2014-09-28T13:34:15Z</time></trkpt><trkpt lat="46.562315" lon="12.191144"><ele>1950.053</ele><time>2014-09-28T13:34:17Z</time></trkpt><trkpt lat="46.562299" lon="12.191132"><ele>1949.204</ele><time>2014-09-28T13:34:18Z</time></trkpt><trkpt lat="46.562231" lon="12.191100"><ele>1945.914</ele><time>2014-09-28T13:34:22Z</time></trkpt><trkpt lat="46.562220" lon="12.191095"><ele>1945.508</ele><time>2014-09-28T13:34:23Z</time></trkpt><trkpt lat="46.562188" lon="12.191078"><ele>1945.666</ele><time>2014-09-28T13:34:25Z</time></trkpt><trkpt lat="46.562139" lon="12.191044"><ele>1945.888</ele><time>2014-09-28T13:34:29Z</time></trkpt><trkpt lat="46.562117" lon="12.191034"><ele>1945.812</ele><time>2014-09-28T13:34:31Z</time></trkpt><trkpt lat="46.562045" lon="12.191023"><ele>1944.987</ele><time>2014-09-28T13:34:37Z</time></trkpt><trkpt lat="46.562035" lon="12.191022"><ele>1944.825</ele><time>2014-09-28T13:34:38Z</time></trkpt><trkpt lat="46.561971" lon="12.191044"><ele>1943.172</ele><time>2014-09-28T13:34:44Z</time></trkpt><trkpt lat="46.561959" lon="12.191049"><ele>1942.826</ele><time>2014-09-28T13:34:45Z</time></trkpt><trkpt lat="46.561889" lon="12.191088"><ele>1941.049</ele><time>2014-09-28T13:34:51Z</time></trkpt><trkpt lat="46.561878" lon="12.191095"><ele>1940.748</ele><time>2014-09-28T13:34:52Z</time></trkpt><trkpt lat="46.561837" lon="12.191099"><ele>1940.161</ele><time>2014-09-28T13:34:56Z</time></trkpt><trkpt lat="46.561831" lon="12.191094"><ele>1940.217</ele><time>2014-09-28T13:34:57Z</time></trkpt><trkpt lat="46.561833" lon="12.191099"><ele>1940.108</ele><time>2014-09-28T13:34:59Z</time></trkpt><trkpt lat="46.561791" lon="12.191096"><ele>1939.775</ele><time>2014-09-28T13:35:06Z</time></trkpt><trkpt lat="46.561775" lon="12.191059"><ele>1940.597</ele><time>2014-09-28T13:35:08Z</time></trkpt><trkpt lat="46.561770" lon="12.191040"><ele>1940.981</ele><time>2014-09-28T13:35:10Z</time></trkpt><trkpt lat="46.561769" lon="12.191033"><ele>1941.136</ele><time>2014-09-28T13:35:11Z</time></trkpt><trkpt lat="46.561782" lon="12.191039"><ele>1941.184</ele><time>2014-09-28T13:35:16Z</time></trkpt><trkpt lat="46.561796" lon="12.191043"><ele>1941.111</ele><time>2014-09-28T13:35:17Z</time></trkpt><trkpt lat="46.561819" lon="12.191067"><ele>1940.895</ele><time>2014-09-28T13:35:21Z</time></trkpt><trkpt lat="46.561852" lon="12.191092"><ele>1940.598</ele><time>2014-09-28T13:35:25Z</time></trkpt><trkpt lat="46.561849" lon="12.191095"><ele>1940.492</ele><time>2014-09-28T13:35:26Z</time></trkpt><trkpt lat="46.561864" lon="12.191085"><ele>1940.873</ele><time>2014-09-28T13:35:29Z</time></trkpt><trkpt lat="46.561857" lon="12.191085"><ele>1940.720</ele><time>2014-09-28T13:35:40Z</time></trkpt><trkpt lat="46.562007" lon="12.191075"><ele>1942.908</ele><time>2014-09-28T13:35:54Z</time></trkpt><trkpt lat="46.561979" lon="12.191058"><ele>1942.950</ele><time>2014-09-28T13:35:59Z</time></trkpt><trkpt lat="46.561969" lon="12.191042"><ele>1943.122</ele><time>2014-09-28T13:36:04Z</time></trkpt><trkpt lat="46.561946" lon="12.191001"><ele>1943.876</ele><time>2014-09-28T13:36:08Z</time></trkpt><trkpt lat="46.561912" lon="12.190913"><ele>1945.671</ele><time>2014-09-28T13:36:14Z</time></trkpt><trkpt lat="46.561908" lon="12.190882"><ele>1946.459</ele><time>2014-09-28T13:36:16Z</time></trkpt><trkpt lat="46.561896" lon="12.190795"><ele>1948.456</ele><time>2014-09-28T13:36:21Z</time></trkpt><trkpt lat="46.561888" lon="12.190772"><ele>1948.960</ele><time>2014-09-28T13:36:23Z</time></trkpt><trkpt lat="46.561870" lon="12.190691"><ele>1950.843</ele><time>2014-09-28T13:36:28Z</time></trkpt><trkpt lat="46.561857" lon="12.190649"><ele>1951.711</ele><time>2014-09-28T13:36:31Z</time></trkpt><trkpt lat="46.561843" lon="12.190622"><ele>1952.221</ele><time>2014-09-28T13:36:33Z</time></trkpt><trkpt lat="46.561818" lon="12.190547"><ele>1953.303</ele><time>2014-09-28T13:36:37Z</time></trkpt><trkpt lat="46.561811" lon="12.190528"><ele>1952.608</ele><time>2014-09-28T13:36:38Z</time></trkpt><trkpt lat="46.561798" lon="12.190493"><ele>1951.252</ele><time>2014-09-28T13:36:40Z</time></trkpt><trkpt lat="46.561774" lon="12.190459"><ele>1949.614</ele><time>2014-09-28T13:36:45Z</time></trkpt><trkpt lat="46.561767" lon="12.190452"><ele>1949.388</ele><time>2014-09-28T13:36:46Z</time></trkpt><trkpt lat="46.561738" lon="12.190430"><ele>1948.013</ele><time>2014-09-28T13:36:49Z</time></trkpt><trkpt lat="46.561689" lon="12.190430"><ele>1947.331</ele><time>2014-09-28T13:36:52Z</time></trkpt><trkpt lat="46.561679" lon="12.190404"><ele>1946.258</ele><time>2014-09-28T13:36:55Z</time></trkpt><trkpt lat="46.561684" lon="12.190385"><ele>1945.562</ele><time>2014-09-28T13:36:56Z</time></trkpt><trkpt lat="46.561693" lon="12.190370"><ele>1945.135</ele><time>2014-09-28T13:36:57Z</time></trkpt><trkpt lat="46.561680" lon="12.190360"><ele>1944.531</ele><time>2014-09-28T13:37:00Z</time></trkpt><trkpt lat="46.561661" lon="12.190356"><ele>1944.161</ele><time>2014-09-28T13:37:01Z</time></trkpt><trkpt lat="46.561652" lon="12.190346"><ele>1943.707</ele><time>2014-09-28T13:37:03Z</time></trkpt><trkpt lat="46.561656" lon="12.190324"><ele>1942.808</ele><time>2014-09-28T13:37:04Z</time></trkpt><trkpt lat="46.561662" lon="12.190301"><ele>1941.954</ele><time>2014-09-28T13:37:06Z</time></trkpt><trkpt lat="46.561644" lon="12.190282"><ele>1941.226</ele><time>2014-09-28T13:37:08Z</time></trkpt><trkpt lat="46.561629" lon="12.190262"><ele>1940.440</ele><time>2014-09-28T13:37:10Z</time></trkpt><trkpt lat="46.561650" lon="12.190226"><ele>1938.975</ele><time>2014-09-28T13:37:13Z</time></trkpt><trkpt lat="46.561659" lon="12.190206"><ele>1938.173</ele><time>2014-09-28T13:37:14Z</time></trkpt><trkpt lat="46.561663" lon="12.190185"><ele>1937.330</ele><time>2014-09-28T13:37:15Z</time></trkpt><trkpt lat="46.561669" lon="12.190173"><ele>1936.934</ele><time>2014-09-28T13:37:16Z</time></trkpt><trkpt lat="46.561672" lon="12.190149"><ele>1936.087</ele><time>2014-09-28T13:37:18Z</time></trkpt><trkpt lat="46.561674" lon="12.190132"><ele>1935.461</ele><time>2014-09-28T13:37:19Z</time></trkpt><trkpt lat="46.561665" lon="12.190092"><ele>1933.621</ele><time>2014-09-28T13:37:21Z</time></trkpt><trkpt lat="46.561654" lon="12.190083"><ele>1933.213</ele><time>2014-09-28T13:37:22Z</time></trkpt><trkpt lat="46.561639" lon="12.190073"><ele>1932.708</ele><time>2014-09-28T13:37:23Z</time></trkpt><trkpt lat="46.561644" lon="12.190013"><ele>1930.477</ele><time>2014-09-28T13:37:26Z</time></trkpt><trkpt lat="46.561637" lon="12.190004"><ele>1929.939</ele><time>2014-09-28T13:37:27Z</time></trkpt><trkpt lat="46.561618" lon="12.189995"><ele>1929.583</ele><time>2014-09-28T13:37:29Z</time></trkpt><trkpt lat="46.561611" lon="12.189984"><ele>1929.038</ele><time>2014-09-28T13:37:30Z</time></trkpt><trkpt lat="46.561606" lon="12.189976"><ele>1928.736</ele><time>2014-09-28T13:37:31Z</time></trkpt><trkpt lat="46.561586" lon="12.189977"><ele>1928.523</ele><time>2014-09-28T13:37:32Z</time></trkpt><trkpt lat="46.561557" lon="12.189969"><ele>1928.047</ele><time>2014-09-28T13:37:34Z</time></trkpt><trkpt lat="46.561525" lon="12.189888"><ele>1924.590</ele><time>2014-09-28T13:37:38Z</time></trkpt><trkpt lat="46.561484" lon="12.189850"><ele>1922.691</ele><time>2014-09-28T13:37:41Z</time></trkpt><trkpt lat="46.561467" lon="12.189851"><ele>1922.481</ele><time>2014-09-28T13:37:42Z</time></trkpt><trkpt lat="46.561451" lon="12.189840"><ele>1921.819</ele><time>2014-09-28T13:37:45Z</time></trkpt><trkpt lat="46.561447" lon="12.189841"><ele>1921.808</ele><time>2014-09-28T13:37:46Z</time></trkpt><trkpt lat="46.561431" lon="12.189848"><ele>1921.960</ele><time>2014-09-28T13:37:50Z</time></trkpt><trkpt lat="46.561432" lon="12.189848"><ele>1921.922</ele><time>2014-09-28T13:37:51Z</time></trkpt><trkpt lat="46.561435" lon="12.189856"><ele>1922.386</ele><time>2014-09-28T13:37:57Z</time></trkpt><trkpt lat="46.561436" lon="12.189857"><ele>1922.321</ele><time>2014-09-28T13:37:58Z</time></trkpt><trkpt lat="46.561434" lon="12.189847"><ele>1921.949</ele><time>2014-09-28T13:38:08Z</time></trkpt><trkpt lat="46.561438" lon="12.189850"><ele>1922.186</ele><time>2014-09-28T13:38:17Z</time></trkpt><trkpt lat="46.561430" lon="12.189852"><ele>1922.120</ele><time>2014-09-28T13:38:22Z</time></trkpt><trkpt lat="46.561424" lon="12.189835"><ele>1921.393</ele><time>2014-09-28T13:38:23Z</time></trkpt><trkpt lat="46.561399" lon="12.189813"><ele>1920.096</ele><time>2014-09-28T13:38:25Z</time></trkpt><trkpt lat="46.561383" lon="12.189781"><ele>1918.631</ele><time>2014-09-28T13:38:26Z</time></trkpt><trkpt lat="46.561372" lon="12.189758"><ele>1917.724</ele><time>2014-09-28T13:38:27Z</time></trkpt><trkpt lat="46.561374" lon="12.189744"><ele>1917.108</ele><time>2014-09-28T13:38:28Z</time></trkpt><trkpt lat="46.561386" lon="12.189730"><ele>1916.440</ele><time>2014-09-28T13:38:30Z</time></trkpt><trkpt lat="46.561398" lon="12.189714"><ele>1915.892</ele><time>2014-09-28T13:38:31Z</time></trkpt><trkpt lat="46.561391" lon="12.189690"><ele>1914.686</ele><time>2014-09-28T13:38:32Z</time></trkpt><trkpt lat="46.561398" lon="12.189635"><ele>1912.481</ele><time>2014-09-28T13:38:34Z</time></trkpt><trkpt lat="46.561404" lon="12.189616"><ele>1911.729</ele><time>2014-09-28T13:38:35Z</time></trkpt><trkpt lat="46.561414" lon="12.189561"><ele>1909.626</ele><time>2014-09-28T13:38:38Z</time></trkpt><trkpt lat="46.561434" lon="12.189530"><ele>1908.780</ele><time>2014-09-28T13:38:40Z</time></trkpt><trkpt lat="46.561448" lon="12.189512"><ele>1908.353</ele><time>2014-09-28T13:38:42Z</time></trkpt><trkpt lat="46.561450" lon="12.189503"><ele>1907.946</ele><time>2014-09-28T13:38:44Z</time></trkpt><trkpt lat="46.561454" lon="12.189480"><ele>1907.188</ele><time>2014-09-28T13:38:46Z</time></trkpt><trkpt lat="46.561439" lon="12.189438"><ele>1905.116</ele><time>2014-09-28T13:38:48Z</time></trkpt><trkpt lat="46.561439" lon="12.189426"><ele>1904.708</ele><time>2014-09-28T13:38:49Z</time></trkpt><trkpt lat="46.561448" lon="12.189418"><ele>1904.715</ele><time>2014-09-28T13:38:50Z</time></trkpt><trkpt lat="46.561447" lon="12.189382"><ele>1903.697</ele><time>2014-09-28T13:38:53Z</time></trkpt><trkpt lat="46.561448" lon="12.189372"><ele>1903.481</ele><time>2014-09-28T13:38:54Z</time></trkpt><trkpt lat="46.561447" lon="12.189350"><ele>1902.726</ele><time>2014-09-28T13:38:56Z</time></trkpt><trkpt lat="46.561438" lon="12.189365"><ele>1902.914</ele><time>2014-09-28T13:39:01Z</time></trkpt><trkpt lat="46.561412" lon="12.189404"><ele>1903.311</ele><time>2014-09-28T13:39:10Z</time></trkpt><trkpt lat="46.561404" lon="12.189391"><ele>1902.765</ele><time>2014-09-28T13:39:11Z</time></trkpt><trkpt lat="46.561393" lon="12.189347"><ele>1901.058</ele><time>2014-09-28T13:39:15Z</time></trkpt><trkpt lat="46.561383" lon="12.189319"><ele>1899.939</ele><time>2014-09-28T13:39:18Z</time></trkpt><trkpt lat="46.561368" lon="12.189314"><ele>1899.701</ele><time>2014-09-28T13:39:19Z</time></trkpt><trkpt lat="46.561342" lon="12.189291"><ele>1898.821</ele><time>2014-09-28T13:39:21Z</time></trkpt><trkpt lat="46.561342" lon="12.189297"><ele>1899.008</ele><time>2014-09-28T13:39:22Z</time></trkpt><trkpt lat="46.561328" lon="12.189287"><ele>1898.634</ele><time>2014-09-28T13:39:23Z</time></trkpt><trkpt lat="46.561319" lon="12.189274"><ele>1898.176</ele><time>2014-09-28T13:39:24Z</time></trkpt><trkpt lat="46.561315" lon="12.189259"><ele>1897.510</ele><time>2014-09-28T13:39:25Z</time></trkpt><trkpt lat="46.561302" lon="12.189214"><ele>1895.825</ele><time>2014-09-28T13:39:29Z</time></trkpt><trkpt lat="46.561287" lon="12.189200"><ele>1895.233</ele><time>2014-09-28T13:39:30Z</time></trkpt><trkpt lat="46.561262" lon="12.189178"><ele>1894.190</ele><time>2014-09-28T13:39:32Z</time></trkpt><trkpt lat="46.561260" lon="12.189155"><ele>1893.234</ele><time>2014-09-28T13:39:33Z</time></trkpt><trkpt lat="46.561261" lon="12.189137"><ele>1892.757</ele><time>2014-09-28T13:39:34Z</time></trkpt><trkpt lat="46.561237" lon="12.189083"><ele>1890.638</ele><time>2014-09-28T13:39:36Z</time></trkpt><trkpt lat="46.561216" lon="12.189056"><ele>1889.370</ele><time>2014-09-28T13:39:37Z</time></trkpt><trkpt lat="46.561205" lon="12.189029"><ele>1888.117</ele><time>2014-09-28T13:39:38Z</time></trkpt><trkpt lat="46.561190" lon="12.188933"><ele>1884.208</ele><time>2014-09-28T13:39:40Z</time></trkpt><trkpt lat="46.561202" lon="12.188847"><ele>1882.014</ele><time>2014-09-28T13:39:42Z</time></trkpt><trkpt lat="46.561183" lon="12.188785"><ele>1879.996</ele><time>2014-09-28T13:39:44Z</time></trkpt><trkpt lat="46.561131" lon="12.188715"><ele>1876.470</ele><time>2014-09-28T13:39:48Z</time></trkpt><trkpt lat="46.561118" lon="12.188691"><ele>1875.365</ele><time>2014-09-28T13:39:49Z</time></trkpt><trkpt lat="46.561081" lon="12.188639"><ele>1873.113</ele><time>2014-09-28T13:39:52Z</time></trkpt><trkpt lat="46.561070" lon="12.188633"><ele>1872.790</ele><time>2014-09-28T13:39:53Z</time></trkpt><trkpt lat="46.561029" lon="12.188626"><ele>1871.774</ele><time>2014-09-28T13:39:56Z</time></trkpt><trkpt lat="46.560996" lon="12.188612"><ele>1870.537</ele><time>2014-09-28T13:39:58Z</time></trkpt><trkpt lat="46.560979" lon="12.188597"><ele>1869.788</ele><time>2014-09-28T13:39:59Z</time></trkpt><trkpt lat="46.560949" lon="12.188577"><ele>1868.524</ele><time>2014-09-28T13:40:01Z</time></trkpt><trkpt lat="46.560938" lon="12.188557"><ele>1867.626</ele><time>2014-09-28T13:40:02Z</time></trkpt><trkpt lat="46.560925" lon="12.188552"><ele>1867.108</ele><time>2014-09-28T13:40:03Z</time></trkpt><trkpt lat="46.560907" lon="12.188557"><ele>1866.929</ele><time>2014-09-28T13:40:04Z</time></trkpt><trkpt lat="46.560894" lon="12.188562"><ele>1866.711</ele><time>2014-09-28T13:40:05Z</time></trkpt><trkpt lat="46.560887" lon="12.188567"><ele>1866.765</ele><time>2014-09-28T13:40:06Z</time></trkpt><trkpt lat="46.560877" lon="12.188572"><ele>1866.630</ele><time>2014-09-28T13:40:07Z</time></trkpt><trkpt lat="46.560848" lon="12.188598"><ele>1866.958</ele><time>2014-09-28T13:40:09Z</time></trkpt><trkpt lat="46.560807" lon="12.188642"><ele>1868.125</ele><time>2014-09-28T13:40:12Z</time></trkpt><trkpt lat="46.560749" lon="12.188645"><ele>1867.669</ele><time>2014-09-28T13:40:15Z</time></trkpt><trkpt lat="46.560757" lon="12.188647"><ele>1867.722</ele><time>2014-09-28T13:40:16Z</time></trkpt><trkpt lat="46.560757" lon="12.188636"><ele>1867.313</ele><time>2014-09-28T13:40:17Z</time></trkpt><trkpt lat="46.560719" lon="12.188628"><ele>1866.543</ele><time>2014-09-28T13:40:21Z</time></trkpt><trkpt lat="46.560682" lon="12.188608"><ele>1865.207</ele><time>2014-09-28T13:40:25Z</time></trkpt><trkpt lat="46.560675" lon="12.188598"><ele>1864.808</ele><time>2014-09-28T13:40:26Z</time></trkpt><trkpt lat="46.560666" lon="12.188557"><ele>1863.172</ele><time>2014-09-28T13:40:28Z</time></trkpt><trkpt lat="46.560666" lon="12.188547"><ele>1862.744</ele><time>2014-09-28T13:40:29Z</time></trkpt><trkpt lat="46.560664" lon="12.188534"><ele>1862.258</ele><time>2014-09-28T13:40:30Z</time></trkpt><trkpt lat="46.560664" lon="12.188504"><ele>1861.173</ele><time>2014-09-28T13:40:33Z</time></trkpt><trkpt lat="46.560675" lon="12.188494"><ele>1860.871</ele><time>2014-09-28T13:40:34Z</time></trkpt><trkpt lat="46.560692" lon="12.188468"><ele>1860.188</ele><time>2014-09-28T13:40:36Z</time></trkpt><trkpt lat="46.560697" lon="12.188449"><ele>1859.412</ele><time>2014-09-28T13:40:37Z</time></trkpt><trkpt lat="46.560702" lon="12.188415"><ele>1858.275</ele><time>2014-09-28T13:40:39Z</time></trkpt><trkpt lat="46.560707" lon="12.188413"><ele>1858.248</ele><time>2014-09-28T13:40:41Z</time></trkpt><trkpt lat="46.560711" lon="12.188399"><ele>1857.761</ele><time>2014-09-28T13:40:42Z</time></trkpt><trkpt lat="46.560706" lon="12.188380"><ele>1856.917</ele><time>2014-09-28T13:40:43Z</time></trkpt><trkpt lat="46.560705" lon="12.188372"><ele>1856.608</ele><time>2014-09-28T13:40:44Z</time></trkpt><trkpt lat="46.560708" lon="12.188384"><ele>1857.195</ele><time>2014-09-28T13:40:45Z</time></trkpt><trkpt lat="46.560692" lon="12.188351"><ele>1855.627</ele><time>2014-09-28T13:40:46Z</time></trkpt><trkpt lat="46.560663" lon="12.188304"><ele>1854.211</ele><time>2014-09-28T13:40:51Z</time></trkpt><trkpt lat="46.560652" lon="12.188284"><ele>1853.746</ele><time>2014-09-28T13:40:52Z</time></trkpt><trkpt lat="46.560631" lon="12.188262"><ele>1853.174</ele><time>2014-09-28T13:40:54Z</time></trkpt><trkpt lat="46.560622" lon="12.188252"><ele>1852.891</ele><time>2014-09-28T13:40:55Z</time></trkpt><trkpt lat="46.560606" lon="12.188235"><ele>1852.265</ele><time>2014-09-28T13:40:57Z</time></trkpt><trkpt lat="46.560598" lon="12.188229"><ele>1852.098</ele><time>2014-09-28T13:41:04Z</time></trkpt><trkpt lat="46.560578" lon="12.188150"><ele>1850.222</ele><time>2014-09-28T13:41:14Z</time></trkpt><trkpt lat="46.560574" lon="12.188155"><ele>1850.262</ele><time>2014-09-28T13:41:21Z</time></trkpt><trkpt lat="46.560564" lon="12.188157"><ele>1850.008</ele><time>2014-09-28T13:41:39Z</time></trkpt><trkpt lat="46.560444" lon="12.187864"><ele>1852.608</ele><time>2014-09-28T13:41:52Z</time></trkpt><trkpt lat="46.560425" lon="12.187824"><ele>1853.983</ele><time>2014-09-28T13:42:01Z</time></trkpt><trkpt lat="46.560392" lon="12.187819"><ele>1853.955</ele><time>2014-09-28T13:42:06Z</time></trkpt><trkpt lat="46.560377" lon="12.187807"><ele>1854.219</ele><time>2014-09-28T13:42:07Z</time></trkpt><trkpt lat="46.560358" lon="12.187813"><ele>1853.934</ele><time>2014-09-28T13:42:09Z</time></trkpt><trkpt lat="46.560351" lon="12.187802"><ele>1854.362</ele><time>2014-09-28T13:42:10Z</time></trkpt><trkpt lat="46.560329" lon="12.187818"><ele>1853.669</ele><time>2014-09-28T13:42:12Z</time></trkpt><trkpt lat="46.560319" lon="12.187837"><ele>1852.733</ele><time>2014-09-28T13:42:14Z</time></trkpt><trkpt lat="46.560315" lon="12.187844"><ele>1852.466</ele><time>2014-09-28T13:42:15Z</time></trkpt><trkpt lat="46.560314" lon="12.187847"><ele>1852.342</ele><time>2014-09-28T13:42:16Z</time></trkpt><trkpt lat="46.560303" lon="12.187853"><ele>1851.922</ele><time>2014-09-28T13:42:18Z</time></trkpt><trkpt lat="46.560295" lon="12.187866"><ele>1851.314</ele><time>2014-09-28T13:42:20Z</time></trkpt><trkpt lat="46.560298" lon="12.187858"><ele>1851.708</ele><time>2014-09-28T13:42:21Z</time></trkpt><trkpt lat="46.560272" lon="12.187891"><ele>1850.055</ele><time>2014-09-28T13:42:24Z</time></trkpt><trkpt lat="46.560270" lon="12.187894"><ele>1849.977</ele><time>2014-09-28T13:42:25Z</time></trkpt><trkpt lat="46.560264" lon="12.187877"><ele>1850.571</ele><time>2014-09-28T13:42:26Z</time></trkpt><trkpt lat="46.560243" lon="12.187882"><ele>1850.036</ele><time>2014-09-28T13:42:30Z</time></trkpt><trkpt lat="46.560223" lon="12.187884"><ele>1849.764</ele><time>2014-09-28T13:42:32Z</time></trkpt><trkpt lat="46.560202" lon="12.187886"><ele>1849.381</ele><time>2014-09-28T13:42:34Z</time></trkpt><trkpt lat="46.560172" lon="12.187905"><ele>1848.015</ele><time>2014-09-28T13:42:36Z</time></trkpt><trkpt lat="46.560180" lon="12.187908"><ele>1848.028</ele><time>2014-09-28T13:42:37Z</time></trkpt><trkpt lat="46.560180" lon="12.187936"><ele>1846.791</ele><time>2014-09-28T13:42:44Z</time></trkpt><trkpt lat="46.560187" lon="12.187961"><ele>1845.781</ele><time>2014-09-28T13:42:50Z</time></trkpt><trkpt lat="46.560194" lon="12.187964"><ele>1845.619</ele><time>2014-09-28T13:42:53Z</time></trkpt><trkpt lat="46.560208" lon="12.187927"><ele>1847.508</ele><time>2014-09-28T13:42:56Z</time></trkpt><trkpt lat="46.560212" lon="12.187932"><ele>1847.420</ele><time>2014-09-28T13:42:57Z</time></trkpt><trkpt lat="46.560214" lon="12.187949"><ele>1846.612</ele><time>2014-09-28T13:43:03Z</time></trkpt><trkpt lat="46.560216" lon="12.187956"><ele>1846.346</ele><time>2014-09-28T13:43:11Z</time></trkpt><trkpt lat="46.560175" lon="12.187913"><ele>1847.751</ele><time>2014-09-28T13:43:16Z</time></trkpt><trkpt lat="46.560177" lon="12.187913"><ele>1847.799</ele><time>2014-09-28T13:43:20Z</time></trkpt><trkpt lat="46.560147" lon="12.187907"><ele>1847.666</ele><time>2014-09-28T13:43:28Z</time></trkpt><trkpt lat="46.560137" lon="12.187886"><ele>1848.460</ele><time>2014-09-28T13:43:30Z</time></trkpt><trkpt lat="46.560133" lon="12.187856"><ele>1849.823</ele><time>2014-09-28T13:43:32Z</time></trkpt><trkpt lat="46.560132" lon="12.187878"><ele>1848.771</ele><time>2014-09-28T13:43:36Z</time></trkpt><trkpt lat="46.560133" lon="12.187877"><ele>1848.841</ele><time>2014-09-28T13:43:37Z</time></trkpt><trkpt lat="46.560132" lon="12.187902"><ele>1847.615</ele><time>2014-09-28T13:43:42Z</time></trkpt><trkpt lat="46.560166" lon="12.187988"><ele>1844.108</ele><time>2014-09-28T13:43:51Z</time></trkpt><trkpt lat="46.560171" lon="12.188060"><ele>1841.198</ele><time>2014-09-28T13:44:04Z</time></trkpt><trkpt lat="46.560184" lon="12.188090"><ele>1841.740</ele><time>2014-09-28T13:44:15Z</time></trkpt><trkpt lat="46.560195" lon="12.188134"><ele>1842.574</ele><time>2014-09-28T13:44:23Z</time></trkpt><trkpt lat="46.560188" lon="12.188190"><ele>1843.029</ele><time>2014-09-28T13:44:35Z</time></trkpt><trkpt lat="46.560166" lon="12.188219"><ele>1842.957</ele><time>2014-09-28T13:44:44Z</time></trkpt><trkpt lat="46.560096" lon="12.188225"><ele>1841.424</ele><time>2014-09-28T13:44:51Z</time></trkpt><trkpt lat="46.560062" lon="12.188253"><ele>1840.988</ele><time>2014-09-28T13:44:56Z</time></trkpt><trkpt lat="46.560049" lon="12.188260"><ele>1840.621</ele><time>2014-09-28T13:44:57Z</time></trkpt><trkpt lat="46.560004" lon="12.188306"><ele>1839.963</ele><time>2014-09-28T13:45:02Z</time></trkpt><trkpt lat="46.559949" lon="12.188349"><ele>1840.344</ele><time>2014-09-28T13:45:06Z</time></trkpt><trkpt lat="46.559926" lon="12.188354"><ele>1840.318</ele><time>2014-09-28T13:45:08Z</time></trkpt><trkpt lat="46.559903" lon="12.188367"><ele>1840.708</ele><time>2014-09-28T13:45:13Z</time></trkpt><trkpt lat="46.559881" lon="12.188372"><ele>1840.747</ele><time>2014-09-28T13:45:15Z</time></trkpt><trkpt lat="46.559869" lon="12.188349"><ele>1839.139</ele><time>2014-09-28T13:45:16Z</time></trkpt><trkpt lat="46.559855" lon="12.188348"><ele>1838.823</ele><time>2014-09-28T13:45:17Z</time></trkpt><trkpt lat="46.559846" lon="12.188352"><ele>1839.028</ele><time>2014-09-28T13:45:18Z</time></trkpt><trkpt lat="46.559792" lon="12.188334"><ele>1837.026</ele><time>2014-09-28T13:45:21Z</time></trkpt><trkpt lat="46.559777" lon="12.188314"><ele>1836.723</ele><time>2014-09-28T13:45:26Z</time></trkpt><trkpt lat="46.559754" lon="12.188304"><ele>1836.387</ele><time>2014-09-28T13:45:31Z</time></trkpt><trkpt lat="46.559684" lon="12.188287"><ele>1835.270</ele><time>2014-09-28T13:45:36Z</time></trkpt><trkpt lat="46.559649" lon="12.188288"><ele>1834.719</ele><time>2014-09-28T13:45:38Z</time></trkpt><trkpt lat="46.559629" lon="12.188280"><ele>1834.409</ele><time>2014-09-28T13:45:40Z</time></trkpt><trkpt lat="46.559583" lon="12.188258"><ele>1833.819</ele><time>2014-09-28T13:45:45Z</time></trkpt><trkpt lat="46.559554" lon="12.188244"><ele>1833.408</ele><time>2014-09-28T13:45:48Z</time></trkpt><trkpt lat="46.559535" lon="12.188225"><ele>1833.342</ele><time>2014-09-28T13:45:51Z</time></trkpt><trkpt lat="46.559532" lon="12.188198"><ele>1833.494</ele><time>2014-09-28T13:45:52Z</time></trkpt><trkpt lat="46.559536" lon="12.188196"><ele>1833.528</ele><time>2014-09-28T13:45:55Z</time></trkpt><trkpt lat="46.559511" lon="12.188187"><ele>1833.333</ele><time>2014-09-28T13:46:03Z</time></trkpt><trkpt lat="46.559472" lon="12.188192"><ele>1832.821</ele><time>2014-09-28T13:46:06Z</time></trkpt><trkpt lat="46.559440" lon="12.188187"><ele>1832.538</ele><time>2014-09-28T13:46:08Z</time></trkpt><trkpt lat="46.559409" lon="12.188185"><ele>1831.922</ele><time>2014-09-28T13:46:10Z</time></trkpt><trkpt lat="46.559362" lon="12.188191"><ele>1830.875</ele><time>2014-09-28T13:46:13Z</time></trkpt><trkpt lat="46.559350" lon="12.188188"><ele>1830.676</ele><time>2014-09-28T13:46:14Z</time></trkpt><trkpt lat="46.559316" lon="12.188194"><ele>1829.790</ele><time>2014-09-28T13:46:16Z</time></trkpt><trkpt lat="46.559285" lon="12.188196"><ele>1829.019</ele><time>2014-09-28T13:46:18Z</time></trkpt><trkpt lat="46.559237" lon="12.188213"><ele>1827.608</ele><time>2014-09-28T13:46:20Z</time></trkpt><trkpt lat="46.559209" lon="12.188213"><ele>1827.068</ele><time>2014-09-28T13:46:22Z</time></trkpt><trkpt lat="46.559187" lon="12.188201"><ele>1826.850</ele><time>2014-09-28T13:46:23Z</time></trkpt><trkpt lat="46.559115" lon="12.188223"><ele>1823.564</ele><time>2014-09-28T13:46:26Z</time></trkpt><trkpt lat="46.559066" lon="12.188238"><ele>1821.079</ele><time>2014-09-28T13:46:28Z</time></trkpt><trkpt lat="46.559041" lon="12.188244"><ele>1819.637</ele><time>2014-09-28T13:46:29Z</time></trkpt><trkpt lat="46.558966" lon="12.188247"><ele>1816.254</ele><time>2014-09-28T13:46:32Z</time></trkpt><trkpt lat="46.558945" lon="12.188248"><ele>1815.278</ele><time>2014-09-28T13:46:33Z</time></trkpt><trkpt lat="46.558929" lon="12.188252"><ele>1814.321</ele><time>2014-09-28T13:46:34Z</time></trkpt><trkpt lat="46.558919" lon="12.188231"><ele>1814.795</ele><time>2014-09-28T13:46:36Z</time></trkpt><trkpt lat="46.558926" lon="12.188237"><ele>1814.849</ele><time>2014-09-28T13:46:37Z</time></trkpt><trkpt lat="46.558913" lon="12.188230"><ele>1814.523</ele><time>2014-09-28T13:46:41Z</time></trkpt><trkpt lat="46.558913" lon="12.188221"><ele>1814.908</ele><time>2014-09-28T13:46:43Z</time></trkpt><trkpt lat="46.558866" lon="12.188242"><ele>1812.130</ele><time>2014-09-28T13:46:48Z</time></trkpt><trkpt lat="46.558844" lon="12.188244"><ele>1811.362</ele><time>2014-09-28T13:46:50Z</time></trkpt><trkpt lat="46.558821" lon="12.188256"><ele>1810.066</ele><time>2014-09-28T13:46:53Z</time></trkpt><trkpt lat="46.558811" lon="12.188274"><ele>1809.141</ele><time>2014-09-28T13:46:55Z</time></trkpt><trkpt lat="46.558772" lon="12.188282"><ele>1807.689</ele><time>2014-09-28T13:46:59Z</time></trkpt><trkpt lat="46.558747" lon="12.188252"><ele>1807.696</ele><time>2014-09-28T13:47:01Z</time></trkpt><trkpt lat="46.558737" lon="12.188250"><ele>1807.390</ele><time>2014-09-28T13:47:02Z</time></trkpt><trkpt lat="46.558719" lon="12.188243"><ele>1806.823</ele><time>2014-09-28T13:47:04Z</time></trkpt><trkpt lat="46.558692" lon="12.188236"><ele>1806.091</ele><time>2014-09-28T13:47:06Z</time></trkpt><trkpt lat="46.558677" lon="12.188221"><ele>1805.781</ele><time>2014-09-28T13:47:08Z</time></trkpt><trkpt lat="46.558670" lon="12.188220"><ele>1805.519</ele><time>2014-09-28T13:47:09Z</time></trkpt><trkpt lat="46.558671" lon="12.188224"><ele>1805.508</ele><time>2014-09-28T13:47:15Z</time></trkpt><trkpt lat="46.558640" lon="12.188182"><ele>1804.930</ele><time>2014-09-28T13:47:18Z</time></trkpt><trkpt lat="46.558618" lon="12.188167"><ele>1804.162</ele><time>2014-09-28T13:47:20Z</time></trkpt><trkpt lat="46.558608" lon="12.188153"><ele>1803.846</ele><time>2014-09-28T13:47:21Z</time></trkpt><trkpt lat="46.558585" lon="12.188150"><ele>1803.021</ele><time>2014-09-28T13:47:23Z</time></trkpt><trkpt lat="46.558562" lon="12.188146"><ele>1802.369</ele><time>2014-09-28T13:47:25Z</time></trkpt><trkpt lat="46.558551" lon="12.188133"><ele>1802.086</ele><time>2014-09-28T13:47:26Z</time></trkpt><trkpt lat="46.558531" lon="12.188074"><ele>1801.960</ele><time>2014-09-28T13:47:31Z</time></trkpt><trkpt lat="46.558526" lon="12.188038"><ele>1802.083</ele><time>2014-09-28T13:47:34Z</time></trkpt><trkpt lat="46.558510" lon="12.188030"><ele>1801.571</ele><time>2014-09-28T13:47:36Z</time></trkpt><trkpt lat="46.558500" lon="12.188023"><ele>1801.141</ele><time>2014-09-28T13:47:37Z</time></trkpt><trkpt lat="46.558490" lon="12.188010"><ele>1800.815</ele><time>2014-09-28T13:47:39Z</time></trkpt><trkpt lat="46.558489" lon="12.187998"><ele>1800.808</ele><time>2014-09-28T13:47:40Z</time></trkpt><trkpt lat="46.558487" lon="12.187988"><ele>1800.828</ele><time>2014-09-28T13:47:43Z</time></trkpt><trkpt lat="46.558484" lon="12.187922"><ele>1800.970</ele><time>2014-09-28T13:47:48Z</time></trkpt><trkpt lat="46.558474" lon="12.187876"><ele>1800.714</ele><time>2014-09-28T13:47:53Z</time></trkpt><trkpt lat="46.558459" lon="12.187871"><ele>1800.259</ele><time>2014-09-28T13:47:54Z</time></trkpt><trkpt lat="46.558418" lon="12.187840"><ele>1798.857</ele><time>2014-09-28T13:47:59Z</time></trkpt><trkpt lat="46.558406" lon="12.187835"><ele>1798.414</ele><time>2014-09-28T13:48:00Z</time></trkpt><trkpt lat="46.558369" lon="12.187789"><ele>1797.218</ele><time>2014-09-28T13:48:05Z</time></trkpt><trkpt lat="46.558340" lon="12.187754"><ele>1796.321</ele><time>2014-09-28T13:48:10Z</time></trkpt><trkpt lat="46.558343" lon="12.187754"><ele>1796.483</ele><time>2014-09-28T13:48:11Z</time></trkpt><trkpt lat="46.558359" lon="12.187734"><ele>1797.025</ele><time>2014-09-28T13:48:18Z</time></trkpt><trkpt lat="46.558360" lon="12.187752"><ele>1797.017</ele><time>2014-09-28T13:48:22Z</time></trkpt><trkpt lat="46.558355" lon="12.187733"><ele>1796.808</ele><time>2014-09-28T13:48:25Z</time></trkpt><trkpt lat="46.558328" lon="12.187703"><ele>1795.929</ele><time>2014-09-28T13:48:29Z</time></trkpt><trkpt lat="46.558319" lon="12.187693"><ele>1795.711</ele><time>2014-09-28T13:48:30Z</time></trkpt><trkpt lat="46.558301" lon="12.187669"><ele>1795.355</ele><time>2014-09-28T13:48:32Z</time></trkpt><trkpt lat="46.558267" lon="12.187613"><ele>1794.490</ele><time>2014-09-28T13:48:37Z</time></trkpt><trkpt lat="46.558251" lon="12.187594"><ele>1794.028</ele><time>2014-09-28T13:48:39Z</time></trkpt><trkpt lat="46.558207" lon="12.187533"><ele>1792.925</ele><time>2014-09-28T13:48:44Z</time></trkpt><trkpt lat="46.558166" lon="12.187459"><ele>1791.829</ele><time>2014-09-28T13:48:49Z</time></trkpt><trkpt lat="46.558142" lon="12.187412"><ele>1791.332</ele><time>2014-09-28T13:48:52Z</time></trkpt><trkpt lat="46.558114" lon="12.187383"><ele>1790.664</ele><time>2014-09-28T13:48:55Z</time></trkpt><trkpt lat="46.558085" lon="12.187355"><ele>1789.806</ele><time>2014-09-28T13:48:58Z</time></trkpt><trkpt lat="46.558069" lon="12.187337"><ele>1789.416</ele><time>2014-09-28T13:49:00Z</time></trkpt><trkpt lat="46.558050" lon="12.187305"><ele>1788.908</ele><time>2014-09-28T13:49:03Z</time></trkpt><trkpt lat="46.558018" lon="12.187250"><ele>1788.297</ele><time>2014-09-28T13:49:08Z</time></trkpt><trkpt lat="46.558002" lon="12.187200"><ele>1787.739</ele><time>2014-09-28T13:49:13Z</time></trkpt><trkpt lat="46.557999" lon="12.187189"><ele>1787.683</ele><time>2014-09-28T13:49:14Z</time></trkpt><trkpt lat="46.557968" lon="12.187158"><ele>1786.878</ele><time>2014-09-28T13:49:18Z</time></trkpt><trkpt lat="46.557935" lon="12.187134"><ele>1786.076</ele><time>2014-09-28T13:49:21Z</time></trkpt><trkpt lat="46.557885" lon="12.187081"><ele>1784.923</ele><time>2014-09-28T13:49:27Z</time></trkpt><trkpt lat="46.557877" lon="12.187071"><ele>1784.837</ele><time>2014-09-28T13:49:33Z</time></trkpt><trkpt lat="46.557880" lon="12.187054"><ele>1784.810</ele><time>2014-09-28T13:49:51Z</time></trkpt><trkpt lat="46.557878" lon="12.187048"><ele>1784.733</ele><time>2014-09-28T13:49:54Z</time></trkpt><trkpt lat="46.557865" lon="12.187007"><ele>1784.423</ele><time>2014-09-28T13:49:57Z</time></trkpt><trkpt lat="46.557853" lon="12.186987"><ele>1784.215</ele><time>2014-09-28T13:49:58Z</time></trkpt><trkpt lat="46.557797" lon="12.186955"><ele>1783.308</ele><time>2014-09-28T13:50:02Z</time></trkpt><trkpt lat="46.557767" lon="12.186945"><ele>1782.814</ele><time>2014-09-28T13:50:04Z</time></trkpt><trkpt lat="46.557723" lon="12.186946"><ele>1781.876</ele><time>2014-09-28T13:50:08Z</time></trkpt><trkpt lat="46.557716" lon="12.186938"><ele>1781.670</ele><time>2014-09-28T13:50:09Z</time></trkpt><trkpt lat="46.557708" lon="12.186926"><ele>1781.435</ele><time>2014-09-28T13:50:10Z</time></trkpt><trkpt lat="46.557692" lon="12.186864"><ele>1780.633</ele><time>2014-09-28T13:50:14Z</time></trkpt><trkpt lat="46.557689" lon="12.186820"><ele>1780.240</ele><time>2014-09-28T13:50:17Z</time></trkpt><trkpt lat="46.557691" lon="12.186791"><ele>1780.044</ele><time>2014-09-28T13:50:19Z</time></trkpt><trkpt lat="46.557691" lon="12.186773"><ele>1779.947</ele><time>2014-09-28T13:50:20Z</time></trkpt><trkpt lat="46.557687" lon="12.186729"><ele>1779.576</ele><time>2014-09-28T13:50:23Z</time></trkpt><trkpt lat="46.557689" lon="12.186691"><ele>1779.390</ele><time>2014-09-28T13:50:26Z</time></trkpt><trkpt lat="46.557686" lon="12.186684"><ele>1779.119</ele><time>2014-09-28T13:50:27Z</time></trkpt><trkpt lat="46.557684" lon="12.186685"><ele>1779.108</ele><time>2014-09-28T13:50:32Z</time></trkpt><trkpt lat="46.557678" lon="12.186637"><ele>1778.748</ele><time>2014-09-28T13:50:44Z</time></trkpt><trkpt lat="46.557680" lon="12.186633"><ele>1778.740</ele><time>2014-09-28T13:50:45Z</time></trkpt><trkpt lat="46.557687" lon="12.186559"><ele>1778.424</ele><time>2014-09-28T13:50:50Z</time></trkpt><trkpt lat="46.557701" lon="12.186501"><ele>1778.399</ele><time>2014-09-28T13:50:55Z</time></trkpt><trkpt lat="46.557707" lon="12.186506"><ele>1778.577</ele><time>2014-09-28T13:50:56Z</time></trkpt><trkpt lat="46.557704" lon="12.186503"><ele>1778.434</ele><time>2014-09-28T13:51:02Z</time></trkpt><trkpt lat="46.557703" lon="12.186505"><ele>1778.428</ele><time>2014-09-28T13:51:08Z</time></trkpt><trkpt lat="46.557714" lon="12.186492"><ele>1778.581</ele><time>2014-09-28T13:51:20Z</time></trkpt><trkpt lat="46.557712" lon="12.186488"><ele>1778.447</ele><time>2014-09-28T13:51:26Z</time></trkpt><trkpt lat="46.557701" lon="12.186462"><ele>1778.129</ele><time>2014-09-28T13:51:36Z</time></trkpt><trkpt lat="46.557704" lon="12.186468"><ele>1778.221</ele><time>2014-09-28T13:51:40Z</time></trkpt><trkpt lat="46.557703" lon="12.186472"><ele>1778.208</ele><time>2014-09-28T13:51:41Z</time></trkpt><trkpt lat="46.557705" lon="12.186476"><ele>1778.215</ele><time>2014-09-28T13:51:47Z</time></trkpt><trkpt lat="46.557702" lon="12.186482"><ele>1778.297</ele><time>2014-09-28T13:51:55Z</time></trkpt><trkpt lat="46.557689" lon="12.186481"><ele>1778.051</ele><time>2014-09-28T13:52:00Z</time></trkpt><trkpt lat="46.557690" lon="12.186476"><ele>1777.976</ele><time>2014-09-28T13:52:10Z</time></trkpt><trkpt lat="46.557688" lon="12.186477"><ele>1777.914</ele><time>2014-09-28T13:52:19Z</time></trkpt><trkpt lat="46.557696" lon="12.186477"><ele>1778.171</ele><time>2014-09-28T13:52:27Z</time></trkpt><trkpt lat="46.557676" lon="12.186451"><ele>1777.515</ele><time>2014-09-28T13:52:39Z</time></trkpt><trkpt lat="46.557676" lon="12.186451"><ele>1777.568</ele><time>2014-09-28T13:52:54Z</time></trkpt><trkpt lat="46.557672" lon="12.186460"><ele>1777.574</ele><time>2014-09-28T13:53:04Z</time></trkpt><trkpt lat="46.557677" lon="12.186470"><ele>1777.756</ele><time>2014-09-28T13:53:11Z</time></trkpt><trkpt lat="46.557686" lon="12.186471"><ele>1777.821</ele><time>2014-09-28T13:53:19Z</time></trkpt><trkpt lat="46.557690" lon="12.186470"><ele>1777.908</ele><time>2014-09-28T13:53:23Z</time></trkpt><trkpt lat="46.557692" lon="12.186467"><ele>1777.928</ele><time>2014-09-28T13:53:30Z</time></trkpt><trkpt lat="46.557694" lon="12.186452"><ele>1777.930</ele><time>2014-09-28T13:53:35Z</time></trkpt><trkpt lat="46.557693" lon="12.186453"><ele>1777.914</ele><time>2014-09-28T13:53:42Z</time></trkpt><trkpt lat="46.557688" lon="12.186465"><ele>1777.879</ele><time>2014-09-28T13:53:52Z</time></trkpt><trkpt lat="46.557687" lon="12.186463"><ele>1777.877</ele><time>2014-09-28T13:53:58Z</time></trkpt><trkpt lat="46.557691" lon="12.186471"><ele>1777.924</ele><time>2014-09-28T13:54:13Z</time></trkpt><trkpt lat="46.557702" lon="12.186496"><ele>1778.318</ele><time>2014-09-28T13:54:25Z</time></trkpt><trkpt lat="46.557702" lon="12.186495"><ele>1778.331</ele><time>2014-09-28T13:54:29Z</time></trkpt><trkpt lat="46.557710" lon="12.186465"><ele>1778.378</ele><time>2014-09-28T13:54:40Z</time></trkpt><trkpt lat="46.557710" lon="12.186457"><ele>1778.233</ele><time>2014-09-28T13:54:50Z</time></trkpt><trkpt lat="46.557718" lon="12.186459"><ele>1778.426</ele><time>2014-09-28T13:55:00Z</time></trkpt><trkpt lat="46.557720" lon="12.186460"><ele>1778.408</ele><time>2014-09-28T13:55:07Z</time></trkpt><trkpt lat="46.557720" lon="12.186459"><ele>1778.428</ele><time>2014-09-28T13:55:14Z</time></trkpt><trkpt lat="46.557722" lon="12.186462"><ele>1778.580</ele><time>2014-09-28T13:55:18Z</time></trkpt><trkpt lat="46.557721" lon="12.186460"><ele>1778.424</ele><time>2014-09-28T13:55:22Z</time></trkpt><trkpt lat="46.557723" lon="12.186461"><ele>1778.549</ele><time>2014-09-28T13:55:29Z</time></trkpt><trkpt lat="46.557724" lon="12.186464"><ele>1778.527</ele><time>2014-09-28T13:55:39Z</time></trkpt><trkpt lat="46.557728" lon="12.186471"><ele>1778.674</ele><time>2014-09-28T13:55:46Z</time></trkpt><trkpt lat="46.557738" lon="12.186482"><ele>1778.948</ele><time>2014-09-28T13:55:55Z</time></trkpt><trkpt lat="46.557746" lon="12.186488"><ele>1779.171</ele><time>2014-09-28T13:56:12Z</time></trkpt><trkpt lat="46.557743" lon="12.186484"><ele>1779.081</ele><time>2014-09-28T13:56:20Z</time></trkpt><trkpt lat="46.557735" lon="12.186475"><ele>1778.861</ele><time>2014-09-28T13:56:31Z</time></trkpt><trkpt lat="46.557735" lon="12.186471"><ele>1778.817</ele><time>2014-09-28T13:56:48Z</time></trkpt><trkpt lat="46.557736" lon="12.186472"><ele>1778.808</ele><time>2014-09-28T13:57:00Z</time></trkpt><trkpt lat="46.557732" lon="12.186472"><ele>1778.799</ele><time>2014-09-28T13:57:16Z</time></trkpt><trkpt lat="46.557724" lon="12.186460"><ele>1778.551</ele><time>2014-09-28T13:57:20Z</time></trkpt><trkpt lat="46.557722" lon="12.186459"><ele>1778.585</ele><time>2014-09-28T13:57:25Z</time></trkpt><trkpt lat="46.557722" lon="12.186456"><ele>1778.430</ele><time>2014-09-28T13:57:35Z</time></trkpt><trkpt lat="46.557727" lon="12.186466"><ele>1778.678</ele><time>2014-09-28T13:57:43Z</time></trkpt><trkpt lat="46.557735" lon="12.186470"><ele>1778.885</ele><time>2014-09-28T13:57:52Z</time></trkpt><trkpt lat="46.557730" lon="12.186463"><ele>1778.689</ele><time>2014-09-28T13:57:59Z</time></trkpt><trkpt lat="46.557715" lon="12.186459"><ele>1778.392</ele><time>2014-09-28T13:58:16Z</time></trkpt><trkpt lat="46.557702" lon="12.186447"><ele>1778.028</ele><time>2014-09-28T13:58:32Z</time></trkpt><trkpt lat="46.557706" lon="12.186446"><ele>1778.189</ele><time>2014-09-28T13:58:45Z</time></trkpt><trkpt lat="46.557713" lon="12.186471"><ele>1778.417</ele><time>2014-09-28T13:58:54Z</time></trkpt><trkpt lat="46.557714" lon="12.186477"><ele>1778.408</ele><time>2014-09-28T13:59:11Z</time></trkpt><trkpt lat="46.557716" lon="12.186479"><ele>1778.583</ele><time>2014-09-28T13:59:24Z</time></trkpt><trkpt lat="46.557720" lon="12.186482"><ele>1778.625</ele><time>2014-09-28T13:59:31Z</time></trkpt><trkpt lat="46.557722" lon="12.186484"><ele>1778.669</ele><time>2014-09-28T13:59:38Z</time></trkpt><trkpt lat="46.557723" lon="12.186482"><ele>1778.624</ele><time>2014-09-28T13:59:46Z</time></trkpt><trkpt lat="46.557716" lon="12.186484"><ele>1778.532</ele><time>2014-09-28T13:59:54Z</time></trkpt><trkpt lat="46.557717" lon="12.186487"><ele>1778.599</ele><time>2014-09-28T14:00:05Z</time></trkpt><trkpt lat="46.557696" lon="12.186462"><ele>1778.053</ele><time>2014-09-28T14:00:11Z</time></trkpt><trkpt lat="46.557697" lon="12.186466"><ele>1778.066</ele><time>2014-09-28T14:00:18Z</time></trkpt><trkpt lat="46.557698" lon="12.186467"><ele>1778.037</ele><time>2014-09-28T14:00:29Z</time></trkpt><trkpt lat="46.557705" lon="12.186461"><ele>1778.149</ele><time>2014-09-28T14:00:42Z</time></trkpt><trkpt lat="46.557705" lon="12.186446"><ele>1778.013</ele><time>2014-09-28T14:00:50Z</time></trkpt><trkpt lat="46.557703" lon="12.186435"><ele>1777.908</ele><time>2014-09-28T14:01:01Z</time></trkpt><trkpt lat="46.557703" lon="12.186435"><ele>1777.934</ele><time>2014-09-28T14:01:02Z</time></trkpt><trkpt lat="46.557692" lon="12.186402"><ele>1777.526</ele><time>2014-09-28T14:01:21Z</time></trkpt><trkpt lat="46.557697" lon="12.186407"><ele>1777.710</ele><time>2014-09-28T14:01:32Z</time></trkpt><trkpt lat="46.557696" lon="12.186408"><ele>1777.645</ele><time>2014-09-28T14:01:33Z</time></trkpt><trkpt lat="46.557693" lon="12.186400"><ele>1777.583</ele><time>2014-09-28T14:01:42Z</time></trkpt><trkpt lat="46.557688" lon="12.186389"><ele>1777.420</ele><time>2014-09-28T14:01:49Z</time></trkpt><trkpt lat="46.557683" lon="12.186389"><ele>1777.354</ele><time>2014-09-28T14:02:03Z</time></trkpt><trkpt lat="46.557682" lon="12.186403"><ele>1777.427</ele><time>2014-09-28T14:02:25Z</time></trkpt><trkpt lat="46.557685" lon="12.186410"><ele>1777.582</ele><time>2014-09-28T14:02:32Z</time></trkpt><trkpt lat="46.557691" lon="12.186415"><ele>1777.643</ele><time>2014-09-28T14:02:42Z</time></trkpt><trkpt lat="46.557695" lon="12.186428"><ele>1777.817</ele><time>2014-09-28T14:02:56Z</time></trkpt><trkpt lat="46.557698" lon="12.186434"><ele>1777.808</ele><time>2014-09-28T14:03:06Z</time></trkpt><trkpt lat="46.557706" lon="12.186435"><ele>1778.089</ele><time>2014-09-28T14:03:15Z</time></trkpt><trkpt lat="46.557710" lon="12.186430"><ele>1778.051</ele><time>2014-09-28T14:03:22Z</time></trkpt><trkpt lat="46.557709" lon="12.186430"><ele>1778.095</ele><time>2014-09-28T14:03:23Z</time></trkpt><trkpt lat="46.557711" lon="12.186441"><ele>1778.190</ele><time>2014-09-28T14:03:32Z</time></trkpt><trkpt lat="46.557722" lon="12.186464"><ele>1778.568</ele><time>2014-09-28T14:03:42Z</time></trkpt><trkpt lat="46.557720" lon="12.186456"><ele>1778.425</ele><time>2014-09-28T14:03:57Z</time></trkpt><trkpt lat="46.557717" lon="12.186459"><ele>1778.469</ele><time>2014-09-28T14:04:12Z</time></trkpt><trkpt lat="46.557721" lon="12.186462"><ele>1778.572</ele><time>2014-09-28T14:04:24Z</time></trkpt><trkpt lat="46.557717" lon="12.186455"><ele>1778.394</ele><time>2014-09-28T14:04:35Z</time></trkpt><trkpt lat="46.557707" lon="12.186409"><ele>1777.957</ele><time>2014-09-28T14:04:44Z</time></trkpt><trkpt lat="46.557688" lon="12.186404"><ele>1777.522</ele><time>2014-09-28T14:04:49Z</time></trkpt><trkpt lat="46.557689" lon="12.186384"><ele>1777.408</ele><time>2014-09-28T14:04:54Z</time></trkpt><trkpt lat="46.557687" lon="12.186388"><ele>1777.470</ele><time>2014-09-28T14:05:04Z</time></trkpt><trkpt lat="46.557678" lon="12.186380"><ele>1777.242</ele><time>2014-09-28T14:05:15Z</time></trkpt><trkpt lat="46.557679" lon="12.186388"><ele>1777.236</ele><time>2014-09-28T14:05:36Z</time></trkpt><trkpt lat="46.557690" lon="12.186398"><ele>1777.511</ele><time>2014-09-28T14:05:49Z</time></trkpt><trkpt lat="46.557687" lon="12.186395"><ele>1777.429</ele><time>2014-09-28T14:05:56Z</time></trkpt><trkpt lat="46.557699" lon="12.186406"><ele>1777.756</ele><time>2014-09-28T14:06:06Z</time></trkpt><trkpt lat="46.557723" lon="12.186418"><ele>1778.280</ele><time>2014-09-28T14:06:20Z</time></trkpt><trkpt lat="46.557711" lon="12.186440"><ele>1778.193</ele><time>2014-09-28T14:06:35Z</time></trkpt><trkpt lat="46.557706" lon="12.186434"><ele>1778.064</ele><time>2014-09-28T14:06:46Z</time></trkpt><trkpt lat="46.557699" lon="12.186403"><ele>1777.706</ele><time>2014-09-28T14:06:55Z</time></trkpt><trkpt lat="46.557702" lon="12.186403"><ele>1777.716</ele><time>2014-09-28T14:06:59Z</time></trkpt><trkpt lat="46.557696" lon="12.186406"><ele>1777.608</ele><time>2014-09-28T14:07:10Z</time></trkpt><trkpt lat="46.557688" lon="12.186403"><ele>1777.597</ele><time>2014-09-28T14:07:19Z</time></trkpt><trkpt lat="46.557693" lon="12.186395"><ele>1777.529</ele><time>2014-09-28T14:07:25Z</time></trkpt><trkpt lat="46.557677" lon="12.186369"><ele>1777.153</ele><time>2014-09-28T14:07:33Z</time></trkpt><trkpt lat="46.557667" lon="12.186364"><ele>1776.958</ele><time>2014-09-28T14:07:34Z</time></trkpt><trkpt lat="46.557608" lon="12.186336"><ele>1775.816</ele><time>2014-09-28T14:07:39Z</time></trkpt><trkpt lat="46.557591" lon="12.186325"><ele>1775.433</ele><time>2014-09-28T14:07:41Z</time></trkpt><trkpt lat="46.557571" lon="12.186318"><ele>1775.047</ele><time>2014-09-28T14:07:43Z</time></trkpt><trkpt lat="46.557519" lon="12.186284"><ele>1774.030</ele><time>2014-09-28T14:07:48Z</time></trkpt><trkpt lat="46.557504" lon="12.186261"><ele>1773.652</ele><time>2014-09-28T14:07:50Z</time></trkpt><trkpt lat="46.557489" lon="12.186247"><ele>1773.353</ele><time>2014-09-28T14:07:51Z</time></trkpt><trkpt lat="46.557473" lon="12.186228"><ele>1772.808</ele><time>2014-09-28T14:07:53Z</time></trkpt><trkpt lat="46.557461" lon="12.186219"><ele>1772.508</ele><time>2014-09-28T14:07:54Z</time></trkpt><trkpt lat="46.557448" lon="12.186210"><ele>1772.236</ele><time>2014-09-28T14:07:55Z</time></trkpt><trkpt lat="46.557396" lon="12.186187"><ele>1771.068</ele><time>2014-09-28T14:07:59Z</time></trkpt><trkpt lat="46.557364" lon="12.186181"><ele>1770.392</ele><time>2014-09-28T14:08:01Z</time></trkpt><trkpt lat="46.557355" lon="12.186167"><ele>1770.197</ele><time>2014-09-28T14:08:02Z</time></trkpt><trkpt lat="46.557315" lon="12.186147"><ele>1769.125</ele><time>2014-09-28T14:08:05Z</time></trkpt><trkpt lat="46.557286" lon="12.186140"><ele>1768.592</ele><time>2014-09-28T14:08:07Z</time></trkpt><trkpt lat="46.557252" lon="12.186126"><ele>1767.736</ele><time>2014-09-28T14:08:10Z</time></trkpt><trkpt lat="46.557244" lon="12.186118"><ele>1767.579</ele><time>2014-09-28T14:08:11Z</time></trkpt><trkpt lat="46.557220" lon="12.186109"><ele>1767.068</ele><time>2014-09-28T14:08:13Z</time></trkpt><trkpt lat="46.557186" lon="12.186078"><ele>1766.342</ele><time>2014-09-28T14:08:16Z</time></trkpt><trkpt lat="46.557156" lon="12.186052"><ele>1765.826</ele><time>2014-09-28T14:08:19Z</time></trkpt><trkpt lat="46.557115" lon="12.186028"><ele>1765.008</ele><time>2014-09-28T14:08:22Z</time></trkpt><trkpt lat="46.557099" lon="12.186017"><ele>1764.617</ele><time>2014-09-28T14:08:23Z</time></trkpt><trkpt lat="46.557021" lon="12.185980"><ele>1763.039</ele><time>2014-09-28T14:08:29Z</time></trkpt><trkpt lat="46.557005" lon="12.185975"><ele>1762.763</ele><time>2014-09-28T14:08:30Z</time></trkpt><trkpt lat="46.556980" lon="12.185965"><ele>1762.278</ele><time>2014-09-28T14:08:32Z</time></trkpt><trkpt lat="46.556936" lon="12.185945"><ele>1761.376</ele><time>2014-09-28T14:08:35Z</time></trkpt><trkpt lat="46.556924" lon="12.185940"><ele>1761.143</ele><time>2014-09-28T14:08:36Z</time></trkpt><trkpt lat="46.556852" lon="12.185931"><ele>1760.077</ele><time>2014-09-28T14:08:41Z</time></trkpt><trkpt lat="46.556832" lon="12.185930"><ele>1759.780</ele><time>2014-09-28T14:08:42Z</time></trkpt><trkpt lat="46.556773" lon="12.185919"><ele>1758.886</ele><time>2014-09-28T14:08:47Z</time></trkpt><trkpt lat="46.556767" lon="12.185917"><ele>1758.760</ele><time>2014-09-28T14:08:48Z</time></trkpt><trkpt lat="46.556755" lon="12.185921"><ele>1758.626</ele><time>2014-09-28T14:08:49Z</time></trkpt><trkpt lat="46.556721" lon="12.185918"><ele>1758.108</ele><time>2014-09-28T14:08:52Z</time></trkpt><trkpt lat="46.556704" lon="12.185912"><ele>1757.899</ele><time>2014-09-28T14:08:53Z</time></trkpt><trkpt lat="46.556672" lon="12.185900"><ele>1757.311</ele><time>2014-09-28T14:08:57Z</time></trkpt><trkpt lat="46.556624" lon="12.185876"><ele>1756.525</ele><time>2014-09-28T14:09:02Z</time></trkpt><trkpt lat="46.556613" lon="12.185877"><ele>1756.430</ele><time>2014-09-28T14:09:03Z</time></trkpt><trkpt lat="46.556586" lon="12.185867"><ele>1755.928</ele><time>2014-09-28T14:09:05Z</time></trkpt><trkpt lat="46.556537" lon="12.185850"><ele>1755.225</ele><time>2014-09-28T14:09:08Z</time></trkpt><trkpt lat="46.556524" lon="12.185841"><ele>1755.029</ele><time>2014-09-28T14:09:09Z</time></trkpt><trkpt lat="46.556459" lon="12.185816"><ele>1753.912</ele><time>2014-09-28T14:09:14Z</time></trkpt><trkpt lat="46.556449" lon="12.185810"><ele>1753.721</ele><time>2014-09-28T14:09:15Z</time></trkpt><trkpt lat="46.556402" lon="12.185773"><ele>1752.741</ele><time>2014-09-28T14:09:20Z</time></trkpt><trkpt lat="46.556392" lon="12.185766"><ele>1752.605</ele><time>2014-09-28T14:09:21Z</time></trkpt><trkpt lat="46.556381" lon="12.185760"><ele>1752.308</ele><time>2014-09-28T14:09:22Z</time></trkpt><trkpt lat="46.556348" lon="12.185740"><ele>1751.593</ele><time>2014-09-28T14:09:25Z</time></trkpt><trkpt lat="46.556336" lon="12.185744"><ele>1751.355</ele><time>2014-09-28T14:09:26Z</time></trkpt><trkpt lat="46.556286" lon="12.185732"><ele>1750.359</ele><time>2014-09-28T14:09:31Z</time></trkpt><trkpt lat="46.556273" lon="12.185714"><ele>1750.054</ele><time>2014-09-28T14:09:33Z</time></trkpt><trkpt lat="46.556250" lon="12.185698"><ele>1749.572</ele><time>2014-09-28T14:09:36Z</time></trkpt><trkpt lat="46.556228" lon="12.185684"><ele>1749.129</ele><time>2014-09-28T14:09:37Z</time></trkpt><trkpt lat="46.556213" lon="12.185675"><ele>1748.863</ele><time>2014-09-28T14:09:39Z</time></trkpt><trkpt lat="46.556195" lon="12.185678"><ele>1748.576</ele><time>2014-09-28T14:09:41Z</time></trkpt><trkpt lat="46.556181" lon="12.185678"><ele>1748.238</ele><time>2014-09-28T14:09:46Z</time></trkpt><trkpt lat="46.556173" lon="12.185678"><ele>1748.170</ele><time>2014-09-28T14:09:52Z</time></trkpt><trkpt lat="46.556168" lon="12.185676"><ele>1748.017</ele><time>2014-09-28T14:09:53Z</time></trkpt><trkpt lat="46.556143" lon="12.185642"><ele>1747.508</ele><time>2014-09-28T14:09:57Z</time></trkpt><trkpt lat="46.556138" lon="12.185629"><ele>1747.484</ele><time>2014-09-28T14:10:01Z</time></trkpt><trkpt lat="46.556098" lon="12.185578"><ele>1746.776</ele><time>2014-09-28T14:10:06Z</time></trkpt><trkpt lat="46.556092" lon="12.185575"><ele>1746.610</ele><time>2014-09-28T14:10:07Z</time></trkpt><trkpt lat="46.556057" lon="12.185561"><ele>1745.835</ele><time>2014-09-28T14:10:09Z</time></trkpt><trkpt lat="46.556031" lon="12.185532"><ele>1745.133</ele><time>2014-09-28T14:10:11Z</time></trkpt><trkpt lat="46.556011" lon="12.185507"><ele>1744.690</ele><time>2014-09-28T14:10:13Z</time></trkpt><trkpt lat="46.555972" lon="12.185470"><ele>1743.514</ele><time>2014-09-28T14:10:17Z</time></trkpt><trkpt lat="46.555955" lon="12.185468"><ele>1743.217</ele><time>2014-09-28T14:10:18Z</time></trkpt><trkpt lat="46.555946" lon="12.185455"><ele>1742.973</ele><time>2014-09-28T14:10:19Z</time></trkpt><trkpt lat="46.555912" lon="12.185418"><ele>1742.185</ele><time>2014-09-28T14:10:22Z</time></trkpt><trkpt lat="46.555897" lon="12.185404"><ele>1741.713</ele><time>2014-09-28T14:10:23Z</time></trkpt><trkpt lat="46.555862" lon="12.185356"><ele>1740.808</ele><time>2014-09-28T14:10:26Z</time></trkpt><trkpt lat="46.555854" lon="12.185346"><ele>1740.648</ele><time>2014-09-28T14:10:27Z</time></trkpt><trkpt lat="46.555818" lon="12.185309"><ele>1739.810</ele><time>2014-09-28T14:10:31Z</time></trkpt><trkpt lat="46.555789" lon="12.185270"><ele>1739.224</ele><time>2014-09-28T14:10:34Z</time></trkpt><trkpt lat="46.555770" lon="12.185235"><ele>1738.719</ele><time>2014-09-28T14:10:37Z</time></trkpt><trkpt lat="46.555742" lon="12.185186"><ele>1738.027</ele><time>2014-09-28T14:10:40Z</time></trkpt><trkpt lat="46.555710" lon="12.185155"><ele>1737.324</ele><time>2014-09-28T14:10:43Z</time></trkpt><trkpt lat="46.555706" lon="12.185145"><ele>1737.278</ele><time>2014-09-28T14:10:44Z</time></trkpt><trkpt lat="46.555703" lon="12.185122"><ele>1737.141</ele><time>2014-09-28T14:10:45Z</time></trkpt><trkpt lat="46.555685" lon="12.185089"><ele>1736.756</ele><time>2014-09-28T14:10:47Z</time></trkpt><trkpt lat="46.555647" lon="12.185049"><ele>1735.859</ele><time>2014-09-28T14:10:50Z</time></trkpt><trkpt lat="46.555615" lon="12.185018"><ele>1735.114</ele><time>2014-09-28T14:10:52Z</time></trkpt><trkpt lat="46.555600" lon="12.185007"><ele>1734.808</ele><time>2014-09-28T14:10:53Z</time></trkpt><trkpt lat="46.555579" lon="12.185032"><ele>1734.526</ele><time>2014-09-28T14:10:54Z</time></trkpt><trkpt lat="46.555570" lon="12.185020"><ele>1734.348</ele><time>2014-09-28T14:10:56Z</time></trkpt><trkpt lat="46.555558" lon="12.184992"><ele>1734.072</ele><time>2014-09-28T14:10:58Z</time></trkpt><trkpt lat="46.555536" lon="12.184954"><ele>1733.257</ele><time>2014-09-28T14:11:00Z</time></trkpt><trkpt lat="46.555497" lon="12.184880"><ele>1731.735</ele><time>2014-09-28T14:11:04Z</time></trkpt><trkpt lat="46.555493" lon="12.184857"><ele>1731.492</ele><time>2014-09-28T14:11:05Z</time></trkpt><trkpt lat="46.555479" lon="12.184813"><ele>1730.816</ele><time>2014-09-28T14:11:07Z</time></trkpt><trkpt lat="46.555463" lon="12.184773"><ele>1730.239</ele><time>2014-09-28T14:11:09Z</time></trkpt><trkpt lat="46.555450" lon="12.184732"><ele>1729.623</ele><time>2014-09-28T14:11:11Z</time></trkpt><trkpt lat="46.555419" lon="12.184665"><ele>1728.683</ele><time>2014-09-28T14:11:15Z</time></trkpt><trkpt lat="46.555426" lon="12.184634"><ele>1728.511</ele><time>2014-09-28T14:11:16Z</time></trkpt><trkpt lat="46.555395" lon="12.184551"><ele>1727.408</ele><time>2014-09-28T14:11:20Z</time></trkpt><trkpt lat="46.555384" lon="12.184530"><ele>1727.083</ele><time>2014-09-28T14:11:21Z</time></trkpt><trkpt lat="46.555368" lon="12.184489"><ele>1726.375</ele><time>2014-09-28T14:11:23Z</time></trkpt><trkpt lat="46.555336" lon="12.184378"><ele>1725.259</ele><time>2014-09-28T14:11:28Z</time></trkpt><trkpt lat="46.555332" lon="12.184362"><ele>1725.164</ele><time>2014-09-28T14:11:29Z</time></trkpt><trkpt lat="46.555309" lon="12.184273"><ele>1724.652</ele><time>2014-09-28T14:11:33Z</time></trkpt><trkpt lat="46.555298" lon="12.184253"><ele>1724.479</ele><time>2014-09-28T14:11:34Z</time></trkpt><trkpt lat="46.555282" lon="12.184235"><ele>1724.143</ele><time>2014-09-28T14:11:35Z</time></trkpt><trkpt lat="46.555272" lon="12.184213"><ele>1723.956</ele><time>2014-09-28T14:11:36Z</time></trkpt><trkpt lat="46.555219" lon="12.184126"><ele>1722.848</ele><time>2014-09-28T14:11:40Z</time></trkpt><trkpt lat="46.555204" lon="12.184110"><ele>1722.561</ele><time>2014-09-28T14:11:41Z</time></trkpt><trkpt lat="46.555176" lon="12.184073"><ele>1721.817</ele><time>2014-09-28T14:11:44Z</time></trkpt><trkpt lat="46.555164" lon="12.184032"><ele>1721.508</ele><time>2014-09-28T14:11:46Z</time></trkpt><trkpt lat="46.555148" lon="12.183998"><ele>1721.135</ele><time>2014-09-28T14:11:48Z</time></trkpt><trkpt lat="46.555129" lon="12.183939"><ele>1720.557</ele><time>2014-09-28T14:11:51Z</time></trkpt><trkpt lat="46.555113" lon="12.183904"><ele>1720.151</ele><time>2014-09-28T14:11:53Z</time></trkpt><trkpt lat="46.555098" lon="12.183863"><ele>1719.876</ele><time>2014-09-28T14:11:55Z</time></trkpt><trkpt lat="46.555089" lon="12.183824"><ele>1719.724</ele><time>2014-09-28T14:11:57Z</time></trkpt><trkpt lat="46.555084" lon="12.183764"><ele>1719.661</ele><time>2014-09-28T14:12:01Z</time></trkpt><trkpt lat="46.555080" lon="12.183751"><ele>1719.665</ele><time>2014-09-28T14:12:02Z</time></trkpt><trkpt lat="46.555075" lon="12.183711"><ele>1719.548</ele><time>2014-09-28T14:12:04Z</time></trkpt><trkpt lat="46.555075" lon="12.183664"><ele>1719.649</ele><time>2014-09-28T14:12:07Z</time></trkpt><trkpt lat="46.555072" lon="12.183617"><ele>1719.602</ele><time>2014-09-28T14:12:09Z</time></trkpt><trkpt lat="46.555040" lon="12.183554"><ele>1719.122</ele><time>2014-09-28T14:12:13Z</time></trkpt><trkpt lat="46.555022" lon="12.183529"><ele>1718.808</ele><time>2014-09-28T14:12:15Z</time></trkpt><trkpt lat="46.555005" lon="12.183503"><ele>1718.525</ele><time>2014-09-28T14:12:17Z</time></trkpt><trkpt lat="46.554981" lon="12.183460"><ele>1718.257</ele><time>2014-09-28T14:12:20Z</time></trkpt><trkpt lat="46.554953" lon="12.183421"><ele>1717.951</ele><time>2014-09-28T14:12:23Z</time></trkpt><trkpt lat="46.554926" lon="12.183398"><ele>1717.526</ele><time>2014-09-28T14:12:25Z</time></trkpt><trkpt lat="46.554870" lon="12.183327"><ele>1716.754</ele><time>2014-09-28T14:12:30Z</time></trkpt><trkpt lat="46.554860" lon="12.183313"><ele>1716.651</ele><time>2014-09-28T14:12:31Z</time></trkpt><trkpt lat="46.554834" lon="12.183275"><ele>1716.255</ele><time>2014-09-28T14:12:33Z</time></trkpt><trkpt lat="46.554799" lon="12.183236"><ele>1715.748</ele><time>2014-09-28T14:12:36Z</time></trkpt><trkpt lat="46.554773" lon="12.183201"><ele>1715.477</ele><time>2014-09-28T14:12:39Z</time></trkpt><trkpt lat="46.554745" lon="12.183172"><ele>1715.061</ele><time>2014-09-28T14:12:42Z</time></trkpt><trkpt lat="46.554722" lon="12.183145"><ele>1714.727</ele><time>2014-09-28T14:12:44Z</time></trkpt><trkpt lat="46.554708" lon="12.183128"><ele>1714.508</ele><time>2014-09-28T14:12:45Z</time></trkpt><trkpt lat="46.554698" lon="12.183111"><ele>1714.438</ele><time>2014-09-28T14:12:46Z</time></trkpt><trkpt lat="46.554685" lon="12.183084"><ele>1714.260</ele><time>2014-09-28T14:12:48Z</time></trkpt><trkpt lat="46.554659" lon="12.183063"><ele>1713.884</ele><time>2014-09-28T14:12:51Z</time></trkpt><trkpt lat="46.554617" lon="12.183032"><ele>1713.119</ele><time>2014-09-28T14:12:54Z</time></trkpt><trkpt lat="46.554601" lon="12.183010"><ele>1712.927</ele><time>2014-09-28T14:12:56Z</time></trkpt><trkpt lat="46.554558" lon="12.182941"><ele>1712.334</ele><time>2014-09-28T14:13:01Z</time></trkpt><trkpt lat="46.554554" lon="12.182923"><ele>1712.328</ele><time>2014-09-28T14:13:02Z</time></trkpt><trkpt lat="46.554514" lon="12.182856"><ele>1711.841</ele><time>2014-09-28T14:13:06Z</time></trkpt><trkpt lat="46.554509" lon="12.182847"><ele>1711.712</ele><time>2014-09-28T14:13:07Z</time></trkpt><trkpt lat="46.554487" lon="12.182819"><ele>1711.532</ele><time>2014-09-28T14:13:09Z</time></trkpt><trkpt lat="46.554472" lon="12.182791"><ele>1711.405</ele><time>2014-09-28T14:13:11Z</time></trkpt><trkpt lat="46.554404" lon="12.182735"><ele>1710.108</ele><time>2014-09-28T14:13:15Z</time></trkpt><trkpt lat="46.554394" lon="12.182713"><ele>1710.082</ele><time>2014-09-28T14:13:16Z</time></trkpt><trkpt lat="46.554357" lon="12.182658"><ele>1709.294</ele><time>2014-09-28T14:13:20Z</time></trkpt><trkpt lat="46.554314" lon="12.182580"><ele>1708.428</ele><time>2014-09-28T14:13:24Z</time></trkpt><trkpt lat="46.554303" lon="12.182566"><ele>1708.253</ele><time>2014-09-28T14:13:25Z</time></trkpt><trkpt lat="46.554275" lon="12.182520"><ele>1707.761</ele><time>2014-09-28T14:13:28Z</time></trkpt><trkpt lat="46.554254" lon="12.182476"><ele>1707.318</ele><time>2014-09-28T14:13:31Z</time></trkpt><trkpt lat="46.554247" lon="12.182465"><ele>1707.232</ele><time>2014-09-28T14:13:32Z</time></trkpt><trkpt lat="46.554249" lon="12.182448"><ele>1707.475</ele><time>2014-09-28T14:13:33Z</time></trkpt><trkpt lat="46.554225" lon="12.182397"><ele>1707.146</ele><time>2014-09-28T14:13:36Z</time></trkpt><trkpt lat="46.554219" lon="12.182386"><ele>1707.188</ele><time>2014-09-28T14:13:37Z</time></trkpt><trkpt lat="46.554197" lon="12.182364"><ele>1706.716</ele><time>2014-09-28T14:13:39Z</time></trkpt><trkpt lat="46.554162" lon="12.182333"><ele>1706.108</ele><time>2014-09-28T14:13:41Z</time></trkpt><trkpt lat="46.554095" lon="12.182212"><ele>1705.075</ele><time>2014-09-28T14:13:48Z</time></trkpt><trkpt lat="46.554084" lon="12.182198"><ele>1704.777</ele><time>2014-09-28T14:13:49Z</time></trkpt><trkpt lat="46.554020" lon="12.182130"><ele>1703.191</ele><time>2014-09-28T14:13:54Z</time></trkpt><trkpt lat="46.553977" lon="12.182082"><ele>1702.096</ele><time>2014-09-28T14:13:57Z</time></trkpt><trkpt lat="46.553963" lon="12.182056"><ele>1701.714</ele><time>2014-09-28T14:13:59Z</time></trkpt><trkpt lat="46.553903" lon="12.181983"><ele>1700.381</ele><time>2014-09-28T14:14:05Z</time></trkpt><trkpt lat="46.553895" lon="12.181966"><ele>1700.145</ele><time>2014-09-28T14:14:06Z</time></trkpt><trkpt lat="46.553893" lon="12.181952"><ele>1700.168</ele><time>2014-09-28T14:14:07Z</time></trkpt><trkpt lat="46.553887" lon="12.181918"><ele>1700.099</ele><time>2014-09-28T14:14:12Z</time></trkpt><trkpt lat="46.553870" lon="12.181916"><ele>1699.607</ele><time>2014-09-28T14:14:25Z</time></trkpt><trkpt lat="46.553846" lon="12.181856"><ele>1699.327</ele><time>2014-09-28T14:14:33Z</time></trkpt><trkpt lat="46.553836" lon="12.181784"><ele>1699.508</ele><time>2014-09-28T14:14:38Z</time></trkpt><trkpt lat="46.553830" lon="12.181746"><ele>1699.590</ele><time>2014-09-28T14:14:41Z</time></trkpt><trkpt lat="46.553828" lon="12.181718"><ele>1699.662</ele><time>2014-09-28T14:14:43Z</time></trkpt><trkpt lat="46.553809" lon="12.181660"><ele>1699.666</ele><time>2014-09-28T14:14:47Z</time></trkpt><trkpt lat="46.553803" lon="12.181646"><ele>1699.631</ele><time>2014-09-28T14:14:48Z</time></trkpt><trkpt lat="46.553773" lon="12.181584"><ele>1699.519</ele><time>2014-09-28T14:14:52Z</time></trkpt><trkpt lat="46.553743" lon="12.181543"><ele>1699.366</ele><time>2014-09-28T14:14:55Z</time></trkpt><trkpt lat="46.553734" lon="12.181521"><ele>1699.350</ele><time>2014-09-28T14:14:56Z</time></trkpt><trkpt lat="46.553725" lon="12.181499"><ele>1699.323</ele><time>2014-09-28T14:14:57Z</time></trkpt><trkpt lat="46.553689" lon="12.181461"><ele>1698.958</ele><time>2014-09-28T14:15:01Z</time></trkpt><trkpt lat="46.553666" lon="12.181426"><ele>1698.752</ele><time>2014-09-28T14:15:04Z</time></trkpt><trkpt lat="46.553627" lon="12.181379"><ele>1698.417</ele><time>2014-09-28T14:15:07Z</time></trkpt><trkpt lat="46.553616" lon="12.181360"><ele>1698.308</ele><time>2014-09-28T14:15:08Z</time></trkpt><trkpt lat="46.553588" lon="12.181300"><ele>1698.236</ele><time>2014-09-28T14:15:11Z</time></trkpt><trkpt lat="46.553570" lon="12.181266"><ele>1698.158</ele><time>2014-09-28T14:15:13Z</time></trkpt><trkpt lat="46.553534" lon="12.181207"><ele>1697.972</ele><time>2014-09-28T14:15:17Z</time></trkpt><trkpt lat="46.553516" lon="12.181169"><ele>1697.917</ele><time>2014-09-28T14:15:19Z</time></trkpt><trkpt lat="46.553481" lon="12.181123"><ele>1697.695</ele><time>2014-09-28T14:15:21Z</time></trkpt><trkpt lat="46.553466" lon="12.181094"><ele>1697.462</ele><time>2014-09-28T14:15:23Z</time></trkpt><trkpt lat="46.553449" lon="12.181061"><ele>1697.266</ele><time>2014-09-28T14:15:25Z</time></trkpt><trkpt lat="46.553418" lon="12.181028"><ele>1696.729</ele><time>2014-09-28T14:15:27Z</time></trkpt><trkpt lat="46.553413" lon="12.181019"><ele>1696.735</ele><time>2014-09-28T14:15:28Z</time></trkpt><trkpt lat="46.553394" lon="12.180983"><ele>1696.586</ele><time>2014-09-28T14:15:30Z</time></trkpt><trkpt lat="46.553370" lon="12.180970"><ele>1696.114</ele><time>2014-09-28T14:15:31Z</time></trkpt><trkpt lat="46.553361" lon="12.180940"><ele>1696.108</ele><time>2014-09-28T14:15:33Z</time></trkpt><trkpt lat="46.553336" lon="12.180903"><ele>1695.874</ele><time>2014-09-28T14:15:35Z</time></trkpt><trkpt lat="46.553330" lon="12.180882"><ele>1695.826</ele><time>2014-09-28T14:15:37Z</time></trkpt><trkpt lat="46.553313" lon="12.180835"><ele>1695.790</ele><time>2014-09-28T14:15:40Z</time></trkpt><trkpt lat="46.553287" lon="12.180768"><ele>1695.395</ele><time>2014-09-28T14:15:44Z</time></trkpt><trkpt lat="46.553267" lon="12.180663"><ele>1695.093</ele><time>2014-09-28T14:15:49Z</time></trkpt><trkpt lat="46.553255" lon="12.180600"><ele>1694.990</ele><time>2014-09-28T14:15:52Z</time></trkpt><trkpt lat="46.553247" lon="12.180585"><ele>1694.814</ele><time>2014-09-28T14:15:53Z</time></trkpt><trkpt lat="46.553240" lon="12.180569"><ele>1694.787</ele><time>2014-09-28T14:15:54Z</time></trkpt><trkpt lat="46.553226" lon="12.180556"><ele>1694.566</ele><time>2014-09-28T14:15:55Z</time></trkpt><trkpt lat="46.553190" lon="12.180518"><ele>1693.929</ele><time>2014-09-28T14:15:59Z</time></trkpt><trkpt lat="46.553182" lon="12.180497"><ele>1693.821</ele><time>2014-09-28T14:16:00Z</time></trkpt><trkpt lat="46.553163" lon="12.180413"><ele>1693.508</ele><time>2014-09-28T14:16:04Z</time></trkpt><trkpt lat="46.553153" lon="12.180350"><ele>1693.467</ele><time>2014-09-28T14:16:07Z</time></trkpt><trkpt lat="46.553151" lon="12.180330"><ele>1693.479</ele><time>2014-09-28T14:16:08Z</time></trkpt><trkpt lat="46.553138" lon="12.180285"><ele>1693.263</ele><time>2014-09-28T14:16:10Z</time></trkpt><trkpt lat="46.553124" lon="12.180230"><ele>1692.828</ele><time>2014-09-28T14:16:13Z</time></trkpt><trkpt lat="46.553100" lon="12.180125"><ele>1692.116</ele><time>2014-09-28T14:16:16Z</time></trkpt><trkpt lat="46.553087" lon="12.180082"><ele>1691.793</ele><time>2014-09-28T14:16:18Z</time></trkpt><trkpt lat="46.553074" lon="12.179999"><ele>1691.367</ele><time>2014-09-28T14:16:22Z</time></trkpt><trkpt lat="46.553069" lon="12.179969"><ele>1691.060</ele><time>2014-09-28T14:16:24Z</time></trkpt><trkpt lat="46.553066" lon="12.179945"><ele>1690.831</ele><time>2014-09-28T14:16:25Z</time></trkpt><trkpt lat="46.553059" lon="12.179893"><ele>1690.361</ele><time>2014-09-28T14:16:28Z</time></trkpt><trkpt lat="46.553036" lon="12.179796"><ele>1689.107</ele><time>2014-09-28T14:16:33Z</time></trkpt><trkpt lat="46.553033" lon="12.179777"><ele>1688.908</ele><time>2014-09-28T14:16:34Z</time></trkpt><trkpt lat="46.553025" lon="12.179727"><ele>1688.474</ele><time>2014-09-28T14:16:37Z</time></trkpt><trkpt lat="46.553016" lon="12.179680"><ele>1688.076</ele><time>2014-09-28T14:16:39Z</time></trkpt><trkpt lat="46.552997" lon="12.179573"><ele>1687.220</ele><time>2014-09-28T14:16:44Z</time></trkpt><trkpt lat="46.552978" lon="12.179487"><ele>1686.525</ele><time>2014-09-28T14:16:47Z</time></trkpt><trkpt lat="46.552973" lon="12.179443"><ele>1686.223</ele><time>2014-09-28T14:16:49Z</time></trkpt><trkpt lat="46.552935" lon="12.179348"><ele>1685.260</ele><time>2014-09-28T14:16:54Z</time></trkpt><trkpt lat="46.552930" lon="12.179330"><ele>1685.184</ele><time>2014-09-28T14:16:55Z</time></trkpt><trkpt lat="46.552920" lon="12.179318"><ele>1684.847</ele><time>2014-09-28T14:16:56Z</time></trkpt><trkpt lat="46.552910" lon="12.179237"><ele>1684.571</ele><time>2014-09-28T14:17:00Z</time></trkpt><trkpt lat="46.552913" lon="12.179215"><ele>1684.541</ele><time>2014-09-28T14:17:01Z</time></trkpt><trkpt lat="46.552909" lon="12.179198"><ele>1684.415</ele><time>2014-09-28T14:17:02Z</time></trkpt><trkpt lat="46.552905" lon="12.179154"><ele>1684.308</ele><time>2014-09-28T14:17:04Z</time></trkpt><trkpt lat="46.552899" lon="12.179093"><ele>1684.388</ele><time>2014-09-28T14:17:07Z</time></trkpt><trkpt lat="46.552874" lon="12.179027"><ele>1684.170</ele><time>2014-09-28T14:17:10Z</time></trkpt><trkpt lat="46.552864" lon="12.178982"><ele>1684.034</ele><time>2014-09-28T14:17:12Z</time></trkpt><trkpt lat="46.552844" lon="12.178936"><ele>1683.869</ele><time>2014-09-28T14:17:15Z</time></trkpt><trkpt lat="46.552822" lon="12.178902"><ele>1683.687</ele><time>2014-09-28T14:17:17Z</time></trkpt><trkpt lat="46.552783" lon="12.178821"><ele>1683.144</ele><time>2014-09-28T14:17:22Z</time></trkpt><trkpt lat="46.552724" lon="12.178732"><ele>1682.048</ele><time>2014-09-28T14:17:28Z</time></trkpt><trkpt lat="46.552698" lon="12.178656"><ele>1681.631</ele><time>2014-09-28T14:17:32Z</time></trkpt><trkpt lat="46.552698" lon="12.178621"><ele>1681.695</ele><time>2014-09-28T14:17:37Z</time></trkpt><trkpt lat="46.552726" lon="12.178572"><ele>1681.949</ele><time>2014-09-28T14:17:41Z</time></trkpt><trkpt lat="46.552730" lon="12.178581"><ele>1682.023</ele><time>2014-09-28T14:17:43Z</time></trkpt><trkpt lat="46.552724" lon="12.178574"><ele>1681.908</ele><time>2014-09-28T14:17:51Z</time></trkpt><trkpt lat="46.552729" lon="12.178490"><ele>1681.760</ele><time>2014-09-28T14:17:56Z</time></trkpt><trkpt lat="46.552719" lon="12.178446"><ele>1681.352</ele><time>2014-09-28T14:17:58Z</time></trkpt><trkpt lat="46.552716" lon="12.178412"><ele>1681.296</ele><time>2014-09-28T14:18:00Z</time></trkpt><trkpt lat="46.552708" lon="12.178398"><ele>1681.061</ele><time>2014-09-28T14:18:01Z</time></trkpt><trkpt lat="46.552662" lon="12.178361"><ele>1680.079</ele><time>2014-09-28T14:18:05Z</time></trkpt><trkpt lat="46.552639" lon="12.178343"><ele>1679.526</ele><time>2014-09-28T14:18:07Z</time></trkpt><trkpt lat="46.552592" lon="12.178328"><ele>1678.680</ele><time>2014-09-28T14:18:10Z</time></trkpt><trkpt lat="46.552569" lon="12.178318"><ele>1678.243</ele><time>2014-09-28T14:18:12Z</time></trkpt><trkpt lat="46.552541" lon="12.178309"><ele>1677.798</ele><time>2014-09-28T14:18:15Z</time></trkpt><trkpt lat="46.552521" lon="12.178297"><ele>1677.215</ele><time>2014-09-28T14:18:17Z</time></trkpt><trkpt lat="46.552506" lon="12.178289"><ele>1676.926</ele><time>2014-09-28T14:18:18Z</time></trkpt><trkpt lat="46.552465" lon="12.178264"><ele>1676.008</ele><time>2014-09-28T14:18:21Z</time></trkpt><trkpt lat="46.552459" lon="12.178241"><ele>1675.850</ele><time>2014-09-28T14:18:22Z</time></trkpt><trkpt lat="46.552458" lon="12.178208"><ele>1675.632</ele><time>2014-09-28T14:18:24Z</time></trkpt><trkpt lat="46.552450" lon="12.178112"><ele>1675.146</ele><time>2014-09-28T14:18:30Z</time></trkpt><trkpt lat="46.552446" lon="12.178053"><ele>1674.891</ele><time>2014-09-28T14:18:33Z</time></trkpt><trkpt lat="46.552445" lon="12.178023"><ele>1674.799</ele><time>2014-09-28T14:18:35Z</time></trkpt><trkpt lat="46.552441" lon="12.178005"><ele>1674.636</ele><time>2014-09-28T14:18:36Z</time></trkpt><trkpt lat="46.552439" lon="12.177991"><ele>1674.580</ele><time>2014-09-28T14:18:37Z</time></trkpt><trkpt lat="46.552439" lon="12.177959"><ele>1674.483</ele><time>2014-09-28T14:18:39Z</time></trkpt><trkpt lat="46.552436" lon="12.177939"><ele>1674.332</ele><time>2014-09-28T14:18:40Z</time></trkpt><trkpt lat="46.552425" lon="12.177882"><ele>1673.992</ele><time>2014-09-28T14:18:43Z</time></trkpt><trkpt lat="46.552425" lon="12.177845"><ele>1673.811</ele><time>2014-09-28T14:18:45Z</time></trkpt><trkpt lat="46.552427" lon="12.177827"><ele>1673.808</ele><time>2014-09-28T14:18:46Z</time></trkpt><trkpt lat="46.552424" lon="12.177776"><ele>1673.684</ele><time>2014-09-28T14:18:49Z</time></trkpt><trkpt lat="46.552419" lon="12.177752"><ele>1673.556</ele><time>2014-09-28T14:18:50Z</time></trkpt><trkpt lat="46.552412" lon="12.177731"><ele>1673.360</ele><time>2014-09-28T14:18:51Z</time></trkpt><trkpt lat="46.552411" lon="12.177677"><ele>1673.215</ele><time>2014-09-28T14:18:54Z</time></trkpt><trkpt lat="46.552410" lon="12.177649"><ele>1673.183</ele><time>2014-09-28T14:18:56Z</time></trkpt><trkpt lat="46.552412" lon="12.177629"><ele>1673.110</ele><time>2014-09-28T14:18:57Z</time></trkpt><trkpt lat="46.552410" lon="12.177616"><ele>1673.064</ele><time>2014-09-28T14:18:58Z</time></trkpt><trkpt lat="46.552384" lon="12.177538"><ele>1672.427</ele><time>2014-09-28T14:19:03Z</time></trkpt><trkpt lat="46.552379" lon="12.177525"><ele>1672.317</ele><time>2014-09-28T14:19:04Z</time></trkpt><trkpt lat="46.552365" lon="12.177491"><ele>1672.087</ele><time>2014-09-28T14:19:06Z</time></trkpt><trkpt lat="46.552352" lon="12.177431"><ele>1671.715</ele><time>2014-09-28T14:19:09Z</time></trkpt><trkpt lat="46.552332" lon="12.177369"><ele>1671.308</ele><time>2014-09-28T14:19:12Z</time></trkpt><trkpt lat="46.552329" lon="12.177322"><ele>1671.192</ele><time>2014-09-28T14:19:14Z</time></trkpt><trkpt lat="46.552316" lon="12.177227"><ele>1670.774</ele><time>2014-09-28T14:19:19Z</time></trkpt><trkpt lat="46.552309" lon="12.177194"><ele>1670.348</ele><time>2014-09-28T14:19:21Z</time></trkpt><trkpt lat="46.552303" lon="12.177151"><ele>1669.923</ele><time>2014-09-28T14:19:24Z</time></trkpt><trkpt lat="46.552302" lon="12.177131"><ele>1669.741</ele><time>2014-09-28T14:19:25Z</time></trkpt><trkpt lat="46.552304" lon="12.177120"><ele>1669.648</ele><time>2014-09-28T14:19:26Z</time></trkpt><trkpt lat="46.552303" lon="12.177088"><ele>1669.342</ele><time>2014-09-28T14:19:28Z</time></trkpt><trkpt lat="46.552295" lon="12.177066"><ele>1669.065</ele><time>2014-09-28T14:19:29Z</time></trkpt><trkpt lat="46.552293" lon="12.177043"><ele>1668.838</ele><time>2014-09-28T14:19:30Z</time></trkpt><trkpt lat="46.552293" lon="12.177006"><ele>1668.570</ele><time>2014-09-28T14:19:32Z</time></trkpt><trkpt lat="46.552296" lon="12.176947"><ele>1668.117</ele><time>2014-09-28T14:19:35Z</time></trkpt><trkpt lat="46.552297" lon="12.176922"><ele>1667.808</ele><time>2014-09-28T14:19:36Z</time></trkpt><trkpt lat="46.552293" lon="12.176844"><ele>1666.884</ele><time>2014-09-28T14:19:40Z</time></trkpt><trkpt lat="46.552290" lon="12.176820"><ele>1666.516</ele><time>2014-09-28T14:19:41Z</time></trkpt><trkpt lat="46.552280" lon="12.176781"><ele>1665.980</ele><time>2014-09-28T14:19:43Z</time></trkpt><trkpt lat="46.552275" lon="12.176763"><ele>1665.725</ele><time>2014-09-28T14:19:44Z</time></trkpt><trkpt lat="46.552276" lon="12.176739"><ele>1665.493</ele><time>2014-09-28T14:19:45Z</time></trkpt><trkpt lat="46.552249" lon="12.176663"><ele>1664.330</ele><time>2014-09-28T14:19:49Z</time></trkpt><trkpt lat="46.552238" lon="12.176631"><ele>1663.954</ele><time>2014-09-28T14:19:51Z</time></trkpt><trkpt lat="46.552197" lon="12.176583"><ele>1663.177</ele><time>2014-09-28T14:19:55Z</time></trkpt><trkpt lat="46.552184" lon="12.176573"><ele>1662.882</ele><time>2014-09-28T14:19:56Z</time></trkpt><trkpt lat="46.552121" lon="12.176516"><ele>1661.743</ele><time>2014-09-28T14:20:01Z</time></trkpt><trkpt lat="46.552108" lon="12.176507"><ele>1661.417</ele><time>2014-09-28T14:20:02Z</time></trkpt><trkpt lat="46.552094" lon="12.176501"><ele>1661.208</ele><time>2014-09-28T14:20:03Z</time></trkpt><trkpt lat="46.552046" lon="12.176458"><ele>1660.419</ele><time>2014-09-28T14:20:07Z</time></trkpt><trkpt lat="46.552012" lon="12.176431"><ele>1659.931</ele><time>2014-09-28T14:20:10Z</time></trkpt><trkpt lat="46.551969" lon="12.176392"><ele>1659.345</ele><time>2014-09-28T14:20:14Z</time></trkpt><trkpt lat="46.551948" lon="12.176353"><ele>1658.910</ele><time>2014-09-28T14:20:16Z</time></trkpt><trkpt lat="46.551935" lon="12.176340"><ele>1658.818</ele><time>2014-09-28T14:20:17Z</time></trkpt><trkpt lat="46.551922" lon="12.176328"><ele>1658.655</ele><time>2014-09-28T14:20:18Z</time></trkpt><trkpt lat="46.551903" lon="12.176306"><ele>1658.499</ele><time>2014-09-28T14:20:20Z</time></trkpt><trkpt lat="46.551884" lon="12.176267"><ele>1658.122</ele><time>2014-09-28T14:20:23Z</time></trkpt><trkpt lat="46.551877" lon="12.176254"><ele>1658.075</ele><time>2014-09-28T14:20:24Z</time></trkpt><trkpt lat="46.551831" lon="12.176199"><ele>1657.528</ele><time>2014-09-28T14:20:29Z</time></trkpt><trkpt lat="46.551794" lon="12.176168"><ele>1657.120</ele><time>2014-09-28T14:20:32Z</time></trkpt><trkpt lat="46.551770" lon="12.176144"><ele>1656.908</ele><time>2014-09-28T14:20:35Z</time></trkpt><trkpt lat="46.551758" lon="12.176135"><ele>1656.788</ele><time>2014-09-28T14:20:36Z</time></trkpt><trkpt lat="46.551726" lon="12.176118"><ele>1656.580</ele><time>2014-09-28T14:20:38Z</time></trkpt><trkpt lat="46.551685" lon="12.176094"><ele>1656.284</ele><time>2014-09-28T14:20:40Z</time></trkpt><trkpt lat="46.551676" lon="12.176046"><ele>1656.319</ele><time>2014-09-28T14:20:44Z</time></trkpt><trkpt lat="46.551683" lon="12.176040"><ele>1656.497</ele><time>2014-09-28T14:20:49Z</time></trkpt><trkpt lat="46.551678" lon="12.176039"><ele>1656.344</ele><time>2014-09-28T14:20:56Z</time></trkpt><trkpt lat="46.551691" lon="12.175994"><ele>1656.658</ele><time>2014-09-28T14:21:08Z</time></trkpt><trkpt lat="46.551689" lon="12.175985"><ele>1656.631</ele><time>2014-09-28T14:21:14Z</time></trkpt><trkpt lat="46.551694" lon="12.175998"><ele>1656.622</ele><time>2014-09-28T14:21:21Z</time></trkpt><trkpt lat="46.551705" lon="12.175952"><ele>1656.862</ele><time>2014-09-28T14:21:33Z</time></trkpt><trkpt lat="46.551713" lon="12.175963"><ele>1656.908</ele><time>2014-09-28T14:21:45Z</time></trkpt><trkpt lat="46.551707" lon="12.175959"><ele>1656.808</ele><time>2014-09-28T14:21:55Z</time></trkpt><trkpt lat="46.551714" lon="12.175991"><ele>1656.873</ele><time>2014-09-28T14:22:08Z</time></trkpt><trkpt lat="46.551742" lon="12.176003"><ele>1656.935</ele><time>2014-09-28T14:22:13Z</time></trkpt><trkpt lat="46.551762" lon="12.175996"><ele>1657.119</ele><time>2014-09-28T14:22:19Z</time></trkpt><trkpt lat="46.551766" lon="12.175993"><ele>1657.194</ele><time>2014-09-28T14:22:30Z</time></trkpt><trkpt lat="46.551771" lon="12.175977"><ele>1657.282</ele><time>2014-09-28T14:22:36Z</time></trkpt><trkpt lat="46.551720" lon="12.175996"><ele>1656.879</ele><time>2014-09-28T14:22:47Z</time></trkpt><trkpt lat="46.551676" lon="12.175964"><ele>1656.673</ele><time>2014-09-28T14:22:50Z</time></trkpt><trkpt lat="46.551669" lon="12.175949"><ele>1656.656</ele><time>2014-09-28T14:22:51Z</time></trkpt><trkpt lat="46.551686" lon="12.175877"><ele>1657.068</ele><time>2014-09-28T14:22:56Z</time></trkpt><trkpt lat="46.551728" lon="12.175804"><ele>1657.442</ele><time>2014-09-28T14:23:02Z</time></trkpt><trkpt lat="46.551774" lon="12.175737"><ele>1657.626</ele><time>2014-09-28T14:23:08Z</time></trkpt><trkpt lat="46.551799" lon="12.175680"><ele>1657.708</ele><time>2014-09-28T14:23:12Z</time></trkpt><trkpt lat="46.551813" lon="12.175640"><ele>1657.737</ele><time>2014-09-28T14:23:15Z</time></trkpt><trkpt lat="46.551857" lon="12.175516"><ele>1657.619</ele><time>2014-09-28T14:23:23Z</time></trkpt><trkpt lat="46.551904" lon="12.175421"><ele>1657.763</ele><time>2014-09-28T14:23:30Z</time></trkpt><trkpt lat="46.551940" lon="12.175358"><ele>1658.098</ele><time>2014-09-28T14:23:36Z</time></trkpt><trkpt lat="46.551948" lon="12.175335"><ele>1658.196</ele><time>2014-09-28T14:23:39Z</time></trkpt><trkpt lat="46.551970" lon="12.175308"><ele>1658.453</ele><time>2014-09-28T14:23:44Z</time></trkpt><trkpt lat="46.551990" lon="12.175287"><ele>1658.757</ele><time>2014-09-28T14:23:47Z</time></trkpt><trkpt lat="46.552020" lon="12.175253"><ele>1659.010</ele><time>2014-09-28T14:23:50Z</time></trkpt><trkpt lat="46.552072" lon="12.175182"><ele>1659.597</ele><time>2014-09-28T14:23:57Z</time></trkpt><trkpt lat="46.552119" lon="12.175129"><ele>1660.023</ele><time>2014-09-28T14:24:03Z</time></trkpt><trkpt lat="46.552132" lon="12.175105"><ele>1660.125</ele><time>2014-09-28T14:24:05Z</time></trkpt><trkpt lat="46.552150" lon="12.175085"><ele>1660.308</ele><time>2014-09-28T14:24:07Z</time></trkpt><trkpt lat="46.552163" lon="12.175066"><ele>1660.470</ele><time>2014-09-28T14:24:09Z</time></trkpt><trkpt lat="46.552189" lon="12.175034"><ele>1660.662</ele><time>2014-09-28T14:24:14Z</time></trkpt><trkpt lat="46.552188" lon="12.175029"><ele>1660.696</ele><time>2014-09-28T14:24:23Z</time></trkpt><trkpt lat="46.552194" lon="12.175034"><ele>1660.711</ele><time>2014-09-28T14:24:27Z</time></trkpt><trkpt lat="46.552210" lon="12.175015"><ele>1660.939</ele><time>2014-09-28T14:24:30Z</time></trkpt><trkpt lat="46.552212" lon="12.175005"><ele>1660.916</ele><time>2014-09-28T14:24:36Z</time></trkpt><trkpt lat="46.552212" lon="12.175005"><ele>1660.920</ele><time>2014-09-28T14:24:37Z</time></trkpt><trkpt lat="46.552215" lon="12.175005"><ele>1660.963</ele><time>2014-09-28T14:24:51Z</time></trkpt><trkpt lat="46.552216" lon="12.174953"><ele>1660.785</ele><time>2014-09-28T14:25:00Z</time></trkpt><trkpt lat="46.552221" lon="12.174837"><ele>1660.489</ele><time>2014-09-28T14:25:08Z</time></trkpt><trkpt lat="46.552230" lon="12.174793"><ele>1660.417</ele><time>2014-09-28T14:25:12Z</time></trkpt><trkpt lat="46.552231" lon="12.174793"><ele>1660.408</ele><time>2014-09-28T14:25:15Z</time></trkpt><trkpt lat="46.552238" lon="12.174796"><ele>1660.689</ele><time>2014-09-28T14:25:20Z</time></trkpt><trkpt lat="46.552235" lon="12.174799"><ele>1660.561</ele><time>2014-09-28T14:25:26Z</time></trkpt><trkpt lat="46.552236" lon="12.174787"><ele>1660.575</ele><time>2014-09-28T14:25:34Z</time></trkpt><trkpt lat="46.552228" lon="12.174783"><ele>1660.350</ele><time>2014-09-28T14:25:46Z</time></trkpt><trkpt lat="46.552247" lon="12.174781"><ele>1660.778</ele><time>2014-09-28T14:25:53Z</time></trkpt><trkpt lat="46.552218" lon="12.174795"><ele>1660.225</ele><time>2014-09-28T14:25:58Z</time></trkpt><trkpt lat="46.552150" lon="12.174843"><ele>1659.279</ele><time>2014-09-28T14:26:12Z</time></trkpt><trkpt lat="46.552139" lon="12.174885"><ele>1659.382</ele><time>2014-09-28T14:26:16Z</time></trkpt><trkpt lat="46.552157" lon="12.174909"><ele>1659.796</ele><time>2014-09-28T14:26:18Z</time></trkpt><trkpt lat="46.552160" lon="12.174913"><ele>1659.731</ele><time>2014-09-28T14:26:20Z</time></trkpt><trkpt lat="46.552158" lon="12.174945"><ele>1659.824</ele><time>2014-09-28T14:26:23Z</time></trkpt><trkpt lat="46.552182" lon="12.174906"><ele>1660.008</ele><time>2014-09-28T14:26:25Z</time></trkpt><trkpt lat="46.552205" lon="12.174855"><ele>1660.250</ele><time>2014-09-28T14:26:28Z</time></trkpt><trkpt lat="46.552216" lon="12.174819"><ele>1660.252</ele><time>2014-09-28T14:26:31Z</time></trkpt><trkpt lat="46.552220" lon="12.174775"><ele>1660.226</ele><time>2014-09-28T14:26:34Z</time></trkpt><trkpt lat="46.552232" lon="12.174707"><ele>1660.181</ele><time>2014-09-28T14:26:40Z</time></trkpt><trkpt lat="46.552232" lon="12.174654"><ele>1659.919</ele><time>2014-09-28T14:26:46Z</time></trkpt><trkpt lat="46.552226" lon="12.174640"><ele>1659.816</ele><time>2014-09-28T14:26:52Z</time></trkpt><trkpt lat="46.552225" lon="12.174645"><ele>1659.850</ele><time>2014-09-28T14:27:02Z</time></trkpt><trkpt lat="46.552225" lon="12.174647"><ele>1659.873</ele><time>2014-09-28T14:27:11Z</time></trkpt><trkpt lat="46.552219" lon="12.174643"><ele>1659.757</ele><time>2014-09-28T14:27:17Z</time></trkpt><trkpt lat="46.552214" lon="12.174650"><ele>1659.600</ele><time>2014-09-28T14:27:32Z</time></trkpt><trkpt lat="46.552216" lon="12.174646"><ele>1659.620</ele><time>2014-09-28T14:27:38Z</time></trkpt><trkpt lat="46.552214" lon="12.174652"><ele>1659.608</ele><time>2014-09-28T14:27:48Z</time></trkpt><trkpt lat="46.552220" lon="12.174642"><ele>1659.756</ele><time>2014-09-28T14:28:07Z</time></trkpt><trkpt lat="46.552223" lon="12.174639"><ele>1659.748</ele><time>2014-09-28T14:28:28Z</time></trkpt><trkpt lat="46.552226" lon="12.174643"><ele>1659.892</ele><time>2014-09-28T14:28:37Z</time></trkpt><trkpt lat="46.552219" lon="12.174649"><ele>1659.737</ele><time>2014-09-28T14:28:45Z</time></trkpt><trkpt lat="46.552212" lon="12.174655"><ele>1659.635</ele><time>2014-09-28T14:28:58Z</time></trkpt><trkpt lat="46.552213" lon="12.174658"><ele>1659.622</ele><time>2014-09-28T14:29:12Z</time></trkpt><trkpt lat="46.552215" lon="12.174655"><ele>1659.656</ele><time>2014-09-28T14:29:24Z</time></trkpt><trkpt lat="46.552215" lon="12.174655"><ele>1659.619</ele><time>2014-09-28T14:29:43Z</time></trkpt><trkpt lat="46.552208" lon="12.174661"><ele>1659.576</ele><time>2014-09-28T14:29:49Z</time></trkpt><trkpt lat="46.552209" lon="12.174662"><ele>1659.590</ele><time>2014-09-28T14:29:59Z</time></trkpt><trkpt lat="46.552209" lon="12.174660"><ele>1659.519</ele><time>2014-09-28T14:30:07Z</time></trkpt><trkpt lat="46.552206" lon="12.174663"><ele>1659.508</ele><time>2014-09-28T14:30:17Z</time></trkpt><trkpt lat="46.552206" lon="12.174661"><ele>1659.548</ele><time>2014-09-28T14:30:26Z</time></trkpt><trkpt lat="46.552203" lon="12.174663"><ele>1659.480</ele><time>2014-09-28T14:30:34Z</time></trkpt><trkpt lat="46.552205" lon="12.174660"><ele>1659.584</ele><time>2014-09-28T14:30:49Z</time></trkpt><trkpt lat="46.552208" lon="12.174653"><ele>1659.539</ele><time>2014-09-28T14:31:10Z</time></trkpt><trkpt lat="46.552209" lon="12.174652"><ele>1659.567</ele><time>2014-09-28T14:31:22Z</time></trkpt><trkpt lat="46.552209" lon="12.174648"><ele>1659.594</ele><time>2014-09-28T14:31:38Z</time></trkpt><trkpt lat="46.552209" lon="12.174657"><ele>1659.548</ele><time>2014-09-28T14:31:51Z</time></trkpt><trkpt lat="46.552215" lon="12.174652"><ele>1659.651</ele><time>2014-09-28T14:32:01Z</time></trkpt><trkpt lat="46.552214" lon="12.174653"><ele>1659.653</ele><time>2014-09-28T14:32:11Z</time></trkpt><trkpt lat="46.552206" lon="12.174660"><ele>1659.504</ele><time>2014-09-28T14:32:18Z</time></trkpt><trkpt lat="46.552210" lon="12.174707"><ele>1659.714</ele><time>2014-09-28T14:32:25Z</time></trkpt><trkpt lat="46.552218" lon="12.174740"><ele>1660.008</ele><time>2014-09-28T14:32:30Z</time></trkpt><trkpt lat="46.552234" lon="12.174789"><ele>1660.546</ele><time>2014-09-28T14:32:35Z</time></trkpt><trkpt lat="46.552249" lon="12.174797"><ele>1660.858</ele><time>2014-09-28T14:32:39Z</time></trkpt><trkpt lat="46.552253" lon="12.174849"><ele>1661.012</ele><time>2014-09-28T14:32:44Z</time></trkpt><trkpt lat="46.552250" lon="12.174879"><ele>1661.177</ele><time>2014-09-28T14:32:50Z</time></trkpt><trkpt lat="46.552247" lon="12.174900"><ele>1661.175</ele><time>2014-09-28T14:32:55Z</time></trkpt><trkpt lat="46.552203" lon="12.174884"><ele>1660.392</ele><time>2014-09-28T14:33:01Z</time></trkpt><trkpt lat="46.552178" lon="12.174865"><ele>1659.876</ele><time>2014-09-28T14:33:02Z</time></trkpt><trkpt lat="46.552153" lon="12.174892"><ele>1659.559</ele><time>2014-09-28T14:33:07Z</time></trkpt><trkpt lat="46.552155" lon="12.174905"><ele>1659.635</ele><time>2014-09-28T14:33:08Z</time></trkpt><trkpt lat="46.552165" lon="12.174932"><ele>1659.986</ele><time>2014-09-28T14:33:10Z</time></trkpt><trkpt lat="46.552177" lon="12.174957"><ele>1660.214</ele><time>2014-09-28T14:33:13Z</time></trkpt><trkpt lat="46.552193" lon="12.174993"><ele>1660.608</ele><time>2014-09-28T14:33:16Z</time></trkpt><trkpt lat="46.552204" lon="12.175016"><ele>1660.894</ele><time>2014-09-28T14:33:18Z</time></trkpt><trkpt lat="46.552205" lon="12.175040"><ele>1660.966</ele><time>2014-09-28T14:33:20Z</time></trkpt><trkpt lat="46.552243" lon="12.175058"><ele>1661.610</ele><time>2014-09-28T14:33:23Z</time></trkpt><trkpt lat="46.552296" lon="12.175069"><ele>1662.615</ele><time>2014-09-28T14:33:28Z</time></trkpt><trkpt lat="46.552344" lon="12.175056"><ele>1663.433</ele><time>2014-09-28T14:33:32Z</time></trkpt><trkpt lat="46.552382" lon="12.175044"><ele>1664.020</ele><time>2014-09-28T14:33:35Z</time></trkpt><trkpt lat="46.552434" lon="12.175006"><ele>1664.854</ele><time>2014-09-28T14:33:40Z</time></trkpt><trkpt lat="46.552474" lon="12.174946"><ele>1665.357</ele><time>2014-09-28T14:33:46Z</time></trkpt><trkpt lat="46.552477" lon="12.174933"><ele>1665.314</ele><time>2014-09-28T14:33:47Z</time></trkpt><trkpt lat="46.552487" lon="12.174892"><ele>1665.454</ele><time>2014-09-28T14:33:50Z</time></trkpt><trkpt lat="46.552495" lon="12.174867"><ele>1665.409</ele><time>2014-09-28T14:33:52Z</time></trkpt><trkpt lat="46.552497" lon="12.174857"><ele>1665.408</ele><time>2014-09-28T14:33:53Z</time></trkpt><trkpt lat="46.552507" lon="12.174837"><ele>1665.642</ele><time>2014-09-28T14:33:55Z</time></trkpt><trkpt lat="46.552512" lon="12.174824"><ele>1665.724</ele><time>2014-09-28T14:33:56Z</time></trkpt><trkpt lat="46.552532" lon="12.174790"><ele>1666.058</ele><time>2014-09-28T14:34:00Z</time></trkpt><trkpt lat="46.552564" lon="12.174708"><ele>1666.743</ele><time>2014-09-28T14:34:07Z</time></trkpt><trkpt lat="46.552576" lon="12.174684"><ele>1667.111</ele><time>2014-09-28T14:34:09Z</time></trkpt><trkpt lat="46.552584" lon="12.174624"><ele>1667.558</ele><time>2014-09-28T14:34:13Z</time></trkpt><trkpt lat="46.552585" lon="12.174596"><ele>1667.632</ele><time>2014-09-28T14:34:15Z</time></trkpt><trkpt lat="46.552599" lon="12.174559"><ele>1668.125</ele><time>2014-09-28T14:34:18Z</time></trkpt><trkpt lat="46.552621" lon="12.174529"><ele>1668.785</ele><time>2014-09-28T14:34:20Z</time></trkpt><trkpt lat="46.552645" lon="12.174480"><ele>1669.589</ele><time>2014-09-28T14:34:22Z</time></trkpt><trkpt lat="46.552661" lon="12.174442"><ele>1670.117</ele><time>2014-09-28T14:34:26Z</time></trkpt><trkpt lat="46.552668" lon="12.174438"><ele>1670.308</ele><time>2014-09-28T14:34:27Z</time></trkpt><trkpt lat="46.552673" lon="12.174418"><ele>1670.789</ele><time>2014-09-28T14:34:29Z</time></trkpt><trkpt lat="46.552690" lon="12.174412"><ele>1671.221</ele><time>2014-09-28T14:34:31Z</time></trkpt><trkpt lat="46.552689" lon="12.174396"><ele>1671.355</ele><time>2014-09-28T14:34:32Z</time></trkpt><trkpt lat="46.552697" lon="12.174391"><ele>1671.690</ele><time>2014-09-28T14:34:34Z</time></trkpt><trkpt lat="46.552705" lon="12.174348"><ele>1672.328</ele><time>2014-09-28T14:34:38Z</time></trkpt><trkpt lat="46.552712" lon="12.174305"><ele>1673.045</ele><time>2014-09-28T14:34:42Z</time></trkpt><trkpt lat="46.552712" lon="12.174292"><ele>1673.199</ele><time>2014-09-28T14:34:43Z</time></trkpt><trkpt lat="46.552712" lon="12.174283"><ele>1673.272</ele><time>2014-09-28T14:34:44Z</time></trkpt><trkpt lat="46.552719" lon="12.174239"><ele>1673.952</ele><time>2014-09-28T14:34:48Z</time></trkpt><trkpt lat="46.552719" lon="12.174228"><ele>1674.053</ele><time>2014-09-28T14:34:49Z</time></trkpt><trkpt lat="46.552722" lon="12.174218"><ele>1674.208</ele><time>2014-09-28T14:34:50Z</time></trkpt><trkpt lat="46.552714" lon="12.174141"><ele>1675.108</ele><time>2014-09-28T14:34:55Z</time></trkpt><trkpt lat="46.552708" lon="12.174074"><ele>1676.186</ele><time>2014-09-28T14:34:59Z</time></trkpt><trkpt lat="46.552704" lon="12.174028"><ele>1676.818</ele><time>2014-09-28T14:35:02Z</time></trkpt><trkpt lat="46.552704" lon="12.173967"><ele>1677.882</ele><time>2014-09-28T14:35:06Z</time></trkpt><trkpt lat="46.552712" lon="12.173955"><ele>1678.277</ele><time>2014-09-28T14:35:07Z</time></trkpt><trkpt lat="46.552710" lon="12.173938"><ele>1678.565</ele><time>2014-09-28T14:35:08Z</time></trkpt><trkpt lat="46.552696" lon="12.173855"><ele>1679.292</ele><time>2014-09-28T14:35:13Z</time></trkpt><trkpt lat="46.552685" lon="12.173828"><ele>1679.276</ele><time>2014-09-28T14:35:14Z</time></trkpt><trkpt lat="46.552679" lon="12.173815"><ele>1679.199</ele><time>2014-09-28T14:35:15Z</time></trkpt><trkpt lat="46.552666" lon="12.173769"><ele>1679.218</ele><time>2014-09-28T14:35:18Z</time></trkpt><trkpt lat="46.552657" lon="12.173751"><ele>1679.298</ele><time>2014-09-28T14:35:19Z</time></trkpt><trkpt lat="46.552657" lon="12.173733"><ele>1679.317</ele><time>2014-09-28T14:35:20Z</time></trkpt><trkpt lat="46.552652" lon="12.173657"><ele>1679.908</ele><time>2014-09-28T14:35:25Z</time></trkpt><trkpt lat="46.552674" lon="12.173558"><ele>1681.052</ele><time>2014-09-28T14:35:31Z</time></trkpt><trkpt lat="46.552691" lon="12.173504"><ele>1681.794</ele><time>2014-09-28T14:35:35Z</time></trkpt><trkpt lat="46.552700" lon="12.173488"><ele>1682.028</ele><time>2014-09-28T14:35:36Z</time></trkpt><trkpt lat="46.552704" lon="12.173464"><ele>1682.253</ele><time>2014-09-28T14:35:38Z</time></trkpt><trkpt lat="46.552725" lon="12.173412"><ele>1683.061</ele><time>2014-09-28T14:35:42Z</time></trkpt><trkpt lat="46.552728" lon="12.173398"><ele>1683.288</ele><time>2014-09-28T14:35:43Z</time></trkpt><trkpt lat="46.552733" lon="12.173380"><ele>1683.492</ele><time>2014-09-28T14:35:44Z</time></trkpt><trkpt lat="46.552733" lon="12.173362"><ele>1683.575</ele><time>2014-09-28T14:35:45Z</time></trkpt><trkpt lat="46.552749" lon="12.173310"><ele>1684.291</ele><time>2014-09-28T14:35:49Z</time></trkpt><trkpt lat="46.552753" lon="12.173280"><ele>1684.581</ele><time>2014-09-28T14:35:51Z</time></trkpt><trkpt lat="46.552777" lon="12.173206"><ele>1685.419</ele><time>2014-09-28T14:35:56Z</time></trkpt><trkpt lat="46.552783" lon="12.173170"><ele>1685.708</ele><time>2014-09-28T14:35:58Z</time></trkpt><trkpt lat="46.552792" lon="12.173157"><ele>1686.070</ele><time>2014-09-28T14:35:59Z</time></trkpt><trkpt lat="46.552805" lon="12.173092"><ele>1686.672</ele><time>2014-09-28T14:36:03Z</time></trkpt><trkpt lat="46.552809" lon="12.173057"><ele>1686.966</ele><time>2014-09-28T14:36:05Z</time></trkpt><trkpt lat="46.552821" lon="12.172974"><ele>1687.241</ele><time>2014-09-28T14:36:10Z</time></trkpt><trkpt lat="46.552825" lon="12.172954"><ele>1687.449</ele><time>2014-09-28T14:36:11Z</time></trkpt><trkpt lat="46.552833" lon="12.172935"><ele>1687.676</ele><time>2014-09-28T14:36:13Z</time></trkpt><trkpt lat="46.552845" lon="12.172889"><ele>1687.970</ele><time>2014-09-28T14:36:16Z</time></trkpt><trkpt lat="46.552869" lon="12.172849"><ele>1688.643</ele><time>2014-09-28T14:36:19Z</time></trkpt><trkpt lat="46.552877" lon="12.172803"><ele>1688.914</ele><time>2014-09-28T14:36:22Z</time></trkpt><trkpt lat="46.552884" lon="12.172787"><ele>1689.154</ele><time>2014-09-28T14:36:23Z</time></trkpt><trkpt lat="46.552897" lon="12.172776"><ele>1689.409</ele><time>2014-09-28T14:36:24Z</time></trkpt><trkpt lat="46.552903" lon="12.172755"><ele>1689.508</ele><time>2014-09-28T14:36:26Z</time></trkpt><trkpt lat="46.552916" lon="12.172751"><ele>1689.832</ele><time>2014-09-28T14:36:27Z</time></trkpt><trkpt lat="46.552935" lon="12.172717"><ele>1690.214</ele><time>2014-09-28T14:36:30Z</time></trkpt><trkpt lat="46.552950" lon="12.172704"><ele>1690.558</ele><time>2014-09-28T14:36:32Z</time></trkpt><trkpt lat="46.552974" lon="12.172673"><ele>1691.043</ele><time>2014-09-28T14:36:35Z</time></trkpt><trkpt lat="46.553001" lon="12.172647"><ele>1691.671</ele><time>2014-09-28T14:36:38Z</time></trkpt><trkpt lat="46.553044" lon="12.172594"><ele>1692.488</ele><time>2014-09-28T14:36:43Z</time></trkpt><trkpt lat="46.553050" lon="12.172589"><ele>1692.562</ele><time>2014-09-28T14:36:44Z</time></trkpt><trkpt lat="46.553089" lon="12.172563"><ele>1693.295</ele><time>2014-09-28T14:36:48Z</time></trkpt><trkpt lat="46.553123" lon="12.172552"><ele>1693.829</ele><time>2014-09-28T14:36:51Z</time></trkpt><trkpt lat="46.553132" lon="12.172538"><ele>1693.900</ele><time>2014-09-28T14:36:53Z</time></trkpt><trkpt lat="46.553152" lon="12.172525"><ele>1694.320</ele><time>2014-09-28T14:36:55Z</time></trkpt><trkpt lat="46.553161" lon="12.172518"><ele>1694.408</ele><time>2014-09-28T14:36:56Z</time></trkpt><trkpt lat="46.553193" lon="12.172503"><ele>1695.043</ele><time>2014-09-28T14:36:59Z</time></trkpt><trkpt lat="46.553223" lon="12.172480"><ele>1695.435</ele><time>2014-09-28T14:37:02Z</time></trkpt><trkpt lat="46.553290" lon="12.172428"><ele>1696.339</ele><time>2014-09-28T14:37:09Z</time></trkpt><trkpt lat="46.553296" lon="12.172419"><ele>1696.454</ele><time>2014-09-28T14:37:10Z</time></trkpt><trkpt lat="46.553327" lon="12.172385"><ele>1696.652</ele><time>2014-09-28T14:37:16Z</time></trkpt><trkpt lat="46.553338" lon="12.172370"><ele>1696.769</ele><time>2014-09-28T14:37:17Z</time></trkpt><trkpt lat="46.553376" lon="12.172335"><ele>1697.093</ele><time>2014-09-28T14:37:21Z</time></trkpt><trkpt lat="46.553395" lon="12.172316"><ele>1697.146</ele><time>2014-09-28T14:37:23Z</time></trkpt><trkpt lat="46.553429" lon="12.172287"><ele>1697.439</ele><time>2014-09-28T14:37:26Z</time></trkpt><trkpt lat="46.553433" lon="12.172274"><ele>1697.401</ele><time>2014-09-28T14:37:27Z</time></trkpt><trkpt lat="46.553443" lon="12.172257"><ele>1697.421</ele><time>2014-09-28T14:37:28Z</time></trkpt><trkpt lat="46.553471" lon="12.172215"><ele>1697.408</ele><time>2014-09-28T14:37:31Z</time></trkpt><trkpt lat="46.553491" lon="12.172176"><ele>1697.494</ele><time>2014-09-28T14:37:34Z</time></trkpt><trkpt lat="46.553559" lon="12.172079"><ele>1697.986</ele><time>2014-09-28T14:37:42Z</time></trkpt><trkpt lat="46.553606" lon="12.171982"><ele>1698.230</ele><time>2014-09-28T14:37:49Z</time></trkpt><trkpt lat="46.553611" lon="12.171947"><ele>1698.045</ele><time>2014-09-28T14:37:51Z</time></trkpt><trkpt lat="46.553620" lon="12.171935"><ele>1698.273</ele><time>2014-09-28T14:37:52Z</time></trkpt><trkpt lat="46.553633" lon="12.171903"><ele>1698.550</ele><time>2014-09-28T14:37:54Z</time></trkpt><trkpt lat="46.553674" lon="12.171829"><ele>1699.244</ele><time>2014-09-28T14:38:00Z</time></trkpt><trkpt lat="46.553702" lon="12.171799"><ele>1699.847</ele><time>2014-09-28T14:38:03Z</time></trkpt><trkpt lat="46.553705" lon="12.171787"><ele>1699.844</ele><time>2014-09-28T14:38:04Z</time></trkpt><trkpt lat="46.553738" lon="12.171753"><ele>1700.305</ele><time>2014-09-28T14:38:06Z</time></trkpt><trkpt lat="46.553783" lon="12.171689"><ele>1700.915</ele><time>2014-09-28T14:38:11Z</time></trkpt><trkpt lat="46.553844" lon="12.171606"><ele>1701.408</ele><time>2014-09-28T14:38:17Z</time></trkpt><trkpt lat="46.553854" lon="12.171565"><ele>1701.115</ele><time>2014-09-28T14:38:19Z</time></trkpt><trkpt lat="46.553866" lon="12.171507"><ele>1700.817</ele><time>2014-09-28T14:38:22Z</time></trkpt><trkpt lat="46.553883" lon="12.171402"><ele>1700.021</ele><time>2014-09-28T14:38:27Z</time></trkpt><trkpt lat="46.553890" lon="12.171351"><ele>1699.896</ele><time>2014-09-28T14:38:30Z</time></trkpt><trkpt lat="46.553890" lon="12.171310"><ele>1699.514</ele><time>2014-09-28T14:38:32Z</time></trkpt><trkpt lat="46.553879" lon="12.171241"><ele>1698.711</ele><time>2014-09-28T14:38:36Z</time></trkpt><trkpt lat="46.553880" lon="12.171199"><ele>1698.595</ele><time>2014-09-28T14:38:38Z</time></trkpt><trkpt lat="46.553883" lon="12.171187"><ele>1698.468</ele><time>2014-09-28T14:38:39Z</time></trkpt><trkpt lat="46.553873" lon="12.171055"><ele>1697.922</ele><time>2014-09-28T14:38:46Z</time></trkpt><trkpt lat="46.553877" lon="12.171039"><ele>1698.162</ele><time>2014-09-28T14:38:47Z</time></trkpt><trkpt lat="46.553880" lon="12.170961"><ele>1698.408</ele><time>2014-09-28T14:38:52Z</time></trkpt><trkpt lat="46.553882" lon="12.170841"><ele>1698.908</ele><time>2014-09-28T14:38:58Z</time></trkpt><trkpt lat="46.553883" lon="12.170749"><ele>1699.583</ele><time>2014-09-28T14:39:02Z</time></trkpt><trkpt lat="46.553886" lon="12.170711"><ele>1699.875</ele><time>2014-09-28T14:39:04Z</time></trkpt><trkpt lat="46.553891" lon="12.170615"><ele>1700.669</ele><time>2014-09-28T14:39:09Z</time></trkpt><trkpt lat="46.553936" lon="12.170512"><ele>1702.124</ele><time>2014-09-28T14:39:15Z</time></trkpt><trkpt lat="46.553943" lon="12.170502"><ele>1702.372</ele><time>2014-09-28T14:39:16Z</time></trkpt><trkpt lat="46.554005" lon="12.170418"><ele>1703.419</ele><time>2014-09-28T14:39:23Z</time></trkpt><trkpt lat="46.554016" lon="12.170397"><ele>1703.693</ele><time>2014-09-28T14:39:24Z</time></trkpt><trkpt lat="46.554056" lon="12.170379"><ele>1704.426</ele><time>2014-09-28T14:39:27Z</time></trkpt><trkpt lat="46.554063" lon="12.170368"><ele>1704.587</ele><time>2014-09-28T14:39:28Z</time></trkpt><trkpt lat="46.554104" lon="12.170340"><ele>1705.242</ele><time>2014-09-28T14:39:32Z</time></trkpt><trkpt lat="46.554120" lon="12.170339"><ele>1705.626</ele><time>2014-09-28T14:39:33Z</time></trkpt><trkpt lat="46.554128" lon="12.170321"><ele>1705.608</ele><time>2014-09-28T14:39:35Z</time></trkpt><trkpt lat="46.554146" lon="12.170317"><ele>1706.019</ele><time>2014-09-28T14:39:36Z</time></trkpt><trkpt lat="46.554159" lon="12.170292"><ele>1706.031</ele><time>2014-09-28T14:39:38Z</time></trkpt><trkpt lat="46.554187" lon="12.170254"><ele>1706.395</ele><time>2014-09-28T14:39:41Z</time></trkpt><trkpt lat="46.554209" lon="12.170231"><ele>1706.770</ele><time>2014-09-28T14:39:43Z</time></trkpt><trkpt lat="46.554225" lon="12.170207"><ele>1706.968</ele><time>2014-09-28T14:39:45Z</time></trkpt><trkpt lat="46.554248" lon="12.170179"><ele>1707.425</ele><time>2014-09-28T14:39:47Z</time></trkpt><trkpt lat="46.554271" lon="12.170140"><ele>1707.629</ele><time>2014-09-28T14:39:50Z</time></trkpt><trkpt lat="46.554289" lon="12.170101"><ele>1707.892</ele><time>2014-09-28T14:39:53Z</time></trkpt><trkpt lat="46.554308" lon="12.169989"><ele>1707.024</ele><time>2014-09-28T14:39:59Z</time></trkpt><trkpt lat="46.554315" lon="12.169978"><ele>1707.104</ele><time>2014-09-28T14:40:00Z</time></trkpt><trkpt lat="46.554326" lon="12.169927"><ele>1707.014</ele><time>2014-09-28T14:40:03Z</time></trkpt><trkpt lat="46.554324" lon="12.169916"><ele>1706.808</ele><time>2014-09-28T14:40:05Z</time></trkpt><trkpt lat="46.554335" lon="12.169835"><ele>1706.333</ele><time>2014-09-28T14:40:11Z</time></trkpt><trkpt lat="46.554341" lon="12.169783"><ele>1705.915</ele><time>2014-09-28T14:40:14Z</time></trkpt><trkpt lat="46.554352" lon="12.169757"><ele>1706.199</ele><time>2014-09-28T14:40:16Z</time></trkpt><trkpt lat="46.554355" lon="12.169740"><ele>1706.054</ele><time>2014-09-28T14:40:17Z</time></trkpt><trkpt lat="46.554355" lon="12.169720"><ele>1705.832</ele><time>2014-09-28T14:40:18Z</time></trkpt><trkpt lat="46.554372" lon="12.169652"><ele>1706.099</ele><time>2014-09-28T14:40:22Z</time></trkpt><trkpt lat="46.554382" lon="12.169621"><ele>1706.183</ele><time>2014-09-28T14:40:25Z</time></trkpt><trkpt lat="46.554390" lon="12.169593"><ele>1706.276</ele><time>2014-09-28T14:40:27Z</time></trkpt><trkpt lat="46.554393" lon="12.169512"><ele>1705.683</ele><time>2014-09-28T14:40:32Z</time></trkpt><trkpt lat="46.554386" lon="12.169478"><ele>1705.025</ele><time>2014-09-28T14:40:34Z</time></trkpt><trkpt lat="46.554377" lon="12.169405"><ele>1704.417</ele><time>2014-09-28T14:40:38Z</time></trkpt><trkpt lat="46.554378" lon="12.169311"><ele>1704.708</ele><time>2014-09-28T14:40:43Z</time></trkpt><trkpt lat="46.554359" lon="12.169245"><ele>1704.359</ele><time>2014-09-28T14:40:46Z</time></trkpt><trkpt lat="46.554356" lon="12.169208"><ele>1704.331</ele><time>2014-09-28T14:40:48Z</time></trkpt><trkpt lat="46.554344" lon="12.169166"><ele>1704.145</ele><time>2014-09-28T14:40:50Z</time></trkpt><trkpt lat="46.554324" lon="12.169087"><ele>1704.550</ele><time>2014-09-28T14:40:54Z</time></trkpt><trkpt lat="46.554302" lon="12.169007"><ele>1704.998</ele><time>2014-09-28T14:40:59Z</time></trkpt><trkpt lat="46.554299" lon="12.168996"><ele>1705.025</ele><time>2014-09-28T14:41:00Z</time></trkpt><trkpt lat="46.554296" lon="12.168981"><ele>1705.139</ele><time>2014-09-28T14:41:01Z</time></trkpt><trkpt lat="46.554279" lon="12.168938"><ele>1705.262</ele><time>2014-09-28T14:41:04Z</time></trkpt><trkpt lat="46.554254" lon="12.168923"><ele>1704.762</ele><time>2014-09-28T14:41:06Z</time></trkpt><trkpt lat="46.554224" lon="12.168886"><ele>1704.583</ele><time>2014-09-28T14:41:09Z</time></trkpt><trkpt lat="46.554210" lon="12.168869"><ele>1704.211</ele><time>2014-09-28T14:41:12Z</time></trkpt><trkpt lat="46.554176" lon="12.168771"><ele>1703.708</ele><time>2014-09-28T14:41:18Z</time></trkpt><trkpt lat="46.554180" lon="12.168755"><ele>1703.887</ele><time>2014-09-28T14:41:19Z</time></trkpt><trkpt lat="46.554191" lon="12.168668"><ele>1704.479</ele><time>2014-09-28T14:41:24Z</time></trkpt><trkpt lat="46.554217" lon="12.168578"><ele>1705.213</ele><time>2014-09-28T14:41:30Z</time></trkpt><trkpt lat="46.554225" lon="12.168564"><ele>1705.358</ele><time>2014-09-28T14:41:31Z</time></trkpt><trkpt lat="46.554272" lon="12.168540"><ele>1706.586</ele><time>2014-09-28T14:41:35Z</time></trkpt><trkpt lat="46.554302" lon="12.168502"><ele>1707.233</ele><time>2014-09-28T14:41:39Z</time></trkpt><trkpt lat="46.554307" lon="12.168481"><ele>1707.397</ele><time>2014-09-28T14:41:45Z</time></trkpt><trkpt lat="46.554308" lon="12.168454"><ele>1707.360</ele><time>2014-09-28T14:41:52Z</time></trkpt><trkpt lat="46.554355" lon="12.168427"><ele>1708.552</ele><time>2014-09-28T14:41:58Z</time></trkpt><trkpt lat="46.554399" lon="12.168362"><ele>1709.753</ele><time>2014-09-28T14:42:03Z</time></trkpt><trkpt lat="46.554408" lon="12.168348"><ele>1710.008</ele><time>2014-09-28T14:42:04Z</time></trkpt><trkpt lat="46.554429" lon="12.168273"><ele>1710.408</ele><time>2014-09-28T14:42:10Z</time></trkpt><trkpt lat="46.554440" lon="12.168213"><ele>1710.596</ele><time>2014-09-28T14:42:15Z</time></trkpt><trkpt lat="46.554459" lon="12.168128"><ele>1710.728</ele><time>2014-09-28T14:42:21Z</time></trkpt><trkpt lat="46.554465" lon="12.168109"><ele>1710.842</ele><time>2014-09-28T14:42:22Z</time></trkpt><trkpt lat="46.554474" lon="12.168080"><ele>1710.917</ele><time>2014-09-28T14:42:24Z</time></trkpt><trkpt lat="46.554483" lon="12.168041"><ele>1711.255</ele><time>2014-09-28T14:42:27Z</time></trkpt><trkpt lat="46.554489" lon="12.168026"><ele>1711.432</ele><time>2014-09-28T14:42:28Z</time></trkpt><trkpt lat="46.554491" lon="12.167975"><ele>1711.756</ele><time>2014-09-28T14:42:31Z</time></trkpt><trkpt lat="46.554501" lon="12.167953"><ele>1712.149</ele><time>2014-09-28T14:42:33Z</time></trkpt><trkpt lat="46.554504" lon="12.167937"><ele>1712.227</ele><time>2014-09-28T14:42:34Z</time></trkpt><trkpt lat="46.554505" lon="12.167880"><ele>1712.568</ele><time>2014-09-28T14:42:38Z</time></trkpt><trkpt lat="46.554500" lon="12.167816"><ele>1712.614</ele><time>2014-09-28T14:42:41Z</time></trkpt><trkpt lat="46.554499" lon="12.167790"><ele>1712.708</ele><time>2014-09-28T14:42:43Z</time></trkpt><trkpt lat="46.554496" lon="12.167738"><ele>1712.913</ele><time>2014-09-28T14:42:46Z</time></trkpt><trkpt lat="46.554503" lon="12.167711"><ele>1713.215</ele><time>2014-09-28T14:42:48Z</time></trkpt><trkpt lat="46.554500" lon="12.167641"><ele>1713.549</ele><time>2014-09-28T14:42:52Z</time></trkpt><trkpt lat="46.554502" lon="12.167582"><ele>1713.924</ele><time>2014-09-28T14:42:55Z</time></trkpt><trkpt lat="46.554507" lon="12.167550"><ele>1714.242</ele><time>2014-09-28T14:42:57Z</time></trkpt><trkpt lat="46.554509" lon="12.167531"><ele>1714.449</ele><time>2014-09-28T14:42:58Z</time></trkpt><trkpt lat="46.554518" lon="12.167477"><ele>1715.163</ele><time>2014-09-28T14:43:01Z</time></trkpt><trkpt lat="46.554548" lon="12.167422"><ele>1716.636</ele><time>2014-09-28T14:43:05Z</time></trkpt><trkpt lat="46.554562" lon="12.167389"><ele>1717.371</ele><time>2014-09-28T14:43:07Z</time></trkpt><trkpt lat="46.554568" lon="12.167379"><ele>1717.641</ele><time>2014-09-28T14:43:08Z</time></trkpt><trkpt lat="46.554608" lon="12.167262"><ele>1719.715</ele><time>2014-09-28T14:43:15Z</time></trkpt><trkpt lat="46.554626" lon="12.167161"><ele>1720.508</ele><time>2014-09-28T14:43:20Z</time></trkpt><trkpt lat="46.554630" lon="12.167123"><ele>1720.758</ele><time>2014-09-28T14:43:22Z</time></trkpt><trkpt lat="46.554633" lon="12.167071"><ele>1720.830</ele><time>2014-09-28T14:43:25Z</time></trkpt><trkpt lat="46.554628" lon="12.167024"><ele>1720.684</ele><time>2014-09-28T14:43:28Z</time></trkpt><trkpt lat="46.554605" lon="12.166980"><ele>1719.899</ele><time>2014-09-28T14:43:31Z</time></trkpt><trkpt lat="46.554594" lon="12.166953"><ele>1719.457</ele><time>2014-09-28T14:43:33Z</time></trkpt><trkpt lat="46.554581" lon="12.166933"><ele>1718.984</ele><time>2014-09-28T14:43:35Z</time></trkpt><trkpt lat="46.554578" lon="12.166921"><ele>1718.728</ele><time>2014-09-28T14:43:36Z</time></trkpt><trkpt lat="46.554549" lon="12.166874"><ele>1717.461</ele><time>2014-09-28T14:43:40Z</time></trkpt><trkpt lat="46.554511" lon="12.166791"><ele>1715.778</ele><time>2014-09-28T14:43:44Z</time></trkpt><trkpt lat="46.554479" lon="12.166728"><ele>1714.433</ele><time>2014-09-28T14:43:47Z</time></trkpt><trkpt lat="46.554475" lon="12.166704"><ele>1714.126</ele><time>2014-09-28T14:43:48Z</time></trkpt><trkpt lat="46.554446" lon="12.166628"><ele>1712.808</ele><time>2014-09-28T14:43:51Z</time></trkpt><trkpt lat="46.554446" lon="12.166581"><ele>1712.468</ele><time>2014-09-28T14:43:53Z</time></trkpt><trkpt lat="46.554449" lon="12.166530"><ele>1712.190</ele><time>2014-09-28T14:43:56Z</time></trkpt><trkpt lat="46.554453" lon="12.166512"><ele>1712.124</ele><time>2014-09-28T14:43:57Z</time></trkpt><trkpt lat="46.554466" lon="12.166456"><ele>1712.189</ele><time>2014-09-28T14:44:01Z</time></trkpt><trkpt lat="46.554479" lon="12.166397"><ele>1711.947</ele><time>2014-09-28T14:44:04Z</time></trkpt><trkpt lat="46.554502" lon="12.166347"><ele>1712.284</ele><time>2014-09-28T14:44:07Z</time></trkpt><trkpt lat="46.554526" lon="12.166308"><ele>1712.628</ele><time>2014-09-28T14:44:10Z</time></trkpt><trkpt lat="46.554543" lon="12.166263"><ele>1712.781</ele><time>2014-09-28T14:44:13Z</time></trkpt><trkpt lat="46.554573" lon="12.166211"><ele>1713.045</ele><time>2014-09-28T14:44:17Z</time></trkpt><trkpt lat="46.554584" lon="12.166199"><ele>1713.147</ele><time>2014-09-28T14:44:18Z</time></trkpt><trkpt lat="46.554597" lon="12.166166"><ele>1713.211</ele><time>2014-09-28T14:44:20Z</time></trkpt><trkpt lat="46.554606" lon="12.166123"><ele>1713.008</ele><time>2014-09-28T14:44:23Z</time></trkpt><trkpt lat="46.554571" lon="12.166014"><ele>1711.625</ele><time>2014-09-28T14:44:28Z</time></trkpt><trkpt lat="46.554559" lon="12.165973"><ele>1711.197</ele><time>2014-09-28T14:44:30Z</time></trkpt><trkpt lat="46.554552" lon="12.165915"><ele>1710.531</ele><time>2014-09-28T14:44:32Z</time></trkpt><trkpt lat="46.554544" lon="12.165877"><ele>1710.136</ele><time>2014-09-28T14:44:34Z</time></trkpt><trkpt lat="46.554532" lon="12.165829"><ele>1709.674</ele><time>2014-09-28T14:44:36Z</time></trkpt><trkpt lat="46.554518" lon="12.165784"><ele>1709.061</ele><time>2014-09-28T14:44:38Z</time></trkpt><trkpt lat="46.554509" lon="12.165762"><ele>1708.745</ele><time>2014-09-28T14:44:39Z</time></trkpt><trkpt lat="46.554497" lon="12.165747"><ele>1708.478</ele><time>2014-09-28T14:44:40Z</time></trkpt><trkpt lat="46.554476" lon="12.165719"><ele>1707.819</ele><time>2014-09-28T14:44:41Z</time></trkpt><trkpt lat="46.554458" lon="12.165666"><ele>1707.109</ele><time>2014-09-28T14:44:43Z</time></trkpt><trkpt lat="46.554440" lon="12.165630"><ele>1706.319</ele><time>2014-09-28T14:44:48Z</time></trkpt><trkpt lat="46.554451" lon="12.165633"><ele>1706.708</ele><time>2014-09-28T14:44:56Z</time></trkpt><trkpt lat="46.554451" lon="12.165689"><ele>1707.192</ele><time>2014-09-28T14:45:09Z</time></trkpt><trkpt lat="46.554450" lon="12.165650"><ele>1706.884</ele><time>2014-09-28T14:45:17Z</time></trkpt><trkpt lat="46.554556" lon="12.165614"><ele>1708.788</ele><time>2014-09-28T14:45:33Z</time></trkpt><trkpt lat="46.554530" lon="12.165601"><ele>1708.143</ele><time>2014-09-28T14:45:41Z</time></trkpt><trkpt lat="46.554577" lon="12.165543"><ele>1708.751</ele><time>2014-09-28T14:45:49Z</time></trkpt><trkpt lat="46.554584" lon="12.165522"><ele>1708.688</ele><time>2014-09-28T14:45:50Z</time></trkpt><trkpt lat="46.554617" lon="12.165458"><ele>1708.582</ele><time>2014-09-28T14:45:55Z</time></trkpt><trkpt lat="46.554669" lon="12.165386"><ele>1708.945</ele><time>2014-09-28T14:46:01Z</time></trkpt><trkpt lat="46.554677" lon="12.165367"><ele>1708.945</ele><time>2014-09-28T14:46:02Z</time></trkpt><trkpt lat="46.554734" lon="12.165302"><ele>1709.447</ele><time>2014-09-28T14:46:08Z</time></trkpt><trkpt lat="46.554783" lon="12.165255"><ele>1709.111</ele><time>2014-09-28T14:46:13Z</time></trkpt><trkpt lat="46.554836" lon="12.165169"><ele>1707.708</ele><time>2014-09-28T14:46:19Z</time></trkpt><trkpt lat="46.554848" lon="12.165157"><ele>1707.695</ele><time>2014-09-28T14:46:20Z</time></trkpt><trkpt lat="46.554863" lon="12.165142"><ele>1707.367</ele><time>2014-09-28T14:46:21Z</time></trkpt><trkpt lat="46.554909" lon="12.165050"><ele>1705.561</ele><time>2014-09-28T14:46:27Z</time></trkpt><trkpt lat="46.554940" lon="12.165016"><ele>1705.066</ele><time>2014-09-28T14:46:29Z</time></trkpt><trkpt lat="46.554975" lon="12.164986"><ele>1704.494</ele><time>2014-09-28T14:46:32Z</time></trkpt><trkpt lat="46.555002" lon="12.164971"><ele>1704.241</ele><time>2014-09-28T14:46:34Z</time></trkpt><trkpt lat="46.555037" lon="12.164959"><ele>1704.085</ele><time>2014-09-28T14:46:37Z</time></trkpt><trkpt lat="46.555097" lon="12.164920"><ele>1703.258</ele><time>2014-09-28T14:46:42Z</time></trkpt><trkpt lat="46.555129" lon="12.164882"><ele>1702.521</ele><time>2014-09-28T14:46:45Z</time></trkpt><trkpt lat="46.555148" lon="12.164858"><ele>1702.041</ele><time>2014-09-28T14:46:47Z</time></trkpt><trkpt lat="46.555230" lon="12.164776"><ele>1700.705</ele><time>2014-09-28T14:46:53Z</time></trkpt><trkpt lat="46.555271" lon="12.164717"><ele>1699.808</ele><time>2014-09-28T14:46:58Z</time></trkpt><trkpt lat="46.555272" lon="12.164706"><ele>1699.563</ele><time>2014-09-28T14:46:59Z</time></trkpt><trkpt lat="46.555271" lon="12.164696"><ele>1699.345</ele><time>2014-09-28T14:47:03Z</time></trkpt><trkpt lat="46.555286" lon="12.164673"><ele>1698.849</ele><time>2014-09-28T14:47:05Z</time></trkpt><trkpt lat="46.555328" lon="12.164656"><ele>1698.454</ele><time>2014-09-28T14:47:08Z</time></trkpt><trkpt lat="46.555365" lon="12.164620"><ele>1697.752</ele><time>2014-09-28T14:47:11Z</time></trkpt><trkpt lat="46.555404" lon="12.164586"><ele>1697.039</ele><time>2014-09-28T14:47:14Z</time></trkpt><trkpt lat="46.555468" lon="12.164541"><ele>1696.363</ele><time>2014-09-28T14:47:19Z</time></trkpt><trkpt lat="46.555492" lon="12.164517"><ele>1696.066</ele><time>2014-09-28T14:47:21Z</time></trkpt><trkpt lat="46.555550" lon="12.164458"><ele>1695.273</ele><time>2014-09-28T14:47:26Z</time></trkpt><trkpt lat="46.555560" lon="12.164446"><ele>1695.185</ele><time>2014-09-28T14:47:27Z</time></trkpt><trkpt lat="46.555591" lon="12.164420"><ele>1694.913</ele><time>2014-09-28T14:47:30Z</time></trkpt><trkpt lat="46.555642" lon="12.164387"><ele>1694.908</ele><time>2014-09-28T14:47:34Z</time></trkpt><trkpt lat="46.555702" lon="12.164327"><ele>1694.678</ele><time>2014-09-28T14:47:40Z</time></trkpt><trkpt lat="46.555728" lon="12.164212"><ele>1693.460</ele><time>2014-09-28T14:47:47Z</time></trkpt><trkpt lat="46.555733" lon="12.164070"><ele>1691.354</ele><time>2014-09-28T14:47:54Z</time></trkpt><trkpt lat="46.555740" lon="12.164037"><ele>1690.859</ele><time>2014-09-28T14:47:56Z</time></trkpt><trkpt lat="46.555761" lon="12.163994"><ele>1690.487</ele><time>2014-09-28T14:47:59Z</time></trkpt><trkpt lat="46.555773" lon="12.163970"><ele>1690.234</ele><time>2014-09-28T14:48:02Z</time></trkpt><trkpt lat="46.555771" lon="12.163975"><ele>1690.398</ele><time>2014-09-28T14:48:10Z</time></trkpt><trkpt lat="46.555783" lon="12.163977"><ele>1690.581</ele><time>2014-09-28T14:48:21Z</time></trkpt><trkpt lat="46.555784" lon="12.163986"><ele>1690.615</ele><time>2014-09-28T14:48:31Z</time></trkpt><trkpt lat="46.555798" lon="12.163961"><ele>1690.565</ele><time>2014-09-28T14:48:40Z</time></trkpt><trkpt lat="46.555810" lon="12.163930"><ele>1690.211</ele><time>2014-09-28T14:48:42Z</time></trkpt><trkpt lat="46.555858" lon="12.163836"><ele>1689.008</ele><time>2014-09-28T14:48:48Z</time></trkpt><trkpt lat="46.555886" lon="12.163797"><ele>1688.352</ele><time>2014-09-28T14:48:51Z</time></trkpt><trkpt lat="46.555915" lon="12.163746"><ele>1687.664</ele><time>2014-09-28T14:48:53Z</time></trkpt><trkpt lat="46.555938" lon="12.163712"><ele>1687.228</ele><time>2014-09-28T14:48:54Z</time></trkpt><trkpt lat="46.555969" lon="12.163676"><ele>1686.833</ele><time>2014-09-28T14:48:55Z</time></trkpt><trkpt lat="46.556054" lon="12.163587"><ele>1686.341</ele><time>2014-09-28T14:48:58Z</time></trkpt><trkpt lat="46.556175" lon="12.163456"><ele>1685.348</ele><time>2014-09-28T14:49:03Z</time></trkpt><trkpt lat="46.556222" lon="12.163389"><ele>1684.622</ele><time>2014-09-28T14:49:06Z</time></trkpt><trkpt lat="46.556240" lon="12.163370"><ele>1684.475</ele><time>2014-09-28T14:49:08Z</time></trkpt><trkpt lat="46.556302" lon="12.163295"><ele>1683.563</ele><time>2014-09-28T14:49:14Z</time></trkpt><trkpt lat="46.556322" lon="12.163262"><ele>1683.044</ele><time>2014-09-28T14:49:16Z</time></trkpt><trkpt lat="46.556363" lon="12.163201"><ele>1682.418</ele><time>2014-09-28T14:49:21Z</time></trkpt><trkpt lat="46.556375" lon="12.163185"><ele>1682.308</ele><time>2014-09-28T14:49:22Z</time></trkpt><trkpt lat="46.556407" lon="12.163136"><ele>1681.937</ele><time>2014-09-28T14:49:25Z</time></trkpt><trkpt lat="46.556436" lon="12.163099"><ele>1681.529</ele><time>2014-09-28T14:49:28Z</time></trkpt><trkpt lat="46.556500" lon="12.163034"><ele>1680.643</ele><time>2014-09-28T14:49:34Z</time></trkpt><trkpt lat="46.556522" lon="12.163008"><ele>1680.258</ele><time>2014-09-28T14:49:36Z</time></trkpt><trkpt lat="46.556567" lon="12.162955"><ele>1679.136</ele><time>2014-09-28T14:49:41Z</time></trkpt><trkpt lat="46.556574" lon="12.162941"><ele>1678.833</ele><time>2014-09-28T14:49:42Z</time></trkpt><trkpt lat="46.556579" lon="12.162927"><ele>1678.597</ele><time>2014-09-28T14:49:43Z</time></trkpt><trkpt lat="46.556606" lon="12.162878"><ele>1677.490</ele><time>2014-09-28T14:49:47Z</time></trkpt><trkpt lat="46.556612" lon="12.162863"><ele>1677.134</ele><time>2014-09-28T14:49:48Z</time></trkpt><trkpt lat="46.556618" lon="12.162843"><ele>1676.755</ele><time>2014-09-28T14:49:49Z</time></trkpt><trkpt lat="46.556623" lon="12.162811"><ele>1676.010</ele><time>2014-09-28T14:49:51Z</time></trkpt><trkpt lat="46.556651" lon="12.162757"><ele>1674.708</ele><time>2014-09-28T14:49:55Z</time></trkpt><trkpt lat="46.556663" lon="12.162730"><ele>1674.254</ele><time>2014-09-28T14:49:57Z</time></trkpt><trkpt lat="46.556667" lon="12.162719"><ele>1673.966</ele><time>2014-09-28T14:49:58Z</time></trkpt><trkpt lat="46.556684" lon="12.162670"><ele>1673.280</ele><time>2014-09-28T14:50:01Z</time></trkpt><trkpt lat="46.556695" lon="12.162617"><ele>1672.215</ele><time>2014-09-28T14:50:04Z</time></trkpt><trkpt lat="46.556698" lon="12.162599"><ele>1671.893</ele><time>2014-09-28T14:50:05Z</time></trkpt><trkpt lat="46.556708" lon="12.162567"><ele>1671.270</ele><time>2014-09-28T14:50:07Z</time></trkpt><trkpt lat="46.556706" lon="12.162517"><ele>1670.254</ele><time>2014-09-28T14:50:09Z</time></trkpt><trkpt lat="46.556700" lon="12.162498"><ele>1669.867</ele><time>2014-09-28T14:50:10Z</time></trkpt><trkpt lat="46.556693" lon="12.162444"><ele>1668.742</ele><time>2014-09-28T14:50:12Z</time></trkpt><trkpt lat="46.556698" lon="12.162415"><ele>1668.022</ele><time>2014-09-28T14:50:13Z</time></trkpt><trkpt lat="46.556718" lon="12.162366"><ele>1666.814</ele><time>2014-09-28T14:50:15Z</time></trkpt><trkpt lat="46.556733" lon="12.162341"><ele>1666.208</ele><time>2014-09-28T14:50:16Z</time></trkpt><trkpt lat="46.556741" lon="12.162326"><ele>1665.815</ele><time>2014-09-28T14:50:17Z</time></trkpt><trkpt lat="46.556764" lon="12.162291"><ele>1664.997</ele><time>2014-09-28T14:50:19Z</time></trkpt><trkpt lat="46.556778" lon="12.162271"><ele>1664.391</ele><time>2014-09-28T14:50:20Z</time></trkpt><trkpt lat="46.556818" lon="12.162226"><ele>1663.036</ele><time>2014-09-28T14:50:23Z</time></trkpt><trkpt lat="46.556829" lon="12.162218"><ele>1662.734</ele><time>2014-09-28T14:50:24Z</time></trkpt><trkpt lat="46.556841" lon="12.162204"><ele>1662.361</ele><time>2014-09-28T14:50:25Z</time></trkpt><trkpt lat="46.556872" lon="12.162156"><ele>1661.025</ele><time>2014-09-28T14:50:27Z</time></trkpt><trkpt lat="46.556884" lon="12.162136"><ele>1660.438</ele><time>2014-09-28T14:50:28Z</time></trkpt><trkpt lat="46.556900" lon="12.162107"><ele>1659.782</ele><time>2014-09-28T14:50:29Z</time></trkpt><trkpt lat="46.556911" lon="12.162085"><ele>1659.243</ele><time>2014-09-28T14:50:30Z</time></trkpt><trkpt lat="46.556935" lon="12.162053"><ele>1658.417</ele><time>2014-09-28T14:50:32Z</time></trkpt><trkpt lat="46.556951" lon="12.162022"><ele>1657.708</ele><time>2014-09-28T14:50:34Z</time></trkpt><trkpt lat="46.556958" lon="12.162010"><ele>1657.429</ele><time>2014-09-28T14:50:35Z</time></trkpt><trkpt lat="46.556970" lon="12.161989"><ele>1656.921</ele><time>2014-09-28T14:50:36Z</time></trkpt><trkpt lat="46.556991" lon="12.161958"><ele>1656.115</ele><time>2014-09-28T14:50:38Z</time></trkpt><trkpt lat="46.556999" lon="12.161943"><ele>1655.890</ele><time>2014-09-28T14:50:39Z</time></trkpt><trkpt lat="46.557039" lon="12.161898"><ele>1654.638</ele><time>2014-09-28T14:50:42Z</time></trkpt><trkpt lat="46.557066" lon="12.161862"><ele>1653.725</ele><time>2014-09-28T14:50:45Z</time></trkpt><trkpt lat="46.557110" lon="12.161800"><ele>1652.459</ele><time>2014-09-28T14:50:49Z</time></trkpt><trkpt lat="46.557116" lon="12.161784"><ele>1652.132</ele><time>2014-09-28T14:50:50Z</time></trkpt><trkpt lat="46.557124" lon="12.161769"><ele>1651.777</ele><time>2014-09-28T14:50:51Z</time></trkpt><trkpt lat="46.557173" lon="12.161682"><ele>1650.161</ele><time>2014-09-28T14:50:57Z</time></trkpt><trkpt lat="46.557199" lon="12.161641"><ele>1649.427</ele><time>2014-09-28T14:51:00Z</time></trkpt><trkpt lat="46.557208" lon="12.161621"><ele>1649.108</ele><time>2014-09-28T14:51:01Z</time></trkpt><trkpt lat="46.557234" lon="12.161577"><ele>1648.458</ele><time>2014-09-28T14:51:04Z</time></trkpt><trkpt lat="46.557252" lon="12.161546"><ele>1647.940</ele><time>2014-09-28T14:51:06Z</time></trkpt><trkpt lat="46.557260" lon="12.161516"><ele>1647.444</ele><time>2014-09-28T14:51:08Z</time></trkpt><trkpt lat="46.557268" lon="12.161476"><ele>1646.779</ele><time>2014-09-28T14:51:10Z</time></trkpt><trkpt lat="46.557282" lon="12.161410"><ele>1645.667</ele><time>2014-09-28T14:51:13Z</time></trkpt><trkpt lat="46.557294" lon="12.161350"><ele>1644.514</ele><time>2014-09-28T14:51:16Z</time></trkpt><trkpt lat="46.557293" lon="12.161330"><ele>1644.098</ele><time>2014-09-28T14:51:17Z</time></trkpt><trkpt lat="46.557298" lon="12.161280"><ele>1643.061</ele><time>2014-09-28T14:51:19Z</time></trkpt><trkpt lat="46.557308" lon="12.161261"><ele>1642.748</ele><time>2014-09-28T14:51:20Z</time></trkpt><trkpt lat="46.557321" lon="12.161229"><ele>1642.161</ele><time>2014-09-28T14:51:22Z</time></trkpt><trkpt lat="46.557328" lon="12.161191"><ele>1641.417</ele><time>2014-09-28T14:51:24Z</time></trkpt><trkpt lat="46.557326" lon="12.161151"><ele>1640.608</ele><time>2014-09-28T14:51:26Z</time></trkpt><trkpt lat="46.557330" lon="12.161100"><ele>1639.635</ele><time>2014-09-28T14:51:28Z</time></trkpt><trkpt lat="46.557328" lon="12.160998"><ele>1638.197</ele><time>2014-09-28T14:51:32Z</time></trkpt><trkpt lat="46.557333" lon="12.160965"><ele>1637.721</ele><time>2014-09-28T14:51:34Z</time></trkpt><trkpt lat="46.557335" lon="12.160947"><ele>1637.426</ele><time>2014-09-28T14:51:35Z</time></trkpt><trkpt lat="46.557332" lon="12.160890"><ele>1636.694</ele><time>2014-09-28T14:51:38Z</time></trkpt><trkpt lat="46.557338" lon="12.160863"><ele>1636.391</ele><time>2014-09-28T14:51:40Z</time></trkpt><trkpt lat="46.557350" lon="12.160863"><ele>1636.355</ele><time>2014-09-28T14:51:41Z</time></trkpt><trkpt lat="46.557356" lon="12.160851"><ele>1636.298</ele><time>2014-09-28T14:51:43Z</time></trkpt><trkpt lat="46.557354" lon="12.160856"><ele>1636.335</ele><time>2014-09-28T14:51:45Z</time></trkpt><trkpt lat="46.557342" lon="12.160834"><ele>1635.986</ele><time>2014-09-28T14:51:52Z</time></trkpt><trkpt lat="46.557355" lon="12.160781"><ele>1635.014</ele><time>2014-09-28T14:51:56Z</time></trkpt><trkpt lat="46.557354" lon="12.160767"><ele>1634.808</ele><time>2014-09-28T14:51:57Z</time></trkpt><trkpt lat="46.557340" lon="12.160725"><ele>1633.924</ele><time>2014-09-28T14:52:00Z</time></trkpt><trkpt lat="46.557336" lon="12.160710"><ele>1633.636</ele><time>2014-09-28T14:52:01Z</time></trkpt><trkpt lat="46.557332" lon="12.160676"><ele>1633.040</ele><time>2014-09-28T14:52:03Z</time></trkpt><trkpt lat="46.557312" lon="12.160605"><ele>1631.535</ele><time>2014-09-28T14:52:07Z</time></trkpt><trkpt lat="46.557310" lon="12.160580"><ele>1631.123</ele><time>2014-09-28T14:52:08Z</time></trkpt><trkpt lat="46.557310" lon="12.160555"><ele>1630.670</ele><time>2014-09-28T14:52:09Z</time></trkpt><trkpt lat="46.557307" lon="12.160471"><ele>1629.264</ele><time>2014-09-28T14:52:14Z</time></trkpt><trkpt lat="46.557306" lon="12.160451"><ele>1628.837</ele><time>2014-09-28T14:52:15Z</time></trkpt><trkpt lat="46.557292" lon="12.160366"><ele>1627.397</ele><time>2014-09-28T14:52:19Z</time></trkpt><trkpt lat="46.557288" lon="12.160309"><ele>1626.223</ele><time>2014-09-28T14:52:22Z</time></trkpt><trkpt lat="46.557286" lon="12.160238"><ele>1625.025</ele><time>2014-09-28T14:52:25Z</time></trkpt><trkpt lat="46.557282" lon="12.160167"><ele>1623.708</ele><time>2014-09-28T14:52:28Z</time></trkpt><trkpt lat="46.557276" lon="12.160124"><ele>1622.920</ele><time>2014-09-28T14:52:30Z</time></trkpt><trkpt lat="46.557275" lon="12.160082"><ele>1622.252</ele><time>2014-09-28T14:52:32Z</time></trkpt><trkpt lat="46.557275" lon="12.160016"><ele>1621.086</ele><time>2014-09-28T14:52:35Z</time></trkpt><trkpt lat="46.557280" lon="12.159977"><ele>1620.661</ele><time>2014-09-28T14:52:37Z</time></trkpt><trkpt lat="46.557291" lon="12.159865"><ele>1619.519</ele><time>2014-09-28T14:52:42Z</time></trkpt><trkpt lat="46.557293" lon="12.159846"><ele>1619.486</ele><time>2014-09-28T14:52:43Z</time></trkpt><trkpt lat="46.557292" lon="12.159806"><ele>1618.980</ele><time>2014-09-28T14:52:45Z</time></trkpt><trkpt lat="46.557287" lon="12.159674"><ele>1617.573</ele><time>2014-09-28T14:52:51Z</time></trkpt><trkpt lat="46.557291" lon="12.159652"><ele>1617.364</ele><time>2014-09-28T14:52:52Z</time></trkpt><trkpt lat="46.557299" lon="12.159596"><ele>1616.906</ele><time>2014-09-28T14:52:55Z</time></trkpt><trkpt lat="46.557294" lon="12.159556"><ele>1616.416</ele><time>2014-09-28T14:52:57Z</time></trkpt><trkpt lat="46.557295" lon="12.159524"><ele>1616.108</ele><time>2014-09-28T14:52:59Z</time></trkpt><trkpt lat="46.557285" lon="12.159445"><ele>1615.197</ele><time>2014-09-28T14:53:03Z</time></trkpt><trkpt lat="46.557284" lon="12.159429"><ele>1615.039</ele><time>2014-09-28T14:53:04Z</time></trkpt><trkpt lat="46.557279" lon="12.159301"><ele>1614.433</ele><time>2014-09-28T14:53:11Z</time></trkpt><trkpt lat="46.557254" lon="12.159191"><ele>1613.618</ele><time>2014-09-28T14:53:17Z</time></trkpt><trkpt lat="46.557259" lon="12.159062"><ele>1612.476</ele><time>2014-09-28T14:53:24Z</time></trkpt><trkpt lat="46.557260" lon="12.159006"><ele>1611.873</ele><time>2014-09-28T14:53:27Z</time></trkpt><trkpt lat="46.557262" lon="12.158993"><ele>1611.767</ele><time>2014-09-28T14:53:28Z</time></trkpt><trkpt lat="46.557270" lon="12.158960"><ele>1611.580</ele><time>2014-09-28T14:53:30Z</time></trkpt><trkpt lat="46.557270" lon="12.158945"><ele>1611.364</ele><time>2014-09-28T14:53:31Z</time></trkpt><trkpt lat="46.557270" lon="12.158918"><ele>1611.006</ele><time>2014-09-28T14:53:33Z</time></trkpt><trkpt lat="46.557269" lon="12.158870"><ele>1610.516</ele><time>2014-09-28T14:53:37Z</time></trkpt><trkpt lat="46.557270" lon="12.158854"><ele>1610.408</ele><time>2014-09-28T14:53:43Z</time></trkpt><trkpt lat="46.557282" lon="12.158808"><ele>1610.257</ele><time>2014-09-28T14:53:51Z</time></trkpt><trkpt lat="46.557285" lon="12.158799"><ele>1610.179</ele><time>2014-09-28T14:53:52Z</time></trkpt><trkpt lat="46.557290" lon="12.158769"><ele>1609.993</ele><time>2014-09-28T14:53:55Z</time></trkpt><trkpt lat="46.557292" lon="12.158743"><ele>1609.798</ele><time>2014-09-28T14:53:57Z</time></trkpt><trkpt lat="46.557295" lon="12.158708"><ele>1609.436</ele><time>2014-09-28T14:53:59Z</time></trkpt><trkpt lat="46.557297" lon="12.158682"><ele>1609.243</ele><time>2014-09-28T14:54:01Z</time></trkpt><trkpt lat="46.557303" lon="12.158622"><ele>1608.727</ele><time>2014-09-28T14:54:05Z</time></trkpt><trkpt lat="46.557302" lon="12.158587"><ele>1608.310</ele><time>2014-09-28T14:54:07Z</time></trkpt><trkpt lat="46.557303" lon="12.158537"><ele>1607.853</ele><time>2014-09-28T14:54:10Z</time></trkpt><trkpt lat="46.557300" lon="12.158501"><ele>1607.404</ele><time>2014-09-28T14:54:12Z</time></trkpt><trkpt lat="46.557294" lon="12.158404"><ele>1606.314</ele><time>2014-09-28T14:54:18Z</time></trkpt><trkpt lat="46.557292" lon="12.158387"><ele>1606.108</ele><time>2014-09-28T14:54:19Z</time></trkpt><trkpt lat="46.557291" lon="12.158350"><ele>1605.726</ele><time>2014-09-28T14:54:21Z</time></trkpt><trkpt lat="46.557294" lon="12.158337"><ele>1605.658</ele><time>2014-09-28T14:54:24Z</time></trkpt><trkpt lat="46.557287" lon="12.158321"><ele>1605.242</ele><time>2014-09-28T14:54:35Z</time></trkpt><trkpt lat="46.557286" lon="12.158333"><ele>1605.547</ele><time>2014-09-28T14:54:41Z</time></trkpt><trkpt lat="46.557291" lon="12.158335"><ele>1605.565</ele><time>2014-09-28T14:54:47Z</time></trkpt><trkpt lat="46.557303" lon="12.158330"><ele>1605.512</ele><time>2014-09-28T14:55:00Z</time></trkpt><trkpt lat="46.557299" lon="12.158310"><ele>1605.146</ele><time>2014-09-28T14:55:06Z</time></trkpt><trkpt lat="46.557303" lon="12.158249"><ele>1604.129</ele><time>2014-09-28T14:55:10Z</time></trkpt><trkpt lat="46.557299" lon="12.158177"><ele>1602.723</ele><time>2014-09-28T14:55:14Z</time></trkpt><trkpt lat="46.557290" lon="12.158134"><ele>1601.983</ele><time>2014-09-28T14:55:17Z</time></trkpt><trkpt lat="46.557290" lon="12.158122"><ele>1601.711</ele><time>2014-09-28T14:55:18Z</time></trkpt><trkpt lat="46.557273" lon="12.158060"><ele>1600.408</ele><time>2014-09-28T14:55:22Z</time></trkpt><trkpt lat="46.557265" lon="12.158019"><ele>1599.743</ele><time>2014-09-28T14:55:24Z</time></trkpt><trkpt lat="46.557262" lon="12.158001"><ele>1599.465</ele><time>2014-09-28T14:55:25Z</time></trkpt><trkpt lat="46.557254" lon="12.157946"><ele>1598.659</ele><time>2014-09-28T14:55:28Z</time></trkpt><trkpt lat="46.557246" lon="12.157901"><ele>1597.944</ele><time>2014-09-28T14:55:30Z</time></trkpt><trkpt lat="46.557241" lon="12.157847"><ele>1597.052</ele><time>2014-09-28T14:55:32Z</time></trkpt><trkpt lat="46.557239" lon="12.157825"><ele>1596.799</ele><time>2014-09-28T14:55:33Z</time></trkpt><trkpt lat="46.557232" lon="12.157771"><ele>1595.983</ele><time>2014-09-28T14:55:35Z</time></trkpt><trkpt lat="46.557229" lon="12.157730"><ele>1595.396</ele><time>2014-09-28T14:55:37Z</time></trkpt><trkpt lat="46.557228" lon="12.157655"><ele>1594.212</ele><time>2014-09-28T14:55:40Z</time></trkpt><trkpt lat="46.557238" lon="12.157607"><ele>1593.632</ele><time>2014-09-28T14:55:42Z</time></trkpt><trkpt lat="46.557250" lon="12.157565"><ele>1593.005</ele><time>2014-09-28T14:55:44Z</time></trkpt><trkpt lat="46.557294" lon="12.157460"><ele>1591.708</ele><time>2014-09-28T14:55:50Z</time></trkpt><trkpt lat="46.557294" lon="12.157444"><ele>1591.512</ele><time>2014-09-28T14:55:51Z</time></trkpt><trkpt lat="46.557304" lon="12.157381"><ele>1590.684</ele><time>2014-09-28T14:55:54Z</time></trkpt><trkpt lat="46.557318" lon="12.157346"><ele>1590.198</ele><time>2014-09-28T14:55:56Z</time></trkpt><trkpt lat="46.557324" lon="12.157307"><ele>1589.663</ele><time>2014-09-28T14:55:58Z</time></trkpt><trkpt lat="46.557333" lon="12.157242"><ele>1588.791</ele><time>2014-09-28T14:56:01Z</time></trkpt><trkpt lat="46.557339" lon="12.157222"><ele>1588.448</ele><time>2014-09-28T14:56:02Z</time></trkpt><trkpt lat="46.557364" lon="12.157134"><ele>1587.262</ele><time>2014-09-28T14:56:06Z</time></trkpt><trkpt lat="46.557373" lon="12.157116"><ele>1587.045</ele><time>2014-09-28T14:56:07Z</time></trkpt><trkpt lat="46.557381" lon="12.157099"><ele>1586.921</ele><time>2014-09-28T14:56:08Z</time></trkpt><trkpt lat="46.557399" lon="12.157039"><ele>1586.241</ele><time>2014-09-28T14:56:11Z</time></trkpt><trkpt lat="46.557402" lon="12.156970"><ele>1585.305</ele><time>2014-09-28T14:56:15Z</time></trkpt><trkpt lat="46.557401" lon="12.156929"><ele>1584.708</ele><time>2014-09-28T14:56:17Z</time></trkpt><trkpt lat="46.557397" lon="12.156861"><ele>1583.793</ele><time>2014-09-28T14:56:20Z</time></trkpt><trkpt lat="46.557388" lon="12.156801"><ele>1582.715</ele><time>2014-09-28T14:56:23Z</time></trkpt><trkpt lat="46.557385" lon="12.156783"><ele>1582.469</ele><time>2014-09-28T14:56:24Z</time></trkpt><trkpt lat="46.557378" lon="12.156732"><ele>1581.664</ele><time>2014-09-28T14:56:27Z</time></trkpt><trkpt lat="46.557371" lon="12.156672"><ele>1580.732</ele><time>2014-09-28T14:56:30Z</time></trkpt><trkpt lat="46.557370" lon="12.156652"><ele>1580.429</ele><time>2014-09-28T14:56:31Z</time></trkpt><trkpt lat="46.557366" lon="12.156606"><ele>1579.653</ele><time>2014-09-28T14:56:33Z</time></trkpt><trkpt lat="46.557369" lon="12.156584"><ele>1579.376</ele><time>2014-09-28T14:56:34Z</time></trkpt><trkpt lat="46.557372" lon="12.156547"><ele>1578.738</ele><time>2014-09-28T14:56:36Z</time></trkpt><trkpt lat="46.557367" lon="12.156512"><ele>1578.170</ele><time>2014-09-28T14:56:38Z</time></trkpt><trkpt lat="46.557361" lon="12.156422"><ele>1576.517</ele><time>2014-09-28T14:56:42Z</time></trkpt><trkpt lat="46.557359" lon="12.156405"><ele>1576.208</ele><time>2014-09-28T14:56:43Z</time></trkpt><trkpt lat="46.557345" lon="12.156288"><ele>1574.864</ele><time>2014-09-28T14:56:49Z</time></trkpt><trkpt lat="46.557346" lon="12.156275"><ele>1574.756</ele><time>2014-09-28T14:56:50Z</time></trkpt><trkpt lat="46.557343" lon="12.156259"><ele>1574.580</ele><time>2014-09-28T14:56:51Z</time></trkpt><trkpt lat="46.557317" lon="12.156169"><ele>1573.355</ele><time>2014-09-28T14:56:57Z</time></trkpt><trkpt lat="46.557312" lon="12.156152"><ele>1573.023</ele><time>2014-09-28T14:56:58Z</time></trkpt><trkpt lat="46.557291" lon="12.156100"><ele>1572.150</ele><time>2014-09-28T14:57:02Z</time></trkpt><trkpt lat="46.557288" lon="12.156082"><ele>1571.824</ele><time>2014-09-28T14:57:03Z</time></trkpt><trkpt lat="46.557283" lon="12.156069"><ele>1571.677</ele><time>2014-09-28T14:57:04Z</time></trkpt><trkpt lat="46.557247" lon="12.156014"><ele>1570.335</ele><time>2014-09-28T14:57:09Z</time></trkpt><trkpt lat="46.557221" lon="12.155962"><ele>1569.486</ele><time>2014-09-28T14:57:12Z</time></trkpt><trkpt lat="46.557195" lon="12.155897"><ele>1568.214</ele><time>2014-09-28T14:57:15Z</time></trkpt><trkpt lat="46.557188" lon="12.155886"><ele>1568.008</ele><time>2014-09-28T14:57:16Z</time></trkpt><trkpt lat="46.557160" lon="12.155818"><ele>1566.714</ele><time>2014-09-28T14:57:21Z</time></trkpt><trkpt lat="46.557139" lon="12.155771"><ele>1565.886</ele><time>2014-09-28T14:57:24Z</time></trkpt><trkpt lat="46.557124" lon="12.155720"><ele>1565.020</ele><time>2014-09-28T14:57:27Z</time></trkpt><trkpt lat="46.557122" lon="12.155701"><ele>1564.845</ele><time>2014-09-28T14:57:28Z</time></trkpt><trkpt lat="46.557119" lon="12.155687"><ele>1564.613</ele><time>2014-09-28T14:57:29Z</time></trkpt><trkpt lat="46.557117" lon="12.155673"><ele>1564.540</ele><time>2014-09-28T14:57:30Z</time></trkpt><trkpt lat="46.557110" lon="12.155657"><ele>1564.224</ele><time>2014-09-28T14:57:31Z</time></trkpt><trkpt lat="46.557102" lon="12.155646"><ele>1564.017</ele><time>2014-09-28T14:57:32Z</time></trkpt><trkpt lat="46.557088" lon="12.155615"><ele>1563.681</ele><time>2014-09-28T14:57:35Z</time></trkpt><trkpt lat="46.557061" lon="12.155567"><ele>1562.961</ele><time>2014-09-28T14:57:39Z</time></trkpt><trkpt lat="46.557056" lon="12.155549"><ele>1562.717</ele><time>2014-09-28T14:57:40Z</time></trkpt><trkpt lat="46.557041" lon="12.155516"><ele>1562.308</ele><time>2014-09-28T14:57:43Z</time></trkpt><trkpt lat="46.557049" lon="12.155516"><ele>1562.429</ele><time>2014-09-28T14:57:46Z</time></trkpt><trkpt lat="46.557046" lon="12.155517"><ele>1562.451</ele><time>2014-09-28T14:57:50Z</time></trkpt><trkpt lat="46.557036" lon="12.155493"><ele>1562.125</ele><time>2014-09-28T14:57:52Z</time></trkpt><trkpt lat="46.557012" lon="12.155434"><ele>1561.460</ele><time>2014-09-28T14:57:59Z</time></trkpt><trkpt lat="46.556971" lon="12.155389"><ele>1560.938</ele><time>2014-09-28T14:58:04Z</time></trkpt><trkpt lat="46.556940" lon="12.155365"><ele>1560.615</ele><time>2014-09-28T14:58:07Z</time></trkpt><trkpt lat="46.556915" lon="12.155347"><ele>1560.219</ele><time>2014-09-28T14:58:10Z</time></trkpt><trkpt lat="46.556903" lon="12.155340"><ele>1560.032</ele><time>2014-09-28T14:58:11Z</time></trkpt><trkpt lat="46.556892" lon="12.155333"><ele>1559.855</ele><time>2014-09-28T14:58:12Z</time></trkpt><trkpt lat="46.556802" lon="12.155327"><ele>1558.707</ele><time>2014-09-28T14:58:19Z</time></trkpt><trkpt lat="46.556792" lon="12.155325"><ele>1558.617</ele><time>2014-09-28T14:58:20Z</time></trkpt><trkpt lat="46.556756" lon="12.155334"><ele>1558.208</ele><time>2014-09-28T14:58:23Z</time></trkpt><trkpt lat="46.556741" lon="12.155335"><ele>1558.136</ele><time>2014-09-28T14:58:24Z</time></trkpt><trkpt lat="46.556670" lon="12.155366"><ele>1557.428</ele><time>2014-09-28T14:58:31Z</time></trkpt><trkpt lat="46.556611" lon="12.155398"><ele>1556.682</ele><time>2014-09-28T14:58:37Z</time></trkpt><trkpt lat="46.556534" lon="12.155421"><ele>1555.637</ele><time>2014-09-28T14:58:45Z</time></trkpt><trkpt lat="46.556522" lon="12.155423"><ele>1555.475</ele><time>2014-09-28T14:58:46Z</time></trkpt><trkpt lat="46.556455" lon="12.155434"><ele>1554.532</ele><time>2014-09-28T14:58:52Z</time></trkpt><trkpt lat="46.556398" lon="12.155453"><ele>1553.846</ele><time>2014-09-28T14:58:58Z</time></trkpt><trkpt lat="46.556385" lon="12.155459"><ele>1553.639</ele><time>2014-09-28T14:59:00Z</time></trkpt><trkpt lat="46.556368" lon="12.155460"><ele>1553.356</ele><time>2014-09-28T14:59:03Z</time></trkpt><trkpt lat="46.556339" lon="12.155472"><ele>1552.859</ele><time>2014-09-28T14:59:06Z</time></trkpt><trkpt lat="46.556294" lon="12.155465"><ele>1552.014</ele><time>2014-09-28T14:59:13Z</time></trkpt><trkpt lat="46.556280" lon="12.155461"><ele>1551.708</ele><time>2014-09-28T14:59:15Z</time></trkpt><trkpt lat="46.556227" lon="12.155464"><ele>1550.816</ele><time>2014-09-28T14:59:20Z</time></trkpt><trkpt lat="46.556218" lon="12.155464"><ele>1550.678</ele><time>2014-09-28T14:59:21Z</time></trkpt><trkpt lat="46.556183" lon="12.155460"><ele>1550.072</ele><time>2014-09-28T14:59:26Z</time></trkpt><trkpt lat="46.556173" lon="12.155467"><ele>1549.837</ele><time>2014-09-28T14:59:27Z</time></trkpt><trkpt lat="46.556134" lon="12.155460"><ele>1549.165</ele><time>2014-09-28T14:59:31Z</time></trkpt><trkpt lat="46.556128" lon="12.155461"><ele>1549.042</ele><time>2014-09-28T14:59:32Z</time></trkpt><trkpt lat="46.556125" lon="12.155464"><ele>1548.996</ele><time>2014-09-28T14:59:38Z</time></trkpt><trkpt lat="46.556094" lon="12.155483"><ele>1548.559</ele><time>2014-09-28T14:59:45Z</time></trkpt><trkpt lat="46.556033" lon="12.155479"><ele>1547.811</ele><time>2014-09-28T14:59:51Z</time></trkpt><trkpt lat="46.556027" lon="12.155478"><ele>1547.721</ele><time>2014-09-28T14:59:52Z</time></trkpt><trkpt lat="46.556024" lon="12.155474"><ele>1547.703</ele><time>2014-09-28T14:59:59Z</time></trkpt><trkpt lat="46.556022" lon="12.155480"><ele>1547.708</ele><time>2014-09-28T15:00:20Z</time></trkpt><trkpt lat="46.555978" lon="12.155448"><ele>1547.062</ele><time>2014-09-28T15:00:28Z</time></trkpt><trkpt lat="46.555967" lon="12.155442"><ele>1546.854</ele><time>2014-09-28T15:00:29Z</time></trkpt><trkpt lat="46.555905" lon="12.155397"><ele>1545.828</ele><time>2014-09-28T15:00:34Z</time></trkpt><trkpt lat="46.555879" lon="12.155374"><ele>1545.353</ele><time>2014-09-28T15:00:36Z</time></trkpt><trkpt lat="46.555838" lon="12.155338"><ele>1544.561</ele><time>2014-09-28T15:00:40Z</time></trkpt><trkpt lat="46.555791" lon="12.155298"><ele>1543.998</ele><time>2014-09-28T15:00:44Z</time></trkpt><trkpt lat="46.555760" lon="12.155264"><ele>1543.312</ele><time>2014-09-28T15:00:47Z</time></trkpt><trkpt lat="46.555743" lon="12.155249"><ele>1543.065</ele><time>2014-09-28T15:00:48Z</time></trkpt><trkpt lat="46.555716" lon="12.155216"><ele>1542.554</ele><time>2014-09-28T15:00:50Z</time></trkpt><trkpt lat="46.555691" lon="12.155190"><ele>1542.056</ele><time>2014-09-28T15:00:52Z</time></trkpt><trkpt lat="46.555615" lon="12.155104"><ele>1540.611</ele><time>2014-09-28T15:00:57Z</time></trkpt><trkpt lat="46.555605" lon="12.155090"><ele>1540.308</ele><time>2014-09-28T15:00:58Z</time></trkpt><trkpt lat="46.555584" lon="12.155064"><ele>1539.986</ele><time>2014-09-28T15:01:00Z</time></trkpt><trkpt lat="46.555529" lon="12.154974"><ele>1538.448</ele><time>2014-09-28T15:01:05Z</time></trkpt><trkpt lat="46.555515" lon="12.154949"><ele>1538.092</ele><time>2014-09-28T15:01:06Z</time></trkpt><trkpt lat="46.555473" lon="12.154867"><ele>1536.767</ele><time>2014-09-28T15:01:11Z</time></trkpt><trkpt lat="46.555439" lon="12.154730"><ele>1534.835</ele><time>2014-09-28T15:01:18Z</time></trkpt><trkpt lat="46.555414" lon="12.154663"><ele>1533.852</ele><time>2014-09-28T15:01:22Z</time></trkpt><trkpt lat="46.555398" lon="12.154630"><ele>1533.386</ele><time>2014-09-28T15:01:24Z</time></trkpt><trkpt lat="46.555392" lon="12.154615"><ele>1533.199</ele><time>2014-09-28T15:01:25Z</time></trkpt><trkpt lat="46.555378" lon="12.154587"><ele>1532.672</ele><time>2014-09-28T15:01:27Z</time></trkpt><trkpt lat="46.555345" lon="12.154546"><ele>1531.813</ele><time>2014-09-28T15:01:31Z</time></trkpt><trkpt lat="46.555334" lon="12.154537"><ele>1531.614</ele><time>2014-09-28T15:01:32Z</time></trkpt><trkpt lat="46.555286" lon="12.154501"><ele>1530.708</ele><time>2014-09-28T15:01:37Z</time></trkpt><trkpt lat="46.555235" lon="12.154455"><ele>1529.788</ele><time>2014-09-28T15:01:42Z</time></trkpt><trkpt lat="46.555216" lon="12.154439"><ele>1529.360</ele><time>2014-09-28T15:01:44Z</time></trkpt><trkpt lat="46.555166" lon="12.154412"><ele>1528.524</ele><time>2014-09-28T15:01:48Z</time></trkpt><trkpt lat="46.555131" lon="12.154392"><ele>1527.939</ele><time>2014-09-28T15:01:51Z</time></trkpt><trkpt lat="46.555124" lon="12.154381"><ele>1527.897</ele><time>2014-09-28T15:01:53Z</time></trkpt><trkpt lat="46.555109" lon="12.154361"><ele>1527.574</ele><time>2014-09-28T15:01:55Z</time></trkpt><trkpt lat="46.555067" lon="12.154282"><ele>1526.458</ele><time>2014-09-28T15:02:01Z</time></trkpt><trkpt lat="46.555048" lon="12.154245"><ele>1526.051</ele><time>2014-09-28T15:02:04Z</time></trkpt><trkpt lat="46.555041" lon="12.154216"><ele>1525.731</ele><time>2014-09-28T15:02:06Z</time></trkpt><trkpt lat="46.555039" lon="12.154201"><ele>1525.561</ele><time>2014-09-28T15:02:07Z</time></trkpt><trkpt lat="46.555032" lon="12.154186"><ele>1525.407</ele><time>2014-09-28T15:02:08Z</time></trkpt><trkpt lat="46.555020" lon="12.154137"><ele>1524.708</ele><time>2014-09-28T15:02:12Z</time></trkpt><trkpt lat="46.555017" lon="12.154120"><ele>1524.584</ele><time>2014-09-28T15:02:13Z</time></trkpt><trkpt lat="46.555012" lon="12.154082"><ele>1523.926</ele><time>2014-09-28T15:02:15Z</time></trkpt><trkpt lat="46.555011" lon="12.154023"><ele>1523.060</ele><time>2014-09-28T15:02:18Z</time></trkpt><trkpt lat="46.555009" lon="12.154008"><ele>1522.855</ele><time>2014-09-28T15:02:19Z</time></trkpt><trkpt lat="46.555002" lon="12.153977"><ele>1522.323</ele><time>2014-09-28T15:02:21Z</time></trkpt><trkpt lat="46.554995" lon="12.153946"><ele>1521.750</ele><time>2014-09-28T15:02:23Z</time></trkpt><trkpt lat="46.554991" lon="12.153928"><ele>1521.494</ele><time>2014-09-28T15:02:24Z</time></trkpt><trkpt lat="46.554974" lon="12.153879"><ele>1520.567</ele><time>2014-09-28T15:02:27Z</time></trkpt><trkpt lat="46.554953" lon="12.153816"><ele>1519.174</ele><time>2014-09-28T15:02:30Z</time></trkpt><trkpt lat="46.554943" lon="12.153785"><ele>1518.456</ele><time>2014-09-28T15:02:32Z</time></trkpt><trkpt lat="46.554913" lon="12.153722"><ele>1516.921</ele><time>2014-09-28T15:02:36Z</time></trkpt><trkpt lat="46.554906" lon="12.153705"><ele>1516.608</ele><time>2014-09-28T15:02:37Z</time></trkpt><trkpt lat="46.554894" lon="12.153693"><ele>1516.258</ele><time>2014-09-28T15:02:38Z</time></trkpt><trkpt lat="46.554888" lon="12.153685"><ele>1516.020</ele><time>2014-09-28T15:02:39Z</time></trkpt><trkpt lat="46.554871" lon="12.153642"><ele>1515.184</ele><time>2014-09-28T15:02:42Z</time></trkpt><trkpt lat="46.554864" lon="12.153613"><ele>1514.679</ele><time>2014-09-28T15:02:44Z</time></trkpt><trkpt lat="46.554854" lon="12.153537"><ele>1513.577</ele><time>2014-09-28T15:02:48Z</time></trkpt><trkpt lat="46.554850" lon="12.153490"><ele>1512.964</ele><time>2014-09-28T15:02:51Z</time></trkpt><trkpt lat="46.554849" lon="12.153447"><ele>1512.348</ele><time>2014-09-28T15:02:53Z</time></trkpt><trkpt lat="46.554849" lon="12.153427"><ele>1512.111</ele><time>2014-09-28T15:02:54Z</time></trkpt><trkpt lat="46.554848" lon="12.153373"><ele>1511.435</ele><time>2014-09-28T15:02:57Z</time></trkpt><trkpt lat="46.554845" lon="12.153326"><ele>1510.886</ele><time>2014-09-28T15:02:59Z</time></trkpt><trkpt lat="46.554844" lon="12.153302"><ele>1510.414</ele><time>2014-09-28T15:03:00Z</time></trkpt><trkpt lat="46.554844" lon="12.153237"><ele>1509.508</ele><time>2014-09-28T15:03:03Z</time></trkpt><trkpt lat="46.554852" lon="12.153167"><ele>1508.514</ele><time>2014-09-28T15:03:06Z</time></trkpt><trkpt lat="46.554854" lon="12.153148"><ele>1508.346</ele><time>2014-09-28T15:03:07Z</time></trkpt><trkpt lat="46.554868" lon="12.153059"><ele>1507.180</ele><time>2014-09-28T15:03:11Z</time></trkpt><trkpt lat="46.554888" lon="12.152998"><ele>1506.715</ele><time>2014-09-28T15:03:15Z</time></trkpt><trkpt lat="46.554882" lon="12.152983"><ele>1506.573</ele><time>2014-09-28T15:03:17Z</time></trkpt><trkpt lat="46.554881" lon="12.152984"><ele>1506.510</ele><time>2014-09-28T15:03:23Z</time></trkpt><trkpt lat="46.554883" lon="12.152971"><ele>1506.474</ele><time>2014-09-28T15:03:25Z</time></trkpt><trkpt lat="46.554891" lon="12.152934"><ele>1506.187</ele><time>2014-09-28T15:03:27Z</time></trkpt><trkpt lat="46.554903" lon="12.152847"><ele>1505.374</ele><time>2014-09-28T15:03:32Z</time></trkpt><trkpt lat="46.554907" lon="12.152833"><ele>1505.256</ele><time>2014-09-28T15:03:33Z</time></trkpt><trkpt lat="46.554906" lon="12.152836"><ele>1505.221</ele><time>2014-09-28T15:03:38Z</time></trkpt><trkpt lat="46.554903" lon="12.152819"><ele>1505.008</ele><time>2014-09-28T15:03:43Z</time></trkpt><trkpt lat="46.554903" lon="12.152816"><ele>1505.098</ele><time>2014-09-28T15:03:50Z</time></trkpt><trkpt lat="46.554895" lon="12.152811"><ele>1504.940</ele><time>2014-09-28T15:04:02Z</time></trkpt><trkpt lat="46.554879" lon="12.152750"><ele>1504.354</ele><time>2014-09-28T15:04:08Z</time></trkpt><trkpt lat="46.554873" lon="12.152714"><ele>1504.029</ele><time>2014-09-28T15:04:10Z</time></trkpt><trkpt lat="46.554870" lon="12.152615"><ele>1503.187</ele><time>2014-09-28T15:04:16Z</time></trkpt><trkpt lat="46.554867" lon="12.152598"><ele>1502.984</ele><time>2014-09-28T15:04:17Z</time></trkpt><trkpt lat="46.554846" lon="12.152520"><ele>1502.148</ele><time>2014-09-28T15:04:22Z</time></trkpt><trkpt lat="46.554840" lon="12.152490"><ele>1501.891</ele><time>2014-09-28T15:04:24Z</time></trkpt><trkpt lat="46.554836" lon="12.152401"><ele>1500.999</ele><time>2014-09-28T15:04:30Z</time></trkpt><trkpt lat="46.554838" lon="12.152341"><ele>1500.407</ele><time>2014-09-28T15:04:38Z</time></trkpt><trkpt lat="46.554860" lon="12.152327"><ele>1500.427</ele><time>2014-09-28T15:04:58Z</time></trkpt><trkpt lat="46.554869" lon="12.152204"><ele>1499.408</ele><time>2014-09-28T15:05:07Z</time></trkpt><trkpt lat="46.554870" lon="12.152178"><ele>1499.110</ele><time>2014-09-28T15:05:11Z</time></trkpt><trkpt lat="46.554869" lon="12.152145"><ele>1498.852</ele><time>2014-09-28T15:05:13Z</time></trkpt><trkpt lat="46.554863" lon="12.152086"><ele>1498.016</ele><time>2014-09-28T15:05:16Z</time></trkpt><trkpt lat="46.554845" lon="12.152024"><ele>1497.281</ele><time>2014-09-28T15:05:20Z</time></trkpt><trkpt lat="46.554838" lon="12.152010"><ele>1497.039</ele><time>2014-09-28T15:05:21Z</time></trkpt><trkpt lat="46.554819" lon="12.151946"><ele>1496.136</ele><time>2014-09-28T15:05:25Z</time></trkpt><trkpt lat="46.554815" lon="12.151930"><ele>1495.980</ele><time>2014-09-28T15:05:26Z</time></trkpt><trkpt lat="46.554816" lon="12.151884"><ele>1495.443</ele><time>2014-09-28T15:05:29Z</time></trkpt><trkpt lat="46.554818" lon="12.151881"><ele>1495.454</ele><time>2014-09-28T15:05:30Z</time></trkpt><trkpt lat="46.554811" lon="12.151863"><ele>1495.256</ele><time>2014-09-28T15:05:40Z</time></trkpt><trkpt lat="46.554830" lon="12.151839"><ele>1495.211</ele><time>2014-09-28T15:05:43Z</time></trkpt><trkpt lat="46.554832" lon="12.151830"><ele>1495.108</ele><time>2014-09-28T15:05:45Z</time></trkpt><trkpt lat="46.554843" lon="12.151791"><ele>1494.976</ele><time>2014-09-28T15:05:50Z</time></trkpt><trkpt lat="46.554832" lon="12.151763"><ele>1494.558</ele><time>2014-09-28T15:05:53Z</time></trkpt><trkpt lat="46.554829" lon="12.151725"><ele>1494.112</ele><time>2014-09-28T15:05:55Z</time></trkpt><trkpt lat="46.554840" lon="12.151650"><ele>1493.597</ele><time>2014-09-28T15:06:00Z</time></trkpt><trkpt lat="46.554837" lon="12.151636"><ele>1493.335</ele><time>2014-09-28T15:06:01Z</time></trkpt><trkpt lat="46.554809" lon="12.151558"><ele>1491.882</ele><time>2014-09-28T15:06:08Z</time></trkpt><trkpt lat="46.554791" lon="12.151539"><ele>1491.356</ele><time>2014-09-28T15:06:11Z</time></trkpt><trkpt lat="46.554781" lon="12.151530"><ele>1491.059</ele><time>2014-09-28T15:06:12Z</time></trkpt><trkpt lat="46.554777" lon="12.151522"><ele>1490.893</ele><time>2014-09-28T15:06:13Z</time></trkpt><trkpt lat="46.554763" lon="12.151509"><ele>1490.465</ele><time>2014-09-28T15:06:15Z</time></trkpt><trkpt lat="46.554753" lon="12.151444"><ele>1489.321</ele><time>2014-09-28T15:06:20Z</time></trkpt><trkpt lat="46.554733" lon="12.151403"><ele>1488.408</ele><time>2014-09-28T15:06:28Z</time></trkpt><trkpt lat="46.554712" lon="12.151364"><ele>1487.620</ele><time>2014-09-28T15:06:35Z</time></trkpt><trkpt lat="46.554703" lon="12.151342"><ele>1487.292</ele><time>2014-09-28T15:06:37Z</time></trkpt><trkpt lat="46.554667" lon="12.151278"><ele>1486.016</ele><time>2014-09-28T15:06:42Z</time></trkpt><trkpt lat="46.554651" lon="12.151266"><ele>1485.661</ele><time>2014-09-28T15:06:44Z</time></trkpt><trkpt lat="46.554643" lon="12.151253"><ele>1485.489</ele><time>2014-09-28T15:06:45Z</time></trkpt><trkpt lat="46.554638" lon="12.151242"><ele>1485.216</ele><time>2014-09-28T15:06:46Z</time></trkpt><trkpt lat="46.554611" lon="12.151189"><ele>1484.230</ele><time>2014-09-28T15:06:51Z</time></trkpt><trkpt lat="46.554597" lon="12.151162"><ele>1483.753</ele><time>2014-09-28T15:06:53Z</time></trkpt><trkpt lat="46.554576" lon="12.151119"><ele>1483.019</ele><time>2014-09-28T15:06:59Z</time></trkpt><trkpt lat="46.554559" lon="12.151065"><ele>1482.009</ele><time>2014-09-28T15:07:06Z</time></trkpt><trkpt lat="46.554548" lon="12.151042"><ele>1481.619</ele><time>2014-09-28T15:07:08Z</time></trkpt><trkpt lat="46.554532" lon="12.151009"><ele>1480.908</ele><time>2014-09-28T15:07:11Z</time></trkpt><trkpt lat="46.554524" lon="12.150979"><ele>1480.422</ele><time>2014-09-28T15:07:13Z</time></trkpt><trkpt lat="46.554506" lon="12.150931"><ele>1479.794</ele><time>2014-09-28T15:07:17Z</time></trkpt><trkpt lat="46.554506" lon="12.150913"><ele>1479.488</ele><time>2014-09-28T15:07:19Z</time></trkpt><trkpt lat="46.554508" lon="12.150891"><ele>1479.293</ele><time>2014-09-28T15:07:21Z</time></trkpt><trkpt lat="46.554506" lon="12.150872"><ele>1478.911</ele><time>2014-09-28T15:07:23Z</time></trkpt><trkpt lat="46.554498" lon="12.150848"><ele>1478.678</ele><time>2014-09-28T15:07:24Z</time></trkpt><trkpt lat="46.554486" lon="12.150825"><ele>1478.222</ele><time>2014-09-28T15:07:25Z</time></trkpt><trkpt lat="46.554471" lon="12.150783"><ele>1477.575</ele><time>2014-09-28T15:07:27Z</time></trkpt><trkpt lat="46.554459" lon="12.150769"><ele>1477.217</ele><time>2014-09-28T15:07:28Z</time></trkpt><trkpt lat="46.554454" lon="12.150747"><ele>1476.887</ele><time>2014-09-28T15:07:29Z</time></trkpt><trkpt lat="46.554453" lon="12.150732"><ele>1476.615</ele><time>2014-09-28T15:07:30Z</time></trkpt><trkpt lat="46.554450" lon="12.150687"><ele>1475.908</ele><time>2014-09-28T15:07:34Z</time></trkpt><trkpt lat="46.554450" lon="12.150671"><ele>1475.712</ele><time>2014-09-28T15:07:35Z</time></trkpt><trkpt lat="46.554450" lon="12.150660"><ele>1475.594</ele><time>2014-09-28T15:07:36Z</time></trkpt><trkpt lat="46.554444" lon="12.150593"><ele>1474.578</ele><time>2014-09-28T15:07:39Z</time></trkpt><trkpt lat="46.554436" lon="12.150566"><ele>1474.013</ele><time>2014-09-28T15:07:41Z</time></trkpt><trkpt lat="46.554432" lon="12.150547"><ele>1473.691</ele><time>2014-09-28T15:07:42Z</time></trkpt><trkpt lat="46.554417" lon="12.150461"><ele>1471.738</ele><time>2014-09-28T15:07:46Z</time></trkpt><trkpt lat="46.554410" lon="12.150434"><ele>1471.162</ele><time>2014-09-28T15:07:47Z</time></trkpt><trkpt lat="46.554413" lon="12.150397"><ele>1470.585</ele><time>2014-09-28T15:07:48Z</time></trkpt><trkpt lat="46.554421" lon="12.150333"><ele>1469.642</ele><time>2014-09-28T15:07:50Z</time></trkpt><trkpt lat="46.554426" lon="12.150286"><ele>1468.822</ele><time>2014-09-28T15:07:52Z</time></trkpt><trkpt lat="46.554436" lon="12.150240"><ele>1468.314</ele><time>2014-09-28T15:07:54Z</time></trkpt><trkpt lat="46.554447" lon="12.150172"><ele>1467.508</ele><time>2014-09-28T15:07:57Z</time></trkpt><trkpt lat="46.554447" lon="12.150125"><ele>1466.855</ele><time>2014-09-28T15:07:59Z</time></trkpt><trkpt lat="46.554442" lon="12.150035"><ele>1465.547</ele><time>2014-09-28T15:08:03Z</time></trkpt><trkpt lat="46.554444" lon="12.150025"><ele>1465.481</ele><time>2014-09-28T15:08:04Z</time></trkpt><trkpt lat="46.554443" lon="12.149992"><ele>1464.946</ele><time>2014-09-28T15:08:05Z</time></trkpt><trkpt lat="46.554434" lon="12.149869"><ele>1463.924</ele><time>2014-09-28T15:08:11Z</time></trkpt><trkpt lat="46.554424" lon="12.149795"><ele>1463.111</ele><time>2014-09-28T15:08:15Z</time></trkpt><trkpt lat="46.554410" lon="12.149705"><ele>1462.325</ele><time>2014-09-28T15:08:20Z</time></trkpt><trkpt lat="46.554383" lon="12.149595"><ele>1461.798</ele><time>2014-09-28T15:08:26Z</time></trkpt><trkpt lat="46.554379" lon="12.149577"><ele>1461.656</ele><time>2014-09-28T15:08:27Z</time></trkpt><trkpt lat="46.554371" lon="12.149523"><ele>1461.459</ele><time>2014-09-28T15:08:30Z</time></trkpt><trkpt lat="46.554365" lon="12.149416"><ele>1461.214</ele><time>2014-09-28T15:08:35Z</time></trkpt><trkpt lat="46.554365" lon="12.149379"><ele>1461.108</ele><time>2014-09-28T15:08:37Z</time></trkpt><trkpt lat="46.554362" lon="12.149321"><ele>1460.966</ele><time>2014-09-28T15:08:40Z</time></trkpt><trkpt lat="46.554348" lon="12.149188"><ele>1460.368</ele><time>2014-09-28T15:08:47Z</time></trkpt><trkpt lat="46.554344" lon="12.149172"><ele>1460.242</ele><time>2014-09-28T15:08:48Z</time></trkpt><trkpt lat="46.554343" lon="12.149135"><ele>1459.977</ele><time>2014-09-28T15:08:50Z</time></trkpt><trkpt lat="46.554326" lon="12.149086"><ele>1459.365</ele><time>2014-09-28T15:08:54Z</time></trkpt><trkpt lat="46.554316" lon="12.149057"><ele>1458.972</ele><time>2014-09-28T15:08:56Z</time></trkpt><trkpt lat="46.554305" lon="12.149003"><ele>1458.366</ele><time>2014-09-28T15:09:01Z</time></trkpt><trkpt lat="46.554302" lon="12.148993"><ele>1458.299</ele><time>2014-09-28T15:09:02Z</time></trkpt><trkpt lat="46.554298" lon="12.148984"><ele>1458.019</ele><time>2014-09-28T15:09:03Z</time></trkpt><trkpt lat="46.554277" lon="12.148937"><ele>1457.309</ele><time>2014-09-28T15:09:08Z</time></trkpt><trkpt lat="46.554264" lon="12.148910"><ele>1456.919</ele><time>2014-09-28T15:09:11Z</time></trkpt><trkpt lat="46.554260" lon="12.148899"><ele>1456.808</ele><time>2014-09-28T15:09:12Z</time></trkpt><trkpt lat="46.554237" lon="12.148858"><ele>1455.822</ele><time>2014-09-28T15:09:15Z</time></trkpt><trkpt lat="46.554213" lon="12.148823"><ele>1454.914</ele><time>2014-09-28T15:09:18Z</time></trkpt><trkpt lat="46.554186" lon="12.148788"><ele>1453.978</ele><time>2014-09-28T15:09:21Z</time></trkpt><trkpt lat="46.554153" lon="12.148748"><ele>1452.683</ele><time>2014-09-28T15:09:24Z</time></trkpt><trkpt lat="46.554148" lon="12.148737"><ele>1452.321</ele><time>2014-09-28T15:09:25Z</time></trkpt><trkpt lat="46.554127" lon="12.148710"><ele>1451.578</ele><time>2014-09-28T15:09:27Z</time></trkpt><trkpt lat="46.554091" lon="12.148661"><ele>1450.052</ele><time>2014-09-28T15:09:31Z</time></trkpt><trkpt lat="46.554069" lon="12.148593"><ele>1448.855</ele><time>2014-09-28T15:09:35Z</time></trkpt><trkpt lat="46.554058" lon="12.148553"><ele>1448.341</ele><time>2014-09-28T15:09:38Z</time></trkpt><trkpt lat="46.554057" lon="12.148476"><ele>1447.981</ele><time>2014-09-28T15:09:42Z</time></trkpt><trkpt lat="46.554048" lon="12.148418"><ele>1447.309</ele><time>2014-09-28T15:09:45Z</time></trkpt><trkpt lat="46.554045" lon="12.148313"><ele>1446.708</ele><time>2014-09-28T15:09:49Z</time></trkpt><trkpt lat="46.554056" lon="12.148185"><ele>1446.245</ele><time>2014-09-28T15:09:55Z</time></trkpt><trkpt lat="46.554044" lon="12.148123"><ele>1445.647</ele><time>2014-09-28T15:09:57Z</time></trkpt><trkpt lat="46.554041" lon="12.148083"><ele>1445.391</ele><time>2014-09-28T15:09:59Z</time></trkpt><trkpt lat="46.554048" lon="12.147991"><ele>1444.786</ele><time>2014-09-28T15:10:04Z</time></trkpt><trkpt lat="46.554049" lon="12.147974"><ele>1444.544</ele><time>2014-09-28T15:10:05Z</time></trkpt><trkpt lat="46.554050" lon="12.147862"><ele>1443.591</ele><time>2014-09-28T15:10:11Z</time></trkpt><trkpt lat="46.554069" lon="12.147807"><ele>1443.265</ele><time>2014-09-28T15:10:15Z</time></trkpt><trkpt lat="46.554071" lon="12.147776"><ele>1443.088</ele><time>2014-09-28T15:10:17Z</time></trkpt><trkpt lat="46.554082" lon="12.147675"><ele>1442.668</ele><time>2014-09-28T15:10:23Z</time></trkpt><trkpt lat="46.554101" lon="12.147622"><ele>1442.642</ele><time>2014-09-28T15:10:26Z</time></trkpt><trkpt lat="46.554119" lon="12.147579"><ele>1442.626</ele><time>2014-09-28T15:10:29Z</time></trkpt><trkpt lat="46.554148" lon="12.147505"><ele>1442.808</ele><time>2014-09-28T15:10:35Z</time></trkpt><trkpt lat="46.554153" lon="12.147490"><ele>1442.727</ele><time>2014-09-28T15:10:36Z</time></trkpt><trkpt lat="46.554158" lon="12.147435"><ele>1442.029</ele><time>2014-09-28T15:10:40Z</time></trkpt><trkpt lat="46.554165" lon="12.147373"><ele>1441.213</ele><time>2014-09-28T15:10:44Z</time></trkpt><trkpt lat="46.554168" lon="12.147358"><ele>1441.038</ele><time>2014-09-28T15:10:45Z</time></trkpt><trkpt lat="46.554173" lon="12.147228"><ele>1439.246</ele><time>2014-09-28T15:10:53Z</time></trkpt><trkpt lat="46.554169" lon="12.147210"><ele>1438.993</ele><time>2014-09-28T15:10:55Z</time></trkpt><trkpt lat="46.554169" lon="12.147206"><ele>1438.917</ele><time>2014-09-28T15:11:00Z</time></trkpt><trkpt lat="46.554163" lon="12.147179"><ele>1438.570</ele><time>2014-09-28T15:11:02Z</time></trkpt><trkpt lat="46.554141" lon="12.147132"><ele>1437.879</ele><time>2014-09-28T15:11:06Z</time></trkpt><trkpt lat="46.554124" lon="12.147108"><ele>1437.505</ele><time>2014-09-28T15:11:09Z</time></trkpt><trkpt lat="46.554108" lon="12.147086"><ele>1437.125</ele><time>2014-09-28T15:11:11Z</time></trkpt><trkpt lat="46.554100" lon="12.147073"><ele>1436.908</ele><time>2014-09-28T15:11:12Z</time></trkpt><trkpt lat="46.554074" lon="12.147032"><ele>1436.368</ele><time>2014-09-28T15:11:16Z</time></trkpt><trkpt lat="46.554030" lon="12.146969"><ele>1435.320</ele><time>2014-09-28T15:11:21Z</time></trkpt><trkpt lat="46.553982" lon="12.146871"><ele>1434.344</ele><time>2014-09-28T15:11:28Z</time></trkpt><trkpt lat="46.553968" lon="12.146846"><ele>1434.129</ele><time>2014-09-28T15:11:30Z</time></trkpt><trkpt lat="46.553919" lon="12.146749"><ele>1433.417</ele><time>2014-09-28T15:11:37Z</time></trkpt><trkpt lat="46.553911" lon="12.146734"><ele>1433.334</ele><time>2014-09-28T15:11:38Z</time></trkpt><trkpt lat="46.553858" lon="12.146666"><ele>1432.818</ele><time>2014-09-28T15:11:44Z</time></trkpt><trkpt lat="46.553831" lon="12.146631"><ele>1432.381</ele><time>2014-09-28T15:11:48Z</time></trkpt><trkpt lat="46.553808" lon="12.146612"><ele>1432.018</ele><time>2014-09-28T15:11:49Z</time></trkpt><trkpt lat="46.553786" lon="12.146593"><ele>1431.698</ele><time>2014-09-28T15:11:51Z</time></trkpt><trkpt lat="46.553740" lon="12.146575"><ele>1431.117</ele><time>2014-09-28T15:11:55Z</time></trkpt><trkpt lat="46.553716" lon="12.146545"><ele>1430.608</ele><time>2014-09-28T15:11:58Z</time></trkpt><trkpt lat="46.553702" lon="12.146493"><ele>1430.082</ele><time>2014-09-28T15:12:01Z</time></trkpt><trkpt lat="46.553671" lon="12.146438"><ele>1429.164</ele><time>2014-09-28T15:12:06Z</time></trkpt><trkpt lat="46.553653" lon="12.146416"><ele>1428.768</ele><time>2014-09-28T15:12:08Z</time></trkpt><trkpt lat="46.553620" lon="12.146377"><ele>1428.063</ele><time>2014-09-28T15:12:12Z</time></trkpt><trkpt lat="46.553608" lon="12.146362"><ele>1427.631</ele><time>2014-09-28T15:12:13Z</time></trkpt><trkpt lat="46.553586" lon="12.146343"><ele>1427.098</ele><time>2014-09-28T15:12:15Z</time></trkpt><trkpt lat="46.553560" lon="12.146324"><ele>1426.272</ele><time>2014-09-28T15:12:17Z</time></trkpt><trkpt lat="46.553539" lon="12.146321"><ele>1425.845</ele><time>2014-09-28T15:12:19Z</time></trkpt><trkpt lat="46.553507" lon="12.146334"><ele>1425.224</ele><time>2014-09-28T15:12:22Z</time></trkpt><trkpt lat="46.553506" lon="12.146347"><ele>1425.304</ele><time>2014-09-28T15:12:23Z</time></trkpt><trkpt lat="46.553483" lon="12.146368"><ele>1425.014</ele><time>2014-09-28T15:12:25Z</time></trkpt><trkpt lat="46.553454" lon="12.146394"><ele>1424.708</ele><time>2014-09-28T15:12:28Z</time></trkpt><trkpt lat="46.553412" lon="12.146424"><ele>1424.133</ele><time>2014-09-28T15:12:32Z</time></trkpt><trkpt lat="46.553386" lon="12.146434"><ele>1423.665</ele><time>2014-09-28T15:12:34Z</time></trkpt><trkpt lat="46.553337" lon="12.146444"><ele>1422.769</ele><time>2014-09-28T15:12:38Z</time></trkpt><trkpt lat="46.553314" lon="12.146447"><ele>1422.384</ele><time>2014-09-28T15:12:40Z</time></trkpt><trkpt lat="46.553257" lon="12.146437"><ele>1421.142</ele><time>2014-09-28T15:12:45Z</time></trkpt><trkpt lat="46.553222" lon="12.146433"><ele>1420.479</ele><time>2014-09-28T15:12:48Z</time></trkpt><trkpt lat="46.553213" lon="12.146437"><ele>1420.323</ele><time>2014-09-28T15:12:49Z</time></trkpt><trkpt lat="46.553193" lon="12.146439"><ele>1419.926</ele><time>2014-09-28T15:12:51Z</time></trkpt><trkpt lat="46.553161" lon="12.146463"><ele>1419.569</ele><time>2014-09-28T15:12:54Z</time></trkpt><trkpt lat="46.553138" lon="12.146478"><ele>1419.204</ele><time>2014-09-28T15:12:56Z</time></trkpt><trkpt lat="46.553089" lon="12.146502"><ele>1418.524</ele><time>2014-09-28T15:13:00Z</time></trkpt><trkpt lat="46.553061" lon="12.146514"><ele>1418.008</ele><time>2014-09-28T15:13:02Z</time></trkpt><trkpt lat="46.553036" lon="12.146516"><ele>1417.587</ele><time>2014-09-28T15:13:04Z</time></trkpt><trkpt lat="46.552975" lon="12.146491"><ele>1415.839</ele><time>2014-09-28T15:13:09Z</time></trkpt><trkpt lat="46.552961" lon="12.146479"><ele>1415.483</ele><time>2014-09-28T15:13:10Z</time></trkpt><trkpt lat="46.552905" lon="12.146422"><ele>1413.578</ele><time>2014-09-28T15:13:15Z</time></trkpt><trkpt lat="46.552894" lon="12.146413"><ele>1413.246</ele><time>2014-09-28T15:13:16Z</time></trkpt><trkpt lat="46.552846" lon="12.146367"><ele>1411.563</ele><time>2014-09-28T15:13:20Z</time></trkpt><trkpt lat="46.552835" lon="12.146358"><ele>1411.287</ele><time>2014-09-28T15:13:21Z</time></trkpt><trkpt lat="46.552825" lon="12.146349"><ele>1410.950</ele><time>2014-09-28T15:13:22Z</time></trkpt><trkpt lat="46.552758" lon="12.146320"><ele>1409.077</ele><time>2014-09-28T15:13:27Z</time></trkpt><trkpt lat="46.552731" lon="12.146313"><ele>1408.261</ele><time>2014-09-28T15:13:29Z</time></trkpt><trkpt lat="46.552723" lon="12.146312"><ele>1408.027</ele><time>2014-09-28T15:13:30Z</time></trkpt><trkpt lat="46.552705" lon="12.146315"><ele>1407.508</ele><time>2014-09-28T15:13:31Z</time></trkpt><trkpt lat="46.552692" lon="12.146305"><ele>1407.158</ele><time>2014-09-28T15:13:32Z</time></trkpt><trkpt lat="46.552677" lon="12.146293"><ele>1406.770</ele><time>2014-09-28T15:13:33Z</time></trkpt><trkpt lat="46.552636" lon="12.146290"><ele>1405.694</ele><time>2014-09-28T15:13:35Z</time></trkpt><trkpt lat="46.552596" lon="12.146296"><ele>1404.539</ele><time>2014-09-28T15:13:37Z</time></trkpt><trkpt lat="46.552556" lon="12.146331"><ele>1403.587</ele><time>2014-09-28T15:13:39Z</time></trkpt><trkpt lat="46.552534" lon="12.146340"><ele>1402.974</ele><time>2014-09-28T15:13:40Z</time></trkpt><trkpt lat="46.552477" lon="12.146369"><ele>1401.588</ele><time>2014-09-28T15:13:44Z</time></trkpt><trkpt lat="46.552463" lon="12.146378"><ele>1401.261</ele><time>2014-09-28T15:13:45Z</time></trkpt><trkpt lat="46.552425" lon="12.146402"><ele>1400.547</ele><time>2014-09-28T15:13:48Z</time></trkpt><trkpt lat="46.552416" lon="12.146405"><ele>1400.329</ele><time>2014-09-28T15:13:49Z</time></trkpt><trkpt lat="46.552380" lon="12.146415"><ele>1399.621</ele><time>2014-09-28T15:13:52Z</time></trkpt><trkpt lat="46.552333" lon="12.146417"><ele>1398.508</ele><time>2014-09-28T15:13:55Z</time></trkpt><trkpt lat="46.552290" lon="12.146421"><ele>1397.685</ele><time>2014-09-28T15:13:58Z</time></trkpt><trkpt lat="46.552275" lon="12.146418"><ele>1397.317</ele><time>2014-09-28T15:13:59Z</time></trkpt><trkpt lat="46.552262" lon="12.146414"><ele>1397.091</ele><time>2014-09-28T15:14:00Z</time></trkpt><trkpt lat="46.552228" lon="12.146397"><ele>1396.286</ele><time>2014-09-28T15:14:03Z</time></trkpt><trkpt lat="46.552162" lon="12.146391"><ele>1395.424</ele><time>2014-09-28T15:14:07Z</time></trkpt><trkpt lat="46.552151" lon="12.146382"><ele>1395.251</ele><time>2014-09-28T15:14:08Z</time></trkpt><trkpt lat="46.552091" lon="12.146334"><ele>1394.115</ele><time>2014-09-28T15:14:12Z</time></trkpt><trkpt lat="46.552078" lon="12.146333"><ele>1393.938</ele><time>2014-09-28T15:14:13Z</time></trkpt><trkpt lat="46.552066" lon="12.146320"><ele>1393.654</ele><time>2014-09-28T15:14:14Z</time></trkpt><trkpt lat="46.552045" lon="12.146300"><ele>1393.256</ele><time>2014-09-28T15:14:16Z</time></trkpt><trkpt lat="46.552039" lon="12.146282"><ele>1392.911</ele><time>2014-09-28T15:14:17Z</time></trkpt><trkpt lat="46.552025" lon="12.146268"><ele>1392.508</ele><time>2014-09-28T15:14:18Z</time></trkpt><trkpt lat="46.552002" lon="12.146240"><ele>1391.816</ele><time>2014-09-28T15:14:20Z</time></trkpt><trkpt lat="46.551949" lon="12.146188"><ele>1390.248</ele><time>2014-09-28T15:14:24Z</time></trkpt><trkpt lat="46.551935" lon="12.146176"><ele>1390.092</ele><time>2014-09-28T15:14:25Z</time></trkpt><trkpt lat="46.551916" lon="12.146149"><ele>1389.867</ele><time>2014-09-28T15:14:27Z</time></trkpt><trkpt lat="46.551896" lon="12.146100"><ele>1389.295</ele><time>2014-09-28T15:14:30Z</time></trkpt><trkpt lat="46.551886" lon="12.146076"><ele>1389.082</ele><time>2014-09-28T15:14:31Z</time></trkpt><trkpt lat="46.551860" lon="12.146037"><ele>1388.766</ele><time>2014-09-28T15:14:34Z</time></trkpt><trkpt lat="46.551845" lon="12.145996"><ele>1388.129</ele><time>2014-09-28T15:14:36Z</time></trkpt><trkpt lat="46.551831" lon="12.145984"><ele>1388.083</ele><time>2014-09-28T15:14:37Z</time></trkpt><trkpt lat="46.551821" lon="12.145959"><ele>1387.625</ele><time>2014-09-28T15:14:38Z</time></trkpt><trkpt lat="46.551811" lon="12.145921"><ele>1386.917</ele><time>2014-09-28T15:14:40Z</time></trkpt><trkpt lat="46.551797" lon="12.145887"><ele>1386.308</ele><time>2014-09-28T15:14:41Z</time></trkpt><trkpt lat="46.551775" lon="12.145842"><ele>1385.359</ele><time>2014-09-28T15:14:43Z</time></trkpt><trkpt lat="46.551767" lon="12.145798"><ele>1384.681</ele><time>2014-09-28T15:14:46Z</time></trkpt><trkpt lat="46.551744" lon="12.145730"><ele>1383.395</ele><time>2014-09-28T15:14:49Z</time></trkpt><trkpt lat="46.551725" lon="12.145683"><ele>1382.540</ele><time>2014-09-28T15:14:51Z</time></trkpt><trkpt lat="46.551700" lon="12.145631"><ele>1381.458</ele><time>2014-09-28T15:14:54Z</time></trkpt><trkpt lat="46.551690" lon="12.145570"><ele>1380.545</ele><time>2014-09-28T15:14:57Z</time></trkpt><trkpt lat="46.551687" lon="12.145553"><ele>1380.299</ele><time>2014-09-28T15:14:58Z</time></trkpt><trkpt lat="46.551668" lon="12.145467"><ele>1378.792</ele><time>2014-09-28T15:15:02Z</time></trkpt><trkpt lat="46.551644" lon="12.145425"><ele>1377.848</ele><time>2014-09-28T15:15:04Z</time></trkpt><trkpt lat="46.551633" lon="12.145412"><ele>1377.561</ele><time>2014-09-28T15:15:05Z</time></trkpt><trkpt lat="46.551604" lon="12.145371"><ele>1376.417</ele><time>2014-09-28T15:15:09Z</time></trkpt><trkpt lat="46.551598" lon="12.145351"><ele>1376.008</ele><time>2014-09-28T15:15:10Z</time></trkpt><trkpt lat="46.551584" lon="12.145333"><ele>1375.565</ele><time>2014-09-28T15:15:11Z</time></trkpt><trkpt lat="46.551560" lon="12.145315"><ele>1374.827</ele><time>2014-09-28T15:15:14Z</time></trkpt><trkpt lat="46.551541" lon="12.145301"><ele>1374.251</ele><time>2014-09-28T15:15:16Z</time></trkpt><trkpt lat="46.551532" lon="12.145292"><ele>1373.966</ele><time>2014-09-28T15:15:17Z</time></trkpt><trkpt lat="46.551481" lon="12.145277"><ele>1372.614</ele><time>2014-09-28T15:15:19Z</time></trkpt><trkpt lat="46.551464" lon="12.145263"><ele>1372.131</ele><time>2014-09-28T15:15:20Z</time></trkpt><trkpt lat="46.551446" lon="12.145244"><ele>1371.415</ele><time>2014-09-28T15:15:21Z</time></trkpt><trkpt lat="46.551408" lon="12.145213"><ele>1370.218</ele><time>2014-09-28T15:15:23Z</time></trkpt><trkpt lat="46.551371" lon="12.145166"><ele>1369.094</ele><time>2014-09-28T15:15:25Z</time></trkpt><trkpt lat="46.551321" lon="12.145137"><ele>1368.357</ele><time>2014-09-28T15:15:27Z</time></trkpt><trkpt lat="46.551282" lon="12.145108"><ele>1367.622</ele><time>2014-09-28T15:15:29Z</time></trkpt><trkpt lat="46.551186" lon="12.145050"><ele>1365.808</ele><time>2014-09-28T15:15:34Z</time></trkpt><trkpt lat="46.551094" lon="12.145016"><ele>1364.590</ele><time>2014-09-28T15:15:39Z</time></trkpt><trkpt lat="46.551054" lon="12.144999"><ele>1364.282</ele><time>2014-09-28T15:15:42Z</time></trkpt><trkpt lat="46.551039" lon="12.145003"><ele>1364.386</ele><time>2014-09-28T15:15:44Z</time></trkpt><trkpt lat="46.550977" lon="12.144978"><ele>1364.271</ele><time>2014-09-28T15:15:48Z</time></trkpt><trkpt lat="46.550962" lon="12.144970"><ele>1364.169</ele><time>2014-09-28T15:15:49Z</time></trkpt><trkpt lat="46.550941" lon="12.144947"><ele>1363.846</ele><time>2014-09-28T15:15:50Z</time></trkpt><trkpt lat="46.550913" lon="12.144922"><ele>1363.680</ele><time>2014-09-28T15:15:52Z</time></trkpt><trkpt lat="46.550859" lon="12.144864"><ele>1362.993</ele><time>2014-09-28T15:15:56Z</time></trkpt><trkpt lat="46.550814" lon="12.144784"><ele>1362.024</ele><time>2014-09-28T15:16:01Z</time></trkpt><trkpt lat="46.550780" lon="12.144721"><ele>1361.204</ele><time>2014-09-28T15:16:05Z</time></trkpt><trkpt lat="46.550745" lon="12.144673"><ele>1360.414</ele><time>2014-09-28T15:16:08Z</time></trkpt><trkpt lat="46.550714" lon="12.144626"><ele>1359.808</ele><time>2014-09-28T15:16:11Z</time></trkpt><trkpt lat="46.550672" lon="12.144568"><ele>1359.213</ele><time>2014-09-28T15:16:15Z</time></trkpt><trkpt lat="46.550622" lon="12.144527"><ele>1359.145</ele><time>2014-09-28T15:16:20Z</time></trkpt><trkpt lat="46.550606" lon="12.144518"><ele>1359.239</ele><time>2014-09-28T15:16:21Z</time></trkpt><trkpt lat="46.550563" lon="12.144481"><ele>1359.354</ele><time>2014-09-28T15:16:25Z</time></trkpt><trkpt lat="46.550547" lon="12.144465"><ele>1359.252</ele><time>2014-09-28T15:16:27Z</time></trkpt><trkpt lat="46.550504" lon="12.144449"><ele>1358.729</ele><time>2014-09-28T15:16:30Z</time></trkpt><trkpt lat="46.550480" lon="12.144420"><ele>1358.083</ele><time>2014-09-28T15:16:32Z</time></trkpt><trkpt lat="46.550473" lon="12.144411"><ele>1357.826</ele><time>2014-09-28T15:16:33Z</time></trkpt><trkpt lat="46.550415" lon="12.144322"><ele>1356.014</ele><time>2014-09-28T15:16:38Z</time></trkpt><trkpt lat="46.550371" lon="12.144266"><ele>1355.154</ele><time>2014-09-28T15:16:42Z</time></trkpt><trkpt lat="46.550354" lon="12.144242"><ele>1354.809</ele><time>2014-09-28T15:16:43Z</time></trkpt><trkpt lat="46.550339" lon="12.144223"><ele>1354.508</ele><time>2014-09-28T15:16:44Z</time></trkpt><trkpt lat="46.550271" lon="12.144150"><ele>1353.762</ele><time>2014-09-28T15:16:50Z</time></trkpt><trkpt lat="46.550263" lon="12.144134"><ele>1353.394</ele><time>2014-09-28T15:16:51Z</time></trkpt><trkpt lat="46.550241" lon="12.144120"><ele>1352.838</ele><time>2014-09-28T15:16:53Z</time></trkpt><trkpt lat="46.550216" lon="12.144116"><ele>1352.423</ele><time>2014-09-28T15:16:55Z</time></trkpt><trkpt lat="46.550171" lon="12.144101"><ele>1351.641</ele><time>2014-09-28T15:16:59Z</time></trkpt><trkpt lat="46.550166" lon="12.144101"><ele>1351.598</ele><time>2014-09-28T15:17:00Z</time></trkpt><trkpt lat="46.550144" lon="12.144075"><ele>1350.932</ele><time>2014-09-28T15:17:02Z</time></trkpt><trkpt lat="46.550111" lon="12.144056"><ele>1350.215</ele><time>2014-09-28T15:17:04Z</time></trkpt><trkpt lat="46.550100" lon="12.144043"><ele>1349.984</ele><time>2014-09-28T15:17:05Z</time></trkpt><trkpt lat="46.550069" lon="12.144002"><ele>1349.107</ele><time>2014-09-28T15:17:08Z</time></trkpt><trkpt lat="46.550036" lon="12.143975"><ele>1348.417</ele><time>2014-09-28T15:17:11Z</time></trkpt><trkpt lat="46.550008" lon="12.143906"><ele>1347.308</ele><time>2014-09-28T15:17:15Z</time></trkpt><trkpt lat="46.550007" lon="12.143885"><ele>1347.039</ele><time>2014-09-28T15:17:17Z</time></trkpt><trkpt lat="46.550002" lon="12.143876"><ele>1346.871</ele><time>2014-09-28T15:17:18Z</time></trkpt><trkpt lat="46.549970" lon="12.143843"><ele>1345.575</ele><time>2014-09-28T15:17:22Z</time></trkpt><trkpt lat="46.549949" lon="12.143830"><ele>1344.980</ele><time>2014-09-28T15:17:24Z</time></trkpt><trkpt lat="46.549931" lon="12.143803"><ele>1344.028</ele><time>2014-09-28T15:17:27Z</time></trkpt><trkpt lat="46.549924" lon="12.143793"><ele>1343.745</ele><time>2014-09-28T15:17:28Z</time></trkpt><trkpt lat="46.549918" lon="12.143764"><ele>1343.119</ele><time>2014-09-28T15:17:30Z</time></trkpt><trkpt lat="46.549913" lon="12.143751"><ele>1342.882</ele><time>2014-09-28T15:17:31Z</time></trkpt><trkpt lat="46.549896" lon="12.143723"><ele>1342.035</ele><time>2014-09-28T15:17:34Z</time></trkpt><trkpt lat="46.549876" lon="12.143691"><ele>1341.186</ele><time>2014-09-28T15:17:37Z</time></trkpt><trkpt lat="46.549873" lon="12.143685"><ele>1340.914</ele><time>2014-09-28T15:17:38Z</time></trkpt><trkpt lat="46.549866" lon="12.143671"><ele>1340.608</ele><time>2014-09-28T15:17:46Z</time></trkpt><trkpt lat="46.549866" lon="12.143672"><ele>1340.694</ele><time>2014-09-28T15:17:54Z</time></trkpt><trkpt lat="46.549850" lon="12.143685"><ele>1340.516</ele><time>2014-09-28T15:18:09Z</time></trkpt><trkpt lat="46.549833" lon="12.143689"><ele>1340.230</ele><time>2014-09-28T15:18:10Z</time></trkpt><trkpt lat="46.549814" lon="12.143684"><ele>1339.825</ele><time>2014-09-28T15:18:12Z</time></trkpt><trkpt lat="46.549783" lon="12.143664"><ele>1338.953</ele><time>2014-09-28T15:18:15Z</time></trkpt><trkpt lat="46.549776" lon="12.143652"><ele>1338.660</ele><time>2014-09-28T15:18:16Z</time></trkpt><trkpt lat="46.549746" lon="12.143593"><ele>1337.274</ele><time>2014-09-28T15:18:21Z</time></trkpt><trkpt lat="46.549725" lon="12.143555"><ele>1336.217</ele><time>2014-09-28T15:18:24Z</time></trkpt><trkpt lat="46.549686" lon="12.143489"><ele>1334.546</ele><time>2014-09-28T15:18:29Z</time></trkpt><trkpt lat="46.549657" lon="12.143446"><ele>1333.488</ele><time>2014-09-28T15:18:32Z</time></trkpt><trkpt lat="46.549645" lon="12.143428"><ele>1332.916</ele><time>2014-09-28T15:18:33Z</time></trkpt><trkpt lat="46.549607" lon="12.143400"><ele>1331.808</ele><time>2014-09-28T15:18:39Z</time></trkpt><trkpt lat="46.549607" lon="12.143398"><ele>1331.885</ele><time>2014-09-28T15:18:43Z</time></trkpt><trkpt lat="46.549606" lon="12.143403"><ele>1331.837</ele><time>2014-09-28T15:18:48Z</time></trkpt><trkpt lat="46.549599" lon="12.143411"><ele>1331.811</ele><time>2014-09-28T15:18:59Z</time></trkpt><trkpt lat="46.549592" lon="12.143379"><ele>1331.216</ele><time>2014-09-28T15:19:24Z</time></trkpt><trkpt lat="46.549558" lon="12.143388"><ele>1330.764</ele><time>2014-09-28T15:19:28Z</time></trkpt><trkpt lat="46.549560" lon="12.143388"><ele>1330.841</ele><time>2014-09-28T15:19:31Z</time></trkpt><trkpt lat="46.549549" lon="12.143386"><ele>1330.585</ele><time>2014-09-28T15:19:40Z</time></trkpt><trkpt lat="46.549520" lon="12.143396"><ele>1330.148</ele><time>2014-09-28T15:19:44Z</time></trkpt><trkpt lat="46.549493" lon="12.143404"><ele>1329.775</ele><time>2014-09-28T15:19:47Z</time></trkpt><trkpt lat="46.549486" lon="12.143404"><ele>1329.528</ele><time>2014-09-28T15:19:48Z</time></trkpt><trkpt lat="46.549463" lon="12.143411"><ele>1329.220</ele><time>2014-09-28T15:19:52Z</time></trkpt><trkpt lat="46.549457" lon="12.143408"><ele>1329.008</ele><time>2014-09-28T15:19:53Z</time></trkpt><trkpt lat="46.549412" lon="12.143394"><ele>1328.238</ele><time>2014-09-28T15:19:57Z</time></trkpt><trkpt lat="46.549385" lon="12.143396"><ele>1327.810</ele><time>2014-09-28T15:19:59Z</time></trkpt><trkpt lat="46.549351" lon="12.143404"><ele>1327.314</ele><time>2014-09-28T15:20:02Z</time></trkpt><trkpt lat="46.549315" lon="12.143414"><ele>1326.989</ele><time>2014-09-28T15:20:06Z</time></trkpt><trkpt lat="46.549309" lon="12.143427"><ele>1326.917</ele><time>2014-09-28T15:20:07Z</time></trkpt><trkpt lat="46.549262" lon="12.143421"><ele>1326.144</ele><time>2014-09-28T15:20:10Z</time></trkpt><trkpt lat="46.549205" lon="12.143407"><ele>1325.128</ele><time>2014-09-28T15:20:14Z</time></trkpt><trkpt lat="46.549176" lon="12.143395"><ele>1324.661</ele><time>2014-09-28T15:20:16Z</time></trkpt><trkpt lat="46.549148" lon="12.143381"><ele>1324.161</ele><time>2014-09-28T15:20:18Z</time></trkpt><trkpt lat="46.549136" lon="12.143383"><ele>1323.921</ele><time>2014-09-28T15:20:19Z</time></trkpt><trkpt lat="46.549095" lon="12.143359"><ele>1323.213</ele><time>2014-09-28T15:20:22Z</time></trkpt><trkpt lat="46.549083" lon="12.143350"><ele>1322.908</ele><time>2014-09-28T15:20:23Z</time></trkpt><trkpt lat="46.549069" lon="12.143342"><ele>1322.797</ele><time>2014-09-28T15:20:24Z</time></trkpt><trkpt lat="46.549046" lon="12.143328"><ele>1322.319</ele><time>2014-09-28T15:20:26Z</time></trkpt><trkpt lat="46.549011" lon="12.143316"><ele>1321.883</ele><time>2014-09-28T15:20:29Z</time></trkpt><trkpt lat="46.548988" lon="12.143291"><ele>1321.598</ele><time>2014-09-28T15:20:31Z</time></trkpt><trkpt lat="46.548966" lon="12.143277"><ele>1321.216</ele><time>2014-09-28T15:20:33Z</time></trkpt><trkpt lat="46.548953" lon="12.143271"><ele>1321.023</ele><time>2014-09-28T15:20:34Z</time></trkpt><trkpt lat="46.548901" lon="12.143250"><ele>1320.417</ele><time>2014-09-28T15:20:38Z</time></trkpt><trkpt lat="46.548888" lon="12.143245"><ele>1320.370</ele><time>2014-09-28T15:20:39Z</time></trkpt><trkpt lat="46.548859" lon="12.143226"><ele>1320.036</ele><time>2014-09-28T15:20:42Z</time></trkpt><trkpt lat="46.548849" lon="12.143226"><ele>1319.817</ele><time>2014-09-28T15:20:43Z</time></trkpt><trkpt lat="46.548832" lon="12.143210"><ele>1319.618</ele><time>2014-09-28T15:20:45Z</time></trkpt><trkpt lat="46.548779" lon="12.143181"><ele>1319.008</ele><time>2014-09-28T15:20:49Z</time></trkpt><trkpt lat="46.548767" lon="12.143178"><ele>1318.894</ele><time>2014-09-28T15:20:50Z</time></trkpt><trkpt lat="46.548751" lon="12.143175"><ele>1318.626</ele><time>2014-09-28T15:20:51Z</time></trkpt><trkpt lat="46.548681" lon="12.143150"><ele>1317.780</ele><time>2014-09-28T15:20:56Z</time></trkpt><trkpt lat="46.548629" lon="12.143121"><ele>1317.045</ele><time>2014-09-28T15:21:01Z</time></trkpt><trkpt lat="46.548618" lon="12.143118"><ele>1316.943</ele><time>2014-09-28T15:21:02Z</time></trkpt><trkpt lat="46.548567" lon="12.143115"><ele>1315.970</ele><time>2014-09-28T15:21:06Z</time></trkpt><trkpt lat="46.548534" lon="12.143099"><ele>1315.344</ele><time>2014-09-28T15:21:09Z</time></trkpt><trkpt lat="46.548498" lon="12.143090"><ele>1314.677</ele><time>2014-09-28T15:21:12Z</time></trkpt><trkpt lat="46.548458" lon="12.143067"><ele>1313.729</ele><time>2014-09-28T15:21:15Z</time></trkpt><trkpt lat="46.548445" lon="12.143060"><ele>1313.400</ele><time>2014-09-28T15:21:16Z</time></trkpt><trkpt lat="46.548388" lon="12.143024"><ele>1312.420</ele><time>2014-09-28T15:21:21Z</time></trkpt><trkpt lat="46.548369" lon="12.143007"><ele>1312.108</ele><time>2014-09-28T15:21:23Z</time></trkpt><trkpt lat="46.548336" lon="12.142990"><ele>1311.553</ele><time>2014-09-28T15:21:26Z</time></trkpt><trkpt lat="46.548285" lon="12.142964"><ele>1311.075</ele><time>2014-09-28T15:21:31Z</time></trkpt><trkpt lat="46.548263" lon="12.142951"><ele>1310.789</ele><time>2014-09-28T15:21:33Z</time></trkpt><trkpt lat="46.548261" lon="12.142956"><ele>1310.794</ele><time>2014-09-28T15:21:34Z</time></trkpt><trkpt lat="46.548246" lon="12.142948"><ele>1310.542</ele><time>2014-09-28T15:21:36Z</time></trkpt><trkpt lat="46.548233" lon="12.142941"><ele>1310.449</ele><time>2014-09-28T15:21:41Z</time></trkpt><trkpt lat="46.548236" lon="12.142945"><ele>1310.493</ele><time>2014-09-28T15:21:50Z</time></trkpt><trkpt lat="46.548240" lon="12.142918"><ele>1310.666</ele><time>2014-09-28T15:21:58Z</time></trkpt><trkpt lat="46.548211" lon="12.142884"><ele>1310.517</ele><time>2014-09-28T15:22:03Z</time></trkpt><trkpt lat="46.548150" lon="12.142854"><ele>1309.887</ele><time>2014-09-28T15:22:12Z</time></trkpt><trkpt lat="46.548087" lon="12.142821"><ele>1309.115</ele><time>2014-09-28T15:22:18Z</time></trkpt><trkpt lat="46.548068" lon="12.142800"><ele>1309.008</ele><time>2014-09-28T15:22:20Z</time></trkpt><trkpt lat="46.548024" lon="12.142751"><ele>1308.442</ele><time>2014-09-28T15:22:24Z</time></trkpt><trkpt lat="46.548013" lon="12.142739"><ele>1308.154</ele><time>2014-09-28T15:22:25Z</time></trkpt><trkpt lat="46.547931" lon="12.142683"><ele>1306.718</ele><time>2014-09-28T15:22:31Z</time></trkpt><trkpt lat="46.547921" lon="12.142669"><ele>1306.653</ele><time>2014-09-28T15:22:32Z</time></trkpt><trkpt lat="46.547901" lon="12.142643"><ele>1306.381</ele><time>2014-09-28T15:22:34Z</time></trkpt><trkpt lat="46.547863" lon="12.142593"><ele>1305.848</ele><time>2014-09-28T15:22:39Z</time></trkpt><trkpt lat="46.547861" lon="12.142575"><ele>1305.812</ele><time>2014-09-28T15:22:41Z</time></trkpt><trkpt lat="46.547866" lon="12.142568"><ele>1305.935</ele><time>2014-09-28T15:22:46Z</time></trkpt><trkpt lat="46.547842" lon="12.142562"><ele>1305.647</ele><time>2014-09-28T15:22:56Z</time></trkpt><trkpt lat="46.547831" lon="12.142537"><ele>1305.529</ele><time>2014-09-28T15:23:01Z</time></trkpt><trkpt lat="46.547815" lon="12.142521"><ele>1305.321</ele><time>2014-09-28T15:23:03Z</time></trkpt><trkpt lat="46.547763" lon="12.142478"><ele>1304.708</ele><time>2014-09-28T15:23:10Z</time></trkpt><trkpt lat="46.547754" lon="12.142472"><ele>1304.615</ele><time>2014-09-28T15:23:11Z</time></trkpt><trkpt lat="46.547749" lon="12.142465"><ele>1304.547</ele><time>2014-09-28T15:23:12Z</time></trkpt><trkpt lat="46.547715" lon="12.142448"><ele>1303.971</ele><time>2014-09-28T15:23:16Z</time></trkpt><trkpt lat="46.547685" lon="12.142433"><ele>1303.426</ele><time>2014-09-28T15:23:19Z</time></trkpt><trkpt lat="46.547656" lon="12.142418"><ele>1303.034</ele><time>2014-09-28T15:23:22Z</time></trkpt><trkpt lat="46.547632" lon="12.142415"><ele>1302.631</ele><time>2014-09-28T15:23:24Z</time></trkpt><trkpt lat="46.547623" lon="12.142419"><ele>1302.565</ele><time>2014-09-28T15:23:25Z</time></trkpt><trkpt lat="46.547612" lon="12.142424"><ele>1302.388</ele><time>2014-09-28T15:23:26Z</time></trkpt><trkpt lat="46.547574" lon="12.142440"><ele>1301.965</ele><time>2014-09-28T15:23:30Z</time></trkpt><trkpt lat="46.547561" lon="12.142441"><ele>1301.768</ele><time>2014-09-28T15:23:31Z</time></trkpt><trkpt lat="46.547550" lon="12.142445"><ele>1301.514</ele><time>2014-09-28T15:23:32Z</time></trkpt><trkpt lat="46.547539" lon="12.142445"><ele>1301.408</ele><time>2014-09-28T15:23:33Z</time></trkpt><trkpt lat="46.547504" lon="12.142460"><ele>1300.987</ele><time>2014-09-28T15:23:36Z</time></trkpt><trkpt lat="46.547487" lon="12.142468"><ele>1300.779</ele><time>2014-09-28T15:23:37Z</time></trkpt><trkpt lat="46.547445" lon="12.142481"><ele>1300.253</ele><time>2014-09-28T15:23:40Z</time></trkpt><trkpt lat="46.547426" lon="12.142489"><ele>1299.948</ele><time>2014-09-28T15:23:41Z</time></trkpt><trkpt lat="46.547411" lon="12.142493"><ele>1299.736</ele><time>2014-09-28T15:23:42Z</time></trkpt><trkpt lat="46.547298" lon="12.142505"><ele>1298.033</ele><time>2014-09-28T15:23:50Z</time></trkpt><trkpt lat="46.547217" lon="12.142501"><ele>1296.917</ele><time>2014-09-28T15:23:56Z</time></trkpt><trkpt lat="46.547144" lon="12.142451"><ele>1296.180</ele><time>2014-09-28T15:24:03Z</time></trkpt><trkpt lat="46.547130" lon="12.142431"><ele>1296.012</ele><time>2014-09-28T15:24:05Z</time></trkpt><trkpt lat="46.547133" lon="12.142436"><ele>1296.032</ele><time>2014-09-28T15:24:08Z</time></trkpt><trkpt lat="46.547133" lon="12.142441"><ele>1296.005</ele><time>2014-09-28T15:24:15Z</time></trkpt><trkpt lat="46.547103" lon="12.142356"><ele>1296.008</ele><time>2014-09-28T15:24:22Z</time></trkpt><trkpt lat="46.547091" lon="12.142345"><ele>1295.972</ele><time>2014-09-28T15:24:23Z</time></trkpt><trkpt lat="46.547052" lon="12.142301"><ele>1295.714</ele><time>2014-09-28T15:24:27Z</time></trkpt><trkpt lat="46.547012" lon="12.142214"><ele>1295.788</ele><time>2014-09-28T15:24:32Z</time></trkpt><trkpt lat="46.546996" lon="12.142194"><ele>1295.443</ele><time>2014-09-28T15:24:34Z</time></trkpt><trkpt lat="46.546987" lon="12.142179"><ele>1295.391</ele><time>2014-09-28T15:24:35Z</time></trkpt><trkpt lat="46.546959" lon="12.142135"><ele>1294.828</ele><time>2014-09-28T15:24:38Z</time></trkpt><trkpt lat="46.546923" lon="12.142100"><ele>1294.272</ele><time>2014-09-28T15:24:42Z</time></trkpt><trkpt lat="46.546901" lon="12.142086"><ele>1293.725</ele><time>2014-09-28T15:24:44Z</time></trkpt><trkpt lat="46.546848" lon="12.142014"><ele>1292.552</ele><time>2014-09-28T15:24:50Z</time></trkpt><trkpt lat="46.546783" lon="12.141912"><ele>1290.853</ele><time>2014-09-28T15:24:58Z</time></trkpt><trkpt lat="46.546722" lon="12.141793"><ele>1288.808</ele><time>2014-09-28T15:25:06Z</time></trkpt><trkpt lat="46.546717" lon="12.141778"><ele>1288.608</ele><time>2014-09-28T15:25:07Z</time></trkpt><trkpt lat="46.546688" lon="12.141717"><ele>1287.736</ele><time>2014-09-28T15:25:11Z</time></trkpt><trkpt lat="46.546654" lon="12.141656"><ele>1286.868</ele><time>2014-09-28T15:25:15Z</time></trkpt><trkpt lat="46.546640" lon="12.141625"><ele>1286.682</ele><time>2014-09-28T15:25:17Z</time></trkpt><trkpt lat="46.546617" lon="12.141579"><ele>1286.147</ele><time>2014-09-28T15:25:20Z</time></trkpt><trkpt lat="46.546598" lon="12.141555"><ele>1285.985</ele><time>2014-09-28T15:25:22Z</time></trkpt><trkpt lat="46.546585" lon="12.141530"><ele>1285.632</ele><time>2014-09-28T15:25:24Z</time></trkpt><trkpt lat="46.546578" lon="12.141514"><ele>1285.526</ele><time>2014-09-28T15:25:25Z</time></trkpt><trkpt lat="46.546557" lon="12.141472"><ele>1285.169</ele><time>2014-09-28T15:25:28Z</time></trkpt><trkpt lat="46.546550" lon="12.141461"><ele>1285.066</ele><time>2014-09-28T15:25:29Z</time></trkpt><trkpt lat="46.546507" lon="12.141399"><ele>1284.329</ele><time>2014-09-28T15:25:34Z</time></trkpt><trkpt lat="46.546488" lon="12.141371"><ele>1283.921</ele><time>2014-09-28T15:25:36Z</time></trkpt><trkpt lat="46.546463" lon="12.141324"><ele>1283.308</ele><time>2014-09-28T15:25:39Z</time></trkpt><trkpt lat="46.546454" lon="12.141316"><ele>1283.177</ele><time>2014-09-28T15:25:40Z</time></trkpt><trkpt lat="46.546412" lon="12.141267"><ele>1282.399</ele><time>2014-09-28T15:25:44Z</time></trkpt><trkpt lat="46.546405" lon="12.141253"><ele>1282.253</ele><time>2014-09-28T15:25:45Z</time></trkpt><trkpt lat="46.546372" lon="12.141166"><ele>1281.278</ele><time>2014-09-28T15:25:50Z</time></trkpt><trkpt lat="46.546352" lon="12.141110"><ele>1280.656</ele><time>2014-09-28T15:25:53Z</time></trkpt><trkpt lat="46.546340" lon="12.141077"><ele>1280.343</ele><time>2014-09-28T15:25:55Z</time></trkpt><trkpt lat="46.546318" lon="12.141016"><ele>1279.817</ele><time>2014-09-28T15:25:58Z</time></trkpt><trkpt lat="46.546300" lon="12.140910"><ele>1279.130</ele><time>2014-09-28T15:26:03Z</time></trkpt><trkpt lat="46.546295" lon="12.140882"><ele>1278.919</ele><time>2014-09-28T15:26:05Z</time></trkpt><trkpt lat="46.546285" lon="12.140806"><ele>1278.209</ele><time>2014-09-28T15:26:09Z</time></trkpt><trkpt lat="46.546277" lon="12.140757"><ele>1277.719</ele><time>2014-09-28T15:26:11Z</time></trkpt><trkpt lat="46.546267" lon="12.140680"><ele>1276.808</ele><time>2014-09-28T15:26:14Z</time></trkpt><trkpt lat="46.546258" lon="12.140633"><ele>1276.372</ele><time>2014-09-28T15:26:16Z</time></trkpt><trkpt lat="46.546247" lon="12.140586"><ele>1275.784</ele><time>2014-09-28T15:26:19Z</time></trkpt><trkpt lat="46.546244" lon="12.140572"><ele>1275.648</ele><time>2014-09-28T15:26:22Z</time></trkpt><trkpt lat="46.546244" lon="12.140579"><ele>1275.643</ele><time>2014-09-28T15:26:29Z</time></trkpt><trkpt lat="46.546238" lon="12.140566"><ele>1275.541</ele><time>2014-09-28T15:26:39Z</time></trkpt><trkpt lat="46.546248" lon="12.140558"><ele>1275.588</ele><time>2014-09-28T15:26:49Z</time></trkpt><trkpt lat="46.546330" lon="12.140547"><ele>1276.382</ele><time>2014-09-28T15:26:54Z</time></trkpt><trkpt lat="46.546351" lon="12.140524"><ele>1276.385</ele><time>2014-09-28T15:26:58Z</time></trkpt><trkpt lat="46.546374" lon="12.140413"><ele>1275.495</ele><time>2014-09-28T15:27:05Z</time></trkpt><trkpt lat="46.546373" lon="12.140376"><ele>1275.049</ele><time>2014-09-28T15:27:07Z</time></trkpt><trkpt lat="46.546358" lon="12.140271"><ele>1273.923</ele><time>2014-09-28T15:27:12Z</time></trkpt><trkpt lat="46.546353" lon="12.140230"><ele>1273.708</ele><time>2014-09-28T15:27:14Z</time></trkpt><trkpt lat="46.546352" lon="12.140151"><ele>1273.420</ele><time>2014-09-28T15:27:18Z</time></trkpt><trkpt lat="46.546347" lon="12.140081"><ele>1273.012</ele><time>2014-09-28T15:27:22Z</time></trkpt><trkpt lat="46.546339" lon="12.140025"><ele>1272.716</ele><time>2014-09-28T15:27:25Z</time></trkpt><trkpt lat="46.546334" lon="12.139971"><ele>1272.441</ele><time>2014-09-28T15:27:28Z</time></trkpt><trkpt lat="46.546326" lon="12.139907"><ele>1271.929</ele><time>2014-09-28T15:27:32Z</time></trkpt><trkpt lat="46.546325" lon="12.139907"><ele>1271.996</ele><time>2014-09-28T15:27:33Z</time></trkpt><trkpt lat="46.546325" lon="12.139885"><ele>1271.770</ele><time>2014-09-28T15:27:35Z</time></trkpt><trkpt lat="46.546306" lon="12.139856"><ele>1271.433</ele><time>2014-09-28T15:27:37Z</time></trkpt><trkpt lat="46.546277" lon="12.139793"><ele>1270.716</ele><time>2014-09-28T15:27:41Z</time></trkpt><trkpt lat="46.546259" lon="12.139760"><ele>1270.376</ele><time>2014-09-28T15:27:43Z</time></trkpt><trkpt lat="46.546220" lon="12.139698"><ele>1269.713</ele><time>2014-09-28T15:27:47Z</time></trkpt><trkpt lat="46.546188" lon="12.139648"><ele>1269.308</ele><time>2014-09-28T15:27:50Z</time></trkpt><trkpt lat="46.546127" lon="12.139565"><ele>1268.582</ele><time>2014-09-28T15:27:55Z</time></trkpt><trkpt lat="46.546109" lon="12.139547"><ele>1268.344</ele><time>2014-09-28T15:27:56Z</time></trkpt><trkpt lat="46.546037" lon="12.139468"><ele>1267.368</ele><time>2014-09-28T15:28:01Z</time></trkpt><trkpt lat="46.546017" lon="12.139443"><ele>1267.093</ele><time>2014-09-28T15:28:02Z</time></trkpt><trkpt lat="46.545921" lon="12.139343"><ele>1265.591</ele><time>2014-09-28T15:28:08Z</time></trkpt><trkpt lat="46.545878" lon="12.139276"><ele>1264.818</ele><time>2014-09-28T15:28:12Z</time></trkpt><trkpt lat="46.545846" lon="12.139219"><ele>1264.342</ele><time>2014-09-28T15:28:16Z</time></trkpt><trkpt lat="46.545819" lon="12.139155"><ele>1263.885</ele><time>2014-09-28T15:28:20Z</time></trkpt><trkpt lat="46.545809" lon="12.139128"><ele>1263.535</ele><time>2014-09-28T15:28:22Z</time></trkpt><trkpt lat="46.545797" lon="12.139100"><ele>1263.286</ele><time>2014-09-28T15:28:24Z</time></trkpt><trkpt lat="46.545773" lon="12.139056"><ele>1262.614</ele><time>2014-09-28T15:28:28Z</time></trkpt><trkpt lat="46.545765" lon="12.139045"><ele>1262.508</ele><time>2014-09-28T15:28:29Z</time></trkpt><trkpt lat="46.545742" lon="12.139012"><ele>1262.184</ele><time>2014-09-28T15:28:32Z</time></trkpt><trkpt lat="46.545713" lon="12.138975"><ele>1261.686</ele><time>2014-09-28T15:28:35Z</time></trkpt><trkpt lat="46.545693" lon="12.138947"><ele>1261.380</ele><time>2014-09-28T15:28:37Z</time></trkpt><trkpt lat="46.545668" lon="12.138913"><ele>1260.995</ele><time>2014-09-28T15:28:40Z</time></trkpt><trkpt lat="46.545658" lon="12.138906"><ele>1260.893</ele><time>2014-09-28T15:28:41Z</time></trkpt><trkpt lat="46.545649" lon="12.138899"><ele>1260.720</ele><time>2014-09-28T15:28:42Z</time></trkpt><trkpt lat="46.545579" lon="12.138845"><ele>1260.084</ele><time>2014-09-28T15:28:48Z</time></trkpt><trkpt lat="46.545559" lon="12.138828"><ele>1259.887</ele><time>2014-09-28T15:28:50Z</time></trkpt><trkpt lat="46.545534" lon="12.138799"><ele>1259.468</ele><time>2014-09-28T15:28:53Z</time></trkpt><trkpt lat="46.545497" lon="12.138775"><ele>1258.742</ele><time>2014-09-28T15:28:58Z</time></trkpt><trkpt lat="46.545469" lon="12.138745"><ele>1258.226</ele><time>2014-09-28T15:29:01Z</time></trkpt><trkpt lat="46.545445" lon="12.138725"><ele>1257.808</ele><time>2014-09-28T15:29:03Z</time></trkpt><trkpt lat="46.545406" lon="12.138655"><ele>1257.017</ele><time>2014-09-28T15:29:08Z</time></trkpt><trkpt lat="46.545396" lon="12.138640"><ele>1256.859</ele><time>2014-09-28T15:29:09Z</time></trkpt><trkpt lat="46.545352" lon="12.138581"><ele>1255.923</ele><time>2014-09-28T15:29:13Z</time></trkpt><trkpt lat="46.545343" lon="12.138561"><ele>1255.738</ele><time>2014-09-28T15:29:14Z</time></trkpt><trkpt lat="46.545327" lon="12.138533"><ele>1255.416</ele><time>2014-09-28T15:29:16Z</time></trkpt><trkpt lat="46.545302" lon="12.138492"><ele>1254.913</ele><time>2014-09-28T15:29:19Z</time></trkpt><trkpt lat="46.545265" lon="12.138434"><ele>1254.277</ele><time>2014-09-28T15:29:23Z</time></trkpt><trkpt lat="46.545224" lon="12.138388"><ele>1253.640</ele><time>2014-09-28T15:29:27Z</time></trkpt><trkpt lat="46.545203" lon="12.138359"><ele>1253.369</ele><time>2014-09-28T15:29:29Z</time></trkpt><trkpt lat="46.545155" lon="12.138285"><ele>1252.404</ele><time>2014-09-28T15:29:34Z</time></trkpt><trkpt lat="46.545146" lon="12.138270"><ele>1252.224</ele><time>2014-09-28T15:29:35Z</time></trkpt><trkpt lat="46.545102" lon="12.138209"><ele>1251.408</ele><time>2014-09-28T15:29:40Z</time></trkpt><trkpt lat="46.545091" lon="12.138194"><ele>1251.157</ele><time>2014-09-28T15:29:41Z</time></trkpt><trkpt lat="46.545054" lon="12.138126"><ele>1250.289</ele><time>2014-09-28T15:29:46Z</time></trkpt><trkpt lat="46.545044" lon="12.138113"><ele>1250.083</ele><time>2014-09-28T15:29:47Z</time></trkpt><trkpt lat="46.545028" lon="12.138086"><ele>1249.698</ele><time>2014-09-28T15:29:49Z</time></trkpt><trkpt lat="46.545001" lon="12.138048"><ele>1249.016</ele><time>2014-09-28T15:29:52Z</time></trkpt><trkpt lat="46.544963" lon="12.137990"><ele>1248.433</ele><time>2014-09-28T15:29:56Z</time></trkpt><trkpt lat="46.544957" lon="12.137980"><ele>1248.347</ele><time>2014-09-28T15:29:57Z</time></trkpt><trkpt lat="46.544948" lon="12.137965"><ele>1248.170</ele><time>2014-09-28T15:29:58Z</time></trkpt><trkpt lat="46.544917" lon="12.137913"><ele>1247.647</ele><time>2014-09-28T15:30:02Z</time></trkpt><trkpt lat="46.544897" lon="12.137874"><ele>1247.229</ele><time>2014-09-28T15:30:04Z</time></trkpt><trkpt lat="46.544851" lon="12.137777"><ele>1246.421</ele><time>2014-09-28T15:30:08Z</time></trkpt><trkpt lat="46.544824" lon="12.137692"><ele>1245.808</ele><time>2014-09-28T15:30:13Z</time></trkpt><trkpt lat="46.544820" lon="12.137678"><ele>1245.755</ele><time>2014-09-28T15:30:14Z</time></trkpt><trkpt lat="46.544810" lon="12.137661"><ele>1245.577</ele><time>2014-09-28T15:30:15Z</time></trkpt><trkpt lat="46.544795" lon="12.137616"><ele>1245.241</ele><time>2014-09-28T15:30:18Z</time></trkpt><trkpt lat="46.544793" lon="12.137618"><ele>1245.246</ele><time>2014-09-28T15:30:19Z</time></trkpt><trkpt lat="46.544770" lon="12.137555"><ele>1244.754</ele><time>2014-09-28T15:30:23Z</time></trkpt><trkpt lat="46.544769" lon="12.137539"><ele>1244.681</ele><time>2014-09-28T15:30:24Z</time></trkpt><trkpt lat="46.544766" lon="12.137519"><ele>1244.535</ele><time>2014-09-28T15:30:25Z</time></trkpt><trkpt lat="46.544750" lon="12.137470"><ele>1244.168</ele><time>2014-09-28T15:30:28Z</time></trkpt><trkpt lat="46.544731" lon="12.137419"><ele>1243.582</ele><time>2014-09-28T15:30:31Z</time></trkpt><trkpt lat="46.544726" lon="12.137381"><ele>1243.243</ele><time>2014-09-28T15:30:33Z</time></trkpt><trkpt lat="46.544722" lon="12.137355"><ele>1243.017</ele><time>2014-09-28T15:30:35Z</time></trkpt><trkpt lat="46.544702" lon="12.137309"><ele>1242.508</ele><time>2014-09-28T15:30:39Z</time></trkpt><trkpt lat="46.544689" lon="12.137290"><ele>1242.289</ele><time>2014-09-28T15:30:42Z</time></trkpt><trkpt lat="46.544692" lon="12.137288"><ele>1242.231</ele><time>2014-09-28T15:30:47Z</time></trkpt><trkpt lat="46.544678" lon="12.137241"><ele>1241.825</ele><time>2014-09-28T15:30:55Z</time></trkpt><trkpt lat="46.544651" lon="12.137237"><ele>1241.690</ele><time>2014-09-28T15:31:04Z</time></trkpt><trkpt lat="46.544641" lon="12.137247"><ele>1241.638</ele><time>2014-09-28T15:31:09Z</time></trkpt><trkpt lat="46.544569" lon="12.137295"><ele>1241.315</ele><time>2014-09-28T15:31:17Z</time></trkpt><trkpt lat="46.544560" lon="12.137304"><ele>1241.289</ele><time>2014-09-28T15:31:18Z</time></trkpt><trkpt lat="46.544489" lon="12.137357"><ele>1240.972</ele><time>2014-09-28T15:31:25Z</time></trkpt><trkpt lat="46.544478" lon="12.137363"><ele>1240.815</ele><time>2014-09-28T15:31:26Z</time></trkpt><trkpt lat="46.544412" lon="12.137399"><ele>1240.365</ele><time>2014-09-28T15:31:32Z</time></trkpt><trkpt lat="46.544402" lon="12.137403"><ele>1240.211</ele><time>2014-09-28T15:31:33Z</time></trkpt><trkpt lat="46.544349" lon="12.137436"><ele>1239.708</ele><time>2014-09-28T15:31:39Z</time></trkpt><trkpt lat="46.544338" lon="12.137440"><ele>1239.612</ele><time>2014-09-28T15:31:40Z</time></trkpt><trkpt lat="46.544300" lon="12.137457"><ele>1239.334</ele><time>2014-09-28T15:31:43Z</time></trkpt><trkpt lat="46.544288" lon="12.137461"><ele>1239.258</ele><time>2014-09-28T15:31:44Z</time></trkpt><trkpt lat="46.544254" lon="12.137467"><ele>1238.863</ele><time>2014-09-28T15:31:47Z</time></trkpt><trkpt lat="46.544150" lon="12.137485"><ele>1238.031</ele><time>2014-09-28T15:31:55Z</time></trkpt><trkpt lat="46.544126" lon="12.137486"><ele>1238.198</ele><time>2014-09-28T15:31:57Z</time></trkpt><trkpt lat="46.544062" lon="12.137470"><ele>1238.112</ele><time>2014-09-28T15:32:03Z</time></trkpt><trkpt lat="46.544008" lon="12.137457"><ele>1238.235</ele><time>2014-09-28T15:32:09Z</time></trkpt><trkpt lat="46.543986" lon="12.137453"><ele>1238.241</ele><time>2014-09-28T15:32:11Z</time></trkpt><trkpt lat="46.543954" lon="12.137455"><ele>1238.281</ele><time>2014-09-28T15:32:14Z</time></trkpt><trkpt lat="46.543931" lon="12.137456"><ele>1238.309</ele><time>2014-09-28T15:32:16Z</time></trkpt><trkpt lat="46.543923" lon="12.137453"><ele>1238.308</ele><time>2014-09-28T15:32:17Z</time></trkpt><trkpt lat="46.543883" lon="12.137436"><ele>1238.235</ele><time>2014-09-28T15:32:21Z</time></trkpt><trkpt lat="46.543874" lon="12.137437"><ele>1238.487</ele><time>2014-09-28T15:32:22Z</time></trkpt><trkpt lat="46.543824" lon="12.137417"><ele>1239.261</ele><time>2014-09-28T15:32:26Z</time></trkpt><trkpt lat="46.543797" lon="12.137405"><ele>1239.626</ele><time>2014-09-28T15:32:28Z</time></trkpt><trkpt lat="46.543768" lon="12.137386"><ele>1239.934</ele><time>2014-09-28T15:32:31Z</time></trkpt><trkpt lat="46.543758" lon="12.137379"><ele>1239.991</ele><time>2014-09-28T15:32:32Z</time></trkpt><trkpt lat="46.543695" lon="12.137330"><ele>1240.245</ele><time>2014-09-28T15:32:38Z</time></trkpt><trkpt lat="46.543665" lon="12.137316"><ele>1240.488</ele><time>2014-09-28T15:32:41Z</time></trkpt><trkpt lat="46.543627" lon="12.137289"><ele>1240.485</ele><time>2014-09-28T15:32:44Z</time></trkpt><trkpt lat="46.543604" lon="12.137269"><ele>1240.289</ele><time>2014-09-28T15:32:46Z</time></trkpt><trkpt lat="46.543589" lon="12.137248"><ele>1239.917</ele><time>2014-09-28T15:32:48Z</time></trkpt><trkpt lat="46.543573" lon="12.137226"><ele>1239.508</ele><time>2014-09-28T15:32:50Z</time></trkpt><trkpt lat="46.543561" lon="12.137215"><ele>1239.429</ele><time>2014-09-28T15:32:51Z</time></trkpt><trkpt lat="46.543513" lon="12.137184"><ele>1239.481</ele><time>2014-09-28T15:32:55Z</time></trkpt><trkpt lat="46.543501" lon="12.137175"><ele>1239.395</ele><time>2014-09-28T15:32:56Z</time></trkpt><trkpt lat="46.543412" lon="12.137079"><ele>1238.650</ele><time>2014-09-28T15:33:04Z</time></trkpt><trkpt lat="46.543312" lon="12.136983"><ele>1237.838</ele><time>2014-09-28T15:33:13Z</time></trkpt><trkpt lat="46.543255" lon="12.136933"><ele>1237.475</ele><time>2014-09-28T15:33:18Z</time></trkpt><trkpt lat="46.543210" lon="12.136891"><ele>1237.139</ele><time>2014-09-28T15:33:22Z</time></trkpt><trkpt lat="46.543098" lon="12.136800"><ele>1236.682</ele><time>2014-09-28T15:33:32Z</time></trkpt><trkpt lat="46.542994" lon="12.136745"><ele>1236.173</ele><time>2014-09-28T15:33:41Z</time></trkpt><trkpt lat="46.542931" lon="12.136724"><ele>1235.785</ele><time>2014-09-28T15:33:46Z</time></trkpt><trkpt lat="46.542816" lon="12.136721"><ele>1235.613</ele><time>2014-09-28T15:33:55Z</time></trkpt><trkpt lat="46.542802" lon="12.136720"><ele>1235.608</ele><time>2014-09-28T15:33:56Z</time></trkpt><trkpt lat="46.542683" lon="12.136724"><ele>1235.338</ele><time>2014-09-28T15:34:06Z</time></trkpt><trkpt lat="46.542547" lon="12.136776"><ele>1235.440</ele><time>2014-09-28T15:34:17Z</time></trkpt><trkpt lat="46.542535" lon="12.136778"><ele>1235.374</ele><time>2014-09-28T15:34:18Z</time></trkpt><trkpt lat="46.542439" lon="12.136814"><ele>1234.939</ele><time>2014-09-28T15:34:26Z</time></trkpt><trkpt lat="46.542396" lon="12.136830"><ele>1234.687</ele><time>2014-09-28T15:34:30Z</time></trkpt><trkpt lat="46.542363" lon="12.136836"><ele>1234.314</ele><time>2014-09-28T15:34:33Z</time></trkpt><trkpt lat="46.542338" lon="12.136852"><ele>1234.318</ele><time>2014-09-28T15:34:36Z</time></trkpt><trkpt lat="46.542331" lon="12.136851"><ele>1234.241</ele><time>2014-09-28T15:34:37Z</time></trkpt><trkpt lat="46.542306" lon="12.136852"><ele>1233.915</ele><time>2014-09-28T15:34:39Z</time></trkpt><trkpt lat="46.542280" lon="12.136853"><ele>1233.665</ele><time>2014-09-28T15:34:41Z</time></trkpt><trkpt lat="46.542269" lon="12.136859"><ele>1233.611</ele><time>2014-09-28T15:34:42Z</time></trkpt><trkpt lat="46.542218" lon="12.136866"><ele>1233.108</ele><time>2014-09-28T15:34:46Z</time></trkpt><trkpt lat="46.542167" lon="12.136866"><ele>1233.062</ele><time>2014-09-28T15:34:50Z</time></trkpt><trkpt lat="46.542142" lon="12.136876"><ele>1233.094</ele><time>2014-09-28T15:34:52Z</time></trkpt><trkpt lat="46.542104" lon="12.136896"><ele>1233.198</ele><time>2014-09-28T15:34:56Z</time></trkpt><trkpt lat="46.542082" lon="12.136887"><ele>1232.913</ele><time>2014-09-28T15:34:58Z</time></trkpt><trkpt lat="46.542048" lon="12.136877"><ele>1232.631</ele><time>2014-09-28T15:35:01Z</time></trkpt><trkpt lat="46.542022" lon="12.136869"><ele>1232.528</ele><time>2014-09-28T15:35:04Z</time></trkpt><trkpt lat="46.541992" lon="12.136851"><ele>1232.222</ele><time>2014-09-28T15:35:07Z</time></trkpt><trkpt lat="46.541974" lon="12.136844"><ele>1232.045</ele><time>2014-09-28T15:35:09Z</time></trkpt><trkpt lat="46.541922" lon="12.136817"><ele>1231.732</ele><time>2014-09-28T15:35:13Z</time></trkpt><trkpt lat="46.541909" lon="12.136809"><ele>1231.792</ele><time>2014-09-28T15:35:14Z</time></trkpt><trkpt lat="46.541835" lon="12.136762"><ele>1231.411</ele><time>2014-09-28T15:35:20Z</time></trkpt><trkpt lat="46.541747" lon="12.136705"><ele>1231.108</ele><time>2014-09-28T15:35:26Z</time></trkpt><trkpt lat="46.541690" lon="12.136661"><ele>1230.944</ele><time>2014-09-28T15:35:31Z</time></trkpt><trkpt lat="46.541644" lon="12.136631"><ele>1231.186</ele><time>2014-09-28T15:35:35Z</time></trkpt><trkpt lat="46.541615" lon="12.136606"><ele>1231.380</ele><time>2014-09-28T15:35:38Z</time></trkpt><trkpt lat="46.541602" lon="12.136593"><ele>1231.315</ele><time>2014-09-28T15:35:39Z</time></trkpt><trkpt lat="46.541561" lon="12.136550"><ele>1231.453</ele><time>2014-09-28T15:35:43Z</time></trkpt><trkpt lat="46.541513" lon="12.136540"><ele>1231.730</ele><time>2014-09-28T15:35:47Z</time></trkpt><trkpt lat="46.541461" lon="12.136506"><ele>1231.824</ele><time>2014-09-28T15:35:52Z</time></trkpt><trkpt lat="46.541388" lon="12.136434"><ele>1231.517</ele><time>2014-09-28T15:35:58Z</time></trkpt><trkpt lat="46.541353" lon="12.136385"><ele>1231.158</ele><time>2014-09-28T15:36:02Z</time></trkpt><trkpt lat="46.541343" lon="12.136371"><ele>1231.052</ele><time>2014-09-28T15:36:03Z</time></trkpt><trkpt lat="46.541265" lon="12.136277"><ele>1230.617</ele><time>2014-09-28T15:36:11Z</time></trkpt><trkpt lat="46.541229" lon="12.136254"><ele>1230.608</ele><time>2014-09-28T15:36:15Z</time></trkpt><trkpt lat="46.541212" lon="12.136233"><ele>1230.516</ele><time>2014-09-28T15:36:17Z</time></trkpt><trkpt lat="46.541164" lon="12.136211"><ele>1230.588</ele><time>2014-09-28T15:36:21Z</time></trkpt><trkpt lat="46.541133" lon="12.136183"><ele>1230.492</ele><time>2014-09-28T15:36:24Z</time></trkpt><trkpt lat="46.541069" lon="12.136142"><ele>1230.187</ele><time>2014-09-28T15:36:30Z</time></trkpt><trkpt lat="46.540992" lon="12.136079"><ele>1229.215</ele><time>2014-09-28T15:36:38Z</time></trkpt><trkpt lat="46.540950" lon="12.136044"><ele>1228.692</ele><time>2014-09-28T15:36:43Z</time></trkpt><trkpt lat="46.540936" lon="12.136041"><ele>1228.586</ele><time>2014-09-28T15:36:44Z</time></trkpt><trkpt lat="46.540899" lon="12.136030"><ele>1228.189</ele><time>2014-09-28T15:36:47Z</time></trkpt><trkpt lat="46.540861" lon="12.136034"><ele>1228.028</ele><time>2014-09-28T15:36:50Z</time></trkpt><trkpt lat="46.540788" lon="12.136016"><ele>1227.489</ele><time>2014-09-28T15:36:56Z</time></trkpt><trkpt lat="46.540709" lon="12.136018"><ele>1227.117</ele><time>2014-09-28T15:37:02Z</time></trkpt><trkpt lat="46.540679" lon="12.136014"><ele>1226.908</ele><time>2014-09-28T15:37:04Z</time></trkpt><trkpt lat="46.540667" lon="12.136018"><ele>1226.923</ele><time>2014-09-28T15:37:05Z</time></trkpt><trkpt lat="46.540608" lon="12.136022"><ele>1226.665</ele><time>2014-09-28T15:37:09Z</time></trkpt><trkpt lat="46.540572" lon="12.136017"><ele>1226.489</ele><time>2014-09-28T15:37:14Z</time></trkpt><trkpt lat="46.540564" lon="12.136020"><ele>1226.484</ele><time>2014-09-28T15:37:15Z</time></trkpt><trkpt lat="46.540544" lon="12.136025"><ele>1226.322</ele><time>2014-09-28T15:37:17Z</time></trkpt><trkpt lat="46.540498" lon="12.136053"><ele>1226.319</ele><time>2014-09-28T15:37:21Z</time></trkpt><trkpt lat="46.540470" lon="12.136084"><ele>1226.583</ele><time>2014-09-28T15:37:25Z</time></trkpt><trkpt lat="46.540459" lon="12.136098"><ele>1226.546</ele><time>2014-09-28T15:37:27Z</time></trkpt><trkpt lat="46.540432" lon="12.136123"><ele>1226.741</ele><time>2014-09-28T15:37:29Z</time></trkpt><trkpt lat="46.540405" lon="12.136126"><ele>1226.681</ele><time>2014-09-28T15:37:31Z</time></trkpt><trkpt lat="46.540380" lon="12.136140"><ele>1226.609</ele><time>2014-09-28T15:37:33Z</time></trkpt><trkpt lat="46.540338" lon="12.136154"><ele>1226.608</ele><time>2014-09-28T15:37:36Z</time></trkpt><trkpt lat="46.540307" lon="12.136149"><ele>1226.445</ele><time>2014-09-28T15:37:38Z</time></trkpt><trkpt lat="46.540262" lon="12.136180"><ele>1226.417</ele><time>2014-09-28T15:37:42Z</time></trkpt><trkpt lat="46.540219" lon="12.136268"><ele>1226.981</ele><time>2014-09-28T15:37:49Z</time></trkpt><trkpt lat="46.540208" lon="12.136274"><ele>1226.946</ele><time>2014-09-28T15:37:51Z</time></trkpt><trkpt lat="46.540192" lon="12.136294"><ele>1227.084</ele><time>2014-09-28T15:37:53Z</time></trkpt><trkpt lat="46.540173" lon="12.136315"><ele>1227.161</ele><time>2014-09-28T15:37:55Z</time></trkpt><trkpt lat="46.540116" lon="12.136317"><ele>1226.935</ele><time>2014-09-28T15:38:01Z</time></trkpt><trkpt lat="46.540080" lon="12.136300"><ele>1226.698</ele><time>2014-09-28T15:38:05Z</time></trkpt><trkpt lat="46.540069" lon="12.136285"><ele>1226.591</ele><time>2014-09-28T15:38:06Z</time></trkpt><trkpt lat="46.540045" lon="12.136224"><ele>1226.081</ele><time>2014-09-28T15:38:11Z</time></trkpt><trkpt lat="46.540047" lon="12.136216"><ele>1225.919</ele><time>2014-09-28T15:38:12Z</time></trkpt><trkpt lat="46.540054" lon="12.136211"><ele>1225.908</ele><time>2014-09-28T15:38:18Z</time></trkpt><trkpt lat="46.540095" lon="12.136170"><ele>1225.890</ele><time>2014-09-28T15:38:26Z</time></trkpt><trkpt lat="46.540136" lon="12.136134"><ele>1225.772</ele><time>2014-09-28T15:38:32Z</time></trkpt><trkpt lat="46.540212" lon="12.136045"><ele>1225.056</ele><time>2014-09-28T15:38:41Z</time></trkpt><trkpt lat="46.540238" lon="12.136015"><ele>1224.891</ele><time>2014-09-28T15:38:44Z</time></trkpt><trkpt lat="46.540264" lon="12.135979"><ele>1224.599</ele><time>2014-09-28T15:38:47Z</time></trkpt><trkpt lat="46.540317" lon="12.135894"><ele>1223.946</ele><time>2014-09-28T15:38:53Z</time></trkpt><trkpt lat="46.540357" lon="12.135834"><ele>1223.660</ele><time>2014-09-28T15:38:58Z</time></trkpt><trkpt lat="46.540372" lon="12.135807"><ele>1223.533</ele><time>2014-09-28T15:39:00Z</time></trkpt><trkpt lat="46.540411" lon="12.135759"><ele>1223.324</ele><time>2014-09-28T15:39:06Z</time></trkpt><trkpt lat="46.540416" lon="12.135753"><ele>1223.304</ele><time>2014-09-28T15:39:07Z</time></trkpt><trkpt lat="46.540419" lon="12.135746"><ele>1223.214</ele><time>2014-09-28T15:39:10Z</time></trkpt><trkpt lat="46.540435" lon="12.135728"><ele>1223.208</ele><time>2014-09-28T15:39:13Z</time></trkpt><trkpt lat="46.540452" lon="12.135711"><ele>1223.143</ele><time>2014-09-28T15:39:18Z</time></trkpt><trkpt lat="46.540460" lon="12.135710"><ele>1223.145</ele><time>2014-09-28T15:39:24Z</time></trkpt><trkpt lat="46.540476" lon="12.135680"><ele>1222.929</ele><time>2014-09-28T15:39:27Z</time></trkpt><trkpt lat="46.540486" lon="12.135627"><ele>1222.594</ele><time>2014-09-28T15:39:30Z</time></trkpt><trkpt lat="46.540495" lon="12.135574"><ele>1222.042</ele><time>2014-09-28T15:39:33Z</time></trkpt><trkpt lat="46.540484" lon="12.135542"><ele>1221.679</ele><time>2014-09-28T15:39:35Z</time></trkpt><trkpt lat="46.540457" lon="12.135495"><ele>1221.123</ele><time>2014-09-28T15:39:38Z</time></trkpt><trkpt lat="46.540448" lon="12.135480"><ele>1220.926</ele><time>2014-09-28T15:39:39Z</time></trkpt><trkpt lat="46.540426" lon="12.135446"><ele>1220.577</ele><time>2014-09-28T15:39:41Z</time></trkpt><trkpt lat="46.540406" lon="12.135420"><ele>1220.361</ele><time>2014-09-28T15:39:43Z</time></trkpt><trkpt lat="46.540333" lon="12.135326"><ele>1219.427</ele><time>2014-09-28T15:39:50Z</time></trkpt><trkpt lat="46.540325" lon="12.135307"><ele>1219.208</ele><time>2014-09-28T15:39:51Z</time></trkpt><trkpt lat="46.540306" lon="12.135285"><ele>1219.158</ele><time>2014-09-28T15:39:53Z</time></trkpt><trkpt lat="46.540288" lon="12.135259"><ele>1218.950</ele><time>2014-09-28T15:39:55Z</time></trkpt><trkpt lat="46.540275" lon="12.135236"><ele>1218.824</ele><time>2014-09-28T15:39:57Z</time></trkpt><trkpt lat="46.540241" lon="12.135175"><ele>1218.589</ele><time>2014-09-28T15:40:01Z</time></trkpt><trkpt lat="46.540202" lon="12.135123"><ele>1218.267</ele><time>2014-09-28T15:40:05Z</time></trkpt><trkpt lat="46.540184" lon="12.135106"><ele>1218.064</ele><time>2014-09-28T15:40:08Z</time></trkpt><trkpt lat="46.540182" lon="12.135088"><ele>1218.078</ele><time>2014-09-28T15:40:19Z</time></trkpt><trkpt lat="46.540162" lon="12.135071"><ele>1217.871</ele><time>2014-09-28T15:40:29Z</time></trkpt><trkpt lat="46.540131" lon="12.135062"><ele>1217.741</ele><time>2014-09-28T15:40:32Z</time></trkpt><trkpt lat="46.540097" lon="12.135059"><ele>1217.681</ele><time>2014-09-28T15:40:35Z</time></trkpt><trkpt lat="46.540044" lon="12.135048"><ele>1217.309</ele><time>2014-09-28T15:40:41Z</time></trkpt><trkpt lat="46.540042" lon="12.135056"><ele>1217.408</ele><time>2014-09-28T15:40:42Z</time></trkpt><trkpt lat="46.540018" lon="12.135050"><ele>1217.285</ele><time>2014-09-28T15:40:45Z</time></trkpt><trkpt lat="46.540007" lon="12.135054"><ele>1217.257</ele><time>2014-09-28T15:40:46Z</time></trkpt><trkpt lat="46.539960" lon="12.135019"><ele>1216.991</ele><time>2014-09-28T15:40:51Z</time></trkpt><trkpt lat="46.539957" lon="12.135026"><ele>1217.086</ele><time>2014-09-28T15:40:52Z</time></trkpt><trkpt lat="46.539936" lon="12.135011"><ele>1216.834</ele><time>2014-09-28T15:40:53Z</time></trkpt><trkpt lat="46.539886" lon="12.135004"><ele>1216.611</ele><time>2014-09-28T15:40:57Z</time></trkpt><trkpt lat="46.539848" lon="12.134993"><ele>1216.475</ele><time>2014-09-28T15:41:01Z</time></trkpt><trkpt lat="46.539817" lon="12.134984"><ele>1216.388</ele><time>2014-09-28T15:41:04Z</time></trkpt><trkpt lat="46.539785" lon="12.134978"><ele>1216.146</ele><time>2014-09-28T15:41:06Z</time></trkpt><trkpt lat="46.539771" lon="12.134974"><ele>1216.188</ele><time>2014-09-28T15:41:07Z</time></trkpt><trkpt lat="46.539733" lon="12.134967"><ele>1215.916</ele><time>2014-09-28T15:41:11Z</time></trkpt><trkpt lat="46.539720" lon="12.134970"><ele>1215.908</ele><time>2014-09-28T15:41:12Z</time></trkpt><trkpt lat="46.539706" lon="12.134975"><ele>1215.915</ele><time>2014-09-28T15:41:13Z</time></trkpt><trkpt lat="46.539558" lon="12.135016"><ele>1216.117</ele><time>2014-09-28T15:41:23Z</time></trkpt><trkpt lat="46.539431" lon="12.135033"><ele>1216.171</ele><time>2014-09-28T15:41:31Z</time></trkpt><trkpt lat="46.539397" lon="12.135031"><ele>1215.986</ele><time>2014-09-28T15:41:33Z</time></trkpt><trkpt lat="46.539332" lon="12.135025"><ele>1215.754</ele><time>2014-09-28T15:41:37Z</time></trkpt><trkpt lat="46.539281" lon="12.135054"><ele>1215.681</ele><time>2014-09-28T15:41:41Z</time></trkpt><trkpt lat="46.539268" lon="12.135061"><ele>1215.655</ele><time>2014-09-28T15:41:42Z</time></trkpt><trkpt lat="46.539235" lon="12.135078"><ele>1215.598</ele><time>2014-09-28T15:41:45Z</time></trkpt><trkpt lat="46.539208" lon="12.135089"><ele>1215.564</ele><time>2014-09-28T15:41:47Z</time></trkpt><trkpt lat="46.539184" lon="12.135106"><ele>1215.406</ele><time>2014-09-28T15:41:49Z</time></trkpt><trkpt lat="46.539089" lon="12.135148"><ele>1215.016</ele><time>2014-09-28T15:41:57Z</time></trkpt><trkpt lat="46.539077" lon="12.135152"><ele>1214.908</ele><time>2014-09-28T15:41:58Z</time></trkpt><trkpt lat="46.539034" lon="12.135190"><ele>1214.797</ele><time>2014-09-28T15:42:02Z</time></trkpt><trkpt lat="46.539003" lon="12.135224"><ele>1214.649</ele><time>2014-09-28T15:42:05Z</time></trkpt><trkpt lat="46.538977" lon="12.135241"><ele>1214.513</ele><time>2014-09-28T15:42:07Z</time></trkpt><trkpt lat="46.538974" lon="12.135251"><ele>1214.528</ele><time>2014-09-28T15:42:10Z</time></trkpt><trkpt lat="46.538948" lon="12.135277"><ele>1214.476</ele><time>2014-09-28T15:42:13Z</time></trkpt><trkpt lat="46.538870" lon="12.135336"><ele>1214.173</ele><time>2014-09-28T15:42:21Z</time></trkpt><trkpt lat="46.538814" lon="12.135377"><ele>1213.997</ele><time>2014-09-28T15:42:26Z</time></trkpt><trkpt lat="46.538799" lon="12.135379"><ele>1213.810</ele><time>2014-09-28T15:42:27Z</time></trkpt><trkpt lat="46.538747" lon="12.135401"><ele>1213.623</ele><time>2014-09-28T15:42:31Z</time></trkpt><trkpt lat="46.538704" lon="12.135424"><ele>1213.583</ele><time>2014-09-28T15:42:35Z</time></trkpt><trkpt lat="46.538680" lon="12.135437"><ele>1213.511</ele><time>2014-09-28T15:42:37Z</time></trkpt><trkpt lat="46.538636" lon="12.135479"><ele>1213.608</ele><time>2014-09-28T15:42:42Z</time></trkpt><trkpt lat="46.538593" lon="12.135513"><ele>1213.673</ele><time>2014-09-28T15:42:46Z</time></trkpt><trkpt lat="46.538579" lon="12.135513"><ele>1213.545</ele><time>2014-09-28T15:42:47Z</time></trkpt><trkpt lat="46.538556" lon="12.135526"><ele>1213.479</ele><time>2014-09-28T15:42:49Z</time></trkpt><trkpt lat="46.538534" lon="12.135571"><ele>1213.524</ele><time>2014-09-28T15:42:52Z</time></trkpt><trkpt lat="46.538498" lon="12.135579"><ele>1213.342</ele><time>2014-09-28T15:42:55Z</time></trkpt><trkpt lat="46.538455" lon="12.135589"><ele>1213.099</ele><time>2014-09-28T15:42:59Z</time></trkpt><trkpt lat="46.538417" lon="12.135606"><ele>1212.933</ele><time>2014-09-28T15:43:02Z</time></trkpt><trkpt lat="46.538381" lon="12.135635"><ele>1212.886</ele><time>2014-09-28T15:43:06Z</time></trkpt><trkpt lat="46.538358" lon="12.135630"><ele>1212.734</ele><time>2014-09-28T15:43:08Z</time></trkpt><trkpt lat="46.538306" lon="12.135678"><ele>1212.855</ele><time>2014-09-28T15:43:14Z</time></trkpt><trkpt lat="46.538279" lon="12.135743"><ele>1213.210</ele><time>2014-09-28T15:43:23Z</time></trkpt><trkpt lat="46.538293" lon="12.135762"><ele>1213.408</ele><time>2014-09-28T15:43:26Z</time></trkpt><trkpt lat="46.538298" lon="12.135770"><ele>1213.464</ele><time>2014-09-28T15:43:31Z</time></trkpt><trkpt lat="46.538294" lon="12.135779"><ele>1213.596</ele><time>2014-09-28T15:43:43Z</time></trkpt><trkpt lat="46.538378" lon="12.135790"><ele>1213.770</ele><time>2014-09-28T15:43:57Z</time></trkpt><trkpt lat="46.538381" lon="12.135784"><ele>1213.715</ele><time>2014-09-28T15:44:02Z</time></trkpt><trkpt lat="46.538372" lon="12.135836"><ele>1214.053</ele><time>2014-09-28T15:44:11Z</time></trkpt><trkpt lat="46.538346" lon="12.135917"><ele>1214.350</ele><time>2014-09-28T15:44:17Z</time></trkpt><trkpt lat="46.538292" lon="12.135977"><ele>1214.484</ele><time>2014-09-28T15:44:22Z</time></trkpt><trkpt lat="46.538245" lon="12.136022"><ele>1214.447</ele><time>2014-09-28T15:44:26Z</time></trkpt><trkpt lat="46.538150" lon="12.136074"><ele>1214.258</ele><time>2014-09-28T15:44:33Z</time></trkpt><trkpt lat="46.538129" lon="12.136090"><ele>1214.252</ele><time>2014-09-28T15:44:35Z</time></trkpt><trkpt lat="46.538117" lon="12.136091"><ele>1214.117</ele><time>2014-09-28T15:44:36Z</time></trkpt><trkpt lat="46.538087" lon="12.136107"><ele>1214.108</ele><time>2014-09-28T15:44:39Z</time></trkpt><trkpt lat="46.538039" lon="12.136138"><ele>1214.046</ele><time>2014-09-28T15:44:45Z</time></trkpt><trkpt lat="46.538015" lon="12.136172"><ele>1213.948</ele><time>2014-09-28T15:44:49Z</time></trkpt><trkpt lat="46.537966" lon="12.136267"><ele>1213.912</ele><time>2014-09-28T15:44:55Z</time></trkpt><trkpt lat="46.537958" lon="12.136275"><ele>1213.947</ele><time>2014-09-28T15:44:56Z</time></trkpt><trkpt lat="46.537904" lon="12.136355"><ele>1213.825</ele><time>2014-09-28T15:45:02Z</time></trkpt><trkpt lat="46.537820" lon="12.136444"><ele>1213.342</ele><time>2014-09-28T15:45:09Z</time></trkpt><trkpt lat="46.537796" lon="12.136477"><ele>1213.286</ele><time>2014-09-28T15:45:11Z</time></trkpt><trkpt lat="46.537743" lon="12.136512"><ele>1212.899</ele><time>2014-09-28T15:45:15Z</time></trkpt><trkpt lat="46.537717" lon="12.136553"><ele>1212.772</ele><time>2014-09-28T15:45:18Z</time></trkpt><trkpt lat="46.537686" lon="12.136644"><ele>1212.613</ele><time>2014-09-28T15:45:23Z</time></trkpt><trkpt lat="46.537668" lon="12.136673"><ele>1212.614</ele><time>2014-09-28T15:45:26Z</time></trkpt><trkpt lat="46.537643" lon="12.136705"><ele>1212.708</ele><time>2014-09-28T15:45:29Z</time></trkpt><trkpt lat="46.537619" lon="12.136711"><ele>1212.618</ele><time>2014-09-28T15:45:30Z</time></trkpt><trkpt lat="46.537575" lon="12.136752"><ele>1212.450</ele><time>2014-09-28T15:45:34Z</time></trkpt><trkpt lat="46.537558" lon="12.136750"><ele>1212.354</ele><time>2014-09-28T15:45:35Z</time></trkpt><trkpt lat="46.537515" lon="12.136818"><ele>1212.129</ele><time>2014-09-28T15:45:39Z</time></trkpt><trkpt lat="46.537480" lon="12.136869"><ele>1211.987</ele><time>2014-09-28T15:45:44Z</time></trkpt><trkpt lat="46.537442" lon="12.136900"><ele>1211.824</ele><time>2014-09-28T15:45:50Z</time></trkpt><trkpt lat="46.537441" lon="12.136896"><ele>1211.898</ele><time>2014-09-28T15:45:51Z</time></trkpt></trkseg></trk></gpx>