<?xml version="1.0" encoding="UTF-8"?>
<gpx xmlns="http://www.topografix.com/GPX/1/1" xmlns:xsi="http://www.w3.org/2001/XMLSchema-instance" version="1.1" creator="Trace de Trail" xsi:schemaLocation="http://www.topografix.com/GPX/1/1 http://www.topografix.com/GPX/1/1/gpx.xsd">
  <metadata>
    <name>HK50 Hong Kong Island 2025 - 50Km Individual</name>
    <desc>Parcours créé sur Trace de Trail</desc>
    <link href="https://tracedetrail.fr/en/trace/304669">
      <text>Cartographie du parcours</text>
    </link>
    <time>2026-04-16T12:40:08+00:00</time>
  </metadata>
  <trk>
    <name>HK50 Hong Kong Island 2025 - 50Km Individual sur TraceDeTrail.fr</name>
    <src>Trace de Trail</src>
    <trkseg>
      <trkpt lat="22.27121" lon="114.14956">
        <ele>393</ele>
        <time>2026-04-16T12:40:08+00:00</time>
      </trkpt>
      <trkpt lat="22.27124" lon="114.14956">
        <ele>393</ele>
        <time>2026-04-16T12:40:11+00:00</time>
      </trkpt>
      <trkpt lat="22.27139" lon="114.14941">
        <ele>395</ele>
        <time>2026-04-16T12:40:14+00:00</time>
      </trkpt>
      <trkpt lat="22.27155" lon="114.14944">
        <ele>398</ele>
        <time>2026-04-16T12:40:17+00:00</time>
      </trkpt>
      <trkpt lat="22.2717" lon="114.14935">
        <ele>401</ele>
        <time>2026-04-16T12:40:20+00:00</time>
      </trkpt>
      <trkpt lat="22.27181" lon="114.14937">
        <ele>403</ele>
        <time>2026-04-16T12:40:23+00:00</time>
      </trkpt>
      <trkpt lat="22.2719" lon="114.14948">
        <ele>406</ele>
        <time>2026-04-16T12:40:26+00:00</time>
      </trkpt>
      <trkpt lat="22.27209" lon="114.14955">
        <ele>405</ele>
        <time>2026-04-16T12:40:29+00:00</time>
      </trkpt>
      <trkpt lat="22.27234" lon="114.14951">
        <ele>407</ele>
        <time>2026-04-16T12:40:32+00:00</time>
      </trkpt>
      <trkpt lat="22.2724" lon="114.14945">
        <ele>411</ele>
        <time>2026-04-16T12:40:35+00:00</time>
      </trkpt>
      <trkpt lat="22.27248" lon="114.14942">
        <ele>411</ele>
        <time>2026-04-16T12:40:38+00:00</time>
      </trkpt>
      <trkpt lat="22.27256" lon="114.14935">
        <ele>407</ele>
        <time>2026-04-16T12:40:41+00:00</time>
      </trkpt>
      <trkpt lat="22.27269" lon="114.14913">
        <ele>416</ele>
        <time>2026-04-16T12:40:44+00:00</time>
      </trkpt>
      <trkpt lat="22.2728" lon="114.149">
        <ele>407</ele>
        <time>2026-04-16T12:40:47+00:00</time>
      </trkpt>
      <trkpt lat="22.27304" lon="114.14892">
        <ele>407</ele>
        <time>2026-04-16T12:40:50+00:00</time>
      </trkpt>
      <trkpt lat="22.2732" lon="114.14891">
        <ele>407</ele>
        <time>2026-04-16T12:40:53+00:00</time>
      </trkpt>
      <trkpt lat="22.27337" lon="114.14894">
        <ele>407</ele>
        <time>2026-04-16T12:40:56+00:00</time>
      </trkpt>
      <trkpt lat="22.27353" lon="114.14888">
        <ele>414</ele>
        <time>2026-04-16T12:40:59+00:00</time>
      </trkpt>
      <trkpt lat="22.27364" lon="114.1489">
        <ele>409</ele>
        <time>2026-04-16T12:41:02+00:00</time>
      </trkpt>
      <trkpt lat="22.27382" lon="114.14888">
        <ele>411</ele>
        <time>2026-04-16T12:41:05+00:00</time>
      </trkpt>
      <trkpt lat="22.27394" lon="114.14884">
        <ele>409</ele>
        <time>2026-04-16T12:41:08+00:00</time>
      </trkpt>
      <trkpt lat="22.274" lon="114.14886">
        <ele>411</ele>
        <time>2026-04-16T12:41:11+00:00</time>
      </trkpt>
      <trkpt lat="22.27407" lon="114.14893">
        <ele>405</ele>
        <time>2026-04-16T12:41:14+00:00</time>
      </trkpt>
      <trkpt lat="22.27417" lon="114.14895">
        <ele>409</ele>
        <time>2026-04-16T12:41:17+00:00</time>
      </trkpt>
      <trkpt lat="22.27431" lon="114.14904">
        <ele>405</ele>
        <time>2026-04-16T12:41:20+00:00</time>
      </trkpt>
      <trkpt lat="22.27438" lon="114.14905">
        <ele>405</ele>
        <time>2026-04-16T12:41:23+00:00</time>
      </trkpt>
      <trkpt lat="22.27466" lon="114.14902">
        <ele>408</ele>
        <time>2026-04-16T12:41:26+00:00</time>
      </trkpt>
      <trkpt lat="22.27474" lon="114.14905">
        <ele>410</ele>
        <time>2026-04-16T12:41:29+00:00</time>
      </trkpt>
      <trkpt lat="22.27481" lon="114.14912">
        <ele>401</ele>
        <time>2026-04-16T12:41:32+00:00</time>
      </trkpt>
      <trkpt lat="22.27491" lon="114.14927">
        <ele>405</ele>
        <time>2026-04-16T12:41:35+00:00</time>
      </trkpt>
      <trkpt lat="22.27504" lon="114.14934">
        <ele>403</ele>
        <time>2026-04-16T12:41:38+00:00</time>
      </trkpt>
      <trkpt lat="22.2755" lon="114.14936">
        <ele>405</ele>
        <time>2026-04-16T12:41:41+00:00</time>
      </trkpt>
      <trkpt lat="22.27557" lon="114.14928">
        <ele>406</ele>
        <time>2026-04-16T12:41:44+00:00</time>
      </trkpt>
      <trkpt lat="22.27565" lon="114.1491">
        <ele>405</ele>
        <time>2026-04-16T12:41:47+00:00</time>
      </trkpt>
      <trkpt lat="22.27574" lon="114.14903">
        <ele>405</ele>
        <time>2026-04-16T12:41:50+00:00</time>
      </trkpt>
      <trkpt lat="22.27583" lon="114.14885">
        <ele>411</ele>
        <time>2026-04-16T12:41:53+00:00</time>
      </trkpt>
      <trkpt lat="22.27581" lon="114.14879">
        <ele>413</ele>
        <time>2026-04-16T12:41:56+00:00</time>
      </trkpt>
      <trkpt lat="22.27568" lon="114.1487">
        <ele>412</ele>
        <time>2026-04-16T12:41:59+00:00</time>
      </trkpt>
      <trkpt lat="22.27562" lon="114.1486">
        <ele>413</ele>
        <time>2026-04-16T12:42:02+00:00</time>
      </trkpt>
      <trkpt lat="22.27576" lon="114.14831">
        <ele>414</ele>
        <time>2026-04-16T12:42:05+00:00</time>
      </trkpt>
      <trkpt lat="22.2759" lon="114.14822">
        <ele>417</ele>
        <time>2026-04-16T12:42:08+00:00</time>
      </trkpt>
      <trkpt lat="22.27602" lon="114.14821">
        <ele>412</ele>
        <time>2026-04-16T12:42:11+00:00</time>
      </trkpt>
      <trkpt lat="22.27616" lon="114.14808">
        <ele>425</ele>
        <time>2026-04-16T12:42:14+00:00</time>
      </trkpt>
      <trkpt lat="22.27646" lon="114.14804">
        <ele>419</ele>
        <time>2026-04-16T12:42:17+00:00</time>
      </trkpt>
      <trkpt lat="22.27664" lon="114.14797">
        <ele>418</ele>
        <time>2026-04-16T12:42:20+00:00</time>
      </trkpt>
      <trkpt lat="22.27691" lon="114.14798">
        <ele>421</ele>
        <time>2026-04-16T12:42:23+00:00</time>
      </trkpt>
      <trkpt lat="22.2773" lon="114.14809">
        <ele>421</ele>
        <time>2026-04-16T12:42:26+00:00</time>
      </trkpt>
      <trkpt lat="22.27753" lon="114.14787">
        <ele>421</ele>
        <time>2026-04-16T12:42:29+00:00</time>
      </trkpt>
      <trkpt lat="22.27759" lon="114.14775">
        <ele>427</ele>
        <time>2026-04-16T12:42:32+00:00</time>
      </trkpt>
      <trkpt lat="22.27779" lon="114.1474">
        <ele>423</ele>
        <time>2026-04-16T12:42:35+00:00</time>
      </trkpt>
      <trkpt lat="22.27781" lon="114.14699">
        <ele>419</ele>
        <time>2026-04-16T12:42:38+00:00</time>
      </trkpt>
      <trkpt lat="22.27785" lon="114.14691">
        <ele>424</ele>
        <time>2026-04-16T12:42:41+00:00</time>
      </trkpt>
      <trkpt lat="22.27809" lon="114.14686">
        <ele>416</ele>
        <time>2026-04-16T12:42:44+00:00</time>
      </trkpt>
      <trkpt lat="22.27818" lon="114.14678">
        <ele>419</ele>
        <time>2026-04-16T12:42:47+00:00</time>
      </trkpt>
      <trkpt lat="22.27821" lon="114.14667">
        <ele>416</ele>
        <time>2026-04-16T12:42:50+00:00</time>
      </trkpt>
      <trkpt lat="22.27826" lon="114.14662">
        <ele>416</ele>
        <time>2026-04-16T12:42:53+00:00</time>
      </trkpt>
      <trkpt lat="22.27844" lon="114.14653">
        <ele>409</ele>
        <time>2026-04-16T12:42:56+00:00</time>
      </trkpt>
      <trkpt lat="22.2785" lon="114.14644">
        <ele>413</ele>
        <time>2026-04-16T12:42:59+00:00</time>
      </trkpt>
      <trkpt lat="22.27845" lon="114.14609">
        <ele>410</ele>
        <time>2026-04-16T12:43:02+00:00</time>
      </trkpt>
      <trkpt lat="22.27844" lon="114.14567">
        <ele>409</ele>
        <time>2026-04-16T12:43:05+00:00</time>
      </trkpt>
      <trkpt lat="22.27839" lon="114.14544">
        <ele>417</ele>
        <time>2026-04-16T12:43:08+00:00</time>
      </trkpt>
      <trkpt lat="22.27835" lon="114.14502">
        <ele>409</ele>
        <time>2026-04-16T12:43:11+00:00</time>
      </trkpt>
      <trkpt lat="22.27818" lon="114.14486">
        <ele>399</ele>
        <time>2026-04-16T12:43:14+00:00</time>
      </trkpt>
      <trkpt lat="22.27787" lon="114.14477">
        <ele>409</ele>
        <time>2026-04-16T12:43:17+00:00</time>
      </trkpt>
      <trkpt lat="22.27765" lon="114.14453">
        <ele>408</ele>
        <time>2026-04-16T12:43:20+00:00</time>
      </trkpt>
      <trkpt lat="22.27755" lon="114.14419">
        <ele>408</ele>
        <time>2026-04-16T12:43:23+00:00</time>
      </trkpt>
      <trkpt lat="22.27751" lon="114.14392">
        <ele>405</ele>
        <time>2026-04-16T12:43:26+00:00</time>
      </trkpt>
      <trkpt lat="22.27767" lon="114.14342">
        <ele>397</ele>
        <time>2026-04-16T12:43:29+00:00</time>
      </trkpt>
      <trkpt lat="22.27763" lon="114.14307">
        <ele>392</ele>
        <time>2026-04-16T12:43:32+00:00</time>
      </trkpt>
      <trkpt lat="22.27758" lon="114.14269">
        <ele>392</ele>
        <time>2026-04-16T12:43:35+00:00</time>
      </trkpt>
      <trkpt lat="22.2773" lon="114.14247">
        <ele>392</ele>
        <time>2026-04-16T12:43:38+00:00</time>
      </trkpt>
      <trkpt lat="22.27694" lon="114.14218">
        <ele>393</ele>
        <time>2026-04-16T12:43:41+00:00</time>
      </trkpt>
      <trkpt lat="22.27647" lon="114.1419">
        <ele>394</ele>
        <time>2026-04-16T12:43:44+00:00</time>
      </trkpt>
      <trkpt lat="22.2762" lon="114.14194">
        <ele>395</ele>
        <time>2026-04-16T12:43:47+00:00</time>
      </trkpt>
      <trkpt lat="22.27587" lon="114.1418">
        <ele>397</ele>
        <time>2026-04-16T12:43:50+00:00</time>
      </trkpt>
      <trkpt lat="22.2756" lon="114.14173">
        <ele>401</ele>
        <time>2026-04-16T12:43:53+00:00</time>
      </trkpt>
      <trkpt lat="22.27553" lon="114.14168">
        <ele>402</ele>
        <time>2026-04-16T12:43:56+00:00</time>
      </trkpt>
      <trkpt lat="22.2754" lon="114.14151">
        <ele>396</ele>
        <time>2026-04-16T12:43:59+00:00</time>
      </trkpt>
      <trkpt lat="22.27537" lon="114.14143">
        <ele>405</ele>
        <time>2026-04-16T12:44:02+00:00</time>
      </trkpt>
      <trkpt lat="22.27537" lon="114.14121">
        <ele>399</ele>
        <time>2026-04-16T12:44:05+00:00</time>
      </trkpt>
      <trkpt lat="22.2752" lon="114.14077">
        <ele>394</ele>
        <time>2026-04-16T12:44:08+00:00</time>
      </trkpt>
      <trkpt lat="22.27519" lon="114.1407">
        <ele>402</ele>
        <time>2026-04-16T12:44:11+00:00</time>
      </trkpt>
      <trkpt lat="22.27522" lon="114.14054">
        <ele>390</ele>
        <time>2026-04-16T12:44:14+00:00</time>
      </trkpt>
      <trkpt lat="22.27521" lon="114.14043">
        <ele>390</ele>
        <time>2026-04-16T12:44:17+00:00</time>
      </trkpt>
      <trkpt lat="22.27503" lon="114.1401">
        <ele>390</ele>
        <time>2026-04-16T12:44:20+00:00</time>
      </trkpt>
      <trkpt lat="22.27499" lon="114.13996">
        <ele>395</ele>
        <time>2026-04-16T12:44:23+00:00</time>
      </trkpt>
      <trkpt lat="22.27497" lon="114.13967">
        <ele>389</ele>
        <time>2026-04-16T12:44:26+00:00</time>
      </trkpt>
      <trkpt lat="22.27494" lon="114.13932">
        <ele>389</ele>
        <time>2026-04-16T12:44:29+00:00</time>
      </trkpt>
      <trkpt lat="22.27474" lon="114.13892">
        <ele>392</ele>
        <time>2026-04-16T12:44:32+00:00</time>
      </trkpt>
      <trkpt lat="22.27456" lon="114.13862">
        <ele>388</ele>
        <time>2026-04-16T12:44:35+00:00</time>
      </trkpt>
      <trkpt lat="22.2745" lon="114.13858">
        <ele>388</ele>
        <time>2026-04-16T12:44:38+00:00</time>
      </trkpt>
      <trkpt lat="22.27443" lon="114.13856">
        <ele>388</ele>
        <time>2026-04-16T12:44:41+00:00</time>
      </trkpt>
      <trkpt lat="22.27426" lon="114.13857">
        <ele>384</ele>
        <time>2026-04-16T12:44:44+00:00</time>
      </trkpt>
      <trkpt lat="22.27395" lon="114.13869">
        <ele>384</ele>
        <time>2026-04-16T12:44:47+00:00</time>
      </trkpt>
      <trkpt lat="22.27359" lon="114.13884">
        <ele>384</ele>
        <time>2026-04-16T12:44:50+00:00</time>
      </trkpt>
      <trkpt lat="22.27344" lon="114.13893">
        <ele>384</ele>
        <time>2026-04-16T12:44:53+00:00</time>
      </trkpt>
      <trkpt lat="22.27322" lon="114.13912">
        <ele>384</ele>
        <time>2026-04-16T12:44:56+00:00</time>
      </trkpt>
      <trkpt lat="22.27293" lon="114.13936">
        <ele>384</ele>
        <time>2026-04-16T12:44:59+00:00</time>
      </trkpt>
      <trkpt lat="22.27301" lon="114.13922">
        <ele>384</ele>
        <time>2026-04-16T12:45:02+00:00</time>
      </trkpt>
      <trkpt lat="22.27309" lon="114.13898">
        <ele>386</ele>
        <time>2026-04-16T12:45:05+00:00</time>
      </trkpt>
      <trkpt lat="22.27318" lon="114.13874">
        <ele>385</ele>
        <time>2026-04-16T12:45:08+00:00</time>
      </trkpt>
      <trkpt lat="22.27337" lon="114.13843">
        <ele>384</ele>
        <time>2026-04-16T12:45:11+00:00</time>
      </trkpt>
      <trkpt lat="22.27343" lon="114.13817">
        <ele>380</ele>
        <time>2026-04-16T12:45:14+00:00</time>
      </trkpt>
      <trkpt lat="22.27341" lon="114.13786">
        <ele>377</ele>
        <time>2026-04-16T12:45:17+00:00</time>
      </trkpt>
      <trkpt lat="22.27335" lon="114.1376">
        <ele>382</ele>
        <time>2026-04-16T12:45:20+00:00</time>
      </trkpt>
      <trkpt lat="22.27335" lon="114.13733">
        <ele>376</ele>
        <time>2026-04-16T12:45:23+00:00</time>
      </trkpt>
      <trkpt lat="22.27339" lon="114.13703">
        <ele>376</ele>
        <time>2026-04-16T12:45:26+00:00</time>
      </trkpt>
      <trkpt lat="22.27337" lon="114.13689">
        <ele>374</ele>
        <time>2026-04-16T12:45:29+00:00</time>
      </trkpt>
      <trkpt lat="22.27337" lon="114.1368">
        <ele>374</ele>
        <time>2026-04-16T12:45:32+00:00</time>
      </trkpt>
      <trkpt lat="22.27329" lon="114.13667">
        <ele>376</ele>
        <time>2026-04-16T12:45:35+00:00</time>
      </trkpt>
      <trkpt lat="22.2733" lon="114.13655">
        <ele>369</ele>
        <time>2026-04-16T12:45:38+00:00</time>
      </trkpt>
      <trkpt lat="22.27338" lon="114.13643">
        <ele>371</ele>
        <time>2026-04-16T12:45:41+00:00</time>
      </trkpt>
      <trkpt lat="22.27338" lon="114.13626">
        <ele>373</ele>
        <time>2026-04-16T12:45:44+00:00</time>
      </trkpt>
      <trkpt lat="22.27328" lon="114.13614">
        <ele>375</ele>
        <time>2026-04-16T12:45:47+00:00</time>
      </trkpt>
      <trkpt lat="22.27325" lon="114.13604">
        <ele>372</ele>
        <time>2026-04-16T12:45:50+00:00</time>
      </trkpt>
      <trkpt lat="22.27327" lon="114.13583">
        <ele>371</ele>
        <time>2026-04-16T12:45:53+00:00</time>
      </trkpt>
      <trkpt lat="22.27321" lon="114.13564">
        <ele>371</ele>
        <time>2026-04-16T12:45:56+00:00</time>
      </trkpt>
      <trkpt lat="22.27321" lon="114.13544">
        <ele>365</ele>
        <time>2026-04-16T12:45:59+00:00</time>
      </trkpt>
      <trkpt lat="22.27323" lon="114.13525">
        <ele>366</ele>
        <time>2026-04-16T12:46:02+00:00</time>
      </trkpt>
      <trkpt lat="22.27332" lon="114.13514">
        <ele>364</ele>
        <time>2026-04-16T12:46:05+00:00</time>
      </trkpt>
      <trkpt lat="22.27339" lon="114.13464">
        <ele>364</ele>
        <time>2026-04-16T12:46:08+00:00</time>
      </trkpt>
      <trkpt lat="22.27344" lon="114.13441">
        <ele>355</ele>
        <time>2026-04-16T12:46:11+00:00</time>
      </trkpt>
      <trkpt lat="22.2734" lon="114.13409">
        <ele>357</ele>
        <time>2026-04-16T12:46:14+00:00</time>
      </trkpt>
      <trkpt lat="22.27342" lon="114.13388">
        <ele>343</ele>
        <time>2026-04-16T12:46:17+00:00</time>
      </trkpt>
      <trkpt lat="22.27338" lon="114.13372">
        <ele>351</ele>
        <time>2026-04-16T12:46:20+00:00</time>
      </trkpt>
      <trkpt lat="22.27341" lon="114.1336">
        <ele>340</ele>
        <time>2026-04-16T12:46:23+00:00</time>
      </trkpt>
      <trkpt lat="22.27347" lon="114.13347">
        <ele>340</ele>
        <time>2026-04-16T12:46:26+00:00</time>
      </trkpt>
      <trkpt lat="22.27349" lon="114.13328">
        <ele>336</ele>
        <time>2026-04-16T12:46:29+00:00</time>
      </trkpt>
      <trkpt lat="22.27356" lon="114.13308">
        <ele>332</ele>
        <time>2026-04-16T12:46:32+00:00</time>
      </trkpt>
      <trkpt lat="22.27351" lon="114.13306">
        <ele>332</ele>
        <time>2026-04-16T12:46:35+00:00</time>
      </trkpt>
      <trkpt lat="22.27343" lon="114.13309">
        <ele>331</ele>
        <time>2026-04-16T12:46:38+00:00</time>
      </trkpt>
      <trkpt lat="22.2734" lon="114.13302">
        <ele>331</ele>
        <time>2026-04-16T12:46:41+00:00</time>
      </trkpt>
      <trkpt lat="22.27346" lon="114.13294">
        <ele>328</ele>
        <time>2026-04-16T12:46:44+00:00</time>
      </trkpt>
      <trkpt lat="22.27343" lon="114.13289">
        <ele>322</ele>
        <time>2026-04-16T12:46:47+00:00</time>
      </trkpt>
      <trkpt lat="22.27334" lon="114.13295">
        <ele>322</ele>
        <time>2026-04-16T12:46:50+00:00</time>
      </trkpt>
      <trkpt lat="22.27328" lon="114.13291">
        <ele>316</ele>
        <time>2026-04-16T12:46:53+00:00</time>
      </trkpt>
      <trkpt lat="22.27322" lon="114.1329">
        <ele>316</ele>
        <time>2026-04-16T12:46:56+00:00</time>
      </trkpt>
      <trkpt lat="22.27315" lon="114.13295">
        <ele>311</ele>
        <time>2026-04-16T12:46:59+00:00</time>
      </trkpt>
      <trkpt lat="22.27318" lon="114.133">
        <ele>314</ele>
        <time>2026-04-16T12:47:02+00:00</time>
      </trkpt>
      <trkpt lat="22.27315" lon="114.133">
        <ele>314</ele>
        <time>2026-04-16T12:47:05+00:00</time>
      </trkpt>
      <trkpt lat="22.27314" lon="114.13297">
        <ele>311</ele>
        <time>2026-04-16T12:47:08+00:00</time>
      </trkpt>
      <trkpt lat="22.2731" lon="114.13295">
        <ele>311</ele>
        <time>2026-04-16T12:47:11+00:00</time>
      </trkpt>
      <trkpt lat="22.2729" lon="114.13296">
        <ele>305</ele>
        <time>2026-04-16T12:47:14+00:00</time>
      </trkpt>
      <trkpt lat="22.27287" lon="114.13291">
        <ele>302</ele>
        <time>2026-04-16T12:47:17+00:00</time>
      </trkpt>
      <trkpt lat="22.2725" lon="114.13281">
        <ele>295</ele>
        <time>2026-04-16T12:47:20+00:00</time>
      </trkpt>
      <trkpt lat="22.27245" lon="114.1329">
        <ele>280</ele>
        <time>2026-04-16T12:47:23+00:00</time>
      </trkpt>
      <trkpt lat="22.27242" lon="114.13301">
        <ele>284</ele>
        <time>2026-04-16T12:47:26+00:00</time>
      </trkpt>
      <trkpt lat="22.27231" lon="114.13312">
        <ele>286</ele>
        <time>2026-04-16T12:47:29+00:00</time>
      </trkpt>
      <trkpt lat="22.27211" lon="114.1332">
        <ele>283</ele>
        <time>2026-04-16T12:47:32+00:00</time>
      </trkpt>
      <trkpt lat="22.27194" lon="114.1333">
        <ele>277</ele>
        <time>2026-04-16T12:47:35+00:00</time>
      </trkpt>
      <trkpt lat="22.27157" lon="114.13346">
        <ele>268</ele>
        <time>2026-04-16T12:47:38+00:00</time>
      </trkpt>
      <trkpt lat="22.2713" lon="114.13351">
        <ele>261</ele>
        <time>2026-04-16T12:47:41+00:00</time>
      </trkpt>
      <trkpt lat="22.27108" lon="114.13348">
        <ele>256</ele>
        <time>2026-04-16T12:47:44+00:00</time>
      </trkpt>
      <trkpt lat="22.27088" lon="114.13342">
        <ele>256</ele>
        <time>2026-04-16T12:47:47+00:00</time>
      </trkpt>
      <trkpt lat="22.27065" lon="114.13342">
        <ele>253</ele>
        <time>2026-04-16T12:47:50+00:00</time>
      </trkpt>
      <trkpt lat="22.27055" lon="114.13344">
        <ele>252</ele>
        <time>2026-04-16T12:47:53+00:00</time>
      </trkpt>
      <trkpt lat="22.2704" lon="114.13341">
        <ele>252</ele>
        <time>2026-04-16T12:47:56+00:00</time>
      </trkpt>
      <trkpt lat="22.27033" lon="114.13342">
        <ele>252</ele>
        <time>2026-04-16T12:47:59+00:00</time>
      </trkpt>
      <trkpt lat="22.27018" lon="114.1335">
        <ele>243</ele>
        <time>2026-04-16T12:48:02+00:00</time>
      </trkpt>
      <trkpt lat="22.27013" lon="114.13359">
        <ele>243</ele>
        <time>2026-04-16T12:48:05+00:00</time>
      </trkpt>
      <trkpt lat="22.27004" lon="114.13367">
        <ele>236</ele>
        <time>2026-04-16T12:48:08+00:00</time>
      </trkpt>
      <trkpt lat="22.26994" lon="114.13369">
        <ele>234</ele>
        <time>2026-04-16T12:48:11+00:00</time>
      </trkpt>
      <trkpt lat="22.26959" lon="114.13381">
        <ele>231</ele>
        <time>2026-04-16T12:48:14+00:00</time>
      </trkpt>
      <trkpt lat="22.26951" lon="114.13373">
        <ele>226</ele>
        <time>2026-04-16T12:48:17+00:00</time>
      </trkpt>
      <trkpt lat="22.26935" lon="114.1338">
        <ele>223</ele>
        <time>2026-04-16T12:48:20+00:00</time>
      </trkpt>
      <trkpt lat="22.26928" lon="114.13386">
        <ele>220</ele>
        <time>2026-04-16T12:48:23+00:00</time>
      </trkpt>
      <trkpt lat="22.26911" lon="114.13389">
        <ele>225</ele>
        <time>2026-04-16T12:48:26+00:00</time>
      </trkpt>
      <trkpt lat="22.26902" lon="114.13394">
        <ele>217</ele>
        <time>2026-04-16T12:48:29+00:00</time>
      </trkpt>
      <trkpt lat="22.26894" lon="114.13402">
        <ele>222</ele>
        <time>2026-04-16T12:48:32+00:00</time>
      </trkpt>
      <trkpt lat="22.26891" lon="114.13411">
        <ele>222</ele>
        <time>2026-04-16T12:48:35+00:00</time>
      </trkpt>
      <trkpt lat="22.26884" lon="114.13407">
        <ele>221</ele>
        <time>2026-04-16T12:48:38+00:00</time>
      </trkpt>
      <trkpt lat="22.26866" lon="114.13409">
        <ele>222</ele>
        <time>2026-04-16T12:48:41+00:00</time>
      </trkpt>
      <trkpt lat="22.26857" lon="114.13413">
        <ele>219</ele>
        <time>2026-04-16T12:48:44+00:00</time>
      </trkpt>
      <trkpt lat="22.26837" lon="114.13448">
        <ele>223</ele>
        <time>2026-04-16T12:48:47+00:00</time>
      </trkpt>
      <trkpt lat="22.26827" lon="114.13453">
        <ele>227</ele>
        <time>2026-04-16T12:48:50+00:00</time>
      </trkpt>
      <trkpt lat="22.26814" lon="114.13456">
        <ele>222</ele>
        <time>2026-04-16T12:48:53+00:00</time>
      </trkpt>
      <trkpt lat="22.26802" lon="114.13465">
        <ele>224</ele>
        <time>2026-04-16T12:48:56+00:00</time>
      </trkpt>
      <trkpt lat="22.26791" lon="114.13481">
        <ele>230</ele>
        <time>2026-04-16T12:48:59+00:00</time>
      </trkpt>
      <trkpt lat="22.26773" lon="114.13485">
        <ele>229</ele>
        <time>2026-04-16T12:49:02+00:00</time>
      </trkpt>
      <trkpt lat="22.26758" lon="114.13497">
        <ele>224</ele>
        <time>2026-04-16T12:49:05+00:00</time>
      </trkpt>
      <trkpt lat="22.26751" lon="114.135">
        <ele>229</ele>
        <time>2026-04-16T12:49:08+00:00</time>
      </trkpt>
      <trkpt lat="22.26733" lon="114.13493">
        <ele>227</ele>
        <time>2026-04-16T12:49:11+00:00</time>
      </trkpt>
      <trkpt lat="22.26723" lon="114.13495">
        <ele>225</ele>
        <time>2026-04-16T12:49:14+00:00</time>
      </trkpt>
      <trkpt lat="22.26687" lon="114.13509">
        <ele>224</ele>
        <time>2026-04-16T12:49:17+00:00</time>
      </trkpt>
      <trkpt lat="22.26658" lon="114.13525">
        <ele>223</ele>
        <time>2026-04-16T12:49:20+00:00</time>
      </trkpt>
      <trkpt lat="22.26646" lon="114.13528">
        <ele>218</ele>
        <time>2026-04-16T12:49:23+00:00</time>
      </trkpt>
      <trkpt lat="22.26639" lon="114.13533">
        <ele>219</ele>
        <time>2026-04-16T12:49:26+00:00</time>
      </trkpt>
      <trkpt lat="22.2663" lon="114.13536">
        <ele>223</ele>
        <time>2026-04-16T12:49:29+00:00</time>
      </trkpt>
      <trkpt lat="22.26624" lon="114.13544">
        <ele>218</ele>
        <time>2026-04-16T12:49:32+00:00</time>
      </trkpt>
      <trkpt lat="22.26622" lon="114.1355">
        <ele>222</ele>
        <time>2026-04-16T12:49:35+00:00</time>
      </trkpt>
      <trkpt lat="22.2662" lon="114.1356">
        <ele>223</ele>
        <time>2026-04-16T12:49:38+00:00</time>
      </trkpt>
      <trkpt lat="22.26623" lon="114.13584">
        <ele>223</ele>
        <time>2026-04-16T12:49:41+00:00</time>
      </trkpt>
      <trkpt lat="22.26626" lon="114.13611">
        <ele>223</ele>
        <time>2026-04-16T12:49:44+00:00</time>
      </trkpt>
      <trkpt lat="22.26625" lon="114.13641">
        <ele>221</ele>
        <time>2026-04-16T12:49:47+00:00</time>
      </trkpt>
      <trkpt lat="22.26641" lon="114.13659">
        <ele>231</ele>
        <time>2026-04-16T12:49:50+00:00</time>
      </trkpt>
      <trkpt lat="22.26657" lon="114.13688">
        <ele>226</ele>
        <time>2026-04-16T12:49:53+00:00</time>
      </trkpt>
      <trkpt lat="22.26666" lon="114.13688">
        <ele>229</ele>
        <time>2026-04-16T12:49:56+00:00</time>
      </trkpt>
      <trkpt lat="22.26681" lon="114.13718">
        <ele>232</ele>
        <time>2026-04-16T12:49:59+00:00</time>
      </trkpt>
      <trkpt lat="22.267" lon="114.13756">
        <ele>235</ele>
        <time>2026-04-16T12:50:02+00:00</time>
      </trkpt>
      <trkpt lat="22.26723" lon="114.13763">
        <ele>237</ele>
        <time>2026-04-16T12:50:05+00:00</time>
      </trkpt>
      <trkpt lat="22.26739" lon="114.1376">
        <ele>236</ele>
        <time>2026-04-16T12:50:08+00:00</time>
      </trkpt>
      <trkpt lat="22.26754" lon="114.1376">
        <ele>235</ele>
        <time>2026-04-16T12:50:11+00:00</time>
      </trkpt>
      <trkpt lat="22.26784" lon="114.13781">
        <ele>236</ele>
        <time>2026-04-16T12:50:14+00:00</time>
      </trkpt>
      <trkpt lat="22.26758" lon="114.13823">
        <ele>234</ele>
        <time>2026-04-16T12:50:17+00:00</time>
      </trkpt>
      <trkpt lat="22.26759" lon="114.13848">
        <ele>229</ele>
        <time>2026-04-16T12:50:20+00:00</time>
      </trkpt>
      <trkpt lat="22.26774" lon="114.13867">
        <ele>234</ele>
        <time>2026-04-16T12:50:23+00:00</time>
      </trkpt>
      <trkpt lat="22.26791" lon="114.13888">
        <ele>235</ele>
        <time>2026-04-16T12:50:26+00:00</time>
      </trkpt>
      <trkpt lat="22.26799" lon="114.13889">
        <ele>235</ele>
        <time>2026-04-16T12:50:29+00:00</time>
      </trkpt>
      <trkpt lat="22.26812" lon="114.13878">
        <ele>237</ele>
        <time>2026-04-16T12:50:32+00:00</time>
      </trkpt>
      <trkpt lat="22.2683" lon="114.13868">
        <ele>232</ele>
        <time>2026-04-16T12:50:35+00:00</time>
      </trkpt>
      <trkpt lat="22.26821" lon="114.13919">
        <ele>231</ele>
        <time>2026-04-16T12:50:38+00:00</time>
      </trkpt>
      <trkpt lat="22.26827" lon="114.13951">
        <ele>231</ele>
        <time>2026-04-16T12:50:41+00:00</time>
      </trkpt>
      <trkpt lat="22.2682" lon="114.13954">
        <ele>232</ele>
        <time>2026-04-16T12:50:44+00:00</time>
      </trkpt>
      <trkpt lat="22.26805" lon="114.13949">
        <ele>225</ele>
        <time>2026-04-16T12:50:47+00:00</time>
      </trkpt>
      <trkpt lat="22.26791" lon="114.13958">
        <ele>233</ele>
        <time>2026-04-16T12:50:50+00:00</time>
      </trkpt>
      <trkpt lat="22.26789" lon="114.13979">
        <ele>228</ele>
        <time>2026-04-16T12:50:53+00:00</time>
      </trkpt>
      <trkpt lat="22.268" lon="114.13998">
        <ele>232</ele>
        <time>2026-04-16T12:50:56+00:00</time>
      </trkpt>
      <trkpt lat="22.26786" lon="114.1402">
        <ele>230</ele>
        <time>2026-04-16T12:50:59+00:00</time>
      </trkpt>
      <trkpt lat="22.26782" lon="114.14033">
        <ele>232</ele>
        <time>2026-04-16T12:51:02+00:00</time>
      </trkpt>
      <trkpt lat="22.26784" lon="114.14051">
        <ele>232</ele>
        <time>2026-04-16T12:51:05+00:00</time>
      </trkpt>
      <trkpt lat="22.268" lon="114.14079">
        <ele>232</ele>
        <time>2026-04-16T12:51:08+00:00</time>
      </trkpt>
      <trkpt lat="22.26823" lon="114.14121">
        <ele>233</ele>
        <time>2026-04-16T12:51:11+00:00</time>
      </trkpt>
      <trkpt lat="22.26851" lon="114.14122">
        <ele>235</ele>
        <time>2026-04-16T12:51:14+00:00</time>
      </trkpt>
      <trkpt lat="22.26864" lon="114.14135">
        <ele>237</ele>
        <time>2026-04-16T12:51:17+00:00</time>
      </trkpt>
      <trkpt lat="22.26869" lon="114.14156">
        <ele>235</ele>
        <time>2026-04-16T12:51:20+00:00</time>
      </trkpt>
      <trkpt lat="22.26886" lon="114.1418">
        <ele>235</ele>
        <time>2026-04-16T12:51:23+00:00</time>
      </trkpt>
      <trkpt lat="22.26874" lon="114.14193">
        <ele>240</ele>
        <time>2026-04-16T12:51:26+00:00</time>
      </trkpt>
      <trkpt lat="22.26864" lon="114.14199">
        <ele>236</ele>
        <time>2026-04-16T12:51:29+00:00</time>
      </trkpt>
      <trkpt lat="22.26857" lon="114.14214">
        <ele>241</ele>
        <time>2026-04-16T12:51:32+00:00</time>
      </trkpt>
      <trkpt lat="22.26854" lon="114.14232">
        <ele>236</ele>
        <time>2026-04-16T12:51:35+00:00</time>
      </trkpt>
      <trkpt lat="22.26855" lon="114.14274">
        <ele>237</ele>
        <time>2026-04-16T12:51:38+00:00</time>
      </trkpt>
      <trkpt lat="22.26858" lon="114.14342">
        <ele>248</ele>
        <time>2026-04-16T12:51:41+00:00</time>
      </trkpt>
      <trkpt lat="22.26884" lon="114.14357">
        <ele>250</ele>
        <time>2026-04-16T12:51:44+00:00</time>
      </trkpt>
      <trkpt lat="22.26887" lon="114.14391">
        <ele>252</ele>
        <time>2026-04-16T12:51:47+00:00</time>
      </trkpt>
      <trkpt lat="22.2689" lon="114.14426">
        <ele>254</ele>
        <time>2026-04-16T12:51:50+00:00</time>
      </trkpt>
      <trkpt lat="22.26895" lon="114.14465">
        <ele>257</ele>
        <time>2026-04-16T12:51:53+00:00</time>
      </trkpt>
      <trkpt lat="22.26903" lon="114.14519">
        <ele>258</ele>
        <time>2026-04-16T12:51:56+00:00</time>
      </trkpt>
      <trkpt lat="22.2691" lon="114.14539">
        <ele>262</ele>
        <time>2026-04-16T12:51:59+00:00</time>
      </trkpt>
      <trkpt lat="22.26912" lon="114.14559">
        <ele>261</ele>
        <time>2026-04-16T12:52:02+00:00</time>
      </trkpt>
      <trkpt lat="22.26903" lon="114.14577">
        <ele>262</ele>
        <time>2026-04-16T12:52:05+00:00</time>
      </trkpt>
      <trkpt lat="22.26894" lon="114.14606">
        <ele>264</ele>
        <time>2026-04-16T12:52:08+00:00</time>
      </trkpt>
      <trkpt lat="22.26882" lon="114.14645">
        <ele>268</ele>
        <time>2026-04-16T12:52:11+00:00</time>
      </trkpt>
      <trkpt lat="22.26856" lon="114.14604">
        <ele>270</ele>
        <time>2026-04-16T12:52:14+00:00</time>
      </trkpt>
      <trkpt lat="22.26848" lon="114.14556">
        <ele>265</ele>
        <time>2026-04-16T12:52:17+00:00</time>
      </trkpt>
      <trkpt lat="22.26853" lon="114.14513">
        <ele>260</ele>
        <time>2026-04-16T12:52:20+00:00</time>
      </trkpt>
      <trkpt lat="22.2684" lon="114.14498">
        <ele>256</ele>
        <time>2026-04-16T12:52:23+00:00</time>
      </trkpt>
      <trkpt lat="22.26818" lon="114.14491">
        <ele>259</ele>
        <time>2026-04-16T12:52:26+00:00</time>
      </trkpt>
      <trkpt lat="22.26794" lon="114.14483">
        <ele>258</ele>
        <time>2026-04-16T12:52:29+00:00</time>
      </trkpt>
      <trkpt lat="22.26795" lon="114.14472">
        <ele>258</ele>
        <time>2026-04-16T12:52:32+00:00</time>
      </trkpt>
      <trkpt lat="22.26797" lon="114.14462">
        <ele>256</ele>
        <time>2026-04-16T12:52:35+00:00</time>
      </trkpt>
      <trkpt lat="22.26776" lon="114.1444">
        <ele>256</ele>
        <time>2026-04-16T12:52:38+00:00</time>
      </trkpt>
      <trkpt lat="22.26746" lon="114.14409">
        <ele>254</ele>
        <time>2026-04-16T12:52:41+00:00</time>
      </trkpt>
      <trkpt lat="22.26736" lon="114.14406">
        <ele>249</ele>
        <time>2026-04-16T12:52:44+00:00</time>
      </trkpt>
      <trkpt lat="22.26721" lon="114.14409">
        <ele>253</ele>
        <time>2026-04-16T12:52:47+00:00</time>
      </trkpt>
      <trkpt lat="22.26715" lon="114.1439">
        <ele>252</ele>
        <time>2026-04-16T12:52:50+00:00</time>
      </trkpt>
      <trkpt lat="22.26709" lon="114.14384">
        <ele>252</ele>
        <time>2026-04-16T12:52:53+00:00</time>
      </trkpt>
      <trkpt lat="22.26701" lon="114.1438">
        <ele>250</ele>
        <time>2026-04-16T12:52:56+00:00</time>
      </trkpt>
      <trkpt lat="22.26691" lon="114.14381">
        <ele>250</ele>
        <time>2026-04-16T12:52:59+00:00</time>
      </trkpt>
      <trkpt lat="22.26688" lon="114.14386">
        <ele>251</ele>
        <time>2026-04-16T12:53:02+00:00</time>
      </trkpt>
      <trkpt lat="22.26681" lon="114.14386">
        <ele>251</ele>
        <time>2026-04-16T12:53:05+00:00</time>
      </trkpt>
      <trkpt lat="22.26678" lon="114.1438">
        <ele>256</ele>
        <time>2026-04-16T12:53:08+00:00</time>
      </trkpt>
      <trkpt lat="22.26681" lon="114.14358">
        <ele>244</ele>
        <time>2026-04-16T12:53:11+00:00</time>
      </trkpt>
      <trkpt lat="22.2668" lon="114.14327">
        <ele>243</ele>
        <time>2026-04-16T12:53:14+00:00</time>
      </trkpt>
      <trkpt lat="22.26673" lon="114.14306">
        <ele>234</ele>
        <time>2026-04-16T12:53:17+00:00</time>
      </trkpt>
      <trkpt lat="22.26667" lon="114.14272">
        <ele>228</ele>
        <time>2026-04-16T12:53:20+00:00</time>
      </trkpt>
      <trkpt lat="22.26663" lon="114.14267">
        <ele>223</ele>
        <time>2026-04-16T12:53:23+00:00</time>
      </trkpt>
      <trkpt lat="22.26651" lon="114.14268">
        <ele>223</ele>
        <time>2026-04-16T12:53:26+00:00</time>
      </trkpt>
      <trkpt lat="22.26612" lon="114.14246">
        <ele>229</ele>
        <time>2026-04-16T12:53:29+00:00</time>
      </trkpt>
      <trkpt lat="22.26586" lon="114.14242">
        <ele>226</ele>
        <time>2026-04-16T12:53:32+00:00</time>
      </trkpt>
      <trkpt lat="22.26556" lon="114.14191">
        <ele>224</ele>
        <time>2026-04-16T12:53:35+00:00</time>
      </trkpt>
      <trkpt lat="22.26519" lon="114.14179">
        <ele>226</ele>
        <time>2026-04-16T12:53:38+00:00</time>
      </trkpt>
      <trkpt lat="22.26511" lon="114.1417">
        <ele>223</ele>
        <time>2026-04-16T12:53:41+00:00</time>
      </trkpt>
      <trkpt lat="22.26515" lon="114.14162">
        <ele>226</ele>
        <time>2026-04-16T12:53:44+00:00</time>
      </trkpt>
      <trkpt lat="22.26529" lon="114.1415">
        <ele>224</ele>
        <time>2026-04-16T12:53:47+00:00</time>
      </trkpt>
      <trkpt lat="22.26534" lon="114.14147">
        <ele>230</ele>
        <time>2026-04-16T12:53:50+00:00</time>
      </trkpt>
      <trkpt lat="22.26541" lon="114.14144">
        <ele>227</ele>
        <time>2026-04-16T12:53:53+00:00</time>
      </trkpt>
      <trkpt lat="22.26569" lon="114.14146">
        <ele>223</ele>
        <time>2026-04-16T12:53:56+00:00</time>
      </trkpt>
      <trkpt lat="22.26587" lon="114.14127">
        <ele>223</ele>
        <time>2026-04-16T12:53:59+00:00</time>
      </trkpt>
      <trkpt lat="22.2658" lon="114.14102">
        <ele>215</ele>
        <time>2026-04-16T12:54:02+00:00</time>
      </trkpt>
      <trkpt lat="22.26585" lon="114.14078">
        <ele>222</ele>
        <time>2026-04-16T12:54:05+00:00</time>
      </trkpt>
      <trkpt lat="22.26575" lon="114.14058">
        <ele>221</ele>
        <time>2026-04-16T12:54:08+00:00</time>
      </trkpt>
      <trkpt lat="22.26564" lon="114.14044">
        <ele>222</ele>
        <time>2026-04-16T12:54:11+00:00</time>
      </trkpt>
      <trkpt lat="22.26547" lon="114.14058">
        <ele>225</ele>
        <time>2026-04-16T12:54:14+00:00</time>
      </trkpt>
      <trkpt lat="22.26518" lon="114.14074">
        <ele>233</ele>
        <time>2026-04-16T12:54:17+00:00</time>
      </trkpt>
      <trkpt lat="22.26505" lon="114.14078">
        <ele>236</ele>
        <time>2026-04-16T12:54:20+00:00</time>
      </trkpt>
      <trkpt lat="22.26498" lon="114.14089">
        <ele>240</ele>
        <time>2026-04-16T12:54:23+00:00</time>
      </trkpt>
      <trkpt lat="22.26465" lon="114.14118">
        <ele>255</ele>
        <time>2026-04-16T12:54:26+00:00</time>
      </trkpt>
      <trkpt lat="22.26438" lon="114.14134">
        <ele>263</ele>
        <time>2026-04-16T12:54:29+00:00</time>
      </trkpt>
      <trkpt lat="22.26429" lon="114.14144">
        <ele>263</ele>
        <time>2026-04-16T12:54:32+00:00</time>
      </trkpt>
      <trkpt lat="22.26404" lon="114.14163">
        <ele>265</ele>
        <time>2026-04-16T12:54:35+00:00</time>
      </trkpt>
      <trkpt lat="22.26387" lon="114.1417">
        <ele>270</ele>
        <time>2026-04-16T12:54:38+00:00</time>
      </trkpt>
      <trkpt lat="22.26354" lon="114.14178">
        <ele>272</ele>
        <time>2026-04-16T12:54:41+00:00</time>
      </trkpt>
      <trkpt lat="22.26343" lon="114.14174">
        <ele>271</ele>
        <time>2026-04-16T12:54:44+00:00</time>
      </trkpt>
      <trkpt lat="22.26325" lon="114.14149">
        <ele>271</ele>
        <time>2026-04-16T12:54:47+00:00</time>
      </trkpt>
      <trkpt lat="22.26303" lon="114.14118">
        <ele>271</ele>
        <time>2026-04-16T12:54:50+00:00</time>
      </trkpt>
      <trkpt lat="22.26272" lon="114.14105">
        <ele>261</ele>
        <time>2026-04-16T12:54:53+00:00</time>
      </trkpt>
      <trkpt lat="22.26235" lon="114.14089">
        <ele>256</ele>
        <time>2026-04-16T12:54:56+00:00</time>
      </trkpt>
      <trkpt lat="22.26189" lon="114.1406">
        <ele>241</ele>
        <time>2026-04-16T12:54:59+00:00</time>
      </trkpt>
      <trkpt lat="22.2618" lon="114.14056">
        <ele>241</ele>
        <time>2026-04-16T12:55:02+00:00</time>
      </trkpt>
      <trkpt lat="22.26165" lon="114.14054">
        <ele>237</ele>
        <time>2026-04-16T12:55:05+00:00</time>
      </trkpt>
      <trkpt lat="22.26156" lon="114.14048">
        <ele>240</ele>
        <time>2026-04-16T12:55:08+00:00</time>
      </trkpt>
      <trkpt lat="22.26158" lon="114.14058">
        <ele>233</ele>
        <time>2026-04-16T12:55:11+00:00</time>
      </trkpt>
      <trkpt lat="22.26154" lon="114.14068">
        <ele>234</ele>
        <time>2026-04-16T12:55:14+00:00</time>
      </trkpt>
      <trkpt lat="22.26143" lon="114.14072">
        <ele>240</ele>
        <time>2026-04-16T12:55:17+00:00</time>
      </trkpt>
      <trkpt lat="22.26093" lon="114.14068">
        <ele>237</ele>
        <time>2026-04-16T12:55:20+00:00</time>
      </trkpt>
      <trkpt lat="22.26081" lon="114.1407">
        <ele>238</ele>
        <time>2026-04-16T12:55:23+00:00</time>
      </trkpt>
      <trkpt lat="22.26078" lon="114.14073">
        <ele>235</ele>
        <time>2026-04-16T12:55:26+00:00</time>
      </trkpt>
      <trkpt lat="22.26076" lon="114.14081">
        <ele>232</ele>
        <time>2026-04-16T12:55:29+00:00</time>
      </trkpt>
      <trkpt lat="22.26081" lon="114.14109">
        <ele>239</ele>
        <time>2026-04-16T12:55:32+00:00</time>
      </trkpt>
      <trkpt lat="22.2609" lon="114.14123">
        <ele>242</ele>
        <time>2026-04-16T12:55:35+00:00</time>
      </trkpt>
      <trkpt lat="22.26109" lon="114.14146">
        <ele>242</ele>
        <time>2026-04-16T12:55:38+00:00</time>
      </trkpt>
      <trkpt lat="22.261" lon="114.14191">
        <ele>244</ele>
        <time>2026-04-16T12:55:41+00:00</time>
      </trkpt>
      <trkpt lat="22.26096" lon="114.14235">
        <ele>247</ele>
        <time>2026-04-16T12:55:44+00:00</time>
      </trkpt>
      <trkpt lat="22.26092" lon="114.14249">
        <ele>248</ele>
        <time>2026-04-16T12:55:47+00:00</time>
      </trkpt>
      <trkpt lat="22.26076" lon="114.14264">
        <ele>249</ele>
        <time>2026-04-16T12:55:50+00:00</time>
      </trkpt>
      <trkpt lat="22.26043" lon="114.14256">
        <ele>249</ele>
        <time>2026-04-16T12:55:53+00:00</time>
      </trkpt>
      <trkpt lat="22.26003" lon="114.14246">
        <ele>250</ele>
        <time>2026-04-16T12:55:56+00:00</time>
      </trkpt>
      <trkpt lat="22.25988" lon="114.14253">
        <ele>245</ele>
        <time>2026-04-16T12:55:59+00:00</time>
      </trkpt>
      <trkpt lat="22.25993" lon="114.14278">
        <ele>257</ele>
        <time>2026-04-16T12:56:02+00:00</time>
      </trkpt>
      <trkpt lat="22.26011" lon="114.14295">
        <ele>256</ele>
        <time>2026-04-16T12:56:05+00:00</time>
      </trkpt>
      <trkpt lat="22.26029" lon="114.14306">
        <ele>258</ele>
        <time>2026-04-16T12:56:08+00:00</time>
      </trkpt>
      <trkpt lat="22.26049" lon="114.14318">
        <ele>255</ele>
        <time>2026-04-16T12:56:11+00:00</time>
      </trkpt>
      <trkpt lat="22.26053" lon="114.1433">
        <ele>255</ele>
        <time>2026-04-16T12:56:14+00:00</time>
      </trkpt>
      <trkpt lat="22.26048" lon="114.14339">
        <ele>250</ele>
        <time>2026-04-16T12:56:17+00:00</time>
      </trkpt>
      <trkpt lat="22.26022" lon="114.14341">
        <ele>253</ele>
        <time>2026-04-16T12:56:20+00:00</time>
      </trkpt>
      <trkpt lat="22.25989" lon="114.14365">
        <ele>252</ele>
        <time>2026-04-16T12:56:23+00:00</time>
      </trkpt>
      <trkpt lat="22.25989" lon="114.14378">
        <ele>251</ele>
        <time>2026-04-16T12:56:26+00:00</time>
      </trkpt>
      <trkpt lat="22.25962" lon="114.14406">
        <ele>251</ele>
        <time>2026-04-16T12:56:29+00:00</time>
      </trkpt>
      <trkpt lat="22.25963" lon="114.14418">
        <ele>253</ele>
        <time>2026-04-16T12:56:32+00:00</time>
      </trkpt>
      <trkpt lat="22.25952" lon="114.1444">
        <ele>251</ele>
        <time>2026-04-16T12:56:35+00:00</time>
      </trkpt>
      <trkpt lat="22.25962" lon="114.14461">
        <ele>256</ele>
        <time>2026-04-16T12:56:38+00:00</time>
      </trkpt>
      <trkpt lat="22.25961" lon="114.14478">
        <ele>258</ele>
        <time>2026-04-16T12:56:41+00:00</time>
      </trkpt>
      <trkpt lat="22.25941" lon="114.14517">
        <ele>254</ele>
        <time>2026-04-16T12:56:44+00:00</time>
      </trkpt>
      <trkpt lat="22.25928" lon="114.14525">
        <ele>254</ele>
        <time>2026-04-16T12:56:47+00:00</time>
      </trkpt>
      <trkpt lat="22.25913" lon="114.14527">
        <ele>253</ele>
        <time>2026-04-16T12:56:50+00:00</time>
      </trkpt>
      <trkpt lat="22.25892" lon="114.14552">
        <ele>252</ele>
        <time>2026-04-16T12:56:53+00:00</time>
      </trkpt>
      <trkpt lat="22.25871" lon="114.14578">
        <ele>251</ele>
        <time>2026-04-16T12:56:56+00:00</time>
      </trkpt>
      <trkpt lat="22.25858" lon="114.1459">
        <ele>248</ele>
        <time>2026-04-16T12:56:59+00:00</time>
      </trkpt>
      <trkpt lat="22.25848" lon="114.14593">
        <ele>254</ele>
        <time>2026-04-16T12:57:02+00:00</time>
      </trkpt>
      <trkpt lat="22.25809" lon="114.14636">
        <ele>257</ele>
        <time>2026-04-16T12:57:05+00:00</time>
      </trkpt>
      <trkpt lat="22.25778" lon="114.14656">
        <ele>257</ele>
        <time>2026-04-16T12:57:08+00:00</time>
      </trkpt>
      <trkpt lat="22.25734" lon="114.14683">
        <ele>255</ele>
        <time>2026-04-16T12:57:11+00:00</time>
      </trkpt>
      <trkpt lat="22.25703" lon="114.14696">
        <ele>250</ele>
        <time>2026-04-16T12:57:14+00:00</time>
      </trkpt>
      <trkpt lat="22.25669" lon="114.1471">
        <ele>250</ele>
        <time>2026-04-16T12:57:17+00:00</time>
      </trkpt>
      <trkpt lat="22.25623" lon="114.14746">
        <ele>250</ele>
        <time>2026-04-16T12:57:20+00:00</time>
      </trkpt>
      <trkpt lat="22.25602" lon="114.14721">
        <ele>249</ele>
        <time>2026-04-16T12:57:23+00:00</time>
      </trkpt>
      <trkpt lat="22.25602" lon="114.14686">
        <ele>248</ele>
        <time>2026-04-16T12:57:26+00:00</time>
      </trkpt>
      <trkpt lat="22.25596" lon="114.14672">
        <ele>251</ele>
        <time>2026-04-16T12:57:29+00:00</time>
      </trkpt>
      <trkpt lat="22.2556" lon="114.14646">
        <ele>243</ele>
        <time>2026-04-16T12:57:32+00:00</time>
      </trkpt>
      <trkpt lat="22.25522" lon="114.14639">
        <ele>245</ele>
        <time>2026-04-16T12:57:35+00:00</time>
      </trkpt>
      <trkpt lat="22.25464" lon="114.14628">
        <ele>248</ele>
        <time>2026-04-16T12:57:38+00:00</time>
      </trkpt>
      <trkpt lat="22.25452" lon="114.14621">
        <ele>249</ele>
        <time>2026-04-16T12:57:41+00:00</time>
      </trkpt>
      <trkpt lat="22.25448" lon="114.14611">
        <ele>255</ele>
        <time>2026-04-16T12:57:44+00:00</time>
      </trkpt>
      <trkpt lat="22.25449" lon="114.14591">
        <ele>245</ele>
        <time>2026-04-16T12:57:47+00:00</time>
      </trkpt>
      <trkpt lat="22.25443" lon="114.14582">
        <ele>247</ele>
        <time>2026-04-16T12:57:50+00:00</time>
      </trkpt>
      <trkpt lat="22.25435" lon="114.14579">
        <ele>244</ele>
        <time>2026-04-16T12:57:53+00:00</time>
      </trkpt>
      <trkpt lat="22.25424" lon="114.14578">
        <ele>242</ele>
        <time>2026-04-16T12:57:56+00:00</time>
      </trkpt>
      <trkpt lat="22.25419" lon="114.14579">
        <ele>240</ele>
        <time>2026-04-16T12:57:59+00:00</time>
      </trkpt>
      <trkpt lat="22.25413" lon="114.14585">
        <ele>243</ele>
        <time>2026-04-16T12:58:02+00:00</time>
      </trkpt>
      <trkpt lat="22.25406" lon="114.14589">
        <ele>240</ele>
        <time>2026-04-16T12:58:05+00:00</time>
      </trkpt>
      <trkpt lat="22.2538" lon="114.14591">
        <ele>237</ele>
        <time>2026-04-16T12:58:08+00:00</time>
      </trkpt>
      <trkpt lat="22.25376" lon="114.14593">
        <ele>237</ele>
        <time>2026-04-16T12:58:11+00:00</time>
      </trkpt>
      <trkpt lat="22.25369" lon="114.14604">
        <ele>237</ele>
        <time>2026-04-16T12:58:14+00:00</time>
      </trkpt>
      <trkpt lat="22.25364" lon="114.14608">
        <ele>237</ele>
        <time>2026-04-16T12:58:17+00:00</time>
      </trkpt>
      <trkpt lat="22.25338" lon="114.14618">
        <ele>234</ele>
        <time>2026-04-16T12:58:20+00:00</time>
      </trkpt>
      <trkpt lat="22.25325" lon="114.14619">
        <ele>233</ele>
        <time>2026-04-16T12:58:23+00:00</time>
      </trkpt>
      <trkpt lat="22.25311" lon="114.14616">
        <ele>231</ele>
        <time>2026-04-16T12:58:26+00:00</time>
      </trkpt>
      <trkpt lat="22.25308" lon="114.14612">
        <ele>229</ele>
        <time>2026-04-16T12:58:29+00:00</time>
      </trkpt>
      <trkpt lat="22.25296" lon="114.14607">
        <ele>227</ele>
        <time>2026-04-16T12:58:32+00:00</time>
      </trkpt>
      <trkpt lat="22.25289" lon="114.14596">
        <ele>226</ele>
        <time>2026-04-16T12:58:35+00:00</time>
      </trkpt>
      <trkpt lat="22.25284" lon="114.14569">
        <ele>220</ele>
        <time>2026-04-16T12:58:38+00:00</time>
      </trkpt>
      <trkpt lat="22.25277" lon="114.14564">
        <ele>219</ele>
        <time>2026-04-16T12:58:41+00:00</time>
      </trkpt>
      <trkpt lat="22.25268" lon="114.14561">
        <ele>219</ele>
        <time>2026-04-16T12:58:44+00:00</time>
      </trkpt>
      <trkpt lat="22.25252" lon="114.14549">
        <ele>214</ele>
        <time>2026-04-16T12:58:47+00:00</time>
      </trkpt>
      <trkpt lat="22.25248" lon="114.14537">
        <ele>212</ele>
        <time>2026-04-16T12:58:50+00:00</time>
      </trkpt>
      <trkpt lat="22.25239" lon="114.14488">
        <ele>198</ele>
        <time>2026-04-16T12:58:53+00:00</time>
      </trkpt>
      <trkpt lat="22.25231" lon="114.1446">
        <ele>193</ele>
        <time>2026-04-16T12:58:56+00:00</time>
      </trkpt>
      <trkpt lat="22.25223" lon="114.14447">
        <ele>187</ele>
        <time>2026-04-16T12:58:59+00:00</time>
      </trkpt>
      <trkpt lat="22.25219" lon="114.14446">
        <ele>186</ele>
        <time>2026-04-16T12:59:02+00:00</time>
      </trkpt>
      <trkpt lat="22.25216" lon="114.14447">
        <ele>186</ele>
        <time>2026-04-16T12:59:05+00:00</time>
      </trkpt>
      <trkpt lat="22.25203" lon="114.1446">
        <ele>186</ele>
        <time>2026-04-16T12:59:08+00:00</time>
      </trkpt>
      <trkpt lat="22.25202" lon="114.14468">
        <ele>186</ele>
        <time>2026-04-16T12:59:11+00:00</time>
      </trkpt>
      <trkpt lat="22.25189" lon="114.14497">
        <ele>171</ele>
        <time>2026-04-16T12:59:14+00:00</time>
      </trkpt>
      <trkpt lat="22.25186" lon="114.14508">
        <ele>171</ele>
        <time>2026-04-16T12:59:17+00:00</time>
      </trkpt>
      <trkpt lat="22.25182" lon="114.14541">
        <ele>166</ele>
        <time>2026-04-16T12:59:20+00:00</time>
      </trkpt>
      <trkpt lat="22.25168" lon="114.14589">
        <ele>152</ele>
        <time>2026-04-16T12:59:23+00:00</time>
      </trkpt>
      <trkpt lat="22.2517" lon="114.14602">
        <ele>157</ele>
        <time>2026-04-16T12:59:26+00:00</time>
      </trkpt>
      <trkpt lat="22.25162" lon="114.14593">
        <ele>153</ele>
        <time>2026-04-16T12:59:29+00:00</time>
      </trkpt>
      <trkpt lat="22.25166" lon="114.14608">
        <ele>150</ele>
        <time>2026-04-16T12:59:32+00:00</time>
      </trkpt>
      <trkpt lat="22.25181" lon="114.14622">
        <ele>143</ele>
        <time>2026-04-16T12:59:35+00:00</time>
      </trkpt>
      <trkpt lat="22.25173" lon="114.14621">
        <ele>139</ele>
        <time>2026-04-16T12:59:38+00:00</time>
      </trkpt>
      <trkpt lat="22.25174" lon="114.14624">
        <ele>139</ele>
        <time>2026-04-16T12:59:41+00:00</time>
      </trkpt>
      <trkpt lat="22.2519" lon="114.14637">
        <ele>140</ele>
        <time>2026-04-16T12:59:44+00:00</time>
      </trkpt>
      <trkpt lat="22.25197" lon="114.14653">
        <ele>130</ele>
        <time>2026-04-16T12:59:47+00:00</time>
      </trkpt>
      <trkpt lat="22.25201" lon="114.14654">
        <ele>137</ele>
        <time>2026-04-16T12:59:50+00:00</time>
      </trkpt>
      <trkpt lat="22.25202" lon="114.14658">
        <ele>137</ele>
        <time>2026-04-16T12:59:53+00:00</time>
      </trkpt>
      <trkpt lat="22.25208" lon="114.14665">
        <ele>128</ele>
        <time>2026-04-16T12:59:56+00:00</time>
      </trkpt>
      <trkpt lat="22.2521" lon="114.14675">
        <ele>130</ele>
        <time>2026-04-16T12:59:59+00:00</time>
      </trkpt>
      <trkpt lat="22.25223" lon="114.14696">
        <ele>130</ele>
        <time>2026-04-16T13:00:02+00:00</time>
      </trkpt>
      <trkpt lat="22.25226" lon="114.14706">
        <ele>127</ele>
        <time>2026-04-16T13:00:05+00:00</time>
      </trkpt>
      <trkpt lat="22.25224" lon="114.14708">
        <ele>127</ele>
        <time>2026-04-16T13:00:08+00:00</time>
      </trkpt>
      <trkpt lat="22.25227" lon="114.1471">
        <ele>122</ele>
        <time>2026-04-16T13:00:11+00:00</time>
      </trkpt>
      <trkpt lat="22.25223" lon="114.14727">
        <ele>117</ele>
        <time>2026-04-16T13:00:14+00:00</time>
      </trkpt>
      <trkpt lat="22.25231" lon="114.14758">
        <ele>123</ele>
        <time>2026-04-16T13:00:17+00:00</time>
      </trkpt>
      <trkpt lat="22.25243" lon="114.14807">
        <ele>119</ele>
        <time>2026-04-16T13:00:20+00:00</time>
      </trkpt>
      <trkpt lat="22.2526" lon="114.1482">
        <ele>114</ele>
        <time>2026-04-16T13:00:23+00:00</time>
      </trkpt>
      <trkpt lat="22.25277" lon="114.1482">
        <ele>115</ele>
        <time>2026-04-16T13:00:26+00:00</time>
      </trkpt>
      <trkpt lat="22.25282" lon="114.14824">
        <ele>116</ele>
        <time>2026-04-16T13:00:29+00:00</time>
      </trkpt>
      <trkpt lat="22.25285" lon="114.14838">
        <ele>113</ele>
        <time>2026-04-16T13:00:32+00:00</time>
      </trkpt>
      <trkpt lat="22.25293" lon="114.14855">
        <ele>116</ele>
        <time>2026-04-16T13:00:35+00:00</time>
      </trkpt>
      <trkpt lat="22.253" lon="114.14863">
        <ele>114</ele>
        <time>2026-04-16T13:00:38+00:00</time>
      </trkpt>
      <trkpt lat="22.2532" lon="114.14878">
        <ele>115</ele>
        <time>2026-04-16T13:00:41+00:00</time>
      </trkpt>
      <trkpt lat="22.2533" lon="114.14884">
        <ele>115</ele>
        <time>2026-04-16T13:00:44+00:00</time>
      </trkpt>
      <trkpt lat="22.25341" lon="114.14887">
        <ele>121</ele>
        <time>2026-04-16T13:00:47+00:00</time>
      </trkpt>
      <trkpt lat="22.25351" lon="114.14894">
        <ele>115</ele>
        <time>2026-04-16T13:00:50+00:00</time>
      </trkpt>
      <trkpt lat="22.25355" lon="114.14904">
        <ele>111</ele>
        <time>2026-04-16T13:00:53+00:00</time>
      </trkpt>
      <trkpt lat="22.25355" lon="114.14914">
        <ele>112</ele>
        <time>2026-04-16T13:00:56+00:00</time>
      </trkpt>
      <trkpt lat="22.25338" lon="114.14934">
        <ele>113</ele>
        <time>2026-04-16T13:00:59+00:00</time>
      </trkpt>
      <trkpt lat="22.25337" lon="114.14947">
        <ele>111</ele>
        <time>2026-04-16T13:01:02+00:00</time>
      </trkpt>
      <trkpt lat="22.25339" lon="114.14958">
        <ele>111</ele>
        <time>2026-04-16T13:01:05+00:00</time>
      </trkpt>
      <trkpt lat="22.25349" lon="114.1498">
        <ele>115</ele>
        <time>2026-04-16T13:01:08+00:00</time>
      </trkpt>
      <trkpt lat="22.25351" lon="114.15001">
        <ele>114</ele>
        <time>2026-04-16T13:01:11+00:00</time>
      </trkpt>
      <trkpt lat="22.25362" lon="114.15019">
        <ele>117</ele>
        <time>2026-04-16T13:01:14+00:00</time>
      </trkpt>
      <trkpt lat="22.25367" lon="114.15043">
        <ele>113</ele>
        <time>2026-04-16T13:01:17+00:00</time>
      </trkpt>
      <trkpt lat="22.2538" lon="114.1506">
        <ele>116</ele>
        <time>2026-04-16T13:01:20+00:00</time>
      </trkpt>
      <trkpt lat="22.25394" lon="114.15077">
        <ele>116</ele>
        <time>2026-04-16T13:01:23+00:00</time>
      </trkpt>
      <trkpt lat="22.25404" lon="114.15082">
        <ele>116</ele>
        <time>2026-04-16T13:01:26+00:00</time>
      </trkpt>
      <trkpt lat="22.25406" lon="114.15093">
        <ele>113</ele>
        <time>2026-04-16T13:01:29+00:00</time>
      </trkpt>
      <trkpt lat="22.25405" lon="114.15113">
        <ele>114</ele>
        <time>2026-04-16T13:01:32+00:00</time>
      </trkpt>
      <trkpt lat="22.25409" lon="114.15135">
        <ele>110</ele>
        <time>2026-04-16T13:01:35+00:00</time>
      </trkpt>
      <trkpt lat="22.25407" lon="114.15168">
        <ele>115</ele>
        <time>2026-04-16T13:01:38+00:00</time>
      </trkpt>
      <trkpt lat="22.25426" lon="114.15195">
        <ele>116</ele>
        <time>2026-04-16T13:01:41+00:00</time>
      </trkpt>
      <trkpt lat="22.25435" lon="114.15203">
        <ele>115</ele>
        <time>2026-04-16T13:01:44+00:00</time>
      </trkpt>
      <trkpt lat="22.2548" lon="114.15225">
        <ele>115</ele>
        <time>2026-04-16T13:01:47+00:00</time>
      </trkpt>
      <trkpt lat="22.25493" lon="114.15227">
        <ele>120</ele>
        <time>2026-04-16T13:01:50+00:00</time>
      </trkpt>
      <trkpt lat="22.25503" lon="114.15232">
        <ele>115</ele>
        <time>2026-04-16T13:01:53+00:00</time>
      </trkpt>
      <trkpt lat="22.25503" lon="114.15234">
        <ele>115</ele>
        <time>2026-04-16T13:01:56+00:00</time>
      </trkpt>
      <trkpt lat="22.25503" lon="114.15233">
        <ele>115</ele>
        <time>2026-04-16T13:01:59+00:00</time>
      </trkpt>
      <trkpt lat="22.25514" lon="114.15256">
        <ele>113</ele>
        <time>2026-04-16T13:02:02+00:00</time>
      </trkpt>
      <trkpt lat="22.25537" lon="114.15282">
        <ele>121</ele>
        <time>2026-04-16T13:02:05+00:00</time>
      </trkpt>
      <trkpt lat="22.25545" lon="114.1529">
        <ele>115</ele>
        <time>2026-04-16T13:02:08+00:00</time>
      </trkpt>
      <trkpt lat="22.25557" lon="114.15296">
        <ele>120</ele>
        <time>2026-04-16T13:02:11+00:00</time>
      </trkpt>
      <trkpt lat="22.2557" lon="114.15308">
        <ele>122</ele>
        <time>2026-04-16T13:02:14+00:00</time>
      </trkpt>
      <trkpt lat="22.25579" lon="114.15322">
        <ele>116</ele>
        <time>2026-04-16T13:02:17+00:00</time>
      </trkpt>
      <trkpt lat="22.25617" lon="114.15349">
        <ele>120</ele>
        <time>2026-04-16T13:02:20+00:00</time>
      </trkpt>
      <trkpt lat="22.25623" lon="114.15356">
        <ele>120</ele>
        <time>2026-04-16T13:02:23+00:00</time>
      </trkpt>
      <trkpt lat="22.25617" lon="114.15349">
        <ele>123</ele>
        <time>2026-04-16T13:02:26+00:00</time>
      </trkpt>
      <trkpt lat="22.25606" lon="114.15341">
        <ele>118</ele>
        <time>2026-04-16T13:02:29+00:00</time>
      </trkpt>
      <trkpt lat="22.25605" lon="114.15341">
        <ele>118</ele>
        <time>2026-04-16T13:02:32+00:00</time>
      </trkpt>
      <trkpt lat="22.25617" lon="114.15349">
        <ele>123</ele>
        <time>2026-04-16T13:02:35+00:00</time>
      </trkpt>
      <trkpt lat="22.25623" lon="114.15356">
        <ele>120</ele>
        <time>2026-04-16T13:02:38+00:00</time>
      </trkpt>
      <trkpt lat="22.25624" lon="114.15366">
        <ele>118</ele>
        <time>2026-04-16T13:02:41+00:00</time>
      </trkpt>
      <trkpt lat="22.2562" lon="114.15375">
        <ele>114</ele>
        <time>2026-04-16T13:02:44+00:00</time>
      </trkpt>
      <trkpt lat="22.25612" lon="114.1538">
        <ele>118</ele>
        <time>2026-04-16T13:02:47+00:00</time>
      </trkpt>
      <trkpt lat="22.25608" lon="114.1538">
        <ele>123</ele>
        <time>2026-04-16T13:02:50+00:00</time>
      </trkpt>
      <trkpt lat="22.25599" lon="114.15377">
        <ele>117</ele>
        <time>2026-04-16T13:02:53+00:00</time>
      </trkpt>
      <trkpt lat="22.25565" lon="114.15357">
        <ele>123</ele>
        <time>2026-04-16T13:02:56+00:00</time>
      </trkpt>
      <trkpt lat="22.2557" lon="114.15373">
        <ele>125</ele>
        <time>2026-04-16T13:02:59+00:00</time>
      </trkpt>
      <trkpt lat="22.25575" lon="114.15379">
        <ele>125</ele>
        <time>2026-04-16T13:03:02+00:00</time>
      </trkpt>
      <trkpt lat="22.25599" lon="114.15385">
        <ele>129</ele>
        <time>2026-04-16T13:03:05+00:00</time>
      </trkpt>
      <trkpt lat="22.25607" lon="114.15394">
        <ele>132</ele>
        <time>2026-04-16T13:03:08+00:00</time>
      </trkpt>
      <trkpt lat="22.25618" lon="114.15416">
        <ele>131</ele>
        <time>2026-04-16T13:03:11+00:00</time>
      </trkpt>
      <trkpt lat="22.25624" lon="114.1542">
        <ele>135</ele>
        <time>2026-04-16T13:03:14+00:00</time>
      </trkpt>
      <trkpt lat="22.25642" lon="114.15423">
        <ele>131</ele>
        <time>2026-04-16T13:03:17+00:00</time>
      </trkpt>
      <trkpt lat="22.25652" lon="114.1543">
        <ele>136</ele>
        <time>2026-04-16T13:03:20+00:00</time>
      </trkpt>
      <trkpt lat="22.25657" lon="114.15427">
        <ele>131</ele>
        <time>2026-04-16T13:03:23+00:00</time>
      </trkpt>
      <trkpt lat="22.25663" lon="114.15419">
        <ele>132</ele>
        <time>2026-04-16T13:03:26+00:00</time>
      </trkpt>
      <trkpt lat="22.2567" lon="114.15418">
        <ele>132</ele>
        <time>2026-04-16T13:03:29+00:00</time>
      </trkpt>
      <trkpt lat="22.25669" lon="114.15418">
        <ele>132</ele>
        <time>2026-04-16T13:03:32+00:00</time>
      </trkpt>
      <trkpt lat="22.25686" lon="114.15426">
        <ele>134</ele>
        <time>2026-04-16T13:03:35+00:00</time>
      </trkpt>
      <trkpt lat="22.25708" lon="114.15442">
        <ele>137</ele>
        <time>2026-04-16T13:03:38+00:00</time>
      </trkpt>
      <trkpt lat="22.25732" lon="114.15465">
        <ele>143</ele>
        <time>2026-04-16T13:03:41+00:00</time>
      </trkpt>
      <trkpt lat="22.25753" lon="114.15478">
        <ele>147</ele>
        <time>2026-04-16T13:03:44+00:00</time>
      </trkpt>
      <trkpt lat="22.25779" lon="114.15506">
        <ele>149</ele>
        <time>2026-04-16T13:03:47+00:00</time>
      </trkpt>
      <trkpt lat="22.25799" lon="114.1552">
        <ele>154</ele>
        <time>2026-04-16T13:03:50+00:00</time>
      </trkpt>
      <trkpt lat="22.25808" lon="114.15524">
        <ele>154</ele>
        <time>2026-04-16T13:03:53+00:00</time>
      </trkpt>
      <trkpt lat="22.25823" lon="114.15525">
        <ele>159</ele>
        <time>2026-04-16T13:03:56+00:00</time>
      </trkpt>
      <trkpt lat="22.25841" lon="114.15523">
        <ele>162</ele>
        <time>2026-04-16T13:03:59+00:00</time>
      </trkpt>
      <trkpt lat="22.25866" lon="114.15515">
        <ele>167</ele>
        <time>2026-04-16T13:04:02+00:00</time>
      </trkpt>
      <trkpt lat="22.25892" lon="114.1552">
        <ele>168</ele>
        <time>2026-04-16T13:04:05+00:00</time>
      </trkpt>
      <trkpt lat="22.25922" lon="114.15518">
        <ele>177</ele>
        <time>2026-04-16T13:04:08+00:00</time>
      </trkpt>
      <trkpt lat="22.25933" lon="114.15514">
        <ele>176</ele>
        <time>2026-04-16T13:04:11+00:00</time>
      </trkpt>
      <trkpt lat="22.25931" lon="114.15511">
        <ele>176</ele>
        <time>2026-04-16T13:04:14+00:00</time>
      </trkpt>
      <trkpt lat="22.2592" lon="114.15507">
        <ele>181</ele>
        <time>2026-04-16T13:04:17+00:00</time>
      </trkpt>
      <trkpt lat="22.25899" lon="114.15504">
        <ele>177</ele>
        <time>2026-04-16T13:04:20+00:00</time>
      </trkpt>
      <trkpt lat="22.25891" lon="114.15497">
        <ele>181</ele>
        <time>2026-04-16T13:04:23+00:00</time>
      </trkpt>
      <trkpt lat="22.25888" lon="114.1549">
        <ele>180</ele>
        <time>2026-04-16T13:04:26+00:00</time>
      </trkpt>
      <trkpt lat="22.25882" lon="114.15447">
        <ele>184</ele>
        <time>2026-04-16T13:04:29+00:00</time>
      </trkpt>
      <trkpt lat="22.25898" lon="114.15474">
        <ele>187</ele>
        <time>2026-04-16T13:04:32+00:00</time>
      </trkpt>
      <trkpt lat="22.25907" lon="114.15482">
        <ele>188</ele>
        <time>2026-04-16T13:04:35+00:00</time>
      </trkpt>
      <trkpt lat="22.25926" lon="114.15483">
        <ele>189</ele>
        <time>2026-04-16T13:04:38+00:00</time>
      </trkpt>
      <trkpt lat="22.25948" lon="114.15476">
        <ele>196</ele>
        <time>2026-04-16T13:04:41+00:00</time>
      </trkpt>
      <trkpt lat="22.2598" lon="114.15477">
        <ele>197</ele>
        <time>2026-04-16T13:04:44+00:00</time>
      </trkpt>
      <trkpt lat="22.26011" lon="114.15466">
        <ele>200</ele>
        <time>2026-04-16T13:04:47+00:00</time>
      </trkpt>
      <trkpt lat="22.26045" lon="114.15455">
        <ele>204</ele>
        <time>2026-04-16T13:04:50+00:00</time>
      </trkpt>
      <trkpt lat="22.26068" lon="114.15436">
        <ele>202</ele>
        <time>2026-04-16T13:04:53+00:00</time>
      </trkpt>
      <trkpt lat="22.26082" lon="114.1544">
        <ele>202</ele>
        <time>2026-04-16T13:04:56+00:00</time>
      </trkpt>
      <trkpt lat="22.26078" lon="114.15466">
        <ele>204</ele>
        <time>2026-04-16T13:04:59+00:00</time>
      </trkpt>
      <trkpt lat="22.26088" lon="114.15506">
        <ele>206</ele>
        <time>2026-04-16T13:05:02+00:00</time>
      </trkpt>
      <trkpt lat="22.2608" lon="114.15525">
        <ele>210</ele>
        <time>2026-04-16T13:05:05+00:00</time>
      </trkpt>
      <trkpt lat="22.26085" lon="114.15531">
        <ele>202</ele>
        <time>2026-04-16T13:05:08+00:00</time>
      </trkpt>
      <trkpt lat="22.2607" lon="114.15544">
        <ele>208</ele>
        <time>2026-04-16T13:05:11+00:00</time>
      </trkpt>
      <trkpt lat="22.26046" lon="114.1555">
        <ele>199</ele>
        <time>2026-04-16T13:05:14+00:00</time>
      </trkpt>
      <trkpt lat="22.26038" lon="114.15572">
        <ele>196</ele>
        <time>2026-04-16T13:05:17+00:00</time>
      </trkpt>
      <trkpt lat="22.26038" lon="114.15585">
        <ele>196</ele>
        <time>2026-04-16T13:05:20+00:00</time>
      </trkpt>
      <trkpt lat="22.26049" lon="114.156">
        <ele>195</ele>
        <time>2026-04-16T13:05:23+00:00</time>
      </trkpt>
      <trkpt lat="22.2604" lon="114.15614">
        <ele>195</ele>
        <time>2026-04-16T13:05:26+00:00</time>
      </trkpt>
      <trkpt lat="22.26037" lon="114.15644">
        <ele>196</ele>
        <time>2026-04-16T13:05:29+00:00</time>
      </trkpt>
      <trkpt lat="22.26055" lon="114.15695">
        <ele>195</ele>
        <time>2026-04-16T13:05:32+00:00</time>
      </trkpt>
      <trkpt lat="22.26053" lon="114.15699">
        <ele>198</ele>
        <time>2026-04-16T13:05:35+00:00</time>
      </trkpt>
      <trkpt lat="22.26039" lon="114.15698">
        <ele>192</ele>
        <time>2026-04-16T13:05:38+00:00</time>
      </trkpt>
      <trkpt lat="22.26011" lon="114.15726">
        <ele>194</ele>
        <time>2026-04-16T13:05:41+00:00</time>
      </trkpt>
      <trkpt lat="22.26007" lon="114.15741">
        <ele>194</ele>
        <time>2026-04-16T13:05:44+00:00</time>
      </trkpt>
      <trkpt lat="22.26009" lon="114.15789">
        <ele>194</ele>
        <time>2026-04-16T13:05:47+00:00</time>
      </trkpt>
      <trkpt lat="22.25996" lon="114.15809">
        <ele>197</ele>
        <time>2026-04-16T13:05:50+00:00</time>
      </trkpt>
      <trkpt lat="22.25991" lon="114.15809">
        <ele>197</ele>
        <time>2026-04-16T13:05:53+00:00</time>
      </trkpt>
      <trkpt lat="22.25987" lon="114.15798">
        <ele>198</ele>
        <time>2026-04-16T13:05:56+00:00</time>
      </trkpt>
      <trkpt lat="22.25968" lon="114.15782">
        <ele>195</ele>
        <time>2026-04-16T13:05:59+00:00</time>
      </trkpt>
      <trkpt lat="22.25962" lon="114.15758">
        <ele>189</ele>
        <time>2026-04-16T13:06:02+00:00</time>
      </trkpt>
      <trkpt lat="22.25935" lon="114.15753">
        <ele>201</ele>
        <time>2026-04-16T13:06:05+00:00</time>
      </trkpt>
      <trkpt lat="22.25921" lon="114.15768">
        <ele>197</ele>
        <time>2026-04-16T13:06:08+00:00</time>
      </trkpt>
      <trkpt lat="22.25899" lon="114.15745">
        <ele>197</ele>
        <time>2026-04-16T13:06:11+00:00</time>
      </trkpt>
      <trkpt lat="22.25901" lon="114.1572">
        <ele>195</ele>
        <time>2026-04-16T13:06:14+00:00</time>
      </trkpt>
      <trkpt lat="22.25887" lon="114.15716">
        <ele>200</ele>
        <time>2026-04-16T13:06:17+00:00</time>
      </trkpt>
      <trkpt lat="22.25856" lon="114.1572">
        <ele>200</ele>
        <time>2026-04-16T13:06:20+00:00</time>
      </trkpt>
      <trkpt lat="22.25843" lon="114.15693">
        <ele>200</ele>
        <time>2026-04-16T13:06:23+00:00</time>
      </trkpt>
      <trkpt lat="22.25814" lon="114.15673">
        <ele>196</ele>
        <time>2026-04-16T13:06:26+00:00</time>
      </trkpt>
      <trkpt lat="22.25802" lon="114.15652">
        <ele>192</ele>
        <time>2026-04-16T13:06:29+00:00</time>
      </trkpt>
      <trkpt lat="22.25782" lon="114.1564">
        <ele>195</ele>
        <time>2026-04-16T13:06:32+00:00</time>
      </trkpt>
      <trkpt lat="22.25771" lon="114.15621">
        <ele>190</ele>
        <time>2026-04-16T13:06:35+00:00</time>
      </trkpt>
      <trkpt lat="22.25757" lon="114.15608">
        <ele>189</ele>
        <time>2026-04-16T13:06:38+00:00</time>
      </trkpt>
      <trkpt lat="22.25731" lon="114.15613">
        <ele>184</ele>
        <time>2026-04-16T13:06:41+00:00</time>
      </trkpt>
      <trkpt lat="22.25729" lon="114.15614">
        <ele>181</ele>
        <time>2026-04-16T13:06:44+00:00</time>
      </trkpt>
      <trkpt lat="22.25706" lon="114.15638">
        <ele>190</ele>
        <time>2026-04-16T13:06:47+00:00</time>
      </trkpt>
      <trkpt lat="22.2568" lon="114.15665">
        <ele>196</ele>
        <time>2026-04-16T13:06:50+00:00</time>
      </trkpt>
      <trkpt lat="22.25646" lon="114.15661">
        <ele>195</ele>
        <time>2026-04-16T13:06:53+00:00</time>
      </trkpt>
      <trkpt lat="22.25642" lon="114.1564">
        <ele>188</ele>
        <time>2026-04-16T13:06:56+00:00</time>
      </trkpt>
      <trkpt lat="22.25626" lon="114.15627">
        <ele>194</ele>
        <time>2026-04-16T13:06:59+00:00</time>
      </trkpt>
      <trkpt lat="22.25621" lon="114.15583">
        <ele>191</ele>
        <time>2026-04-16T13:07:02+00:00</time>
      </trkpt>
      <trkpt lat="22.25606" lon="114.15562">
        <ele>181</ele>
        <time>2026-04-16T13:07:05+00:00</time>
      </trkpt>
      <trkpt lat="22.25587" lon="114.15553">
        <ele>189</ele>
        <time>2026-04-16T13:07:08+00:00</time>
      </trkpt>
      <trkpt lat="22.25577" lon="114.15538">
        <ele>193</ele>
        <time>2026-04-16T13:07:11+00:00</time>
      </trkpt>
      <trkpt lat="22.25581" lon="114.15503">
        <ele>189</ele>
        <time>2026-04-16T13:07:14+00:00</time>
      </trkpt>
      <trkpt lat="22.25565" lon="114.15485">
        <ele>183</ele>
        <time>2026-04-16T13:07:17+00:00</time>
      </trkpt>
      <trkpt lat="22.25537" lon="114.15484">
        <ele>179</ele>
        <time>2026-04-16T13:07:20+00:00</time>
      </trkpt>
      <trkpt lat="22.25528" lon="114.15471">
        <ele>188</ele>
        <time>2026-04-16T13:07:23+00:00</time>
      </trkpt>
      <trkpt lat="22.25526" lon="114.15463">
        <ele>182</ele>
        <time>2026-04-16T13:07:26+00:00</time>
      </trkpt>
      <trkpt lat="22.25525" lon="114.15463">
        <ele>182</ele>
        <time>2026-04-16T13:07:29+00:00</time>
      </trkpt>
      <trkpt lat="22.25522" lon="114.15448">
        <ele>179</ele>
        <time>2026-04-16T13:07:32+00:00</time>
      </trkpt>
      <trkpt lat="22.25507" lon="114.1544">
        <ele>176</ele>
        <time>2026-04-16T13:07:35+00:00</time>
      </trkpt>
      <trkpt lat="22.25482" lon="114.15446">
        <ele>179</ele>
        <time>2026-04-16T13:07:38+00:00</time>
      </trkpt>
      <trkpt lat="22.25455" lon="114.15453">
        <ele>175</ele>
        <time>2026-04-16T13:07:41+00:00</time>
      </trkpt>
      <trkpt lat="22.25424" lon="114.15505">
        <ele>172</ele>
        <time>2026-04-16T13:07:44+00:00</time>
      </trkpt>
      <trkpt lat="22.25396" lon="114.15524">
        <ele>171</ele>
        <time>2026-04-16T13:07:47+00:00</time>
      </trkpt>
      <trkpt lat="22.25362" lon="114.15542">
        <ele>172</ele>
        <time>2026-04-16T13:07:50+00:00</time>
      </trkpt>
      <trkpt lat="22.2536" lon="114.15549">
        <ele>170</ele>
        <time>2026-04-16T13:07:53+00:00</time>
      </trkpt>
      <trkpt lat="22.2536" lon="114.15557">
        <ele>168</ele>
        <time>2026-04-16T13:07:56+00:00</time>
      </trkpt>
      <trkpt lat="22.25382" lon="114.15578">
        <ele>166</ele>
        <time>2026-04-16T13:07:59+00:00</time>
      </trkpt>
      <trkpt lat="22.25389" lon="114.15602">
        <ele>167</ele>
        <time>2026-04-16T13:08:02+00:00</time>
      </trkpt>
      <trkpt lat="22.2538" lon="114.15628">
        <ele>164</ele>
        <time>2026-04-16T13:08:05+00:00</time>
      </trkpt>
      <trkpt lat="22.25364" lon="114.15642">
        <ele>163</ele>
        <time>2026-04-16T13:08:08+00:00</time>
      </trkpt>
      <trkpt lat="22.25361" lon="114.15664">
        <ele>165</ele>
        <time>2026-04-16T13:08:11+00:00</time>
      </trkpt>
      <trkpt lat="22.25369" lon="114.15674">
        <ele>161</ele>
        <time>2026-04-16T13:08:14+00:00</time>
      </trkpt>
      <trkpt lat="22.25414" lon="114.15665">
        <ele>167</ele>
        <time>2026-04-16T13:08:17+00:00</time>
      </trkpt>
      <trkpt lat="22.25445" lon="114.15652">
        <ele>167</ele>
        <time>2026-04-16T13:08:20+00:00</time>
      </trkpt>
      <trkpt lat="22.25461" lon="114.15658">
        <ele>170</ele>
        <time>2026-04-16T13:08:23+00:00</time>
      </trkpt>
      <trkpt lat="22.25469" lon="114.15669">
        <ele>167</ele>
        <time>2026-04-16T13:08:26+00:00</time>
      </trkpt>
      <trkpt lat="22.2548" lon="114.1572">
        <ele>167</ele>
        <time>2026-04-16T13:08:29+00:00</time>
      </trkpt>
      <trkpt lat="22.2548" lon="114.15719">
        <ele>169</ele>
        <time>2026-04-16T13:08:32+00:00</time>
      </trkpt>
      <trkpt lat="22.25485" lon="114.15752">
        <ele>163</ele>
        <time>2026-04-16T13:08:35+00:00</time>
      </trkpt>
      <trkpt lat="22.2549" lon="114.15787">
        <ele>163</ele>
        <time>2026-04-16T13:08:38+00:00</time>
      </trkpt>
      <trkpt lat="22.25495" lon="114.15792">
        <ele>161</ele>
        <time>2026-04-16T13:08:41+00:00</time>
      </trkpt>
      <trkpt lat="22.25514" lon="114.15787">
        <ele>170</ele>
        <time>2026-04-16T13:08:44+00:00</time>
      </trkpt>
      <trkpt lat="22.25529" lon="114.15777">
        <ele>173</ele>
        <time>2026-04-16T13:08:47+00:00</time>
      </trkpt>
      <trkpt lat="22.25543" lon="114.15799">
        <ele>172</ele>
        <time>2026-04-16T13:08:50+00:00</time>
      </trkpt>
      <trkpt lat="22.25572" lon="114.15835">
        <ele>176</ele>
        <time>2026-04-16T13:08:53+00:00</time>
      </trkpt>
      <trkpt lat="22.25596" lon="114.15835">
        <ele>182</ele>
        <time>2026-04-16T13:08:56+00:00</time>
      </trkpt>
      <trkpt lat="22.25608" lon="114.15845">
        <ele>176</ele>
        <time>2026-04-16T13:08:59+00:00</time>
      </trkpt>
      <trkpt lat="22.25612" lon="114.15862">
        <ele>173</ele>
        <time>2026-04-16T13:09:02+00:00</time>
      </trkpt>
      <trkpt lat="22.25644" lon="114.15893">
        <ele>179</ele>
        <time>2026-04-16T13:09:05+00:00</time>
      </trkpt>
      <trkpt lat="22.25666" lon="114.15899">
        <ele>188</ele>
        <time>2026-04-16T13:09:08+00:00</time>
      </trkpt>
      <trkpt lat="22.25686" lon="114.15917">
        <ele>183</ele>
        <time>2026-04-16T13:09:11+00:00</time>
      </trkpt>
      <trkpt lat="22.25689" lon="114.15936">
        <ele>175</ele>
        <time>2026-04-16T13:09:14+00:00</time>
      </trkpt>
      <trkpt lat="22.25714" lon="114.15952">
        <ele>182</ele>
        <time>2026-04-16T13:09:17+00:00</time>
      </trkpt>
      <trkpt lat="22.25742" lon="114.1596">
        <ele>185</ele>
        <time>2026-04-16T13:09:20+00:00</time>
      </trkpt>
      <trkpt lat="22.25753" lon="114.15948">
        <ele>191</ele>
        <time>2026-04-16T13:09:23+00:00</time>
      </trkpt>
      <trkpt lat="22.25766" lon="114.15941">
        <ele>185</ele>
        <time>2026-04-16T13:09:26+00:00</time>
      </trkpt>
      <trkpt lat="22.25783" lon="114.15951">
        <ele>184</ele>
        <time>2026-04-16T13:09:29+00:00</time>
      </trkpt>
      <trkpt lat="22.25794" lon="114.15965">
        <ele>185</ele>
        <time>2026-04-16T13:09:32+00:00</time>
      </trkpt>
      <trkpt lat="22.25813" lon="114.15974">
        <ele>187</ele>
        <time>2026-04-16T13:09:35+00:00</time>
      </trkpt>
      <trkpt lat="22.25824" lon="114.15967">
        <ele>189</ele>
        <time>2026-04-16T13:09:38+00:00</time>
      </trkpt>
      <trkpt lat="22.25836" lon="114.15956">
        <ele>190</ele>
        <time>2026-04-16T13:09:41+00:00</time>
      </trkpt>
      <trkpt lat="22.2584" lon="114.15936">
        <ele>191</ele>
        <time>2026-04-16T13:09:44+00:00</time>
      </trkpt>
      <trkpt lat="22.25855" lon="114.15936">
        <ele>193</ele>
        <time>2026-04-16T13:09:47+00:00</time>
      </trkpt>
      <trkpt lat="22.25872" lon="114.1592">
        <ele>192</ele>
        <time>2026-04-16T13:09:50+00:00</time>
      </trkpt>
      <trkpt lat="22.25889" lon="114.15937">
        <ele>191</ele>
        <time>2026-04-16T13:09:53+00:00</time>
      </trkpt>
      <trkpt lat="22.2592" lon="114.1594">
        <ele>191</ele>
        <time>2026-04-16T13:09:56+00:00</time>
      </trkpt>
      <trkpt lat="22.25953" lon="114.15981">
        <ele>191</ele>
        <time>2026-04-16T13:09:59+00:00</time>
      </trkpt>
      <trkpt lat="22.25961" lon="114.15981">
        <ele>190</ele>
        <time>2026-04-16T13:10:02+00:00</time>
      </trkpt>
      <trkpt lat="22.2597" lon="114.15967">
        <ele>194</ele>
        <time>2026-04-16T13:10:05+00:00</time>
      </trkpt>
      <trkpt lat="22.25981" lon="114.15957">
        <ele>191</ele>
        <time>2026-04-16T13:10:08+00:00</time>
      </trkpt>
      <trkpt lat="22.2602" lon="114.1596">
        <ele>191</ele>
        <time>2026-04-16T13:10:11+00:00</time>
      </trkpt>
      <trkpt lat="22.26022" lon="114.15958">
        <ele>198</ele>
        <time>2026-04-16T13:10:14+00:00</time>
      </trkpt>
      <trkpt lat="22.26027" lon="114.15957">
        <ele>198</ele>
        <time>2026-04-16T13:10:17+00:00</time>
      </trkpt>
      <trkpt lat="22.26054" lon="114.15932">
        <ele>197</ele>
        <time>2026-04-16T13:10:20+00:00</time>
      </trkpt>
      <trkpt lat="22.26086" lon="114.15931">
        <ele>197</ele>
        <time>2026-04-16T13:10:23+00:00</time>
      </trkpt>
      <trkpt lat="22.26122" lon="114.1593">
        <ele>199</ele>
        <time>2026-04-16T13:10:26+00:00</time>
      </trkpt>
      <trkpt lat="22.26165" lon="114.15916">
        <ele>196</ele>
        <time>2026-04-16T13:10:29+00:00</time>
      </trkpt>
      <trkpt lat="22.26171" lon="114.15919">
        <ele>202</ele>
        <time>2026-04-16T13:10:32+00:00</time>
      </trkpt>
      <trkpt lat="22.26174" lon="114.15944">
        <ele>198</ele>
        <time>2026-04-16T13:10:35+00:00</time>
      </trkpt>
      <trkpt lat="22.26182" lon="114.15954">
        <ele>197</ele>
        <time>2026-04-16T13:10:38+00:00</time>
      </trkpt>
      <trkpt lat="22.26218" lon="114.15956">
        <ele>198</ele>
        <time>2026-04-16T13:10:41+00:00</time>
      </trkpt>
      <trkpt lat="22.26286" lon="114.1596">
        <ele>196</ele>
        <time>2026-04-16T13:10:44+00:00</time>
      </trkpt>
      <trkpt lat="22.26296" lon="114.15989">
        <ele>201</ele>
        <time>2026-04-16T13:10:47+00:00</time>
      </trkpt>
      <trkpt lat="22.26314" lon="114.15989">
        <ele>205</ele>
        <time>2026-04-16T13:10:50+00:00</time>
      </trkpt>
      <trkpt lat="22.26331" lon="114.15982">
        <ele>200</ele>
        <time>2026-04-16T13:10:53+00:00</time>
      </trkpt>
      <trkpt lat="22.2634" lon="114.15985">
        <ele>205</ele>
        <time>2026-04-16T13:10:56+00:00</time>
      </trkpt>
      <trkpt lat="22.26341" lon="114.15996">
        <ele>202</ele>
        <time>2026-04-16T13:10:59+00:00</time>
      </trkpt>
      <trkpt lat="22.26334" lon="114.16017">
        <ele>200</ele>
        <time>2026-04-16T13:11:02+00:00</time>
      </trkpt>
      <trkpt lat="22.2631" lon="114.16027">
        <ele>190</ele>
        <time>2026-04-16T13:11:05+00:00</time>
      </trkpt>
      <trkpt lat="22.263" lon="114.16035">
        <ele>196</ele>
        <time>2026-04-16T13:11:08+00:00</time>
      </trkpt>
      <trkpt lat="22.26258" lon="114.16042">
        <ele>192</ele>
        <time>2026-04-16T13:11:11+00:00</time>
      </trkpt>
      <trkpt lat="22.26241" lon="114.16055">
        <ele>192</ele>
        <time>2026-04-16T13:11:14+00:00</time>
      </trkpt>
      <trkpt lat="22.2622" lon="114.16077">
        <ele>191</ele>
        <time>2026-04-16T13:11:17+00:00</time>
      </trkpt>
      <trkpt lat="22.26214" lon="114.16141">
        <ele>191</ele>
        <time>2026-04-16T13:11:20+00:00</time>
      </trkpt>
      <trkpt lat="22.26223" lon="114.16145">
        <ele>197</ele>
        <time>2026-04-16T13:11:23+00:00</time>
      </trkpt>
      <trkpt lat="22.26229" lon="114.16145">
        <ele>197</ele>
        <time>2026-04-16T13:11:26+00:00</time>
      </trkpt>
      <trkpt lat="22.26227" lon="114.16166">
        <ele>193</ele>
        <time>2026-04-16T13:11:29+00:00</time>
      </trkpt>
      <trkpt lat="22.26214" lon="114.16187">
        <ele>195</ele>
        <time>2026-04-16T13:11:32+00:00</time>
      </trkpt>
      <trkpt lat="22.26188" lon="114.16185">
        <ele>196</ele>
        <time>2026-04-16T13:11:35+00:00</time>
      </trkpt>
      <trkpt lat="22.26162" lon="114.16171">
        <ele>195</ele>
        <time>2026-04-16T13:11:38+00:00</time>
      </trkpt>
      <trkpt lat="22.26161" lon="114.16151">
        <ele>198</ele>
        <time>2026-04-16T13:11:41+00:00</time>
      </trkpt>
      <trkpt lat="22.26153" lon="114.16142">
        <ele>195</ele>
        <time>2026-04-16T13:11:44+00:00</time>
      </trkpt>
      <trkpt lat="22.2613" lon="114.16144">
        <ele>193</ele>
        <time>2026-04-16T13:11:47+00:00</time>
      </trkpt>
      <trkpt lat="22.26108" lon="114.16154">
        <ele>189</ele>
        <time>2026-04-16T13:11:50+00:00</time>
      </trkpt>
      <trkpt lat="22.261" lon="114.16168">
        <ele>191</ele>
        <time>2026-04-16T13:11:53+00:00</time>
      </trkpt>
      <trkpt lat="22.26078" lon="114.16163">
        <ele>187</ele>
        <time>2026-04-16T13:11:56+00:00</time>
      </trkpt>
      <trkpt lat="22.26068" lon="114.16168">
        <ele>183</ele>
        <time>2026-04-16T13:11:59+00:00</time>
      </trkpt>
      <trkpt lat="22.26056" lon="114.16185">
        <ele>187</ele>
        <time>2026-04-16T13:12:02+00:00</time>
      </trkpt>
      <trkpt lat="22.2605" lon="114.16219">
        <ele>188</ele>
        <time>2026-04-16T13:12:05+00:00</time>
      </trkpt>
      <trkpt lat="22.26051" lon="114.16233">
        <ele>188</ele>
        <time>2026-04-16T13:12:08+00:00</time>
      </trkpt>
      <trkpt lat="22.26091" lon="114.16227">
        <ele>196</ele>
        <time>2026-04-16T13:12:11+00:00</time>
      </trkpt>
      <trkpt lat="22.261" lon="114.16235">
        <ele>193</ele>
        <time>2026-04-16T13:12:14+00:00</time>
      </trkpt>
      <trkpt lat="22.26099" lon="114.16247">
        <ele>190</ele>
        <time>2026-04-16T13:12:17+00:00</time>
      </trkpt>
      <trkpt lat="22.26127" lon="114.16257">
        <ele>191</ele>
        <time>2026-04-16T13:12:20+00:00</time>
      </trkpt>
      <trkpt lat="22.26141" lon="114.16294">
        <ele>190</ele>
        <time>2026-04-16T13:12:23+00:00</time>
      </trkpt>
      <trkpt lat="22.26151" lon="114.16307">
        <ele>188</ele>
        <time>2026-04-16T13:12:26+00:00</time>
      </trkpt>
      <trkpt lat="22.26173" lon="114.16309">
        <ele>189</ele>
        <time>2026-04-16T13:12:29+00:00</time>
      </trkpt>
      <trkpt lat="22.26182" lon="114.16299">
        <ele>191</ele>
        <time>2026-04-16T13:12:32+00:00</time>
      </trkpt>
      <trkpt lat="22.26196" lon="114.16297">
        <ele>189</ele>
        <time>2026-04-16T13:12:35+00:00</time>
      </trkpt>
      <trkpt lat="22.26206" lon="114.16302">
        <ele>184</ele>
        <time>2026-04-16T13:12:38+00:00</time>
      </trkpt>
      <trkpt lat="22.26195" lon="114.16339">
        <ele>177</ele>
        <time>2026-04-16T13:12:41+00:00</time>
      </trkpt>
      <trkpt lat="22.2618" lon="114.16351">
        <ele>173</ele>
        <time>2026-04-16T13:12:44+00:00</time>
      </trkpt>
      <trkpt lat="22.26178" lon="114.16361">
        <ele>177</ele>
        <time>2026-04-16T13:12:47+00:00</time>
      </trkpt>
      <trkpt lat="22.26199" lon="114.16378">
        <ele>177</ele>
        <time>2026-04-16T13:12:50+00:00</time>
      </trkpt>
      <trkpt lat="22.26222" lon="114.16365">
        <ele>176</ele>
        <time>2026-04-16T13:12:53+00:00</time>
      </trkpt>
      <trkpt lat="22.26237" lon="114.16366">
        <ele>180</ele>
        <time>2026-04-16T13:12:56+00:00</time>
      </trkpt>
      <trkpt lat="22.26249" lon="114.16394">
        <ele>175</ele>
        <time>2026-04-16T13:12:59+00:00</time>
      </trkpt>
      <trkpt lat="22.26286" lon="114.1642">
        <ele>175</ele>
        <time>2026-04-16T13:13:02+00:00</time>
      </trkpt>
      <trkpt lat="22.2629" lon="114.16426">
        <ele>180</ele>
        <time>2026-04-16T13:13:05+00:00</time>
      </trkpt>
      <trkpt lat="22.26291" lon="114.16446">
        <ele>175</ele>
        <time>2026-04-16T13:13:08+00:00</time>
      </trkpt>
      <trkpt lat="22.26282" lon="114.16472">
        <ele>175</ele>
        <time>2026-04-16T13:13:11+00:00</time>
      </trkpt>
      <trkpt lat="22.26283" lon="114.16473">
        <ele>174</ele>
        <time>2026-04-16T13:13:14+00:00</time>
      </trkpt>
      <trkpt lat="22.26282" lon="114.16473">
        <ele>174</ele>
        <time>2026-04-16T13:13:17+00:00</time>
      </trkpt>
      <trkpt lat="22.26305" lon="114.16501">
        <ele>175</ele>
        <time>2026-04-16T13:13:20+00:00</time>
      </trkpt>
      <trkpt lat="22.26341" lon="114.16513">
        <ele>174</ele>
        <time>2026-04-16T13:13:23+00:00</time>
      </trkpt>
      <trkpt lat="22.26359" lon="114.16546">
        <ele>174</ele>
        <time>2026-04-16T13:13:26+00:00</time>
      </trkpt>
      <trkpt lat="22.26356" lon="114.16562">
        <ele>171</ele>
        <time>2026-04-16T13:13:29+00:00</time>
      </trkpt>
      <trkpt lat="22.26362" lon="114.16568">
        <ele>177</ele>
        <time>2026-04-16T13:13:32+00:00</time>
      </trkpt>
      <trkpt lat="22.26391" lon="114.16575">
        <ele>188</ele>
        <time>2026-04-16T13:13:35+00:00</time>
      </trkpt>
      <trkpt lat="22.26396" lon="114.16591">
        <ele>180</ele>
        <time>2026-04-16T13:13:38+00:00</time>
      </trkpt>
      <trkpt lat="22.26431" lon="114.1658">
        <ele>188</ele>
        <time>2026-04-16T13:13:41+00:00</time>
      </trkpt>
      <trkpt lat="22.26449" lon="114.16605">
        <ele>186</ele>
        <time>2026-04-16T13:13:44+00:00</time>
      </trkpt>
      <trkpt lat="22.26465" lon="114.16597">
        <ele>189</ele>
        <time>2026-04-16T13:13:47+00:00</time>
      </trkpt>
      <trkpt lat="22.26463" lon="114.16605">
        <ele>183</ele>
        <time>2026-04-16T13:13:50+00:00</time>
      </trkpt>
      <trkpt lat="22.26465" lon="114.16604">
        <ele>183</ele>
        <time>2026-04-16T13:13:53+00:00</time>
      </trkpt>
      <trkpt lat="22.26474" lon="114.16608">
        <ele>178</ele>
        <time>2026-04-16T13:13:56+00:00</time>
      </trkpt>
      <trkpt lat="22.26478" lon="114.16613">
        <ele>175</ele>
        <time>2026-04-16T13:13:59+00:00</time>
      </trkpt>
      <trkpt lat="22.26479" lon="114.16623">
        <ele>184</ele>
        <time>2026-04-16T13:14:02+00:00</time>
      </trkpt>
      <trkpt lat="22.26484" lon="114.16646">
        <ele>182</ele>
        <time>2026-04-16T13:14:05+00:00</time>
      </trkpt>
      <trkpt lat="22.26492" lon="114.16659">
        <ele>183</ele>
        <time>2026-04-16T13:14:08+00:00</time>
      </trkpt>
      <trkpt lat="22.2649" lon="114.16678">
        <ele>177</ele>
        <time>2026-04-16T13:14:11+00:00</time>
      </trkpt>
      <trkpt lat="22.2648" lon="114.16703">
        <ele>182</ele>
        <time>2026-04-16T13:14:14+00:00</time>
      </trkpt>
      <trkpt lat="22.26481" lon="114.16718">
        <ele>182</ele>
        <time>2026-04-16T13:14:17+00:00</time>
      </trkpt>
      <trkpt lat="22.26501" lon="114.16733">
        <ele>182</ele>
        <time>2026-04-16T13:14:20+00:00</time>
      </trkpt>
      <trkpt lat="22.26512" lon="114.16736">
        <ele>189</ele>
        <time>2026-04-16T13:14:23+00:00</time>
      </trkpt>
      <trkpt lat="22.26507" lon="114.16749">
        <ele>183</ele>
        <time>2026-04-16T13:14:26+00:00</time>
      </trkpt>
      <trkpt lat="22.26517" lon="114.16766">
        <ele>182</ele>
        <time>2026-04-16T13:14:29+00:00</time>
      </trkpt>
      <trkpt lat="22.26516" lon="114.16766">
        <ele>184</ele>
        <time>2026-04-16T13:14:32+00:00</time>
      </trkpt>
      <trkpt lat="22.26535" lon="114.16788">
        <ele>183</ele>
        <time>2026-04-16T13:14:35+00:00</time>
      </trkpt>
      <trkpt lat="22.2654" lon="114.16804">
        <ele>182</ele>
        <time>2026-04-16T13:14:38+00:00</time>
      </trkpt>
      <trkpt lat="22.26564" lon="114.16841">
        <ele>186</ele>
        <time>2026-04-16T13:14:41+00:00</time>
      </trkpt>
      <trkpt lat="22.26579" lon="114.16847">
        <ele>192</ele>
        <time>2026-04-16T13:14:44+00:00</time>
      </trkpt>
      <trkpt lat="22.26587" lon="114.16867">
        <ele>185</ele>
        <time>2026-04-16T13:14:47+00:00</time>
      </trkpt>
      <trkpt lat="22.26586" lon="114.16874">
        <ele>189</ele>
        <time>2026-04-16T13:14:50+00:00</time>
      </trkpt>
      <trkpt lat="22.26568" lon="114.16869">
        <ele>186</ele>
        <time>2026-04-16T13:14:53+00:00</time>
      </trkpt>
      <trkpt lat="22.26554" lon="114.1686">
        <ele>189</ele>
        <time>2026-04-16T13:14:56+00:00</time>
      </trkpt>
      <trkpt lat="22.26537" lon="114.16844">
        <ele>184</ele>
        <time>2026-04-16T13:14:59+00:00</time>
      </trkpt>
      <trkpt lat="22.26537" lon="114.16843">
        <ele>188</ele>
        <time>2026-04-16T13:15:02+00:00</time>
      </trkpt>
      <trkpt lat="22.26519" lon="114.16827">
        <ele>178</ele>
        <time>2026-04-16T13:15:05+00:00</time>
      </trkpt>
      <trkpt lat="22.26504" lon="114.16827">
        <ele>185</ele>
        <time>2026-04-16T13:15:08+00:00</time>
      </trkpt>
      <trkpt lat="22.26458" lon="114.16833">
        <ele>184</ele>
        <time>2026-04-16T13:15:11+00:00</time>
      </trkpt>
      <trkpt lat="22.26457" lon="114.16805">
        <ele>183</ele>
        <time>2026-04-16T13:15:14+00:00</time>
      </trkpt>
      <trkpt lat="22.2645" lon="114.16792">
        <ele>186</ele>
        <time>2026-04-16T13:15:17+00:00</time>
      </trkpt>
      <trkpt lat="22.26437" lon="114.16777">
        <ele>180</ele>
        <time>2026-04-16T13:15:20+00:00</time>
      </trkpt>
      <trkpt lat="22.26434" lon="114.16775">
        <ele>180</ele>
        <time>2026-04-16T13:15:23+00:00</time>
      </trkpt>
      <trkpt lat="22.26424" lon="114.16771">
        <ele>183</ele>
        <time>2026-04-16T13:15:26+00:00</time>
      </trkpt>
      <trkpt lat="22.26398" lon="114.16749">
        <ele>177</ele>
        <time>2026-04-16T13:15:29+00:00</time>
      </trkpt>
      <trkpt lat="22.26355" lon="114.16715">
        <ele>175</ele>
        <time>2026-04-16T13:15:32+00:00</time>
      </trkpt>
      <trkpt lat="22.26335" lon="114.16702">
        <ele>174</ele>
        <time>2026-04-16T13:15:35+00:00</time>
      </trkpt>
      <trkpt lat="22.26304" lon="114.16696">
        <ele>171</ele>
        <time>2026-04-16T13:15:38+00:00</time>
      </trkpt>
      <trkpt lat="22.26285" lon="114.16698">
        <ele>168</ele>
        <time>2026-04-16T13:15:41+00:00</time>
      </trkpt>
      <trkpt lat="22.2627" lon="114.16694">
        <ele>170</ele>
        <time>2026-04-16T13:15:44+00:00</time>
      </trkpt>
      <trkpt lat="22.26256" lon="114.16702">
        <ele>170</ele>
        <time>2026-04-16T13:15:47+00:00</time>
      </trkpt>
      <trkpt lat="22.26249" lon="114.16748">
        <ele>169</ele>
        <time>2026-04-16T13:15:50+00:00</time>
      </trkpt>
      <trkpt lat="22.26227" lon="114.16728">
        <ele>169</ele>
        <time>2026-04-16T13:15:53+00:00</time>
      </trkpt>
      <trkpt lat="22.26205" lon="114.1673">
        <ele>169</ele>
        <time>2026-04-16T13:15:56+00:00</time>
      </trkpt>
      <trkpt lat="22.2618" lon="114.16747">
        <ele>169</ele>
        <time>2026-04-16T13:15:59+00:00</time>
      </trkpt>
      <trkpt lat="22.26168" lon="114.16739">
        <ele>165</ele>
        <time>2026-04-16T13:16:02+00:00</time>
      </trkpt>
      <trkpt lat="22.26157" lon="114.16729">
        <ele>167</ele>
        <time>2026-04-16T13:16:05+00:00</time>
      </trkpt>
      <trkpt lat="22.26144" lon="114.16707">
        <ele>163</ele>
        <time>2026-04-16T13:16:08+00:00</time>
      </trkpt>
      <trkpt lat="22.2614" lon="114.1669">
        <ele>162</ele>
        <time>2026-04-16T13:16:11+00:00</time>
      </trkpt>
      <trkpt lat="22.2613" lon="114.1667">
        <ele>161</ele>
        <time>2026-04-16T13:16:14+00:00</time>
      </trkpt>
      <trkpt lat="22.2613" lon="114.16669">
        <ele>158</ele>
        <time>2026-04-16T13:16:17+00:00</time>
      </trkpt>
      <trkpt lat="22.26113" lon="114.16638">
        <ele>154</ele>
        <time>2026-04-16T13:16:20+00:00</time>
      </trkpt>
      <trkpt lat="22.26101" lon="114.16635">
        <ele>156</ele>
        <time>2026-04-16T13:16:23+00:00</time>
      </trkpt>
      <trkpt lat="22.2607" lon="114.16667">
        <ele>154</ele>
        <time>2026-04-16T13:16:26+00:00</time>
      </trkpt>
      <trkpt lat="22.26067" lon="114.16687">
        <ele>151</ele>
        <time>2026-04-16T13:16:29+00:00</time>
      </trkpt>
      <trkpt lat="22.2605" lon="114.1671">
        <ele>152</ele>
        <time>2026-04-16T13:16:32+00:00</time>
      </trkpt>
      <trkpt lat="22.26035" lon="114.16712">
        <ele>157</ele>
        <time>2026-04-16T13:16:35+00:00</time>
      </trkpt>
      <trkpt lat="22.26016" lon="114.16709">
        <ele>154</ele>
        <time>2026-04-16T13:16:38+00:00</time>
      </trkpt>
      <trkpt lat="22.25997" lon="114.16721">
        <ele>152</ele>
        <time>2026-04-16T13:16:41+00:00</time>
      </trkpt>
      <trkpt lat="22.2599" lon="114.1674">
        <ele>156</ele>
        <time>2026-04-16T13:16:44+00:00</time>
      </trkpt>
      <trkpt lat="22.26001" lon="114.16781">
        <ele>157</ele>
        <time>2026-04-16T13:16:47+00:00</time>
      </trkpt>
      <trkpt lat="22.25998" lon="114.16787">
        <ele>155</ele>
        <time>2026-04-16T13:16:50+00:00</time>
      </trkpt>
      <trkpt lat="22.25992" lon="114.1679">
        <ele>159</ele>
        <time>2026-04-16T13:16:53+00:00</time>
      </trkpt>
      <trkpt lat="22.25967" lon="114.16783">
        <ele>154</ele>
        <time>2026-04-16T13:16:56+00:00</time>
      </trkpt>
      <trkpt lat="22.25953" lon="114.16783">
        <ele>158</ele>
        <time>2026-04-16T13:16:59+00:00</time>
      </trkpt>
      <trkpt lat="22.25927" lon="114.16807">
        <ele>154</ele>
        <time>2026-04-16T13:17:02+00:00</time>
      </trkpt>
      <trkpt lat="22.25879" lon="114.16802">
        <ele>154</ele>
        <time>2026-04-16T13:17:05+00:00</time>
      </trkpt>
      <trkpt lat="22.2586" lon="114.16797">
        <ele>147</ele>
        <time>2026-04-16T13:17:08+00:00</time>
      </trkpt>
      <trkpt lat="22.25849" lon="114.16809">
        <ele>151</ele>
        <time>2026-04-16T13:17:11+00:00</time>
      </trkpt>
      <trkpt lat="22.25831" lon="114.16846">
        <ele>148</ele>
        <time>2026-04-16T13:17:14+00:00</time>
      </trkpt>
      <trkpt lat="22.25839" lon="114.1688">
        <ele>148</ele>
        <time>2026-04-16T13:17:17+00:00</time>
      </trkpt>
      <trkpt lat="22.2584" lon="114.16906">
        <ele>154</ele>
        <time>2026-04-16T13:17:20+00:00</time>
      </trkpt>
      <trkpt lat="22.25822" lon="114.1689">
        <ele>148</ele>
        <time>2026-04-16T13:17:23+00:00</time>
      </trkpt>
      <trkpt lat="22.25801" lon="114.16871">
        <ele>145</ele>
        <time>2026-04-16T13:17:26+00:00</time>
      </trkpt>
      <trkpt lat="22.25769" lon="114.16846">
        <ele>143</ele>
        <time>2026-04-16T13:17:29+00:00</time>
      </trkpt>
      <trkpt lat="22.25771" lon="114.16825">
        <ele>138</ele>
        <time>2026-04-16T13:17:32+00:00</time>
      </trkpt>
      <trkpt lat="22.25766" lon="114.168">
        <ele>134</ele>
        <time>2026-04-16T13:17:35+00:00</time>
      </trkpt>
      <trkpt lat="22.25756" lon="114.16791">
        <ele>130</ele>
        <time>2026-04-16T13:17:38+00:00</time>
      </trkpt>
      <trkpt lat="22.25733" lon="114.16788">
        <ele>133</ele>
        <time>2026-04-16T13:17:41+00:00</time>
      </trkpt>
      <trkpt lat="22.25699" lon="114.16801">
        <ele>132</ele>
        <time>2026-04-16T13:17:44+00:00</time>
      </trkpt>
      <trkpt lat="22.25686" lon="114.16807">
        <ele>132</ele>
        <time>2026-04-16T13:17:47+00:00</time>
      </trkpt>
      <trkpt lat="22.25665" lon="114.16809">
        <ele>131</ele>
        <time>2026-04-16T13:17:50+00:00</time>
      </trkpt>
      <trkpt lat="22.25652" lon="114.16813">
        <ele>131</ele>
        <time>2026-04-16T13:17:53+00:00</time>
      </trkpt>
      <trkpt lat="22.25632" lon="114.16812">
        <ele>134</ele>
        <time>2026-04-16T13:17:56+00:00</time>
      </trkpt>
      <trkpt lat="22.25638" lon="114.16781">
        <ele>138</ele>
        <time>2026-04-16T13:17:59+00:00</time>
      </trkpt>
      <trkpt lat="22.25648" lon="114.16763">
        <ele>138</ele>
        <time>2026-04-16T13:18:02+00:00</time>
      </trkpt>
      <trkpt lat="22.25657" lon="114.16753">
        <ele>138</ele>
        <time>2026-04-16T13:18:05+00:00</time>
      </trkpt>
      <trkpt lat="22.25672" lon="114.16744">
        <ele>137</ele>
        <time>2026-04-16T13:18:08+00:00</time>
      </trkpt>
      <trkpt lat="22.25697" lon="114.16721">
        <ele>137</ele>
        <time>2026-04-16T13:18:11+00:00</time>
      </trkpt>
      <trkpt lat="22.25701" lon="114.16695">
        <ele>137</ele>
        <time>2026-04-16T13:18:14+00:00</time>
      </trkpt>
      <trkpt lat="22.25691" lon="114.16671">
        <ele>137</ele>
        <time>2026-04-16T13:18:17+00:00</time>
      </trkpt>
      <trkpt lat="22.25692" lon="114.16643">
        <ele>135</ele>
        <time>2026-04-16T13:18:20+00:00</time>
      </trkpt>
      <trkpt lat="22.25695" lon="114.16634">
        <ele>132</ele>
        <time>2026-04-16T13:18:23+00:00</time>
      </trkpt>
      <trkpt lat="22.25695" lon="114.16614">
        <ele>134</ele>
        <time>2026-04-16T13:18:26+00:00</time>
      </trkpt>
      <trkpt lat="22.25688" lon="114.1661">
        <ele>130</ele>
        <time>2026-04-16T13:18:29+00:00</time>
      </trkpt>
      <trkpt lat="22.25676" lon="114.16617">
        <ele>129</ele>
        <time>2026-04-16T13:18:32+00:00</time>
      </trkpt>
      <trkpt lat="22.25663" lon="114.16637">
        <ele>135</ele>
        <time>2026-04-16T13:18:35+00:00</time>
      </trkpt>
      <trkpt lat="22.25647" lon="114.16633">
        <ele>135</ele>
        <time>2026-04-16T13:18:38+00:00</time>
      </trkpt>
      <trkpt lat="22.25612" lon="114.16654">
        <ele>134</ele>
        <time>2026-04-16T13:18:41+00:00</time>
      </trkpt>
      <trkpt lat="22.25602" lon="114.16654">
        <ele>135</ele>
        <time>2026-04-16T13:18:44+00:00</time>
      </trkpt>
      <trkpt lat="22.25592" lon="114.16644">
        <ele>134</ele>
        <time>2026-04-16T13:18:47+00:00</time>
      </trkpt>
      <trkpt lat="22.25586" lon="114.16621">
        <ele>134</ele>
        <time>2026-04-16T13:18:50+00:00</time>
      </trkpt>
      <trkpt lat="22.25591" lon="114.16605">
        <ele>129</ele>
        <time>2026-04-16T13:18:53+00:00</time>
      </trkpt>
      <trkpt lat="22.25579" lon="114.16601">
        <ele>132</ele>
        <time>2026-04-16T13:18:56+00:00</time>
      </trkpt>
      <trkpt lat="22.2557" lon="114.16602">
        <ele>130</ele>
        <time>2026-04-16T13:18:59+00:00</time>
      </trkpt>
      <trkpt lat="22.25562" lon="114.1661">
        <ele>131</ele>
        <time>2026-04-16T13:19:02+00:00</time>
      </trkpt>
      <trkpt lat="22.25553" lon="114.16628">
        <ele>132</ele>
        <time>2026-04-16T13:19:05+00:00</time>
      </trkpt>
      <trkpt lat="22.2555" lon="114.16655">
        <ele>132</ele>
        <time>2026-04-16T13:19:08+00:00</time>
      </trkpt>
      <trkpt lat="22.25546" lon="114.16663">
        <ele>137</ele>
        <time>2026-04-16T13:19:11+00:00</time>
      </trkpt>
      <trkpt lat="22.25533" lon="114.16658">
        <ele>134</ele>
        <time>2026-04-16T13:19:14+00:00</time>
      </trkpt>
      <trkpt lat="22.25519" lon="114.16646">
        <ele>132</ele>
        <time>2026-04-16T13:19:17+00:00</time>
      </trkpt>
      <trkpt lat="22.25503" lon="114.16646">
        <ele>132</ele>
        <time>2026-04-16T13:19:20+00:00</time>
      </trkpt>
      <trkpt lat="22.25498" lon="114.16632">
        <ele>131</ele>
        <time>2026-04-16T13:19:23+00:00</time>
      </trkpt>
      <trkpt lat="22.25486" lon="114.16631">
        <ele>130</ele>
        <time>2026-04-16T13:19:26+00:00</time>
      </trkpt>
      <trkpt lat="22.25472" lon="114.1664">
        <ele>131</ele>
        <time>2026-04-16T13:19:29+00:00</time>
      </trkpt>
      <trkpt lat="22.25447" lon="114.16679">
        <ele>132</ele>
        <time>2026-04-16T13:19:32+00:00</time>
      </trkpt>
      <trkpt lat="22.25431" lon="114.1669">
        <ele>138</ele>
        <time>2026-04-16T13:19:35+00:00</time>
      </trkpt>
      <trkpt lat="22.25421" lon="114.16672">
        <ele>133</ele>
        <time>2026-04-16T13:19:38+00:00</time>
      </trkpt>
      <trkpt lat="22.25425" lon="114.1663">
        <ele>134</ele>
        <time>2026-04-16T13:19:41+00:00</time>
      </trkpt>
      <trkpt lat="22.25425" lon="114.16595">
        <ele>139</ele>
        <time>2026-04-16T13:19:44+00:00</time>
      </trkpt>
      <trkpt lat="22.25425" lon="114.16557">
        <ele>139</ele>
        <time>2026-04-16T13:19:47+00:00</time>
      </trkpt>
      <trkpt lat="22.25426" lon="114.16512">
        <ele>139</ele>
        <time>2026-04-16T13:19:50+00:00</time>
      </trkpt>
      <trkpt lat="22.25404" lon="114.16479">
        <ele>139</ele>
        <time>2026-04-16T13:19:53+00:00</time>
      </trkpt>
      <trkpt lat="22.25403" lon="114.16437">
        <ele>138</ele>
        <time>2026-04-16T13:19:56+00:00</time>
      </trkpt>
      <trkpt lat="22.25384" lon="114.16419">
        <ele>137</ele>
        <time>2026-04-16T13:19:59+00:00</time>
      </trkpt>
      <trkpt lat="22.25372" lon="114.16424">
        <ele>140</ele>
        <time>2026-04-16T13:20:02+00:00</time>
      </trkpt>
      <trkpt lat="22.25369" lon="114.1641">
        <ele>137</ele>
        <time>2026-04-16T13:20:05+00:00</time>
      </trkpt>
      <trkpt lat="22.25365" lon="114.16411">
        <ele>137</ele>
        <time>2026-04-16T13:20:08+00:00</time>
      </trkpt>
      <trkpt lat="22.25356" lon="114.1642">
        <ele>138</ele>
        <time>2026-04-16T13:20:11+00:00</time>
      </trkpt>
      <trkpt lat="22.2533" lon="114.16426">
        <ele>138</ele>
        <time>2026-04-16T13:20:14+00:00</time>
      </trkpt>
      <trkpt lat="22.253" lon="114.16433">
        <ele>139</ele>
        <time>2026-04-16T13:20:17+00:00</time>
      </trkpt>
      <trkpt lat="22.25285" lon="114.16445">
        <ele>143</ele>
        <time>2026-04-16T13:20:20+00:00</time>
      </trkpt>
      <trkpt lat="22.2526" lon="114.16442">
        <ele>139</ele>
        <time>2026-04-16T13:20:23+00:00</time>
      </trkpt>
      <trkpt lat="22.2523" lon="114.16439">
        <ele>141</ele>
        <time>2026-04-16T13:20:26+00:00</time>
      </trkpt>
      <trkpt lat="22.25205" lon="114.16421">
        <ele>141</ele>
        <time>2026-04-16T13:20:29+00:00</time>
      </trkpt>
      <trkpt lat="22.25183" lon="114.1642">
        <ele>145</ele>
        <time>2026-04-16T13:20:32+00:00</time>
      </trkpt>
      <trkpt lat="22.2517" lon="114.16401">
        <ele>139</ele>
        <time>2026-04-16T13:20:35+00:00</time>
      </trkpt>
      <trkpt lat="22.25156" lon="114.16381">
        <ele>138</ele>
        <time>2026-04-16T13:20:38+00:00</time>
      </trkpt>
      <trkpt lat="22.25117" lon="114.16372">
        <ele>135</ele>
        <time>2026-04-16T13:20:41+00:00</time>
      </trkpt>
      <trkpt lat="22.25098" lon="114.16378">
        <ele>132</ele>
        <time>2026-04-16T13:20:44+00:00</time>
      </trkpt>
      <trkpt lat="22.25095" lon="114.16378">
        <ele>132</ele>
        <time>2026-04-16T13:20:47+00:00</time>
      </trkpt>
      <trkpt lat="22.25082" lon="114.16392">
        <ele>135</ele>
        <time>2026-04-16T13:20:50+00:00</time>
      </trkpt>
      <trkpt lat="22.25077" lon="114.164">
        <ele>134</ele>
        <time>2026-04-16T13:20:53+00:00</time>
      </trkpt>
      <trkpt lat="22.25076" lon="114.16415">
        <ele>133</ele>
        <time>2026-04-16T13:20:56+00:00</time>
      </trkpt>
      <trkpt lat="22.25083" lon="114.16439">
        <ele>136</ele>
        <time>2026-04-16T13:20:59+00:00</time>
      </trkpt>
      <trkpt lat="22.25097" lon="114.16454">
        <ele>135</ele>
        <time>2026-04-16T13:21:02+00:00</time>
      </trkpt>
      <trkpt lat="22.25101" lon="114.16466">
        <ele>135</ele>
        <time>2026-04-16T13:21:05+00:00</time>
      </trkpt>
      <trkpt lat="22.25119" lon="114.16485">
        <ele>135</ele>
        <time>2026-04-16T13:21:08+00:00</time>
      </trkpt>
      <trkpt lat="22.25136" lon="114.16493">
        <ele>137</ele>
        <time>2026-04-16T13:21:11+00:00</time>
      </trkpt>
      <trkpt lat="22.2514" lon="114.16497">
        <ele>142</ele>
        <time>2026-04-16T13:21:14+00:00</time>
      </trkpt>
      <trkpt lat="22.25144" lon="114.16507">
        <ele>139</ele>
        <time>2026-04-16T13:21:17+00:00</time>
      </trkpt>
      <trkpt lat="22.25143" lon="114.16507">
        <ele>139</ele>
        <time>2026-04-16T13:21:20+00:00</time>
      </trkpt>
      <trkpt lat="22.2515" lon="114.16523">
        <ele>134</ele>
        <time>2026-04-16T13:21:23+00:00</time>
      </trkpt>
      <trkpt lat="22.25161" lon="114.16531">
        <ele>139</ele>
        <time>2026-04-16T13:21:26+00:00</time>
      </trkpt>
      <trkpt lat="22.25162" lon="114.1654">
        <ele>136</ele>
        <time>2026-04-16T13:21:29+00:00</time>
      </trkpt>
      <trkpt lat="22.2517" lon="114.16547">
        <ele>143</ele>
        <time>2026-04-16T13:21:32+00:00</time>
      </trkpt>
      <trkpt lat="22.25171" lon="114.16551">
        <ele>141</ele>
        <time>2026-04-16T13:21:35+00:00</time>
      </trkpt>
      <trkpt lat="22.25165" lon="114.16569">
        <ele>138</ele>
        <time>2026-04-16T13:21:38+00:00</time>
      </trkpt>
      <trkpt lat="22.25169" lon="114.16576">
        <ele>136</ele>
        <time>2026-04-16T13:21:41+00:00</time>
      </trkpt>
      <trkpt lat="22.25169" lon="114.16582">
        <ele>135</ele>
        <time>2026-04-16T13:21:44+00:00</time>
      </trkpt>
      <trkpt lat="22.25176" lon="114.16597">
        <ele>138</ele>
        <time>2026-04-16T13:21:47+00:00</time>
      </trkpt>
      <trkpt lat="22.252" lon="114.16623">
        <ele>142</ele>
        <time>2026-04-16T13:21:50+00:00</time>
      </trkpt>
      <trkpt lat="22.2521" lon="114.16627">
        <ele>145</ele>
        <time>2026-04-16T13:21:53+00:00</time>
      </trkpt>
      <trkpt lat="22.25219" lon="114.16638">
        <ele>139</ele>
        <time>2026-04-16T13:21:56+00:00</time>
      </trkpt>
      <trkpt lat="22.25222" lon="114.16679">
        <ele>142</ele>
        <time>2026-04-16T13:21:59+00:00</time>
      </trkpt>
      <trkpt lat="22.25217" lon="114.16723">
        <ele>140</ele>
        <time>2026-04-16T13:22:02+00:00</time>
      </trkpt>
      <trkpt lat="22.25225" lon="114.16764">
        <ele>140</ele>
        <time>2026-04-16T13:22:05+00:00</time>
      </trkpt>
      <trkpt lat="22.25225" lon="114.16792">
        <ele>140</ele>
        <time>2026-04-16T13:22:08+00:00</time>
      </trkpt>
      <trkpt lat="22.25225" lon="114.16791">
        <ele>138</ele>
        <time>2026-04-16T13:22:11+00:00</time>
      </trkpt>
      <trkpt lat="22.25226" lon="114.16796">
        <ele>138</ele>
        <time>2026-04-16T13:22:14+00:00</time>
      </trkpt>
      <trkpt lat="22.25232" lon="114.16812">
        <ele>138</ele>
        <time>2026-04-16T13:22:17+00:00</time>
      </trkpt>
      <trkpt lat="22.25253" lon="114.16826">
        <ele>140</ele>
        <time>2026-04-16T13:22:20+00:00</time>
      </trkpt>
      <trkpt lat="22.25267" lon="114.16824">
        <ele>140</ele>
        <time>2026-04-16T13:22:23+00:00</time>
      </trkpt>
      <trkpt lat="22.25273" lon="114.16828">
        <ele>142</ele>
        <time>2026-04-16T13:22:26+00:00</time>
      </trkpt>
      <trkpt lat="22.25295" lon="114.1683">
        <ele>136</ele>
        <time>2026-04-16T13:22:29+00:00</time>
      </trkpt>
      <trkpt lat="22.25303" lon="114.16829">
        <ele>141</ele>
        <time>2026-04-16T13:22:32+00:00</time>
      </trkpt>
      <trkpt lat="22.25313" lon="114.16824">
        <ele>142</ele>
        <time>2026-04-16T13:22:35+00:00</time>
      </trkpt>
      <trkpt lat="22.25332" lon="114.16831">
        <ele>136</ele>
        <time>2026-04-16T13:22:38+00:00</time>
      </trkpt>
      <trkpt lat="22.2537" lon="114.168">
        <ele>136</ele>
        <time>2026-04-16T13:22:41+00:00</time>
      </trkpt>
      <trkpt lat="22.25375" lon="114.16797">
        <ele>140</ele>
        <time>2026-04-16T13:22:44+00:00</time>
      </trkpt>
      <trkpt lat="22.25385" lon="114.16795">
        <ele>136</ele>
        <time>2026-04-16T13:22:47+00:00</time>
      </trkpt>
      <trkpt lat="22.25395" lon="114.16788">
        <ele>134</ele>
        <time>2026-04-16T13:22:50+00:00</time>
      </trkpt>
      <trkpt lat="22.25395" lon="114.16789">
        <ele>137</ele>
        <time>2026-04-16T13:22:53+00:00</time>
      </trkpt>
      <trkpt lat="22.25409" lon="114.16779">
        <ele>138</ele>
        <time>2026-04-16T13:22:56+00:00</time>
      </trkpt>
      <trkpt lat="22.25418" lon="114.16787">
        <ele>132</ele>
        <time>2026-04-16T13:22:59+00:00</time>
      </trkpt>
      <trkpt lat="22.25422" lon="114.16795">
        <ele>131</ele>
        <time>2026-04-16T13:23:02+00:00</time>
      </trkpt>
      <trkpt lat="22.25425" lon="114.16797">
        <ele>131</ele>
        <time>2026-04-16T13:23:05+00:00</time>
      </trkpt>
      <trkpt lat="22.25435" lon="114.16797">
        <ele>132</ele>
        <time>2026-04-16T13:23:08+00:00</time>
      </trkpt>
      <trkpt lat="22.25451" lon="114.16793">
        <ele>132</ele>
        <time>2026-04-16T13:23:11+00:00</time>
      </trkpt>
      <trkpt lat="22.25468" lon="114.16798">
        <ele>132</ele>
        <time>2026-04-16T13:23:14+00:00</time>
      </trkpt>
      <trkpt lat="22.25477" lon="114.16797">
        <ele>132</ele>
        <time>2026-04-16T13:23:17+00:00</time>
      </trkpt>
      <trkpt lat="22.25488" lon="114.16791">
        <ele>130</ele>
        <time>2026-04-16T13:23:20+00:00</time>
      </trkpt>
      <trkpt lat="22.25497" lon="114.16789">
        <ele>131</ele>
        <time>2026-04-16T13:23:23+00:00</time>
      </trkpt>
      <trkpt lat="22.255" lon="114.16786">
        <ele>131</ele>
        <time>2026-04-16T13:23:26+00:00</time>
      </trkpt>
      <trkpt lat="22.25503" lon="114.16786">
        <ele>127</ele>
        <time>2026-04-16T13:23:29+00:00</time>
      </trkpt>
      <trkpt lat="22.2551" lon="114.16781">
        <ele>126</ele>
        <time>2026-04-16T13:23:32+00:00</time>
      </trkpt>
      <trkpt lat="22.25513" lon="114.16781">
        <ele>126</ele>
        <time>2026-04-16T13:23:35+00:00</time>
      </trkpt>
      <trkpt lat="22.25515" lon="114.16785">
        <ele>126</ele>
        <time>2026-04-16T13:23:38+00:00</time>
      </trkpt>
      <trkpt lat="22.25516" lon="114.16809">
        <ele>128</ele>
        <time>2026-04-16T13:23:41+00:00</time>
      </trkpt>
      <trkpt lat="22.25522" lon="114.16816">
        <ele>124</ele>
        <time>2026-04-16T13:23:44+00:00</time>
      </trkpt>
      <trkpt lat="22.25531" lon="114.16817">
        <ele>126</ele>
        <time>2026-04-16T13:23:47+00:00</time>
      </trkpt>
      <trkpt lat="22.25558" lon="114.16815">
        <ele>125</ele>
        <time>2026-04-16T13:23:50+00:00</time>
      </trkpt>
      <trkpt lat="22.25567" lon="114.16812">
        <ele>124</ele>
        <time>2026-04-16T13:23:53+00:00</time>
      </trkpt>
      <trkpt lat="22.25582" lon="114.16812">
        <ele>124</ele>
        <time>2026-04-16T13:23:56+00:00</time>
      </trkpt>
      <trkpt lat="22.25581" lon="114.16812">
        <ele>124</ele>
        <time>2026-04-16T13:23:59+00:00</time>
      </trkpt>
      <trkpt lat="22.25592" lon="114.16811">
        <ele>125</ele>
        <time>2026-04-16T13:24:02+00:00</time>
      </trkpt>
      <trkpt lat="22.25602" lon="114.16813">
        <ele>127</ele>
        <time>2026-04-16T13:24:05+00:00</time>
      </trkpt>
      <trkpt lat="22.25608" lon="114.16821">
        <ele>125</ele>
        <time>2026-04-16T13:24:08+00:00</time>
      </trkpt>
      <trkpt lat="22.25626" lon="114.16829">
        <ele>125</ele>
        <time>2026-04-16T13:24:11+00:00</time>
      </trkpt>
      <trkpt lat="22.25631" lon="114.16825">
        <ele>126</ele>
        <time>2026-04-16T13:24:14+00:00</time>
      </trkpt>
      <trkpt lat="22.25641" lon="114.16829">
        <ele>129</ele>
        <time>2026-04-16T13:24:17+00:00</time>
      </trkpt>
      <trkpt lat="22.25653" lon="114.16831">
        <ele>129</ele>
        <time>2026-04-16T13:24:20+00:00</time>
      </trkpt>
      <trkpt lat="22.25676" lon="114.1684">
        <ele>126</ele>
        <time>2026-04-16T13:24:23+00:00</time>
      </trkpt>
      <trkpt lat="22.25712" lon="114.16848">
        <ele>126</ele>
        <time>2026-04-16T13:24:26+00:00</time>
      </trkpt>
      <trkpt lat="22.25722" lon="114.1686">
        <ele>127</ele>
        <time>2026-04-16T13:24:29+00:00</time>
      </trkpt>
      <trkpt lat="22.25713" lon="114.16881">
        <ele>125</ele>
        <time>2026-04-16T13:24:32+00:00</time>
      </trkpt>
      <trkpt lat="22.25695" lon="114.16895">
        <ele>124</ele>
        <time>2026-04-16T13:24:35+00:00</time>
      </trkpt>
      <trkpt lat="22.25684" lon="114.16912">
        <ele>126</ele>
        <time>2026-04-16T13:24:38+00:00</time>
      </trkpt>
      <trkpt lat="22.25679" lon="114.16926">
        <ele>122</ele>
        <time>2026-04-16T13:24:41+00:00</time>
      </trkpt>
      <trkpt lat="22.25674" lon="114.16961">
        <ele>125</ele>
        <time>2026-04-16T13:24:44+00:00</time>
      </trkpt>
      <trkpt lat="22.25656" lon="114.16974">
        <ele>126</ele>
        <time>2026-04-16T13:24:47+00:00</time>
      </trkpt>
      <trkpt lat="22.25647" lon="114.16996">
        <ele>125</ele>
        <time>2026-04-16T13:24:50+00:00</time>
      </trkpt>
      <trkpt lat="22.25638" lon="114.1702">
        <ele>126</ele>
        <time>2026-04-16T13:24:53+00:00</time>
      </trkpt>
      <trkpt lat="22.25629" lon="114.17036">
        <ele>129</ele>
        <time>2026-04-16T13:24:56+00:00</time>
      </trkpt>
      <trkpt lat="22.25612" lon="114.17029">
        <ele>125</ele>
        <time>2026-04-16T13:24:59+00:00</time>
      </trkpt>
      <trkpt lat="22.25607" lon="114.17029">
        <ele>125</ele>
        <time>2026-04-16T13:25:02+00:00</time>
      </trkpt>
      <trkpt lat="22.25603" lon="114.17034">
        <ele>126</ele>
        <time>2026-04-16T13:25:05+00:00</time>
      </trkpt>
      <trkpt lat="22.25602" lon="114.17041">
        <ele>125</ele>
        <time>2026-04-16T13:25:08+00:00</time>
      </trkpt>
      <trkpt lat="22.25609" lon="114.17055">
        <ele>125</ele>
        <time>2026-04-16T13:25:11+00:00</time>
      </trkpt>
      <trkpt lat="22.25612" lon="114.1707">
        <ele>124</ele>
        <time>2026-04-16T13:25:14+00:00</time>
      </trkpt>
      <trkpt lat="22.25609" lon="114.17075">
        <ele>123</ele>
        <time>2026-04-16T13:25:17+00:00</time>
      </trkpt>
      <trkpt lat="22.25603" lon="114.17079">
        <ele>123</ele>
        <time>2026-04-16T13:25:20+00:00</time>
      </trkpt>
      <trkpt lat="22.25578" lon="114.17089">
        <ele>122</ele>
        <time>2026-04-16T13:25:23+00:00</time>
      </trkpt>
      <trkpt lat="22.25567" lon="114.17098">
        <ele>121</ele>
        <time>2026-04-16T13:25:26+00:00</time>
      </trkpt>
      <trkpt lat="22.25557" lon="114.17113">
        <ele>125</ele>
        <time>2026-04-16T13:25:29+00:00</time>
      </trkpt>
      <trkpt lat="22.2555" lon="114.17132">
        <ele>126</ele>
        <time>2026-04-16T13:25:32+00:00</time>
      </trkpt>
      <trkpt lat="22.25547" lon="114.17156">
        <ele>129</ele>
        <time>2026-04-16T13:25:35+00:00</time>
      </trkpt>
      <trkpt lat="22.25543" lon="114.17165">
        <ele>130</ele>
        <time>2026-04-16T13:25:38+00:00</time>
      </trkpt>
      <trkpt lat="22.2554" lon="114.1718">
        <ele>131</ele>
        <time>2026-04-16T13:25:41+00:00</time>
      </trkpt>
      <trkpt lat="22.25529" lon="114.1719">
        <ele>128</ele>
        <time>2026-04-16T13:25:44+00:00</time>
      </trkpt>
      <trkpt lat="22.25522" lon="114.17205">
        <ele>132</ele>
        <time>2026-04-16T13:25:47+00:00</time>
      </trkpt>
      <trkpt lat="22.25514" lon="114.1721">
        <ele>131</ele>
        <time>2026-04-16T13:25:50+00:00</time>
      </trkpt>
      <trkpt lat="22.25497" lon="114.17209">
        <ele>132</ele>
        <time>2026-04-16T13:25:53+00:00</time>
      </trkpt>
      <trkpt lat="22.25469" lon="114.17224">
        <ele>131</ele>
        <time>2026-04-16T13:25:56+00:00</time>
      </trkpt>
      <trkpt lat="22.25445" lon="114.17232">
        <ele>131</ele>
        <time>2026-04-16T13:25:59+00:00</time>
      </trkpt>
      <trkpt lat="22.25415" lon="114.17262">
        <ele>129</ele>
        <time>2026-04-16T13:26:02+00:00</time>
      </trkpt>
      <trkpt lat="22.25414" lon="114.1727">
        <ele>126</ele>
        <time>2026-04-16T13:26:05+00:00</time>
      </trkpt>
      <trkpt lat="22.25416" lon="114.17279">
        <ele>126</ele>
        <time>2026-04-16T13:26:08+00:00</time>
      </trkpt>
      <trkpt lat="22.25422" lon="114.17285">
        <ele>126</ele>
        <time>2026-04-16T13:26:11+00:00</time>
      </trkpt>
      <trkpt lat="22.25435" lon="114.17288">
        <ele>129</ele>
        <time>2026-04-16T13:26:14+00:00</time>
      </trkpt>
      <trkpt lat="22.2548" lon="114.17293">
        <ele>129</ele>
        <time>2026-04-16T13:26:17+00:00</time>
      </trkpt>
      <trkpt lat="22.25494" lon="114.17288">
        <ele>132</ele>
        <time>2026-04-16T13:26:20+00:00</time>
      </trkpt>
      <trkpt lat="22.25522" lon="114.17281">
        <ele>130</ele>
        <time>2026-04-16T13:26:23+00:00</time>
      </trkpt>
      <trkpt lat="22.25567" lon="114.17277">
        <ele>132</ele>
        <time>2026-04-16T13:26:26+00:00</time>
      </trkpt>
      <trkpt lat="22.25578" lon="114.17279">
        <ele>129</ele>
        <time>2026-04-16T13:26:29+00:00</time>
      </trkpt>
      <trkpt lat="22.25582" lon="114.17276">
        <ele>129</ele>
        <time>2026-04-16T13:26:32+00:00</time>
      </trkpt>
      <trkpt lat="22.25586" lon="114.17276">
        <ele>129</ele>
        <time>2026-04-16T13:26:35+00:00</time>
      </trkpt>
      <trkpt lat="22.25598" lon="114.17237">
        <ele>143</ele>
        <time>2026-04-16T13:26:38+00:00</time>
      </trkpt>
      <trkpt lat="22.25603" lon="114.17229">
        <ele>143</ele>
        <time>2026-04-16T13:26:41+00:00</time>
      </trkpt>
      <trkpt lat="22.25627" lon="114.17208">
        <ele>145</ele>
        <time>2026-04-16T13:26:44+00:00</time>
      </trkpt>
      <trkpt lat="22.25649" lon="114.17182">
        <ele>151</ele>
        <time>2026-04-16T13:26:47+00:00</time>
      </trkpt>
      <trkpt lat="22.25657" lon="114.1716">
        <ele>154</ele>
        <time>2026-04-16T13:26:50+00:00</time>
      </trkpt>
      <trkpt lat="22.25665" lon="114.17153">
        <ele>156</ele>
        <time>2026-04-16T13:26:53+00:00</time>
      </trkpt>
      <trkpt lat="22.25689" lon="114.1715">
        <ele>164</ele>
        <time>2026-04-16T13:26:56+00:00</time>
      </trkpt>
      <trkpt lat="22.25695" lon="114.17139">
        <ele>162</ele>
        <time>2026-04-16T13:26:59+00:00</time>
      </trkpt>
      <trkpt lat="22.25703" lon="114.17141">
        <ele>166</ele>
        <time>2026-04-16T13:27:02+00:00</time>
      </trkpt>
      <trkpt lat="22.257" lon="114.17154">
        <ele>166</ele>
        <time>2026-04-16T13:27:05+00:00</time>
      </trkpt>
      <trkpt lat="22.25685" lon="114.17167">
        <ele>168</ele>
        <time>2026-04-16T13:27:08+00:00</time>
      </trkpt>
      <trkpt lat="22.25684" lon="114.17178">
        <ele>168</ele>
        <time>2026-04-16T13:27:11+00:00</time>
      </trkpt>
      <trkpt lat="22.25723" lon="114.17158">
        <ele>180</ele>
        <time>2026-04-16T13:27:14+00:00</time>
      </trkpt>
      <trkpt lat="22.25735" lon="114.17137">
        <ele>183</ele>
        <time>2026-04-16T13:27:17+00:00</time>
      </trkpt>
      <trkpt lat="22.25746" lon="114.17124">
        <ele>187</ele>
        <time>2026-04-16T13:27:20+00:00</time>
      </trkpt>
      <trkpt lat="22.25779" lon="114.1713">
        <ele>200</ele>
        <time>2026-04-16T13:27:23+00:00</time>
      </trkpt>
      <trkpt lat="22.25796" lon="114.17118">
        <ele>199</ele>
        <time>2026-04-16T13:27:26+00:00</time>
      </trkpt>
      <trkpt lat="22.25808" lon="114.17105">
        <ele>201</ele>
        <time>2026-04-16T13:27:29+00:00</time>
      </trkpt>
      <trkpt lat="22.2583" lon="114.17074">
        <ele>213</ele>
        <time>2026-04-16T13:27:32+00:00</time>
      </trkpt>
      <trkpt lat="22.25849" lon="114.17069">
        <ele>213</ele>
        <time>2026-04-16T13:27:35+00:00</time>
      </trkpt>
      <trkpt lat="22.25866" lon="114.17058">
        <ele>219</ele>
        <time>2026-04-16T13:27:38+00:00</time>
      </trkpt>
      <trkpt lat="22.25898" lon="114.17054">
        <ele>227</ele>
        <time>2026-04-16T13:27:41+00:00</time>
      </trkpt>
      <trkpt lat="22.25899" lon="114.17062">
        <ele>231</ele>
        <time>2026-04-16T13:27:44+00:00</time>
      </trkpt>
      <trkpt lat="22.25879" lon="114.17071">
        <ele>230</ele>
        <time>2026-04-16T13:27:47+00:00</time>
      </trkpt>
      <trkpt lat="22.25881" lon="114.17079">
        <ele>231</ele>
        <time>2026-04-16T13:27:50+00:00</time>
      </trkpt>
      <trkpt lat="22.25899" lon="114.17068">
        <ele>231</ele>
        <time>2026-04-16T13:27:53+00:00</time>
      </trkpt>
      <trkpt lat="22.25919" lon="114.17074">
        <ele>238</ele>
        <time>2026-04-16T13:27:56+00:00</time>
      </trkpt>
      <trkpt lat="22.2593" lon="114.17113">
        <ele>245</ele>
        <time>2026-04-16T13:27:59+00:00</time>
      </trkpt>
      <trkpt lat="22.25943" lon="114.17117">
        <ele>250</ele>
        <time>2026-04-16T13:28:02+00:00</time>
      </trkpt>
      <trkpt lat="22.25937" lon="114.17133">
        <ele>249</ele>
        <time>2026-04-16T13:28:05+00:00</time>
      </trkpt>
      <trkpt lat="22.25913" lon="114.17155">
        <ele>244</ele>
        <time>2026-04-16T13:28:08+00:00</time>
      </trkpt>
      <trkpt lat="22.25887" lon="114.17179">
        <ele>244</ele>
        <time>2026-04-16T13:28:11+00:00</time>
      </trkpt>
      <trkpt lat="22.25875" lon="114.17197">
        <ele>243</ele>
        <time>2026-04-16T13:28:14+00:00</time>
      </trkpt>
      <trkpt lat="22.25861" lon="114.17229">
        <ele>244</ele>
        <time>2026-04-16T13:28:17+00:00</time>
      </trkpt>
      <trkpt lat="22.25835" lon="114.17288">
        <ele>232</ele>
        <time>2026-04-16T13:28:20+00:00</time>
      </trkpt>
      <trkpt lat="22.25838" lon="114.17325">
        <ele>234</ele>
        <time>2026-04-16T13:28:23+00:00</time>
      </trkpt>
      <trkpt lat="22.25828" lon="114.17355">
        <ele>236</ele>
        <time>2026-04-16T13:28:26+00:00</time>
      </trkpt>
      <trkpt lat="22.25812" lon="114.17378">
        <ele>240</ele>
        <time>2026-04-16T13:28:29+00:00</time>
      </trkpt>
      <trkpt lat="22.25786" lon="114.17404">
        <ele>243</ele>
        <time>2026-04-16T13:28:32+00:00</time>
      </trkpt>
      <trkpt lat="22.25752" lon="114.17438">
        <ele>245</ele>
        <time>2026-04-16T13:28:35+00:00</time>
      </trkpt>
      <trkpt lat="22.25732" lon="114.17464">
        <ele>245</ele>
        <time>2026-04-16T13:28:38+00:00</time>
      </trkpt>
      <trkpt lat="22.25711" lon="114.17492">
        <ele>240</ele>
        <time>2026-04-16T13:28:41+00:00</time>
      </trkpt>
      <trkpt lat="22.25686" lon="114.17528">
        <ele>235</ele>
        <time>2026-04-16T13:28:44+00:00</time>
      </trkpt>
      <trkpt lat="22.25667" lon="114.17543">
        <ele>235</ele>
        <time>2026-04-16T13:28:47+00:00</time>
      </trkpt>
      <trkpt lat="22.25657" lon="114.17561">
        <ele>234</ele>
        <time>2026-04-16T13:28:50+00:00</time>
      </trkpt>
      <trkpt lat="22.25647" lon="114.17579">
        <ele>236</ele>
        <time>2026-04-16T13:28:53+00:00</time>
      </trkpt>
      <trkpt lat="22.25649" lon="114.17587">
        <ele>232</ele>
        <time>2026-04-16T13:28:56+00:00</time>
      </trkpt>
      <trkpt lat="22.25653" lon="114.17594">
        <ele>236</ele>
        <time>2026-04-16T13:28:59+00:00</time>
      </trkpt>
      <trkpt lat="22.25659" lon="114.17597">
        <ele>236</ele>
        <time>2026-04-16T13:29:02+00:00</time>
      </trkpt>
      <trkpt lat="22.25677" lon="114.17604">
        <ele>239</ele>
        <time>2026-04-16T13:29:05+00:00</time>
      </trkpt>
      <trkpt lat="22.25701" lon="114.17595">
        <ele>246</ele>
        <time>2026-04-16T13:29:08+00:00</time>
      </trkpt>
      <trkpt lat="22.25716" lon="114.17601">
        <ele>241</ele>
        <time>2026-04-16T13:29:11+00:00</time>
      </trkpt>
      <trkpt lat="22.25737" lon="114.17591">
        <ele>247</ele>
        <time>2026-04-16T13:29:14+00:00</time>
      </trkpt>
      <trkpt lat="22.25759" lon="114.17582">
        <ele>251</ele>
        <time>2026-04-16T13:29:17+00:00</time>
      </trkpt>
      <trkpt lat="22.25793" lon="114.17585">
        <ele>255</ele>
        <time>2026-04-16T13:29:20+00:00</time>
      </trkpt>
      <trkpt lat="22.25805" lon="114.17578">
        <ele>261</ele>
        <time>2026-04-16T13:29:23+00:00</time>
      </trkpt>
      <trkpt lat="22.25812" lon="114.17575">
        <ele>257</ele>
        <time>2026-04-16T13:29:26+00:00</time>
      </trkpt>
      <trkpt lat="22.25845" lon="114.17578">
        <ele>257</ele>
        <time>2026-04-16T13:29:29+00:00</time>
      </trkpt>
      <trkpt lat="22.25876" lon="114.17574">
        <ele>260</ele>
        <time>2026-04-16T13:29:32+00:00</time>
      </trkpt>
      <trkpt lat="22.25894" lon="114.17577">
        <ele>265</ele>
        <time>2026-04-16T13:29:35+00:00</time>
      </trkpt>
      <trkpt lat="22.25903" lon="114.17588">
        <ele>261</ele>
        <time>2026-04-16T13:29:38+00:00</time>
      </trkpt>
      <trkpt lat="22.25902" lon="114.17608">
        <ele>263</ele>
        <time>2026-04-16T13:29:41+00:00</time>
      </trkpt>
      <trkpt lat="22.25911" lon="114.17633">
        <ele>261</ele>
        <time>2026-04-16T13:29:44+00:00</time>
      </trkpt>
      <trkpt lat="22.25936" lon="114.17669">
        <ele>261</ele>
        <time>2026-04-16T13:29:47+00:00</time>
      </trkpt>
      <trkpt lat="22.25942" lon="114.17689">
        <ele>262</ele>
        <time>2026-04-16T13:29:50+00:00</time>
      </trkpt>
      <trkpt lat="22.25941" lon="114.17715">
        <ele>265</ele>
        <time>2026-04-16T13:29:53+00:00</time>
      </trkpt>
      <trkpt lat="22.25951" lon="114.1773">
        <ele>259</ele>
        <time>2026-04-16T13:29:56+00:00</time>
      </trkpt>
      <trkpt lat="22.25981" lon="114.17739">
        <ele>262</ele>
        <time>2026-04-16T13:29:59+00:00</time>
      </trkpt>
      <trkpt lat="22.26026" lon="114.17752">
        <ele>265</ele>
        <time>2026-04-16T13:30:02+00:00</time>
      </trkpt>
      <trkpt lat="22.2605" lon="114.17748">
        <ele>269</ele>
        <time>2026-04-16T13:30:05+00:00</time>
      </trkpt>
      <trkpt lat="22.26086" lon="114.17749">
        <ele>263</ele>
        <time>2026-04-16T13:30:08+00:00</time>
      </trkpt>
      <trkpt lat="22.26097" lon="114.17753">
        <ele>266</ele>
        <time>2026-04-16T13:30:11+00:00</time>
      </trkpt>
      <trkpt lat="22.261" lon="114.17775">
        <ele>266</ele>
        <time>2026-04-16T13:30:14+00:00</time>
      </trkpt>
      <trkpt lat="22.26091" lon="114.17815">
        <ele>269</ele>
        <time>2026-04-16T13:30:17+00:00</time>
      </trkpt>
      <trkpt lat="22.26085" lon="114.17824">
        <ele>267</ele>
        <time>2026-04-16T13:30:20+00:00</time>
      </trkpt>
      <trkpt lat="22.26093" lon="114.17862">
        <ele>271</ele>
        <time>2026-04-16T13:30:23+00:00</time>
      </trkpt>
      <trkpt lat="22.26093" lon="114.17878">
        <ele>274</ele>
        <time>2026-04-16T13:30:26+00:00</time>
      </trkpt>
      <trkpt lat="22.26086" lon="114.17897">
        <ele>273</ele>
        <time>2026-04-16T13:30:29+00:00</time>
      </trkpt>
      <trkpt lat="22.26092" lon="114.17919">
        <ele>283</ele>
        <time>2026-04-16T13:30:32+00:00</time>
      </trkpt>
      <trkpt lat="22.26091" lon="114.17926">
        <ele>276</ele>
        <time>2026-04-16T13:30:35+00:00</time>
      </trkpt>
      <trkpt lat="22.26071" lon="114.17937">
        <ele>281</ele>
        <time>2026-04-16T13:30:38+00:00</time>
      </trkpt>
      <trkpt lat="22.26053" lon="114.1795">
        <ele>277</ele>
        <time>2026-04-16T13:30:41+00:00</time>
      </trkpt>
      <trkpt lat="22.26033" lon="114.17964">
        <ele>279</ele>
        <time>2026-04-16T13:30:44+00:00</time>
      </trkpt>
      <trkpt lat="22.26008" lon="114.17992">
        <ele>282</ele>
        <time>2026-04-16T13:30:47+00:00</time>
      </trkpt>
      <trkpt lat="22.25975" lon="114.1803">
        <ele>287</ele>
        <time>2026-04-16T13:30:50+00:00</time>
      </trkpt>
      <trkpt lat="22.25959" lon="114.18045">
        <ele>283</ele>
        <time>2026-04-16T13:30:53+00:00</time>
      </trkpt>
      <trkpt lat="22.25945" lon="114.18062">
        <ele>288</ele>
        <time>2026-04-16T13:30:56+00:00</time>
      </trkpt>
      <trkpt lat="22.25904" lon="114.18085">
        <ele>288</ele>
        <time>2026-04-16T13:30:59+00:00</time>
      </trkpt>
      <trkpt lat="22.259" lon="114.18093">
        <ele>292</ele>
        <time>2026-04-16T13:31:02+00:00</time>
      </trkpt>
      <trkpt lat="22.25899" lon="114.18128">
        <ele>289</ele>
        <time>2026-04-16T13:31:05+00:00</time>
      </trkpt>
      <trkpt lat="22.25887" lon="114.18142">
        <ele>291</ele>
        <time>2026-04-16T13:31:08+00:00</time>
      </trkpt>
      <trkpt lat="22.25879" lon="114.18167">
        <ele>293</ele>
        <time>2026-04-16T13:31:11+00:00</time>
      </trkpt>
      <trkpt lat="22.25871" lon="114.18195">
        <ele>295</ele>
        <time>2026-04-16T13:31:14+00:00</time>
      </trkpt>
      <trkpt lat="22.25874" lon="114.18211">
        <ele>298</ele>
        <time>2026-04-16T13:31:17+00:00</time>
      </trkpt>
      <trkpt lat="22.25873" lon="114.18246">
        <ele>292</ele>
        <time>2026-04-16T13:31:20+00:00</time>
      </trkpt>
      <trkpt lat="22.25858" lon="114.18282">
        <ele>289</ele>
        <time>2026-04-16T13:31:23+00:00</time>
      </trkpt>
      <trkpt lat="22.25837" lon="114.18331">
        <ele>286</ele>
        <time>2026-04-16T13:31:26+00:00</time>
      </trkpt>
      <trkpt lat="22.2584" lon="114.18367">
        <ele>286</ele>
        <time>2026-04-16T13:31:29+00:00</time>
      </trkpt>
      <trkpt lat="22.25824" lon="114.184">
        <ele>283</ele>
        <time>2026-04-16T13:31:32+00:00</time>
      </trkpt>
      <trkpt lat="22.25805" lon="114.18441">
        <ele>283</ele>
        <time>2026-04-16T13:31:35+00:00</time>
      </trkpt>
      <trkpt lat="22.25767" lon="114.18494">
        <ele>271</ele>
        <time>2026-04-16T13:31:38+00:00</time>
      </trkpt>
      <trkpt lat="22.25742" lon="114.18551">
        <ele>266</ele>
        <time>2026-04-16T13:31:41+00:00</time>
      </trkpt>
      <trkpt lat="22.25723" lon="114.18597">
        <ele>264</ele>
        <time>2026-04-16T13:31:44+00:00</time>
      </trkpt>
      <trkpt lat="22.25714" lon="114.18612">
        <ele>266</ele>
        <time>2026-04-16T13:31:47+00:00</time>
      </trkpt>
      <trkpt lat="22.25706" lon="114.18615">
        <ele>263</ele>
        <time>2026-04-16T13:31:50+00:00</time>
      </trkpt>
      <trkpt lat="22.257" lon="114.18626">
        <ele>260</ele>
        <time>2026-04-16T13:31:53+00:00</time>
      </trkpt>
      <trkpt lat="22.257" lon="114.18639">
        <ele>261</ele>
        <time>2026-04-16T13:31:56+00:00</time>
      </trkpt>
      <trkpt lat="22.25697" lon="114.18648">
        <ele>262</ele>
        <time>2026-04-16T13:31:59+00:00</time>
      </trkpt>
      <trkpt lat="22.25703" lon="114.1867">
        <ele>259</ele>
        <time>2026-04-16T13:32:02+00:00</time>
      </trkpt>
      <trkpt lat="22.25717" lon="114.18691">
        <ele>257</ele>
        <time>2026-04-16T13:32:05+00:00</time>
      </trkpt>
      <trkpt lat="22.25734" lon="114.18715">
        <ele>257</ele>
        <time>2026-04-16T13:32:08+00:00</time>
      </trkpt>
      <trkpt lat="22.25737" lon="114.18727">
        <ele>256</ele>
        <time>2026-04-16T13:32:11+00:00</time>
      </trkpt>
      <trkpt lat="22.25746" lon="114.18737">
        <ele>258</ele>
        <time>2026-04-16T13:32:14+00:00</time>
      </trkpt>
      <trkpt lat="22.25746" lon="114.18749">
        <ele>253</ele>
        <time>2026-04-16T13:32:17+00:00</time>
      </trkpt>
      <trkpt lat="22.25736" lon="114.18761">
        <ele>253</ele>
        <time>2026-04-16T13:32:20+00:00</time>
      </trkpt>
      <trkpt lat="22.25736" lon="114.18768">
        <ele>253</ele>
        <time>2026-04-16T13:32:23+00:00</time>
      </trkpt>
      <trkpt lat="22.25737" lon="114.18771">
        <ele>250</ele>
        <time>2026-04-16T13:32:26+00:00</time>
      </trkpt>
      <trkpt lat="22.25759" lon="114.18791">
        <ele>249</ele>
        <time>2026-04-16T13:32:29+00:00</time>
      </trkpt>
      <trkpt lat="22.25761" lon="114.18809">
        <ele>250</ele>
        <time>2026-04-16T13:32:32+00:00</time>
      </trkpt>
      <trkpt lat="22.25768" lon="114.18817">
        <ele>248</ele>
        <time>2026-04-16T13:32:35+00:00</time>
      </trkpt>
      <trkpt lat="22.25772" lon="114.18832">
        <ele>245</ele>
        <time>2026-04-16T13:32:38+00:00</time>
      </trkpt>
      <trkpt lat="22.25782" lon="114.18853">
        <ele>246</ele>
        <time>2026-04-16T13:32:41+00:00</time>
      </trkpt>
      <trkpt lat="22.25805" lon="114.1886">
        <ele>243</ele>
        <time>2026-04-16T13:32:44+00:00</time>
      </trkpt>
      <trkpt lat="22.25823" lon="114.18861">
        <ele>244</ele>
        <time>2026-04-16T13:32:47+00:00</time>
      </trkpt>
      <trkpt lat="22.25833" lon="114.18866">
        <ele>243</ele>
        <time>2026-04-16T13:32:50+00:00</time>
      </trkpt>
      <trkpt lat="22.25848" lon="114.1889">
        <ele>238</ele>
        <time>2026-04-16T13:32:53+00:00</time>
      </trkpt>
      <trkpt lat="22.25863" lon="114.18914">
        <ele>238</ele>
        <time>2026-04-16T13:32:56+00:00</time>
      </trkpt>
      <trkpt lat="22.25868" lon="114.18924">
        <ele>234</ele>
        <time>2026-04-16T13:32:59+00:00</time>
      </trkpt>
      <trkpt lat="22.25871" lon="114.18954">
        <ele>232</ele>
        <time>2026-04-16T13:33:02+00:00</time>
      </trkpt>
      <trkpt lat="22.25869" lon="114.18963">
        <ele>228</ele>
        <time>2026-04-16T13:33:05+00:00</time>
      </trkpt>
      <trkpt lat="22.25862" lon="114.18979">
        <ele>228</ele>
        <time>2026-04-16T13:33:08+00:00</time>
      </trkpt>
      <trkpt lat="22.25856" lon="114.18987">
        <ele>223</ele>
        <time>2026-04-16T13:33:11+00:00</time>
      </trkpt>
      <trkpt lat="22.25823" lon="114.19013">
        <ele>217</ele>
        <time>2026-04-16T13:33:14+00:00</time>
      </trkpt>
      <trkpt lat="22.25813" lon="114.19024">
        <ele>211</ele>
        <time>2026-04-16T13:33:17+00:00</time>
      </trkpt>
      <trkpt lat="22.25805" lon="114.1904">
        <ele>213</ele>
        <time>2026-04-16T13:33:20+00:00</time>
      </trkpt>
      <trkpt lat="22.25805" lon="114.19053">
        <ele>203</ele>
        <time>2026-04-16T13:33:23+00:00</time>
      </trkpt>
      <trkpt lat="22.25819" lon="114.19077">
        <ele>212</ele>
        <time>2026-04-16T13:33:26+00:00</time>
      </trkpt>
      <trkpt lat="22.25833" lon="114.19102">
        <ele>211</ele>
        <time>2026-04-16T13:33:29+00:00</time>
      </trkpt>
      <trkpt lat="22.25836" lon="114.19113">
        <ele>209</ele>
        <time>2026-04-16T13:33:32+00:00</time>
      </trkpt>
      <trkpt lat="22.25834" lon="114.19126">
        <ele>208</ele>
        <time>2026-04-16T13:33:35+00:00</time>
      </trkpt>
      <trkpt lat="22.25824" lon="114.19142">
        <ele>208</ele>
        <time>2026-04-16T13:33:38+00:00</time>
      </trkpt>
      <trkpt lat="22.2581" lon="114.1915">
        <ele>207</ele>
        <time>2026-04-16T13:33:41+00:00</time>
      </trkpt>
      <trkpt lat="22.25789" lon="114.19156">
        <ele>204</ele>
        <time>2026-04-16T13:33:44+00:00</time>
      </trkpt>
      <trkpt lat="22.2575" lon="114.19161">
        <ele>192</ele>
        <time>2026-04-16T13:33:47+00:00</time>
      </trkpt>
      <trkpt lat="22.25745" lon="114.19166">
        <ele>192</ele>
        <time>2026-04-16T13:33:50+00:00</time>
      </trkpt>
      <trkpt lat="22.25731" lon="114.19208">
        <ele>191</ele>
        <time>2026-04-16T13:33:53+00:00</time>
      </trkpt>
      <trkpt lat="22.2572" lon="114.19216">
        <ele>189</ele>
        <time>2026-04-16T13:33:56+00:00</time>
      </trkpt>
      <trkpt lat="22.25721" lon="114.19232">
        <ele>191</ele>
        <time>2026-04-16T13:33:59+00:00</time>
      </trkpt>
      <trkpt lat="22.25729" lon="114.19244">
        <ele>191</ele>
        <time>2026-04-16T13:34:02+00:00</time>
      </trkpt>
      <trkpt lat="22.25744" lon="114.19256">
        <ele>191</ele>
        <time>2026-04-16T13:34:05+00:00</time>
      </trkpt>
      <trkpt lat="22.25744" lon="114.19255">
        <ele>191</ele>
        <time>2026-04-16T13:34:08+00:00</time>
      </trkpt>
      <trkpt lat="22.25761" lon="114.19266">
        <ele>192</ele>
        <time>2026-04-16T13:34:11+00:00</time>
      </trkpt>
      <trkpt lat="22.25754" lon="114.19267">
        <ele>191</ele>
        <time>2026-04-16T13:34:14+00:00</time>
      </trkpt>
      <trkpt lat="22.25747" lon="114.1927">
        <ele>191</ele>
        <time>2026-04-16T13:34:17+00:00</time>
      </trkpt>
      <trkpt lat="22.2574" lon="114.1928">
        <ele>192</ele>
        <time>2026-04-16T13:34:20+00:00</time>
      </trkpt>
      <trkpt lat="22.25747" lon="114.1927">
        <ele>191</ele>
        <time>2026-04-16T13:34:23+00:00</time>
      </trkpt>
      <trkpt lat="22.25754" lon="114.19267">
        <ele>190</ele>
        <time>2026-04-16T13:34:26+00:00</time>
      </trkpt>
      <trkpt lat="22.25761" lon="114.19266">
        <ele>192</ele>
        <time>2026-04-16T13:34:29+00:00</time>
      </trkpt>
      <trkpt lat="22.25754" lon="114.19267">
        <ele>190</ele>
        <time>2026-04-16T13:34:32+00:00</time>
      </trkpt>
      <trkpt lat="22.25747" lon="114.1927">
        <ele>191</ele>
        <time>2026-04-16T13:34:35+00:00</time>
      </trkpt>
      <trkpt lat="22.25712" lon="114.19315">
        <ele>189</ele>
        <time>2026-04-16T13:34:38+00:00</time>
      </trkpt>
      <trkpt lat="22.2571" lon="114.19335">
        <ele>189</ele>
        <time>2026-04-16T13:34:41+00:00</time>
      </trkpt>
      <trkpt lat="22.25731" lon="114.19332">
        <ele>189</ele>
        <time>2026-04-16T13:34:44+00:00</time>
      </trkpt>
      <trkpt lat="22.25743" lon="114.19343">
        <ele>189</ele>
        <time>2026-04-16T13:34:47+00:00</time>
      </trkpt>
      <trkpt lat="22.25743" lon="114.19342">
        <ele>189</ele>
        <time>2026-04-16T13:34:50+00:00</time>
      </trkpt>
      <trkpt lat="22.25747" lon="114.19349">
        <ele>189</ele>
        <time>2026-04-16T13:34:53+00:00</time>
      </trkpt>
      <trkpt lat="22.25745" lon="114.19356">
        <ele>192</ele>
        <time>2026-04-16T13:34:56+00:00</time>
      </trkpt>
      <trkpt lat="22.25735" lon="114.19369">
        <ele>196</ele>
        <time>2026-04-16T13:34:59+00:00</time>
      </trkpt>
      <trkpt lat="22.25734" lon="114.19396">
        <ele>206</ele>
        <time>2026-04-16T13:35:02+00:00</time>
      </trkpt>
      <trkpt lat="22.25737" lon="114.19413">
        <ele>208</ele>
        <time>2026-04-16T13:35:05+00:00</time>
      </trkpt>
      <trkpt lat="22.25729" lon="114.19427">
        <ele>209</ele>
        <time>2026-04-16T13:35:08+00:00</time>
      </trkpt>
      <trkpt lat="22.25731" lon="114.19449">
        <ele>211</ele>
        <time>2026-04-16T13:35:11+00:00</time>
      </trkpt>
      <trkpt lat="22.25734" lon="114.19458">
        <ele>209</ele>
        <time>2026-04-16T13:35:14+00:00</time>
      </trkpt>
      <trkpt lat="22.25741" lon="114.19465">
        <ele>213</ele>
        <time>2026-04-16T13:35:17+00:00</time>
      </trkpt>
      <trkpt lat="22.2575" lon="114.19466">
        <ele>213</ele>
        <time>2026-04-16T13:35:20+00:00</time>
      </trkpt>
      <trkpt lat="22.25761" lon="114.19463">
        <ele>210</ele>
        <time>2026-04-16T13:35:23+00:00</time>
      </trkpt>
      <trkpt lat="22.25778" lon="114.19475">
        <ele>210</ele>
        <time>2026-04-16T13:35:26+00:00</time>
      </trkpt>
      <trkpt lat="22.25778" lon="114.1948">
        <ele>211</ele>
        <time>2026-04-16T13:35:29+00:00</time>
      </trkpt>
      <trkpt lat="22.25771" lon="114.19485">
        <ele>211</ele>
        <time>2026-04-16T13:35:32+00:00</time>
      </trkpt>
      <trkpt lat="22.25762" lon="114.19496">
        <ele>213</ele>
        <time>2026-04-16T13:35:35+00:00</time>
      </trkpt>
      <trkpt lat="22.2576" lon="114.19502">
        <ele>218</ele>
        <time>2026-04-16T13:35:38+00:00</time>
      </trkpt>
      <trkpt lat="22.25762" lon="114.1951">
        <ele>212</ele>
        <time>2026-04-16T13:35:41+00:00</time>
      </trkpt>
      <trkpt lat="22.25778" lon="114.19522">
        <ele>216</ele>
        <time>2026-04-16T13:35:44+00:00</time>
      </trkpt>
      <trkpt lat="22.25782" lon="114.1952">
        <ele>216</ele>
        <time>2026-04-16T13:35:47+00:00</time>
      </trkpt>
      <trkpt lat="22.2579" lon="114.1951">
        <ele>212</ele>
        <time>2026-04-16T13:35:50+00:00</time>
      </trkpt>
      <trkpt lat="22.25799" lon="114.19495">
        <ele>210</ele>
        <time>2026-04-16T13:35:53+00:00</time>
      </trkpt>
      <trkpt lat="22.25804" lon="114.19493">
        <ele>212</ele>
        <time>2026-04-16T13:35:56+00:00</time>
      </trkpt>
      <trkpt lat="22.25812" lon="114.19494">
        <ele>213</ele>
        <time>2026-04-16T13:35:59+00:00</time>
      </trkpt>
      <trkpt lat="22.25825" lon="114.19494">
        <ele>211</ele>
        <time>2026-04-16T13:36:02+00:00</time>
      </trkpt>
      <trkpt lat="22.25837" lon="114.195">
        <ele>213</ele>
        <time>2026-04-16T13:36:05+00:00</time>
      </trkpt>
      <trkpt lat="22.25848" lon="114.19525">
        <ele>211</ele>
        <time>2026-04-16T13:36:08+00:00</time>
      </trkpt>
      <trkpt lat="22.25854" lon="114.19528">
        <ele>214</ele>
        <time>2026-04-16T13:36:11+00:00</time>
      </trkpt>
      <trkpt lat="22.25855" lon="114.19518">
        <ele>214</ele>
        <time>2026-04-16T13:36:14+00:00</time>
      </trkpt>
      <trkpt lat="22.25848" lon="114.19492">
        <ele>210</ele>
        <time>2026-04-16T13:36:17+00:00</time>
      </trkpt>
      <trkpt lat="22.25836" lon="114.19474">
        <ele>208</ele>
        <time>2026-04-16T13:36:20+00:00</time>
      </trkpt>
      <trkpt lat="22.25831" lon="114.19459">
        <ele>208</ele>
        <time>2026-04-16T13:36:23+00:00</time>
      </trkpt>
      <trkpt lat="22.25834" lon="114.19423">
        <ele>206</ele>
        <time>2026-04-16T13:36:26+00:00</time>
      </trkpt>
      <trkpt lat="22.25839" lon="114.19419">
        <ele>202</ele>
        <time>2026-04-16T13:36:29+00:00</time>
      </trkpt>
      <trkpt lat="22.25843" lon="114.19419">
        <ele>200</ele>
        <time>2026-04-16T13:36:32+00:00</time>
      </trkpt>
      <trkpt lat="22.25849" lon="114.19426">
        <ele>205</ele>
        <time>2026-04-16T13:36:35+00:00</time>
      </trkpt>
      <trkpt lat="22.2586" lon="114.19431">
        <ele>204</ele>
        <time>2026-04-16T13:36:38+00:00</time>
      </trkpt>
      <trkpt lat="22.25875" lon="114.19432">
        <ele>205</ele>
        <time>2026-04-16T13:36:41+00:00</time>
      </trkpt>
      <trkpt lat="22.25879" lon="114.19425">
        <ele>201</ele>
        <time>2026-04-16T13:36:44+00:00</time>
      </trkpt>
      <trkpt lat="22.25886" lon="114.19425">
        <ele>203</ele>
        <time>2026-04-16T13:36:47+00:00</time>
      </trkpt>
      <trkpt lat="22.2589" lon="114.19427">
        <ele>202</ele>
        <time>2026-04-16T13:36:50+00:00</time>
      </trkpt>
      <trkpt lat="22.25898" lon="114.19418">
        <ele>200</ele>
        <time>2026-04-16T13:36:53+00:00</time>
      </trkpt>
      <trkpt lat="22.25899" lon="114.19424">
        <ele>203</ele>
        <time>2026-04-16T13:36:56+00:00</time>
      </trkpt>
      <trkpt lat="22.25895" lon="114.19429">
        <ele>203</ele>
        <time>2026-04-16T13:36:59+00:00</time>
      </trkpt>
      <trkpt lat="22.25897" lon="114.19431">
        <ele>207</ele>
        <time>2026-04-16T13:37:02+00:00</time>
      </trkpt>
      <trkpt lat="22.25897" lon="114.19436">
        <ele>207</ele>
        <time>2026-04-16T13:37:05+00:00</time>
      </trkpt>
      <trkpt lat="22.25902" lon="114.19437">
        <ele>204</ele>
        <time>2026-04-16T13:37:08+00:00</time>
      </trkpt>
      <trkpt lat="22.25911" lon="114.19446">
        <ele>206</ele>
        <time>2026-04-16T13:37:11+00:00</time>
      </trkpt>
      <trkpt lat="22.2591" lon="114.19449">
        <ele>206</ele>
        <time>2026-04-16T13:37:14+00:00</time>
      </trkpt>
      <trkpt lat="22.25911" lon="114.19452">
        <ele>208</ele>
        <time>2026-04-16T13:37:17+00:00</time>
      </trkpt>
      <trkpt lat="22.25919" lon="114.19458">
        <ele>208</ele>
        <time>2026-04-16T13:37:20+00:00</time>
      </trkpt>
      <trkpt lat="22.25929" lon="114.19475">
        <ele>207</ele>
        <time>2026-04-16T13:37:23+00:00</time>
      </trkpt>
      <trkpt lat="22.2593" lon="114.19474">
        <ele>209</ele>
        <time>2026-04-16T13:37:26+00:00</time>
      </trkpt>
      <trkpt lat="22.25933" lon="114.19476">
        <ele>207</ele>
        <time>2026-04-16T13:37:29+00:00</time>
      </trkpt>
      <trkpt lat="22.25936" lon="114.19468">
        <ele>205</ele>
        <time>2026-04-16T13:37:32+00:00</time>
      </trkpt>
      <trkpt lat="22.25941" lon="114.19465">
        <ele>208</ele>
        <time>2026-04-16T13:37:35+00:00</time>
      </trkpt>
      <trkpt lat="22.2594" lon="114.19455">
        <ele>204</ele>
        <time>2026-04-16T13:37:38+00:00</time>
      </trkpt>
      <trkpt lat="22.25937" lon="114.19453">
        <ele>205</ele>
        <time>2026-04-16T13:37:41+00:00</time>
      </trkpt>
      <trkpt lat="22.25933" lon="114.19443">
        <ele>204</ele>
        <time>2026-04-16T13:37:44+00:00</time>
      </trkpt>
      <trkpt lat="22.25933" lon="114.19432">
        <ele>202</ele>
        <time>2026-04-16T13:37:47+00:00</time>
      </trkpt>
      <trkpt lat="22.25947" lon="114.19427">
        <ele>201</ele>
        <time>2026-04-16T13:37:50+00:00</time>
      </trkpt>
      <trkpt lat="22.25954" lon="114.1943">
        <ele>204</ele>
        <time>2026-04-16T13:37:53+00:00</time>
      </trkpt>
      <trkpt lat="22.25959" lon="114.19428">
        <ele>201</ele>
        <time>2026-04-16T13:37:56+00:00</time>
      </trkpt>
      <trkpt lat="22.25962" lon="114.19423">
        <ele>205</ele>
        <time>2026-04-16T13:37:59+00:00</time>
      </trkpt>
      <trkpt lat="22.25966" lon="114.19403">
        <ele>200</ele>
        <time>2026-04-16T13:38:02+00:00</time>
      </trkpt>
      <trkpt lat="22.25979" lon="114.19395">
        <ele>201</ele>
        <time>2026-04-16T13:38:05+00:00</time>
      </trkpt>
      <trkpt lat="22.2598" lon="114.19391">
        <ele>201</ele>
        <time>2026-04-16T13:38:08+00:00</time>
      </trkpt>
      <trkpt lat="22.25984" lon="114.19388">
        <ele>199</ele>
        <time>2026-04-16T13:38:11+00:00</time>
      </trkpt>
      <trkpt lat="22.25988" lon="114.19369">
        <ele>201</ele>
        <time>2026-04-16T13:38:14+00:00</time>
      </trkpt>
      <trkpt lat="22.26031" lon="114.19346">
        <ele>201</ele>
        <time>2026-04-16T13:38:17+00:00</time>
      </trkpt>
      <trkpt lat="22.26047" lon="114.19343">
        <ele>202</ele>
        <time>2026-04-16T13:38:20+00:00</time>
      </trkpt>
      <trkpt lat="22.26057" lon="114.19345">
        <ele>201</ele>
        <time>2026-04-16T13:38:23+00:00</time>
      </trkpt>
      <trkpt lat="22.26062" lon="114.19348">
        <ele>201</ele>
        <time>2026-04-16T13:38:26+00:00</time>
      </trkpt>
      <trkpt lat="22.26066" lon="114.19345">
        <ele>201</ele>
        <time>2026-04-16T13:38:29+00:00</time>
      </trkpt>
      <trkpt lat="22.26076" lon="114.19346">
        <ele>200</ele>
        <time>2026-04-16T13:38:32+00:00</time>
      </trkpt>
      <trkpt lat="22.26088" lon="114.19343">
        <ele>201</ele>
        <time>2026-04-16T13:38:35+00:00</time>
      </trkpt>
      <trkpt lat="22.26093" lon="114.19338">
        <ele>200</ele>
        <time>2026-04-16T13:38:38+00:00</time>
      </trkpt>
      <trkpt lat="22.26092" lon="114.19333">
        <ele>200</ele>
        <time>2026-04-16T13:38:41+00:00</time>
      </trkpt>
      <trkpt lat="22.26096" lon="114.1933">
        <ele>200</ele>
        <time>2026-04-16T13:38:44+00:00</time>
      </trkpt>
      <trkpt lat="22.26096" lon="114.19325">
        <ele>199</ele>
        <time>2026-04-16T13:38:47+00:00</time>
      </trkpt>
      <trkpt lat="22.26102" lon="114.19322">
        <ele>199</ele>
        <time>2026-04-16T13:38:50+00:00</time>
      </trkpt>
      <trkpt lat="22.26104" lon="114.19318">
        <ele>197</ele>
        <time>2026-04-16T13:38:53+00:00</time>
      </trkpt>
      <trkpt lat="22.26108" lon="114.1932">
        <ele>202</ele>
        <time>2026-04-16T13:38:56+00:00</time>
      </trkpt>
      <trkpt lat="22.26115" lon="114.19319">
        <ele>199</ele>
        <time>2026-04-16T13:38:59+00:00</time>
      </trkpt>
      <trkpt lat="22.26133" lon="114.19307">
        <ele>198</ele>
        <time>2026-04-16T13:39:02+00:00</time>
      </trkpt>
      <trkpt lat="22.26143" lon="114.1931">
        <ele>199</ele>
        <time>2026-04-16T13:39:05+00:00</time>
      </trkpt>
      <trkpt lat="22.26142" lon="114.1931">
        <ele>199</ele>
        <time>2026-04-16T13:39:08+00:00</time>
      </trkpt>
      <trkpt lat="22.26153" lon="114.19314">
        <ele>197</ele>
        <time>2026-04-16T13:39:11+00:00</time>
      </trkpt>
      <trkpt lat="22.26179" lon="114.19307">
        <ele>196</ele>
        <time>2026-04-16T13:39:14+00:00</time>
      </trkpt>
      <trkpt lat="22.26184" lon="114.19302">
        <ele>200</ele>
        <time>2026-04-16T13:39:17+00:00</time>
      </trkpt>
      <trkpt lat="22.2619" lon="114.19281">
        <ele>193</ele>
        <time>2026-04-16T13:39:20+00:00</time>
      </trkpt>
      <trkpt lat="22.26195" lon="114.19278">
        <ele>193</ele>
        <time>2026-04-16T13:39:23+00:00</time>
      </trkpt>
      <trkpt lat="22.26207" lon="114.19287">
        <ele>195</ele>
        <time>2026-04-16T13:39:26+00:00</time>
      </trkpt>
      <trkpt lat="22.26213" lon="114.19286">
        <ele>193</ele>
        <time>2026-04-16T13:39:29+00:00</time>
      </trkpt>
      <trkpt lat="22.2623" lon="114.19269">
        <ele>192</ele>
        <time>2026-04-16T13:39:32+00:00</time>
      </trkpt>
      <trkpt lat="22.26236" lon="114.19259">
        <ele>195</ele>
        <time>2026-04-16T13:39:35+00:00</time>
      </trkpt>
      <trkpt lat="22.26242" lon="114.19257">
        <ele>191</ele>
        <time>2026-04-16T13:39:38+00:00</time>
      </trkpt>
      <trkpt lat="22.26251" lon="114.19248">
        <ele>194</ele>
        <time>2026-04-16T13:39:41+00:00</time>
      </trkpt>
      <trkpt lat="22.26254" lon="114.19248">
        <ele>194</ele>
        <time>2026-04-16T13:39:44+00:00</time>
      </trkpt>
      <trkpt lat="22.26263" lon="114.1924">
        <ele>192</ele>
        <time>2026-04-16T13:39:47+00:00</time>
      </trkpt>
      <trkpt lat="22.26266" lon="114.19241">
        <ele>197</ele>
        <time>2026-04-16T13:39:50+00:00</time>
      </trkpt>
      <trkpt lat="22.26271" lon="114.19239">
        <ele>191</ele>
        <time>2026-04-16T13:39:53+00:00</time>
      </trkpt>
      <trkpt lat="22.26287" lon="114.19242">
        <ele>195</ele>
        <time>2026-04-16T13:39:56+00:00</time>
      </trkpt>
      <trkpt lat="22.26296" lon="114.19239">
        <ele>190</ele>
        <time>2026-04-16T13:39:59+00:00</time>
      </trkpt>
      <trkpt lat="22.26314" lon="114.19224">
        <ele>189</ele>
        <time>2026-04-16T13:40:02+00:00</time>
      </trkpt>
      <trkpt lat="22.26317" lon="114.19225">
        <ele>191</ele>
        <time>2026-04-16T13:40:05+00:00</time>
      </trkpt>
      <trkpt lat="22.26319" lon="114.19223">
        <ele>189</ele>
        <time>2026-04-16T13:40:08+00:00</time>
      </trkpt>
      <trkpt lat="22.26322" lon="114.19224">
        <ele>191</ele>
        <time>2026-04-16T13:40:11+00:00</time>
      </trkpt>
      <trkpt lat="22.26327" lon="114.19219">
        <ele>187</ele>
        <time>2026-04-16T13:40:14+00:00</time>
      </trkpt>
      <trkpt lat="22.26333" lon="114.19217">
        <ele>189</ele>
        <time>2026-04-16T13:40:17+00:00</time>
      </trkpt>
      <trkpt lat="22.26338" lon="114.19221">
        <ele>190</ele>
        <time>2026-04-16T13:40:20+00:00</time>
      </trkpt>
      <trkpt lat="22.26342" lon="114.19219">
        <ele>189</ele>
        <time>2026-04-16T13:40:23+00:00</time>
      </trkpt>
      <trkpt lat="22.26354" lon="114.19222">
        <ele>189</ele>
        <time>2026-04-16T13:40:26+00:00</time>
      </trkpt>
      <trkpt lat="22.26357" lon="114.19229">
        <ele>189</ele>
        <time>2026-04-16T13:40:29+00:00</time>
      </trkpt>
      <trkpt lat="22.26367" lon="114.19235">
        <ele>190</ele>
        <time>2026-04-16T13:40:32+00:00</time>
      </trkpt>
      <trkpt lat="22.26371" lon="114.19224">
        <ele>187</ele>
        <time>2026-04-16T13:40:35+00:00</time>
      </trkpt>
      <trkpt lat="22.26374" lon="114.19222">
        <ele>187</ele>
        <time>2026-04-16T13:40:38+00:00</time>
      </trkpt>
      <trkpt lat="22.26378" lon="114.19224">
        <ele>187</ele>
        <time>2026-04-16T13:40:41+00:00</time>
      </trkpt>
      <trkpt lat="22.26384" lon="114.19222">
        <ele>191</ele>
        <time>2026-04-16T13:40:44+00:00</time>
      </trkpt>
      <trkpt lat="22.26388" lon="114.19212">
        <ele>186</ele>
        <time>2026-04-16T13:40:47+00:00</time>
      </trkpt>
      <trkpt lat="22.26392" lon="114.19209">
        <ele>185</ele>
        <time>2026-04-16T13:40:50+00:00</time>
      </trkpt>
      <trkpt lat="22.26402" lon="114.19212">
        <ele>191</ele>
        <time>2026-04-16T13:40:53+00:00</time>
      </trkpt>
      <trkpt lat="22.26416" lon="114.19211">
        <ele>191</ele>
        <time>2026-04-16T13:40:56+00:00</time>
      </trkpt>
      <trkpt lat="22.26421" lon="114.19215">
        <ele>190</ele>
        <time>2026-04-16T13:40:59+00:00</time>
      </trkpt>
      <trkpt lat="22.26428" lon="114.19226">
        <ele>192</ele>
        <time>2026-04-16T13:41:02+00:00</time>
      </trkpt>
      <trkpt lat="22.26427" lon="114.19234">
        <ele>195</ele>
        <time>2026-04-16T13:41:05+00:00</time>
      </trkpt>
      <trkpt lat="22.26432" lon="114.19238">
        <ele>191</ele>
        <time>2026-04-16T13:41:08+00:00</time>
      </trkpt>
      <trkpt lat="22.26432" lon="114.19243">
        <ele>192</ele>
        <time>2026-04-16T13:41:11+00:00</time>
      </trkpt>
      <trkpt lat="22.2644" lon="114.19247">
        <ele>192</ele>
        <time>2026-04-16T13:41:14+00:00</time>
      </trkpt>
      <trkpt lat="22.26446" lon="114.19246">
        <ele>191</ele>
        <time>2026-04-16T13:41:17+00:00</time>
      </trkpt>
      <trkpt lat="22.26458" lon="114.19239">
        <ele>186</ele>
        <time>2026-04-16T13:41:20+00:00</time>
      </trkpt>
      <trkpt lat="22.2648" lon="114.19234">
        <ele>189</ele>
        <time>2026-04-16T13:41:23+00:00</time>
      </trkpt>
      <trkpt lat="22.26485" lon="114.19231">
        <ele>189</ele>
        <time>2026-04-16T13:41:26+00:00</time>
      </trkpt>
      <trkpt lat="22.26496" lon="114.19232">
        <ele>190</ele>
        <time>2026-04-16T13:41:29+00:00</time>
      </trkpt>
      <trkpt lat="22.26511" lon="114.19228">
        <ele>189</ele>
        <time>2026-04-16T13:41:32+00:00</time>
      </trkpt>
      <trkpt lat="22.26516" lon="114.19229">
        <ele>183</ele>
        <time>2026-04-16T13:41:35+00:00</time>
      </trkpt>
      <trkpt lat="22.26519" lon="114.19233">
        <ele>189</ele>
        <time>2026-04-16T13:41:38+00:00</time>
      </trkpt>
      <trkpt lat="22.2652" lon="114.1925">
        <ele>189</ele>
        <time>2026-04-16T13:41:41+00:00</time>
      </trkpt>
      <trkpt lat="22.26518" lon="114.19257">
        <ele>191</ele>
        <time>2026-04-16T13:41:44+00:00</time>
      </trkpt>
      <trkpt lat="22.26519" lon="114.19265">
        <ele>193</ele>
        <time>2026-04-16T13:41:47+00:00</time>
      </trkpt>
      <trkpt lat="22.26522" lon="114.19269">
        <ele>189</ele>
        <time>2026-04-16T13:41:50+00:00</time>
      </trkpt>
      <trkpt lat="22.26521" lon="114.19275">
        <ele>190</ele>
        <time>2026-04-16T13:41:53+00:00</time>
      </trkpt>
      <trkpt lat="22.26525" lon="114.19288">
        <ele>193</ele>
        <time>2026-04-16T13:41:56+00:00</time>
      </trkpt>
      <trkpt lat="22.26525" lon="114.19305">
        <ele>195</ele>
        <time>2026-04-16T13:41:59+00:00</time>
      </trkpt>
      <trkpt lat="22.26531" lon="114.19309">
        <ele>193</ele>
        <time>2026-04-16T13:42:02+00:00</time>
      </trkpt>
      <trkpt lat="22.26539" lon="114.19311">
        <ele>196</ele>
        <time>2026-04-16T13:42:05+00:00</time>
      </trkpt>
      <trkpt lat="22.26541" lon="114.19308">
        <ele>191</ele>
        <time>2026-04-16T13:42:08+00:00</time>
      </trkpt>
      <trkpt lat="22.26547" lon="114.19308">
        <ele>191</ele>
        <time>2026-04-16T13:42:11+00:00</time>
      </trkpt>
      <trkpt lat="22.26549" lon="114.19312">
        <ele>193</ele>
        <time>2026-04-16T13:42:14+00:00</time>
      </trkpt>
      <trkpt lat="22.26558" lon="114.19314">
        <ele>194</ele>
        <time>2026-04-16T13:42:17+00:00</time>
      </trkpt>
      <trkpt lat="22.26563" lon="114.19324">
        <ele>199</ele>
        <time>2026-04-16T13:42:20+00:00</time>
      </trkpt>
      <trkpt lat="22.2656" lon="114.19327">
        <ele>199</ele>
        <time>2026-04-16T13:42:23+00:00</time>
      </trkpt>
      <trkpt lat="22.26563" lon="114.19351">
        <ele>203</ele>
        <time>2026-04-16T13:42:26+00:00</time>
      </trkpt>
      <trkpt lat="22.26561" lon="114.19357">
        <ele>208</ele>
        <time>2026-04-16T13:42:29+00:00</time>
      </trkpt>
      <trkpt lat="22.26564" lon="114.19363">
        <ele>207</ele>
        <time>2026-04-16T13:42:32+00:00</time>
      </trkpt>
      <trkpt lat="22.26567" lon="114.19364">
        <ele>207</ele>
        <time>2026-04-16T13:42:35+00:00</time>
      </trkpt>
      <trkpt lat="22.2657" lon="114.19369">
        <ele>203</ele>
        <time>2026-04-16T13:42:38+00:00</time>
      </trkpt>
      <trkpt lat="22.26577" lon="114.19372">
        <ele>204</ele>
        <time>2026-04-16T13:42:41+00:00</time>
      </trkpt>
      <trkpt lat="22.26596" lon="114.19386">
        <ele>205</ele>
        <time>2026-04-16T13:42:44+00:00</time>
      </trkpt>
      <trkpt lat="22.26601" lon="114.19383">
        <ele>203</ele>
        <time>2026-04-16T13:42:47+00:00</time>
      </trkpt>
      <trkpt lat="22.26606" lon="114.19382">
        <ele>205</ele>
        <time>2026-04-16T13:42:50+00:00</time>
      </trkpt>
      <trkpt lat="22.26607" lon="114.19384">
        <ele>205</ele>
        <time>2026-04-16T13:42:53+00:00</time>
      </trkpt>
      <trkpt lat="22.26633" lon="114.19386">
        <ele>202</ele>
        <time>2026-04-16T13:42:56+00:00</time>
      </trkpt>
      <trkpt lat="22.26636" lon="114.19389">
        <ele>202</ele>
        <time>2026-04-16T13:42:59+00:00</time>
      </trkpt>
      <trkpt lat="22.26645" lon="114.1939">
        <ele>202</ele>
        <time>2026-04-16T13:43:02+00:00</time>
      </trkpt>
      <trkpt lat="22.26652" lon="114.19393">
        <ele>197</ele>
        <time>2026-04-16T13:43:05+00:00</time>
      </trkpt>
      <trkpt lat="22.26661" lon="114.19409">
        <ele>201</ele>
        <time>2026-04-16T13:43:08+00:00</time>
      </trkpt>
      <trkpt lat="22.26668" lon="114.19411">
        <ele>200</ele>
        <time>2026-04-16T13:43:11+00:00</time>
      </trkpt>
      <trkpt lat="22.26684" lon="114.1942">
        <ele>200</ele>
        <time>2026-04-16T13:43:14+00:00</time>
      </trkpt>
      <trkpt lat="22.26691" lon="114.19417">
        <ele>196</ele>
        <time>2026-04-16T13:43:17+00:00</time>
      </trkpt>
      <trkpt lat="22.26694" lon="114.19412">
        <ele>196</ele>
        <time>2026-04-16T13:43:20+00:00</time>
      </trkpt>
      <trkpt lat="22.26705" lon="114.19413">
        <ele>198</ele>
        <time>2026-04-16T13:43:23+00:00</time>
      </trkpt>
      <trkpt lat="22.26709" lon="114.19411">
        <ele>198</ele>
        <time>2026-04-16T13:43:26+00:00</time>
      </trkpt>
      <trkpt lat="22.26729" lon="114.19414">
        <ele>197</ele>
        <time>2026-04-16T13:43:29+00:00</time>
      </trkpt>
      <trkpt lat="22.26734" lon="114.19409">
        <ele>191</ele>
        <time>2026-04-16T13:43:32+00:00</time>
      </trkpt>
      <trkpt lat="22.26741" lon="114.19415">
        <ele>189</ele>
        <time>2026-04-16T13:43:35+00:00</time>
      </trkpt>
      <trkpt lat="22.26745" lon="114.19414">
        <ele>189</ele>
        <time>2026-04-16T13:43:38+00:00</time>
      </trkpt>
      <trkpt lat="22.26747" lon="114.19408">
        <ele>186</ele>
        <time>2026-04-16T13:43:41+00:00</time>
      </trkpt>
      <trkpt lat="22.26753" lon="114.19409">
        <ele>191</ele>
        <time>2026-04-16T13:43:44+00:00</time>
      </trkpt>
      <trkpt lat="22.26755" lon="114.19406">
        <ele>181</ele>
        <time>2026-04-16T13:43:47+00:00</time>
      </trkpt>
      <trkpt lat="22.26771" lon="114.19415">
        <ele>188</ele>
        <time>2026-04-16T13:43:50+00:00</time>
      </trkpt>
      <trkpt lat="22.26776" lon="114.19421">
        <ele>188</ele>
        <time>2026-04-16T13:43:53+00:00</time>
      </trkpt>
      <trkpt lat="22.26797" lon="114.19433">
        <ele>192</ele>
        <time>2026-04-16T13:43:56+00:00</time>
      </trkpt>
      <trkpt lat="22.26812" lon="114.19453">
        <ele>186</ele>
        <time>2026-04-16T13:43:59+00:00</time>
      </trkpt>
      <trkpt lat="22.26827" lon="114.19478">
        <ele>186</ele>
        <time>2026-04-16T13:44:02+00:00</time>
      </trkpt>
      <trkpt lat="22.26851" lon="114.19505">
        <ele>187</ele>
        <time>2026-04-16T13:44:05+00:00</time>
      </trkpt>
      <trkpt lat="22.26882" lon="114.19539">
        <ele>189</ele>
        <time>2026-04-16T13:44:08+00:00</time>
      </trkpt>
      <trkpt lat="22.26897" lon="114.19559">
        <ele>196</ele>
        <time>2026-04-16T13:44:11+00:00</time>
      </trkpt>
      <trkpt lat="22.26906" lon="114.19578">
        <ele>200</ele>
        <time>2026-04-16T13:44:14+00:00</time>
      </trkpt>
      <trkpt lat="22.26916" lon="114.19597">
        <ele>199</ele>
        <time>2026-04-16T13:44:17+00:00</time>
      </trkpt>
      <trkpt lat="22.26928" lon="114.19608">
        <ele>204</ele>
        <time>2026-04-16T13:44:20+00:00</time>
      </trkpt>
      <trkpt lat="22.26945" lon="114.19618">
        <ele>202</ele>
        <time>2026-04-16T13:44:23+00:00</time>
      </trkpt>
      <trkpt lat="22.27003" lon="114.19642">
        <ele>205</ele>
        <time>2026-04-16T13:44:26+00:00</time>
      </trkpt>
      <trkpt lat="22.27023" lon="114.19655">
        <ele>207</ele>
        <time>2026-04-16T13:44:29+00:00</time>
      </trkpt>
      <trkpt lat="22.27044" lon="114.19675">
        <ele>210</ele>
        <time>2026-04-16T13:44:32+00:00</time>
      </trkpt>
      <trkpt lat="22.27077" lon="114.19705">
        <ele>214</ele>
        <time>2026-04-16T13:44:35+00:00</time>
      </trkpt>
      <trkpt lat="22.27091" lon="114.19726">
        <ele>215</ele>
        <time>2026-04-16T13:44:38+00:00</time>
      </trkpt>
      <trkpt lat="22.27086" lon="114.1975">
        <ele>216</ele>
        <time>2026-04-16T13:44:41+00:00</time>
      </trkpt>
      <trkpt lat="22.2708" lon="114.19779">
        <ele>219</ele>
        <time>2026-04-16T13:44:44+00:00</time>
      </trkpt>
      <trkpt lat="22.27089" lon="114.19813">
        <ele>226</ele>
        <time>2026-04-16T13:44:47+00:00</time>
      </trkpt>
      <trkpt lat="22.27088" lon="114.19826">
        <ele>227</ele>
        <time>2026-04-16T13:44:50+00:00</time>
      </trkpt>
      <trkpt lat="22.27081" lon="114.19836">
        <ele>224</ele>
        <time>2026-04-16T13:44:53+00:00</time>
      </trkpt>
      <trkpt lat="22.27059" lon="114.19839">
        <ele>233</ele>
        <time>2026-04-16T13:44:56+00:00</time>
      </trkpt>
      <trkpt lat="22.27041" lon="114.19847">
        <ele>227</ele>
        <time>2026-04-16T13:44:59+00:00</time>
      </trkpt>
      <trkpt lat="22.27017" lon="114.19868">
        <ele>236</ele>
        <time>2026-04-16T13:45:02+00:00</time>
      </trkpt>
      <trkpt lat="22.26979" lon="114.19902">
        <ele>242</ele>
        <time>2026-04-16T13:45:05+00:00</time>
      </trkpt>
      <trkpt lat="22.26975" lon="114.19909">
        <ele>242</ele>
        <time>2026-04-16T13:45:08+00:00</time>
      </trkpt>
      <trkpt lat="22.26974" lon="114.19918">
        <ele>241</ele>
        <time>2026-04-16T13:45:11+00:00</time>
      </trkpt>
      <trkpt lat="22.26958" lon="114.19931">
        <ele>241</ele>
        <time>2026-04-16T13:45:14+00:00</time>
      </trkpt>
      <trkpt lat="22.2691" lon="114.19967">
        <ele>242</ele>
        <time>2026-04-16T13:45:17+00:00</time>
      </trkpt>
      <trkpt lat="22.26897" lon="114.1999">
        <ele>242</ele>
        <time>2026-04-16T13:45:20+00:00</time>
      </trkpt>
      <trkpt lat="22.26887" lon="114.20032">
        <ele>242</ele>
        <time>2026-04-16T13:45:23+00:00</time>
      </trkpt>
      <trkpt lat="22.2692" lon="114.20064">
        <ele>232</ele>
        <time>2026-04-16T13:45:26+00:00</time>
      </trkpt>
      <trkpt lat="22.26925" lon="114.2008">
        <ele>232</ele>
        <time>2026-04-16T13:45:29+00:00</time>
      </trkpt>
      <trkpt lat="22.26908" lon="114.20118">
        <ele>231</ele>
        <time>2026-04-16T13:45:32+00:00</time>
      </trkpt>
      <trkpt lat="22.26915" lon="114.20151">
        <ele>230</ele>
        <time>2026-04-16T13:45:35+00:00</time>
      </trkpt>
      <trkpt lat="22.26938" lon="114.20171">
        <ele>230</ele>
        <time>2026-04-16T13:45:38+00:00</time>
      </trkpt>
      <trkpt lat="22.26982" lon="114.20173">
        <ele>233</ele>
        <time>2026-04-16T13:45:41+00:00</time>
      </trkpt>
      <trkpt lat="22.26995" lon="114.20178">
        <ele>234</ele>
        <time>2026-04-16T13:45:44+00:00</time>
      </trkpt>
      <trkpt lat="22.27013" lon="114.2017">
        <ele>233</ele>
        <time>2026-04-16T13:45:47+00:00</time>
      </trkpt>
      <trkpt lat="22.27022" lon="114.20159">
        <ele>236</ele>
        <time>2026-04-16T13:45:50+00:00</time>
      </trkpt>
      <trkpt lat="22.27048" lon="114.20141">
        <ele>240</ele>
        <time>2026-04-16T13:45:53+00:00</time>
      </trkpt>
      <trkpt lat="22.27086" lon="114.20115">
        <ele>243</ele>
        <time>2026-04-16T13:45:56+00:00</time>
      </trkpt>
      <trkpt lat="22.27118" lon="114.20098">
        <ele>247</ele>
        <time>2026-04-16T13:45:59+00:00</time>
      </trkpt>
      <trkpt lat="22.27135" lon="114.20095">
        <ele>250</ele>
        <time>2026-04-16T13:46:02+00:00</time>
      </trkpt>
      <trkpt lat="22.27164" lon="114.20101">
        <ele>255</ele>
        <time>2026-04-16T13:46:05+00:00</time>
      </trkpt>
      <trkpt lat="22.27206" lon="114.20109">
        <ele>260</ele>
        <time>2026-04-16T13:46:08+00:00</time>
      </trkpt>
      <trkpt lat="22.27222" lon="114.20101">
        <ele>264</ele>
        <time>2026-04-16T13:46:11+00:00</time>
      </trkpt>
      <trkpt lat="22.27231" lon="114.2009">
        <ele>263</ele>
        <time>2026-04-16T13:46:14+00:00</time>
      </trkpt>
      <trkpt lat="22.27257" lon="114.20094">
        <ele>266</ele>
        <time>2026-04-16T13:46:17+00:00</time>
      </trkpt>
      <trkpt lat="22.27283" lon="114.2008">
        <ele>266</ele>
        <time>2026-04-16T13:46:20+00:00</time>
      </trkpt>
      <trkpt lat="22.273" lon="114.20079">
        <ele>266</ele>
        <time>2026-04-16T13:46:23+00:00</time>
      </trkpt>
      <trkpt lat="22.27328" lon="114.20067">
        <ele>266</ele>
        <time>2026-04-16T13:46:26+00:00</time>
      </trkpt>
      <trkpt lat="22.27339" lon="114.20068">
        <ele>268</ele>
        <time>2026-04-16T13:46:29+00:00</time>
      </trkpt>
      <trkpt lat="22.27356" lon="114.20074">
        <ele>264</ele>
        <time>2026-04-16T13:46:32+00:00</time>
      </trkpt>
      <trkpt lat="22.27384" lon="114.20048">
        <ele>265</ele>
        <time>2026-04-16T13:46:35+00:00</time>
      </trkpt>
      <trkpt lat="22.27388" lon="114.20047">
        <ele>263</ele>
        <time>2026-04-16T13:46:38+00:00</time>
      </trkpt>
      <trkpt lat="22.27422" lon="114.20046">
        <ele>264</ele>
        <time>2026-04-16T13:46:41+00:00</time>
      </trkpt>
      <trkpt lat="22.2743" lon="114.20056">
        <ele>269</ele>
        <time>2026-04-16T13:46:44+00:00</time>
      </trkpt>
      <trkpt lat="22.27436" lon="114.20047">
        <ele>269</ele>
        <time>2026-04-16T13:46:47+00:00</time>
      </trkpt>
      <trkpt lat="22.27439" lon="114.20022">
        <ele>264</ele>
        <time>2026-04-16T13:46:50+00:00</time>
      </trkpt>
      <trkpt lat="22.27443" lon="114.19994">
        <ele>260</ele>
        <time>2026-04-16T13:46:53+00:00</time>
      </trkpt>
      <trkpt lat="22.27448" lon="114.19985">
        <ele>258</ele>
        <time>2026-04-16T13:46:56+00:00</time>
      </trkpt>
      <trkpt lat="22.27454" lon="114.1998">
        <ele>259</ele>
        <time>2026-04-16T13:46:59+00:00</time>
      </trkpt>
      <trkpt lat="22.27479" lon="114.19983">
        <ele>258</ele>
        <time>2026-04-16T13:47:02+00:00</time>
      </trkpt>
      <trkpt lat="22.27482" lon="114.19978">
        <ele>255</ele>
        <time>2026-04-16T13:47:05+00:00</time>
      </trkpt>
      <trkpt lat="22.27489" lon="114.19955">
        <ele>250</ele>
        <time>2026-04-16T13:47:08+00:00</time>
      </trkpt>
      <trkpt lat="22.27497" lon="114.1995">
        <ele>252</ele>
        <time>2026-04-16T13:47:11+00:00</time>
      </trkpt>
      <trkpt lat="22.27512" lon="114.19949">
        <ele>249</ele>
        <time>2026-04-16T13:47:14+00:00</time>
      </trkpt>
      <trkpt lat="22.27543" lon="114.19966">
        <ele>252</ele>
        <time>2026-04-16T13:47:17+00:00</time>
      </trkpt>
      <trkpt lat="22.27545" lon="114.19971">
        <ele>250</ele>
        <time>2026-04-16T13:47:20+00:00</time>
      </trkpt>
      <trkpt lat="22.27547" lon="114.19993">
        <ele>249</ele>
        <time>2026-04-16T13:47:23+00:00</time>
      </trkpt>
      <trkpt lat="22.27552" lon="114.19997">
        <ele>250</ele>
        <time>2026-04-16T13:47:26+00:00</time>
      </trkpt>
      <trkpt lat="22.27566" lon="114.19997">
        <ele>246</ele>
        <time>2026-04-16T13:47:29+00:00</time>
      </trkpt>
      <trkpt lat="22.2757" lon="114.19996">
        <ele>246</ele>
        <time>2026-04-16T13:47:32+00:00</time>
      </trkpt>
      <trkpt lat="22.27577" lon="114.19991">
        <ele>246</ele>
        <time>2026-04-16T13:47:35+00:00</time>
      </trkpt>
      <trkpt lat="22.27582" lon="114.19972">
        <ele>243</ele>
        <time>2026-04-16T13:47:38+00:00</time>
      </trkpt>
      <trkpt lat="22.27592" lon="114.19957">
        <ele>242</ele>
        <time>2026-04-16T13:47:41+00:00</time>
      </trkpt>
      <trkpt lat="22.27604" lon="114.19952">
        <ele>239</ele>
        <time>2026-04-16T13:47:44+00:00</time>
      </trkpt>
      <trkpt lat="22.27619" lon="114.1995">
        <ele>239</ele>
        <time>2026-04-16T13:47:47+00:00</time>
      </trkpt>
      <trkpt lat="22.27626" lon="114.19945">
        <ele>236</ele>
        <time>2026-04-16T13:47:50+00:00</time>
      </trkpt>
      <trkpt lat="22.27632" lon="114.19938">
        <ele>236</ele>
        <time>2026-04-16T13:47:53+00:00</time>
      </trkpt>
      <trkpt lat="22.27638" lon="114.19921">
        <ele>236</ele>
        <time>2026-04-16T13:47:56+00:00</time>
      </trkpt>
      <trkpt lat="22.27653" lon="114.19912">
        <ele>234</ele>
        <time>2026-04-16T13:47:59+00:00</time>
      </trkpt>
      <trkpt lat="22.27657" lon="114.19904">
        <ele>234</ele>
        <time>2026-04-16T13:48:02+00:00</time>
      </trkpt>
      <trkpt lat="22.27658" lon="114.19881">
        <ele>229</ele>
        <time>2026-04-16T13:48:05+00:00</time>
      </trkpt>
      <trkpt lat="22.27664" lon="114.1987">
        <ele>230</ele>
        <time>2026-04-16T13:48:08+00:00</time>
      </trkpt>
      <trkpt lat="22.27672" lon="114.19862">
        <ele>229</ele>
        <time>2026-04-16T13:48:11+00:00</time>
      </trkpt>
      <trkpt lat="22.27696" lon="114.19842">
        <ele>227</ele>
        <time>2026-04-16T13:48:14+00:00</time>
      </trkpt>
      <trkpt lat="22.27709" lon="114.19822">
        <ele>224</ele>
        <time>2026-04-16T13:48:17+00:00</time>
      </trkpt>
      <trkpt lat="22.27714" lon="114.19818">
        <ele>226</ele>
        <time>2026-04-16T13:48:20+00:00</time>
      </trkpt>
      <trkpt lat="22.27739" lon="114.19819">
        <ele>226</ele>
        <time>2026-04-16T13:48:23+00:00</time>
      </trkpt>
      <trkpt lat="22.27764" lon="114.19827">
        <ele>225</ele>
        <time>2026-04-16T13:48:26+00:00</time>
      </trkpt>
      <trkpt lat="22.27779" lon="114.19825">
        <ele>227</ele>
        <time>2026-04-16T13:48:29+00:00</time>
      </trkpt>
      <trkpt lat="22.2779" lon="114.19821">
        <ele>225</ele>
        <time>2026-04-16T13:48:32+00:00</time>
      </trkpt>
      <trkpt lat="22.27799" lon="114.19814">
        <ele>222</ele>
        <time>2026-04-16T13:48:35+00:00</time>
      </trkpt>
      <trkpt lat="22.27832" lon="114.19773">
        <ele>223</ele>
        <time>2026-04-16T13:48:38+00:00</time>
      </trkpt>
      <trkpt lat="22.27845" lon="114.19773">
        <ele>222</ele>
        <time>2026-04-16T13:48:41+00:00</time>
      </trkpt>
      <trkpt lat="22.27857" lon="114.19777">
        <ele>224</ele>
        <time>2026-04-16T13:48:44+00:00</time>
      </trkpt>
      <trkpt lat="22.27874" lon="114.19796">
        <ele>224</ele>
        <time>2026-04-16T13:48:47+00:00</time>
      </trkpt>
      <trkpt lat="22.27886" lon="114.19804">
        <ele>223</ele>
        <time>2026-04-16T13:48:50+00:00</time>
      </trkpt>
      <trkpt lat="22.27885" lon="114.19804">
        <ele>225</ele>
        <time>2026-04-16T13:48:53+00:00</time>
      </trkpt>
      <trkpt lat="22.27893" lon="114.1981">
        <ele>226</ele>
        <time>2026-04-16T13:48:56+00:00</time>
      </trkpt>
      <trkpt lat="22.27899" lon="114.19808">
        <ele>222</ele>
        <time>2026-04-16T13:48:59+00:00</time>
      </trkpt>
      <trkpt lat="22.27921" lon="114.19794">
        <ele>222</ele>
        <time>2026-04-16T13:49:02+00:00</time>
      </trkpt>
      <trkpt lat="22.27932" lon="114.19797">
        <ele>224</ele>
        <time>2026-04-16T13:49:05+00:00</time>
      </trkpt>
      <trkpt lat="22.27936" lon="114.19796">
        <ele>224</ele>
        <time>2026-04-16T13:49:08+00:00</time>
      </trkpt>
      <trkpt lat="22.27944" lon="114.19777">
        <ele>222</ele>
        <time>2026-04-16T13:49:11+00:00</time>
      </trkpt>
      <trkpt lat="22.27966" lon="114.19746">
        <ele>221</ele>
        <time>2026-04-16T13:49:14+00:00</time>
      </trkpt>
      <trkpt lat="22.27979" lon="114.19736">
        <ele>222</ele>
        <time>2026-04-16T13:49:17+00:00</time>
      </trkpt>
      <trkpt lat="22.27987" lon="114.19736">
        <ele>225</ele>
        <time>2026-04-16T13:49:20+00:00</time>
      </trkpt>
      <trkpt lat="22.28011" lon="114.19748">
        <ele>221</ele>
        <time>2026-04-16T13:49:23+00:00</time>
      </trkpt>
      <trkpt lat="22.28028" lon="114.19749">
        <ele>215</ele>
        <time>2026-04-16T13:49:26+00:00</time>
      </trkpt>
      <trkpt lat="22.28039" lon="114.1976">
        <ele>221</ele>
        <time>2026-04-16T13:49:29+00:00</time>
      </trkpt>
      <trkpt lat="22.28041" lon="114.19773">
        <ele>217</ele>
        <time>2026-04-16T13:49:32+00:00</time>
      </trkpt>
      <trkpt lat="22.28036" lon="114.19791">
        <ele>218</ele>
        <time>2026-04-16T13:49:35+00:00</time>
      </trkpt>
      <trkpt lat="22.28026" lon="114.19809">
        <ele>220</ele>
        <time>2026-04-16T13:49:38+00:00</time>
      </trkpt>
      <trkpt lat="22.28032" lon="114.1981">
        <ele>213</ele>
        <time>2026-04-16T13:49:41+00:00</time>
      </trkpt>
      <trkpt lat="22.28047" lon="114.19806">
        <ele>212</ele>
        <time>2026-04-16T13:49:44+00:00</time>
      </trkpt>
      <trkpt lat="22.28054" lon="114.19801">
        <ele>213</ele>
        <time>2026-04-16T13:49:47+00:00</time>
      </trkpt>
      <trkpt lat="22.28064" lon="114.19782">
        <ele>212</ele>
        <time>2026-04-16T13:49:50+00:00</time>
      </trkpt>
      <trkpt lat="22.28077" lon="114.19766">
        <ele>205</ele>
        <time>2026-04-16T13:49:53+00:00</time>
      </trkpt>
      <trkpt lat="22.28084" lon="114.19762">
        <ele>207</ele>
        <time>2026-04-16T13:49:56+00:00</time>
      </trkpt>
      <trkpt lat="22.28145" lon="114.19757">
        <ele>204</ele>
        <time>2026-04-16T13:49:59+00:00</time>
      </trkpt>
      <trkpt lat="22.28153" lon="114.19755">
        <ele>200</ele>
        <time>2026-04-16T13:50:02+00:00</time>
      </trkpt>
      <trkpt lat="22.28162" lon="114.19771">
        <ele>202</ele>
        <time>2026-04-16T13:50:05+00:00</time>
      </trkpt>
      <trkpt lat="22.28173" lon="114.19782">
        <ele>201</ele>
        <time>2026-04-16T13:50:08+00:00</time>
      </trkpt>
      <trkpt lat="22.28177" lon="114.19792">
        <ele>202</ele>
        <time>2026-04-16T13:50:11+00:00</time>
      </trkpt>
      <trkpt lat="22.28168" lon="114.19812">
        <ele>200</ele>
        <time>2026-04-16T13:50:14+00:00</time>
      </trkpt>
      <trkpt lat="22.28158" lon="114.19822">
        <ele>203</ele>
        <time>2026-04-16T13:50:17+00:00</time>
      </trkpt>
      <trkpt lat="22.28136" lon="114.19825">
        <ele>202</ele>
        <time>2026-04-16T13:50:20+00:00</time>
      </trkpt>
      <trkpt lat="22.2812" lon="114.19846">
        <ele>205</ele>
        <time>2026-04-16T13:50:23+00:00</time>
      </trkpt>
      <trkpt lat="22.28118" lon="114.19852">
        <ele>203</ele>
        <time>2026-04-16T13:50:26+00:00</time>
      </trkpt>
      <trkpt lat="22.28119" lon="114.19864">
        <ele>203</ele>
        <time>2026-04-16T13:50:29+00:00</time>
      </trkpt>
      <trkpt lat="22.28087" lon="114.19888">
        <ele>206</ele>
        <time>2026-04-16T13:50:32+00:00</time>
      </trkpt>
      <trkpt lat="22.28079" lon="114.19914">
        <ele>206</ele>
        <time>2026-04-16T13:50:35+00:00</time>
      </trkpt>
      <trkpt lat="22.2808" lon="114.19919">
        <ele>201</ele>
        <time>2026-04-16T13:50:38+00:00</time>
      </trkpt>
      <trkpt lat="22.28117" lon="114.19927">
        <ele>201</ele>
        <time>2026-04-16T13:50:41+00:00</time>
      </trkpt>
      <trkpt lat="22.28123" lon="114.19931">
        <ele>200</ele>
        <time>2026-04-16T13:50:44+00:00</time>
      </trkpt>
      <trkpt lat="22.28134" lon="114.19943">
        <ele>201</ele>
        <time>2026-04-16T13:50:47+00:00</time>
      </trkpt>
      <trkpt lat="22.28158" lon="114.1996">
        <ele>201</ele>
        <time>2026-04-16T13:50:50+00:00</time>
      </trkpt>
      <trkpt lat="22.28187" lon="114.19962">
        <ele>197</ele>
        <time>2026-04-16T13:50:53+00:00</time>
      </trkpt>
      <trkpt lat="22.28201" lon="114.19968">
        <ele>194</ele>
        <time>2026-04-16T13:50:56+00:00</time>
      </trkpt>
      <trkpt lat="22.28222" lon="114.19969">
        <ele>197</ele>
        <time>2026-04-16T13:50:59+00:00</time>
      </trkpt>
      <trkpt lat="22.28226" lon="114.19972">
        <ele>197</ele>
        <time>2026-04-16T13:51:02+00:00</time>
      </trkpt>
      <trkpt lat="22.28238" lon="114.19985">
        <ele>201</ele>
        <time>2026-04-16T13:51:05+00:00</time>
      </trkpt>
      <trkpt lat="22.28243" lon="114.19999">
        <ele>198</ele>
        <time>2026-04-16T13:51:08+00:00</time>
      </trkpt>
      <trkpt lat="22.28244" lon="114.20016">
        <ele>201</ele>
        <time>2026-04-16T13:51:11+00:00</time>
      </trkpt>
      <trkpt lat="22.28241" lon="114.20029">
        <ele>197</ele>
        <time>2026-04-16T13:51:14+00:00</time>
      </trkpt>
      <trkpt lat="22.28247" lon="114.20035">
        <ele>203</ele>
        <time>2026-04-16T13:51:17+00:00</time>
      </trkpt>
      <trkpt lat="22.28254" lon="114.20033">
        <ele>199</ele>
        <time>2026-04-16T13:51:20+00:00</time>
      </trkpt>
      <trkpt lat="22.28275" lon="114.20021">
        <ele>197</ele>
        <time>2026-04-16T13:51:23+00:00</time>
      </trkpt>
      <trkpt lat="22.28296" lon="114.2002">
        <ele>194</ele>
        <time>2026-04-16T13:51:26+00:00</time>
      </trkpt>
      <trkpt lat="22.28306" lon="114.20018">
        <ele>194</ele>
        <time>2026-04-16T13:51:29+00:00</time>
      </trkpt>
      <trkpt lat="22.28325" lon="114.20019">
        <ele>189</ele>
        <time>2026-04-16T13:51:32+00:00</time>
      </trkpt>
      <trkpt lat="22.28332" lon="114.20022">
        <ele>196</ele>
        <time>2026-04-16T13:51:35+00:00</time>
      </trkpt>
      <trkpt lat="22.28344" lon="114.20037">
        <ele>192</ele>
        <time>2026-04-16T13:51:38+00:00</time>
      </trkpt>
      <trkpt lat="22.28345" lon="114.20052">
        <ele>196</ele>
        <time>2026-04-16T13:51:41+00:00</time>
      </trkpt>
      <trkpt lat="22.2835" lon="114.20061">
        <ele>202</ele>
        <time>2026-04-16T13:51:44+00:00</time>
      </trkpt>
      <trkpt lat="22.28369" lon="114.20074">
        <ele>197</ele>
        <time>2026-04-16T13:51:47+00:00</time>
      </trkpt>
      <trkpt lat="22.28373" lon="114.20082">
        <ele>196</ele>
        <time>2026-04-16T13:51:50+00:00</time>
      </trkpt>
      <trkpt lat="22.28374" lon="114.2009">
        <ele>197</ele>
        <time>2026-04-16T13:51:53+00:00</time>
      </trkpt>
      <trkpt lat="22.2837" lon="114.20101">
        <ele>198</ele>
        <time>2026-04-16T13:51:56+00:00</time>
      </trkpt>
      <trkpt lat="22.28371" lon="114.20109">
        <ele>198</ele>
        <time>2026-04-16T13:51:59+00:00</time>
      </trkpt>
      <trkpt lat="22.28371" lon="114.20108">
        <ele>198</ele>
        <time>2026-04-16T13:52:02+00:00</time>
      </trkpt>
      <trkpt lat="22.28379" lon="114.2012">
        <ele>203</ele>
        <time>2026-04-16T13:52:05+00:00</time>
      </trkpt>
      <trkpt lat="22.28383" lon="114.20141">
        <ele>200</ele>
        <time>2026-04-16T13:52:08+00:00</time>
      </trkpt>
      <trkpt lat="22.28391" lon="114.20151">
        <ele>199</ele>
        <time>2026-04-16T13:52:11+00:00</time>
      </trkpt>
      <trkpt lat="22.284" lon="114.20168">
        <ele>200</ele>
        <time>2026-04-16T13:52:14+00:00</time>
      </trkpt>
      <trkpt lat="22.28401" lon="114.2018">
        <ele>198</ele>
        <time>2026-04-16T13:52:17+00:00</time>
      </trkpt>
      <trkpt lat="22.28416" lon="114.20218">
        <ele>200</ele>
        <time>2026-04-16T13:52:20+00:00</time>
      </trkpt>
      <trkpt lat="22.28422" lon="114.20223">
        <ele>197</ele>
        <time>2026-04-16T13:52:23+00:00</time>
      </trkpt>
      <trkpt lat="22.28423" lon="114.20238">
        <ele>198</ele>
        <time>2026-04-16T13:52:26+00:00</time>
      </trkpt>
      <trkpt lat="22.28412" lon="114.20246">
        <ele>201</ele>
        <time>2026-04-16T13:52:29+00:00</time>
      </trkpt>
      <trkpt lat="22.28395" lon="114.20255">
        <ele>202</ele>
        <time>2026-04-16T13:52:32+00:00</time>
      </trkpt>
      <trkpt lat="22.28376" lon="114.20254">
        <ele>201</ele>
        <time>2026-04-16T13:52:35+00:00</time>
      </trkpt>
      <trkpt lat="22.28346" lon="114.2026">
        <ele>201</ele>
        <time>2026-04-16T13:52:38+00:00</time>
      </trkpt>
      <trkpt lat="22.28341" lon="114.20267">
        <ele>201</ele>
        <time>2026-04-16T13:52:41+00:00</time>
      </trkpt>
      <trkpt lat="22.28346" lon="114.20287">
        <ele>200</ele>
        <time>2026-04-16T13:52:44+00:00</time>
      </trkpt>
      <trkpt lat="22.28344" lon="114.20294">
        <ele>198</ele>
        <time>2026-04-16T13:52:47+00:00</time>
      </trkpt>
      <trkpt lat="22.28339" lon="114.20299">
        <ele>203</ele>
        <time>2026-04-16T13:52:50+00:00</time>
      </trkpt>
      <trkpt lat="22.28331" lon="114.20301">
        <ele>198</ele>
        <time>2026-04-16T13:52:53+00:00</time>
      </trkpt>
      <trkpt lat="22.28321" lon="114.20301">
        <ele>200</ele>
        <time>2026-04-16T13:52:56+00:00</time>
      </trkpt>
      <trkpt lat="22.28304" lon="114.20309">
        <ele>205</ele>
        <time>2026-04-16T13:52:59+00:00</time>
      </trkpt>
      <trkpt lat="22.283" lon="114.20321">
        <ele>201</ele>
        <time>2026-04-16T13:53:02+00:00</time>
      </trkpt>
      <trkpt lat="22.28318" lon="114.20339">
        <ele>202</ele>
        <time>2026-04-16T13:53:05+00:00</time>
      </trkpt>
      <trkpt lat="22.28334" lon="114.20363">
        <ele>200</ele>
        <time>2026-04-16T13:53:08+00:00</time>
      </trkpt>
      <trkpt lat="22.28342" lon="114.20362">
        <ele>201</ele>
        <time>2026-04-16T13:53:11+00:00</time>
      </trkpt>
      <trkpt lat="22.28355" lon="114.20353">
        <ele>199</ele>
        <time>2026-04-16T13:53:14+00:00</time>
      </trkpt>
      <trkpt lat="22.28362" lon="114.20352">
        <ele>200</ele>
        <time>2026-04-16T13:53:17+00:00</time>
      </trkpt>
      <trkpt lat="22.28384" lon="114.20361">
        <ele>202</ele>
        <time>2026-04-16T13:53:20+00:00</time>
      </trkpt>
      <trkpt lat="22.28406" lon="114.20361">
        <ele>199</ele>
        <time>2026-04-16T13:53:23+00:00</time>
      </trkpt>
      <trkpt lat="22.28405" lon="114.20361">
        <ele>199</ele>
        <time>2026-04-16T13:53:26+00:00</time>
      </trkpt>
      <trkpt lat="22.2841" lon="114.20362">
        <ele>197</ele>
        <time>2026-04-16T13:53:29+00:00</time>
      </trkpt>
      <trkpt lat="22.28428" lon="114.20377">
        <ele>199</ele>
        <time>2026-04-16T13:53:32+00:00</time>
      </trkpt>
      <trkpt lat="22.28434" lon="114.20386">
        <ele>197</ele>
        <time>2026-04-16T13:53:35+00:00</time>
      </trkpt>
      <trkpt lat="22.28436" lon="114.20397">
        <ele>200</ele>
        <time>2026-04-16T13:53:38+00:00</time>
      </trkpt>
      <trkpt lat="22.28433" lon="114.20405">
        <ele>200</ele>
        <time>2026-04-16T13:53:41+00:00</time>
      </trkpt>
      <trkpt lat="22.28409" lon="114.20446">
        <ele>199</ele>
        <time>2026-04-16T13:53:44+00:00</time>
      </trkpt>
      <trkpt lat="22.28405" lon="114.20465">
        <ele>201</ele>
        <time>2026-04-16T13:53:47+00:00</time>
      </trkpt>
      <trkpt lat="22.28402" lon="114.20474">
        <ele>200</ele>
        <time>2026-04-16T13:53:50+00:00</time>
      </trkpt>
      <trkpt lat="22.28396" lon="114.20477">
        <ele>200</ele>
        <time>2026-04-16T13:53:53+00:00</time>
      </trkpt>
      <trkpt lat="22.28387" lon="114.20475">
        <ele>198</ele>
        <time>2026-04-16T13:53:56+00:00</time>
      </trkpt>
      <trkpt lat="22.28367" lon="114.20454">
        <ele>202</ele>
        <time>2026-04-16T13:53:59+00:00</time>
      </trkpt>
      <trkpt lat="22.28356" lon="114.20448">
        <ele>204</ele>
        <time>2026-04-16T13:54:02+00:00</time>
      </trkpt>
      <trkpt lat="22.28349" lon="114.20449">
        <ele>205</ele>
        <time>2026-04-16T13:54:05+00:00</time>
      </trkpt>
      <trkpt lat="22.28343" lon="114.20454">
        <ele>203</ele>
        <time>2026-04-16T13:54:08+00:00</time>
      </trkpt>
      <trkpt lat="22.28342" lon="114.20462">
        <ele>204</ele>
        <time>2026-04-16T13:54:11+00:00</time>
      </trkpt>
      <trkpt lat="22.28349" lon="114.20474">
        <ele>206</ele>
        <time>2026-04-16T13:54:14+00:00</time>
      </trkpt>
      <trkpt lat="22.28368" lon="114.20494">
        <ele>202</ele>
        <time>2026-04-16T13:54:17+00:00</time>
      </trkpt>
      <trkpt lat="22.28392" lon="114.20521">
        <ele>202</ele>
        <time>2026-04-16T13:54:20+00:00</time>
      </trkpt>
      <trkpt lat="22.28392" lon="114.2052">
        <ele>201</ele>
        <time>2026-04-16T13:54:23+00:00</time>
      </trkpt>
      <trkpt lat="22.28396" lon="114.20532">
        <ele>202</ele>
        <time>2026-04-16T13:54:26+00:00</time>
      </trkpt>
      <trkpt lat="22.28394" lon="114.20546">
        <ele>202</ele>
        <time>2026-04-16T13:54:29+00:00</time>
      </trkpt>
      <trkpt lat="22.28375" lon="114.2057">
        <ele>201</ele>
        <time>2026-04-16T13:54:32+00:00</time>
      </trkpt>
      <trkpt lat="22.2836" lon="114.20579">
        <ele>206</ele>
        <time>2026-04-16T13:54:35+00:00</time>
      </trkpt>
      <trkpt lat="22.28359" lon="114.20593">
        <ele>203</ele>
        <time>2026-04-16T13:54:38+00:00</time>
      </trkpt>
      <trkpt lat="22.28355" lon="114.20598">
        <ele>200</ele>
        <time>2026-04-16T13:54:41+00:00</time>
      </trkpt>
      <trkpt lat="22.28343" lon="114.20601">
        <ele>198</ele>
        <time>2026-04-16T13:54:44+00:00</time>
      </trkpt>
      <trkpt lat="22.28317" lon="114.20597">
        <ele>202</ele>
        <time>2026-04-16T13:54:47+00:00</time>
      </trkpt>
      <trkpt lat="22.28313" lon="114.20597">
        <ele>205</ele>
        <time>2026-04-16T13:54:50+00:00</time>
      </trkpt>
      <trkpt lat="22.28306" lon="114.206">
        <ele>204</ele>
        <time>2026-04-16T13:54:53+00:00</time>
      </trkpt>
      <trkpt lat="22.28301" lon="114.20608">
        <ele>204</ele>
        <time>2026-04-16T13:54:56+00:00</time>
      </trkpt>
      <trkpt lat="22.28302" lon="114.20621">
        <ele>202</ele>
        <time>2026-04-16T13:54:59+00:00</time>
      </trkpt>
      <trkpt lat="22.28312" lon="114.20637">
        <ele>200</ele>
        <time>2026-04-16T13:55:02+00:00</time>
      </trkpt>
      <trkpt lat="22.2833" lon="114.20653">
        <ele>202</ele>
        <time>2026-04-16T13:55:05+00:00</time>
      </trkpt>
      <trkpt lat="22.28339" lon="114.20667">
        <ele>204</ele>
        <time>2026-04-16T13:55:08+00:00</time>
      </trkpt>
      <trkpt lat="22.2834" lon="114.207">
        <ele>202</ele>
        <time>2026-04-16T13:55:11+00:00</time>
      </trkpt>
      <trkpt lat="22.28366" lon="114.20692">
        <ele>202</ele>
        <time>2026-04-16T13:55:14+00:00</time>
      </trkpt>
      <trkpt lat="22.28381" lon="114.2068">
        <ele>204</ele>
        <time>2026-04-16T13:55:17+00:00</time>
      </trkpt>
      <trkpt lat="22.28385" lon="114.20672">
        <ele>200</ele>
        <time>2026-04-16T13:55:20+00:00</time>
      </trkpt>
      <trkpt lat="22.28392" lon="114.20664">
        <ele>199</ele>
        <time>2026-04-16T13:55:23+00:00</time>
      </trkpt>
      <trkpt lat="22.28408" lon="114.20659">
        <ele>204</ele>
        <time>2026-04-16T13:55:26+00:00</time>
      </trkpt>
      <trkpt lat="22.28419" lon="114.20663">
        <ele>200</ele>
        <time>2026-04-16T13:55:29+00:00</time>
      </trkpt>
      <trkpt lat="22.28427" lon="114.20671">
        <ele>202</ele>
        <time>2026-04-16T13:55:32+00:00</time>
      </trkpt>
      <trkpt lat="22.28429" lon="114.20691">
        <ele>204</ele>
        <time>2026-04-16T13:55:35+00:00</time>
      </trkpt>
      <trkpt lat="22.28428" lon="114.20707">
        <ele>210</ele>
        <time>2026-04-16T13:55:38+00:00</time>
      </trkpt>
      <trkpt lat="22.28433" lon="114.20712">
        <ele>207</ele>
        <time>2026-04-16T13:55:41+00:00</time>
      </trkpt>
      <trkpt lat="22.28446" lon="114.2071">
        <ele>204</ele>
        <time>2026-04-16T13:55:44+00:00</time>
      </trkpt>
      <trkpt lat="22.28457" lon="114.20716">
        <ele>202</ele>
        <time>2026-04-16T13:55:47+00:00</time>
      </trkpt>
      <trkpt lat="22.28463" lon="114.20717">
        <ele>200</ele>
        <time>2026-04-16T13:55:50+00:00</time>
      </trkpt>
      <trkpt lat="22.28487" lon="114.20704">
        <ele>199</ele>
        <time>2026-04-16T13:55:53+00:00</time>
      </trkpt>
      <trkpt lat="22.28519" lon="114.20686">
        <ele>198</ele>
        <time>2026-04-16T13:55:56+00:00</time>
      </trkpt>
      <trkpt lat="22.28523" lon="114.20679">
        <ele>197</ele>
        <time>2026-04-16T13:55:59+00:00</time>
      </trkpt>
      <trkpt lat="22.28528" lon="114.20677">
        <ele>197</ele>
        <time>2026-04-16T13:56:02+00:00</time>
      </trkpt>
      <trkpt lat="22.28542" lon="114.20679">
        <ele>198</ele>
        <time>2026-04-16T13:56:05+00:00</time>
      </trkpt>
      <trkpt lat="22.2857" lon="114.2069">
        <ele>199</ele>
        <time>2026-04-16T13:56:08+00:00</time>
      </trkpt>
      <trkpt lat="22.28578" lon="114.20695">
        <ele>199</ele>
        <time>2026-04-16T13:56:11+00:00</time>
      </trkpt>
      <trkpt lat="22.28581" lon="114.20712">
        <ele>199</ele>
        <time>2026-04-16T13:56:14+00:00</time>
      </trkpt>
      <trkpt lat="22.28579" lon="114.20721">
        <ele>204</ele>
        <time>2026-04-16T13:56:17+00:00</time>
      </trkpt>
      <trkpt lat="22.28569" lon="114.2074">
        <ele>203</ele>
        <time>2026-04-16T13:56:20+00:00</time>
      </trkpt>
      <trkpt lat="22.28558" lon="114.20748">
        <ele>205</ele>
        <time>2026-04-16T13:56:23+00:00</time>
      </trkpt>
      <trkpt lat="22.28529" lon="114.20749">
        <ele>204</ele>
        <time>2026-04-16T13:56:26+00:00</time>
      </trkpt>
      <trkpt lat="22.2851" lon="114.20758">
        <ele>206</ele>
        <time>2026-04-16T13:56:29+00:00</time>
      </trkpt>
      <trkpt lat="22.28505" lon="114.20763">
        <ele>203</ele>
        <time>2026-04-16T13:56:32+00:00</time>
      </trkpt>
      <trkpt lat="22.28503" lon="114.20769">
        <ele>206</ele>
        <time>2026-04-16T13:56:35+00:00</time>
      </trkpt>
      <trkpt lat="22.28501" lon="114.20787">
        <ele>201</ele>
        <time>2026-04-16T13:56:38+00:00</time>
      </trkpt>
      <trkpt lat="22.28494" lon="114.20788">
        <ele>204</ele>
        <time>2026-04-16T13:56:41+00:00</time>
      </trkpt>
      <trkpt lat="22.28488" lon="114.20786">
        <ele>200</ele>
        <time>2026-04-16T13:56:44+00:00</time>
      </trkpt>
      <trkpt lat="22.28466" lon="114.20775">
        <ele>202</ele>
        <time>2026-04-16T13:56:47+00:00</time>
      </trkpt>
      <trkpt lat="22.2846" lon="114.20774">
        <ele>205</ele>
        <time>2026-04-16T13:56:50+00:00</time>
      </trkpt>
      <trkpt lat="22.28453" lon="114.20776">
        <ele>206</ele>
        <time>2026-04-16T13:56:53+00:00</time>
      </trkpt>
      <trkpt lat="22.28435" lon="114.20815">
        <ele>200</ele>
        <time>2026-04-16T13:56:56+00:00</time>
      </trkpt>
      <trkpt lat="22.28428" lon="114.2082">
        <ele>199</ele>
        <time>2026-04-16T13:56:59+00:00</time>
      </trkpt>
      <trkpt lat="22.2842" lon="114.20818">
        <ele>200</ele>
        <time>2026-04-16T13:57:02+00:00</time>
      </trkpt>
      <trkpt lat="22.28418" lon="114.20812">
        <ele>197</ele>
        <time>2026-04-16T13:57:05+00:00</time>
      </trkpt>
      <trkpt lat="22.28416" lon="114.2079">
        <ele>203</ele>
        <time>2026-04-16T13:57:08+00:00</time>
      </trkpt>
      <trkpt lat="22.28414" lon="114.20769">
        <ele>206</ele>
        <time>2026-04-16T13:57:11+00:00</time>
      </trkpt>
      <trkpt lat="22.28409" lon="114.20762">
        <ele>202</ele>
        <time>2026-04-16T13:57:14+00:00</time>
      </trkpt>
      <trkpt lat="22.28402" lon="114.20757">
        <ele>207</ele>
        <time>2026-04-16T13:57:17+00:00</time>
      </trkpt>
      <trkpt lat="22.28393" lon="114.20758">
        <ele>204</ele>
        <time>2026-04-16T13:57:20+00:00</time>
      </trkpt>
      <trkpt lat="22.28368" lon="114.20784">
        <ele>203</ele>
        <time>2026-04-16T13:57:23+00:00</time>
      </trkpt>
      <trkpt lat="22.28363" lon="114.20787">
        <ele>203</ele>
        <time>2026-04-16T13:57:26+00:00</time>
      </trkpt>
      <trkpt lat="22.28358" lon="114.20787">
        <ele>201</ele>
        <time>2026-04-16T13:57:29+00:00</time>
      </trkpt>
      <trkpt lat="22.28353" lon="114.20783">
        <ele>201</ele>
        <time>2026-04-16T13:57:32+00:00</time>
      </trkpt>
      <trkpt lat="22.28345" lon="114.20759">
        <ele>202</ele>
        <time>2026-04-16T13:57:35+00:00</time>
      </trkpt>
      <trkpt lat="22.28344" lon="114.20739">
        <ele>202</ele>
        <time>2026-04-16T13:57:38+00:00</time>
      </trkpt>
      <trkpt lat="22.28334" lon="114.20722">
        <ele>202</ele>
        <time>2026-04-16T13:57:41+00:00</time>
      </trkpt>
      <trkpt lat="22.28329" lon="114.20727">
        <ele>206</ele>
        <time>2026-04-16T13:57:44+00:00</time>
      </trkpt>
      <trkpt lat="22.28334" lon="114.20722">
        <ele>202</ele>
        <time>2026-04-16T13:57:47+00:00</time>
      </trkpt>
      <trkpt lat="22.28329" lon="114.20728">
        <ele>206</ele>
        <time>2026-04-16T13:57:50+00:00</time>
      </trkpt>
      <trkpt lat="22.28315" lon="114.20733">
        <ele>206</ele>
        <time>2026-04-16T13:57:53+00:00</time>
      </trkpt>
      <trkpt lat="22.28307" lon="114.20751">
        <ele>204</ele>
        <time>2026-04-16T13:57:56+00:00</time>
      </trkpt>
      <trkpt lat="22.28298" lon="114.20762">
        <ele>206</ele>
        <time>2026-04-16T13:57:59+00:00</time>
      </trkpt>
      <trkpt lat="22.2829" lon="114.20777">
        <ele>206</ele>
        <time>2026-04-16T13:58:02+00:00</time>
      </trkpt>
      <trkpt lat="22.28283" lon="114.20794">
        <ele>206</ele>
        <time>2026-04-16T13:58:05+00:00</time>
      </trkpt>
      <trkpt lat="22.28277" lon="114.20796">
        <ele>200</ele>
        <time>2026-04-16T13:58:08+00:00</time>
      </trkpt>
      <trkpt lat="22.28271" lon="114.20792">
        <ele>200</ele>
        <time>2026-04-16T13:58:11+00:00</time>
      </trkpt>
      <trkpt lat="22.28265" lon="114.20768">
        <ele>206</ele>
        <time>2026-04-16T13:58:14+00:00</time>
      </trkpt>
      <trkpt lat="22.2826" lon="114.20763">
        <ele>208</ele>
        <time>2026-04-16T13:58:17+00:00</time>
      </trkpt>
      <trkpt lat="22.28254" lon="114.20763">
        <ele>208</ele>
        <time>2026-04-16T13:58:20+00:00</time>
      </trkpt>
      <trkpt lat="22.28252" lon="114.20766">
        <ele>208</ele>
        <time>2026-04-16T13:58:23+00:00</time>
      </trkpt>
      <trkpt lat="22.2825" lon="114.20787">
        <ele>203</ele>
        <time>2026-04-16T13:58:26+00:00</time>
      </trkpt>
      <trkpt lat="22.28244" lon="114.20807">
        <ele>204</ele>
        <time>2026-04-16T13:58:29+00:00</time>
      </trkpt>
      <trkpt lat="22.28235" lon="114.20811">
        <ele>204</ele>
        <time>2026-04-16T13:58:32+00:00</time>
      </trkpt>
      <trkpt lat="22.28224" lon="114.20805">
        <ele>201</ele>
        <time>2026-04-16T13:58:35+00:00</time>
      </trkpt>
      <trkpt lat="22.28223" lon="114.20805">
        <ele>201</ele>
        <time>2026-04-16T13:58:38+00:00</time>
      </trkpt>
      <trkpt lat="22.28208" lon="114.20787">
        <ele>206</ele>
        <time>2026-04-16T13:58:41+00:00</time>
      </trkpt>
      <trkpt lat="22.28195" lon="114.20785">
        <ele>203</ele>
        <time>2026-04-16T13:58:44+00:00</time>
      </trkpt>
      <trkpt lat="22.2819" lon="114.20782">
        <ele>203</ele>
        <time>2026-04-16T13:58:47+00:00</time>
      </trkpt>
      <trkpt lat="22.28187" lon="114.20779">
        <ele>204</ele>
        <time>2026-04-16T13:58:50+00:00</time>
      </trkpt>
      <trkpt lat="22.2818" lon="114.20765">
        <ele>207</ele>
        <time>2026-04-16T13:58:53+00:00</time>
      </trkpt>
      <trkpt lat="22.28173" lon="114.20761">
        <ele>207</ele>
        <time>2026-04-16T13:58:56+00:00</time>
      </trkpt>
      <trkpt lat="22.28163" lon="114.20761">
        <ele>209</ele>
        <time>2026-04-16T13:58:59+00:00</time>
      </trkpt>
      <trkpt lat="22.2816" lon="114.20763">
        <ele>215</ele>
        <time>2026-04-16T13:59:02+00:00</time>
      </trkpt>
      <trkpt lat="22.28159" lon="114.20773">
        <ele>207</ele>
        <time>2026-04-16T13:59:05+00:00</time>
      </trkpt>
      <trkpt lat="22.2816" lon="114.20826">
        <ele>205</ele>
        <time>2026-04-16T13:59:08+00:00</time>
      </trkpt>
      <trkpt lat="22.28158" lon="114.20833">
        <ele>205</ele>
        <time>2026-04-16T13:59:11+00:00</time>
      </trkpt>
      <trkpt lat="22.28146" lon="114.20847">
        <ele>204</ele>
        <time>2026-04-16T13:59:14+00:00</time>
      </trkpt>
      <trkpt lat="22.28141" lon="114.20849">
        <ele>204</ele>
        <time>2026-04-16T13:59:17+00:00</time>
      </trkpt>
      <trkpt lat="22.28131" lon="114.20848">
        <ele>202</ele>
        <time>2026-04-16T13:59:20+00:00</time>
      </trkpt>
      <trkpt lat="22.28126" lon="114.2084">
        <ele>197</ele>
        <time>2026-04-16T13:59:23+00:00</time>
      </trkpt>
      <trkpt lat="22.28124" lon="114.20828">
        <ele>204</ele>
        <time>2026-04-16T13:59:26+00:00</time>
      </trkpt>
      <trkpt lat="22.28105" lon="114.20783">
        <ele>204</ele>
        <time>2026-04-16T13:59:29+00:00</time>
      </trkpt>
      <trkpt lat="22.28099" lon="114.20776">
        <ele>209</ele>
        <time>2026-04-16T13:59:32+00:00</time>
      </trkpt>
      <trkpt lat="22.28096" lon="114.20776">
        <ele>209</ele>
        <time>2026-04-16T13:59:35+00:00</time>
      </trkpt>
      <trkpt lat="22.28089" lon="114.20784">
        <ele>210</ele>
        <time>2026-04-16T13:59:38+00:00</time>
      </trkpt>
      <trkpt lat="22.28075" lon="114.20811">
        <ele>201</ele>
        <time>2026-04-16T13:59:41+00:00</time>
      </trkpt>
      <trkpt lat="22.28068" lon="114.20812">
        <ele>199</ele>
        <time>2026-04-16T13:59:44+00:00</time>
      </trkpt>
      <trkpt lat="22.28059" lon="114.20806">
        <ele>199</ele>
        <time>2026-04-16T13:59:47+00:00</time>
      </trkpt>
      <trkpt lat="22.28055" lon="114.208">
        <ele>199</ele>
        <time>2026-04-16T13:59:50+00:00</time>
      </trkpt>
      <trkpt lat="22.28044" lon="114.20769">
        <ele>205</ele>
        <time>2026-04-16T13:59:53+00:00</time>
      </trkpt>
      <trkpt lat="22.28047" lon="114.20758">
        <ele>199</ele>
        <time>2026-04-16T13:59:56+00:00</time>
      </trkpt>
      <trkpt lat="22.28054" lon="114.20746">
        <ele>205</ele>
        <time>2026-04-16T13:59:59+00:00</time>
      </trkpt>
      <trkpt lat="22.28052" lon="114.20737">
        <ele>204</ele>
        <time>2026-04-16T14:00:02+00:00</time>
      </trkpt>
      <trkpt lat="22.28047" lon="114.20733">
        <ele>204</ele>
        <time>2026-04-16T14:00:05+00:00</time>
      </trkpt>
      <trkpt lat="22.28037" lon="114.20727">
        <ele>207</ele>
        <time>2026-04-16T14:00:08+00:00</time>
      </trkpt>
      <trkpt lat="22.28026" lon="114.20727">
        <ele>204</ele>
        <time>2026-04-16T14:00:11+00:00</time>
      </trkpt>
      <trkpt lat="22.2802" lon="114.20718">
        <ele>204</ele>
        <time>2026-04-16T14:00:14+00:00</time>
      </trkpt>
      <trkpt lat="22.28022" lon="114.207">
        <ele>203</ele>
        <time>2026-04-16T14:00:17+00:00</time>
      </trkpt>
      <trkpt lat="22.28029" lon="114.20693">
        <ele>199</ele>
        <time>2026-04-16T14:00:20+00:00</time>
      </trkpt>
      <trkpt lat="22.28041" lon="114.20687">
        <ele>201</ele>
        <time>2026-04-16T14:00:23+00:00</time>
      </trkpt>
      <trkpt lat="22.28056" lon="114.20681">
        <ele>203</ele>
        <time>2026-04-16T14:00:26+00:00</time>
      </trkpt>
      <trkpt lat="22.28063" lon="114.20681">
        <ele>205</ele>
        <time>2026-04-16T14:00:29+00:00</time>
      </trkpt>
      <trkpt lat="22.28074" lon="114.20685">
        <ele>206</ele>
        <time>2026-04-16T14:00:32+00:00</time>
      </trkpt>
      <trkpt lat="22.28081" lon="114.20679">
        <ele>201</ele>
        <time>2026-04-16T14:00:35+00:00</time>
      </trkpt>
      <trkpt lat="22.28089" lon="114.20679">
        <ele>204</ele>
        <time>2026-04-16T14:00:38+00:00</time>
      </trkpt>
      <trkpt lat="22.28091" lon="114.2067">
        <ele>204</ele>
        <time>2026-04-16T14:00:41+00:00</time>
      </trkpt>
      <trkpt lat="22.28094" lon="114.20666">
        <ele>202</ele>
        <time>2026-04-16T14:00:44+00:00</time>
      </trkpt>
      <trkpt lat="22.28109" lon="114.20657">
        <ele>203</ele>
        <time>2026-04-16T14:00:47+00:00</time>
      </trkpt>
      <trkpt lat="22.2812" lon="114.20655">
        <ele>203</ele>
        <time>2026-04-16T14:00:50+00:00</time>
      </trkpt>
      <trkpt lat="22.28126" lon="114.20649">
        <ele>203</ele>
        <time>2026-04-16T14:00:53+00:00</time>
      </trkpt>
      <trkpt lat="22.2815" lon="114.20633">
        <ele>205</ele>
        <time>2026-04-16T14:00:56+00:00</time>
      </trkpt>
      <trkpt lat="22.28153" lon="114.20625">
        <ele>206</ele>
        <time>2026-04-16T14:00:59+00:00</time>
      </trkpt>
      <trkpt lat="22.28148" lon="114.20633">
        <ele>205</ele>
        <time>2026-04-16T14:01:02+00:00</time>
      </trkpt>
      <trkpt lat="22.28153" lon="114.20625">
        <ele>206</ele>
        <time>2026-04-16T14:01:05+00:00</time>
      </trkpt>
      <trkpt lat="22.2815" lon="114.20619">
        <ele>207</ele>
        <time>2026-04-16T14:01:08+00:00</time>
      </trkpt>
      <trkpt lat="22.28132" lon="114.20613">
        <ele>207</ele>
        <time>2026-04-16T14:01:11+00:00</time>
      </trkpt>
      <trkpt lat="22.28118" lon="114.20619">
        <ele>208</ele>
        <time>2026-04-16T14:01:14+00:00</time>
      </trkpt>
      <trkpt lat="22.28107" lon="114.20618">
        <ele>206</ele>
        <time>2026-04-16T14:01:17+00:00</time>
      </trkpt>
      <trkpt lat="22.28095" lon="114.20621">
        <ele>202</ele>
        <time>2026-04-16T14:01:20+00:00</time>
      </trkpt>
      <trkpt lat="22.2809" lon="114.2062">
        <ele>202</ele>
        <time>2026-04-16T14:01:23+00:00</time>
      </trkpt>
      <trkpt lat="22.28082" lon="114.20615">
        <ele>205</ele>
        <time>2026-04-16T14:01:26+00:00</time>
      </trkpt>
      <trkpt lat="22.28076" lon="114.20614">
        <ele>207</ele>
        <time>2026-04-16T14:01:29+00:00</time>
      </trkpt>
      <trkpt lat="22.28072" lon="114.20618">
        <ele>207</ele>
        <time>2026-04-16T14:01:32+00:00</time>
      </trkpt>
      <trkpt lat="22.28065" lon="114.20632">
        <ele>205</ele>
        <time>2026-04-16T14:01:35+00:00</time>
      </trkpt>
      <trkpt lat="22.28058" lon="114.20638">
        <ele>211</ele>
        <time>2026-04-16T14:01:38+00:00</time>
      </trkpt>
      <trkpt lat="22.2804" lon="114.20657">
        <ele>205</ele>
        <time>2026-04-16T14:01:41+00:00</time>
      </trkpt>
      <trkpt lat="22.2803" lon="114.20659">
        <ele>207</ele>
        <time>2026-04-16T14:01:44+00:00</time>
      </trkpt>
      <trkpt lat="22.28017" lon="114.20657">
        <ele>209</ele>
        <time>2026-04-16T14:01:47+00:00</time>
      </trkpt>
      <trkpt lat="22.28008" lon="114.20662">
        <ele>206</ele>
        <time>2026-04-16T14:01:50+00:00</time>
      </trkpt>
      <trkpt lat="22.27999" lon="114.20664">
        <ele>211</ele>
        <time>2026-04-16T14:01:53+00:00</time>
      </trkpt>
      <trkpt lat="22.2799" lon="114.20671">
        <ele>211</ele>
        <time>2026-04-16T14:01:56+00:00</time>
      </trkpt>
      <trkpt lat="22.27985" lon="114.20697">
        <ele>205</ele>
        <time>2026-04-16T14:01:59+00:00</time>
      </trkpt>
      <trkpt lat="22.27979" lon="114.20713">
        <ele>208</ele>
        <time>2026-04-16T14:02:02+00:00</time>
      </trkpt>
      <trkpt lat="22.27968" lon="114.20721">
        <ele>206</ele>
        <time>2026-04-16T14:02:05+00:00</time>
      </trkpt>
      <trkpt lat="22.27947" lon="114.2072">
        <ele>208</ele>
        <time>2026-04-16T14:02:08+00:00</time>
      </trkpt>
      <trkpt lat="22.27943" lon="114.20723">
        <ele>208</ele>
        <time>2026-04-16T14:02:11+00:00</time>
      </trkpt>
      <trkpt lat="22.27941" lon="114.20728">
        <ele>208</ele>
        <time>2026-04-16T14:02:14+00:00</time>
      </trkpt>
      <trkpt lat="22.27945" lon="114.20741">
        <ele>212</ele>
        <time>2026-04-16T14:02:17+00:00</time>
      </trkpt>
      <trkpt lat="22.27953" lon="114.2075">
        <ele>204</ele>
        <time>2026-04-16T14:02:20+00:00</time>
      </trkpt>
      <trkpt lat="22.27963" lon="114.20756">
        <ele>204</ele>
        <time>2026-04-16T14:02:23+00:00</time>
      </trkpt>
      <trkpt lat="22.27966" lon="114.20762">
        <ele>205</ele>
        <time>2026-04-16T14:02:26+00:00</time>
      </trkpt>
      <trkpt lat="22.27963" lon="114.20771">
        <ele>201</ele>
        <time>2026-04-16T14:02:29+00:00</time>
      </trkpt>
      <trkpt lat="22.27934" lon="114.20804">
        <ele>207</ele>
        <time>2026-04-16T14:02:32+00:00</time>
      </trkpt>
      <trkpt lat="22.27928" lon="114.20803">
        <ele>200</ele>
        <time>2026-04-16T14:02:35+00:00</time>
      </trkpt>
      <trkpt lat="22.27917" lon="114.20795">
        <ele>209</ele>
        <time>2026-04-16T14:02:38+00:00</time>
      </trkpt>
      <trkpt lat="22.27915" lon="114.20795">
        <ele>209</ele>
        <time>2026-04-16T14:02:41+00:00</time>
      </trkpt>
      <trkpt lat="22.2791" lon="114.20799">
        <ele>204</ele>
        <time>2026-04-16T14:02:44+00:00</time>
      </trkpt>
      <trkpt lat="22.27899" lon="114.20816">
        <ele>204</ele>
        <time>2026-04-16T14:02:47+00:00</time>
      </trkpt>
      <trkpt lat="22.27894" lon="114.20818">
        <ele>204</ele>
        <time>2026-04-16T14:02:50+00:00</time>
      </trkpt>
      <trkpt lat="22.27883" lon="114.20817">
        <ele>205</ele>
        <time>2026-04-16T14:02:53+00:00</time>
      </trkpt>
      <trkpt lat="22.27877" lon="114.20808">
        <ele>203</ele>
        <time>2026-04-16T14:02:56+00:00</time>
      </trkpt>
      <trkpt lat="22.27878" lon="114.20787">
        <ele>204</ele>
        <time>2026-04-16T14:02:59+00:00</time>
      </trkpt>
      <trkpt lat="22.27872" lon="114.20783">
        <ele>207</ele>
        <time>2026-04-16T14:03:02+00:00</time>
      </trkpt>
      <trkpt lat="22.2786" lon="114.20797">
        <ele>211</ele>
        <time>2026-04-16T14:03:05+00:00</time>
      </trkpt>
      <trkpt lat="22.27851" lon="114.20814">
        <ele>204</ele>
        <time>2026-04-16T14:03:08+00:00</time>
      </trkpt>
      <trkpt lat="22.2784" lon="114.20816">
        <ele>207</ele>
        <time>2026-04-16T14:03:11+00:00</time>
      </trkpt>
      <trkpt lat="22.27821" lon="114.20829">
        <ele>207</ele>
        <time>2026-04-16T14:03:14+00:00</time>
      </trkpt>
      <trkpt lat="22.27795" lon="114.20834">
        <ele>206</ele>
        <time>2026-04-16T14:03:17+00:00</time>
      </trkpt>
      <trkpt lat="22.27784" lon="114.20842">
        <ele>205</ele>
        <time>2026-04-16T14:03:20+00:00</time>
      </trkpt>
      <trkpt lat="22.27772" lon="114.2084">
        <ele>205</ele>
        <time>2026-04-16T14:03:23+00:00</time>
      </trkpt>
      <trkpt lat="22.27764" lon="114.2084">
        <ele>205</ele>
        <time>2026-04-16T14:03:26+00:00</time>
      </trkpt>
      <trkpt lat="22.27754" lon="114.20842">
        <ele>205</ele>
        <time>2026-04-16T14:03:29+00:00</time>
      </trkpt>
      <trkpt lat="22.27728" lon="114.20833">
        <ele>205</ele>
        <time>2026-04-16T14:03:32+00:00</time>
      </trkpt>
      <trkpt lat="22.27698" lon="114.20804">
        <ele>206</ele>
        <time>2026-04-16T14:03:35+00:00</time>
      </trkpt>
      <trkpt lat="22.27683" lon="114.20805">
        <ele>211</ele>
        <time>2026-04-16T14:03:38+00:00</time>
      </trkpt>
      <trkpt lat="22.27671" lon="114.20811">
        <ele>207</ele>
        <time>2026-04-16T14:03:41+00:00</time>
      </trkpt>
      <trkpt lat="22.27643" lon="114.20818">
        <ele>208</ele>
        <time>2026-04-16T14:03:44+00:00</time>
      </trkpt>
      <trkpt lat="22.27624" lon="114.20817">
        <ele>214</ele>
        <time>2026-04-16T14:03:47+00:00</time>
      </trkpt>
      <trkpt lat="22.27599" lon="114.20824">
        <ele>207</ele>
        <time>2026-04-16T14:03:50+00:00</time>
      </trkpt>
      <trkpt lat="22.27582" lon="114.20842">
        <ele>205</ele>
        <time>2026-04-16T14:03:53+00:00</time>
      </trkpt>
      <trkpt lat="22.27567" lon="114.20872">
        <ele>207</ele>
        <time>2026-04-16T14:03:56+00:00</time>
      </trkpt>
      <trkpt lat="22.27558" lon="114.20883">
        <ele>209</ele>
        <time>2026-04-16T14:03:59+00:00</time>
      </trkpt>
      <trkpt lat="22.27547" lon="114.20892">
        <ele>206</ele>
        <time>2026-04-16T14:04:02+00:00</time>
      </trkpt>
      <trkpt lat="22.27547" lon="114.2091">
        <ele>205</ele>
        <time>2026-04-16T14:04:05+00:00</time>
      </trkpt>
      <trkpt lat="22.27543" lon="114.20932">
        <ele>206</ele>
        <time>2026-04-16T14:04:08+00:00</time>
      </trkpt>
      <trkpt lat="22.27533" lon="114.20948">
        <ele>208</ele>
        <time>2026-04-16T14:04:11+00:00</time>
      </trkpt>
      <trkpt lat="22.27525" lon="114.20954">
        <ele>206</ele>
        <time>2026-04-16T14:04:14+00:00</time>
      </trkpt>
      <trkpt lat="22.2752" lon="114.2096">
        <ele>203</ele>
        <time>2026-04-16T14:04:17+00:00</time>
      </trkpt>
      <trkpt lat="22.27511" lon="114.20967">
        <ele>203</ele>
        <time>2026-04-16T14:04:20+00:00</time>
      </trkpt>
      <trkpt lat="22.2751" lon="114.20966">
        <ele>203</ele>
        <time>2026-04-16T14:04:23+00:00</time>
      </trkpt>
      <trkpt lat="22.27503" lon="114.2097">
        <ele>207</ele>
        <time>2026-04-16T14:04:26+00:00</time>
      </trkpt>
      <trkpt lat="22.27486" lon="114.2099">
        <ele>210</ele>
        <time>2026-04-16T14:04:29+00:00</time>
      </trkpt>
      <trkpt lat="22.27477" lon="114.20996">
        <ele>212</ele>
        <time>2026-04-16T14:04:32+00:00</time>
      </trkpt>
      <trkpt lat="22.27478" lon="114.21003">
        <ele>209</ele>
        <time>2026-04-16T14:04:35+00:00</time>
      </trkpt>
      <trkpt lat="22.27476" lon="114.21011">
        <ele>207</ele>
        <time>2026-04-16T14:04:38+00:00</time>
      </trkpt>
      <trkpt lat="22.27451" lon="114.21003">
        <ele>211</ele>
        <time>2026-04-16T14:04:41+00:00</time>
      </trkpt>
      <trkpt lat="22.27439" lon="114.21006">
        <ele>213</ele>
        <time>2026-04-16T14:04:44+00:00</time>
      </trkpt>
      <trkpt lat="22.27434" lon="114.2101">
        <ele>210</ele>
        <time>2026-04-16T14:04:47+00:00</time>
      </trkpt>
      <trkpt lat="22.27409" lon="114.21038">
        <ele>212</ele>
        <time>2026-04-16T14:04:50+00:00</time>
      </trkpt>
      <trkpt lat="22.27401" lon="114.21057">
        <ele>207</ele>
        <time>2026-04-16T14:04:53+00:00</time>
      </trkpt>
      <trkpt lat="22.27399" lon="114.21076">
        <ele>209</ele>
        <time>2026-04-16T14:04:56+00:00</time>
      </trkpt>
      <trkpt lat="22.27402" lon="114.21094">
        <ele>208</ele>
        <time>2026-04-16T14:04:59+00:00</time>
      </trkpt>
      <trkpt lat="22.2741" lon="114.21105">
        <ele>210</ele>
        <time>2026-04-16T14:05:02+00:00</time>
      </trkpt>
      <trkpt lat="22.27417" lon="114.21127">
        <ele>213</ele>
        <time>2026-04-16T14:05:05+00:00</time>
      </trkpt>
      <trkpt lat="22.27418" lon="114.21151">
        <ele>211</ele>
        <time>2026-04-16T14:05:08+00:00</time>
      </trkpt>
      <trkpt lat="22.27406" lon="114.21161">
        <ele>207</ele>
        <time>2026-04-16T14:05:11+00:00</time>
      </trkpt>
      <trkpt lat="22.27393" lon="114.21158">
        <ele>212</ele>
        <time>2026-04-16T14:05:14+00:00</time>
      </trkpt>
      <trkpt lat="22.2737" lon="114.21163">
        <ele>210</ele>
        <time>2026-04-16T14:05:17+00:00</time>
      </trkpt>
      <trkpt lat="22.27342" lon="114.21147">
        <ele>214</ele>
        <time>2026-04-16T14:05:20+00:00</time>
      </trkpt>
      <trkpt lat="22.27306" lon="114.21117">
        <ele>214</ele>
        <time>2026-04-16T14:05:23+00:00</time>
      </trkpt>
      <trkpt lat="22.27291" lon="114.21114">
        <ele>213</ele>
        <time>2026-04-16T14:05:26+00:00</time>
      </trkpt>
      <trkpt lat="22.27285" lon="114.21108">
        <ele>215</ele>
        <time>2026-04-16T14:05:29+00:00</time>
      </trkpt>
      <trkpt lat="22.27269" lon="114.211">
        <ele>215</ele>
        <time>2026-04-16T14:05:32+00:00</time>
      </trkpt>
      <trkpt lat="22.27264" lon="114.21113">
        <ele>216</ele>
        <time>2026-04-16T14:05:35+00:00</time>
      </trkpt>
      <trkpt lat="22.27271" lon="114.21128">
        <ele>215</ele>
        <time>2026-04-16T14:05:38+00:00</time>
      </trkpt>
      <trkpt lat="22.27289" lon="114.21144">
        <ele>215</ele>
        <time>2026-04-16T14:05:41+00:00</time>
      </trkpt>
      <trkpt lat="22.27301" lon="114.21161">
        <ele>209</ele>
        <time>2026-04-16T14:05:44+00:00</time>
      </trkpt>
      <trkpt lat="22.27302" lon="114.21184">
        <ele>210</ele>
        <time>2026-04-16T14:05:47+00:00</time>
      </trkpt>
      <trkpt lat="22.27321" lon="114.21199">
        <ele>211</ele>
        <time>2026-04-16T14:05:50+00:00</time>
      </trkpt>
      <trkpt lat="22.27323" lon="114.2121">
        <ele>211</ele>
        <time>2026-04-16T14:05:53+00:00</time>
      </trkpt>
      <trkpt lat="22.27319" lon="114.21219">
        <ele>216</ele>
        <time>2026-04-16T14:05:56+00:00</time>
      </trkpt>
      <trkpt lat="22.27318" lon="114.21225">
        <ele>211</ele>
        <time>2026-04-16T14:05:59+00:00</time>
      </trkpt>
      <trkpt lat="22.27305" lon="114.21233">
        <ele>212</ele>
        <time>2026-04-16T14:06:02+00:00</time>
      </trkpt>
      <trkpt lat="22.27276" lon="114.21244">
        <ele>210</ele>
        <time>2026-04-16T14:06:05+00:00</time>
      </trkpt>
      <trkpt lat="22.27256" lon="114.21244">
        <ele>215</ele>
        <time>2026-04-16T14:06:08+00:00</time>
      </trkpt>
      <trkpt lat="22.27251" lon="114.21253">
        <ele>213</ele>
        <time>2026-04-16T14:06:11+00:00</time>
      </trkpt>
      <trkpt lat="22.27245" lon="114.21255">
        <ele>212</ele>
        <time>2026-04-16T14:06:14+00:00</time>
      </trkpt>
      <trkpt lat="22.27232" lon="114.21256">
        <ele>217</ele>
        <time>2026-04-16T14:06:17+00:00</time>
      </trkpt>
      <trkpt lat="22.27214" lon="114.21265">
        <ele>216</ele>
        <time>2026-04-16T14:06:20+00:00</time>
      </trkpt>
      <trkpt lat="22.27198" lon="114.2126">
        <ele>212</ele>
        <time>2026-04-16T14:06:23+00:00</time>
      </trkpt>
      <trkpt lat="22.27191" lon="114.21252">
        <ele>216</ele>
        <time>2026-04-16T14:06:26+00:00</time>
      </trkpt>
      <trkpt lat="22.27181" lon="114.21221">
        <ele>215</ele>
        <time>2026-04-16T14:06:29+00:00</time>
      </trkpt>
      <trkpt lat="22.27176" lon="114.21212">
        <ele>215</ele>
        <time>2026-04-16T14:06:32+00:00</time>
      </trkpt>
      <trkpt lat="22.27171" lon="114.21209">
        <ele>219</ele>
        <time>2026-04-16T14:06:35+00:00</time>
      </trkpt>
      <trkpt lat="22.27168" lon="114.21211">
        <ele>219</ele>
        <time>2026-04-16T14:06:38+00:00</time>
      </trkpt>
      <trkpt lat="22.27159" lon="114.21226">
        <ele>215</ele>
        <time>2026-04-16T14:06:41+00:00</time>
      </trkpt>
      <trkpt lat="22.27154" lon="114.21229">
        <ele>215</ele>
        <time>2026-04-16T14:06:44+00:00</time>
      </trkpt>
      <trkpt lat="22.27149" lon="114.21229">
        <ele>214</ele>
        <time>2026-04-16T14:06:47+00:00</time>
      </trkpt>
      <trkpt lat="22.27141" lon="114.21225">
        <ele>214</ele>
        <time>2026-04-16T14:06:50+00:00</time>
      </trkpt>
      <trkpt lat="22.27128" lon="114.21209">
        <ele>215</ele>
        <time>2026-04-16T14:06:53+00:00</time>
      </trkpt>
      <trkpt lat="22.27114" lon="114.21208">
        <ele>217</ele>
        <time>2026-04-16T14:06:56+00:00</time>
      </trkpt>
      <trkpt lat="22.27101" lon="114.21204">
        <ele>215</ele>
        <time>2026-04-16T14:06:59+00:00</time>
      </trkpt>
      <trkpt lat="22.27093" lon="114.21198">
        <ele>219</ele>
        <time>2026-04-16T14:07:02+00:00</time>
      </trkpt>
      <trkpt lat="22.27081" lon="114.21197">
        <ele>219</ele>
        <time>2026-04-16T14:07:05+00:00</time>
      </trkpt>
      <trkpt lat="22.2708" lon="114.21205">
        <ele>215</ele>
        <time>2026-04-16T14:07:08+00:00</time>
      </trkpt>
      <trkpt lat="22.27088" lon="114.21221">
        <ele>223</ele>
        <time>2026-04-16T14:07:11+00:00</time>
      </trkpt>
      <trkpt lat="22.27093" lon="114.21238">
        <ele>215</ele>
        <time>2026-04-16T14:07:14+00:00</time>
      </trkpt>
      <trkpt lat="22.27092" lon="114.21255">
        <ele>216</ele>
        <time>2026-04-16T14:07:17+00:00</time>
      </trkpt>
      <trkpt lat="22.27099" lon="114.21271">
        <ele>215</ele>
        <time>2026-04-16T14:07:20+00:00</time>
      </trkpt>
      <trkpt lat="22.27098" lon="114.21277">
        <ele>215</ele>
        <time>2026-04-16T14:07:23+00:00</time>
      </trkpt>
      <trkpt lat="22.27093" lon="114.2128">
        <ele>210</ele>
        <time>2026-04-16T14:07:26+00:00</time>
      </trkpt>
      <trkpt lat="22.27054" lon="114.21278">
        <ele>216</ele>
        <time>2026-04-16T14:07:29+00:00</time>
      </trkpt>
      <trkpt lat="22.27042" lon="114.21274">
        <ele>219</ele>
        <time>2026-04-16T14:07:32+00:00</time>
      </trkpt>
      <trkpt lat="22.27039" lon="114.21283">
        <ele>219</ele>
        <time>2026-04-16T14:07:35+00:00</time>
      </trkpt>
      <trkpt lat="22.27023" lon="114.21288">
        <ele>215</ele>
        <time>2026-04-16T14:07:38+00:00</time>
      </trkpt>
      <trkpt lat="22.27016" lon="114.21292">
        <ele>219</ele>
        <time>2026-04-16T14:07:41+00:00</time>
      </trkpt>
      <trkpt lat="22.27006" lon="114.21292">
        <ele>221</ele>
        <time>2026-04-16T14:07:44+00:00</time>
      </trkpt>
      <trkpt lat="22.27001" lon="114.21294">
        <ele>221</ele>
        <time>2026-04-16T14:07:47+00:00</time>
      </trkpt>
      <trkpt lat="22.27013" lon="114.21317">
        <ele>215</ele>
        <time>2026-04-16T14:07:50+00:00</time>
      </trkpt>
      <trkpt lat="22.27017" lon="114.21332">
        <ele>215</ele>
        <time>2026-04-16T14:07:53+00:00</time>
      </trkpt>
      <trkpt lat="22.27014" lon="114.21338">
        <ele>215</ele>
        <time>2026-04-16T14:07:56+00:00</time>
      </trkpt>
      <trkpt lat="22.2699" lon="114.21364">
        <ele>215</ele>
        <time>2026-04-16T14:07:59+00:00</time>
      </trkpt>
      <trkpt lat="22.26978" lon="114.2137">
        <ele>216</ele>
        <time>2026-04-16T14:08:02+00:00</time>
      </trkpt>
      <trkpt lat="22.26963" lon="114.21374">
        <ele>213</ele>
        <time>2026-04-16T14:08:05+00:00</time>
      </trkpt>
      <trkpt lat="22.2696" lon="114.21377">
        <ele>222</ele>
        <time>2026-04-16T14:08:08+00:00</time>
      </trkpt>
      <trkpt lat="22.26962" lon="114.21382">
        <ele>216</ele>
        <time>2026-04-16T14:08:11+00:00</time>
      </trkpt>
      <trkpt lat="22.26974" lon="114.2139">
        <ele>216</ele>
        <time>2026-04-16T14:08:14+00:00</time>
      </trkpt>
      <trkpt lat="22.2698" lon="114.21397">
        <ele>213</ele>
        <time>2026-04-16T14:08:17+00:00</time>
      </trkpt>
      <trkpt lat="22.26981" lon="114.21402">
        <ele>213</ele>
        <time>2026-04-16T14:08:20+00:00</time>
      </trkpt>
      <trkpt lat="22.26979" lon="114.21413">
        <ele>218</ele>
        <time>2026-04-16T14:08:23+00:00</time>
      </trkpt>
      <trkpt lat="22.2698" lon="114.21418">
        <ele>213</ele>
        <time>2026-04-16T14:08:26+00:00</time>
      </trkpt>
      <trkpt lat="22.26997" lon="114.21426">
        <ele>213</ele>
        <time>2026-04-16T14:08:29+00:00</time>
      </trkpt>
      <trkpt lat="22.27012" lon="114.21437">
        <ele>208</ele>
        <time>2026-04-16T14:08:32+00:00</time>
      </trkpt>
      <trkpt lat="22.27031" lon="114.21448">
        <ele>208</ele>
        <time>2026-04-16T14:08:35+00:00</time>
      </trkpt>
      <trkpt lat="22.2705" lon="114.2145">
        <ele>210</ele>
        <time>2026-04-16T14:08:38+00:00</time>
      </trkpt>
      <trkpt lat="22.27067" lon="114.21447">
        <ele>206</ele>
        <time>2026-04-16T14:08:41+00:00</time>
      </trkpt>
      <trkpt lat="22.27091" lon="114.21457">
        <ele>210</ele>
        <time>2026-04-16T14:08:44+00:00</time>
      </trkpt>
      <trkpt lat="22.27101" lon="114.21464">
        <ele>207</ele>
        <time>2026-04-16T14:08:47+00:00</time>
      </trkpt>
      <trkpt lat="22.27106" lon="114.21482">
        <ele>211</ele>
        <time>2026-04-16T14:08:50+00:00</time>
      </trkpt>
      <trkpt lat="22.27113" lon="114.21487">
        <ele>211</ele>
        <time>2026-04-16T14:08:53+00:00</time>
      </trkpt>
      <trkpt lat="22.27127" lon="114.21486">
        <ele>208</ele>
        <time>2026-04-16T14:08:56+00:00</time>
      </trkpt>
      <trkpt lat="22.27137" lon="114.21491">
        <ele>211</ele>
        <time>2026-04-16T14:08:59+00:00</time>
      </trkpt>
      <trkpt lat="22.27147" lon="114.21491">
        <ele>210</ele>
        <time>2026-04-16T14:09:02+00:00</time>
      </trkpt>
      <trkpt lat="22.27155" lon="114.215">
        <ele>216</ele>
        <time>2026-04-16T14:09:05+00:00</time>
      </trkpt>
      <trkpt lat="22.2717" lon="114.21502">
        <ele>208</ele>
        <time>2026-04-16T14:09:08+00:00</time>
      </trkpt>
      <trkpt lat="22.27189" lon="114.21494">
        <ele>205</ele>
        <time>2026-04-16T14:09:11+00:00</time>
      </trkpt>
      <trkpt lat="22.27196" lon="114.21495">
        <ele>210</ele>
        <time>2026-04-16T14:09:14+00:00</time>
      </trkpt>
      <trkpt lat="22.272" lon="114.21506">
        <ele>206</ele>
        <time>2026-04-16T14:09:17+00:00</time>
      </trkpt>
      <trkpt lat="22.27191" lon="114.21521">
        <ele>212</ele>
        <time>2026-04-16T14:09:20+00:00</time>
      </trkpt>
      <trkpt lat="22.27189" lon="114.21548">
        <ele>214</ele>
        <time>2026-04-16T14:09:23+00:00</time>
      </trkpt>
      <trkpt lat="22.27182" lon="114.21561">
        <ele>216</ele>
        <time>2026-04-16T14:09:26+00:00</time>
      </trkpt>
      <trkpt lat="22.27172" lon="114.2157">
        <ele>212</ele>
        <time>2026-04-16T14:09:29+00:00</time>
      </trkpt>
      <trkpt lat="22.27166" lon="114.21581">
        <ele>216</ele>
        <time>2026-04-16T14:09:32+00:00</time>
      </trkpt>
      <trkpt lat="22.27166" lon="114.21585">
        <ele>216</ele>
        <time>2026-04-16T14:09:35+00:00</time>
      </trkpt>
      <trkpt lat="22.27162" lon="114.21591">
        <ele>209</ele>
        <time>2026-04-16T14:09:38+00:00</time>
      </trkpt>
      <trkpt lat="22.27153" lon="114.21594">
        <ele>215</ele>
        <time>2026-04-16T14:09:41+00:00</time>
      </trkpt>
      <trkpt lat="22.2714" lon="114.21592">
        <ele>213</ele>
        <time>2026-04-16T14:09:44+00:00</time>
      </trkpt>
      <trkpt lat="22.27136" lon="114.21593">
        <ele>218</ele>
        <time>2026-04-16T14:09:47+00:00</time>
      </trkpt>
      <trkpt lat="22.2713" lon="114.21618">
        <ele>213</ele>
        <time>2026-04-16T14:09:50+00:00</time>
      </trkpt>
      <trkpt lat="22.27119" lon="114.2162">
        <ele>217</ele>
        <time>2026-04-16T14:09:53+00:00</time>
      </trkpt>
      <trkpt lat="22.27107" lon="114.21636">
        <ele>212</ele>
        <time>2026-04-16T14:09:56+00:00</time>
      </trkpt>
      <trkpt lat="22.27109" lon="114.21653">
        <ele>207</ele>
        <time>2026-04-16T14:09:59+00:00</time>
      </trkpt>
      <trkpt lat="22.271" lon="114.21675">
        <ele>212</ele>
        <time>2026-04-16T14:10:02+00:00</time>
      </trkpt>
      <trkpt lat="22.27116" lon="114.21685">
        <ele>209</ele>
        <time>2026-04-16T14:10:05+00:00</time>
      </trkpt>
      <trkpt lat="22.27121" lon="114.21692">
        <ele>212</ele>
        <time>2026-04-16T14:10:08+00:00</time>
      </trkpt>
      <trkpt lat="22.27129" lon="114.21697">
        <ele>212</ele>
        <time>2026-04-16T14:10:11+00:00</time>
      </trkpt>
      <trkpt lat="22.27143" lon="114.2172">
        <ele>211</ele>
        <time>2026-04-16T14:10:14+00:00</time>
      </trkpt>
      <trkpt lat="22.27153" lon="114.21725">
        <ele>212</ele>
        <time>2026-04-16T14:10:17+00:00</time>
      </trkpt>
      <trkpt lat="22.27177" lon="114.21711">
        <ele>210</ele>
        <time>2026-04-16T14:10:20+00:00</time>
      </trkpt>
      <trkpt lat="22.2719" lon="114.21711">
        <ele>210</ele>
        <time>2026-04-16T14:10:23+00:00</time>
      </trkpt>
      <trkpt lat="22.272" lon="114.21718">
        <ele>209</ele>
        <time>2026-04-16T14:10:26+00:00</time>
      </trkpt>
      <trkpt lat="22.27222" lon="114.21702">
        <ele>208</ele>
        <time>2026-04-16T14:10:29+00:00</time>
      </trkpt>
      <trkpt lat="22.27235" lon="114.21705">
        <ele>209</ele>
        <time>2026-04-16T14:10:32+00:00</time>
      </trkpt>
      <trkpt lat="22.27249" lon="114.21696">
        <ele>207</ele>
        <time>2026-04-16T14:10:35+00:00</time>
      </trkpt>
      <trkpt lat="22.2726" lon="114.217">
        <ele>212</ele>
        <time>2026-04-16T14:10:38+00:00</time>
      </trkpt>
      <trkpt lat="22.2727" lon="114.21701">
        <ele>211</ele>
        <time>2026-04-16T14:10:41+00:00</time>
      </trkpt>
      <trkpt lat="22.27277" lon="114.21698">
        <ele>207</ele>
        <time>2026-04-16T14:10:44+00:00</time>
      </trkpt>
      <trkpt lat="22.27284" lon="114.21689">
        <ele>202</ele>
        <time>2026-04-16T14:10:47+00:00</time>
      </trkpt>
      <trkpt lat="22.27296" lon="114.21685">
        <ele>205</ele>
        <time>2026-04-16T14:10:50+00:00</time>
      </trkpt>
      <trkpt lat="22.27303" lon="114.21687">
        <ele>207</ele>
        <time>2026-04-16T14:10:53+00:00</time>
      </trkpt>
      <trkpt lat="22.27307" lon="114.21689">
        <ele>207</ele>
        <time>2026-04-16T14:10:56+00:00</time>
      </trkpt>
      <trkpt lat="22.27318" lon="114.21688">
        <ele>206</ele>
        <time>2026-04-16T14:10:59+00:00</time>
      </trkpt>
      <trkpt lat="22.27325" lon="114.21682">
        <ele>208</ele>
        <time>2026-04-16T14:11:02+00:00</time>
      </trkpt>
      <trkpt lat="22.27335" lon="114.21677">
        <ele>207</ele>
        <time>2026-04-16T14:11:05+00:00</time>
      </trkpt>
      <trkpt lat="22.27343" lon="114.21662">
        <ele>208</ele>
        <time>2026-04-16T14:11:08+00:00</time>
      </trkpt>
      <trkpt lat="22.27346" lon="114.21661">
        <ele>208</ele>
        <time>2026-04-16T14:11:11+00:00</time>
      </trkpt>
      <trkpt lat="22.27356" lon="114.21662">
        <ele>206</ele>
        <time>2026-04-16T14:11:14+00:00</time>
      </trkpt>
      <trkpt lat="22.27364" lon="114.21657">
        <ele>203</ele>
        <time>2026-04-16T14:11:17+00:00</time>
      </trkpt>
      <trkpt lat="22.27381" lon="114.21658">
        <ele>206</ele>
        <time>2026-04-16T14:11:20+00:00</time>
      </trkpt>
      <trkpt lat="22.27396" lon="114.21663">
        <ele>209</ele>
        <time>2026-04-16T14:11:23+00:00</time>
      </trkpt>
      <trkpt lat="22.27401" lon="114.2167">
        <ele>208</ele>
        <time>2026-04-16T14:11:26+00:00</time>
      </trkpt>
      <trkpt lat="22.27402" lon="114.21679">
        <ele>208</ele>
        <time>2026-04-16T14:11:29+00:00</time>
      </trkpt>
      <trkpt lat="22.27397" lon="114.21698">
        <ele>217</ele>
        <time>2026-04-16T14:11:32+00:00</time>
      </trkpt>
      <trkpt lat="22.27388" lon="114.21708">
        <ele>220</ele>
        <time>2026-04-16T14:11:35+00:00</time>
      </trkpt>
      <trkpt lat="22.2738" lon="114.21713">
        <ele>220</ele>
        <time>2026-04-16T14:11:38+00:00</time>
      </trkpt>
      <trkpt lat="22.27368" lon="114.21732">
        <ele>218</ele>
        <time>2026-04-16T14:11:41+00:00</time>
      </trkpt>
      <trkpt lat="22.2737" lon="114.21736">
        <ele>216</ele>
        <time>2026-04-16T14:11:44+00:00</time>
      </trkpt>
      <trkpt lat="22.27382" lon="114.21741">
        <ele>216</ele>
        <time>2026-04-16T14:11:47+00:00</time>
      </trkpt>
      <trkpt lat="22.27391" lon="114.2175">
        <ele>222</ele>
        <time>2026-04-16T14:11:50+00:00</time>
      </trkpt>
      <trkpt lat="22.27392" lon="114.21763">
        <ele>220</ele>
        <time>2026-04-16T14:11:53+00:00</time>
      </trkpt>
      <trkpt lat="22.2739" lon="114.2178">
        <ele>221</ele>
        <time>2026-04-16T14:11:56+00:00</time>
      </trkpt>
      <trkpt lat="22.274" lon="114.21797">
        <ele>220</ele>
        <time>2026-04-16T14:11:59+00:00</time>
      </trkpt>
      <trkpt lat="22.27409" lon="114.21794">
        <ele>220</ele>
        <time>2026-04-16T14:12:02+00:00</time>
      </trkpt>
      <trkpt lat="22.27418" lon="114.21781">
        <ele>217</ele>
        <time>2026-04-16T14:12:05+00:00</time>
      </trkpt>
      <trkpt lat="22.27433" lon="114.21768">
        <ele>218</ele>
        <time>2026-04-16T14:12:08+00:00</time>
      </trkpt>
      <trkpt lat="22.27436" lon="114.21759">
        <ele>212</ele>
        <time>2026-04-16T14:12:11+00:00</time>
      </trkpt>
      <trkpt lat="22.27441" lon="114.21716">
        <ele>217</ele>
        <time>2026-04-16T14:12:14+00:00</time>
      </trkpt>
      <trkpt lat="22.27436" lon="114.21694">
        <ele>202</ele>
        <time>2026-04-16T14:12:17+00:00</time>
      </trkpt>
      <trkpt lat="22.27446" lon="114.21658">
        <ele>214</ele>
        <time>2026-04-16T14:12:20+00:00</time>
      </trkpt>
      <trkpt lat="22.27457" lon="114.21654">
        <ele>212</ele>
        <time>2026-04-16T14:12:23+00:00</time>
      </trkpt>
      <trkpt lat="22.27464" lon="114.21656">
        <ele>211</ele>
        <time>2026-04-16T14:12:26+00:00</time>
      </trkpt>
      <trkpt lat="22.27473" lon="114.2167">
        <ele>211</ele>
        <time>2026-04-16T14:12:29+00:00</time>
      </trkpt>
      <trkpt lat="22.27478" lon="114.21682">
        <ele>215</ele>
        <time>2026-04-16T14:12:32+00:00</time>
      </trkpt>
      <trkpt lat="22.2749" lon="114.21685">
        <ele>205</ele>
        <time>2026-04-16T14:12:35+00:00</time>
      </trkpt>
      <trkpt lat="22.27506" lon="114.21695">
        <ele>211</ele>
        <time>2026-04-16T14:12:38+00:00</time>
      </trkpt>
      <trkpt lat="22.27511" lon="114.21703">
        <ele>207</ele>
        <time>2026-04-16T14:12:41+00:00</time>
      </trkpt>
      <trkpt lat="22.27515" lon="114.21726">
        <ele>208</ele>
        <time>2026-04-16T14:12:44+00:00</time>
      </trkpt>
      <trkpt lat="22.27522" lon="114.21731">
        <ele>211</ele>
        <time>2026-04-16T14:12:47+00:00</time>
      </trkpt>
      <trkpt lat="22.27545" lon="114.2172">
        <ele>206</ele>
        <time>2026-04-16T14:12:50+00:00</time>
      </trkpt>
      <trkpt lat="22.27569" lon="114.21722">
        <ele>210</ele>
        <time>2026-04-16T14:12:53+00:00</time>
      </trkpt>
      <trkpt lat="22.27581" lon="114.21726">
        <ele>206</ele>
        <time>2026-04-16T14:12:56+00:00</time>
      </trkpt>
      <trkpt lat="22.27586" lon="114.21732">
        <ele>213</ele>
        <time>2026-04-16T14:12:59+00:00</time>
      </trkpt>
      <trkpt lat="22.27589" lon="114.2174">
        <ele>212</ele>
        <time>2026-04-16T14:13:02+00:00</time>
      </trkpt>
      <trkpt lat="22.27586" lon="114.21749">
        <ele>212</ele>
        <time>2026-04-16T14:13:05+00:00</time>
      </trkpt>
      <trkpt lat="22.27575" lon="114.21758">
        <ele>206</ele>
        <time>2026-04-16T14:13:08+00:00</time>
      </trkpt>
      <trkpt lat="22.27574" lon="114.21762">
        <ele>211</ele>
        <time>2026-04-16T14:13:11+00:00</time>
      </trkpt>
      <trkpt lat="22.27586" lon="114.21764">
        <ele>210</ele>
        <time>2026-04-16T14:13:14+00:00</time>
      </trkpt>
      <trkpt lat="22.27604" lon="114.21762">
        <ele>207</ele>
        <time>2026-04-16T14:13:17+00:00</time>
      </trkpt>
      <trkpt lat="22.27617" lon="114.21783">
        <ele>215</ele>
        <time>2026-04-16T14:13:20+00:00</time>
      </trkpt>
      <trkpt lat="22.27628" lon="114.21787">
        <ele>205</ele>
        <time>2026-04-16T14:13:23+00:00</time>
      </trkpt>
      <trkpt lat="22.27646" lon="114.21786">
        <ele>204</ele>
        <time>2026-04-16T14:13:26+00:00</time>
      </trkpt>
      <trkpt lat="22.27663" lon="114.21777">
        <ele>208</ele>
        <time>2026-04-16T14:13:29+00:00</time>
      </trkpt>
      <trkpt lat="22.27675" lon="114.21778">
        <ele>205</ele>
        <time>2026-04-16T14:13:32+00:00</time>
      </trkpt>
      <trkpt lat="22.27685" lon="114.21791">
        <ele>209</ele>
        <time>2026-04-16T14:13:35+00:00</time>
      </trkpt>
      <trkpt lat="22.2768" lon="114.21804">
        <ele>212</ele>
        <time>2026-04-16T14:13:38+00:00</time>
      </trkpt>
      <trkpt lat="22.2768" lon="114.21826">
        <ele>211</ele>
        <time>2026-04-16T14:13:41+00:00</time>
      </trkpt>
      <trkpt lat="22.27674" lon="114.21852">
        <ele>214</ele>
        <time>2026-04-16T14:13:44+00:00</time>
      </trkpt>
      <trkpt lat="22.2767" lon="114.2186">
        <ele>211</ele>
        <time>2026-04-16T14:13:47+00:00</time>
      </trkpt>
      <trkpt lat="22.2767" lon="114.21866">
        <ele>214</ele>
        <time>2026-04-16T14:13:50+00:00</time>
      </trkpt>
      <trkpt lat="22.27673" lon="114.2187">
        <ele>215</ele>
        <time>2026-04-16T14:13:53+00:00</time>
      </trkpt>
      <trkpt lat="22.27688" lon="114.21875">
        <ele>211</ele>
        <time>2026-04-16T14:13:56+00:00</time>
      </trkpt>
      <trkpt lat="22.27694" lon="114.21881">
        <ele>211</ele>
        <time>2026-04-16T14:13:59+00:00</time>
      </trkpt>
      <trkpt lat="22.27695" lon="114.21892">
        <ele>213</ele>
        <time>2026-04-16T14:14:02+00:00</time>
      </trkpt>
      <trkpt lat="22.2769" lon="114.21907">
        <ele>212</ele>
        <time>2026-04-16T14:14:05+00:00</time>
      </trkpt>
      <trkpt lat="22.27696" lon="114.21926">
        <ele>214</ele>
        <time>2026-04-16T14:14:08+00:00</time>
      </trkpt>
      <trkpt lat="22.27694" lon="114.21933">
        <ele>212</ele>
        <time>2026-04-16T14:14:11+00:00</time>
      </trkpt>
      <trkpt lat="22.27684" lon="114.21946">
        <ele>217</ele>
        <time>2026-04-16T14:14:14+00:00</time>
      </trkpt>
      <trkpt lat="22.27683" lon="114.21965">
        <ele>212</ele>
        <time>2026-04-16T14:14:17+00:00</time>
      </trkpt>
      <trkpt lat="22.27679" lon="114.21971">
        <ele>212</ele>
        <time>2026-04-16T14:14:20+00:00</time>
      </trkpt>
      <trkpt lat="22.27672" lon="114.21976">
        <ele>212</ele>
        <time>2026-04-16T14:14:23+00:00</time>
      </trkpt>
      <trkpt lat="22.27672" lon="114.21975">
        <ele>212</ele>
        <time>2026-04-16T14:14:26+00:00</time>
      </trkpt>
      <trkpt lat="22.27665" lon="114.21982">
        <ele>209</ele>
        <time>2026-04-16T14:14:29+00:00</time>
      </trkpt>
      <trkpt lat="22.27651" lon="114.21979">
        <ele>211</ele>
        <time>2026-04-16T14:14:32+00:00</time>
      </trkpt>
      <trkpt lat="22.27641" lon="114.2197">
        <ele>209</ele>
        <time>2026-04-16T14:14:35+00:00</time>
      </trkpt>
      <trkpt lat="22.27632" lon="114.2197">
        <ele>208</ele>
        <time>2026-04-16T14:14:38+00:00</time>
      </trkpt>
      <trkpt lat="22.27625" lon="114.21976">
        <ele>212</ele>
        <time>2026-04-16T14:14:41+00:00</time>
      </trkpt>
      <trkpt lat="22.27623" lon="114.21992">
        <ele>207</ele>
        <time>2026-04-16T14:14:44+00:00</time>
      </trkpt>
      <trkpt lat="22.27615" lon="114.22009">
        <ele>212</ele>
        <time>2026-04-16T14:14:47+00:00</time>
      </trkpt>
      <trkpt lat="22.27601" lon="114.22015">
        <ele>207</ele>
        <time>2026-04-16T14:14:50+00:00</time>
      </trkpt>
      <trkpt lat="22.27579" lon="114.22014">
        <ele>209</ele>
        <time>2026-04-16T14:14:53+00:00</time>
      </trkpt>
      <trkpt lat="22.27574" lon="114.2202">
        <ele>207</ele>
        <time>2026-04-16T14:14:56+00:00</time>
      </trkpt>
      <trkpt lat="22.27574" lon="114.22041">
        <ele>207</ele>
        <time>2026-04-16T14:14:59+00:00</time>
      </trkpt>
      <trkpt lat="22.27571" lon="114.22049">
        <ele>207</ele>
        <time>2026-04-16T14:15:02+00:00</time>
      </trkpt>
      <trkpt lat="22.2756" lon="114.22064">
        <ele>210</ele>
        <time>2026-04-16T14:15:05+00:00</time>
      </trkpt>
      <trkpt lat="22.27555" lon="114.22064">
        <ele>210</ele>
        <time>2026-04-16T14:15:08+00:00</time>
      </trkpt>
      <trkpt lat="22.2753" lon="114.22049">
        <ele>210</ele>
        <time>2026-04-16T14:15:11+00:00</time>
      </trkpt>
      <trkpt lat="22.27513" lon="114.22049">
        <ele>213</ele>
        <time>2026-04-16T14:15:14+00:00</time>
      </trkpt>
      <trkpt lat="22.27492" lon="114.22046">
        <ele>213</ele>
        <time>2026-04-16T14:15:17+00:00</time>
      </trkpt>
      <trkpt lat="22.27477" lon="114.22053">
        <ele>214</ele>
        <time>2026-04-16T14:15:20+00:00</time>
      </trkpt>
      <trkpt lat="22.27461" lon="114.22055">
        <ele>213</ele>
        <time>2026-04-16T14:15:23+00:00</time>
      </trkpt>
      <trkpt lat="22.27422" lon="114.22051">
        <ele>213</ele>
        <time>2026-04-16T14:15:26+00:00</time>
      </trkpt>
      <trkpt lat="22.27394" lon="114.22082">
        <ele>213</ele>
        <time>2026-04-16T14:15:29+00:00</time>
      </trkpt>
      <trkpt lat="22.27394" lon="114.22088">
        <ele>213</ele>
        <time>2026-04-16T14:15:32+00:00</time>
      </trkpt>
      <trkpt lat="22.27411" lon="114.22094">
        <ele>209</ele>
        <time>2026-04-16T14:15:35+00:00</time>
      </trkpt>
      <trkpt lat="22.27416" lon="114.22103">
        <ele>213</ele>
        <time>2026-04-16T14:15:38+00:00</time>
      </trkpt>
      <trkpt lat="22.27409" lon="114.22129">
        <ele>214</ele>
        <time>2026-04-16T14:15:41+00:00</time>
      </trkpt>
      <trkpt lat="22.27394" lon="114.22146">
        <ele>216</ele>
        <time>2026-04-16T14:15:44+00:00</time>
      </trkpt>
      <trkpt lat="22.27384" lon="114.22152">
        <ele>213</ele>
        <time>2026-04-16T14:15:47+00:00</time>
      </trkpt>
      <trkpt lat="22.27391" lon="114.22164">
        <ele>210</ele>
        <time>2026-04-16T14:15:50+00:00</time>
      </trkpt>
      <trkpt lat="22.27394" lon="114.22201">
        <ele>212</ele>
        <time>2026-04-16T14:15:53+00:00</time>
      </trkpt>
      <trkpt lat="22.27406" lon="114.22231">
        <ele>212</ele>
        <time>2026-04-16T14:15:56+00:00</time>
      </trkpt>
      <trkpt lat="22.27409" lon="114.22253">
        <ele>216</ele>
        <time>2026-04-16T14:15:59+00:00</time>
      </trkpt>
      <trkpt lat="22.27413" lon="114.22263">
        <ele>210</ele>
        <time>2026-04-16T14:16:02+00:00</time>
      </trkpt>
      <trkpt lat="22.27422" lon="114.22264">
        <ele>207</ele>
        <time>2026-04-16T14:16:05+00:00</time>
      </trkpt>
      <trkpt lat="22.27439" lon="114.22273">
        <ele>210</ele>
        <time>2026-04-16T14:16:08+00:00</time>
      </trkpt>
      <trkpt lat="22.2744" lon="114.22283">
        <ele>205</ele>
        <time>2026-04-16T14:16:11+00:00</time>
      </trkpt>
      <trkpt lat="22.27419" lon="114.22295">
        <ele>210</ele>
        <time>2026-04-16T14:16:14+00:00</time>
      </trkpt>
      <trkpt lat="22.2739" lon="114.22294">
        <ele>210</ele>
        <time>2026-04-16T14:16:17+00:00</time>
      </trkpt>
      <trkpt lat="22.27388" lon="114.22297">
        <ele>220</ele>
        <time>2026-04-16T14:16:20+00:00</time>
      </trkpt>
      <trkpt lat="22.2739" lon="114.22311">
        <ele>214</ele>
        <time>2026-04-16T14:16:23+00:00</time>
      </trkpt>
      <trkpt lat="22.27388" lon="114.22323">
        <ele>210</ele>
        <time>2026-04-16T14:16:26+00:00</time>
      </trkpt>
      <trkpt lat="22.2738" lon="114.22329">
        <ele>213</ele>
        <time>2026-04-16T14:16:29+00:00</time>
      </trkpt>
      <trkpt lat="22.27339" lon="114.22332">
        <ele>211</ele>
        <time>2026-04-16T14:16:32+00:00</time>
      </trkpt>
      <trkpt lat="22.2733" lon="114.22348">
        <ele>207</ele>
        <time>2026-04-16T14:16:35+00:00</time>
      </trkpt>
      <trkpt lat="22.27329" lon="114.22392">
        <ele>207</ele>
        <time>2026-04-16T14:16:38+00:00</time>
      </trkpt>
      <trkpt lat="22.27336" lon="114.22403">
        <ele>211</ele>
        <time>2026-04-16T14:16:41+00:00</time>
      </trkpt>
      <trkpt lat="22.27366" lon="114.22408">
        <ele>206</ele>
        <time>2026-04-16T14:16:44+00:00</time>
      </trkpt>
      <trkpt lat="22.27378" lon="114.22414">
        <ele>206</ele>
        <time>2026-04-16T14:16:47+00:00</time>
      </trkpt>
      <trkpt lat="22.27378" lon="114.22421">
        <ele>208</ele>
        <time>2026-04-16T14:16:50+00:00</time>
      </trkpt>
      <trkpt lat="22.27371" lon="114.22434">
        <ele>206</ele>
        <time>2026-04-16T14:16:53+00:00</time>
      </trkpt>
      <trkpt lat="22.27365" lon="114.22436">
        <ele>207</ele>
        <time>2026-04-16T14:16:56+00:00</time>
      </trkpt>
      <trkpt lat="22.27342" lon="114.22432">
        <ele>208</ele>
        <time>2026-04-16T14:16:59+00:00</time>
      </trkpt>
      <trkpt lat="22.27331" lon="114.22446">
        <ele>208</ele>
        <time>2026-04-16T14:17:02+00:00</time>
      </trkpt>
      <trkpt lat="22.2732" lon="114.22448">
        <ele>208</ele>
        <time>2026-04-16T14:17:05+00:00</time>
      </trkpt>
      <trkpt lat="22.27316" lon="114.22454">
        <ele>210</ele>
        <time>2026-04-16T14:17:08+00:00</time>
      </trkpt>
      <trkpt lat="22.27322" lon="114.22473">
        <ele>208</ele>
        <time>2026-04-16T14:17:11+00:00</time>
      </trkpt>
      <trkpt lat="22.27321" lon="114.22488">
        <ele>208</ele>
        <time>2026-04-16T14:17:14+00:00</time>
      </trkpt>
      <trkpt lat="22.27336" lon="114.22526">
        <ele>210</ele>
        <time>2026-04-16T14:17:17+00:00</time>
      </trkpt>
      <trkpt lat="22.27337" lon="114.22536">
        <ele>210</ele>
        <time>2026-04-16T14:17:20+00:00</time>
      </trkpt>
      <trkpt lat="22.27332" lon="114.22543">
        <ele>207</ele>
        <time>2026-04-16T14:17:23+00:00</time>
      </trkpt>
      <trkpt lat="22.2732" lon="114.22546">
        <ele>210</ele>
        <time>2026-04-16T14:17:26+00:00</time>
      </trkpt>
      <trkpt lat="22.27317" lon="114.2255">
        <ele>212</ele>
        <time>2026-04-16T14:17:29+00:00</time>
      </trkpt>
      <trkpt lat="22.27321" lon="114.2256">
        <ele>207</ele>
        <time>2026-04-16T14:17:32+00:00</time>
      </trkpt>
      <trkpt lat="22.27321" lon="114.2257">
        <ele>206</ele>
        <time>2026-04-16T14:17:35+00:00</time>
      </trkpt>
      <trkpt lat="22.27309" lon="114.22593">
        <ele>209</ele>
        <time>2026-04-16T14:17:38+00:00</time>
      </trkpt>
      <trkpt lat="22.27307" lon="114.22614">
        <ele>208</ele>
        <time>2026-04-16T14:17:41+00:00</time>
      </trkpt>
      <trkpt lat="22.27302" lon="114.22618">
        <ele>208</ele>
        <time>2026-04-16T14:17:44+00:00</time>
      </trkpt>
      <trkpt lat="22.27287" lon="114.22619">
        <ele>216</ele>
        <time>2026-04-16T14:17:47+00:00</time>
      </trkpt>
      <trkpt lat="22.27282" lon="114.22624">
        <ele>210</ele>
        <time>2026-04-16T14:17:50+00:00</time>
      </trkpt>
      <trkpt lat="22.27283" lon="114.22633">
        <ele>208</ele>
        <time>2026-04-16T14:17:53+00:00</time>
      </trkpt>
      <trkpt lat="22.27276" lon="114.22651">
        <ele>212</ele>
        <time>2026-04-16T14:17:56+00:00</time>
      </trkpt>
      <trkpt lat="22.27275" lon="114.22659">
        <ele>212</ele>
        <time>2026-04-16T14:17:59+00:00</time>
      </trkpt>
      <trkpt lat="22.27295" lon="114.22692">
        <ele>211</ele>
        <time>2026-04-16T14:18:02+00:00</time>
      </trkpt>
      <trkpt lat="22.27296" lon="114.22705">
        <ele>213</ele>
        <time>2026-04-16T14:18:05+00:00</time>
      </trkpt>
      <trkpt lat="22.27281" lon="114.22721">
        <ele>211</ele>
        <time>2026-04-16T14:18:08+00:00</time>
      </trkpt>
      <trkpt lat="22.2726" lon="114.22727">
        <ele>219</ele>
        <time>2026-04-16T14:18:11+00:00</time>
      </trkpt>
      <trkpt lat="22.2725" lon="114.22735">
        <ele>213</ele>
        <time>2026-04-16T14:18:14+00:00</time>
      </trkpt>
      <trkpt lat="22.27234" lon="114.22758">
        <ele>213</ele>
        <time>2026-04-16T14:18:17+00:00</time>
      </trkpt>
      <trkpt lat="22.2723" lon="114.22768">
        <ele>212</ele>
        <time>2026-04-16T14:18:20+00:00</time>
      </trkpt>
      <trkpt lat="22.27221" lon="114.22778">
        <ele>213</ele>
        <time>2026-04-16T14:18:23+00:00</time>
      </trkpt>
      <trkpt lat="22.27211" lon="114.22782">
        <ele>213</ele>
        <time>2026-04-16T14:18:26+00:00</time>
      </trkpt>
      <trkpt lat="22.27206" lon="114.22792">
        <ele>214</ele>
        <time>2026-04-16T14:18:29+00:00</time>
      </trkpt>
      <trkpt lat="22.27207" lon="114.22813">
        <ele>212</ele>
        <time>2026-04-16T14:18:32+00:00</time>
      </trkpt>
      <trkpt lat="22.27205" lon="114.22824">
        <ele>211</ele>
        <time>2026-04-16T14:18:35+00:00</time>
      </trkpt>
      <trkpt lat="22.272" lon="114.22829">
        <ele>211</ele>
        <time>2026-04-16T14:18:38+00:00</time>
      </trkpt>
      <trkpt lat="22.27188" lon="114.22832">
        <ele>215</ele>
        <time>2026-04-16T14:18:41+00:00</time>
      </trkpt>
      <trkpt lat="22.2716" lon="114.22819">
        <ele>214</ele>
        <time>2026-04-16T14:18:44+00:00</time>
      </trkpt>
      <trkpt lat="22.27148" lon="114.22819">
        <ele>216</ele>
        <time>2026-04-16T14:18:47+00:00</time>
      </trkpt>
      <trkpt lat="22.27143" lon="114.22823">
        <ele>214</ele>
        <time>2026-04-16T14:18:50+00:00</time>
      </trkpt>
      <trkpt lat="22.27143" lon="114.22832">
        <ele>214</ele>
        <time>2026-04-16T14:18:53+00:00</time>
      </trkpt>
      <trkpt lat="22.27147" lon="114.2285">
        <ele>216</ele>
        <time>2026-04-16T14:18:56+00:00</time>
      </trkpt>
      <trkpt lat="22.27144" lon="114.22862">
        <ele>214</ele>
        <time>2026-04-16T14:18:59+00:00</time>
      </trkpt>
      <trkpt lat="22.27128" lon="114.22884">
        <ele>214</ele>
        <time>2026-04-16T14:19:02+00:00</time>
      </trkpt>
      <trkpt lat="22.27114" lon="114.22892">
        <ele>216</ele>
        <time>2026-04-16T14:19:05+00:00</time>
      </trkpt>
      <trkpt lat="22.27108" lon="114.22912">
        <ele>215</ele>
        <time>2026-04-16T14:19:08+00:00</time>
      </trkpt>
      <trkpt lat="22.27095" lon="114.2293">
        <ele>212</ele>
        <time>2026-04-16T14:19:11+00:00</time>
      </trkpt>
      <trkpt lat="22.27075" lon="114.22943">
        <ele>215</ele>
        <time>2026-04-16T14:19:14+00:00</time>
      </trkpt>
      <trkpt lat="22.27051" lon="114.22958">
        <ele>215</ele>
        <time>2026-04-16T14:19:17+00:00</time>
      </trkpt>
      <trkpt lat="22.27043" lon="114.22968">
        <ele>213</ele>
        <time>2026-04-16T14:19:20+00:00</time>
      </trkpt>
      <trkpt lat="22.2703" lon="114.22996">
        <ele>215</ele>
        <time>2026-04-16T14:19:23+00:00</time>
      </trkpt>
      <trkpt lat="22.27024" lon="114.23003">
        <ele>215</ele>
        <time>2026-04-16T14:19:26+00:00</time>
      </trkpt>
      <trkpt lat="22.27021" lon="114.23001">
        <ele>215</ele>
        <time>2026-04-16T14:19:29+00:00</time>
      </trkpt>
      <trkpt lat="22.27006" lon="114.23008">
        <ele>216</ele>
        <time>2026-04-16T14:19:32+00:00</time>
      </trkpt>
      <trkpt lat="22.26992" lon="114.23009">
        <ele>221</ele>
        <time>2026-04-16T14:19:35+00:00</time>
      </trkpt>
      <trkpt lat="22.26982" lon="114.23015">
        <ele>215</ele>
        <time>2026-04-16T14:19:38+00:00</time>
      </trkpt>
      <trkpt lat="22.26971" lon="114.23043">
        <ele>214</ele>
        <time>2026-04-16T14:19:41+00:00</time>
      </trkpt>
      <trkpt lat="22.26961" lon="114.23046">
        <ele>217</ele>
        <time>2026-04-16T14:19:44+00:00</time>
      </trkpt>
      <trkpt lat="22.26928" lon="114.2305">
        <ele>214</ele>
        <time>2026-04-16T14:19:47+00:00</time>
      </trkpt>
      <trkpt lat="22.26876" lon="114.23057">
        <ele>214</ele>
        <time>2026-04-16T14:19:50+00:00</time>
      </trkpt>
      <trkpt lat="22.26858" lon="114.23052">
        <ele>219</ele>
        <time>2026-04-16T14:19:53+00:00</time>
      </trkpt>
      <trkpt lat="22.26832" lon="114.23056">
        <ele>215</ele>
        <time>2026-04-16T14:19:56+00:00</time>
      </trkpt>
      <trkpt lat="22.26801" lon="114.23062">
        <ele>215</ele>
        <time>2026-04-16T14:19:59+00:00</time>
      </trkpt>
      <trkpt lat="22.26786" lon="114.23058">
        <ele>221</ele>
        <time>2026-04-16T14:20:02+00:00</time>
      </trkpt>
      <trkpt lat="22.26769" lon="114.23059">
        <ele>217</ele>
        <time>2026-04-16T14:20:05+00:00</time>
      </trkpt>
      <trkpt lat="22.26756" lon="114.23054">
        <ele>216</ele>
        <time>2026-04-16T14:20:08+00:00</time>
      </trkpt>
      <trkpt lat="22.2672" lon="114.23059">
        <ele>217</ele>
        <time>2026-04-16T14:20:11+00:00</time>
      </trkpt>
      <trkpt lat="22.267" lon="114.23058">
        <ele>216</ele>
        <time>2026-04-16T14:20:14+00:00</time>
      </trkpt>
      <trkpt lat="22.26678" lon="114.23052">
        <ele>218</ele>
        <time>2026-04-16T14:20:17+00:00</time>
      </trkpt>
      <trkpt lat="22.26659" lon="114.23035">
        <ele>219</ele>
        <time>2026-04-16T14:20:20+00:00</time>
      </trkpt>
      <trkpt lat="22.26645" lon="114.23026">
        <ele>219</ele>
        <time>2026-04-16T14:20:23+00:00</time>
      </trkpt>
      <trkpt lat="22.26612" lon="114.22994">
        <ele>226</ele>
        <time>2026-04-16T14:20:26+00:00</time>
      </trkpt>
      <trkpt lat="22.26607" lon="114.22985">
        <ele>225</ele>
        <time>2026-04-16T14:20:29+00:00</time>
      </trkpt>
      <trkpt lat="22.26608" lon="114.2297">
        <ele>227</ele>
        <time>2026-04-16T14:20:32+00:00</time>
      </trkpt>
      <trkpt lat="22.266" lon="114.2295">
        <ele>229</ele>
        <time>2026-04-16T14:20:35+00:00</time>
      </trkpt>
      <trkpt lat="22.26575" lon="114.22926">
        <ele>232</ele>
        <time>2026-04-16T14:20:38+00:00</time>
      </trkpt>
      <trkpt lat="22.26569" lon="114.22905">
        <ele>234</ele>
        <time>2026-04-16T14:20:41+00:00</time>
      </trkpt>
      <trkpt lat="22.26555" lon="114.22887">
        <ele>236</ele>
        <time>2026-04-16T14:20:44+00:00</time>
      </trkpt>
      <trkpt lat="22.26541" lon="114.22868">
        <ele>241</ele>
        <time>2026-04-16T14:20:47+00:00</time>
      </trkpt>
      <trkpt lat="22.26538" lon="114.22858">
        <ele>244</ele>
        <time>2026-04-16T14:20:50+00:00</time>
      </trkpt>
      <trkpt lat="22.26529" lon="114.22855">
        <ele>245</ele>
        <time>2026-04-16T14:20:53+00:00</time>
      </trkpt>
      <trkpt lat="22.26515" lon="114.22857">
        <ele>243</ele>
        <time>2026-04-16T14:20:56+00:00</time>
      </trkpt>
      <trkpt lat="22.26509" lon="114.22851">
        <ele>247</ele>
        <time>2026-04-16T14:20:59+00:00</time>
      </trkpt>
      <trkpt lat="22.265" lon="114.22825">
        <ele>246</ele>
        <time>2026-04-16T14:21:02+00:00</time>
      </trkpt>
      <trkpt lat="22.26501" lon="114.22812">
        <ele>249</ele>
        <time>2026-04-16T14:21:05+00:00</time>
      </trkpt>
      <trkpt lat="22.26493" lon="114.22796">
        <ele>250</ele>
        <time>2026-04-16T14:21:08+00:00</time>
      </trkpt>
      <trkpt lat="22.2649" lon="114.22784">
        <ele>251</ele>
        <time>2026-04-16T14:21:11+00:00</time>
      </trkpt>
      <trkpt lat="22.26474" lon="114.22773">
        <ele>251</ele>
        <time>2026-04-16T14:21:14+00:00</time>
      </trkpt>
      <trkpt lat="22.26471" lon="114.22762">
        <ele>254</ele>
        <time>2026-04-16T14:21:17+00:00</time>
      </trkpt>
      <trkpt lat="22.26459" lon="114.22745">
        <ele>253</ele>
        <time>2026-04-16T14:21:20+00:00</time>
      </trkpt>
      <trkpt lat="22.26457" lon="114.22736">
        <ele>253</ele>
        <time>2026-04-16T14:21:23+00:00</time>
      </trkpt>
      <trkpt lat="22.26464" lon="114.22697">
        <ele>258</ele>
        <time>2026-04-16T14:21:26+00:00</time>
      </trkpt>
      <trkpt lat="22.2647" lon="114.22681">
        <ele>264</ele>
        <time>2026-04-16T14:21:29+00:00</time>
      </trkpt>
      <trkpt lat="22.26481" lon="114.22661">
        <ele>260</ele>
        <time>2026-04-16T14:21:32+00:00</time>
      </trkpt>
      <trkpt lat="22.26481" lon="114.22662">
        <ele>264</ele>
        <time>2026-04-16T14:21:35+00:00</time>
      </trkpt>
      <trkpt lat="22.26487" lon="114.22653">
        <ele>263</ele>
        <time>2026-04-16T14:21:38+00:00</time>
      </trkpt>
      <trkpt lat="22.26489" lon="114.22633">
        <ele>260</ele>
        <time>2026-04-16T14:21:41+00:00</time>
      </trkpt>
      <trkpt lat="22.26487" lon="114.22601">
        <ele>261</ele>
        <time>2026-04-16T14:21:44+00:00</time>
      </trkpt>
      <trkpt lat="22.26478" lon="114.22566">
        <ele>265</ele>
        <time>2026-04-16T14:21:47+00:00</time>
      </trkpt>
      <trkpt lat="22.26483" lon="114.2253">
        <ele>265</ele>
        <time>2026-04-16T14:21:50+00:00</time>
      </trkpt>
      <trkpt lat="22.26479" lon="114.22484">
        <ele>266</ele>
        <time>2026-04-16T14:21:53+00:00</time>
      </trkpt>
      <trkpt lat="22.26482" lon="114.22468">
        <ele>274</ele>
        <time>2026-04-16T14:21:56+00:00</time>
      </trkpt>
      <trkpt lat="22.26479" lon="114.22462">
        <ele>262</ele>
        <time>2026-04-16T14:21:59+00:00</time>
      </trkpt>
      <trkpt lat="22.26472" lon="114.22456">
        <ele>266</ele>
        <time>2026-04-16T14:22:02+00:00</time>
      </trkpt>
      <trkpt lat="22.26444" lon="114.22439">
        <ele>262</ele>
        <time>2026-04-16T14:22:05+00:00</time>
      </trkpt>
      <trkpt lat="22.26415" lon="114.22422">
        <ele>263</ele>
        <time>2026-04-16T14:22:08+00:00</time>
      </trkpt>
      <trkpt lat="22.26414" lon="114.22418">
        <ele>260</ele>
        <time>2026-04-16T14:22:11+00:00</time>
      </trkpt>
      <trkpt lat="22.26423" lon="114.22394">
        <ele>261</ele>
        <time>2026-04-16T14:22:14+00:00</time>
      </trkpt>
      <trkpt lat="22.26423" lon="114.22389">
        <ele>267</ele>
        <time>2026-04-16T14:22:17+00:00</time>
      </trkpt>
      <trkpt lat="22.26417" lon="114.22386">
        <ele>264</ele>
        <time>2026-04-16T14:22:20+00:00</time>
      </trkpt>
      <trkpt lat="22.26409" lon="114.22386">
        <ele>262</ele>
        <time>2026-04-16T14:22:23+00:00</time>
      </trkpt>
      <trkpt lat="22.26371" lon="114.22393">
        <ele>260</ele>
        <time>2026-04-16T14:22:26+00:00</time>
      </trkpt>
      <trkpt lat="22.26334" lon="114.22401">
        <ele>260</ele>
        <time>2026-04-16T14:22:29+00:00</time>
      </trkpt>
      <trkpt lat="22.26281" lon="114.22411">
        <ele>261</ele>
        <time>2026-04-16T14:22:32+00:00</time>
      </trkpt>
      <trkpt lat="22.26248" lon="114.22406">
        <ele>263</ele>
        <time>2026-04-16T14:22:35+00:00</time>
      </trkpt>
      <trkpt lat="22.2621" lon="114.22434">
        <ele>263</ele>
        <time>2026-04-16T14:22:38+00:00</time>
      </trkpt>
      <trkpt lat="22.26174" lon="114.22438">
        <ele>263</ele>
        <time>2026-04-16T14:22:41+00:00</time>
      </trkpt>
      <trkpt lat="22.26124" lon="114.22443">
        <ele>260</ele>
        <time>2026-04-16T14:22:44+00:00</time>
      </trkpt>
      <trkpt lat="22.26097" lon="114.2247">
        <ele>258</ele>
        <time>2026-04-16T14:22:47+00:00</time>
      </trkpt>
      <trkpt lat="22.26077" lon="114.22474">
        <ele>258</ele>
        <time>2026-04-16T14:22:50+00:00</time>
      </trkpt>
      <trkpt lat="22.26059" lon="114.22462">
        <ele>258</ele>
        <time>2026-04-16T14:22:53+00:00</time>
      </trkpt>
      <trkpt lat="22.2604" lon="114.22449">
        <ele>261</ele>
        <time>2026-04-16T14:22:56+00:00</time>
      </trkpt>
      <trkpt lat="22.26021" lon="114.22445">
        <ele>258</ele>
        <time>2026-04-16T14:22:59+00:00</time>
      </trkpt>
      <trkpt lat="22.25997" lon="114.22426">
        <ele>259</ele>
        <time>2026-04-16T14:23:02+00:00</time>
      </trkpt>
      <trkpt lat="22.2598" lon="114.22432">
        <ele>262</ele>
        <time>2026-04-16T14:23:05+00:00</time>
      </trkpt>
      <trkpt lat="22.25957" lon="114.22456">
        <ele>258</ele>
        <time>2026-04-16T14:23:08+00:00</time>
      </trkpt>
      <trkpt lat="22.25923" lon="114.22453">
        <ele>257</ele>
        <time>2026-04-16T14:23:11+00:00</time>
      </trkpt>
      <trkpt lat="22.25874" lon="114.22456">
        <ele>257</ele>
        <time>2026-04-16T14:23:14+00:00</time>
      </trkpt>
      <trkpt lat="22.25853" lon="114.22455">
        <ele>255</ele>
        <time>2026-04-16T14:23:17+00:00</time>
      </trkpt>
      <trkpt lat="22.25835" lon="114.2244">
        <ele>252</ele>
        <time>2026-04-16T14:23:20+00:00</time>
      </trkpt>
      <trkpt lat="22.25804" lon="114.22432">
        <ele>253</ele>
        <time>2026-04-16T14:23:23+00:00</time>
      </trkpt>
      <trkpt lat="22.25784" lon="114.22421">
        <ele>251</ele>
        <time>2026-04-16T14:23:26+00:00</time>
      </trkpt>
      <trkpt lat="22.25772" lon="114.22416">
        <ele>249</ele>
        <time>2026-04-16T14:23:29+00:00</time>
      </trkpt>
      <trkpt lat="22.25773" lon="114.22417">
        <ele>254</ele>
        <time>2026-04-16T14:23:32+00:00</time>
      </trkpt>
      <trkpt lat="22.25751" lon="114.22409">
        <ele>253</ele>
        <time>2026-04-16T14:23:35+00:00</time>
      </trkpt>
      <trkpt lat="22.25724" lon="114.22414">
        <ele>249</ele>
        <time>2026-04-16T14:23:38+00:00</time>
      </trkpt>
      <trkpt lat="22.25683" lon="114.22422">
        <ele>249</ele>
        <time>2026-04-16T14:23:41+00:00</time>
      </trkpt>
      <trkpt lat="22.25687" lon="114.22414">
        <ele>250</ele>
        <time>2026-04-16T14:23:44+00:00</time>
      </trkpt>
      <trkpt lat="22.25698" lon="114.22402">
        <ele>250</ele>
        <time>2026-04-16T14:23:47+00:00</time>
      </trkpt>
      <trkpt lat="22.25706" lon="114.22388">
        <ele>252</ele>
        <time>2026-04-16T14:23:50+00:00</time>
      </trkpt>
      <trkpt lat="22.25712" lon="114.22387">
        <ele>253</ele>
        <time>2026-04-16T14:23:53+00:00</time>
      </trkpt>
      <trkpt lat="22.25721" lon="114.2237">
        <ele>257</ele>
        <time>2026-04-16T14:23:56+00:00</time>
      </trkpt>
      <trkpt lat="22.25723" lon="114.22364">
        <ele>259</ele>
        <time>2026-04-16T14:23:59+00:00</time>
      </trkpt>
      <trkpt lat="22.25723" lon="114.22348">
        <ele>256</ele>
        <time>2026-04-16T14:24:02+00:00</time>
      </trkpt>
      <trkpt lat="22.25742" lon="114.22301">
        <ele>259</ele>
        <time>2026-04-16T14:24:05+00:00</time>
      </trkpt>
      <trkpt lat="22.25744" lon="114.22292">
        <ele>263</ele>
        <time>2026-04-16T14:24:08+00:00</time>
      </trkpt>
      <trkpt lat="22.2574" lon="114.22275">
        <ele>255</ele>
        <time>2026-04-16T14:24:11+00:00</time>
      </trkpt>
      <trkpt lat="22.25744" lon="114.22254">
        <ele>260</ele>
        <time>2026-04-16T14:24:14+00:00</time>
      </trkpt>
      <trkpt lat="22.25749" lon="114.22233">
        <ele>260</ele>
        <time>2026-04-16T14:24:17+00:00</time>
      </trkpt>
      <trkpt lat="22.25752" lon="114.22228">
        <ele>264</ele>
        <time>2026-04-16T14:24:20+00:00</time>
      </trkpt>
      <trkpt lat="22.25762" lon="114.2222">
        <ele>271</ele>
        <time>2026-04-16T14:24:23+00:00</time>
      </trkpt>
      <trkpt lat="22.25772" lon="114.22203">
        <ele>274</ele>
        <time>2026-04-16T14:24:26+00:00</time>
      </trkpt>
      <trkpt lat="22.25791" lon="114.22176">
        <ele>275</ele>
        <time>2026-04-16T14:24:29+00:00</time>
      </trkpt>
      <trkpt lat="22.2581" lon="114.22156">
        <ele>279</ele>
        <time>2026-04-16T14:24:32+00:00</time>
      </trkpt>
      <trkpt lat="22.25828" lon="114.22127">
        <ele>280</ele>
        <time>2026-04-16T14:24:35+00:00</time>
      </trkpt>
      <trkpt lat="22.2584" lon="114.22114">
        <ele>280</ele>
        <time>2026-04-16T14:24:38+00:00</time>
      </trkpt>
      <trkpt lat="22.25845" lon="114.22074">
        <ele>283</ele>
        <time>2026-04-16T14:24:41+00:00</time>
      </trkpt>
      <trkpt lat="22.2585" lon="114.22065">
        <ele>280</ele>
        <time>2026-04-16T14:24:44+00:00</time>
      </trkpt>
      <trkpt lat="22.25857" lon="114.22059">
        <ele>282</ele>
        <time>2026-04-16T14:24:47+00:00</time>
      </trkpt>
      <trkpt lat="22.25876" lon="114.22056">
        <ele>285</ele>
        <time>2026-04-16T14:24:50+00:00</time>
      </trkpt>
      <trkpt lat="22.25878" lon="114.22052">
        <ele>289</ele>
        <time>2026-04-16T14:24:53+00:00</time>
      </trkpt>
      <trkpt lat="22.25879" lon="114.22039">
        <ele>284</ele>
        <time>2026-04-16T14:24:56+00:00</time>
      </trkpt>
      <trkpt lat="22.25889" lon="114.22032">
        <ele>288</ele>
        <time>2026-04-16T14:24:59+00:00</time>
      </trkpt>
      <trkpt lat="22.2592" lon="114.22035">
        <ele>298</ele>
        <time>2026-04-16T14:25:02+00:00</time>
      </trkpt>
      <trkpt lat="22.25941" lon="114.2204">
        <ele>306</ele>
        <time>2026-04-16T14:25:05+00:00</time>
      </trkpt>
      <trkpt lat="22.25944" lon="114.22036">
        <ele>301</ele>
        <time>2026-04-16T14:25:08+00:00</time>
      </trkpt>
      <trkpt lat="22.25946" lon="114.22021">
        <ele>299</ele>
        <time>2026-04-16T14:25:11+00:00</time>
      </trkpt>
      <trkpt lat="22.25949" lon="114.22016">
        <ele>296</ele>
        <time>2026-04-16T14:25:14+00:00</time>
      </trkpt>
      <trkpt lat="22.25956" lon="114.2201">
        <ele>302</ele>
        <time>2026-04-16T14:25:17+00:00</time>
      </trkpt>
      <trkpt lat="22.2597" lon="114.22003">
        <ele>305</ele>
        <time>2026-04-16T14:25:20+00:00</time>
      </trkpt>
      <trkpt lat="22.25977" lon="114.21995">
        <ele>303</ele>
        <time>2026-04-16T14:25:23+00:00</time>
      </trkpt>
      <trkpt lat="22.25982" lon="114.21982">
        <ele>307</ele>
        <time>2026-04-16T14:25:26+00:00</time>
      </trkpt>
      <trkpt lat="22.25984" lon="114.21964">
        <ele>304</ele>
        <time>2026-04-16T14:25:29+00:00</time>
      </trkpt>
      <trkpt lat="22.25988" lon="114.21957">
        <ele>303</ele>
        <time>2026-04-16T14:25:32+00:00</time>
      </trkpt>
      <trkpt lat="22.25998" lon="114.2195">
        <ele>308</ele>
        <time>2026-04-16T14:25:35+00:00</time>
      </trkpt>
      <trkpt lat="22.26009" lon="114.2195">
        <ele>312</ele>
        <time>2026-04-16T14:25:38+00:00</time>
      </trkpt>
      <trkpt lat="22.26019" lon="114.21945">
        <ele>311</ele>
        <time>2026-04-16T14:25:41+00:00</time>
      </trkpt>
      <trkpt lat="22.26023" lon="114.21942">
        <ele>317</ele>
        <time>2026-04-16T14:25:44+00:00</time>
      </trkpt>
      <trkpt lat="22.26026" lon="114.21935">
        <ele>314</ele>
        <time>2026-04-16T14:25:47+00:00</time>
      </trkpt>
      <trkpt lat="22.26036" lon="114.21928">
        <ele>312</ele>
        <time>2026-04-16T14:25:50+00:00</time>
      </trkpt>
      <trkpt lat="22.26034" lon="114.21913">
        <ele>318</ele>
        <time>2026-04-16T14:25:53+00:00</time>
      </trkpt>
      <trkpt lat="22.26026" lon="114.21906">
        <ele>314</ele>
        <time>2026-04-16T14:25:56+00:00</time>
      </trkpt>
      <trkpt lat="22.26024" lon="114.21898">
        <ele>313</ele>
        <time>2026-04-16T14:25:59+00:00</time>
      </trkpt>
      <trkpt lat="22.26031" lon="114.2188">
        <ele>317</ele>
        <time>2026-04-16T14:26:02+00:00</time>
      </trkpt>
      <trkpt lat="22.26044" lon="114.2186">
        <ele>319</ele>
        <time>2026-04-16T14:26:05+00:00</time>
      </trkpt>
      <trkpt lat="22.26056" lon="114.21832">
        <ele>317</ele>
        <time>2026-04-16T14:26:08+00:00</time>
      </trkpt>
      <trkpt lat="22.26058" lon="114.21822">
        <ele>320</ele>
        <time>2026-04-16T14:26:11+00:00</time>
      </trkpt>
      <trkpt lat="22.26058" lon="114.21798">
        <ele>322</ele>
        <time>2026-04-16T14:26:14+00:00</time>
      </trkpt>
      <trkpt lat="22.26068" lon="114.21746">
        <ele>327</ele>
        <time>2026-04-16T14:26:17+00:00</time>
      </trkpt>
      <trkpt lat="22.2607" lon="114.21722">
        <ele>333</ele>
        <time>2026-04-16T14:26:20+00:00</time>
      </trkpt>
      <trkpt lat="22.26074" lon="114.21711">
        <ele>328</ele>
        <time>2026-04-16T14:26:23+00:00</time>
      </trkpt>
      <trkpt lat="22.26083" lon="114.217">
        <ele>333</ele>
        <time>2026-04-16T14:26:26+00:00</time>
      </trkpt>
      <trkpt lat="22.261" lon="114.21689">
        <ele>329</ele>
        <time>2026-04-16T14:26:29+00:00</time>
      </trkpt>
      <trkpt lat="22.26138" lon="114.21683">
        <ele>331</ele>
        <time>2026-04-16T14:26:32+00:00</time>
      </trkpt>
      <trkpt lat="22.26163" lon="114.21666">
        <ele>331</ele>
        <time>2026-04-16T14:26:35+00:00</time>
      </trkpt>
      <trkpt lat="22.26188" lon="114.21658">
        <ele>332</ele>
        <time>2026-04-16T14:26:38+00:00</time>
      </trkpt>
      <trkpt lat="22.26232" lon="114.21638">
        <ele>341</ele>
        <time>2026-04-16T14:26:41+00:00</time>
      </trkpt>
      <trkpt lat="22.26242" lon="114.21631">
        <ele>343</ele>
        <time>2026-04-16T14:26:44+00:00</time>
      </trkpt>
      <trkpt lat="22.26273" lon="114.21621">
        <ele>340</ele>
        <time>2026-04-16T14:26:47+00:00</time>
      </trkpt>
      <trkpt lat="22.26306" lon="114.21618">
        <ele>340</ele>
        <time>2026-04-16T14:26:50+00:00</time>
      </trkpt>
      <trkpt lat="22.26326" lon="114.21619">
        <ele>334</ele>
        <time>2026-04-16T14:26:53+00:00</time>
      </trkpt>
      <trkpt lat="22.2635" lon="114.21617">
        <ele>340</ele>
        <time>2026-04-16T14:26:56+00:00</time>
      </trkpt>
      <trkpt lat="22.264" lon="114.21595">
        <ele>338</ele>
        <time>2026-04-16T14:26:59+00:00</time>
      </trkpt>
      <trkpt lat="22.2641" lon="114.21594">
        <ele>343</ele>
        <time>2026-04-16T14:27:02+00:00</time>
      </trkpt>
      <trkpt lat="22.2643" lon="114.21588">
        <ele>337</ele>
        <time>2026-04-16T14:27:05+00:00</time>
      </trkpt>
      <trkpt lat="22.26444" lon="114.2158">
        <ele>339</ele>
        <time>2026-04-16T14:27:08+00:00</time>
      </trkpt>
      <trkpt lat="22.26485" lon="114.21572">
        <ele>338</ele>
        <time>2026-04-16T14:27:11+00:00</time>
      </trkpt>
      <trkpt lat="22.26525" lon="114.21578">
        <ele>338</ele>
        <time>2026-04-16T14:27:14+00:00</time>
      </trkpt>
      <trkpt lat="22.26533" lon="114.21577">
        <ele>342</ele>
        <time>2026-04-16T14:27:17+00:00</time>
      </trkpt>
      <trkpt lat="22.26547" lon="114.21571">
        <ele>344</ele>
        <time>2026-04-16T14:27:20+00:00</time>
      </trkpt>
      <trkpt lat="22.26562" lon="114.21569">
        <ele>338</ele>
        <time>2026-04-16T14:27:23+00:00</time>
      </trkpt>
      <trkpt lat="22.2658" lon="114.21559">
        <ele>336</ele>
        <time>2026-04-16T14:27:26+00:00</time>
      </trkpt>
      <trkpt lat="22.26592" lon="114.2154">
        <ele>339</ele>
        <time>2026-04-16T14:27:29+00:00</time>
      </trkpt>
      <trkpt lat="22.26599" lon="114.21534">
        <ele>333</ele>
        <time>2026-04-16T14:27:32+00:00</time>
      </trkpt>
      <trkpt lat="22.26623" lon="114.21521">
        <ele>338</ele>
        <time>2026-04-16T14:27:35+00:00</time>
      </trkpt>
      <trkpt lat="22.26627" lon="114.21515">
        <ele>336</ele>
        <time>2026-04-16T14:27:38+00:00</time>
      </trkpt>
      <trkpt lat="22.26631" lon="114.21503">
        <ele>337</ele>
        <time>2026-04-16T14:27:41+00:00</time>
      </trkpt>
      <trkpt lat="22.26652" lon="114.21475">
        <ele>340</ele>
        <time>2026-04-16T14:27:44+00:00</time>
      </trkpt>
      <trkpt lat="22.2666" lon="114.21454">
        <ele>343</ele>
        <time>2026-04-16T14:27:47+00:00</time>
      </trkpt>
      <trkpt lat="22.2667" lon="114.21437">
        <ele>339</ele>
        <time>2026-04-16T14:27:50+00:00</time>
      </trkpt>
      <trkpt lat="22.26678" lon="114.21414">
        <ele>339</ele>
        <time>2026-04-16T14:27:53+00:00</time>
      </trkpt>
      <trkpt lat="22.26675" lon="114.21394">
        <ele>338</ele>
        <time>2026-04-16T14:27:56+00:00</time>
      </trkpt>
      <trkpt lat="22.26683" lon="114.21388">
        <ele>338</ele>
        <time>2026-04-16T14:27:59+00:00</time>
      </trkpt>
      <trkpt lat="22.26685" lon="114.21359">
        <ele>331</ele>
        <time>2026-04-16T14:28:02+00:00</time>
      </trkpt>
      <trkpt lat="22.26687" lon="114.2133">
        <ele>335</ele>
        <time>2026-04-16T14:28:05+00:00</time>
      </trkpt>
      <trkpt lat="22.26691" lon="114.21329">
        <ele>328</ele>
        <time>2026-04-16T14:28:08+00:00</time>
      </trkpt>
      <trkpt lat="22.26691" lon="114.21322">
        <ele>328</ele>
        <time>2026-04-16T14:28:11+00:00</time>
      </trkpt>
      <trkpt lat="22.26702" lon="114.21295">
        <ele>339</ele>
        <time>2026-04-16T14:28:14+00:00</time>
      </trkpt>
      <trkpt lat="22.26713" lon="114.21267">
        <ele>352</ele>
        <time>2026-04-16T14:28:17+00:00</time>
      </trkpt>
      <trkpt lat="22.26719" lon="114.21216">
        <ele>381</ele>
        <time>2026-04-16T14:28:20+00:00</time>
      </trkpt>
      <trkpt lat="22.26737" lon="114.21183">
        <ele>401</ele>
        <time>2026-04-16T14:28:23+00:00</time>
      </trkpt>
      <trkpt lat="22.26748" lon="114.21167">
        <ele>411</ele>
        <time>2026-04-16T14:28:26+00:00</time>
      </trkpt>
      <trkpt lat="22.26756" lon="114.21145">
        <ele>420</ele>
        <time>2026-04-16T14:28:29+00:00</time>
      </trkpt>
      <trkpt lat="22.26763" lon="114.21135">
        <ele>425</ele>
        <time>2026-04-16T14:28:32+00:00</time>
      </trkpt>
      <trkpt lat="22.26772" lon="114.21127">
        <ele>428</ele>
        <time>2026-04-16T14:28:35+00:00</time>
      </trkpt>
      <trkpt lat="22.2679" lon="114.21095">
        <ele>418</ele>
        <time>2026-04-16T14:28:38+00:00</time>
      </trkpt>
      <trkpt lat="22.26815" lon="114.21062">
        <ele>416</ele>
        <time>2026-04-16T14:28:41+00:00</time>
      </trkpt>
      <trkpt lat="22.26817" lon="114.21054">
        <ele>415</ele>
        <time>2026-04-16T14:28:44+00:00</time>
      </trkpt>
      <trkpt lat="22.26848" lon="114.21017">
        <ele>395</ele>
        <time>2026-04-16T14:28:47+00:00</time>
      </trkpt>
      <trkpt lat="22.26865" lon="114.20989">
        <ele>386</ele>
        <time>2026-04-16T14:28:50+00:00</time>
      </trkpt>
      <trkpt lat="22.26875" lon="114.20968">
        <ele>384</ele>
        <time>2026-04-16T14:28:53+00:00</time>
      </trkpt>
      <trkpt lat="22.26898" lon="114.20939">
        <ele>388</ele>
        <time>2026-04-16T14:28:56+00:00</time>
      </trkpt>
      <trkpt lat="22.26892" lon="114.20926">
        <ele>387</ele>
        <time>2026-04-16T14:28:59+00:00</time>
      </trkpt>
      <trkpt lat="22.26883" lon="114.20916">
        <ele>390</ele>
        <time>2026-04-16T14:29:02+00:00</time>
      </trkpt>
      <trkpt lat="22.26869" lon="114.20873">
        <ele>388</ele>
        <time>2026-04-16T14:29:05+00:00</time>
      </trkpt>
      <trkpt lat="22.26872" lon="114.20831">
        <ele>386</ele>
        <time>2026-04-16T14:29:08+00:00</time>
      </trkpt>
      <trkpt lat="22.26879" lon="114.2082">
        <ele>384</ele>
        <time>2026-04-16T14:29:11+00:00</time>
      </trkpt>
      <trkpt lat="22.26879" lon="114.20805">
        <ele>385</ele>
        <time>2026-04-16T14:29:14+00:00</time>
      </trkpt>
      <trkpt lat="22.26894" lon="114.20772">
        <ele>385</ele>
        <time>2026-04-16T14:29:17+00:00</time>
      </trkpt>
      <trkpt lat="22.26893" lon="114.20765">
        <ele>386</ele>
        <time>2026-04-16T14:29:20+00:00</time>
      </trkpt>
      <trkpt lat="22.26895" lon="114.20761">
        <ele>386</ele>
        <time>2026-04-16T14:29:23+00:00</time>
      </trkpt>
      <trkpt lat="22.26911" lon="114.2075">
        <ele>391</ele>
        <time>2026-04-16T14:29:26+00:00</time>
      </trkpt>
      <trkpt lat="22.2691" lon="114.20738">
        <ele>387</ele>
        <time>2026-04-16T14:29:29+00:00</time>
      </trkpt>
      <trkpt lat="22.2692" lon="114.20728">
        <ele>385</ele>
        <time>2026-04-16T14:29:32+00:00</time>
      </trkpt>
      <trkpt lat="22.26923" lon="114.20692">
        <ele>391</ele>
        <time>2026-04-16T14:29:35+00:00</time>
      </trkpt>
      <trkpt lat="22.26902" lon="114.20677">
        <ele>388</ele>
        <time>2026-04-16T14:29:38+00:00</time>
      </trkpt>
      <trkpt lat="22.26902" lon="114.20675">
        <ele>388</ele>
        <time>2026-04-16T14:29:41+00:00</time>
      </trkpt>
      <trkpt lat="22.26885" lon="114.20632">
        <ele>379</ele>
        <time>2026-04-16T14:29:44+00:00</time>
      </trkpt>
      <trkpt lat="22.26882" lon="114.20606">
        <ele>377</ele>
        <time>2026-04-16T14:29:47+00:00</time>
      </trkpt>
      <trkpt lat="22.26855" lon="114.20591">
        <ele>363</ele>
        <time>2026-04-16T14:29:50+00:00</time>
      </trkpt>
      <trkpt lat="22.26808" lon="114.20548">
        <ele>330</ele>
        <time>2026-04-16T14:29:53+00:00</time>
      </trkpt>
      <trkpt lat="22.26802" lon="114.2054">
        <ele>330</ele>
        <time>2026-04-16T14:29:56+00:00</time>
      </trkpt>
      <trkpt lat="22.26774" lon="114.20513">
        <ele>324</ele>
        <time>2026-04-16T14:29:59+00:00</time>
      </trkpt>
      <trkpt lat="22.26765" lon="114.205">
        <ele>312</ele>
        <time>2026-04-16T14:30:02+00:00</time>
      </trkpt>
      <trkpt lat="22.26761" lon="114.20486">
        <ele>318</ele>
        <time>2026-04-16T14:30:05+00:00</time>
      </trkpt>
      <trkpt lat="22.26758" lon="114.20457">
        <ele>308</ele>
        <time>2026-04-16T14:30:08+00:00</time>
      </trkpt>
      <trkpt lat="22.26747" lon="114.20431">
        <ele>305</ele>
        <time>2026-04-16T14:30:11+00:00</time>
      </trkpt>
      <trkpt lat="22.26745" lon="114.20408">
        <ele>302</ele>
        <time>2026-04-16T14:30:14+00:00</time>
      </trkpt>
      <trkpt lat="22.2675" lon="114.20376">
        <ele>301</ele>
        <time>2026-04-16T14:30:17+00:00</time>
      </trkpt>
      <trkpt lat="22.26749" lon="114.20331">
        <ele>298</ele>
        <time>2026-04-16T14:30:20+00:00</time>
      </trkpt>
      <trkpt lat="22.2675" lon="114.2031">
        <ele>293</ele>
        <time>2026-04-16T14:30:23+00:00</time>
      </trkpt>
      <trkpt lat="22.26744" lon="114.20302">
        <ele>300</ele>
        <time>2026-04-16T14:30:26+00:00</time>
      </trkpt>
      <trkpt lat="22.26735" lon="114.20297">
        <ele>297</ele>
        <time>2026-04-16T14:30:29+00:00</time>
      </trkpt>
      <trkpt lat="22.26737" lon="114.20292">
        <ele>297</ele>
        <time>2026-04-16T14:30:32+00:00</time>
      </trkpt>
      <trkpt lat="22.26742" lon="114.2029">
        <ele>299</ele>
        <time>2026-04-16T14:30:35+00:00</time>
      </trkpt>
      <trkpt lat="22.26746" lon="114.20281">
        <ele>302</ele>
        <time>2026-04-16T14:30:38+00:00</time>
      </trkpt>
      <trkpt lat="22.26725" lon="114.20254">
        <ele>306</ele>
        <time>2026-04-16T14:30:41+00:00</time>
      </trkpt>
      <trkpt lat="22.26701" lon="114.20224">
        <ele>321</ele>
        <time>2026-04-16T14:30:44+00:00</time>
      </trkpt>
      <trkpt lat="22.26697" lon="114.20211">
        <ele>325</ele>
        <time>2026-04-16T14:30:47+00:00</time>
      </trkpt>
      <trkpt lat="22.26671" lon="114.20194">
        <ele>329</ele>
        <time>2026-04-16T14:30:50+00:00</time>
      </trkpt>
      <trkpt lat="22.2666" lon="114.20176">
        <ele>331</ele>
        <time>2026-04-16T14:30:53+00:00</time>
      </trkpt>
      <trkpt lat="22.26647" lon="114.2015">
        <ele>339</ele>
        <time>2026-04-16T14:30:56+00:00</time>
      </trkpt>
      <trkpt lat="22.26652" lon="114.20142">
        <ele>340</ele>
        <time>2026-04-16T14:30:59+00:00</time>
      </trkpt>
      <trkpt lat="22.26637" lon="114.20101">
        <ele>366</ele>
        <time>2026-04-16T14:31:02+00:00</time>
      </trkpt>
      <trkpt lat="22.26631" lon="114.20096">
        <ele>371</ele>
        <time>2026-04-16T14:31:05+00:00</time>
      </trkpt>
      <trkpt lat="22.26635" lon="114.20058">
        <ele>379</ele>
        <time>2026-04-16T14:31:08+00:00</time>
      </trkpt>
      <trkpt lat="22.26641" lon="114.19995">
        <ele>385</ele>
        <time>2026-04-16T14:31:11+00:00</time>
      </trkpt>
      <trkpt lat="22.26643" lon="114.19957">
        <ele>396</ele>
        <time>2026-04-16T14:31:14+00:00</time>
      </trkpt>
      <trkpt lat="22.26655" lon="114.19941">
        <ele>400</ele>
        <time>2026-04-16T14:31:17+00:00</time>
      </trkpt>
      <trkpt lat="22.2666" lon="114.19916">
        <ele>408</ele>
        <time>2026-04-16T14:31:20+00:00</time>
      </trkpt>
      <trkpt lat="22.26657" lon="114.19903">
        <ele>414</ele>
        <time>2026-04-16T14:31:23+00:00</time>
      </trkpt>
      <trkpt lat="22.26661" lon="114.199">
        <ele>411</ele>
        <time>2026-04-16T14:31:26+00:00</time>
      </trkpt>
      <trkpt lat="22.26662" lon="114.19894">
        <ele>413</ele>
        <time>2026-04-16T14:31:29+00:00</time>
      </trkpt>
      <trkpt lat="22.26653" lon="114.19889">
        <ele>420</ele>
        <time>2026-04-16T14:31:32+00:00</time>
      </trkpt>
      <trkpt lat="22.26653" lon="114.19885">
        <ele>420</ele>
        <time>2026-04-16T14:31:35+00:00</time>
      </trkpt>
      <trkpt lat="22.26647" lon="114.1988">
        <ele>421</ele>
        <time>2026-04-16T14:31:38+00:00</time>
      </trkpt>
      <trkpt lat="22.2665" lon="114.19869">
        <ele>421</ele>
        <time>2026-04-16T14:31:41+00:00</time>
      </trkpt>
      <trkpt lat="22.26638" lon="114.19842">
        <ele>423</ele>
        <time>2026-04-16T14:31:44+00:00</time>
      </trkpt>
      <trkpt lat="22.26613" lon="114.19838">
        <ele>420</ele>
        <time>2026-04-16T14:31:47+00:00</time>
      </trkpt>
      <trkpt lat="22.26598" lon="114.19828">
        <ele>424</ele>
        <time>2026-04-16T14:31:50+00:00</time>
      </trkpt>
      <trkpt lat="22.26575" lon="114.19803">
        <ele>417</ele>
        <time>2026-04-16T14:31:53+00:00</time>
      </trkpt>
      <trkpt lat="22.26562" lon="114.19795">
        <ele>415</ele>
        <time>2026-04-16T14:31:56+00:00</time>
      </trkpt>
      <trkpt lat="22.26524" lon="114.19791">
        <ele>414</ele>
        <time>2026-04-16T14:31:59+00:00</time>
      </trkpt>
      <trkpt lat="22.26492" lon="114.19759">
        <ele>409</ele>
        <time>2026-04-16T14:32:02+00:00</time>
      </trkpt>
      <trkpt lat="22.26464" lon="114.19739">
        <ele>405</ele>
        <time>2026-04-16T14:32:05+00:00</time>
      </trkpt>
      <trkpt lat="22.26432" lon="114.19716">
        <ele>398</ele>
        <time>2026-04-16T14:32:08+00:00</time>
      </trkpt>
      <trkpt lat="22.26395" lon="114.19714">
        <ele>392</ele>
        <time>2026-04-16T14:32:11+00:00</time>
      </trkpt>
      <trkpt lat="22.26388" lon="114.19728">
        <ele>389</ele>
        <time>2026-04-16T14:32:14+00:00</time>
      </trkpt>
      <trkpt lat="22.26359" lon="114.1973">
        <ele>375</ele>
        <time>2026-04-16T14:32:17+00:00</time>
      </trkpt>
      <trkpt lat="22.26336" lon="114.19729">
        <ele>365</ele>
        <time>2026-04-16T14:32:20+00:00</time>
      </trkpt>
      <trkpt lat="22.26325" lon="114.19724">
        <ele>361</ele>
        <time>2026-04-16T14:32:23+00:00</time>
      </trkpt>
      <trkpt lat="22.26283" lon="114.19713">
        <ele>349</ele>
        <time>2026-04-16T14:32:26+00:00</time>
      </trkpt>
      <trkpt lat="22.26256" lon="114.19712">
        <ele>345</ele>
        <time>2026-04-16T14:32:29+00:00</time>
      </trkpt>
      <trkpt lat="22.26246" lon="114.1972">
        <ele>344</ele>
        <time>2026-04-16T14:32:32+00:00</time>
      </trkpt>
      <trkpt lat="22.26229" lon="114.19727">
        <ele>340</ele>
        <time>2026-04-16T14:32:35+00:00</time>
      </trkpt>
      <trkpt lat="22.2622" lon="114.19727">
        <ele>340</ele>
        <time>2026-04-16T14:32:38+00:00</time>
      </trkpt>
      <trkpt lat="22.262" lon="114.19722">
        <ele>334</ele>
        <time>2026-04-16T14:32:41+00:00</time>
      </trkpt>
      <trkpt lat="22.26177" lon="114.19703">
        <ele>328</ele>
        <time>2026-04-16T14:32:44+00:00</time>
      </trkpt>
      <trkpt lat="22.26151" lon="114.19695">
        <ele>327</ele>
        <time>2026-04-16T14:32:47+00:00</time>
      </trkpt>
      <trkpt lat="22.26144" lon="114.19698">
        <ele>327</ele>
        <time>2026-04-16T14:32:50+00:00</time>
      </trkpt>
      <trkpt lat="22.26139" lon="114.19704">
        <ele>325</ele>
        <time>2026-04-16T14:32:53+00:00</time>
      </trkpt>
      <trkpt lat="22.26136" lon="114.19704">
        <ele>325</ele>
        <time>2026-04-16T14:32:56+00:00</time>
      </trkpt>
      <trkpt lat="22.26122" lon="114.19723">
        <ele>320</ele>
        <time>2026-04-16T14:32:59+00:00</time>
      </trkpt>
      <trkpt lat="22.26107" lon="114.19729">
        <ele>316</ele>
        <time>2026-04-16T14:33:02+00:00</time>
      </trkpt>
      <trkpt lat="22.261" lon="114.19736">
        <ele>314</ele>
        <time>2026-04-16T14:33:05+00:00</time>
      </trkpt>
      <trkpt lat="22.26084" lon="114.19761">
        <ele>311</ele>
        <time>2026-04-16T14:33:08+00:00</time>
      </trkpt>
      <trkpt lat="22.26071" lon="114.19768">
        <ele>310</ele>
        <time>2026-04-16T14:33:11+00:00</time>
      </trkpt>
      <trkpt lat="22.26062" lon="114.19781">
        <ele>308</ele>
        <time>2026-04-16T14:33:14+00:00</time>
      </trkpt>
      <trkpt lat="22.26055" lon="114.19788">
        <ele>310</ele>
        <time>2026-04-16T14:33:17+00:00</time>
      </trkpt>
      <trkpt lat="22.26037" lon="114.19789">
        <ele>308</ele>
        <time>2026-04-16T14:33:20+00:00</time>
      </trkpt>
      <trkpt lat="22.26004" lon="114.198">
        <ele>308</ele>
        <time>2026-04-16T14:33:23+00:00</time>
      </trkpt>
      <trkpt lat="22.25994" lon="114.19823">
        <ele>306</ele>
        <time>2026-04-16T14:33:26+00:00</time>
      </trkpt>
      <trkpt lat="22.25983" lon="114.19841">
        <ele>307</ele>
        <time>2026-04-16T14:33:29+00:00</time>
      </trkpt>
      <trkpt lat="22.25955" lon="114.19852">
        <ele>303</ele>
        <time>2026-04-16T14:33:32+00:00</time>
      </trkpt>
      <trkpt lat="22.25921" lon="114.19856">
        <ele>298</ele>
        <time>2026-04-16T14:33:35+00:00</time>
      </trkpt>
      <trkpt lat="22.25896" lon="114.19861">
        <ele>296</ele>
        <time>2026-04-16T14:33:38+00:00</time>
      </trkpt>
      <trkpt lat="22.25882" lon="114.19852">
        <ele>296</ele>
        <time>2026-04-16T14:33:41+00:00</time>
      </trkpt>
      <trkpt lat="22.25864" lon="114.19834">
        <ele>291</ele>
        <time>2026-04-16T14:33:44+00:00</time>
      </trkpt>
      <trkpt lat="22.25844" lon="114.19814">
        <ele>284</ele>
        <time>2026-04-16T14:33:47+00:00</time>
      </trkpt>
      <trkpt lat="22.25831" lon="114.1981">
        <ele>281</ele>
        <time>2026-04-16T14:33:50+00:00</time>
      </trkpt>
      <trkpt lat="22.25825" lon="114.19812">
        <ele>280</ele>
        <time>2026-04-16T14:33:53+00:00</time>
      </trkpt>
      <trkpt lat="22.25821" lon="114.1981">
        <ele>280</ele>
        <time>2026-04-16T14:33:56+00:00</time>
      </trkpt>
      <trkpt lat="22.25811" lon="114.19812">
        <ele>276</ele>
        <time>2026-04-16T14:33:59+00:00</time>
      </trkpt>
      <trkpt lat="22.25805" lon="114.19796">
        <ele>273</ele>
        <time>2026-04-16T14:34:02+00:00</time>
      </trkpt>
      <trkpt lat="22.25785" lon="114.19765">
        <ele>274</ele>
        <time>2026-04-16T14:34:05+00:00</time>
      </trkpt>
      <trkpt lat="22.25782" lon="114.19744">
        <ele>266</ele>
        <time>2026-04-16T14:34:08+00:00</time>
      </trkpt>
      <trkpt lat="22.25779" lon="114.19744">
        <ele>268</ele>
        <time>2026-04-16T14:34:11+00:00</time>
      </trkpt>
      <trkpt lat="22.25774" lon="114.19752">
        <ele>286</ele>
        <time>2026-04-16T14:34:14+00:00</time>
      </trkpt>
      <trkpt lat="22.25769" lon="114.19754">
        <ele>270</ele>
        <time>2026-04-16T14:34:17+00:00</time>
      </trkpt>
      <trkpt lat="22.25767" lon="114.19762">
        <ele>276</ele>
        <time>2026-04-16T14:34:20+00:00</time>
      </trkpt>
      <trkpt lat="22.25767" lon="114.19773">
        <ele>283</ele>
        <time>2026-04-16T14:34:23+00:00</time>
      </trkpt>
      <trkpt lat="22.25774" lon="114.1981">
        <ele>292</ele>
        <time>2026-04-16T14:34:26+00:00</time>
      </trkpt>
      <trkpt lat="22.25744" lon="114.19823">
        <ele>298</ele>
        <time>2026-04-16T14:34:29+00:00</time>
      </trkpt>
      <trkpt lat="22.25723" lon="114.19825">
        <ele>299</ele>
        <time>2026-04-16T14:34:32+00:00</time>
      </trkpt>
      <trkpt lat="22.25711" lon="114.19822">
        <ele>299</ele>
        <time>2026-04-16T14:34:35+00:00</time>
      </trkpt>
      <trkpt lat="22.25692" lon="114.19808">
        <ele>305</ele>
        <time>2026-04-16T14:34:38+00:00</time>
      </trkpt>
      <trkpt lat="22.25669" lon="114.19795">
        <ele>303</ele>
        <time>2026-04-16T14:34:41+00:00</time>
      </trkpt>
      <trkpt lat="22.25649" lon="114.19794">
        <ele>309</ele>
        <time>2026-04-16T14:34:44+00:00</time>
      </trkpt>
      <trkpt lat="22.25637" lon="114.19798">
        <ele>308</ele>
        <time>2026-04-16T14:34:47+00:00</time>
      </trkpt>
      <trkpt lat="22.25611" lon="114.19813">
        <ele>317</ele>
        <time>2026-04-16T14:34:50+00:00</time>
      </trkpt>
      <trkpt lat="22.25589" lon="114.1984">
        <ele>324</ele>
        <time>2026-04-16T14:34:53+00:00</time>
      </trkpt>
      <trkpt lat="22.25569" lon="114.19851">
        <ele>325</ele>
        <time>2026-04-16T14:34:56+00:00</time>
      </trkpt>
      <trkpt lat="22.25553" lon="114.19857">
        <ele>324</ele>
        <time>2026-04-16T14:34:59+00:00</time>
      </trkpt>
      <trkpt lat="22.25523" lon="114.19855">
        <ele>322</ele>
        <time>2026-04-16T14:35:02+00:00</time>
      </trkpt>
      <trkpt lat="22.25511" lon="114.19857">
        <ele>324</ele>
        <time>2026-04-16T14:35:05+00:00</time>
      </trkpt>
      <trkpt lat="22.25482" lon="114.19874">
        <ele>329</ele>
        <time>2026-04-16T14:35:08+00:00</time>
      </trkpt>
      <trkpt lat="22.25463" lon="114.19886">
        <ele>327</ele>
        <time>2026-04-16T14:35:11+00:00</time>
      </trkpt>
      <trkpt lat="22.25463" lon="114.19905">
        <ele>336</ele>
        <time>2026-04-16T14:35:14+00:00</time>
      </trkpt>
      <trkpt lat="22.25443" lon="114.19926">
        <ele>344</ele>
        <time>2026-04-16T14:35:17+00:00</time>
      </trkpt>
      <trkpt lat="22.25421" lon="114.19938">
        <ele>344</ele>
        <time>2026-04-16T14:35:20+00:00</time>
      </trkpt>
      <trkpt lat="22.25417" lon="114.19945">
        <ele>344</ele>
        <time>2026-04-16T14:35:23+00:00</time>
      </trkpt>
      <trkpt lat="22.25398" lon="114.19949">
        <ele>341</ele>
        <time>2026-04-16T14:35:26+00:00</time>
      </trkpt>
      <trkpt lat="22.25374" lon="114.19962">
        <ele>335</ele>
        <time>2026-04-16T14:35:29+00:00</time>
      </trkpt>
      <trkpt lat="22.25351" lon="114.19979">
        <ele>335</ele>
        <time>2026-04-16T14:35:32+00:00</time>
      </trkpt>
      <trkpt lat="22.25314" lon="114.19988">
        <ele>335</ele>
        <time>2026-04-16T14:35:35+00:00</time>
      </trkpt>
      <trkpt lat="22.25252" lon="114.19981">
        <ele>343</ele>
        <time>2026-04-16T14:35:38+00:00</time>
      </trkpt>
      <trkpt lat="22.25207" lon="114.19955">
        <ele>366</ele>
        <time>2026-04-16T14:35:41+00:00</time>
      </trkpt>
      <trkpt lat="22.2518" lon="114.19953">
        <ele>375</ele>
        <time>2026-04-16T14:35:44+00:00</time>
      </trkpt>
      <trkpt lat="22.25158" lon="114.19946">
        <ele>382</ele>
        <time>2026-04-16T14:35:47+00:00</time>
      </trkpt>
      <trkpt lat="22.25142" lon="114.1995">
        <ele>386</ele>
        <time>2026-04-16T14:35:50+00:00</time>
      </trkpt>
      <trkpt lat="22.25121" lon="114.19946">
        <ele>388</ele>
        <time>2026-04-16T14:35:53+00:00</time>
      </trkpt>
      <trkpt lat="22.25086" lon="114.19959">
        <ele>395</ele>
        <time>2026-04-16T14:35:56+00:00</time>
      </trkpt>
      <trkpt lat="22.25074" lon="114.19966">
        <ele>401</ele>
        <time>2026-04-16T14:35:59+00:00</time>
      </trkpt>
      <trkpt lat="22.25069" lon="114.19965">
        <ele>405</ele>
        <time>2026-04-16T14:36:02+00:00</time>
      </trkpt>
      <trkpt lat="22.25063" lon="114.19969">
        <ele>405</ele>
        <time>2026-04-16T14:36:05+00:00</time>
      </trkpt>
      <trkpt lat="22.25045" lon="114.19965">
        <ele>409</ele>
        <time>2026-04-16T14:36:08+00:00</time>
      </trkpt>
      <trkpt lat="22.25038" lon="114.19966">
        <ele>405</ele>
        <time>2026-04-16T14:36:11+00:00</time>
      </trkpt>
      <trkpt lat="22.25032" lon="114.1997">
        <ele>405</ele>
        <time>2026-04-16T14:36:14+00:00</time>
      </trkpt>
      <trkpt lat="22.2502" lon="114.19971">
        <ele>405</ele>
        <time>2026-04-16T14:36:17+00:00</time>
      </trkpt>
      <trkpt lat="22.2501" lon="114.19981">
        <ele>405</ele>
        <time>2026-04-16T14:36:20+00:00</time>
      </trkpt>
      <trkpt lat="22.24989" lon="114.19991">
        <ele>413</ele>
        <time>2026-04-16T14:36:23+00:00</time>
      </trkpt>
      <trkpt lat="22.24982" lon="114.1999">
        <ele>413</ele>
        <time>2026-04-16T14:36:26+00:00</time>
      </trkpt>
      <trkpt lat="22.24967" lon="114.19996">
        <ele>417</ele>
        <time>2026-04-16T14:36:29+00:00</time>
      </trkpt>
      <trkpt lat="22.24957" lon="114.20004">
        <ele>418</ele>
        <time>2026-04-16T14:36:32+00:00</time>
      </trkpt>
      <trkpt lat="22.24918" lon="114.20009">
        <ele>427</ele>
        <time>2026-04-16T14:36:35+00:00</time>
      </trkpt>
      <trkpt lat="22.24873" lon="114.20005">
        <ele>421</ele>
        <time>2026-04-16T14:36:38+00:00</time>
      </trkpt>
      <trkpt lat="22.24862" lon="114.19992">
        <ele>429</ele>
        <time>2026-04-16T14:36:41+00:00</time>
      </trkpt>
      <trkpt lat="22.24818" lon="114.19981">
        <ele>415</ele>
        <time>2026-04-16T14:36:44+00:00</time>
      </trkpt>
      <trkpt lat="22.24812" lon="114.19974">
        <ele>415</ele>
        <time>2026-04-16T14:36:47+00:00</time>
      </trkpt>
      <trkpt lat="22.24798" lon="114.19948">
        <ele>394</ele>
        <time>2026-04-16T14:36:50+00:00</time>
      </trkpt>
      <trkpt lat="22.24783" lon="114.1992">
        <ele>389</ele>
        <time>2026-04-16T14:36:53+00:00</time>
      </trkpt>
      <trkpt lat="22.24775" lon="114.19917">
        <ele>393</ele>
        <time>2026-04-16T14:36:56+00:00</time>
      </trkpt>
      <trkpt lat="22.24762" lon="114.19917">
        <ele>393</ele>
        <time>2026-04-16T14:36:59+00:00</time>
      </trkpt>
      <trkpt lat="22.24723" lon="114.19923">
        <ele>388</ele>
        <time>2026-04-16T14:37:02+00:00</time>
      </trkpt>
      <trkpt lat="22.24718" lon="114.19921">
        <ele>384</ele>
        <time>2026-04-16T14:37:05+00:00</time>
      </trkpt>
      <trkpt lat="22.24702" lon="114.19921">
        <ele>383</ele>
        <time>2026-04-16T14:37:08+00:00</time>
      </trkpt>
      <trkpt lat="22.24691" lon="114.19916">
        <ele>387</ele>
        <time>2026-04-16T14:37:11+00:00</time>
      </trkpt>
      <trkpt lat="22.24677" lon="114.19915">
        <ele>383</ele>
        <time>2026-04-16T14:37:14+00:00</time>
      </trkpt>
      <trkpt lat="22.24658" lon="114.19905">
        <ele>386</ele>
        <time>2026-04-16T14:37:17+00:00</time>
      </trkpt>
      <trkpt lat="22.24657" lon="114.19905">
        <ele>386</ele>
        <time>2026-04-16T14:37:20+00:00</time>
      </trkpt>
      <trkpt lat="22.24648" lon="114.19912">
        <ele>380</ele>
        <time>2026-04-16T14:37:23+00:00</time>
      </trkpt>
      <trkpt lat="22.24624" lon="114.1991">
        <ele>373</ele>
        <time>2026-04-16T14:37:26+00:00</time>
      </trkpt>
      <trkpt lat="22.24618" lon="114.19906">
        <ele>376</ele>
        <time>2026-04-16T14:37:29+00:00</time>
      </trkpt>
      <trkpt lat="22.24605" lon="114.19907">
        <ele>375</ele>
        <time>2026-04-16T14:37:32+00:00</time>
      </trkpt>
      <trkpt lat="22.2457" lon="114.19898">
        <ele>367</ele>
        <time>2026-04-16T14:37:35+00:00</time>
      </trkpt>
      <trkpt lat="22.2456" lon="114.19891">
        <ele>359</ele>
        <time>2026-04-16T14:37:38+00:00</time>
      </trkpt>
      <trkpt lat="22.24547" lon="114.19889">
        <ele>362</ele>
        <time>2026-04-16T14:37:41+00:00</time>
      </trkpt>
      <trkpt lat="22.2451" lon="114.19873">
        <ele>351</ele>
        <time>2026-04-16T14:37:44+00:00</time>
      </trkpt>
      <trkpt lat="22.24502" lon="114.19872">
        <ele>347</ele>
        <time>2026-04-16T14:37:47+00:00</time>
      </trkpt>
      <trkpt lat="22.24483" lon="114.19873">
        <ele>341</ele>
        <time>2026-04-16T14:37:50+00:00</time>
      </trkpt>
      <trkpt lat="22.24461" lon="114.19868">
        <ele>332</ele>
        <time>2026-04-16T14:37:53+00:00</time>
      </trkpt>
      <trkpt lat="22.24442" lon="114.1987">
        <ele>326</ele>
        <time>2026-04-16T14:37:56+00:00</time>
      </trkpt>
      <trkpt lat="22.24414" lon="114.19879">
        <ele>325</ele>
        <time>2026-04-16T14:37:59+00:00</time>
      </trkpt>
      <trkpt lat="22.24399" lon="114.1988">
        <ele>323</ele>
        <time>2026-04-16T14:38:02+00:00</time>
      </trkpt>
      <trkpt lat="22.24382" lon="114.19876">
        <ele>324</ele>
        <time>2026-04-16T14:38:05+00:00</time>
      </trkpt>
      <trkpt lat="22.2437" lon="114.19878">
        <ele>323</ele>
        <time>2026-04-16T14:38:08+00:00</time>
      </trkpt>
      <trkpt lat="22.24344" lon="114.19896">
        <ele>322</ele>
        <time>2026-04-16T14:38:11+00:00</time>
      </trkpt>
      <trkpt lat="22.24332" lon="114.19901">
        <ele>321</ele>
        <time>2026-04-16T14:38:14+00:00</time>
      </trkpt>
      <trkpt lat="22.24329" lon="114.19905">
        <ele>320</ele>
        <time>2026-04-16T14:38:17+00:00</time>
      </trkpt>
      <trkpt lat="22.24326" lon="114.19915">
        <ele>318</ele>
        <time>2026-04-16T14:38:20+00:00</time>
      </trkpt>
      <trkpt lat="22.24316" lon="114.19935">
        <ele>315</ele>
        <time>2026-04-16T14:38:23+00:00</time>
      </trkpt>
      <trkpt lat="22.24305" lon="114.19942">
        <ele>311</ele>
        <time>2026-04-16T14:38:26+00:00</time>
      </trkpt>
      <trkpt lat="22.24291" lon="114.19944">
        <ele>309</ele>
        <time>2026-04-16T14:38:29+00:00</time>
      </trkpt>
      <trkpt lat="22.24283" lon="114.19947">
        <ele>308</ele>
        <time>2026-04-16T14:38:32+00:00</time>
      </trkpt>
      <trkpt lat="22.24275" lon="114.1996">
        <ele>310</ele>
        <time>2026-04-16T14:38:35+00:00</time>
      </trkpt>
      <trkpt lat="22.24271" lon="114.1998">
        <ele>309</ele>
        <time>2026-04-16T14:38:38+00:00</time>
      </trkpt>
      <trkpt lat="22.24273" lon="114.19989">
        <ele>309</ele>
        <time>2026-04-16T14:38:41+00:00</time>
      </trkpt>
      <trkpt lat="22.2428" lon="114.19996">
        <ele>308</ele>
        <time>2026-04-16T14:38:44+00:00</time>
      </trkpt>
      <trkpt lat="22.24272" lon="114.20011">
        <ele>304</ele>
        <time>2026-04-16T14:38:47+00:00</time>
      </trkpt>
      <trkpt lat="22.24262" lon="114.20024">
        <ele>300</ele>
        <time>2026-04-16T14:38:50+00:00</time>
      </trkpt>
      <trkpt lat="22.24264" lon="114.2003">
        <ele>294</ele>
        <time>2026-04-16T14:38:53+00:00</time>
      </trkpt>
      <trkpt lat="22.24261" lon="114.20036">
        <ele>294</ele>
        <time>2026-04-16T14:38:56+00:00</time>
      </trkpt>
      <trkpt lat="22.24263" lon="114.2004">
        <ele>288</ele>
        <time>2026-04-16T14:38:59+00:00</time>
      </trkpt>
      <trkpt lat="22.24262" lon="114.2005">
        <ele>282</ele>
        <time>2026-04-16T14:39:02+00:00</time>
      </trkpt>
      <trkpt lat="22.24265" lon="114.20054">
        <ele>282</ele>
        <time>2026-04-16T14:39:05+00:00</time>
      </trkpt>
      <trkpt lat="22.24265" lon="114.20058">
        <ele>282</ele>
        <time>2026-04-16T14:39:08+00:00</time>
      </trkpt>
      <trkpt lat="22.24262" lon="114.2006">
        <ele>277</ele>
        <time>2026-04-16T14:39:11+00:00</time>
      </trkpt>
      <trkpt lat="22.24266" lon="114.20063">
        <ele>277</ele>
        <time>2026-04-16T14:39:14+00:00</time>
      </trkpt>
      <trkpt lat="22.24265" lon="114.2007">
        <ele>272</ele>
        <time>2026-04-16T14:39:17+00:00</time>
      </trkpt>
      <trkpt lat="22.2428" lon="114.20095">
        <ele>263</ele>
        <time>2026-04-16T14:39:20+00:00</time>
      </trkpt>
      <trkpt lat="22.24286" lon="114.20125">
        <ele>259</ele>
        <time>2026-04-16T14:39:23+00:00</time>
      </trkpt>
      <trkpt lat="22.24269" lon="114.20143">
        <ele>249</ele>
        <time>2026-04-16T14:39:26+00:00</time>
      </trkpt>
      <trkpt lat="22.24263" lon="114.20156">
        <ele>248</ele>
        <time>2026-04-16T14:39:29+00:00</time>
      </trkpt>
      <trkpt lat="22.24257" lon="114.20163">
        <ele>245</ele>
        <time>2026-04-16T14:39:32+00:00</time>
      </trkpt>
      <trkpt lat="22.2426" lon="114.20173">
        <ele>244</ele>
        <time>2026-04-16T14:39:35+00:00</time>
      </trkpt>
      <trkpt lat="22.24257" lon="114.20194">
        <ele>233</ele>
        <time>2026-04-16T14:39:38+00:00</time>
      </trkpt>
      <trkpt lat="22.24253" lon="114.20204">
        <ele>228</ele>
        <time>2026-04-16T14:39:41+00:00</time>
      </trkpt>
      <trkpt lat="22.24251" lon="114.20219">
        <ele>224</ele>
        <time>2026-04-16T14:39:44+00:00</time>
      </trkpt>
      <trkpt lat="22.24244" lon="114.20228">
        <ele>218</ele>
        <time>2026-04-16T14:39:47+00:00</time>
      </trkpt>
      <trkpt lat="22.24223" lon="114.20243">
        <ele>206</ele>
        <time>2026-04-16T14:39:50+00:00</time>
      </trkpt>
      <trkpt lat="22.24219" lon="114.20252">
        <ele>202</ele>
        <time>2026-04-16T14:39:53+00:00</time>
      </trkpt>
      <trkpt lat="22.24229" lon="114.20278">
        <ele>201</ele>
        <time>2026-04-16T14:39:56+00:00</time>
      </trkpt>
      <trkpt lat="22.24227" lon="114.20284">
        <ele>199</ele>
        <time>2026-04-16T14:39:59+00:00</time>
      </trkpt>
      <trkpt lat="22.24228" lon="114.20296">
        <ele>197</ele>
        <time>2026-04-16T14:40:02+00:00</time>
      </trkpt>
      <trkpt lat="22.24222" lon="114.20308">
        <ele>196</ele>
        <time>2026-04-16T14:40:05+00:00</time>
      </trkpt>
      <trkpt lat="22.24194" lon="114.20325">
        <ele>187</ele>
        <time>2026-04-16T14:40:08+00:00</time>
      </trkpt>
      <trkpt lat="22.24182" lon="114.20327">
        <ele>184</ele>
        <time>2026-04-16T14:40:11+00:00</time>
      </trkpt>
      <trkpt lat="22.24178" lon="114.20315">
        <ele>181</ele>
        <time>2026-04-16T14:40:14+00:00</time>
      </trkpt>
      <trkpt lat="22.24201" lon="114.20302">
        <ele>186</ele>
        <time>2026-04-16T14:40:17+00:00</time>
      </trkpt>
      <trkpt lat="22.242" lon="114.20296">
        <ele>186</ele>
        <time>2026-04-16T14:40:20+00:00</time>
      </trkpt>
      <trkpt lat="22.24189" lon="114.20278">
        <ele>183</ele>
        <time>2026-04-16T14:40:23+00:00</time>
      </trkpt>
      <trkpt lat="22.24184" lon="114.20243">
        <ele>181</ele>
        <time>2026-04-16T14:40:26+00:00</time>
      </trkpt>
      <trkpt lat="22.24193" lon="114.20229">
        <ele>186</ele>
        <time>2026-04-16T14:40:29+00:00</time>
      </trkpt>
      <trkpt lat="22.24179" lon="114.20197">
        <ele>181</ele>
        <time>2026-04-16T14:40:32+00:00</time>
      </trkpt>
      <trkpt lat="22.24177" lon="114.20164">
        <ele>183</ele>
        <time>2026-04-16T14:40:35+00:00</time>
      </trkpt>
      <trkpt lat="22.24191" lon="114.20129">
        <ele>186</ele>
        <time>2026-04-16T14:40:38+00:00</time>
      </trkpt>
      <trkpt lat="22.24177" lon="114.20094">
        <ele>186</ele>
        <time>2026-04-16T14:40:41+00:00</time>
      </trkpt>
      <trkpt lat="22.24148" lon="114.2006">
        <ele>186</ele>
        <time>2026-04-16T14:40:44+00:00</time>
      </trkpt>
      <trkpt lat="22.24143" lon="114.20046">
        <ele>195</ele>
        <time>2026-04-16T14:40:47+00:00</time>
      </trkpt>
      <trkpt lat="22.24118" lon="114.20031">
        <ele>186</ele>
        <time>2026-04-16T14:40:50+00:00</time>
      </trkpt>
      <trkpt lat="22.24086" lon="114.20012">
        <ele>186</ele>
        <time>2026-04-16T14:40:53+00:00</time>
      </trkpt>
      <trkpt lat="22.24091" lon="114.19998">
        <ele>192</ele>
        <time>2026-04-16T14:40:56+00:00</time>
      </trkpt>
      <trkpt lat="22.24079" lon="114.19982">
        <ele>186</ele>
        <time>2026-04-16T14:40:59+00:00</time>
      </trkpt>
      <trkpt lat="22.24068" lon="114.19945">
        <ele>183</ele>
        <time>2026-04-16T14:41:02+00:00</time>
      </trkpt>
      <trkpt lat="22.24056" lon="114.19924">
        <ele>187</ele>
        <time>2026-04-16T14:41:05+00:00</time>
      </trkpt>
      <trkpt lat="22.24049" lon="114.19903">
        <ele>184</ele>
        <time>2026-04-16T14:41:08+00:00</time>
      </trkpt>
      <trkpt lat="22.24048" lon="114.19895">
        <ele>184</ele>
        <time>2026-04-16T14:41:11+00:00</time>
      </trkpt>
      <trkpt lat="22.24047" lon="114.19873">
        <ele>185</ele>
        <time>2026-04-16T14:41:14+00:00</time>
      </trkpt>
      <trkpt lat="22.24051" lon="114.19862">
        <ele>193</ele>
        <time>2026-04-16T14:41:17+00:00</time>
      </trkpt>
      <trkpt lat="22.24054" lon="114.19844">
        <ele>187</ele>
        <time>2026-04-16T14:41:20+00:00</time>
      </trkpt>
      <trkpt lat="22.24039" lon="114.19828">
        <ele>189</ele>
        <time>2026-04-16T14:41:23+00:00</time>
      </trkpt>
      <trkpt lat="22.24037" lon="114.19811">
        <ele>186</ele>
        <time>2026-04-16T14:41:26+00:00</time>
      </trkpt>
      <trkpt lat="22.24041" lon="114.19802">
        <ele>192</ele>
        <time>2026-04-16T14:41:29+00:00</time>
      </trkpt>
      <trkpt lat="22.24068" lon="114.19796">
        <ele>186</ele>
        <time>2026-04-16T14:41:32+00:00</time>
      </trkpt>
      <trkpt lat="22.24097" lon="114.1979">
        <ele>188</ele>
        <time>2026-04-16T14:41:35+00:00</time>
      </trkpt>
      <trkpt lat="22.24137" lon="114.19785">
        <ele>187</ele>
        <time>2026-04-16T14:41:38+00:00</time>
      </trkpt>
      <trkpt lat="22.24166" lon="114.19775">
        <ele>187</ele>
        <time>2026-04-16T14:41:41+00:00</time>
      </trkpt>
      <trkpt lat="22.24192" lon="114.19774">
        <ele>196</ele>
        <time>2026-04-16T14:41:44+00:00</time>
      </trkpt>
      <trkpt lat="22.24221" lon="114.19788">
        <ele>196</ele>
        <time>2026-04-16T14:41:47+00:00</time>
      </trkpt>
      <trkpt lat="22.2424" lon="114.19782">
        <ele>204</ele>
        <time>2026-04-16T14:41:50+00:00</time>
      </trkpt>
      <trkpt lat="22.24255" lon="114.19764">
        <ele>204</ele>
        <time>2026-04-16T14:41:53+00:00</time>
      </trkpt>
      <trkpt lat="22.24286" lon="114.19755">
        <ele>205</ele>
        <time>2026-04-16T14:41:56+00:00</time>
      </trkpt>
      <trkpt lat="22.24287" lon="114.19719">
        <ele>204</ele>
        <time>2026-04-16T14:41:59+00:00</time>
      </trkpt>
      <trkpt lat="22.24303" lon="114.19706">
        <ele>210</ele>
        <time>2026-04-16T14:42:02+00:00</time>
      </trkpt>
      <trkpt lat="22.2431" lon="114.1969">
        <ele>204</ele>
        <time>2026-04-16T14:42:05+00:00</time>
      </trkpt>
      <trkpt lat="22.24315" lon="114.19667">
        <ele>217</ele>
        <time>2026-04-16T14:42:08+00:00</time>
      </trkpt>
      <trkpt lat="22.24308" lon="114.19648">
        <ele>209</ele>
        <time>2026-04-16T14:42:11+00:00</time>
      </trkpt>
      <trkpt lat="22.24313" lon="114.19594">
        <ele>223</ele>
        <time>2026-04-16T14:42:14+00:00</time>
      </trkpt>
      <trkpt lat="22.24305" lon="114.19548">
        <ele>222</ele>
        <time>2026-04-16T14:42:17+00:00</time>
      </trkpt>
      <trkpt lat="22.24281" lon="114.19513">
        <ele>221</ele>
        <time>2026-04-16T14:42:20+00:00</time>
      </trkpt>
      <trkpt lat="22.24245" lon="114.19474">
        <ele>222</ele>
        <time>2026-04-16T14:42:23+00:00</time>
      </trkpt>
      <trkpt lat="22.24242" lon="114.1946">
        <ele>222</ele>
        <time>2026-04-16T14:42:26+00:00</time>
      </trkpt>
      <trkpt lat="22.24243" lon="114.19446">
        <ele>222</ele>
        <time>2026-04-16T14:42:29+00:00</time>
      </trkpt>
      <trkpt lat="22.24246" lon="114.19439">
        <ele>226</ele>
        <time>2026-04-16T14:42:32+00:00</time>
      </trkpt>
      <trkpt lat="22.24238" lon="114.19418">
        <ele>222</ele>
        <time>2026-04-16T14:42:35+00:00</time>
      </trkpt>
      <trkpt lat="22.24252" lon="114.1939">
        <ele>224</ele>
        <time>2026-04-16T14:42:38+00:00</time>
      </trkpt>
      <trkpt lat="22.24269" lon="114.19386">
        <ele>230</ele>
        <time>2026-04-16T14:42:41+00:00</time>
      </trkpt>
      <trkpt lat="22.24275" lon="114.19376">
        <ele>227</ele>
        <time>2026-04-16T14:42:44+00:00</time>
      </trkpt>
      <trkpt lat="22.24301" lon="114.19373">
        <ele>230</ele>
        <time>2026-04-16T14:42:47+00:00</time>
      </trkpt>
      <trkpt lat="22.24307" lon="114.19364">
        <ele>232</ele>
        <time>2026-04-16T14:42:50+00:00</time>
      </trkpt>
      <trkpt lat="22.24321" lon="114.19349">
        <ele>234</ele>
        <time>2026-04-16T14:42:53+00:00</time>
      </trkpt>
      <trkpt lat="22.24337" lon="114.19363">
        <ele>240</ele>
        <time>2026-04-16T14:42:56+00:00</time>
      </trkpt>
      <trkpt lat="22.24337" lon="114.19375">
        <ele>244</ele>
        <time>2026-04-16T14:42:59+00:00</time>
      </trkpt>
      <trkpt lat="22.24341" lon="114.19389">
        <ele>243</ele>
        <time>2026-04-16T14:43:02+00:00</time>
      </trkpt>
      <trkpt lat="22.24348" lon="114.19395">
        <ele>246</ele>
        <time>2026-04-16T14:43:05+00:00</time>
      </trkpt>
      <trkpt lat="22.24357" lon="114.19394">
        <ele>244</ele>
        <time>2026-04-16T14:43:08+00:00</time>
      </trkpt>
      <trkpt lat="22.24368" lon="114.19397">
        <ele>243</ele>
        <time>2026-04-16T14:43:11+00:00</time>
      </trkpt>
      <trkpt lat="22.24382" lon="114.19405">
        <ele>244</ele>
        <time>2026-04-16T14:43:14+00:00</time>
      </trkpt>
      <trkpt lat="22.24387" lon="114.19415">
        <ele>251</ele>
        <time>2026-04-16T14:43:17+00:00</time>
      </trkpt>
      <trkpt lat="22.24394" lon="114.19421">
        <ele>253</ele>
        <time>2026-04-16T14:43:20+00:00</time>
      </trkpt>
      <trkpt lat="22.24409" lon="114.19416">
        <ele>244</ele>
        <time>2026-04-16T14:43:23+00:00</time>
      </trkpt>
      <trkpt lat="22.24418" lon="114.19415">
        <ele>243</ele>
        <time>2026-04-16T14:43:26+00:00</time>
      </trkpt>
      <trkpt lat="22.24426" lon="114.19418">
        <ele>242</ele>
        <time>2026-04-16T14:43:29+00:00</time>
      </trkpt>
      <trkpt lat="22.24428" lon="114.19422">
        <ele>249</ele>
        <time>2026-04-16T14:43:32+00:00</time>
      </trkpt>
      <trkpt lat="22.24429" lon="114.19434">
        <ele>241</ele>
        <time>2026-04-16T14:43:35+00:00</time>
      </trkpt>
      <trkpt lat="22.24436" lon="114.19437">
        <ele>246</ele>
        <time>2026-04-16T14:43:38+00:00</time>
      </trkpt>
      <trkpt lat="22.24457" lon="114.19439">
        <ele>239</ele>
        <time>2026-04-16T14:43:41+00:00</time>
      </trkpt>
      <trkpt lat="22.24467" lon="114.19434">
        <ele>239</ele>
        <time>2026-04-16T14:43:44+00:00</time>
      </trkpt>
      <trkpt lat="22.24475" lon="114.19433">
        <ele>240</ele>
        <time>2026-04-16T14:43:47+00:00</time>
      </trkpt>
      <trkpt lat="22.24486" lon="114.19439">
        <ele>239</ele>
        <time>2026-04-16T14:43:50+00:00</time>
      </trkpt>
      <trkpt lat="22.24506" lon="114.19443">
        <ele>241</ele>
        <time>2026-04-16T14:43:53+00:00</time>
      </trkpt>
      <trkpt lat="22.24526" lon="114.19437">
        <ele>236</ele>
        <time>2026-04-16T14:43:56+00:00</time>
      </trkpt>
      <trkpt lat="22.2453" lon="114.19432">
        <ele>238</ele>
        <time>2026-04-16T14:43:59+00:00</time>
      </trkpt>
      <trkpt lat="22.24532" lon="114.19421">
        <ele>238</ele>
        <time>2026-04-16T14:44:02+00:00</time>
      </trkpt>
      <trkpt lat="22.24552" lon="114.19416">
        <ele>235</ele>
        <time>2026-04-16T14:44:05+00:00</time>
      </trkpt>
      <trkpt lat="22.24563" lon="114.19407">
        <ele>233</ele>
        <time>2026-04-16T14:44:08+00:00</time>
      </trkpt>
      <trkpt lat="22.24582" lon="114.19407">
        <ele>235</ele>
        <time>2026-04-16T14:44:11+00:00</time>
      </trkpt>
      <trkpt lat="22.24587" lon="114.19404">
        <ele>235</ele>
        <time>2026-04-16T14:44:14+00:00</time>
      </trkpt>
      <trkpt lat="22.24591" lon="114.19391">
        <ele>236</ele>
        <time>2026-04-16T14:44:17+00:00</time>
      </trkpt>
      <trkpt lat="22.24595" lon="114.19388">
        <ele>232</ele>
        <time>2026-04-16T14:44:20+00:00</time>
      </trkpt>
      <trkpt lat="22.24614" lon="114.19384">
        <ele>236</ele>
        <time>2026-04-16T14:44:23+00:00</time>
      </trkpt>
      <trkpt lat="22.2464" lon="114.19386">
        <ele>236</ele>
        <time>2026-04-16T14:44:26+00:00</time>
      </trkpt>
      <trkpt lat="22.24644" lon="114.19384">
        <ele>237</ele>
        <time>2026-04-16T14:44:29+00:00</time>
      </trkpt>
      <trkpt lat="22.24652" lon="114.19373">
        <ele>235</ele>
        <time>2026-04-16T14:44:32+00:00</time>
      </trkpt>
      <trkpt lat="22.24658" lon="114.19371">
        <ele>235</ele>
        <time>2026-04-16T14:44:35+00:00</time>
      </trkpt>
      <trkpt lat="22.24663" lon="114.19372">
        <ele>237</ele>
        <time>2026-04-16T14:44:38+00:00</time>
      </trkpt>
      <trkpt lat="22.24683" lon="114.19384">
        <ele>240</ele>
        <time>2026-04-16T14:44:41+00:00</time>
      </trkpt>
      <trkpt lat="22.24693" lon="114.19386">
        <ele>237</ele>
        <time>2026-04-16T14:44:44+00:00</time>
      </trkpt>
      <trkpt lat="22.24713" lon="114.19406">
        <ele>238</ele>
        <time>2026-04-16T14:44:47+00:00</time>
      </trkpt>
      <trkpt lat="22.24739" lon="114.19411">
        <ele>235</ele>
        <time>2026-04-16T14:44:50+00:00</time>
      </trkpt>
      <trkpt lat="22.24744" lon="114.19407">
        <ele>237</ele>
        <time>2026-04-16T14:44:53+00:00</time>
      </trkpt>
      <trkpt lat="22.24747" lon="114.19387">
        <ele>237</ele>
        <time>2026-04-16T14:44:56+00:00</time>
      </trkpt>
      <trkpt lat="22.24752" lon="114.19382">
        <ele>236</ele>
        <time>2026-04-16T14:44:59+00:00</time>
      </trkpt>
      <trkpt lat="22.24763" lon="114.1938">
        <ele>238</ele>
        <time>2026-04-16T14:45:02+00:00</time>
      </trkpt>
      <trkpt lat="22.24773" lon="114.19381">
        <ele>236</ele>
        <time>2026-04-16T14:45:05+00:00</time>
      </trkpt>
      <trkpt lat="22.24792" lon="114.19373">
        <ele>235</ele>
        <time>2026-04-16T14:45:08+00:00</time>
      </trkpt>
      <trkpt lat="22.24798" lon="114.19373">
        <ele>235</ele>
        <time>2026-04-16T14:45:11+00:00</time>
      </trkpt>
      <trkpt lat="22.24806" lon="114.19378">
        <ele>234</ele>
        <time>2026-04-16T14:45:14+00:00</time>
      </trkpt>
      <trkpt lat="22.24815" lon="114.1938">
        <ele>238</ele>
        <time>2026-04-16T14:45:17+00:00</time>
      </trkpt>
      <trkpt lat="22.2482" lon="114.19384">
        <ele>238</ele>
        <time>2026-04-16T14:45:20+00:00</time>
      </trkpt>
      <trkpt lat="22.24821" lon="114.19391">
        <ele>235</ele>
        <time>2026-04-16T14:45:23+00:00</time>
      </trkpt>
      <trkpt lat="22.24817" lon="114.19406">
        <ele>244</ele>
        <time>2026-04-16T14:45:26+00:00</time>
      </trkpt>
      <trkpt lat="22.24814" lon="114.19416">
        <ele>244</ele>
        <time>2026-04-16T14:45:29+00:00</time>
      </trkpt>
      <trkpt lat="22.24804" lon="114.19436">
        <ele>239</ele>
        <time>2026-04-16T14:45:32+00:00</time>
      </trkpt>
      <trkpt lat="22.24803" lon="114.19442">
        <ele>248</ele>
        <time>2026-04-16T14:45:35+00:00</time>
      </trkpt>
      <trkpt lat="22.24807" lon="114.19457">
        <ele>251</ele>
        <time>2026-04-16T14:45:38+00:00</time>
      </trkpt>
      <trkpt lat="22.24814" lon="114.19471">
        <ele>244</ele>
        <time>2026-04-16T14:45:41+00:00</time>
      </trkpt>
      <trkpt lat="22.24816" lon="114.19486">
        <ele>245</ele>
        <time>2026-04-16T14:45:44+00:00</time>
      </trkpt>
      <trkpt lat="22.24826" lon="114.19486">
        <ele>241</ele>
        <time>2026-04-16T14:45:47+00:00</time>
      </trkpt>
      <trkpt lat="22.24831" lon="114.1948">
        <ele>239</ele>
        <time>2026-04-16T14:45:50+00:00</time>
      </trkpt>
      <trkpt lat="22.24835" lon="114.19467">
        <ele>232</ele>
        <time>2026-04-16T14:45:53+00:00</time>
      </trkpt>
      <trkpt lat="22.24839" lon="114.19464">
        <ele>232</ele>
        <time>2026-04-16T14:45:56+00:00</time>
      </trkpt>
      <trkpt lat="22.24841" lon="114.19456">
        <ele>235</ele>
        <time>2026-04-16T14:45:59+00:00</time>
      </trkpt>
      <trkpt lat="22.24853" lon="114.19443">
        <ele>235</ele>
        <time>2026-04-16T14:46:02+00:00</time>
      </trkpt>
      <trkpt lat="22.24857" lon="114.19442">
        <ele>235</ele>
        <time>2026-04-16T14:46:05+00:00</time>
      </trkpt>
      <trkpt lat="22.24864" lon="114.19434">
        <ele>231</ele>
        <time>2026-04-16T14:46:08+00:00</time>
      </trkpt>
      <trkpt lat="22.24879" lon="114.19432">
        <ele>233</ele>
        <time>2026-04-16T14:46:11+00:00</time>
      </trkpt>
      <trkpt lat="22.24886" lon="114.19433">
        <ele>235</ele>
        <time>2026-04-16T14:46:14+00:00</time>
      </trkpt>
      <trkpt lat="22.24896" lon="114.19426">
        <ele>234</ele>
        <time>2026-04-16T14:46:17+00:00</time>
      </trkpt>
      <trkpt lat="22.24903" lon="114.19427">
        <ele>231</ele>
        <time>2026-04-16T14:46:20+00:00</time>
      </trkpt>
      <trkpt lat="22.24907" lon="114.19431">
        <ele>237</ele>
        <time>2026-04-16T14:46:23+00:00</time>
      </trkpt>
      <trkpt lat="22.24908" lon="114.19444">
        <ele>241</ele>
        <time>2026-04-16T14:46:26+00:00</time>
      </trkpt>
      <trkpt lat="22.24913" lon="114.1945">
        <ele>233</ele>
        <time>2026-04-16T14:46:29+00:00</time>
      </trkpt>
      <trkpt lat="22.24921" lon="114.19451">
        <ele>235</ele>
        <time>2026-04-16T14:46:32+00:00</time>
      </trkpt>
      <trkpt lat="22.2493" lon="114.19448">
        <ele>231</ele>
        <time>2026-04-16T14:46:35+00:00</time>
      </trkpt>
      <trkpt lat="22.24934" lon="114.19449">
        <ele>230</ele>
        <time>2026-04-16T14:46:38+00:00</time>
      </trkpt>
      <trkpt lat="22.24942" lon="114.19457">
        <ele>232</ele>
        <time>2026-04-16T14:46:41+00:00</time>
      </trkpt>
      <trkpt lat="22.24946" lon="114.19458">
        <ele>232</ele>
        <time>2026-04-16T14:46:44+00:00</time>
      </trkpt>
      <trkpt lat="22.24954" lon="114.19456">
        <ele>231</ele>
        <time>2026-04-16T14:46:47+00:00</time>
      </trkpt>
      <trkpt lat="22.24961" lon="114.19458">
        <ele>232</ele>
        <time>2026-04-16T14:46:50+00:00</time>
      </trkpt>
      <trkpt lat="22.24972" lon="114.19458">
        <ele>231</ele>
        <time>2026-04-16T14:46:53+00:00</time>
      </trkpt>
      <trkpt lat="22.24987" lon="114.19455">
        <ele>233</ele>
        <time>2026-04-16T14:46:56+00:00</time>
      </trkpt>
      <trkpt lat="22.24997" lon="114.19434">
        <ele>234</ele>
        <time>2026-04-16T14:46:59+00:00</time>
      </trkpt>
      <trkpt lat="22.25007" lon="114.1944">
        <ele>235</ele>
        <time>2026-04-16T14:47:02+00:00</time>
      </trkpt>
      <trkpt lat="22.2502" lon="114.19459">
        <ele>235</ele>
        <time>2026-04-16T14:47:05+00:00</time>
      </trkpt>
      <trkpt lat="22.25026" lon="114.19463">
        <ele>240</ele>
        <time>2026-04-16T14:47:08+00:00</time>
      </trkpt>
      <trkpt lat="22.2504" lon="114.19465">
        <ele>232</ele>
        <time>2026-04-16T14:47:11+00:00</time>
      </trkpt>
      <trkpt lat="22.25044" lon="114.19475">
        <ele>233</ele>
        <time>2026-04-16T14:47:14+00:00</time>
      </trkpt>
      <trkpt lat="22.25048" lon="114.19478">
        <ele>237</ele>
        <time>2026-04-16T14:47:17+00:00</time>
      </trkpt>
      <trkpt lat="22.25063" lon="114.19481">
        <ele>236</ele>
        <time>2026-04-16T14:47:20+00:00</time>
      </trkpt>
      <trkpt lat="22.25069" lon="114.19471">
        <ele>233</ele>
        <time>2026-04-16T14:47:23+00:00</time>
      </trkpt>
      <trkpt lat="22.25074" lon="114.19469">
        <ele>226</ele>
        <time>2026-04-16T14:47:26+00:00</time>
      </trkpt>
      <trkpt lat="22.25083" lon="114.19468">
        <ele>228</ele>
        <time>2026-04-16T14:47:29+00:00</time>
      </trkpt>
      <trkpt lat="22.25096" lon="114.19474">
        <ele>229</ele>
        <time>2026-04-16T14:47:32+00:00</time>
      </trkpt>
      <trkpt lat="22.25103" lon="114.19471">
        <ele>231</ele>
        <time>2026-04-16T14:47:35+00:00</time>
      </trkpt>
      <trkpt lat="22.25111" lon="114.19463">
        <ele>227</ele>
        <time>2026-04-16T14:47:38+00:00</time>
      </trkpt>
      <trkpt lat="22.25126" lon="114.19456">
        <ele>228</ele>
        <time>2026-04-16T14:47:41+00:00</time>
      </trkpt>
      <trkpt lat="22.25129" lon="114.1945">
        <ele>226</ele>
        <time>2026-04-16T14:47:44+00:00</time>
      </trkpt>
      <trkpt lat="22.25131" lon="114.19429">
        <ele>227</ele>
        <time>2026-04-16T14:47:47+00:00</time>
      </trkpt>
      <trkpt lat="22.25138" lon="114.19417">
        <ele>222</ele>
        <time>2026-04-16T14:47:50+00:00</time>
      </trkpt>
      <trkpt lat="22.25145" lon="114.19414">
        <ele>228</ele>
        <time>2026-04-16T14:47:53+00:00</time>
      </trkpt>
      <trkpt lat="22.25186" lon="114.19409">
        <ele>227</ele>
        <time>2026-04-16T14:47:56+00:00</time>
      </trkpt>
      <trkpt lat="22.25216" lon="114.19401">
        <ele>228</ele>
        <time>2026-04-16T14:47:59+00:00</time>
      </trkpt>
      <trkpt lat="22.25226" lon="114.19401">
        <ele>229</ele>
        <time>2026-04-16T14:48:02+00:00</time>
      </trkpt>
      <trkpt lat="22.25236" lon="114.19395">
        <ele>222</ele>
        <time>2026-04-16T14:48:05+00:00</time>
      </trkpt>
      <trkpt lat="22.25252" lon="114.19391">
        <ele>228</ele>
        <time>2026-04-16T14:48:08+00:00</time>
      </trkpt>
      <trkpt lat="22.25266" lon="114.19391">
        <ele>230</ele>
        <time>2026-04-16T14:48:11+00:00</time>
      </trkpt>
      <trkpt lat="22.25279" lon="114.19387">
        <ele>229</ele>
        <time>2026-04-16T14:48:14+00:00</time>
      </trkpt>
      <trkpt lat="22.2531" lon="114.19392">
        <ele>228</ele>
        <time>2026-04-16T14:48:17+00:00</time>
      </trkpt>
      <trkpt lat="22.25322" lon="114.19396">
        <ele>228</ele>
        <time>2026-04-16T14:48:20+00:00</time>
      </trkpt>
      <trkpt lat="22.25333" lon="114.19397">
        <ele>225</ele>
        <time>2026-04-16T14:48:23+00:00</time>
      </trkpt>
      <trkpt lat="22.25344" lon="114.19402">
        <ele>228</ele>
        <time>2026-04-16T14:48:26+00:00</time>
      </trkpt>
      <trkpt lat="22.25356" lon="114.19418">
        <ele>233</ele>
        <time>2026-04-16T14:48:29+00:00</time>
      </trkpt>
      <trkpt lat="22.25371" lon="114.1943">
        <ele>230</ele>
        <time>2026-04-16T14:48:32+00:00</time>
      </trkpt>
      <trkpt lat="22.25398" lon="114.19444">
        <ele>227</ele>
        <time>2026-04-16T14:48:35+00:00</time>
      </trkpt>
      <trkpt lat="22.25408" lon="114.19444">
        <ele>232</ele>
        <time>2026-04-16T14:48:38+00:00</time>
      </trkpt>
      <trkpt lat="22.25433" lon="114.19425">
        <ele>225</ele>
        <time>2026-04-16T14:48:41+00:00</time>
      </trkpt>
      <trkpt lat="22.25447" lon="114.19427">
        <ele>224</ele>
        <time>2026-04-16T14:48:44+00:00</time>
      </trkpt>
      <trkpt lat="22.25458" lon="114.19426">
        <ele>225</ele>
        <time>2026-04-16T14:48:47+00:00</time>
      </trkpt>
      <trkpt lat="22.25489" lon="114.19428">
        <ele>224</ele>
        <time>2026-04-16T14:48:50+00:00</time>
      </trkpt>
      <trkpt lat="22.255" lon="114.19424">
        <ele>228</ele>
        <time>2026-04-16T14:48:53+00:00</time>
      </trkpt>
      <trkpt lat="22.25508" lon="114.19417">
        <ele>226</ele>
        <time>2026-04-16T14:48:56+00:00</time>
      </trkpt>
      <trkpt lat="22.25524" lon="114.19409">
        <ele>227</ele>
        <time>2026-04-16T14:48:59+00:00</time>
      </trkpt>
      <trkpt lat="22.2553" lon="114.1941">
        <ele>230</ele>
        <time>2026-04-16T14:49:02+00:00</time>
      </trkpt>
      <trkpt lat="22.25544" lon="114.19424">
        <ele>225</ele>
        <time>2026-04-16T14:49:05+00:00</time>
      </trkpt>
      <trkpt lat="22.2555" lon="114.19421">
        <ele>231</ele>
        <time>2026-04-16T14:49:08+00:00</time>
      </trkpt>
      <trkpt lat="22.25558" lon="114.19411">
        <ele>226</ele>
        <time>2026-04-16T14:49:11+00:00</time>
      </trkpt>
      <trkpt lat="22.25562" lon="114.19409">
        <ele>227</ele>
        <time>2026-04-16T14:49:14+00:00</time>
      </trkpt>
      <trkpt lat="22.25585" lon="114.19406">
        <ele>225</ele>
        <time>2026-04-16T14:49:17+00:00</time>
      </trkpt>
      <trkpt lat="22.25591" lon="114.19407">
        <ele>221</ele>
        <time>2026-04-16T14:49:20+00:00</time>
      </trkpt>
      <trkpt lat="22.25612" lon="114.19423">
        <ele>225</ele>
        <time>2026-04-16T14:49:23+00:00</time>
      </trkpt>
      <trkpt lat="22.25628" lon="114.19429">
        <ele>223</ele>
        <time>2026-04-16T14:49:26+00:00</time>
      </trkpt>
      <trkpt lat="22.2564" lon="114.19448">
        <ele>221</ele>
        <time>2026-04-16T14:49:29+00:00</time>
      </trkpt>
      <trkpt lat="22.25644" lon="114.19452">
        <ele>222</ele>
        <time>2026-04-16T14:49:32+00:00</time>
      </trkpt>
      <trkpt lat="22.2565" lon="114.19452">
        <ele>215</ele>
        <time>2026-04-16T14:49:35+00:00</time>
      </trkpt>
      <trkpt lat="22.25668" lon="114.19443">
        <ele>217</ele>
        <time>2026-04-16T14:49:38+00:00</time>
      </trkpt>
      <trkpt lat="22.25699" lon="114.19441">
        <ele>214</ele>
        <time>2026-04-16T14:49:41+00:00</time>
      </trkpt>
      <trkpt lat="22.25699" lon="114.19439">
        <ele>212</ele>
        <time>2026-04-16T14:49:44+00:00</time>
      </trkpt>
      <trkpt lat="22.25709" lon="114.19438">
        <ele>212</ele>
        <time>2026-04-16T14:49:47+00:00</time>
      </trkpt>
      <trkpt lat="22.25712" lon="114.19405">
        <ele>207</ele>
        <time>2026-04-16T14:49:50+00:00</time>
      </trkpt>
      <trkpt lat="22.25716" lon="114.19363">
        <ele>195</ele>
        <time>2026-04-16T14:49:53+00:00</time>
      </trkpt>
      <trkpt lat="22.25713" lon="114.19335">
        <ele>189</ele>
        <time>2026-04-16T14:49:56+00:00</time>
      </trkpt>
      <trkpt lat="22.2573" lon="114.19332">
        <ele>189</ele>
        <time>2026-04-16T14:49:59+00:00</time>
      </trkpt>
      <trkpt lat="22.25743" lon="114.19342">
        <ele>189</ele>
        <time>2026-04-16T14:50:02+00:00</time>
      </trkpt>
      <trkpt lat="22.25747" lon="114.19349">
        <ele>189</ele>
        <time>2026-04-16T14:50:05+00:00</time>
      </trkpt>
      <trkpt lat="22.25745" lon="114.19356">
        <ele>192</ele>
        <time>2026-04-16T14:50:08+00:00</time>
      </trkpt>
      <trkpt lat="22.25735" lon="114.19369">
        <ele>196</ele>
        <time>2026-04-16T14:50:11+00:00</time>
      </trkpt>
      <trkpt lat="22.25734" lon="114.19401">
        <ele>208</ele>
        <time>2026-04-16T14:50:14+00:00</time>
      </trkpt>
    </trkseg>
  </trk>
</gpx>
