<?xml version="1.0" encoding="UTF-8"?>
<gpx xmlns="http://www.topografix.com/GPX/1/1" xmlns:xsi="http://www.w3.org/2001/XMLSchema-instance" version="1.1" creator="Trace de Trail" xsi:schemaLocation="http://www.topografix.com/GPX/1/1 http://www.topografix.com/GPX/1/1/gpx.xsd">
  <metadata>
    <name>adidas TERREX Innsbruck Alpine Trailrun Festival 2026 - K42 - Trailmarathon</name>
    <desc>Parcours créé sur Trace de Trail</desc>
    <link href="https://tracedetrail.fr/en/trace/318721">
      <text>Cartographie du parcours</text>
    </link>
    <time>2026-04-02T08:55:12+00:00</time>
  </metadata>
  <wpt lat="47.222" lon="11.36749">
    <ele>949</ele>
    <name>Start Mutters</name>
    <type>depart</type>
  </wpt>
  <wpt lat="47.26967" lon="11.3953">
    <ele>575</ele>
    <name>Ziel Innsbruck</name>
    <type>arrivee</type>
  </wpt>
  <wpt lat="47.26103" lon="11.32776">
    <ele>581</ele>
    <name>VS Kranebitten</name>
    <type>bus_ravitoliquide_fanzone_ravitoc_chrono_bh_toilettes_eau</type>
  </wpt>
  <wpt lat="47.23583" lon="11.29969">
    <ele>857</ele>
    <name>VS Birgitz</name>
    <type>bus_ravitoliquide_fanzone_ravitoc_chrono_bh_toilettes_eau</type>
  </wpt>
  <wpt lat="47.21147" lon="11.33346">
    <ele>1613</ele>
    <name>VS Mutterer Alm</name>
    <type>ravitoliquide_fanzone_ravitoc_ravitol_chrono_eau</type>
  </wpt>
  <wpt lat="47.19547" lon="11.30254">
    <ele>1551</ele>
    <name>Wasserstation Axamer Lizum</name>
    <type>eau</type>
  </wpt>
  <wpt lat="47.28323" lon="11.37063">
    <ele>914</ele>
    <name>VS Höttinger Bild</name>
    <type>ravitoliquide_ravitoc_ravitol_chrono_bh_toilettes_eau</type>
  </wpt>
  <trk>
    <name>adidas TERREX Innsbruck Alpine Trailrun Festival 2026 - K42 - Trailmarathon sur TraceDeTrail.fr</name>
    <src>Trace de Trail</src>
    <trkseg>
      <trkpt lat="47.222" lon="11.36749">
        <ele>949</ele>
        <time>2026-04-02T08:55:12+00:00</time>
      </trkpt>
      <trkpt lat="47.22194" lon="11.36761">
        <ele>947</ele>
        <time>2026-04-02T08:55:15+00:00</time>
      </trkpt>
      <trkpt lat="47.2219" lon="11.36774">
        <ele>946</ele>
        <time>2026-04-02T08:55:18+00:00</time>
      </trkpt>
      <trkpt lat="47.22193" lon="11.36777">
        <ele>946</ele>
        <time>2026-04-02T08:55:21+00:00</time>
      </trkpt>
      <trkpt lat="47.22193" lon="11.36782">
        <ele>945</ele>
        <time>2026-04-02T08:55:24+00:00</time>
      </trkpt>
      <trkpt lat="47.22201" lon="11.36777">
        <ele>945</ele>
        <time>2026-04-02T08:55:27+00:00</time>
      </trkpt>
      <trkpt lat="47.22213" lon="11.36759">
        <ele>946</ele>
        <time>2026-04-02T08:55:30+00:00</time>
      </trkpt>
      <trkpt lat="47.22226" lon="11.36738">
        <ele>945</ele>
        <time>2026-04-02T08:55:33+00:00</time>
      </trkpt>
      <trkpt lat="47.2223" lon="11.36736">
        <ele>945</ele>
        <time>2026-04-02T08:55:36+00:00</time>
      </trkpt>
      <trkpt lat="47.22236" lon="11.36736">
        <ele>945</ele>
        <time>2026-04-02T08:55:39+00:00</time>
      </trkpt>
      <trkpt lat="47.22248" lon="11.3674">
        <ele>944</ele>
        <time>2026-04-02T08:55:42+00:00</time>
      </trkpt>
      <trkpt lat="47.22255" lon="11.36747">
        <ele>942</ele>
        <time>2026-04-02T08:55:45+00:00</time>
      </trkpt>
      <trkpt lat="47.22257" lon="11.36753">
        <ele>942</ele>
        <time>2026-04-02T08:55:48+00:00</time>
      </trkpt>
      <trkpt lat="47.2226" lon="11.36763">
        <ele>941</ele>
        <time>2026-04-02T08:55:51+00:00</time>
      </trkpt>
      <trkpt lat="47.22257" lon="11.36787">
        <ele>938</ele>
        <time>2026-04-02T08:55:54+00:00</time>
      </trkpt>
      <trkpt lat="47.22244" lon="11.36822">
        <ele>934</ele>
        <time>2026-04-02T08:55:57+00:00</time>
      </trkpt>
      <trkpt lat="47.22247" lon="11.3686">
        <ele>932</ele>
        <time>2026-04-02T08:56:00+00:00</time>
      </trkpt>
      <trkpt lat="47.22251" lon="11.36908">
        <ele>926</ele>
        <time>2026-04-02T08:56:03+00:00</time>
      </trkpt>
      <trkpt lat="47.22253" lon="11.36956">
        <ele>925</ele>
        <time>2026-04-02T08:56:06+00:00</time>
      </trkpt>
      <trkpt lat="47.22248" lon="11.36975">
        <ele>923</ele>
        <time>2026-04-02T08:56:09+00:00</time>
      </trkpt>
      <trkpt lat="47.22228" lon="11.36976">
        <ele>925</ele>
        <time>2026-04-02T08:56:12+00:00</time>
      </trkpt>
      <trkpt lat="47.22203" lon="11.36978">
        <ele>925</ele>
        <time>2026-04-02T08:56:15+00:00</time>
      </trkpt>
      <trkpt lat="47.22184" lon="11.36974">
        <ele>924</ele>
        <time>2026-04-02T08:56:18+00:00</time>
      </trkpt>
      <trkpt lat="47.2215" lon="11.36982">
        <ele>924</ele>
        <time>2026-04-02T08:56:21+00:00</time>
      </trkpt>
      <trkpt lat="47.22143" lon="11.36981">
        <ele>922</ele>
        <time>2026-04-02T08:56:24+00:00</time>
      </trkpt>
      <trkpt lat="47.22132" lon="11.36972">
        <ele>925</ele>
        <time>2026-04-02T08:56:27+00:00</time>
      </trkpt>
      <trkpt lat="47.22131" lon="11.36965">
        <ele>928</ele>
        <time>2026-04-02T08:56:30+00:00</time>
      </trkpt>
      <trkpt lat="47.2213" lon="11.36959">
        <ele>930</ele>
        <time>2026-04-02T08:56:33+00:00</time>
      </trkpt>
      <trkpt lat="47.2213" lon="11.36951">
        <ele>930</ele>
        <time>2026-04-02T08:56:36+00:00</time>
      </trkpt>
      <trkpt lat="47.22123" lon="11.36952">
        <ele>922</ele>
        <time>2026-04-02T08:56:39+00:00</time>
      </trkpt>
      <trkpt lat="47.22122" lon="11.36965">
        <ele>927</ele>
        <time>2026-04-02T08:56:42+00:00</time>
      </trkpt>
      <trkpt lat="47.22123" lon="11.36973">
        <ele>924</ele>
        <time>2026-04-02T08:56:45+00:00</time>
      </trkpt>
      <trkpt lat="47.22128" lon="11.37">
        <ele>920</ele>
        <time>2026-04-02T08:56:48+00:00</time>
      </trkpt>
      <trkpt lat="47.22129" lon="11.37006">
        <ele>917</ele>
        <time>2026-04-02T08:56:51+00:00</time>
      </trkpt>
      <trkpt lat="47.22131" lon="11.37013">
        <ele>915</ele>
        <time>2026-04-02T08:56:54+00:00</time>
      </trkpt>
      <trkpt lat="47.22137" lon="11.37026">
        <ele>913</ele>
        <time>2026-04-02T08:56:57+00:00</time>
      </trkpt>
      <trkpt lat="47.22145" lon="11.37039">
        <ele>911</ele>
        <time>2026-04-02T08:57:00+00:00</time>
      </trkpt>
      <trkpt lat="47.22156" lon="11.37053">
        <ele>906</ele>
        <time>2026-04-02T08:57:03+00:00</time>
      </trkpt>
      <trkpt lat="47.2217" lon="11.37073">
        <ele>903</ele>
        <time>2026-04-02T08:57:06+00:00</time>
      </trkpt>
      <trkpt lat="47.22177" lon="11.3708">
        <ele>903</ele>
        <time>2026-04-02T08:57:09+00:00</time>
      </trkpt>
      <trkpt lat="47.22184" lon="11.37085">
        <ele>902</ele>
        <time>2026-04-02T08:57:12+00:00</time>
      </trkpt>
      <trkpt lat="47.22202" lon="11.37102">
        <ele>902</ele>
        <time>2026-04-02T08:57:15+00:00</time>
      </trkpt>
      <trkpt lat="47.22208" lon="11.37106">
        <ele>902</ele>
        <time>2026-04-02T08:57:18+00:00</time>
      </trkpt>
      <trkpt lat="47.22204" lon="11.37107">
        <ele>902</ele>
        <time>2026-04-02T08:57:21+00:00</time>
      </trkpt>
      <trkpt lat="47.22192" lon="11.37107">
        <ele>900</ele>
        <time>2026-04-02T08:57:24+00:00</time>
      </trkpt>
      <trkpt lat="47.22182" lon="11.37104">
        <ele>898</ele>
        <time>2026-04-02T08:57:27+00:00</time>
      </trkpt>
      <trkpt lat="47.22167" lon="11.37095">
        <ele>897</ele>
        <time>2026-04-02T08:57:30+00:00</time>
      </trkpt>
      <trkpt lat="47.22156" lon="11.37086">
        <ele>897</ele>
        <time>2026-04-02T08:57:33+00:00</time>
      </trkpt>
      <trkpt lat="47.22149" lon="11.37081">
        <ele>899</ele>
        <time>2026-04-02T08:57:36+00:00</time>
      </trkpt>
      <trkpt lat="47.22119" lon="11.3705">
        <ele>901</ele>
        <time>2026-04-02T08:57:39+00:00</time>
      </trkpt>
      <trkpt lat="47.22114" lon="11.37044">
        <ele>901</ele>
        <time>2026-04-02T08:57:42+00:00</time>
      </trkpt>
      <trkpt lat="47.22109" lon="11.3704">
        <ele>901</ele>
        <time>2026-04-02T08:57:45+00:00</time>
      </trkpt>
      <trkpt lat="47.22105" lon="11.37039">
        <ele>905</ele>
        <time>2026-04-02T08:57:48+00:00</time>
      </trkpt>
      <trkpt lat="47.22097" lon="11.37036">
        <ele>903</ele>
        <time>2026-04-02T08:57:51+00:00</time>
      </trkpt>
      <trkpt lat="47.22092" lon="11.37033">
        <ele>903</ele>
        <time>2026-04-02T08:57:54+00:00</time>
      </trkpt>
      <trkpt lat="47.22086" lon="11.37027">
        <ele>904</ele>
        <time>2026-04-02T08:57:57+00:00</time>
      </trkpt>
      <trkpt lat="47.2208" lon="11.37018">
        <ele>902</ele>
        <time>2026-04-02T08:58:00+00:00</time>
      </trkpt>
      <trkpt lat="47.22076" lon="11.37015">
        <ele>905</ele>
        <time>2026-04-02T08:58:03+00:00</time>
      </trkpt>
      <trkpt lat="47.22044" lon="11.37009">
        <ele>901</ele>
        <time>2026-04-02T08:58:06+00:00</time>
      </trkpt>
      <trkpt lat="47.2204" lon="11.3701">
        <ele>896</ele>
        <time>2026-04-02T08:58:09+00:00</time>
      </trkpt>
      <trkpt lat="47.2204" lon="11.37011">
        <ele>899</ele>
        <time>2026-04-02T08:58:12+00:00</time>
      </trkpt>
      <trkpt lat="47.2204" lon="11.37014">
        <ele>899</ele>
        <time>2026-04-02T08:58:15+00:00</time>
      </trkpt>
      <trkpt lat="47.22041" lon="11.37016">
        <ele>896</ele>
        <time>2026-04-02T08:58:18+00:00</time>
      </trkpt>
      <trkpt lat="47.22047" lon="11.37025">
        <ele>895</ele>
        <time>2026-04-02T08:58:21+00:00</time>
      </trkpt>
      <trkpt lat="47.22068" lon="11.37046">
        <ele>898</ele>
        <time>2026-04-02T08:58:24+00:00</time>
      </trkpt>
      <trkpt lat="47.2207" lon="11.37048">
        <ele>892</ele>
        <time>2026-04-02T08:58:27+00:00</time>
      </trkpt>
      <trkpt lat="47.22071" lon="11.37053">
        <ele>894</ele>
        <time>2026-04-02T08:58:30+00:00</time>
      </trkpt>
      <trkpt lat="47.22071" lon="11.37058">
        <ele>894</ele>
        <time>2026-04-02T08:58:33+00:00</time>
      </trkpt>
      <trkpt lat="47.22066" lon="11.3707">
        <ele>900</ele>
        <time>2026-04-02T08:58:36+00:00</time>
      </trkpt>
      <trkpt lat="47.22064" lon="11.37079">
        <ele>895</ele>
        <time>2026-04-02T08:58:39+00:00</time>
      </trkpt>
      <trkpt lat="47.22059" lon="11.37086">
        <ele>900</ele>
        <time>2026-04-02T08:58:42+00:00</time>
      </trkpt>
      <trkpt lat="47.22057" lon="11.37091">
        <ele>902</ele>
        <time>2026-04-02T08:58:45+00:00</time>
      </trkpt>
      <trkpt lat="47.22057" lon="11.37095">
        <ele>899</ele>
        <time>2026-04-02T08:58:48+00:00</time>
      </trkpt>
      <trkpt lat="47.2206" lon="11.37116">
        <ele>900</ele>
        <time>2026-04-02T08:58:51+00:00</time>
      </trkpt>
      <trkpt lat="47.22065" lon="11.37132">
        <ele>899</ele>
        <time>2026-04-02T08:58:54+00:00</time>
      </trkpt>
      <trkpt lat="47.22071" lon="11.3715">
        <ele>894</ele>
        <time>2026-04-02T08:58:57+00:00</time>
      </trkpt>
      <trkpt lat="47.22073" lon="11.37159">
        <ele>903</ele>
        <time>2026-04-02T08:59:00+00:00</time>
      </trkpt>
      <trkpt lat="47.22074" lon="11.3718">
        <ele>902</ele>
        <time>2026-04-02T08:59:03+00:00</time>
      </trkpt>
      <trkpt lat="47.2207" lon="11.37216">
        <ele>904</ele>
        <time>2026-04-02T08:59:06+00:00</time>
      </trkpt>
      <trkpt lat="47.22062" lon="11.37287">
        <ele>905</ele>
        <time>2026-04-02T08:59:09+00:00</time>
      </trkpt>
      <trkpt lat="47.22059" lon="11.373">
        <ele>906</ele>
        <time>2026-04-02T08:59:12+00:00</time>
      </trkpt>
      <trkpt lat="47.22053" lon="11.37284">
        <ele>907</ele>
        <time>2026-04-02T08:59:15+00:00</time>
      </trkpt>
      <trkpt lat="47.22045" lon="11.37252">
        <ele>912</ele>
        <time>2026-04-02T08:59:18+00:00</time>
      </trkpt>
      <trkpt lat="47.22034" lon="11.37215">
        <ele>916</ele>
        <time>2026-04-02T08:59:21+00:00</time>
      </trkpt>
      <trkpt lat="47.22022" lon="11.37178">
        <ele>919</ele>
        <time>2026-04-02T08:59:24+00:00</time>
      </trkpt>
      <trkpt lat="47.2201" lon="11.37146">
        <ele>925</ele>
        <time>2026-04-02T08:59:27+00:00</time>
      </trkpt>
      <trkpt lat="47.22001" lon="11.37132">
        <ele>927</ele>
        <time>2026-04-02T08:59:30+00:00</time>
      </trkpt>
      <trkpt lat="47.21994" lon="11.37124">
        <ele>930</ele>
        <time>2026-04-02T08:59:33+00:00</time>
      </trkpt>
      <trkpt lat="47.21988" lon="11.37118">
        <ele>934</ele>
        <time>2026-04-02T08:59:36+00:00</time>
      </trkpt>
      <trkpt lat="47.21974" lon="11.37104">
        <ele>938</ele>
        <time>2026-04-02T08:59:39+00:00</time>
      </trkpt>
      <trkpt lat="47.21966" lon="11.37097">
        <ele>943</ele>
        <time>2026-04-02T08:59:42+00:00</time>
      </trkpt>
      <trkpt lat="47.21963" lon="11.37096">
        <ele>943</ele>
        <time>2026-04-02T08:59:45+00:00</time>
      </trkpt>
      <trkpt lat="47.2196" lon="11.37097">
        <ele>947</ele>
        <time>2026-04-02T08:59:48+00:00</time>
      </trkpt>
      <trkpt lat="47.21957" lon="11.37099">
        <ele>941</ele>
        <time>2026-04-02T08:59:51+00:00</time>
      </trkpt>
      <trkpt lat="47.21951" lon="11.37109">
        <ele>946</ele>
        <time>2026-04-02T08:59:54+00:00</time>
      </trkpt>
      <trkpt lat="47.21945" lon="11.37126">
        <ele>940</ele>
        <time>2026-04-02T08:59:57+00:00</time>
      </trkpt>
      <trkpt lat="47.21944" lon="11.37148">
        <ele>941</ele>
        <time>2026-04-02T09:00:00+00:00</time>
      </trkpt>
      <trkpt lat="47.21943" lon="11.37154">
        <ele>939</ele>
        <time>2026-04-02T09:00:03+00:00</time>
      </trkpt>
      <trkpt lat="47.21941" lon="11.37159">
        <ele>939</ele>
        <time>2026-04-02T09:00:06+00:00</time>
      </trkpt>
      <trkpt lat="47.21939" lon="11.37164">
        <ele>937</ele>
        <time>2026-04-02T09:00:09+00:00</time>
      </trkpt>
      <trkpt lat="47.21935" lon="11.37166">
        <ele>937</ele>
        <time>2026-04-02T09:00:12+00:00</time>
      </trkpt>
      <trkpt lat="47.21933" lon="11.37166">
        <ele>937</ele>
        <time>2026-04-02T09:00:15+00:00</time>
      </trkpt>
      <trkpt lat="47.21931" lon="11.37165">
        <ele>937</ele>
        <time>2026-04-02T09:00:18+00:00</time>
      </trkpt>
      <trkpt lat="47.21928" lon="11.37162">
        <ele>940</ele>
        <time>2026-04-02T09:00:21+00:00</time>
      </trkpt>
      <trkpt lat="47.21917" lon="11.37144">
        <ele>938</ele>
        <time>2026-04-02T09:00:24+00:00</time>
      </trkpt>
      <trkpt lat="47.21912" lon="11.37138">
        <ele>942</ele>
        <time>2026-04-02T09:00:27+00:00</time>
      </trkpt>
      <trkpt lat="47.21901" lon="11.37125">
        <ele>945</ele>
        <time>2026-04-02T09:00:30+00:00</time>
      </trkpt>
      <trkpt lat="47.21895" lon="11.37119">
        <ele>956</ele>
        <time>2026-04-02T09:00:33+00:00</time>
      </trkpt>
      <trkpt lat="47.21884" lon="11.37113">
        <ele>960</ele>
        <time>2026-04-02T09:00:36+00:00</time>
      </trkpt>
      <trkpt lat="47.21892" lon="11.37077">
        <ele>968</ele>
        <time>2026-04-02T09:00:39+00:00</time>
      </trkpt>
      <trkpt lat="47.21907" lon="11.37012">
        <ele>972</ele>
        <time>2026-04-02T09:00:42+00:00</time>
      </trkpt>
      <trkpt lat="47.21884" lon="11.36996">
        <ele>979</ele>
        <time>2026-04-02T09:00:45+00:00</time>
      </trkpt>
      <trkpt lat="47.21858" lon="11.37">
        <ele>983</ele>
        <time>2026-04-02T09:00:48+00:00</time>
      </trkpt>
      <trkpt lat="47.21817" lon="11.37025">
        <ele>986</ele>
        <time>2026-04-02T09:00:51+00:00</time>
      </trkpt>
      <trkpt lat="47.21809" lon="11.37024">
        <ele>986</ele>
        <time>2026-04-02T09:00:54+00:00</time>
      </trkpt>
      <trkpt lat="47.21789" lon="11.37018">
        <ele>986</ele>
        <time>2026-04-02T09:00:57+00:00</time>
      </trkpt>
      <trkpt lat="47.21781" lon="11.37022">
        <ele>990</ele>
        <time>2026-04-02T09:01:00+00:00</time>
      </trkpt>
      <trkpt lat="47.2178" lon="11.37055">
        <ele>986</ele>
        <time>2026-04-02T09:01:03+00:00</time>
      </trkpt>
      <trkpt lat="47.21778" lon="11.37073">
        <ele>978</ele>
        <time>2026-04-02T09:01:06+00:00</time>
      </trkpt>
      <trkpt lat="47.21774" lon="11.37084">
        <ele>976</ele>
        <time>2026-04-02T09:01:09+00:00</time>
      </trkpt>
      <trkpt lat="47.21765" lon="11.37115">
        <ele>967</ele>
        <time>2026-04-02T09:01:12+00:00</time>
      </trkpt>
      <trkpt lat="47.2176" lon="11.37119">
        <ele>967</ele>
        <time>2026-04-02T09:01:15+00:00</time>
      </trkpt>
      <trkpt lat="47.21756" lon="11.3712">
        <ele>966</ele>
        <time>2026-04-02T09:01:18+00:00</time>
      </trkpt>
      <trkpt lat="47.21751" lon="11.37123">
        <ele>964</ele>
        <time>2026-04-02T09:01:21+00:00</time>
      </trkpt>
      <trkpt lat="47.21732" lon="11.37134">
        <ele>960</ele>
        <time>2026-04-02T09:01:24+00:00</time>
      </trkpt>
      <trkpt lat="47.21724" lon="11.37136">
        <ele>960</ele>
        <time>2026-04-02T09:01:27+00:00</time>
      </trkpt>
      <trkpt lat="47.21714" lon="11.37138">
        <ele>959</ele>
        <time>2026-04-02T09:01:30+00:00</time>
      </trkpt>
      <trkpt lat="47.2171" lon="11.37137">
        <ele>959</ele>
        <time>2026-04-02T09:01:33+00:00</time>
      </trkpt>
      <trkpt lat="47.21707" lon="11.37135">
        <ele>958</ele>
        <time>2026-04-02T09:01:36+00:00</time>
      </trkpt>
      <trkpt lat="47.21704" lon="11.37132">
        <ele>958</ele>
        <time>2026-04-02T09:01:39+00:00</time>
      </trkpt>
      <trkpt lat="47.21698" lon="11.37125">
        <ele>958</ele>
        <time>2026-04-02T09:01:42+00:00</time>
      </trkpt>
      <trkpt lat="47.21696" lon="11.3712">
        <ele>959</ele>
        <time>2026-04-02T09:01:45+00:00</time>
      </trkpt>
      <trkpt lat="47.21695" lon="11.37114">
        <ele>959</ele>
        <time>2026-04-02T09:01:48+00:00</time>
      </trkpt>
      <trkpt lat="47.21695" lon="11.37091">
        <ele>961</ele>
        <time>2026-04-02T09:01:51+00:00</time>
      </trkpt>
      <trkpt lat="47.21698" lon="11.37025">
        <ele>968</ele>
        <time>2026-04-02T09:01:54+00:00</time>
      </trkpt>
      <trkpt lat="47.21698" lon="11.37005">
        <ele>973</ele>
        <time>2026-04-02T09:01:57+00:00</time>
      </trkpt>
      <trkpt lat="47.21695" lon="11.36976">
        <ele>982</ele>
        <time>2026-04-02T09:02:00+00:00</time>
      </trkpt>
      <trkpt lat="47.21692" lon="11.36938">
        <ele>983</ele>
        <time>2026-04-02T09:02:03+00:00</time>
      </trkpt>
      <trkpt lat="47.21686" lon="11.36892">
        <ele>985</ele>
        <time>2026-04-02T09:02:06+00:00</time>
      </trkpt>
      <trkpt lat="47.21679" lon="11.3686">
        <ele>1000</ele>
        <time>2026-04-02T09:02:09+00:00</time>
      </trkpt>
      <trkpt lat="47.21672" lon="11.36827">
        <ele>1004</ele>
        <time>2026-04-02T09:02:12+00:00</time>
      </trkpt>
      <trkpt lat="47.21666" lon="11.36789">
        <ele>1007</ele>
        <time>2026-04-02T09:02:15+00:00</time>
      </trkpt>
      <trkpt lat="47.21657" lon="11.36732">
        <ele>1018</ele>
        <time>2026-04-02T09:02:18+00:00</time>
      </trkpt>
      <trkpt lat="47.21661" lon="11.36667">
        <ele>1025</ele>
        <time>2026-04-02T09:02:21+00:00</time>
      </trkpt>
      <trkpt lat="47.21662" lon="11.36623">
        <ele>1030</ele>
        <time>2026-04-02T09:02:24+00:00</time>
      </trkpt>
      <trkpt lat="47.21647" lon="11.36567">
        <ele>1033</ele>
        <time>2026-04-02T09:02:27+00:00</time>
      </trkpt>
      <trkpt lat="47.21631" lon="11.36541">
        <ele>1037</ele>
        <time>2026-04-02T09:02:30+00:00</time>
      </trkpt>
      <trkpt lat="47.21614" lon="11.36515">
        <ele>1042</ele>
        <time>2026-04-02T09:02:33+00:00</time>
      </trkpt>
      <trkpt lat="47.21596" lon="11.36459">
        <ele>1057</ele>
        <time>2026-04-02T09:02:36+00:00</time>
      </trkpt>
      <trkpt lat="47.21587" lon="11.36422">
        <ele>1060</ele>
        <time>2026-04-02T09:02:39+00:00</time>
      </trkpt>
      <trkpt lat="47.21574" lon="11.36369">
        <ele>1063</ele>
        <time>2026-04-02T09:02:42+00:00</time>
      </trkpt>
      <trkpt lat="47.21553" lon="11.36311">
        <ele>1067</ele>
        <time>2026-04-02T09:02:45+00:00</time>
      </trkpt>
      <trkpt lat="47.21528" lon="11.36278">
        <ele>1073</ele>
        <time>2026-04-02T09:02:48+00:00</time>
      </trkpt>
      <trkpt lat="47.21504" lon="11.36264">
        <ele>1076</ele>
        <time>2026-04-02T09:02:51+00:00</time>
      </trkpt>
      <trkpt lat="47.21477" lon="11.36246">
        <ele>1082</ele>
        <time>2026-04-02T09:02:54+00:00</time>
      </trkpt>
      <trkpt lat="47.21462" lon="11.36217">
        <ele>1092</ele>
        <time>2026-04-02T09:02:57+00:00</time>
      </trkpt>
      <trkpt lat="47.21444" lon="11.36185">
        <ele>1100</ele>
        <time>2026-04-02T09:03:00+00:00</time>
      </trkpt>
      <trkpt lat="47.21431" lon="11.36125">
        <ele>1111</ele>
        <time>2026-04-02T09:03:03+00:00</time>
      </trkpt>
      <trkpt lat="47.21427" lon="11.36071">
        <ele>1124</ele>
        <time>2026-04-02T09:03:06+00:00</time>
      </trkpt>
      <trkpt lat="47.21421" lon="11.36037">
        <ele>1131</ele>
        <time>2026-04-02T09:03:09+00:00</time>
      </trkpt>
      <trkpt lat="47.21415" lon="11.36002">
        <ele>1136</ele>
        <time>2026-04-02T09:03:12+00:00</time>
      </trkpt>
      <trkpt lat="47.21401" lon="11.35967">
        <ele>1141</ele>
        <time>2026-04-02T09:03:15+00:00</time>
      </trkpt>
      <trkpt lat="47.2138" lon="11.35913">
        <ele>1154</ele>
        <time>2026-04-02T09:03:18+00:00</time>
      </trkpt>
      <trkpt lat="47.21362" lon="11.35889">
        <ele>1161</ele>
        <time>2026-04-02T09:03:21+00:00</time>
      </trkpt>
      <trkpt lat="47.21341" lon="11.35861">
        <ele>1166</ele>
        <time>2026-04-02T09:03:24+00:00</time>
      </trkpt>
      <trkpt lat="47.21325" lon="11.35806">
        <ele>1174</ele>
        <time>2026-04-02T09:03:27+00:00</time>
      </trkpt>
      <trkpt lat="47.21298" lon="11.35771">
        <ele>1178</ele>
        <time>2026-04-02T09:03:30+00:00</time>
      </trkpt>
      <trkpt lat="47.21271" lon="11.35736">
        <ele>1189</ele>
        <time>2026-04-02T09:03:33+00:00</time>
      </trkpt>
      <trkpt lat="47.21244" lon="11.357">
        <ele>1199</ele>
        <time>2026-04-02T09:03:36+00:00</time>
      </trkpt>
      <trkpt lat="47.21197" lon="11.35639">
        <ele>1205</ele>
        <time>2026-04-02T09:03:39+00:00</time>
      </trkpt>
      <trkpt lat="47.21199" lon="11.35642">
        <ele>1209</ele>
        <time>2026-04-02T09:03:42+00:00</time>
      </trkpt>
      <trkpt lat="47.21208" lon="11.35697">
        <ele>1212</ele>
        <time>2026-04-02T09:03:45+00:00</time>
      </trkpt>
      <trkpt lat="47.21209" lon="11.35717">
        <ele>1213</ele>
        <time>2026-04-02T09:03:48+00:00</time>
      </trkpt>
      <trkpt lat="47.21198" lon="11.35758">
        <ele>1220</ele>
        <time>2026-04-02T09:03:51+00:00</time>
      </trkpt>
      <trkpt lat="47.21188" lon="11.35745">
        <ele>1223</ele>
        <time>2026-04-02T09:03:54+00:00</time>
      </trkpt>
      <trkpt lat="47.21162" lon="11.3572">
        <ele>1225</ele>
        <time>2026-04-02T09:03:57+00:00</time>
      </trkpt>
      <trkpt lat="47.21127" lon="11.35708">
        <ele>1234</ele>
        <time>2026-04-02T09:04:00+00:00</time>
      </trkpt>
      <trkpt lat="47.211" lon="11.35701">
        <ele>1240</ele>
        <time>2026-04-02T09:04:03+00:00</time>
      </trkpt>
      <trkpt lat="47.21062" lon="11.3569">
        <ele>1263</ele>
        <time>2026-04-02T09:04:06+00:00</time>
      </trkpt>
      <trkpt lat="47.21032" lon="11.35681">
        <ele>1281</ele>
        <time>2026-04-02T09:04:09+00:00</time>
      </trkpt>
      <trkpt lat="47.2101" lon="11.35675">
        <ele>1291</ele>
        <time>2026-04-02T09:04:12+00:00</time>
      </trkpt>
      <trkpt lat="47.20986" lon="11.35669">
        <ele>1294</ele>
        <time>2026-04-02T09:04:15+00:00</time>
      </trkpt>
      <trkpt lat="47.20968" lon="11.3568">
        <ele>1298</ele>
        <time>2026-04-02T09:04:18+00:00</time>
      </trkpt>
      <trkpt lat="47.20958" lon="11.35666">
        <ele>1304</ele>
        <time>2026-04-02T09:04:21+00:00</time>
      </trkpt>
      <trkpt lat="47.20948" lon="11.35668">
        <ele>1309</ele>
        <time>2026-04-02T09:04:24+00:00</time>
      </trkpt>
      <trkpt lat="47.20919" lon="11.35675">
        <ele>1321</ele>
        <time>2026-04-02T09:04:27+00:00</time>
      </trkpt>
      <trkpt lat="47.20895" lon="11.35672">
        <ele>1330</ele>
        <time>2026-04-02T09:04:30+00:00</time>
      </trkpt>
      <trkpt lat="47.20869" lon="11.35669">
        <ele>1340</ele>
        <time>2026-04-02T09:04:33+00:00</time>
      </trkpt>
      <trkpt lat="47.20842" lon="11.35662">
        <ele>1348</ele>
        <time>2026-04-02T09:04:36+00:00</time>
      </trkpt>
      <trkpt lat="47.20805" lon="11.35652">
        <ele>1364</ele>
        <time>2026-04-02T09:04:39+00:00</time>
      </trkpt>
      <trkpt lat="47.20774" lon="11.35645">
        <ele>1376</ele>
        <time>2026-04-02T09:04:42+00:00</time>
      </trkpt>
      <trkpt lat="47.20744" lon="11.35638">
        <ele>1386</ele>
        <time>2026-04-02T09:04:45+00:00</time>
      </trkpt>
      <trkpt lat="47.20713" lon="11.35631">
        <ele>1403</ele>
        <time>2026-04-02T09:04:48+00:00</time>
      </trkpt>
      <trkpt lat="47.2069" lon="11.3561">
        <ele>1417</ele>
        <time>2026-04-02T09:04:51+00:00</time>
      </trkpt>
      <trkpt lat="47.20656" lon="11.35578">
        <ele>1427</ele>
        <time>2026-04-02T09:04:54+00:00</time>
      </trkpt>
      <trkpt lat="47.20636" lon="11.35549">
        <ele>1436</ele>
        <time>2026-04-02T09:04:57+00:00</time>
      </trkpt>
      <trkpt lat="47.20622" lon="11.35522">
        <ele>1436</ele>
        <time>2026-04-02T09:05:00+00:00</time>
      </trkpt>
      <trkpt lat="47.20623" lon="11.35502">
        <ele>1436</ele>
        <time>2026-04-02T09:05:03+00:00</time>
      </trkpt>
      <trkpt lat="47.20616" lon="11.35475">
        <ele>1445</ele>
        <time>2026-04-02T09:05:06+00:00</time>
      </trkpt>
      <trkpt lat="47.20597" lon="11.35446">
        <ele>1453</ele>
        <time>2026-04-02T09:05:09+00:00</time>
      </trkpt>
      <trkpt lat="47.20579" lon="11.35405">
        <ele>1465</ele>
        <time>2026-04-02T09:05:12+00:00</time>
      </trkpt>
      <trkpt lat="47.20577" lon="11.3537">
        <ele>1470</ele>
        <time>2026-04-02T09:05:15+00:00</time>
      </trkpt>
      <trkpt lat="47.2058" lon="11.35354">
        <ele>1469</ele>
        <time>2026-04-02T09:05:18+00:00</time>
      </trkpt>
      <trkpt lat="47.20578" lon="11.3533">
        <ele>1474</ele>
        <time>2026-04-02T09:05:21+00:00</time>
      </trkpt>
      <trkpt lat="47.20586" lon="11.35284">
        <ele>1478</ele>
        <time>2026-04-02T09:05:24+00:00</time>
      </trkpt>
      <trkpt lat="47.20585" lon="11.3524">
        <ele>1484</ele>
        <time>2026-04-02T09:05:27+00:00</time>
      </trkpt>
      <trkpt lat="47.20578" lon="11.35207">
        <ele>1489</ele>
        <time>2026-04-02T09:05:30+00:00</time>
      </trkpt>
      <trkpt lat="47.20576" lon="11.35187">
        <ele>1490</ele>
        <time>2026-04-02T09:05:33+00:00</time>
      </trkpt>
      <trkpt lat="47.20561" lon="11.35161">
        <ele>1495</ele>
        <time>2026-04-02T09:05:36+00:00</time>
      </trkpt>
      <trkpt lat="47.20553" lon="11.35147">
        <ele>1498</ele>
        <time>2026-04-02T09:05:39+00:00</time>
      </trkpt>
      <trkpt lat="47.20541" lon="11.3513">
        <ele>1500</ele>
        <time>2026-04-02T09:05:42+00:00</time>
      </trkpt>
      <trkpt lat="47.20529" lon="11.35111">
        <ele>1510</ele>
        <time>2026-04-02T09:05:45+00:00</time>
      </trkpt>
      <trkpt lat="47.20514" lon="11.35093">
        <ele>1511</ele>
        <time>2026-04-02T09:05:48+00:00</time>
      </trkpt>
      <trkpt lat="47.20501" lon="11.35082">
        <ele>1512</ele>
        <time>2026-04-02T09:05:51+00:00</time>
      </trkpt>
      <trkpt lat="47.20487" lon="11.35068">
        <ele>1514</ele>
        <time>2026-04-02T09:05:54+00:00</time>
      </trkpt>
      <trkpt lat="47.2047" lon="11.35052">
        <ele>1522</ele>
        <time>2026-04-02T09:05:57+00:00</time>
      </trkpt>
      <trkpt lat="47.2047" lon="11.35089">
        <ele>1527</ele>
        <time>2026-04-02T09:06:00+00:00</time>
      </trkpt>
      <trkpt lat="47.20478" lon="11.35146">
        <ele>1539</ele>
        <time>2026-04-02T09:06:03+00:00</time>
      </trkpt>
      <trkpt lat="47.20451" lon="11.35126">
        <ele>1544</ele>
        <time>2026-04-02T09:06:06+00:00</time>
      </trkpt>
      <trkpt lat="47.20434" lon="11.35102">
        <ele>1545</ele>
        <time>2026-04-02T09:06:09+00:00</time>
      </trkpt>
      <trkpt lat="47.20432" lon="11.35085">
        <ele>1549</ele>
        <time>2026-04-02T09:06:12+00:00</time>
      </trkpt>
      <trkpt lat="47.20423" lon="11.35048">
        <ele>1547</ele>
        <time>2026-04-02T09:06:15+00:00</time>
      </trkpt>
      <trkpt lat="47.20404" lon="11.35015">
        <ele>1549</ele>
        <time>2026-04-02T09:06:18+00:00</time>
      </trkpt>
      <trkpt lat="47.20395" lon="11.34995">
        <ele>1554</ele>
        <time>2026-04-02T09:06:21+00:00</time>
      </trkpt>
      <trkpt lat="47.20385" lon="11.34977">
        <ele>1559</ele>
        <time>2026-04-02T09:06:24+00:00</time>
      </trkpt>
      <trkpt lat="47.20374" lon="11.34956">
        <ele>1565</ele>
        <time>2026-04-02T09:06:27+00:00</time>
      </trkpt>
      <trkpt lat="47.20367" lon="11.34945">
        <ele>1571</ele>
        <time>2026-04-02T09:06:30+00:00</time>
      </trkpt>
      <trkpt lat="47.20362" lon="11.34924">
        <ele>1572</ele>
        <time>2026-04-02T09:06:33+00:00</time>
      </trkpt>
      <trkpt lat="47.20358" lon="11.34891">
        <ele>1574</ele>
        <time>2026-04-02T09:06:36+00:00</time>
      </trkpt>
      <trkpt lat="47.20332" lon="11.34841">
        <ele>1579</ele>
        <time>2026-04-02T09:06:39+00:00</time>
      </trkpt>
      <trkpt lat="47.20327" lon="11.34827">
        <ele>1583</ele>
        <time>2026-04-02T09:06:42+00:00</time>
      </trkpt>
      <trkpt lat="47.2032" lon="11.34803">
        <ele>1578</ele>
        <time>2026-04-02T09:06:45+00:00</time>
      </trkpt>
      <trkpt lat="47.20312" lon="11.34779">
        <ele>1578</ele>
        <time>2026-04-02T09:06:48+00:00</time>
      </trkpt>
      <trkpt lat="47.20312" lon="11.34771">
        <ele>1578</ele>
        <time>2026-04-02T09:06:51+00:00</time>
      </trkpt>
      <trkpt lat="47.20316" lon="11.34726">
        <ele>1589</ele>
        <time>2026-04-02T09:06:54+00:00</time>
      </trkpt>
      <trkpt lat="47.20316" lon="11.34719">
        <ele>1592</ele>
        <time>2026-04-02T09:06:57+00:00</time>
      </trkpt>
      <trkpt lat="47.20312" lon="11.34692">
        <ele>1599</ele>
        <time>2026-04-02T09:07:00+00:00</time>
      </trkpt>
      <trkpt lat="47.20313" lon="11.3468">
        <ele>1601</ele>
        <time>2026-04-02T09:07:03+00:00</time>
      </trkpt>
      <trkpt lat="47.20314" lon="11.34668">
        <ele>1605</ele>
        <time>2026-04-02T09:07:06+00:00</time>
      </trkpt>
      <trkpt lat="47.20317" lon="11.34646">
        <ele>1593</ele>
        <time>2026-04-02T09:07:09+00:00</time>
      </trkpt>
      <trkpt lat="47.2032" lon="11.34622">
        <ele>1594</ele>
        <time>2026-04-02T09:07:12+00:00</time>
      </trkpt>
      <trkpt lat="47.20325" lon="11.34597">
        <ele>1596</ele>
        <time>2026-04-02T09:07:15+00:00</time>
      </trkpt>
      <trkpt lat="47.20327" lon="11.34592">
        <ele>1596</ele>
        <time>2026-04-02T09:07:18+00:00</time>
      </trkpt>
      <trkpt lat="47.20334" lon="11.34577">
        <ele>1592</ele>
        <time>2026-04-02T09:07:21+00:00</time>
      </trkpt>
      <trkpt lat="47.20336" lon="11.3457">
        <ele>1592</ele>
        <time>2026-04-02T09:07:24+00:00</time>
      </trkpt>
      <trkpt lat="47.20343" lon="11.34542">
        <ele>1596</ele>
        <time>2026-04-02T09:07:27+00:00</time>
      </trkpt>
      <trkpt lat="47.20346" lon="11.34528">
        <ele>1599</ele>
        <time>2026-04-02T09:07:30+00:00</time>
      </trkpt>
      <trkpt lat="47.20346" lon="11.34519">
        <ele>1599</ele>
        <time>2026-04-02T09:07:33+00:00</time>
      </trkpt>
      <trkpt lat="47.20346" lon="11.34509">
        <ele>1599</ele>
        <time>2026-04-02T09:07:36+00:00</time>
      </trkpt>
      <trkpt lat="47.20343" lon="11.34491">
        <ele>1598</ele>
        <time>2026-04-02T09:07:39+00:00</time>
      </trkpt>
      <trkpt lat="47.20334" lon="11.34456">
        <ele>1612</ele>
        <time>2026-04-02T09:07:42+00:00</time>
      </trkpt>
      <trkpt lat="47.20334" lon="11.3445">
        <ele>1612</ele>
        <time>2026-04-02T09:07:45+00:00</time>
      </trkpt>
      <trkpt lat="47.20334" lon="11.34435">
        <ele>1616</ele>
        <time>2026-04-02T09:07:48+00:00</time>
      </trkpt>
      <trkpt lat="47.20333" lon="11.3443">
        <ele>1616</ele>
        <time>2026-04-02T09:07:51+00:00</time>
      </trkpt>
      <trkpt lat="47.20322" lon="11.34409">
        <ele>1624</ele>
        <time>2026-04-02T09:07:54+00:00</time>
      </trkpt>
      <trkpt lat="47.20313" lon="11.344">
        <ele>1628</ele>
        <time>2026-04-02T09:07:57+00:00</time>
      </trkpt>
      <trkpt lat="47.20308" lon="11.34392">
        <ele>1634</ele>
        <time>2026-04-02T09:08:00+00:00</time>
      </trkpt>
      <trkpt lat="47.20302" lon="11.34378">
        <ele>1630</ele>
        <time>2026-04-02T09:08:03+00:00</time>
      </trkpt>
      <trkpt lat="47.20298" lon="11.34369">
        <ele>1632</ele>
        <time>2026-04-02T09:08:06+00:00</time>
      </trkpt>
      <trkpt lat="47.20274" lon="11.3435">
        <ele>1635</ele>
        <time>2026-04-02T09:08:09+00:00</time>
      </trkpt>
      <trkpt lat="47.20266" lon="11.34341">
        <ele>1642</ele>
        <time>2026-04-02T09:08:12+00:00</time>
      </trkpt>
      <trkpt lat="47.20252" lon="11.34321">
        <ele>1641</ele>
        <time>2026-04-02T09:08:15+00:00</time>
      </trkpt>
      <trkpt lat="47.20249" lon="11.34314">
        <ele>1646</ele>
        <time>2026-04-02T09:08:18+00:00</time>
      </trkpt>
      <trkpt lat="47.20248" lon="11.34305">
        <ele>1647</ele>
        <time>2026-04-02T09:08:21+00:00</time>
      </trkpt>
      <trkpt lat="47.20246" lon="11.34292">
        <ele>1642</ele>
        <time>2026-04-02T09:08:24+00:00</time>
      </trkpt>
      <trkpt lat="47.20246" lon="11.34279">
        <ele>1642</ele>
        <time>2026-04-02T09:08:27+00:00</time>
      </trkpt>
      <trkpt lat="47.20246" lon="11.34275">
        <ele>1642</ele>
        <time>2026-04-02T09:08:30+00:00</time>
      </trkpt>
      <trkpt lat="47.20248" lon="11.34271">
        <ele>1642</ele>
        <time>2026-04-02T09:08:33+00:00</time>
      </trkpt>
      <trkpt lat="47.20258" lon="11.34254">
        <ele>1642</ele>
        <time>2026-04-02T09:08:36+00:00</time>
      </trkpt>
      <trkpt lat="47.20264" lon="11.34248">
        <ele>1637</ele>
        <time>2026-04-02T09:08:39+00:00</time>
      </trkpt>
      <trkpt lat="47.20268" lon="11.3424">
        <ele>1637</ele>
        <time>2026-04-02T09:08:42+00:00</time>
      </trkpt>
      <trkpt lat="47.20269" lon="11.34236">
        <ele>1641</ele>
        <time>2026-04-02T09:08:45+00:00</time>
      </trkpt>
      <trkpt lat="47.20269" lon="11.34229">
        <ele>1643</ele>
        <time>2026-04-02T09:08:48+00:00</time>
      </trkpt>
      <trkpt lat="47.2026" lon="11.34202">
        <ele>1645</ele>
        <time>2026-04-02T09:08:51+00:00</time>
      </trkpt>
      <trkpt lat="47.20255" lon="11.34183">
        <ele>1643</ele>
        <time>2026-04-02T09:08:54+00:00</time>
      </trkpt>
      <trkpt lat="47.20255" lon="11.34177">
        <ele>1644</ele>
        <time>2026-04-02T09:08:57+00:00</time>
      </trkpt>
      <trkpt lat="47.20256" lon="11.34164">
        <ele>1648</ele>
        <time>2026-04-02T09:09:00+00:00</time>
      </trkpt>
      <trkpt lat="47.20256" lon="11.3416">
        <ele>1648</ele>
        <time>2026-04-02T09:09:03+00:00</time>
      </trkpt>
      <trkpt lat="47.20261" lon="11.34147">
        <ele>1647</ele>
        <time>2026-04-02T09:09:06+00:00</time>
      </trkpt>
      <trkpt lat="47.20263" lon="11.3414">
        <ele>1649</ele>
        <time>2026-04-02T09:09:09+00:00</time>
      </trkpt>
      <trkpt lat="47.20266" lon="11.34124">
        <ele>1648</ele>
        <time>2026-04-02T09:09:12+00:00</time>
      </trkpt>
      <trkpt lat="47.20267" lon="11.34112">
        <ele>1651</ele>
        <time>2026-04-02T09:09:15+00:00</time>
      </trkpt>
      <trkpt lat="47.20267" lon="11.34105">
        <ele>1652</ele>
        <time>2026-04-02T09:09:18+00:00</time>
      </trkpt>
      <trkpt lat="47.20266" lon="11.34078">
        <ele>1645</ele>
        <time>2026-04-02T09:09:21+00:00</time>
      </trkpt>
      <trkpt lat="47.20268" lon="11.34061">
        <ele>1649</ele>
        <time>2026-04-02T09:09:24+00:00</time>
      </trkpt>
      <trkpt lat="47.2027" lon="11.34051">
        <ele>1648</ele>
        <time>2026-04-02T09:09:27+00:00</time>
      </trkpt>
      <trkpt lat="47.20273" lon="11.34042">
        <ele>1644</ele>
        <time>2026-04-02T09:09:30+00:00</time>
      </trkpt>
      <trkpt lat="47.20274" lon="11.34038">
        <ele>1650</ele>
        <time>2026-04-02T09:09:33+00:00</time>
      </trkpt>
      <trkpt lat="47.20278" lon="11.34032">
        <ele>1650</ele>
        <time>2026-04-02T09:09:36+00:00</time>
      </trkpt>
      <trkpt lat="47.20285" lon="11.34026">
        <ele>1651</ele>
        <time>2026-04-02T09:09:39+00:00</time>
      </trkpt>
      <trkpt lat="47.20288" lon="11.34019">
        <ele>1654</ele>
        <time>2026-04-02T09:09:42+00:00</time>
      </trkpt>
      <trkpt lat="47.20288" lon="11.34013">
        <ele>1654</ele>
        <time>2026-04-02T09:09:45+00:00</time>
      </trkpt>
      <trkpt lat="47.20287" lon="11.34001">
        <ele>1655</ele>
        <time>2026-04-02T09:09:48+00:00</time>
      </trkpt>
      <trkpt lat="47.20288" lon="11.33994">
        <ele>1648</ele>
        <time>2026-04-02T09:09:51+00:00</time>
      </trkpt>
      <trkpt lat="47.2029" lon="11.3399">
        <ele>1648</ele>
        <time>2026-04-02T09:09:54+00:00</time>
      </trkpt>
      <trkpt lat="47.20302" lon="11.33975">
        <ele>1645</ele>
        <time>2026-04-02T09:09:57+00:00</time>
      </trkpt>
      <trkpt lat="47.20304" lon="11.33971">
        <ele>1648</ele>
        <time>2026-04-02T09:10:00+00:00</time>
      </trkpt>
      <trkpt lat="47.20304" lon="11.33961">
        <ele>1647</ele>
        <time>2026-04-02T09:10:03+00:00</time>
      </trkpt>
      <trkpt lat="47.20302" lon="11.33948">
        <ele>1648</ele>
        <time>2026-04-02T09:10:06+00:00</time>
      </trkpt>
      <trkpt lat="47.20302" lon="11.3393">
        <ele>1648</ele>
        <time>2026-04-02T09:10:09+00:00</time>
      </trkpt>
      <trkpt lat="47.20303" lon="11.33919">
        <ele>1649</ele>
        <time>2026-04-02T09:10:12+00:00</time>
      </trkpt>
      <trkpt lat="47.20306" lon="11.33906">
        <ele>1649</ele>
        <time>2026-04-02T09:10:15+00:00</time>
      </trkpt>
      <trkpt lat="47.20312" lon="11.33896">
        <ele>1638</ele>
        <time>2026-04-02T09:10:18+00:00</time>
      </trkpt>
      <trkpt lat="47.20315" lon="11.33894">
        <ele>1638</ele>
        <time>2026-04-02T09:10:21+00:00</time>
      </trkpt>
      <trkpt lat="47.20319" lon="11.33892">
        <ele>1638</ele>
        <time>2026-04-02T09:10:24+00:00</time>
      </trkpt>
      <trkpt lat="47.20335" lon="11.33893">
        <ele>1636</ele>
        <time>2026-04-02T09:10:27+00:00</time>
      </trkpt>
      <trkpt lat="47.20346" lon="11.33892">
        <ele>1634</ele>
        <time>2026-04-02T09:10:30+00:00</time>
      </trkpt>
      <trkpt lat="47.20353" lon="11.33888">
        <ele>1635</ele>
        <time>2026-04-02T09:10:33+00:00</time>
      </trkpt>
      <trkpt lat="47.20356" lon="11.33884">
        <ele>1633</ele>
        <time>2026-04-02T09:10:36+00:00</time>
      </trkpt>
      <trkpt lat="47.20357" lon="11.3388">
        <ele>1634</ele>
        <time>2026-04-02T09:10:39+00:00</time>
      </trkpt>
      <trkpt lat="47.20358" lon="11.33873">
        <ele>1634</ele>
        <time>2026-04-02T09:10:42+00:00</time>
      </trkpt>
      <trkpt lat="47.2036" lon="11.33846">
        <ele>1635</ele>
        <time>2026-04-02T09:10:45+00:00</time>
      </trkpt>
      <trkpt lat="47.20361" lon="11.33812">
        <ele>1642</ele>
        <time>2026-04-02T09:10:48+00:00</time>
      </trkpt>
      <trkpt lat="47.2036" lon="11.33784">
        <ele>1645</ele>
        <time>2026-04-02T09:10:51+00:00</time>
      </trkpt>
      <trkpt lat="47.20364" lon="11.33775">
        <ele>1649</ele>
        <time>2026-04-02T09:10:54+00:00</time>
      </trkpt>
      <trkpt lat="47.20367" lon="11.33769">
        <ele>1651</ele>
        <time>2026-04-02T09:10:57+00:00</time>
      </trkpt>
      <trkpt lat="47.20374" lon="11.33741">
        <ele>1646</ele>
        <time>2026-04-02T09:11:00+00:00</time>
      </trkpt>
      <trkpt lat="47.2038" lon="11.3372">
        <ele>1642</ele>
        <time>2026-04-02T09:11:03+00:00</time>
      </trkpt>
      <trkpt lat="47.2038" lon="11.33713">
        <ele>1640</ele>
        <time>2026-04-02T09:11:06+00:00</time>
      </trkpt>
      <trkpt lat="47.20378" lon="11.33701">
        <ele>1647</ele>
        <time>2026-04-02T09:11:09+00:00</time>
      </trkpt>
      <trkpt lat="47.2038" lon="11.33694">
        <ele>1647</ele>
        <time>2026-04-02T09:11:12+00:00</time>
      </trkpt>
      <trkpt lat="47.20382" lon="11.33689">
        <ele>1641</ele>
        <time>2026-04-02T09:11:15+00:00</time>
      </trkpt>
      <trkpt lat="47.20391" lon="11.3368">
        <ele>1640</ele>
        <time>2026-04-02T09:11:18+00:00</time>
      </trkpt>
      <trkpt lat="47.20396" lon="11.33673">
        <ele>1636</ele>
        <time>2026-04-02T09:11:21+00:00</time>
      </trkpt>
      <trkpt lat="47.20397" lon="11.33668">
        <ele>1636</ele>
        <time>2026-04-02T09:11:24+00:00</time>
      </trkpt>
      <trkpt lat="47.20398" lon="11.3366">
        <ele>1635</ele>
        <time>2026-04-02T09:11:27+00:00</time>
      </trkpt>
      <trkpt lat="47.20396" lon="11.3364">
        <ele>1640</ele>
        <time>2026-04-02T09:11:30+00:00</time>
      </trkpt>
      <trkpt lat="47.20397" lon="11.33631">
        <ele>1640</ele>
        <time>2026-04-02T09:11:33+00:00</time>
      </trkpt>
      <trkpt lat="47.20398" lon="11.33628">
        <ele>1645</ele>
        <time>2026-04-02T09:11:36+00:00</time>
      </trkpt>
      <trkpt lat="47.20402" lon="11.33622">
        <ele>1639</ele>
        <time>2026-04-02T09:11:39+00:00</time>
      </trkpt>
      <trkpt lat="47.20406" lon="11.33618">
        <ele>1636</ele>
        <time>2026-04-02T09:11:42+00:00</time>
      </trkpt>
      <trkpt lat="47.20426" lon="11.33612">
        <ele>1633</ele>
        <time>2026-04-02T09:11:45+00:00</time>
      </trkpt>
      <trkpt lat="47.20432" lon="11.33607">
        <ele>1629</ele>
        <time>2026-04-02T09:11:48+00:00</time>
      </trkpt>
      <trkpt lat="47.20446" lon="11.33586">
        <ele>1626</ele>
        <time>2026-04-02T09:11:51+00:00</time>
      </trkpt>
      <trkpt lat="47.20461" lon="11.33565">
        <ele>1628</ele>
        <time>2026-04-02T09:11:54+00:00</time>
      </trkpt>
      <trkpt lat="47.20463" lon="11.33561">
        <ele>1623</ele>
        <time>2026-04-02T09:11:57+00:00</time>
      </trkpt>
      <trkpt lat="47.20464" lon="11.33556">
        <ele>1625</ele>
        <time>2026-04-02T09:12:00+00:00</time>
      </trkpt>
      <trkpt lat="47.20466" lon="11.33529">
        <ele>1631</ele>
        <time>2026-04-02T09:12:03+00:00</time>
      </trkpt>
      <trkpt lat="47.20468" lon="11.33519">
        <ele>1634</ele>
        <time>2026-04-02T09:12:06+00:00</time>
      </trkpt>
      <trkpt lat="47.20469" lon="11.33512">
        <ele>1634</ele>
        <time>2026-04-02T09:12:09+00:00</time>
      </trkpt>
      <trkpt lat="47.20474" lon="11.33503">
        <ele>1631</ele>
        <time>2026-04-02T09:12:12+00:00</time>
      </trkpt>
      <trkpt lat="47.20481" lon="11.335">
        <ele>1639</ele>
        <time>2026-04-02T09:12:15+00:00</time>
      </trkpt>
      <trkpt lat="47.2049" lon="11.33499">
        <ele>1639</ele>
        <time>2026-04-02T09:12:18+00:00</time>
      </trkpt>
      <trkpt lat="47.20513" lon="11.33494">
        <ele>1632</ele>
        <time>2026-04-02T09:12:21+00:00</time>
      </trkpt>
      <trkpt lat="47.2052" lon="11.3349">
        <ele>1633</ele>
        <time>2026-04-02T09:12:24+00:00</time>
      </trkpt>
      <trkpt lat="47.20536" lon="11.33475">
        <ele>1634</ele>
        <time>2026-04-02T09:12:27+00:00</time>
      </trkpt>
      <trkpt lat="47.2055" lon="11.33461">
        <ele>1636</ele>
        <time>2026-04-02T09:12:30+00:00</time>
      </trkpt>
      <trkpt lat="47.20562" lon="11.33451">
        <ele>1634</ele>
        <time>2026-04-02T09:12:33+00:00</time>
      </trkpt>
      <trkpt lat="47.20565" lon="11.33447">
        <ele>1637</ele>
        <time>2026-04-02T09:12:36+00:00</time>
      </trkpt>
      <trkpt lat="47.20573" lon="11.33436">
        <ele>1636</ele>
        <time>2026-04-02T09:12:39+00:00</time>
      </trkpt>
      <trkpt lat="47.20583" lon="11.3342">
        <ele>1635</ele>
        <time>2026-04-02T09:12:42+00:00</time>
      </trkpt>
      <trkpt lat="47.20588" lon="11.3341">
        <ele>1639</ele>
        <time>2026-04-02T09:12:45+00:00</time>
      </trkpt>
      <trkpt lat="47.20594" lon="11.33399">
        <ele>1635</ele>
        <time>2026-04-02T09:12:48+00:00</time>
      </trkpt>
      <trkpt lat="47.20599" lon="11.33387">
        <ele>1629</ele>
        <time>2026-04-02T09:12:51+00:00</time>
      </trkpt>
      <trkpt lat="47.20605" lon="11.33374">
        <ele>1629</ele>
        <time>2026-04-02T09:12:54+00:00</time>
      </trkpt>
      <trkpt lat="47.20622" lon="11.33347">
        <ele>1629</ele>
        <time>2026-04-02T09:12:57+00:00</time>
      </trkpt>
      <trkpt lat="47.20627" lon="11.33334">
        <ele>1629</ele>
        <time>2026-04-02T09:13:00+00:00</time>
      </trkpt>
      <trkpt lat="47.20632" lon="11.33322">
        <ele>1629</ele>
        <time>2026-04-02T09:13:03+00:00</time>
      </trkpt>
      <trkpt lat="47.20634" lon="11.33319">
        <ele>1633</ele>
        <time>2026-04-02T09:13:06+00:00</time>
      </trkpt>
      <trkpt lat="47.2064" lon="11.33315">
        <ele>1633</ele>
        <time>2026-04-02T09:13:09+00:00</time>
      </trkpt>
      <trkpt lat="47.20643" lon="11.33315">
        <ele>1630</ele>
        <time>2026-04-02T09:13:12+00:00</time>
      </trkpt>
      <trkpt lat="47.20668" lon="11.33319">
        <ele>1625</ele>
        <time>2026-04-02T09:13:15+00:00</time>
      </trkpt>
      <trkpt lat="47.20684" lon="11.33319">
        <ele>1627</ele>
        <time>2026-04-02T09:13:18+00:00</time>
      </trkpt>
      <trkpt lat="47.20687" lon="11.3332">
        <ele>1625</ele>
        <time>2026-04-02T09:13:21+00:00</time>
      </trkpt>
      <trkpt lat="47.20706" lon="11.33329">
        <ele>1626</ele>
        <time>2026-04-02T09:13:24+00:00</time>
      </trkpt>
      <trkpt lat="47.2071" lon="11.3333">
        <ele>1623</ele>
        <time>2026-04-02T09:13:27+00:00</time>
      </trkpt>
      <trkpt lat="47.20733" lon="11.33331">
        <ele>1627</ele>
        <time>2026-04-02T09:13:30+00:00</time>
      </trkpt>
      <trkpt lat="47.20759" lon="11.33331">
        <ele>1632</ele>
        <time>2026-04-02T09:13:33+00:00</time>
      </trkpt>
      <trkpt lat="47.20769" lon="11.33334">
        <ele>1634</ele>
        <time>2026-04-02T09:13:36+00:00</time>
      </trkpt>
      <trkpt lat="47.20783" lon="11.3334">
        <ele>1632</ele>
        <time>2026-04-02T09:13:39+00:00</time>
      </trkpt>
      <trkpt lat="47.20792" lon="11.33342">
        <ele>1636</ele>
        <time>2026-04-02T09:13:42+00:00</time>
      </trkpt>
      <trkpt lat="47.208" lon="11.33342">
        <ele>1636</ele>
        <time>2026-04-02T09:13:45+00:00</time>
      </trkpt>
      <trkpt lat="47.20808" lon="11.3334">
        <ele>1633</ele>
        <time>2026-04-02T09:13:48+00:00</time>
      </trkpt>
      <trkpt lat="47.20816" lon="11.33336">
        <ele>1635</ele>
        <time>2026-04-02T09:13:51+00:00</time>
      </trkpt>
      <trkpt lat="47.20836" lon="11.33325">
        <ele>1638</ele>
        <time>2026-04-02T09:13:54+00:00</time>
      </trkpt>
      <trkpt lat="47.2086" lon="11.33311">
        <ele>1635</ele>
        <time>2026-04-02T09:13:57+00:00</time>
      </trkpt>
      <trkpt lat="47.20865" lon="11.33311">
        <ele>1637</ele>
        <time>2026-04-02T09:14:00+00:00</time>
      </trkpt>
      <trkpt lat="47.2087" lon="11.33312">
        <ele>1636</ele>
        <time>2026-04-02T09:14:03+00:00</time>
      </trkpt>
      <trkpt lat="47.20872" lon="11.33314">
        <ele>1636</ele>
        <time>2026-04-02T09:14:06+00:00</time>
      </trkpt>
      <trkpt lat="47.20887" lon="11.33338">
        <ele>1632</ele>
        <time>2026-04-02T09:14:09+00:00</time>
      </trkpt>
      <trkpt lat="47.20893" lon="11.33346">
        <ele>1633</ele>
        <time>2026-04-02T09:14:12+00:00</time>
      </trkpt>
      <trkpt lat="47.209" lon="11.33352">
        <ele>1629</ele>
        <time>2026-04-02T09:14:15+00:00</time>
      </trkpt>
      <trkpt lat="47.20907" lon="11.33357">
        <ele>1631</ele>
        <time>2026-04-02T09:14:18+00:00</time>
      </trkpt>
      <trkpt lat="47.20916" lon="11.33362">
        <ele>1628</ele>
        <time>2026-04-02T09:14:21+00:00</time>
      </trkpt>
      <trkpt lat="47.20923" lon="11.33365">
        <ele>1631</ele>
        <time>2026-04-02T09:14:24+00:00</time>
      </trkpt>
      <trkpt lat="47.20936" lon="11.33368">
        <ele>1631</ele>
        <time>2026-04-02T09:14:27+00:00</time>
      </trkpt>
      <trkpt lat="47.2094" lon="11.3337">
        <ele>1621</ele>
        <time>2026-04-02T09:14:30+00:00</time>
      </trkpt>
      <trkpt lat="47.20945" lon="11.33372">
        <ele>1621</ele>
        <time>2026-04-02T09:14:33+00:00</time>
      </trkpt>
      <trkpt lat="47.20949" lon="11.33376">
        <ele>1621</ele>
        <time>2026-04-02T09:14:36+00:00</time>
      </trkpt>
      <trkpt lat="47.20959" lon="11.33382">
        <ele>1617</ele>
        <time>2026-04-02T09:14:39+00:00</time>
      </trkpt>
      <trkpt lat="47.20974" lon="11.33386">
        <ele>1617</ele>
        <time>2026-04-02T09:14:42+00:00</time>
      </trkpt>
      <trkpt lat="47.20981" lon="11.33387">
        <ele>1616</ele>
        <time>2026-04-02T09:14:45+00:00</time>
      </trkpt>
      <trkpt lat="47.2099" lon="11.33387">
        <ele>1614</ele>
        <time>2026-04-02T09:14:48+00:00</time>
      </trkpt>
      <trkpt lat="47.20996" lon="11.33386">
        <ele>1614</ele>
        <time>2026-04-02T09:14:51+00:00</time>
      </trkpt>
      <trkpt lat="47.21016" lon="11.33382">
        <ele>1616</ele>
        <time>2026-04-02T09:14:54+00:00</time>
      </trkpt>
      <trkpt lat="47.21042" lon="11.33376">
        <ele>1616</ele>
        <time>2026-04-02T09:14:57+00:00</time>
      </trkpt>
      <trkpt lat="47.2106" lon="11.33374">
        <ele>1615</ele>
        <time>2026-04-02T09:15:00+00:00</time>
      </trkpt>
      <trkpt lat="47.21076" lon="11.33368">
        <ele>1613</ele>
        <time>2026-04-02T09:15:03+00:00</time>
      </trkpt>
      <trkpt lat="47.21105" lon="11.33354">
        <ele>1612</ele>
        <time>2026-04-02T09:15:06+00:00</time>
      </trkpt>
      <trkpt lat="47.2112" lon="11.33349">
        <ele>1612</ele>
        <time>2026-04-02T09:15:09+00:00</time>
      </trkpt>
      <trkpt lat="47.21139" lon="11.33345">
        <ele>1613</ele>
        <time>2026-04-02T09:15:12+00:00</time>
      </trkpt>
      <trkpt lat="47.21138" lon="11.33324">
        <ele>1614</ele>
        <time>2026-04-02T09:15:15+00:00</time>
      </trkpt>
      <trkpt lat="47.21137" lon="11.33307">
        <ele>1615</ele>
        <time>2026-04-02T09:15:18+00:00</time>
      </trkpt>
      <trkpt lat="47.21138" lon="11.33277">
        <ele>1617</ele>
        <time>2026-04-02T09:15:21+00:00</time>
      </trkpt>
      <trkpt lat="47.21136" lon="11.3327">
        <ele>1618</ele>
        <time>2026-04-02T09:15:24+00:00</time>
      </trkpt>
      <trkpt lat="47.21134" lon="11.33263">
        <ele>1618</ele>
        <time>2026-04-02T09:15:27+00:00</time>
      </trkpt>
      <trkpt lat="47.21128" lon="11.33256">
        <ele>1624</ele>
        <time>2026-04-02T09:15:30+00:00</time>
      </trkpt>
      <trkpt lat="47.21126" lon="11.33251">
        <ele>1624</ele>
        <time>2026-04-02T09:15:33+00:00</time>
      </trkpt>
      <trkpt lat="47.21125" lon="11.33247">
        <ele>1624</ele>
        <time>2026-04-02T09:15:36+00:00</time>
      </trkpt>
      <trkpt lat="47.21125" lon="11.33239">
        <ele>1625</ele>
        <time>2026-04-02T09:15:39+00:00</time>
      </trkpt>
      <trkpt lat="47.21128" lon="11.33226">
        <ele>1625</ele>
        <time>2026-04-02T09:15:42+00:00</time>
      </trkpt>
      <trkpt lat="47.21129" lon="11.33217">
        <ele>1626</ele>
        <time>2026-04-02T09:15:45+00:00</time>
      </trkpt>
      <trkpt lat="47.21129" lon="11.33203">
        <ele>1627</ele>
        <time>2026-04-02T09:15:48+00:00</time>
      </trkpt>
      <trkpt lat="47.21131" lon="11.33199">
        <ele>1626</ele>
        <time>2026-04-02T09:15:51+00:00</time>
      </trkpt>
      <trkpt lat="47.21131" lon="11.33193">
        <ele>1626</ele>
        <time>2026-04-02T09:15:54+00:00</time>
      </trkpt>
      <trkpt lat="47.2113" lon="11.33178">
        <ele>1628</ele>
        <time>2026-04-02T09:15:57+00:00</time>
      </trkpt>
      <trkpt lat="47.2113" lon="11.33171">
        <ele>1628</ele>
        <time>2026-04-02T09:16:00+00:00</time>
      </trkpt>
      <trkpt lat="47.21134" lon="11.3316">
        <ele>1630</ele>
        <time>2026-04-02T09:16:03+00:00</time>
      </trkpt>
      <trkpt lat="47.21137" lon="11.33147">
        <ele>1633</ele>
        <time>2026-04-02T09:16:06+00:00</time>
      </trkpt>
      <trkpt lat="47.21133" lon="11.33131">
        <ele>1634</ele>
        <time>2026-04-02T09:16:09+00:00</time>
      </trkpt>
      <trkpt lat="47.2113" lon="11.3311">
        <ele>1636</ele>
        <time>2026-04-02T09:16:12+00:00</time>
      </trkpt>
      <trkpt lat="47.21132" lon="11.33093">
        <ele>1639</ele>
        <time>2026-04-02T09:16:15+00:00</time>
      </trkpt>
      <trkpt lat="47.21134" lon="11.33074">
        <ele>1644</ele>
        <time>2026-04-02T09:16:18+00:00</time>
      </trkpt>
      <trkpt lat="47.21136" lon="11.3307">
        <ele>1646</ele>
        <time>2026-04-02T09:16:21+00:00</time>
      </trkpt>
      <trkpt lat="47.21141" lon="11.33061">
        <ele>1642</ele>
        <time>2026-04-02T09:16:24+00:00</time>
      </trkpt>
      <trkpt lat="47.21152" lon="11.33038">
        <ele>1645</ele>
        <time>2026-04-02T09:16:27+00:00</time>
      </trkpt>
      <trkpt lat="47.21156" lon="11.33026">
        <ele>1645</ele>
        <time>2026-04-02T09:16:30+00:00</time>
      </trkpt>
      <trkpt lat="47.21161" lon="11.32996">
        <ele>1645</ele>
        <time>2026-04-02T09:16:33+00:00</time>
      </trkpt>
      <trkpt lat="47.21163" lon="11.32989">
        <ele>1645</ele>
        <time>2026-04-02T09:16:36+00:00</time>
      </trkpt>
      <trkpt lat="47.21169" lon="11.32979">
        <ele>1645</ele>
        <time>2026-04-02T09:16:39+00:00</time>
      </trkpt>
      <trkpt lat="47.21173" lon="11.32956">
        <ele>1645</ele>
        <time>2026-04-02T09:16:42+00:00</time>
      </trkpt>
      <trkpt lat="47.21176" lon="11.32932">
        <ele>1645</ele>
        <time>2026-04-02T09:16:45+00:00</time>
      </trkpt>
      <trkpt lat="47.21182" lon="11.32913">
        <ele>1644</ele>
        <time>2026-04-02T09:16:48+00:00</time>
      </trkpt>
      <trkpt lat="47.21194" lon="11.32894">
        <ele>1644</ele>
        <time>2026-04-02T09:16:51+00:00</time>
      </trkpt>
      <trkpt lat="47.21212" lon="11.32872">
        <ele>1644</ele>
        <time>2026-04-02T09:16:54+00:00</time>
      </trkpt>
      <trkpt lat="47.21211" lon="11.32848">
        <ele>1644</ele>
        <time>2026-04-02T09:16:57+00:00</time>
      </trkpt>
      <trkpt lat="47.21205" lon="11.32821">
        <ele>1644</ele>
        <time>2026-04-02T09:17:00+00:00</time>
      </trkpt>
      <trkpt lat="47.21196" lon="11.32792">
        <ele>1644</ele>
        <time>2026-04-02T09:17:03+00:00</time>
      </trkpt>
      <trkpt lat="47.21169" lon="11.32758">
        <ele>1646</ele>
        <time>2026-04-02T09:17:06+00:00</time>
      </trkpt>
      <trkpt lat="47.21167" lon="11.32758">
        <ele>1650</ele>
        <time>2026-04-02T09:17:09+00:00</time>
      </trkpt>
      <trkpt lat="47.21156" lon="11.32714">
        <ele>1642</ele>
        <time>2026-04-02T09:17:12+00:00</time>
      </trkpt>
      <trkpt lat="47.21171" lon="11.32681">
        <ele>1639</ele>
        <time>2026-04-02T09:17:15+00:00</time>
      </trkpt>
      <trkpt lat="47.21192" lon="11.32634">
        <ele>1628</ele>
        <time>2026-04-02T09:17:18+00:00</time>
      </trkpt>
      <trkpt lat="47.21214" lon="11.32605">
        <ele>1618</ele>
        <time>2026-04-02T09:17:21+00:00</time>
      </trkpt>
      <trkpt lat="47.21242" lon="11.32559">
        <ele>1604</ele>
        <time>2026-04-02T09:17:24+00:00</time>
      </trkpt>
      <trkpt lat="47.21245" lon="11.32528">
        <ele>1604</ele>
        <time>2026-04-02T09:17:27+00:00</time>
      </trkpt>
      <trkpt lat="47.21224" lon="11.32502">
        <ele>1605</ele>
        <time>2026-04-02T09:17:30+00:00</time>
      </trkpt>
      <trkpt lat="47.2122" lon="11.32491">
        <ele>1609</ele>
        <time>2026-04-02T09:17:33+00:00</time>
      </trkpt>
      <trkpt lat="47.21217" lon="11.32475">
        <ele>1602</ele>
        <time>2026-04-02T09:17:36+00:00</time>
      </trkpt>
      <trkpt lat="47.21216" lon="11.32458">
        <ele>1602</ele>
        <time>2026-04-02T09:17:39+00:00</time>
      </trkpt>
      <trkpt lat="47.21213" lon="11.3245">
        <ele>1600</ele>
        <time>2026-04-02T09:17:42+00:00</time>
      </trkpt>
      <trkpt lat="47.21204" lon="11.32448">
        <ele>1599</ele>
        <time>2026-04-02T09:17:45+00:00</time>
      </trkpt>
      <trkpt lat="47.21184" lon="11.32449">
        <ele>1596</ele>
        <time>2026-04-02T09:17:48+00:00</time>
      </trkpt>
      <trkpt lat="47.21161" lon="11.32455">
        <ele>1595</ele>
        <time>2026-04-02T09:17:51+00:00</time>
      </trkpt>
      <trkpt lat="47.21147" lon="11.32459">
        <ele>1593</ele>
        <time>2026-04-02T09:17:54+00:00</time>
      </trkpt>
      <trkpt lat="47.21136" lon="11.32459">
        <ele>1592</ele>
        <time>2026-04-02T09:17:57+00:00</time>
      </trkpt>
      <trkpt lat="47.21125" lon="11.32451">
        <ele>1592</ele>
        <time>2026-04-02T09:18:00+00:00</time>
      </trkpt>
      <trkpt lat="47.21117" lon="11.3245">
        <ele>1588</ele>
        <time>2026-04-02T09:18:03+00:00</time>
      </trkpt>
      <trkpt lat="47.21089" lon="11.32449">
        <ele>1586</ele>
        <time>2026-04-02T09:18:06+00:00</time>
      </trkpt>
      <trkpt lat="47.21061" lon="11.32443">
        <ele>1584</ele>
        <time>2026-04-02T09:18:09+00:00</time>
      </trkpt>
      <trkpt lat="47.21034" lon="11.3243">
        <ele>1582</ele>
        <time>2026-04-02T09:18:12+00:00</time>
      </trkpt>
      <trkpt lat="47.2102" lon="11.32425">
        <ele>1583</ele>
        <time>2026-04-02T09:18:15+00:00</time>
      </trkpt>
      <trkpt lat="47.21012" lon="11.32419">
        <ele>1581</ele>
        <time>2026-04-02T09:18:18+00:00</time>
      </trkpt>
      <trkpt lat="47.21003" lon="11.32407">
        <ele>1582</ele>
        <time>2026-04-02T09:18:21+00:00</time>
      </trkpt>
      <trkpt lat="47.20992" lon="11.32387">
        <ele>1575</ele>
        <time>2026-04-02T09:18:24+00:00</time>
      </trkpt>
      <trkpt lat="47.20985" lon="11.32373">
        <ele>1573</ele>
        <time>2026-04-02T09:18:27+00:00</time>
      </trkpt>
      <trkpt lat="47.20979" lon="11.32354">
        <ele>1572</ele>
        <time>2026-04-02T09:18:30+00:00</time>
      </trkpt>
      <trkpt lat="47.20971" lon="11.32339">
        <ele>1568</ele>
        <time>2026-04-02T09:18:33+00:00</time>
      </trkpt>
      <trkpt lat="47.20971" lon="11.32332">
        <ele>1568</ele>
        <time>2026-04-02T09:18:36+00:00</time>
      </trkpt>
      <trkpt lat="47.2096" lon="11.32337">
        <ele>1579</ele>
        <time>2026-04-02T09:18:39+00:00</time>
      </trkpt>
      <trkpt lat="47.20944" lon="11.32341">
        <ele>1579</ele>
        <time>2026-04-02T09:18:42+00:00</time>
      </trkpt>
      <trkpt lat="47.20932" lon="11.32342">
        <ele>1581</ele>
        <time>2026-04-02T09:18:45+00:00</time>
      </trkpt>
      <trkpt lat="47.20927" lon="11.32339">
        <ele>1592</ele>
        <time>2026-04-02T09:18:48+00:00</time>
      </trkpt>
      <trkpt lat="47.20924" lon="11.32335">
        <ele>1592</ele>
        <time>2026-04-02T09:18:51+00:00</time>
      </trkpt>
      <trkpt lat="47.20923" lon="11.32328">
        <ele>1589</ele>
        <time>2026-04-02T09:18:54+00:00</time>
      </trkpt>
      <trkpt lat="47.20928" lon="11.32305">
        <ele>1576</ele>
        <time>2026-04-02T09:18:57+00:00</time>
      </trkpt>
      <trkpt lat="47.20927" lon="11.32293">
        <ele>1581</ele>
        <time>2026-04-02T09:19:00+00:00</time>
      </trkpt>
      <trkpt lat="47.2092" lon="11.32275">
        <ele>1572</ele>
        <time>2026-04-02T09:19:03+00:00</time>
      </trkpt>
      <trkpt lat="47.20911" lon="11.32263">
        <ele>1569</ele>
        <time>2026-04-02T09:19:06+00:00</time>
      </trkpt>
      <trkpt lat="47.20895" lon="11.32253">
        <ele>1571</ele>
        <time>2026-04-02T09:19:09+00:00</time>
      </trkpt>
      <trkpt lat="47.20876" lon="11.32242">
        <ele>1571</ele>
        <time>2026-04-02T09:19:12+00:00</time>
      </trkpt>
      <trkpt lat="47.20852" lon="11.32225">
        <ele>1570</ele>
        <time>2026-04-02T09:19:15+00:00</time>
      </trkpt>
      <trkpt lat="47.20829" lon="11.32213">
        <ele>1570</ele>
        <time>2026-04-02T09:19:18+00:00</time>
      </trkpt>
      <trkpt lat="47.20819" lon="11.32205">
        <ele>1569</ele>
        <time>2026-04-02T09:19:21+00:00</time>
      </trkpt>
      <trkpt lat="47.20798" lon="11.32177">
        <ele>1570</ele>
        <time>2026-04-02T09:19:24+00:00</time>
      </trkpt>
      <trkpt lat="47.2079" lon="11.32168">
        <ele>1568</ele>
        <time>2026-04-02T09:19:27+00:00</time>
      </trkpt>
      <trkpt lat="47.2079" lon="11.32156">
        <ele>1571</ele>
        <time>2026-04-02T09:19:30+00:00</time>
      </trkpt>
      <trkpt lat="47.20793" lon="11.3215">
        <ele>1569</ele>
        <time>2026-04-02T09:19:33+00:00</time>
      </trkpt>
      <trkpt lat="47.20805" lon="11.32138">
        <ele>1569</ele>
        <time>2026-04-02T09:19:36+00:00</time>
      </trkpt>
      <trkpt lat="47.2082" lon="11.32123">
        <ele>1569</ele>
        <time>2026-04-02T09:19:39+00:00</time>
      </trkpt>
      <trkpt lat="47.2084" lon="11.32109">
        <ele>1569</ele>
        <time>2026-04-02T09:19:42+00:00</time>
      </trkpt>
      <trkpt lat="47.2085" lon="11.321">
        <ele>1563</ele>
        <time>2026-04-02T09:19:45+00:00</time>
      </trkpt>
      <trkpt lat="47.20853" lon="11.32087">
        <ele>1572</ele>
        <time>2026-04-02T09:19:48+00:00</time>
      </trkpt>
      <trkpt lat="47.20853" lon="11.32072">
        <ele>1570</ele>
        <time>2026-04-02T09:19:51+00:00</time>
      </trkpt>
      <trkpt lat="47.20851" lon="11.32066">
        <ele>1573</ele>
        <time>2026-04-02T09:19:54+00:00</time>
      </trkpt>
      <trkpt lat="47.20848" lon="11.32063">
        <ele>1575</ele>
        <time>2026-04-02T09:19:57+00:00</time>
      </trkpt>
      <trkpt lat="47.20843" lon="11.32061">
        <ele>1575</ele>
        <time>2026-04-02T09:20:00+00:00</time>
      </trkpt>
      <trkpt lat="47.20837" lon="11.3206">
        <ele>1577</ele>
        <time>2026-04-02T09:20:03+00:00</time>
      </trkpt>
      <trkpt lat="47.20824" lon="11.3206">
        <ele>1582</ele>
        <time>2026-04-02T09:20:06+00:00</time>
      </trkpt>
      <trkpt lat="47.20816" lon="11.32063">
        <ele>1582</ele>
        <time>2026-04-02T09:20:09+00:00</time>
      </trkpt>
      <trkpt lat="47.20788" lon="11.32067">
        <ele>1591</ele>
        <time>2026-04-02T09:20:12+00:00</time>
      </trkpt>
      <trkpt lat="47.20744" lon="11.3208">
        <ele>1600</ele>
        <time>2026-04-02T09:20:15+00:00</time>
      </trkpt>
      <trkpt lat="47.20736" lon="11.32082">
        <ele>1602</ele>
        <time>2026-04-02T09:20:18+00:00</time>
      </trkpt>
      <trkpt lat="47.2073" lon="11.32082">
        <ele>1605</ele>
        <time>2026-04-02T09:20:21+00:00</time>
      </trkpt>
      <trkpt lat="47.20718" lon="11.32081">
        <ele>1608</ele>
        <time>2026-04-02T09:20:24+00:00</time>
      </trkpt>
      <trkpt lat="47.20712" lon="11.32077">
        <ele>1610</ele>
        <time>2026-04-02T09:20:27+00:00</time>
      </trkpt>
      <trkpt lat="47.20705" lon="11.32072">
        <ele>1612</ele>
        <time>2026-04-02T09:20:30+00:00</time>
      </trkpt>
      <trkpt lat="47.20686" lon="11.32054">
        <ele>1623</ele>
        <time>2026-04-02T09:20:33+00:00</time>
      </trkpt>
      <trkpt lat="47.20681" lon="11.32052">
        <ele>1623</ele>
        <time>2026-04-02T09:20:36+00:00</time>
      </trkpt>
      <trkpt lat="47.20675" lon="11.32051">
        <ele>1626</ele>
        <time>2026-04-02T09:20:39+00:00</time>
      </trkpt>
      <trkpt lat="47.20651" lon="11.32057">
        <ele>1632</ele>
        <time>2026-04-02T09:20:42+00:00</time>
      </trkpt>
      <trkpt lat="47.20644" lon="11.32058">
        <ele>1635</ele>
        <time>2026-04-02T09:20:45+00:00</time>
      </trkpt>
      <trkpt lat="47.20629" lon="11.32061">
        <ele>1638</ele>
        <time>2026-04-02T09:20:48+00:00</time>
      </trkpt>
      <trkpt lat="47.20601" lon="11.32071">
        <ele>1641</ele>
        <time>2026-04-02T09:20:51+00:00</time>
      </trkpt>
      <trkpt lat="47.20576" lon="11.32076">
        <ele>1649</ele>
        <time>2026-04-02T09:20:54+00:00</time>
      </trkpt>
      <trkpt lat="47.20563" lon="11.32076">
        <ele>1651</ele>
        <time>2026-04-02T09:20:57+00:00</time>
      </trkpt>
      <trkpt lat="47.20547" lon="11.32073">
        <ele>1656</ele>
        <time>2026-04-02T09:21:00+00:00</time>
      </trkpt>
      <trkpt lat="47.2053" lon="11.3207">
        <ele>1659</ele>
        <time>2026-04-02T09:21:03+00:00</time>
      </trkpt>
      <trkpt lat="47.20506" lon="11.32069">
        <ele>1670</ele>
        <time>2026-04-02T09:21:06+00:00</time>
      </trkpt>
      <trkpt lat="47.20505" lon="11.32051">
        <ele>1677</ele>
        <time>2026-04-02T09:21:09+00:00</time>
      </trkpt>
      <trkpt lat="47.20507" lon="11.3204">
        <ele>1688</ele>
        <time>2026-04-02T09:21:12+00:00</time>
      </trkpt>
      <trkpt lat="47.20512" lon="11.32021">
        <ele>1688</ele>
        <time>2026-04-02T09:21:15+00:00</time>
      </trkpt>
      <trkpt lat="47.20522" lon="11.31997">
        <ele>1693</ele>
        <time>2026-04-02T09:21:18+00:00</time>
      </trkpt>
      <trkpt lat="47.2053" lon="11.31986">
        <ele>1696</ele>
        <time>2026-04-02T09:21:21+00:00</time>
      </trkpt>
      <trkpt lat="47.20535" lon="11.31968">
        <ele>1704</ele>
        <time>2026-04-02T09:21:24+00:00</time>
      </trkpt>
      <trkpt lat="47.2055" lon="11.31929">
        <ele>1719</ele>
        <time>2026-04-02T09:21:27+00:00</time>
      </trkpt>
      <trkpt lat="47.20557" lon="11.31916">
        <ele>1723</ele>
        <time>2026-04-02T09:21:30+00:00</time>
      </trkpt>
      <trkpt lat="47.20569" lon="11.31899">
        <ele>1726</ele>
        <time>2026-04-02T09:21:33+00:00</time>
      </trkpt>
      <trkpt lat="47.20581" lon="11.31875">
        <ele>1728</ele>
        <time>2026-04-02T09:21:36+00:00</time>
      </trkpt>
      <trkpt lat="47.20599" lon="11.31854">
        <ele>1735</ele>
        <time>2026-04-02T09:21:39+00:00</time>
      </trkpt>
      <trkpt lat="47.2061" lon="11.31836">
        <ele>1736</ele>
        <time>2026-04-02T09:21:42+00:00</time>
      </trkpt>
      <trkpt lat="47.20614" lon="11.31824">
        <ele>1738</ele>
        <time>2026-04-02T09:21:45+00:00</time>
      </trkpt>
      <trkpt lat="47.20614" lon="11.31809">
        <ele>1741</ele>
        <time>2026-04-02T09:21:48+00:00</time>
      </trkpt>
      <trkpt lat="47.20613" lon="11.31788">
        <ele>1748</ele>
        <time>2026-04-02T09:21:51+00:00</time>
      </trkpt>
      <trkpt lat="47.20614" lon="11.31763">
        <ele>1752</ele>
        <time>2026-04-02T09:21:54+00:00</time>
      </trkpt>
      <trkpt lat="47.20621" lon="11.3174">
        <ele>1753</ele>
        <time>2026-04-02T09:21:57+00:00</time>
      </trkpt>
      <trkpt lat="47.20628" lon="11.31714">
        <ele>1758</ele>
        <time>2026-04-02T09:22:00+00:00</time>
      </trkpt>
      <trkpt lat="47.20628" lon="11.31696">
        <ele>1760</ele>
        <time>2026-04-02T09:22:03+00:00</time>
      </trkpt>
      <trkpt lat="47.20626" lon="11.31672">
        <ele>1761</ele>
        <time>2026-04-02T09:22:06+00:00</time>
      </trkpt>
      <trkpt lat="47.20624" lon="11.31662">
        <ele>1762</ele>
        <time>2026-04-02T09:22:09+00:00</time>
      </trkpt>
      <trkpt lat="47.20621" lon="11.31653">
        <ele>1762</ele>
        <time>2026-04-02T09:22:12+00:00</time>
      </trkpt>
      <trkpt lat="47.20618" lon="11.31648">
        <ele>1767</ele>
        <time>2026-04-02T09:22:15+00:00</time>
      </trkpt>
      <trkpt lat="47.20615" lon="11.31639">
        <ele>1767</ele>
        <time>2026-04-02T09:22:18+00:00</time>
      </trkpt>
      <trkpt lat="47.20607" lon="11.31629">
        <ele>1770</ele>
        <time>2026-04-02T09:22:21+00:00</time>
      </trkpt>
      <trkpt lat="47.20591" lon="11.31618">
        <ele>1772</ele>
        <time>2026-04-02T09:22:24+00:00</time>
      </trkpt>
      <trkpt lat="47.20583" lon="11.31607">
        <ele>1775</ele>
        <time>2026-04-02T09:22:27+00:00</time>
      </trkpt>
      <trkpt lat="47.20576" lon="11.31596">
        <ele>1779</ele>
        <time>2026-04-02T09:22:30+00:00</time>
      </trkpt>
      <trkpt lat="47.20572" lon="11.31579">
        <ele>1780</ele>
        <time>2026-04-02T09:22:33+00:00</time>
      </trkpt>
      <trkpt lat="47.20569" lon="11.31564">
        <ele>1785</ele>
        <time>2026-04-02T09:22:36+00:00</time>
      </trkpt>
      <trkpt lat="47.20562" lon="11.31541">
        <ele>1785</ele>
        <time>2026-04-02T09:22:39+00:00</time>
      </trkpt>
      <trkpt lat="47.20549" lon="11.31505">
        <ele>1787</ele>
        <time>2026-04-02T09:22:42+00:00</time>
      </trkpt>
      <trkpt lat="47.20543" lon="11.31495">
        <ele>1792</ele>
        <time>2026-04-02T09:22:45+00:00</time>
      </trkpt>
      <trkpt lat="47.20539" lon="11.31479">
        <ele>1790</ele>
        <time>2026-04-02T09:22:48+00:00</time>
      </trkpt>
      <trkpt lat="47.20525" lon="11.31456">
        <ele>1791</ele>
        <time>2026-04-02T09:22:51+00:00</time>
      </trkpt>
      <trkpt lat="47.20522" lon="11.31444">
        <ele>1792</ele>
        <time>2026-04-02T09:22:54+00:00</time>
      </trkpt>
      <trkpt lat="47.20524" lon="11.31427">
        <ele>1792</ele>
        <time>2026-04-02T09:22:57+00:00</time>
      </trkpt>
      <trkpt lat="47.20522" lon="11.31409">
        <ele>1791</ele>
        <time>2026-04-02T09:23:00+00:00</time>
      </trkpt>
      <trkpt lat="47.20515" lon="11.31394">
        <ele>1795</ele>
        <time>2026-04-02T09:23:03+00:00</time>
      </trkpt>
      <trkpt lat="47.20514" lon="11.31382">
        <ele>1795</ele>
        <time>2026-04-02T09:23:06+00:00</time>
      </trkpt>
      <trkpt lat="47.20511" lon="11.31374">
        <ele>1794</ele>
        <time>2026-04-02T09:23:09+00:00</time>
      </trkpt>
      <trkpt lat="47.20509" lon="11.31368">
        <ele>1798</ele>
        <time>2026-04-02T09:23:12+00:00</time>
      </trkpt>
      <trkpt lat="47.20502" lon="11.31358">
        <ele>1796</ele>
        <time>2026-04-02T09:23:15+00:00</time>
      </trkpt>
      <trkpt lat="47.20499" lon="11.31352">
        <ele>1801</ele>
        <time>2026-04-02T09:23:18+00:00</time>
      </trkpt>
      <trkpt lat="47.20495" lon="11.31347">
        <ele>1800</ele>
        <time>2026-04-02T09:23:21+00:00</time>
      </trkpt>
      <trkpt lat="47.20479" lon="11.31319">
        <ele>1804</ele>
        <time>2026-04-02T09:23:24+00:00</time>
      </trkpt>
      <trkpt lat="47.20477" lon="11.31312">
        <ele>1804</ele>
        <time>2026-04-02T09:23:27+00:00</time>
      </trkpt>
      <trkpt lat="47.20474" lon="11.31306">
        <ele>1806</ele>
        <time>2026-04-02T09:23:30+00:00</time>
      </trkpt>
      <trkpt lat="47.20474" lon="11.31296">
        <ele>1808</ele>
        <time>2026-04-02T09:23:33+00:00</time>
      </trkpt>
      <trkpt lat="47.20477" lon="11.31287">
        <ele>1810</ele>
        <time>2026-04-02T09:23:36+00:00</time>
      </trkpt>
      <trkpt lat="47.20478" lon="11.31282">
        <ele>1810</ele>
        <time>2026-04-02T09:23:39+00:00</time>
      </trkpt>
      <trkpt lat="47.2048" lon="11.31277">
        <ele>1812</ele>
        <time>2026-04-02T09:23:42+00:00</time>
      </trkpt>
      <trkpt lat="47.20485" lon="11.3127">
        <ele>1810</ele>
        <time>2026-04-02T09:23:45+00:00</time>
      </trkpt>
      <trkpt lat="47.20489" lon="11.31264">
        <ele>1810</ele>
        <time>2026-04-02T09:23:48+00:00</time>
      </trkpt>
      <trkpt lat="47.20491" lon="11.31255">
        <ele>1807</ele>
        <time>2026-04-02T09:23:51+00:00</time>
      </trkpt>
      <trkpt lat="47.20492" lon="11.31216">
        <ele>1811</ele>
        <time>2026-04-02T09:23:54+00:00</time>
      </trkpt>
      <trkpt lat="47.20489" lon="11.31199">
        <ele>1812</ele>
        <time>2026-04-02T09:23:57+00:00</time>
      </trkpt>
      <trkpt lat="47.20487" lon="11.3119">
        <ele>1812</ele>
        <time>2026-04-02T09:24:00+00:00</time>
      </trkpt>
      <trkpt lat="47.2048" lon="11.31166">
        <ele>1814</ele>
        <time>2026-04-02T09:24:03+00:00</time>
      </trkpt>
      <trkpt lat="47.20474" lon="11.31146">
        <ele>1812</ele>
        <time>2026-04-02T09:24:06+00:00</time>
      </trkpt>
      <trkpt lat="47.20464" lon="11.31122">
        <ele>1814</ele>
        <time>2026-04-02T09:24:09+00:00</time>
      </trkpt>
      <trkpt lat="47.20459" lon="11.31102">
        <ele>1817</ele>
        <time>2026-04-02T09:24:12+00:00</time>
      </trkpt>
      <trkpt lat="47.20453" lon="11.31087">
        <ele>1814</ele>
        <time>2026-04-02T09:24:15+00:00</time>
      </trkpt>
      <trkpt lat="47.20447" lon="11.31056">
        <ele>1813</ele>
        <time>2026-04-02T09:24:18+00:00</time>
      </trkpt>
      <trkpt lat="47.20444" lon="11.31044">
        <ele>1811</ele>
        <time>2026-04-02T09:24:21+00:00</time>
      </trkpt>
      <trkpt lat="47.20439" lon="11.3103">
        <ele>1814</ele>
        <time>2026-04-02T09:24:24+00:00</time>
      </trkpt>
      <trkpt lat="47.20436" lon="11.31025">
        <ele>1812</ele>
        <time>2026-04-02T09:24:27+00:00</time>
      </trkpt>
      <trkpt lat="47.20428" lon="11.31004">
        <ele>1813</ele>
        <time>2026-04-02T09:24:30+00:00</time>
      </trkpt>
      <trkpt lat="47.20426" lon="11.30995">
        <ele>1815</ele>
        <time>2026-04-02T09:24:33+00:00</time>
      </trkpt>
      <trkpt lat="47.20421" lon="11.30963">
        <ele>1813</ele>
        <time>2026-04-02T09:24:36+00:00</time>
      </trkpt>
      <trkpt lat="47.20416" lon="11.30924">
        <ele>1813</ele>
        <time>2026-04-02T09:24:39+00:00</time>
      </trkpt>
      <trkpt lat="47.20413" lon="11.30915">
        <ele>1811</ele>
        <time>2026-04-02T09:24:42+00:00</time>
      </trkpt>
      <trkpt lat="47.20413" lon="11.30904">
        <ele>1810</ele>
        <time>2026-04-02T09:24:45+00:00</time>
      </trkpt>
      <trkpt lat="47.20412" lon="11.30898">
        <ele>1809</ele>
        <time>2026-04-02T09:24:48+00:00</time>
      </trkpt>
      <trkpt lat="47.20408" lon="11.30887">
        <ele>1812</ele>
        <time>2026-04-02T09:24:51+00:00</time>
      </trkpt>
      <trkpt lat="47.20401" lon="11.3087">
        <ele>1809</ele>
        <time>2026-04-02T09:24:54+00:00</time>
      </trkpt>
      <trkpt lat="47.20398" lon="11.30862">
        <ele>1812</ele>
        <time>2026-04-02T09:24:57+00:00</time>
      </trkpt>
      <trkpt lat="47.20397" lon="11.30853">
        <ele>1811</ele>
        <time>2026-04-02T09:25:00+00:00</time>
      </trkpt>
      <trkpt lat="47.20396" lon="11.30839">
        <ele>1809</ele>
        <time>2026-04-02T09:25:03+00:00</time>
      </trkpt>
      <trkpt lat="47.20395" lon="11.30828">
        <ele>1811</ele>
        <time>2026-04-02T09:25:06+00:00</time>
      </trkpt>
      <trkpt lat="47.20392" lon="11.30817">
        <ele>1806</ele>
        <time>2026-04-02T09:25:09+00:00</time>
      </trkpt>
      <trkpt lat="47.2039" lon="11.3081">
        <ele>1804</ele>
        <time>2026-04-02T09:25:12+00:00</time>
      </trkpt>
      <trkpt lat="47.20386" lon="11.3081">
        <ele>1809</ele>
        <time>2026-04-02T09:25:15+00:00</time>
      </trkpt>
      <trkpt lat="47.20374" lon="11.30817">
        <ele>1810</ele>
        <time>2026-04-02T09:25:18+00:00</time>
      </trkpt>
      <trkpt lat="47.20371" lon="11.30812">
        <ele>1810</ele>
        <time>2026-04-02T09:25:21+00:00</time>
      </trkpt>
      <trkpt lat="47.20369" lon="11.30793">
        <ele>1801</ele>
        <time>2026-04-02T09:25:24+00:00</time>
      </trkpt>
      <trkpt lat="47.2036" lon="11.30783">
        <ele>1804</ele>
        <time>2026-04-02T09:25:27+00:00</time>
      </trkpt>
      <trkpt lat="47.20355" lon="11.30781">
        <ele>1798</ele>
        <time>2026-04-02T09:25:30+00:00</time>
      </trkpt>
      <trkpt lat="47.20341" lon="11.30781">
        <ele>1799</ele>
        <time>2026-04-02T09:25:33+00:00</time>
      </trkpt>
      <trkpt lat="47.20327" lon="11.30778">
        <ele>1796</ele>
        <time>2026-04-02T09:25:36+00:00</time>
      </trkpt>
      <trkpt lat="47.20316" lon="11.30775">
        <ele>1796</ele>
        <time>2026-04-02T09:25:39+00:00</time>
      </trkpt>
      <trkpt lat="47.20312" lon="11.30772">
        <ele>1796</ele>
        <time>2026-04-02T09:25:42+00:00</time>
      </trkpt>
      <trkpt lat="47.20307" lon="11.30771">
        <ele>1796</ele>
        <time>2026-04-02T09:25:45+00:00</time>
      </trkpt>
      <trkpt lat="47.20299" lon="11.30772">
        <ele>1796</ele>
        <time>2026-04-02T09:25:48+00:00</time>
      </trkpt>
      <trkpt lat="47.20293" lon="11.30771">
        <ele>1796</ele>
        <time>2026-04-02T09:25:51+00:00</time>
      </trkpt>
      <trkpt lat="47.20276" lon="11.30774">
        <ele>1796</ele>
        <time>2026-04-02T09:25:54+00:00</time>
      </trkpt>
      <trkpt lat="47.20269" lon="11.30772">
        <ele>1796</ele>
        <time>2026-04-02T09:25:57+00:00</time>
      </trkpt>
      <trkpt lat="47.20263" lon="11.30773">
        <ele>1796</ele>
        <time>2026-04-02T09:26:00+00:00</time>
      </trkpt>
      <trkpt lat="47.2026" lon="11.30776">
        <ele>1796</ele>
        <time>2026-04-02T09:26:03+00:00</time>
      </trkpt>
      <trkpt lat="47.20256" lon="11.30775">
        <ele>1796</ele>
        <time>2026-04-02T09:26:06+00:00</time>
      </trkpt>
      <trkpt lat="47.20247" lon="11.30779">
        <ele>1796</ele>
        <time>2026-04-02T09:26:09+00:00</time>
      </trkpt>
      <trkpt lat="47.20241" lon="11.30783">
        <ele>1800</ele>
        <time>2026-04-02T09:26:12+00:00</time>
      </trkpt>
      <trkpt lat="47.20231" lon="11.30786">
        <ele>1798</ele>
        <time>2026-04-02T09:26:15+00:00</time>
      </trkpt>
      <trkpt lat="47.20216" lon="11.30786">
        <ele>1796</ele>
        <time>2026-04-02T09:26:18+00:00</time>
      </trkpt>
      <trkpt lat="47.202" lon="11.30786">
        <ele>1796</ele>
        <time>2026-04-02T09:26:21+00:00</time>
      </trkpt>
      <trkpt lat="47.20185" lon="11.30789">
        <ele>1795</ele>
        <time>2026-04-02T09:26:24+00:00</time>
      </trkpt>
      <trkpt lat="47.20176" lon="11.30791">
        <ele>1798</ele>
        <time>2026-04-02T09:26:27+00:00</time>
      </trkpt>
      <trkpt lat="47.20143" lon="11.30806">
        <ele>1796</ele>
        <time>2026-04-02T09:26:30+00:00</time>
      </trkpt>
      <trkpt lat="47.20138" lon="11.30807">
        <ele>1797</ele>
        <time>2026-04-02T09:26:33+00:00</time>
      </trkpt>
      <trkpt lat="47.20127" lon="11.30801">
        <ele>1796</ele>
        <time>2026-04-02T09:26:36+00:00</time>
      </trkpt>
      <trkpt lat="47.2012" lon="11.308">
        <ele>1794</ele>
        <time>2026-04-02T09:26:39+00:00</time>
      </trkpt>
      <trkpt lat="47.2011" lon="11.30804">
        <ele>1793</ele>
        <time>2026-04-02T09:26:42+00:00</time>
      </trkpt>
      <trkpt lat="47.20099" lon="11.30805">
        <ele>1794</ele>
        <time>2026-04-02T09:26:45+00:00</time>
      </trkpt>
      <trkpt lat="47.20088" lon="11.30807">
        <ele>1789</ele>
        <time>2026-04-02T09:26:48+00:00</time>
      </trkpt>
      <trkpt lat="47.20085" lon="11.3081">
        <ele>1789</ele>
        <time>2026-04-02T09:26:51+00:00</time>
      </trkpt>
      <trkpt lat="47.20084" lon="11.30815">
        <ele>1794</ele>
        <time>2026-04-02T09:26:54+00:00</time>
      </trkpt>
      <trkpt lat="47.20082" lon="11.30816">
        <ele>1794</ele>
        <time>2026-04-02T09:26:57+00:00</time>
      </trkpt>
      <trkpt lat="47.20047" lon="11.30819">
        <ele>1788</ele>
        <time>2026-04-02T09:27:00+00:00</time>
      </trkpt>
      <trkpt lat="47.20037" lon="11.30823">
        <ele>1792</ele>
        <time>2026-04-02T09:27:03+00:00</time>
      </trkpt>
      <trkpt lat="47.20029" lon="11.30822">
        <ele>1791</ele>
        <time>2026-04-02T09:27:06+00:00</time>
      </trkpt>
      <trkpt lat="47.20003" lon="11.30828">
        <ele>1788</ele>
        <time>2026-04-02T09:27:09+00:00</time>
      </trkpt>
      <trkpt lat="47.19998" lon="11.30828">
        <ele>1784</ele>
        <time>2026-04-02T09:27:12+00:00</time>
      </trkpt>
      <trkpt lat="47.19993" lon="11.30825">
        <ele>1784</ele>
        <time>2026-04-02T09:27:15+00:00</time>
      </trkpt>
      <trkpt lat="47.19991" lon="11.30825">
        <ele>1784</ele>
        <time>2026-04-02T09:27:18+00:00</time>
      </trkpt>
      <trkpt lat="47.19989" lon="11.30829">
        <ele>1784</ele>
        <time>2026-04-02T09:27:21+00:00</time>
      </trkpt>
      <trkpt lat="47.19985" lon="11.30832">
        <ele>1787</ele>
        <time>2026-04-02T09:27:24+00:00</time>
      </trkpt>
      <trkpt lat="47.19972" lon="11.30829">
        <ele>1782</ele>
        <time>2026-04-02T09:27:27+00:00</time>
      </trkpt>
      <trkpt lat="47.19961" lon="11.30831">
        <ele>1787</ele>
        <time>2026-04-02T09:27:30+00:00</time>
      </trkpt>
      <trkpt lat="47.19951" lon="11.30837">
        <ele>1785</ele>
        <time>2026-04-02T09:27:33+00:00</time>
      </trkpt>
      <trkpt lat="47.19934" lon="11.30842">
        <ele>1786</ele>
        <time>2026-04-02T09:27:36+00:00</time>
      </trkpt>
      <trkpt lat="47.19927" lon="11.3084">
        <ele>1783</ele>
        <time>2026-04-02T09:27:39+00:00</time>
      </trkpt>
      <trkpt lat="47.19918" lon="11.30841">
        <ele>1781</ele>
        <time>2026-04-02T09:27:42+00:00</time>
      </trkpt>
      <trkpt lat="47.19913" lon="11.30843">
        <ele>1781</ele>
        <time>2026-04-02T09:27:45+00:00</time>
      </trkpt>
      <trkpt lat="47.19903" lon="11.30844">
        <ele>1780</ele>
        <time>2026-04-02T09:27:48+00:00</time>
      </trkpt>
      <trkpt lat="47.19884" lon="11.30845">
        <ele>1779</ele>
        <time>2026-04-02T09:27:51+00:00</time>
      </trkpt>
      <trkpt lat="47.19865" lon="11.30846">
        <ele>1777</ele>
        <time>2026-04-02T09:27:54+00:00</time>
      </trkpt>
      <trkpt lat="47.19851" lon="11.3085">
        <ele>1773</ele>
        <time>2026-04-02T09:27:57+00:00</time>
      </trkpt>
      <trkpt lat="47.19842" lon="11.30851">
        <ele>1776</ele>
        <time>2026-04-02T09:28:00+00:00</time>
      </trkpt>
      <trkpt lat="47.19816" lon="11.30862">
        <ele>1772</ele>
        <time>2026-04-02T09:28:03+00:00</time>
      </trkpt>
      <trkpt lat="47.19774" lon="11.3088">
        <ele>1770</ele>
        <time>2026-04-02T09:28:06+00:00</time>
      </trkpt>
      <trkpt lat="47.19763" lon="11.30881">
        <ele>1773</ele>
        <time>2026-04-02T09:28:09+00:00</time>
      </trkpt>
      <trkpt lat="47.19754" lon="11.30885">
        <ele>1770</ele>
        <time>2026-04-02T09:28:12+00:00</time>
      </trkpt>
      <trkpt lat="47.19721" lon="11.30893">
        <ele>1769</ele>
        <time>2026-04-02T09:28:15+00:00</time>
      </trkpt>
      <trkpt lat="47.19712" lon="11.30898">
        <ele>1765</ele>
        <time>2026-04-02T09:28:18+00:00</time>
      </trkpt>
      <trkpt lat="47.19688" lon="11.30921">
        <ele>1769</ele>
        <time>2026-04-02T09:28:21+00:00</time>
      </trkpt>
      <trkpt lat="47.19677" lon="11.30925">
        <ele>1767</ele>
        <time>2026-04-02T09:28:24+00:00</time>
      </trkpt>
      <trkpt lat="47.19664" lon="11.30924">
        <ele>1767</ele>
        <time>2026-04-02T09:28:27+00:00</time>
      </trkpt>
      <trkpt lat="47.19656" lon="11.30929">
        <ele>1763</ele>
        <time>2026-04-02T09:28:30+00:00</time>
      </trkpt>
      <trkpt lat="47.19652" lon="11.30933">
        <ele>1768</ele>
        <time>2026-04-02T09:28:33+00:00</time>
      </trkpt>
      <trkpt lat="47.19646" lon="11.30932">
        <ele>1766</ele>
        <time>2026-04-02T09:28:36+00:00</time>
      </trkpt>
      <trkpt lat="47.1964" lon="11.30929">
        <ele>1762</ele>
        <time>2026-04-02T09:28:39+00:00</time>
      </trkpt>
      <trkpt lat="47.19633" lon="11.3093">
        <ele>1759</ele>
        <time>2026-04-02T09:28:42+00:00</time>
      </trkpt>
      <trkpt lat="47.19618" lon="11.30936">
        <ele>1757</ele>
        <time>2026-04-02T09:28:45+00:00</time>
      </trkpt>
      <trkpt lat="47.19611" lon="11.30933">
        <ele>1757</ele>
        <time>2026-04-02T09:28:48+00:00</time>
      </trkpt>
      <trkpt lat="47.19604" lon="11.30928">
        <ele>1752</ele>
        <time>2026-04-02T09:28:51+00:00</time>
      </trkpt>
      <trkpt lat="47.19587" lon="11.30929">
        <ele>1754</ele>
        <time>2026-04-02T09:28:54+00:00</time>
      </trkpt>
      <trkpt lat="47.19577" lon="11.3093">
        <ele>1754</ele>
        <time>2026-04-02T09:28:57+00:00</time>
      </trkpt>
      <trkpt lat="47.19572" lon="11.30928">
        <ele>1750</ele>
        <time>2026-04-02T09:29:00+00:00</time>
      </trkpt>
      <trkpt lat="47.19563" lon="11.30921">
        <ele>1751</ele>
        <time>2026-04-02T09:29:03+00:00</time>
      </trkpt>
      <trkpt lat="47.19554" lon="11.30916">
        <ele>1748</ele>
        <time>2026-04-02T09:29:06+00:00</time>
      </trkpt>
      <trkpt lat="47.19547" lon="11.3091">
        <ele>1745</ele>
        <time>2026-04-02T09:29:09+00:00</time>
      </trkpt>
      <trkpt lat="47.19539" lon="11.30905">
        <ele>1746</ele>
        <time>2026-04-02T09:29:12+00:00</time>
      </trkpt>
      <trkpt lat="47.19515" lon="11.3088">
        <ele>1736</ele>
        <time>2026-04-02T09:29:15+00:00</time>
      </trkpt>
      <trkpt lat="47.19505" lon="11.3088">
        <ele>1736</ele>
        <time>2026-04-02T09:29:18+00:00</time>
      </trkpt>
      <trkpt lat="47.19498" lon="11.30874">
        <ele>1737</ele>
        <time>2026-04-02T09:29:21+00:00</time>
      </trkpt>
      <trkpt lat="47.19495" lon="11.30865">
        <ele>1735</ele>
        <time>2026-04-02T09:29:24+00:00</time>
      </trkpt>
      <trkpt lat="47.19486" lon="11.30862">
        <ele>1733</ele>
        <time>2026-04-02T09:29:27+00:00</time>
      </trkpt>
      <trkpt lat="47.19475" lon="11.30862">
        <ele>1734</ele>
        <time>2026-04-02T09:29:30+00:00</time>
      </trkpt>
      <trkpt lat="47.19457" lon="11.30851">
        <ele>1729</ele>
        <time>2026-04-02T09:29:33+00:00</time>
      </trkpt>
      <trkpt lat="47.19442" lon="11.30847">
        <ele>1724</ele>
        <time>2026-04-02T09:29:36+00:00</time>
      </trkpt>
      <trkpt lat="47.19436" lon="11.30846">
        <ele>1723</ele>
        <time>2026-04-02T09:29:39+00:00</time>
      </trkpt>
      <trkpt lat="47.19432" lon="11.30844">
        <ele>1723</ele>
        <time>2026-04-02T09:29:42+00:00</time>
      </trkpt>
      <trkpt lat="47.19427" lon="11.30843">
        <ele>1722</ele>
        <time>2026-04-02T09:29:45+00:00</time>
      </trkpt>
      <trkpt lat="47.19424" lon="11.30841">
        <ele>1722</ele>
        <time>2026-04-02T09:29:48+00:00</time>
      </trkpt>
      <trkpt lat="47.19412" lon="11.30826">
        <ele>1715</ele>
        <time>2026-04-02T09:29:51+00:00</time>
      </trkpt>
      <trkpt lat="47.19407" lon="11.30822">
        <ele>1714</ele>
        <time>2026-04-02T09:29:54+00:00</time>
      </trkpt>
      <trkpt lat="47.19402" lon="11.30822">
        <ele>1714</ele>
        <time>2026-04-02T09:29:57+00:00</time>
      </trkpt>
      <trkpt lat="47.19391" lon="11.30823">
        <ele>1712</ele>
        <time>2026-04-02T09:30:00+00:00</time>
      </trkpt>
      <trkpt lat="47.19379" lon="11.30819">
        <ele>1700</ele>
        <time>2026-04-02T09:30:03+00:00</time>
      </trkpt>
      <trkpt lat="47.19374" lon="11.30819">
        <ele>1700</ele>
        <time>2026-04-02T09:30:06+00:00</time>
      </trkpt>
      <trkpt lat="47.1937" lon="11.30818">
        <ele>1700</ele>
        <time>2026-04-02T09:30:09+00:00</time>
      </trkpt>
      <trkpt lat="47.19354" lon="11.3081">
        <ele>1698</ele>
        <time>2026-04-02T09:30:12+00:00</time>
      </trkpt>
      <trkpt lat="47.19351" lon="11.30804">
        <ele>1694</ele>
        <time>2026-04-02T09:30:15+00:00</time>
      </trkpt>
      <trkpt lat="47.19351" lon="11.308">
        <ele>1691</ele>
        <time>2026-04-02T09:30:18+00:00</time>
      </trkpt>
      <trkpt lat="47.19348" lon="11.30793">
        <ele>1689</ele>
        <time>2026-04-02T09:30:21+00:00</time>
      </trkpt>
      <trkpt lat="47.19346" lon="11.30786">
        <ele>1686</ele>
        <time>2026-04-02T09:30:24+00:00</time>
      </trkpt>
      <trkpt lat="47.19345" lon="11.3078">
        <ele>1686</ele>
        <time>2026-04-02T09:30:27+00:00</time>
      </trkpt>
      <trkpt lat="47.19344" lon="11.30777">
        <ele>1682</ele>
        <time>2026-04-02T09:30:30+00:00</time>
      </trkpt>
      <trkpt lat="47.19339" lon="11.30774">
        <ele>1682</ele>
        <time>2026-04-02T09:30:33+00:00</time>
      </trkpt>
      <trkpt lat="47.19335" lon="11.30769">
        <ele>1678</ele>
        <time>2026-04-02T09:30:36+00:00</time>
      </trkpt>
      <trkpt lat="47.19331" lon="11.30768">
        <ele>1678</ele>
        <time>2026-04-02T09:30:39+00:00</time>
      </trkpt>
      <trkpt lat="47.19316" lon="11.30772">
        <ele>1680</ele>
        <time>2026-04-02T09:30:42+00:00</time>
      </trkpt>
      <trkpt lat="47.19309" lon="11.30776">
        <ele>1680</ele>
        <time>2026-04-02T09:30:45+00:00</time>
      </trkpt>
      <trkpt lat="47.19304" lon="11.30775">
        <ele>1680</ele>
        <time>2026-04-02T09:30:48+00:00</time>
      </trkpt>
      <trkpt lat="47.19296" lon="11.30778">
        <ele>1678</ele>
        <time>2026-04-02T09:30:51+00:00</time>
      </trkpt>
      <trkpt lat="47.1929" lon="11.30778">
        <ele>1678</ele>
        <time>2026-04-02T09:30:54+00:00</time>
      </trkpt>
      <trkpt lat="47.19287" lon="11.30776">
        <ele>1675</ele>
        <time>2026-04-02T09:30:57+00:00</time>
      </trkpt>
      <trkpt lat="47.19286" lon="11.30775">
        <ele>1675</ele>
        <time>2026-04-02T09:31:00+00:00</time>
      </trkpt>
      <trkpt lat="47.19287" lon="11.3077">
        <ele>1675</ele>
        <time>2026-04-02T09:31:03+00:00</time>
      </trkpt>
      <trkpt lat="47.19287" lon="11.30767">
        <ele>1673</ele>
        <time>2026-04-02T09:31:06+00:00</time>
      </trkpt>
      <trkpt lat="47.19286" lon="11.30766">
        <ele>1673</ele>
        <time>2026-04-02T09:31:09+00:00</time>
      </trkpt>
      <trkpt lat="47.19278" lon="11.30766">
        <ele>1670</ele>
        <time>2026-04-02T09:31:12+00:00</time>
      </trkpt>
      <trkpt lat="47.19279" lon="11.30757">
        <ele>1667</ele>
        <time>2026-04-02T09:31:15+00:00</time>
      </trkpt>
      <trkpt lat="47.19283" lon="11.30744">
        <ele>1667</ele>
        <time>2026-04-02T09:31:18+00:00</time>
      </trkpt>
      <trkpt lat="47.19286" lon="11.30727">
        <ele>1658</ele>
        <time>2026-04-02T09:31:21+00:00</time>
      </trkpt>
      <trkpt lat="47.19285" lon="11.30726">
        <ele>1658</ele>
        <time>2026-04-02T09:31:24+00:00</time>
      </trkpt>
      <trkpt lat="47.19284" lon="11.30725">
        <ele>1658</ele>
        <time>2026-04-02T09:31:27+00:00</time>
      </trkpt>
      <trkpt lat="47.19279" lon="11.30725">
        <ele>1657</ele>
        <time>2026-04-02T09:31:30+00:00</time>
      </trkpt>
      <trkpt lat="47.19276" lon="11.30723">
        <ele>1657</ele>
        <time>2026-04-02T09:31:33+00:00</time>
      </trkpt>
      <trkpt lat="47.19273" lon="11.3072">
        <ele>1657</ele>
        <time>2026-04-02T09:31:36+00:00</time>
      </trkpt>
      <trkpt lat="47.19274" lon="11.30717">
        <ele>1654</ele>
        <time>2026-04-02T09:31:39+00:00</time>
      </trkpt>
      <trkpt lat="47.19277" lon="11.30712">
        <ele>1654</ele>
        <time>2026-04-02T09:31:42+00:00</time>
      </trkpt>
      <trkpt lat="47.19277" lon="11.30709">
        <ele>1651</ele>
        <time>2026-04-02T09:31:45+00:00</time>
      </trkpt>
      <trkpt lat="47.19279" lon="11.307">
        <ele>1651</ele>
        <time>2026-04-02T09:31:48+00:00</time>
      </trkpt>
      <trkpt lat="47.19279" lon="11.30698">
        <ele>1649</ele>
        <time>2026-04-02T09:31:51+00:00</time>
      </trkpt>
      <trkpt lat="47.19277" lon="11.30696">
        <ele>1649</ele>
        <time>2026-04-02T09:31:54+00:00</time>
      </trkpt>
      <trkpt lat="47.19273" lon="11.30689">
        <ele>1646</ele>
        <time>2026-04-02T09:31:57+00:00</time>
      </trkpt>
      <trkpt lat="47.19267" lon="11.30657">
        <ele>1640</ele>
        <time>2026-04-02T09:32:00+00:00</time>
      </trkpt>
      <trkpt lat="47.19259" lon="11.30636">
        <ele>1636</ele>
        <time>2026-04-02T09:32:03+00:00</time>
      </trkpt>
      <trkpt lat="47.19251" lon="11.30623">
        <ele>1634</ele>
        <time>2026-04-02T09:32:06+00:00</time>
      </trkpt>
      <trkpt lat="47.19249" lon="11.30607">
        <ele>1632</ele>
        <time>2026-04-02T09:32:09+00:00</time>
      </trkpt>
      <trkpt lat="47.19246" lon="11.30594">
        <ele>1630</ele>
        <time>2026-04-02T09:32:12+00:00</time>
      </trkpt>
      <trkpt lat="47.19243" lon="11.30549">
        <ele>1620</ele>
        <time>2026-04-02T09:32:15+00:00</time>
      </trkpt>
      <trkpt lat="47.1924" lon="11.30504">
        <ele>1616</ele>
        <time>2026-04-02T09:32:18+00:00</time>
      </trkpt>
      <trkpt lat="47.19236" lon="11.30459">
        <ele>1607</ele>
        <time>2026-04-02T09:32:21+00:00</time>
      </trkpt>
      <trkpt lat="47.19235" lon="11.30398">
        <ele>1598</ele>
        <time>2026-04-02T09:32:24+00:00</time>
      </trkpt>
      <trkpt lat="47.19265" lon="11.304">
        <ele>1595</ele>
        <time>2026-04-02T09:32:27+00:00</time>
      </trkpt>
      <trkpt lat="47.19288" lon="11.30395">
        <ele>1593</ele>
        <time>2026-04-02T09:32:30+00:00</time>
      </trkpt>
      <trkpt lat="47.19324" lon="11.30373">
        <ele>1586</ele>
        <time>2026-04-02T09:32:33+00:00</time>
      </trkpt>
      <trkpt lat="47.1933" lon="11.30364">
        <ele>1583</ele>
        <time>2026-04-02T09:32:36+00:00</time>
      </trkpt>
      <trkpt lat="47.19336" lon="11.30321">
        <ele>1579</ele>
        <time>2026-04-02T09:32:39+00:00</time>
      </trkpt>
      <trkpt lat="47.19352" lon="11.30287">
        <ele>1579</ele>
        <time>2026-04-02T09:32:42+00:00</time>
      </trkpt>
      <trkpt lat="47.19383" lon="11.30311">
        <ele>1575</ele>
        <time>2026-04-02T09:32:45+00:00</time>
      </trkpt>
      <trkpt lat="47.1941" lon="11.30288">
        <ele>1574</ele>
        <time>2026-04-02T09:32:48+00:00</time>
      </trkpt>
      <trkpt lat="47.19432" lon="11.30311">
        <ele>1573</ele>
        <time>2026-04-02T09:32:51+00:00</time>
      </trkpt>
      <trkpt lat="47.19438" lon="11.30344">
        <ele>1573</ele>
        <time>2026-04-02T09:32:54+00:00</time>
      </trkpt>
      <trkpt lat="47.19443" lon="11.30377">
        <ele>1573</ele>
        <time>2026-04-02T09:32:57+00:00</time>
      </trkpt>
      <trkpt lat="47.19486" lon="11.30374">
        <ele>1573</ele>
        <time>2026-04-02T09:33:00+00:00</time>
      </trkpt>
      <trkpt lat="47.19502" lon="11.30368">
        <ele>1571</ele>
        <time>2026-04-02T09:33:03+00:00</time>
      </trkpt>
      <trkpt lat="47.19528" lon="11.30367">
        <ele>1567</ele>
        <time>2026-04-02T09:33:06+00:00</time>
      </trkpt>
      <trkpt lat="47.19569" lon="11.30346">
        <ele>1559</ele>
        <time>2026-04-02T09:33:09+00:00</time>
      </trkpt>
      <trkpt lat="47.1957" lon="11.30306">
        <ele>1557</ele>
        <time>2026-04-02T09:33:12+00:00</time>
      </trkpt>
      <trkpt lat="47.19571" lon="11.30251">
        <ele>1551</ele>
        <time>2026-04-02T09:33:15+00:00</time>
      </trkpt>
      <trkpt lat="47.19602" lon="11.30248">
        <ele>1550</ele>
        <time>2026-04-02T09:33:18+00:00</time>
      </trkpt>
      <trkpt lat="47.19646" lon="11.30241">
        <ele>1550</ele>
        <time>2026-04-02T09:33:21+00:00</time>
      </trkpt>
      <trkpt lat="47.19649" lon="11.30197">
        <ele>1550</ele>
        <time>2026-04-02T09:33:24+00:00</time>
      </trkpt>
      <trkpt lat="47.19653" lon="11.3018">
        <ele>1550</ele>
        <time>2026-04-02T09:33:27+00:00</time>
      </trkpt>
      <trkpt lat="47.19653" lon="11.30161">
        <ele>1550</ele>
        <time>2026-04-02T09:33:30+00:00</time>
      </trkpt>
      <trkpt lat="47.19655" lon="11.30141">
        <ele>1552</ele>
        <time>2026-04-02T09:33:33+00:00</time>
      </trkpt>
      <trkpt lat="47.19662" lon="11.30103">
        <ele>1558</ele>
        <time>2026-04-02T09:33:36+00:00</time>
      </trkpt>
      <trkpt lat="47.19671" lon="11.30091">
        <ele>1559</ele>
        <time>2026-04-02T09:33:39+00:00</time>
      </trkpt>
      <trkpt lat="47.19685" lon="11.3008">
        <ele>1558</ele>
        <time>2026-04-02T09:33:42+00:00</time>
      </trkpt>
      <trkpt lat="47.1971" lon="11.30063">
        <ele>1558</ele>
        <time>2026-04-02T09:33:45+00:00</time>
      </trkpt>
      <trkpt lat="47.19719" lon="11.30046">
        <ele>1561</ele>
        <time>2026-04-02T09:33:48+00:00</time>
      </trkpt>
      <trkpt lat="47.19725" lon="11.30029">
        <ele>1558</ele>
        <time>2026-04-02T09:33:51+00:00</time>
      </trkpt>
      <trkpt lat="47.19726" lon="11.30011">
        <ele>1563</ele>
        <time>2026-04-02T09:33:54+00:00</time>
      </trkpt>
      <trkpt lat="47.1972" lon="11.29973">
        <ele>1559</ele>
        <time>2026-04-02T09:33:57+00:00</time>
      </trkpt>
      <trkpt lat="47.1972" lon="11.29954">
        <ele>1568</ele>
        <time>2026-04-02T09:34:00+00:00</time>
      </trkpt>
      <trkpt lat="47.1973" lon="11.29944">
        <ele>1561</ele>
        <time>2026-04-02T09:34:03+00:00</time>
      </trkpt>
      <trkpt lat="47.19742" lon="11.29944">
        <ele>1568</ele>
        <time>2026-04-02T09:34:06+00:00</time>
      </trkpt>
      <trkpt lat="47.19754" lon="11.2995">
        <ele>1564</ele>
        <time>2026-04-02T09:34:09+00:00</time>
      </trkpt>
      <trkpt lat="47.19767" lon="11.29948">
        <ele>1567</ele>
        <time>2026-04-02T09:34:12+00:00</time>
      </trkpt>
      <trkpt lat="47.19781" lon="11.29944">
        <ele>1564</ele>
        <time>2026-04-02T09:34:15+00:00</time>
      </trkpt>
      <trkpt lat="47.19792" lon="11.29932">
        <ele>1566</ele>
        <time>2026-04-02T09:34:18+00:00</time>
      </trkpt>
      <trkpt lat="47.19802" lon="11.29918">
        <ele>1567</ele>
        <time>2026-04-02T09:34:21+00:00</time>
      </trkpt>
      <trkpt lat="47.19814" lon="11.29906">
        <ele>1570</ele>
        <time>2026-04-02T09:34:24+00:00</time>
      </trkpt>
      <trkpt lat="47.19825" lon="11.29897">
        <ele>1568</ele>
        <time>2026-04-02T09:34:27+00:00</time>
      </trkpt>
      <trkpt lat="47.19838" lon="11.2989">
        <ele>1568</ele>
        <time>2026-04-02T09:34:30+00:00</time>
      </trkpt>
      <trkpt lat="47.1985" lon="11.29881">
        <ele>1566</ele>
        <time>2026-04-02T09:34:33+00:00</time>
      </trkpt>
      <trkpt lat="47.19876" lon="11.29871">
        <ele>1564</ele>
        <time>2026-04-02T09:34:36+00:00</time>
      </trkpt>
      <trkpt lat="47.19889" lon="11.29867">
        <ele>1564</ele>
        <time>2026-04-02T09:34:39+00:00</time>
      </trkpt>
      <trkpt lat="47.19901" lon="11.29857">
        <ele>1563</ele>
        <time>2026-04-02T09:34:42+00:00</time>
      </trkpt>
      <trkpt lat="47.19914" lon="11.29851">
        <ele>1559</ele>
        <time>2026-04-02T09:34:45+00:00</time>
      </trkpt>
      <trkpt lat="47.19915" lon="11.29829">
        <ele>1563</ele>
        <time>2026-04-02T09:34:48+00:00</time>
      </trkpt>
      <trkpt lat="47.19906" lon="11.29792">
        <ele>1570</ele>
        <time>2026-04-02T09:34:51+00:00</time>
      </trkpt>
      <trkpt lat="47.19915" lon="11.29779">
        <ele>1581</ele>
        <time>2026-04-02T09:34:54+00:00</time>
      </trkpt>
      <trkpt lat="47.19939" lon="11.29758">
        <ele>1567</ele>
        <time>2026-04-02T09:34:57+00:00</time>
      </trkpt>
      <trkpt lat="47.19952" lon="11.29749">
        <ele>1570</ele>
        <time>2026-04-02T09:35:00+00:00</time>
      </trkpt>
      <trkpt lat="47.19966" lon="11.29742">
        <ele>1567</ele>
        <time>2026-04-02T09:35:03+00:00</time>
      </trkpt>
      <trkpt lat="47.19977" lon="11.29721">
        <ele>1564</ele>
        <time>2026-04-02T09:35:06+00:00</time>
      </trkpt>
      <trkpt lat="47.1998" lon="11.29694">
        <ele>1567</ele>
        <time>2026-04-02T09:35:09+00:00</time>
      </trkpt>
      <trkpt lat="47.19994" lon="11.29677">
        <ele>1568</ele>
        <time>2026-04-02T09:35:12+00:00</time>
      </trkpt>
      <trkpt lat="47.20004" lon="11.29655">
        <ele>1565</ele>
        <time>2026-04-02T09:35:15+00:00</time>
      </trkpt>
      <trkpt lat="47.2002" lon="11.29642">
        <ele>1556</ele>
        <time>2026-04-02T09:35:18+00:00</time>
      </trkpt>
      <trkpt lat="47.2003" lon="11.29619">
        <ele>1560</ele>
        <time>2026-04-02T09:35:21+00:00</time>
      </trkpt>
      <trkpt lat="47.20036" lon="11.29594">
        <ele>1568</ele>
        <time>2026-04-02T09:35:24+00:00</time>
      </trkpt>
      <trkpt lat="47.20052" lon="11.29583">
        <ele>1560</ele>
        <time>2026-04-02T09:35:27+00:00</time>
      </trkpt>
      <trkpt lat="47.20069" lon="11.29575">
        <ele>1565</ele>
        <time>2026-04-02T09:35:30+00:00</time>
      </trkpt>
      <trkpt lat="47.20084" lon="11.29557">
        <ele>1560</ele>
        <time>2026-04-02T09:35:33+00:00</time>
      </trkpt>
      <trkpt lat="47.20096" lon="11.29535">
        <ele>1555</ele>
        <time>2026-04-02T09:35:36+00:00</time>
      </trkpt>
      <trkpt lat="47.20123" lon="11.29512">
        <ele>1551</ele>
        <time>2026-04-02T09:35:39+00:00</time>
      </trkpt>
      <trkpt lat="47.2014" lon="11.295">
        <ele>1549</ele>
        <time>2026-04-02T09:35:42+00:00</time>
      </trkpt>
      <trkpt lat="47.20153" lon="11.29481">
        <ele>1552</ele>
        <time>2026-04-02T09:35:45+00:00</time>
      </trkpt>
      <trkpt lat="47.20163" lon="11.29455">
        <ele>1556</ele>
        <time>2026-04-02T09:35:48+00:00</time>
      </trkpt>
      <trkpt lat="47.20175" lon="11.29434">
        <ele>1556</ele>
        <time>2026-04-02T09:35:51+00:00</time>
      </trkpt>
      <trkpt lat="47.20188" lon="11.29411">
        <ele>1553</ele>
        <time>2026-04-02T09:35:54+00:00</time>
      </trkpt>
      <trkpt lat="47.20206" lon="11.29408">
        <ele>1550</ele>
        <time>2026-04-02T09:35:57+00:00</time>
      </trkpt>
      <trkpt lat="47.20224" lon="11.29417">
        <ele>1542</ele>
        <time>2026-04-02T09:36:00+00:00</time>
      </trkpt>
      <trkpt lat="47.20243" lon="11.29411">
        <ele>1542</ele>
        <time>2026-04-02T09:36:03+00:00</time>
      </trkpt>
      <trkpt lat="47.20256" lon="11.29393">
        <ele>1542</ele>
        <time>2026-04-02T09:36:06+00:00</time>
      </trkpt>
      <trkpt lat="47.20268" lon="11.29371">
        <ele>1543</ele>
        <time>2026-04-02T09:36:09+00:00</time>
      </trkpt>
      <trkpt lat="47.20277" lon="11.29347">
        <ele>1535</ele>
        <time>2026-04-02T09:36:12+00:00</time>
      </trkpt>
      <trkpt lat="47.20293" lon="11.29335">
        <ele>1534</ele>
        <time>2026-04-02T09:36:15+00:00</time>
      </trkpt>
      <trkpt lat="47.20312" lon="11.29326">
        <ele>1531</ele>
        <time>2026-04-02T09:36:18+00:00</time>
      </trkpt>
      <trkpt lat="47.20327" lon="11.29312">
        <ele>1524</ele>
        <time>2026-04-02T09:36:21+00:00</time>
      </trkpt>
      <trkpt lat="47.20335" lon="11.29287">
        <ele>1528</ele>
        <time>2026-04-02T09:36:24+00:00</time>
      </trkpt>
      <trkpt lat="47.20349" lon="11.29272">
        <ele>1529</ele>
        <time>2026-04-02T09:36:27+00:00</time>
      </trkpt>
      <trkpt lat="47.20365" lon="11.2928">
        <ele>1524</ele>
        <time>2026-04-02T09:36:30+00:00</time>
      </trkpt>
      <trkpt lat="47.20393" lon="11.29269">
        <ele>1523</ele>
        <time>2026-04-02T09:36:33+00:00</time>
      </trkpt>
      <trkpt lat="47.20412" lon="11.29273">
        <ele>1515</ele>
        <time>2026-04-02T09:36:36+00:00</time>
      </trkpt>
      <trkpt lat="47.20426" lon="11.29253">
        <ele>1512</ele>
        <time>2026-04-02T09:36:39+00:00</time>
      </trkpt>
      <trkpt lat="47.20442" lon="11.29249">
        <ele>1508</ele>
        <time>2026-04-02T09:36:42+00:00</time>
      </trkpt>
      <trkpt lat="47.2046" lon="11.29253">
        <ele>1510</ele>
        <time>2026-04-02T09:36:45+00:00</time>
      </trkpt>
      <trkpt lat="47.20477" lon="11.29248">
        <ele>1504</ele>
        <time>2026-04-02T09:36:48+00:00</time>
      </trkpt>
      <trkpt lat="47.20494" lon="11.29237">
        <ele>1509</ele>
        <time>2026-04-02T09:36:51+00:00</time>
      </trkpt>
      <trkpt lat="47.20511" lon="11.29228">
        <ele>1511</ele>
        <time>2026-04-02T09:36:54+00:00</time>
      </trkpt>
      <trkpt lat="47.20527" lon="11.29211">
        <ele>1508</ele>
        <time>2026-04-02T09:36:57+00:00</time>
      </trkpt>
      <trkpt lat="47.20539" lon="11.29209">
        <ele>1508</ele>
        <time>2026-04-02T09:37:00+00:00</time>
      </trkpt>
      <trkpt lat="47.20557" lon="11.29207">
        <ele>1503</ele>
        <time>2026-04-02T09:37:03+00:00</time>
      </trkpt>
      <trkpt lat="47.20575" lon="11.29202">
        <ele>1496</ele>
        <time>2026-04-02T09:37:06+00:00</time>
      </trkpt>
      <trkpt lat="47.2059" lon="11.29194">
        <ele>1497</ele>
        <time>2026-04-02T09:37:09+00:00</time>
      </trkpt>
      <trkpt lat="47.20606" lon="11.29184">
        <ele>1496</ele>
        <time>2026-04-02T09:37:12+00:00</time>
      </trkpt>
      <trkpt lat="47.20627" lon="11.29158">
        <ele>1496</ele>
        <time>2026-04-02T09:37:15+00:00</time>
      </trkpt>
      <trkpt lat="47.20653" lon="11.29147">
        <ele>1491</ele>
        <time>2026-04-02T09:37:18+00:00</time>
      </trkpt>
      <trkpt lat="47.20681" lon="11.29146">
        <ele>1479</ele>
        <time>2026-04-02T09:37:21+00:00</time>
      </trkpt>
      <trkpt lat="47.2071" lon="11.29137">
        <ele>1477</ele>
        <time>2026-04-02T09:37:24+00:00</time>
      </trkpt>
      <trkpt lat="47.20735" lon="11.29122">
        <ele>1478</ele>
        <time>2026-04-02T09:37:27+00:00</time>
      </trkpt>
      <trkpt lat="47.20757" lon="11.29104">
        <ele>1474</ele>
        <time>2026-04-02T09:37:30+00:00</time>
      </trkpt>
      <trkpt lat="47.20784" lon="11.29083">
        <ele>1471</ele>
        <time>2026-04-02T09:37:33+00:00</time>
      </trkpt>
      <trkpt lat="47.20805" lon="11.29062">
        <ele>1465</ele>
        <time>2026-04-02T09:37:36+00:00</time>
      </trkpt>
      <trkpt lat="47.20832" lon="11.29037">
        <ele>1461</ele>
        <time>2026-04-02T09:37:39+00:00</time>
      </trkpt>
      <trkpt lat="47.2086" lon="11.29016">
        <ele>1460</ele>
        <time>2026-04-02T09:37:42+00:00</time>
      </trkpt>
      <trkpt lat="47.20882" lon="11.28999">
        <ele>1458</ele>
        <time>2026-04-02T09:37:45+00:00</time>
      </trkpt>
      <trkpt lat="47.20909" lon="11.28978">
        <ele>1457</ele>
        <time>2026-04-02T09:37:48+00:00</time>
      </trkpt>
      <trkpt lat="47.20934" lon="11.28962">
        <ele>1446</ele>
        <time>2026-04-02T09:37:51+00:00</time>
      </trkpt>
      <trkpt lat="47.20955" lon="11.28936">
        <ele>1445</ele>
        <time>2026-04-02T09:37:54+00:00</time>
      </trkpt>
      <trkpt lat="47.2098" lon="11.28921">
        <ele>1441</ele>
        <time>2026-04-02T09:37:57+00:00</time>
      </trkpt>
      <trkpt lat="47.21004" lon="11.28897">
        <ele>1440</ele>
        <time>2026-04-02T09:38:00+00:00</time>
      </trkpt>
      <trkpt lat="47.21021" lon="11.28865">
        <ele>1440</ele>
        <time>2026-04-02T09:38:03+00:00</time>
      </trkpt>
      <trkpt lat="47.21038" lon="11.28828">
        <ele>1441</ele>
        <time>2026-04-02T09:38:06+00:00</time>
      </trkpt>
      <trkpt lat="47.21057" lon="11.28804">
        <ele>1440</ele>
        <time>2026-04-02T09:38:09+00:00</time>
      </trkpt>
      <trkpt lat="47.2108" lon="11.28776">
        <ele>1440</ele>
        <time>2026-04-02T09:38:12+00:00</time>
      </trkpt>
      <trkpt lat="47.21088" lon="11.28738">
        <ele>1443</ele>
        <time>2026-04-02T09:38:15+00:00</time>
      </trkpt>
      <trkpt lat="47.21094" lon="11.28689">
        <ele>1446</ele>
        <time>2026-04-02T09:38:18+00:00</time>
      </trkpt>
      <trkpt lat="47.21111" lon="11.28652">
        <ele>1449</ele>
        <time>2026-04-02T09:38:21+00:00</time>
      </trkpt>
      <trkpt lat="47.21116" lon="11.28611">
        <ele>1452</ele>
        <time>2026-04-02T09:38:24+00:00</time>
      </trkpt>
      <trkpt lat="47.21102" lon="11.28576">
        <ele>1452</ele>
        <time>2026-04-02T09:38:27+00:00</time>
      </trkpt>
      <trkpt lat="47.21094" lon="11.28539">
        <ele>1452</ele>
        <time>2026-04-02T09:38:30+00:00</time>
      </trkpt>
      <trkpt lat="47.21071" lon="11.28515">
        <ele>1452</ele>
        <time>2026-04-02T09:38:33+00:00</time>
      </trkpt>
      <trkpt lat="47.21046" lon="11.28495">
        <ele>1453</ele>
        <time>2026-04-02T09:38:36+00:00</time>
      </trkpt>
      <trkpt lat="47.21017" lon="11.28484">
        <ele>1454</ele>
        <time>2026-04-02T09:38:39+00:00</time>
      </trkpt>
      <trkpt lat="47.20988" lon="11.28477">
        <ele>1457</ele>
        <time>2026-04-02T09:38:42+00:00</time>
      </trkpt>
      <trkpt lat="47.20962" lon="11.28466">
        <ele>1459</ele>
        <time>2026-04-02T09:38:45+00:00</time>
      </trkpt>
      <trkpt lat="47.20934" lon="11.28447">
        <ele>1459</ele>
        <time>2026-04-02T09:38:48+00:00</time>
      </trkpt>
      <trkpt lat="47.20911" lon="11.28422">
        <ele>1459</ele>
        <time>2026-04-02T09:38:51+00:00</time>
      </trkpt>
      <trkpt lat="47.20893" lon="11.28392">
        <ele>1459</ele>
        <time>2026-04-02T09:38:54+00:00</time>
      </trkpt>
      <trkpt lat="47.20917" lon="11.28369">
        <ele>1461</ele>
        <time>2026-04-02T09:38:57+00:00</time>
      </trkpt>
      <trkpt lat="47.20946" lon="11.2836">
        <ele>1464</ele>
        <time>2026-04-02T09:39:00+00:00</time>
      </trkpt>
      <trkpt lat="47.20948" lon="11.2832">
        <ele>1474</ele>
        <time>2026-04-02T09:39:03+00:00</time>
      </trkpt>
      <trkpt lat="47.20959" lon="11.28285">
        <ele>1476</ele>
        <time>2026-04-02T09:39:06+00:00</time>
      </trkpt>
      <trkpt lat="47.2097" lon="11.28247">
        <ele>1478</ele>
        <time>2026-04-02T09:39:09+00:00</time>
      </trkpt>
      <trkpt lat="47.20975" lon="11.28206">
        <ele>1484</ele>
        <time>2026-04-02T09:39:12+00:00</time>
      </trkpt>
      <trkpt lat="47.20982" lon="11.2816">
        <ele>1491</ele>
        <time>2026-04-02T09:39:15+00:00</time>
      </trkpt>
      <trkpt lat="47.20974" lon="11.28124">
        <ele>1487</ele>
        <time>2026-04-02T09:39:18+00:00</time>
      </trkpt>
      <trkpt lat="47.20998" lon="11.281">
        <ele>1484</ele>
        <time>2026-04-02T09:39:21+00:00</time>
      </trkpt>
      <trkpt lat="47.21024" lon="11.28089">
        <ele>1485</ele>
        <time>2026-04-02T09:39:24+00:00</time>
      </trkpt>
      <trkpt lat="47.21031" lon="11.28054">
        <ele>1486</ele>
        <time>2026-04-02T09:39:27+00:00</time>
      </trkpt>
      <trkpt lat="47.2104" lon="11.28013">
        <ele>1487</ele>
        <time>2026-04-02T09:39:30+00:00</time>
      </trkpt>
      <trkpt lat="47.21057" lon="11.2798">
        <ele>1484</ele>
        <time>2026-04-02T09:39:33+00:00</time>
      </trkpt>
      <trkpt lat="47.21068" lon="11.27945">
        <ele>1484</ele>
        <time>2026-04-02T09:39:36+00:00</time>
      </trkpt>
      <trkpt lat="47.21052" lon="11.27895">
        <ele>1484</ele>
        <time>2026-04-02T09:39:39+00:00</time>
      </trkpt>
      <trkpt lat="47.21041" lon="11.27855">
        <ele>1477</ele>
        <time>2026-04-02T09:39:42+00:00</time>
      </trkpt>
      <trkpt lat="47.21035" lon="11.27814">
        <ele>1475</ele>
        <time>2026-04-02T09:39:45+00:00</time>
      </trkpt>
      <trkpt lat="47.21043" lon="11.27776">
        <ele>1473</ele>
        <time>2026-04-02T09:39:48+00:00</time>
      </trkpt>
      <trkpt lat="47.21068" lon="11.2776">
        <ele>1467</ele>
        <time>2026-04-02T09:39:51+00:00</time>
      </trkpt>
      <trkpt lat="47.21094" lon="11.27748">
        <ele>1467</ele>
        <time>2026-04-02T09:39:54+00:00</time>
      </trkpt>
      <trkpt lat="47.21114" lon="11.27731">
        <ele>1468</ele>
        <time>2026-04-02T09:39:57+00:00</time>
      </trkpt>
      <trkpt lat="47.21136" lon="11.27712">
        <ele>1468</ele>
        <time>2026-04-02T09:40:00+00:00</time>
      </trkpt>
      <trkpt lat="47.21152" lon="11.27699">
        <ele>1466</ele>
        <time>2026-04-02T09:40:03+00:00</time>
      </trkpt>
      <trkpt lat="47.21168" lon="11.2767">
        <ele>1464</ele>
        <time>2026-04-02T09:40:06+00:00</time>
      </trkpt>
      <trkpt lat="47.21178" lon="11.27647">
        <ele>1464</ele>
        <time>2026-04-02T09:40:09+00:00</time>
      </trkpt>
      <trkpt lat="47.21177" lon="11.2762">
        <ele>1463</ele>
        <time>2026-04-02T09:40:12+00:00</time>
      </trkpt>
      <trkpt lat="47.21174" lon="11.27595">
        <ele>1465</ele>
        <time>2026-04-02T09:40:15+00:00</time>
      </trkpt>
      <trkpt lat="47.21169" lon="11.27563">
        <ele>1466</ele>
        <time>2026-04-02T09:40:18+00:00</time>
      </trkpt>
      <trkpt lat="47.21176" lon="11.27539">
        <ele>1471</ele>
        <time>2026-04-02T09:40:21+00:00</time>
      </trkpt>
      <trkpt lat="47.21193" lon="11.27527">
        <ele>1467</ele>
        <time>2026-04-02T09:40:24+00:00</time>
      </trkpt>
      <trkpt lat="47.21206" lon="11.27504">
        <ele>1469</ele>
        <time>2026-04-02T09:40:27+00:00</time>
      </trkpt>
      <trkpt lat="47.21206" lon="11.27478">
        <ele>1475</ele>
        <time>2026-04-02T09:40:30+00:00</time>
      </trkpt>
      <trkpt lat="47.21207" lon="11.27451">
        <ele>1477</ele>
        <time>2026-04-02T09:40:33+00:00</time>
      </trkpt>
      <trkpt lat="47.21205" lon="11.27426">
        <ele>1479</ele>
        <time>2026-04-02T09:40:36+00:00</time>
      </trkpt>
      <trkpt lat="47.21199" lon="11.27399">
        <ele>1484</ele>
        <time>2026-04-02T09:40:39+00:00</time>
      </trkpt>
      <trkpt lat="47.21192" lon="11.27375">
        <ele>1485</ele>
        <time>2026-04-02T09:40:42+00:00</time>
      </trkpt>
      <trkpt lat="47.21188" lon="11.27351">
        <ele>1483</ele>
        <time>2026-04-02T09:40:45+00:00</time>
      </trkpt>
      <trkpt lat="47.21184" lon="11.27324">
        <ele>1483</ele>
        <time>2026-04-02T09:40:48+00:00</time>
      </trkpt>
      <trkpt lat="47.21187" lon="11.27295">
        <ele>1483</ele>
        <time>2026-04-02T09:40:51+00:00</time>
      </trkpt>
      <trkpt lat="47.212" lon="11.27267">
        <ele>1486</ele>
        <time>2026-04-02T09:40:54+00:00</time>
      </trkpt>
      <trkpt lat="47.21209" lon="11.27243">
        <ele>1484</ele>
        <time>2026-04-02T09:40:57+00:00</time>
      </trkpt>
      <trkpt lat="47.21227" lon="11.2723">
        <ele>1483</ele>
        <time>2026-04-02T09:41:00+00:00</time>
      </trkpt>
      <trkpt lat="47.21243" lon="11.27215">
        <ele>1482</ele>
        <time>2026-04-02T09:41:03+00:00</time>
      </trkpt>
      <trkpt lat="47.21257" lon="11.27197">
        <ele>1480</ele>
        <time>2026-04-02T09:41:06+00:00</time>
      </trkpt>
      <trkpt lat="47.21268" lon="11.27177">
        <ele>1482</ele>
        <time>2026-04-02T09:41:09+00:00</time>
      </trkpt>
      <trkpt lat="47.2128" lon="11.27153">
        <ele>1483</ele>
        <time>2026-04-02T09:41:12+00:00</time>
      </trkpt>
      <trkpt lat="47.21289" lon="11.2713">
        <ele>1484</ele>
        <time>2026-04-02T09:41:15+00:00</time>
      </trkpt>
      <trkpt lat="47.21296" lon="11.27104">
        <ele>1484</ele>
        <time>2026-04-02T09:41:18+00:00</time>
      </trkpt>
      <trkpt lat="47.213" lon="11.2705">
        <ele>1483</ele>
        <time>2026-04-02T09:41:21+00:00</time>
      </trkpt>
      <trkpt lat="47.21303" lon="11.27023">
        <ele>1483</ele>
        <time>2026-04-02T09:41:24+00:00</time>
      </trkpt>
      <trkpt lat="47.21304" lon="11.26997">
        <ele>1487</ele>
        <time>2026-04-02T09:41:27+00:00</time>
      </trkpt>
      <trkpt lat="47.21307" lon="11.26967">
        <ele>1492</ele>
        <time>2026-04-02T09:41:30+00:00</time>
      </trkpt>
      <trkpt lat="47.2131" lon="11.26939">
        <ele>1492</ele>
        <time>2026-04-02T09:41:33+00:00</time>
      </trkpt>
      <trkpt lat="47.21312" lon="11.26913">
        <ele>1498</ele>
        <time>2026-04-02T09:41:36+00:00</time>
      </trkpt>
      <trkpt lat="47.21332" lon="11.26888">
        <ele>1493</ele>
        <time>2026-04-02T09:41:39+00:00</time>
      </trkpt>
      <trkpt lat="47.21339" lon="11.26856">
        <ele>1494</ele>
        <time>2026-04-02T09:41:42+00:00</time>
      </trkpt>
      <trkpt lat="47.21346" lon="11.26837">
        <ele>1492</ele>
        <time>2026-04-02T09:41:45+00:00</time>
      </trkpt>
      <trkpt lat="47.21348" lon="11.2681">
        <ele>1492</ele>
        <time>2026-04-02T09:41:48+00:00</time>
      </trkpt>
      <trkpt lat="47.21353" lon="11.26785">
        <ele>1494</ele>
        <time>2026-04-02T09:41:51+00:00</time>
      </trkpt>
      <trkpt lat="47.21361" lon="11.26761">
        <ele>1493</ele>
        <time>2026-04-02T09:41:54+00:00</time>
      </trkpt>
      <trkpt lat="47.21366" lon="11.26736">
        <ele>1492</ele>
        <time>2026-04-02T09:41:57+00:00</time>
      </trkpt>
      <trkpt lat="47.2137" lon="11.26709">
        <ele>1494</ele>
        <time>2026-04-02T09:42:00+00:00</time>
      </trkpt>
      <trkpt lat="47.21375" lon="11.26684">
        <ele>1493</ele>
        <time>2026-04-02T09:42:03+00:00</time>
      </trkpt>
      <trkpt lat="47.21375" lon="11.26658">
        <ele>1496</ele>
        <time>2026-04-02T09:42:06+00:00</time>
      </trkpt>
      <trkpt lat="47.21379" lon="11.26625">
        <ele>1498</ele>
        <time>2026-04-02T09:42:09+00:00</time>
      </trkpt>
      <trkpt lat="47.21384" lon="11.26599">
        <ele>1499</ele>
        <time>2026-04-02T09:42:12+00:00</time>
      </trkpt>
      <trkpt lat="47.21389" lon="11.26572">
        <ele>1501</ele>
        <time>2026-04-02T09:42:15+00:00</time>
      </trkpt>
      <trkpt lat="47.21398" lon="11.26546">
        <ele>1500</ele>
        <time>2026-04-02T09:42:18+00:00</time>
      </trkpt>
      <trkpt lat="47.21418" lon="11.26512">
        <ele>1501</ele>
        <time>2026-04-02T09:42:21+00:00</time>
      </trkpt>
      <trkpt lat="47.21406" lon="11.26465">
        <ele>1503</ele>
        <time>2026-04-02T09:42:24+00:00</time>
      </trkpt>
      <trkpt lat="47.21399" lon="11.26432">
        <ele>1499</ele>
        <time>2026-04-02T09:42:27+00:00</time>
      </trkpt>
      <trkpt lat="47.21395" lon="11.26427">
        <ele>1503</ele>
        <time>2026-04-02T09:42:30+00:00</time>
      </trkpt>
      <trkpt lat="47.21401" lon="11.26427">
        <ele>1499</ele>
        <time>2026-04-02T09:42:33+00:00</time>
      </trkpt>
      <trkpt lat="47.21407" lon="11.2643">
        <ele>1501</ele>
        <time>2026-04-02T09:42:36+00:00</time>
      </trkpt>
      <trkpt lat="47.21422" lon="11.26439">
        <ele>1495</ele>
        <time>2026-04-02T09:42:39+00:00</time>
      </trkpt>
      <trkpt lat="47.21439" lon="11.2645">
        <ele>1495</ele>
        <time>2026-04-02T09:42:42+00:00</time>
      </trkpt>
      <trkpt lat="47.21474" lon="11.26463">
        <ele>1488</ele>
        <time>2026-04-02T09:42:45+00:00</time>
      </trkpt>
      <trkpt lat="47.21483" lon="11.26463">
        <ele>1485</ele>
        <time>2026-04-02T09:42:48+00:00</time>
      </trkpt>
      <trkpt lat="47.2149" lon="11.26462">
        <ele>1485</ele>
        <time>2026-04-02T09:42:51+00:00</time>
      </trkpt>
      <trkpt lat="47.21501" lon="11.26457">
        <ele>1480</ele>
        <time>2026-04-02T09:42:54+00:00</time>
      </trkpt>
      <trkpt lat="47.21522" lon="11.26449">
        <ele>1475</ele>
        <time>2026-04-02T09:42:57+00:00</time>
      </trkpt>
      <trkpt lat="47.21536" lon="11.26447">
        <ele>1472</ele>
        <time>2026-04-02T09:43:00+00:00</time>
      </trkpt>
      <trkpt lat="47.21549" lon="11.26442">
        <ele>1470</ele>
        <time>2026-04-02T09:43:03+00:00</time>
      </trkpt>
      <trkpt lat="47.21555" lon="11.26436">
        <ele>1469</ele>
        <time>2026-04-02T09:43:06+00:00</time>
      </trkpt>
      <trkpt lat="47.21579" lon="11.26404">
        <ele>1468</ele>
        <time>2026-04-02T09:43:09+00:00</time>
      </trkpt>
      <trkpt lat="47.21586" lon="11.26398">
        <ele>1466</ele>
        <time>2026-04-02T09:43:12+00:00</time>
      </trkpt>
      <trkpt lat="47.21592" lon="11.26394">
        <ele>1463</ele>
        <time>2026-04-02T09:43:15+00:00</time>
      </trkpt>
      <trkpt lat="47.21612" lon="11.2639">
        <ele>1456</ele>
        <time>2026-04-02T09:43:18+00:00</time>
      </trkpt>
      <trkpt lat="47.21624" lon="11.26386">
        <ele>1451</ele>
        <time>2026-04-02T09:43:21+00:00</time>
      </trkpt>
      <trkpt lat="47.21627" lon="11.26384">
        <ele>1451</ele>
        <time>2026-04-02T09:43:24+00:00</time>
      </trkpt>
      <trkpt lat="47.21636" lon="11.26359">
        <ele>1449</ele>
        <time>2026-04-02T09:43:27+00:00</time>
      </trkpt>
      <trkpt lat="47.21646" lon="11.26338">
        <ele>1445</ele>
        <time>2026-04-02T09:43:30+00:00</time>
      </trkpt>
      <trkpt lat="47.2165" lon="11.26308">
        <ele>1439</ele>
        <time>2026-04-02T09:43:33+00:00</time>
      </trkpt>
      <trkpt lat="47.21652" lon="11.26299">
        <ele>1435</ele>
        <time>2026-04-02T09:43:36+00:00</time>
      </trkpt>
      <trkpt lat="47.21657" lon="11.26292">
        <ele>1435</ele>
        <time>2026-04-02T09:43:39+00:00</time>
      </trkpt>
      <trkpt lat="47.21673" lon="11.26295">
        <ele>1430</ele>
        <time>2026-04-02T09:43:42+00:00</time>
      </trkpt>
      <trkpt lat="47.21685" lon="11.26294">
        <ele>1427</ele>
        <time>2026-04-02T09:43:45+00:00</time>
      </trkpt>
      <trkpt lat="47.2169" lon="11.2629">
        <ele>1427</ele>
        <time>2026-04-02T09:43:48+00:00</time>
      </trkpt>
      <trkpt lat="47.21696" lon="11.26269">
        <ele>1421</ele>
        <time>2026-04-02T09:43:51+00:00</time>
      </trkpt>
      <trkpt lat="47.21698" lon="11.26254">
        <ele>1420</ele>
        <time>2026-04-02T09:43:54+00:00</time>
      </trkpt>
      <trkpt lat="47.21697" lon="11.2625">
        <ele>1420</ele>
        <time>2026-04-02T09:43:57+00:00</time>
      </trkpt>
      <trkpt lat="47.21698" lon="11.26247">
        <ele>1418</ele>
        <time>2026-04-02T09:44:00+00:00</time>
      </trkpt>
      <trkpt lat="47.217" lon="11.26246">
        <ele>1418</ele>
        <time>2026-04-02T09:44:03+00:00</time>
      </trkpt>
      <trkpt lat="47.21703" lon="11.26248">
        <ele>1417</ele>
        <time>2026-04-02T09:44:06+00:00</time>
      </trkpt>
      <trkpt lat="47.21718" lon="11.26247">
        <ele>1416</ele>
        <time>2026-04-02T09:44:09+00:00</time>
      </trkpt>
      <trkpt lat="47.21725" lon="11.26244">
        <ele>1415</ele>
        <time>2026-04-02T09:44:12+00:00</time>
      </trkpt>
      <trkpt lat="47.21742" lon="11.26247">
        <ele>1409</ele>
        <time>2026-04-02T09:44:15+00:00</time>
      </trkpt>
      <trkpt lat="47.21752" lon="11.2625">
        <ele>1408</ele>
        <time>2026-04-02T09:44:18+00:00</time>
      </trkpt>
      <trkpt lat="47.21761" lon="11.2625">
        <ele>1403</ele>
        <time>2026-04-02T09:44:21+00:00</time>
      </trkpt>
      <trkpt lat="47.21774" lon="11.26243">
        <ele>1396</ele>
        <time>2026-04-02T09:44:24+00:00</time>
      </trkpt>
      <trkpt lat="47.21776" lon="11.2624">
        <ele>1396</ele>
        <time>2026-04-02T09:44:27+00:00</time>
      </trkpt>
      <trkpt lat="47.21778" lon="11.2624">
        <ele>1396</ele>
        <time>2026-04-02T09:44:30+00:00</time>
      </trkpt>
      <trkpt lat="47.2178" lon="11.26241">
        <ele>1392</ele>
        <time>2026-04-02T09:44:33+00:00</time>
      </trkpt>
      <trkpt lat="47.21784" lon="11.26241">
        <ele>1392</ele>
        <time>2026-04-02T09:44:36+00:00</time>
      </trkpt>
      <trkpt lat="47.21787" lon="11.26249">
        <ele>1392</ele>
        <time>2026-04-02T09:44:39+00:00</time>
      </trkpt>
      <trkpt lat="47.21791" lon="11.26252">
        <ele>1390</ele>
        <time>2026-04-02T09:44:42+00:00</time>
      </trkpt>
      <trkpt lat="47.21796" lon="11.26253">
        <ele>1390</ele>
        <time>2026-04-02T09:44:45+00:00</time>
      </trkpt>
      <trkpt lat="47.21799" lon="11.2625">
        <ele>1390</ele>
        <time>2026-04-02T09:44:48+00:00</time>
      </trkpt>
      <trkpt lat="47.21803" lon="11.26242">
        <ele>1385</ele>
        <time>2026-04-02T09:44:51+00:00</time>
      </trkpt>
      <trkpt lat="47.21812" lon="11.26239">
        <ele>1381</ele>
        <time>2026-04-02T09:44:54+00:00</time>
      </trkpt>
      <trkpt lat="47.2182" lon="11.26235">
        <ele>1379</ele>
        <time>2026-04-02T09:44:57+00:00</time>
      </trkpt>
      <trkpt lat="47.2184" lon="11.26238">
        <ele>1375</ele>
        <time>2026-04-02T09:45:00+00:00</time>
      </trkpt>
      <trkpt lat="47.21846" lon="11.26235">
        <ele>1375</ele>
        <time>2026-04-02T09:45:03+00:00</time>
      </trkpt>
      <trkpt lat="47.21851" lon="11.26238">
        <ele>1373</ele>
        <time>2026-04-02T09:45:06+00:00</time>
      </trkpt>
      <trkpt lat="47.21856" lon="11.26236">
        <ele>1373</ele>
        <time>2026-04-02T09:45:09+00:00</time>
      </trkpt>
      <trkpt lat="47.21858" lon="11.26226">
        <ele>1372</ele>
        <time>2026-04-02T09:45:12+00:00</time>
      </trkpt>
      <trkpt lat="47.21855" lon="11.2621">
        <ele>1371</ele>
        <time>2026-04-02T09:45:15+00:00</time>
      </trkpt>
      <trkpt lat="47.21872" lon="11.26207">
        <ele>1368</ele>
        <time>2026-04-02T09:45:18+00:00</time>
      </trkpt>
      <trkpt lat="47.21884" lon="11.26199">
        <ele>1367</ele>
        <time>2026-04-02T09:45:21+00:00</time>
      </trkpt>
      <trkpt lat="47.21885" lon="11.26192">
        <ele>1367</ele>
        <time>2026-04-02T09:45:24+00:00</time>
      </trkpt>
      <trkpt lat="47.21888" lon="11.26187">
        <ele>1369</ele>
        <time>2026-04-02T09:45:27+00:00</time>
      </trkpt>
      <trkpt lat="47.21897" lon="11.26177">
        <ele>1367</ele>
        <time>2026-04-02T09:45:30+00:00</time>
      </trkpt>
      <trkpt lat="47.21911" lon="11.26173">
        <ele>1367</ele>
        <time>2026-04-02T09:45:33+00:00</time>
      </trkpt>
      <trkpt lat="47.21928" lon="11.26164">
        <ele>1370</ele>
        <time>2026-04-02T09:45:36+00:00</time>
      </trkpt>
      <trkpt lat="47.21934" lon="11.26158">
        <ele>1366</ele>
        <time>2026-04-02T09:45:39+00:00</time>
      </trkpt>
      <trkpt lat="47.21943" lon="11.26107">
        <ele>1351</ele>
        <time>2026-04-02T09:45:42+00:00</time>
      </trkpt>
      <trkpt lat="47.21962" lon="11.26066">
        <ele>1340</ele>
        <time>2026-04-02T09:45:45+00:00</time>
      </trkpt>
      <trkpt lat="47.21986" lon="11.26038">
        <ele>1328</ele>
        <time>2026-04-02T09:45:48+00:00</time>
      </trkpt>
      <trkpt lat="47.21991" lon="11.26031">
        <ele>1325</ele>
        <time>2026-04-02T09:45:51+00:00</time>
      </trkpt>
      <trkpt lat="47.21998" lon="11.26031">
        <ele>1325</ele>
        <time>2026-04-02T09:45:54+00:00</time>
      </trkpt>
      <trkpt lat="47.22002" lon="11.26034">
        <ele>1322</ele>
        <time>2026-04-02T09:45:57+00:00</time>
      </trkpt>
      <trkpt lat="47.2201" lon="11.26024">
        <ele>1319</ele>
        <time>2026-04-02T09:46:00+00:00</time>
      </trkpt>
      <trkpt lat="47.22017" lon="11.26023">
        <ele>1319</ele>
        <time>2026-04-02T09:46:03+00:00</time>
      </trkpt>
      <trkpt lat="47.22022" lon="11.26016">
        <ele>1317</ele>
        <time>2026-04-02T09:46:06+00:00</time>
      </trkpt>
      <trkpt lat="47.22032" lon="11.26017">
        <ele>1317</ele>
        <time>2026-04-02T09:46:09+00:00</time>
      </trkpt>
      <trkpt lat="47.22045" lon="11.26013">
        <ele>1314</ele>
        <time>2026-04-02T09:46:12+00:00</time>
      </trkpt>
      <trkpt lat="47.22052" lon="11.26001">
        <ele>1310</ele>
        <time>2026-04-02T09:46:15+00:00</time>
      </trkpt>
      <trkpt lat="47.22065" lon="11.25994">
        <ele>1304</ele>
        <time>2026-04-02T09:46:18+00:00</time>
      </trkpt>
      <trkpt lat="47.22076" lon="11.25992">
        <ele>1300</ele>
        <time>2026-04-02T09:46:21+00:00</time>
      </trkpt>
      <trkpt lat="47.22085" lon="11.2598">
        <ele>1294</ele>
        <time>2026-04-02T09:46:24+00:00</time>
      </trkpt>
      <trkpt lat="47.22094" lon="11.25979">
        <ele>1288</ele>
        <time>2026-04-02T09:46:27+00:00</time>
      </trkpt>
      <trkpt lat="47.22094" lon="11.25974">
        <ele>1288</ele>
        <time>2026-04-02T09:46:30+00:00</time>
      </trkpt>
      <trkpt lat="47.22093" lon="11.25968">
        <ele>1284</ele>
        <time>2026-04-02T09:46:33+00:00</time>
      </trkpt>
      <trkpt lat="47.22089" lon="11.25958">
        <ele>1282</ele>
        <time>2026-04-02T09:46:36+00:00</time>
      </trkpt>
      <trkpt lat="47.22084" lon="11.25952">
        <ele>1282</ele>
        <time>2026-04-02T09:46:39+00:00</time>
      </trkpt>
      <trkpt lat="47.22083" lon="11.25946">
        <ele>1280</ele>
        <time>2026-04-02T09:46:42+00:00</time>
      </trkpt>
      <trkpt lat="47.22085" lon="11.25941">
        <ele>1280</ele>
        <time>2026-04-02T09:46:45+00:00</time>
      </trkpt>
      <trkpt lat="47.22094" lon="11.25942">
        <ele>1277</ele>
        <time>2026-04-02T09:46:48+00:00</time>
      </trkpt>
      <trkpt lat="47.22104" lon="11.25938">
        <ele>1272</ele>
        <time>2026-04-02T09:46:51+00:00</time>
      </trkpt>
      <trkpt lat="47.2213" lon="11.25939">
        <ele>1265</ele>
        <time>2026-04-02T09:46:54+00:00</time>
      </trkpt>
      <trkpt lat="47.2214" lon="11.25945">
        <ele>1269</ele>
        <time>2026-04-02T09:46:57+00:00</time>
      </trkpt>
      <trkpt lat="47.22145" lon="11.25946">
        <ele>1267</ele>
        <time>2026-04-02T09:47:00+00:00</time>
      </trkpt>
      <trkpt lat="47.22146" lon="11.25938">
        <ele>1264</ele>
        <time>2026-04-02T09:47:03+00:00</time>
      </trkpt>
      <trkpt lat="47.22143" lon="11.25922">
        <ele>1260</ele>
        <time>2026-04-02T09:47:06+00:00</time>
      </trkpt>
      <trkpt lat="47.22143" lon="11.25907">
        <ele>1250</ele>
        <time>2026-04-02T09:47:09+00:00</time>
      </trkpt>
      <trkpt lat="47.22155" lon="11.25905">
        <ele>1250</ele>
        <time>2026-04-02T09:47:12+00:00</time>
      </trkpt>
      <trkpt lat="47.22174" lon="11.25912">
        <ele>1248</ele>
        <time>2026-04-02T09:47:15+00:00</time>
      </trkpt>
      <trkpt lat="47.22185" lon="11.25907">
        <ele>1242</ele>
        <time>2026-04-02T09:47:18+00:00</time>
      </trkpt>
      <trkpt lat="47.222" lon="11.25906">
        <ele>1235</ele>
        <time>2026-04-02T09:47:21+00:00</time>
      </trkpt>
      <trkpt lat="47.22209" lon="11.25908">
        <ele>1235</ele>
        <time>2026-04-02T09:47:24+00:00</time>
      </trkpt>
      <trkpt lat="47.22214" lon="11.25914">
        <ele>1232</ele>
        <time>2026-04-02T09:47:27+00:00</time>
      </trkpt>
      <trkpt lat="47.22218" lon="11.25925">
        <ele>1234</ele>
        <time>2026-04-02T09:47:30+00:00</time>
      </trkpt>
      <trkpt lat="47.22223" lon="11.25935">
        <ele>1232</ele>
        <time>2026-04-02T09:47:33+00:00</time>
      </trkpt>
      <trkpt lat="47.22235" lon="11.2595">
        <ele>1230</ele>
        <time>2026-04-02T09:47:36+00:00</time>
      </trkpt>
      <trkpt lat="47.22248" lon="11.25961">
        <ele>1227</ele>
        <time>2026-04-02T09:47:39+00:00</time>
      </trkpt>
      <trkpt lat="47.2226" lon="11.25976">
        <ele>1217</ele>
        <time>2026-04-02T09:47:42+00:00</time>
      </trkpt>
      <trkpt lat="47.22268" lon="11.2599">
        <ele>1219</ele>
        <time>2026-04-02T09:47:45+00:00</time>
      </trkpt>
      <trkpt lat="47.22276" lon="11.25999">
        <ele>1214</ele>
        <time>2026-04-02T09:47:48+00:00</time>
      </trkpt>
      <trkpt lat="47.22283" lon="11.26012">
        <ele>1211</ele>
        <time>2026-04-02T09:47:51+00:00</time>
      </trkpt>
      <trkpt lat="47.22292" lon="11.2604">
        <ele>1204</ele>
        <time>2026-04-02T09:47:54+00:00</time>
      </trkpt>
      <trkpt lat="47.22305" lon="11.26077">
        <ele>1187</ele>
        <time>2026-04-02T09:47:57+00:00</time>
      </trkpt>
      <trkpt lat="47.22306" lon="11.26094">
        <ele>1185</ele>
        <time>2026-04-02T09:48:00+00:00</time>
      </trkpt>
      <trkpt lat="47.22311" lon="11.2612">
        <ele>1169</ele>
        <time>2026-04-02T09:48:03+00:00</time>
      </trkpt>
      <trkpt lat="47.22315" lon="11.26135">
        <ele>1164</ele>
        <time>2026-04-02T09:48:06+00:00</time>
      </trkpt>
      <trkpt lat="47.22317" lon="11.26137">
        <ele>1164</ele>
        <time>2026-04-02T09:48:09+00:00</time>
      </trkpt>
      <trkpt lat="47.22318" lon="11.26144">
        <ele>1161</ele>
        <time>2026-04-02T09:48:12+00:00</time>
      </trkpt>
      <trkpt lat="47.22324" lon="11.2615">
        <ele>1166</ele>
        <time>2026-04-02T09:48:15+00:00</time>
      </trkpt>
      <trkpt lat="47.22325" lon="11.26157">
        <ele>1151</ele>
        <time>2026-04-02T09:48:18+00:00</time>
      </trkpt>
      <trkpt lat="47.22324" lon="11.2616">
        <ele>1151</ele>
        <time>2026-04-02T09:48:21+00:00</time>
      </trkpt>
      <trkpt lat="47.22326" lon="11.26166">
        <ele>1155</ele>
        <time>2026-04-02T09:48:24+00:00</time>
      </trkpt>
      <trkpt lat="47.22326" lon="11.26193">
        <ele>1165</ele>
        <time>2026-04-02T09:48:27+00:00</time>
      </trkpt>
      <trkpt lat="47.22326" lon="11.26221">
        <ele>1165</ele>
        <time>2026-04-02T09:48:30+00:00</time>
      </trkpt>
      <trkpt lat="47.22324" lon="11.26254">
        <ele>1163</ele>
        <time>2026-04-02T09:48:33+00:00</time>
      </trkpt>
      <trkpt lat="47.22325" lon="11.26279">
        <ele>1161</ele>
        <time>2026-04-02T09:48:36+00:00</time>
      </trkpt>
      <trkpt lat="47.22327" lon="11.26301">
        <ele>1156</ele>
        <time>2026-04-02T09:48:39+00:00</time>
      </trkpt>
      <trkpt lat="47.22326" lon="11.26322">
        <ele>1153</ele>
        <time>2026-04-02T09:48:42+00:00</time>
      </trkpt>
      <trkpt lat="47.22332" lon="11.26337">
        <ele>1147</ele>
        <time>2026-04-02T09:48:45+00:00</time>
      </trkpt>
      <trkpt lat="47.2233" lon="11.26368">
        <ele>1142</ele>
        <time>2026-04-02T09:48:48+00:00</time>
      </trkpt>
      <trkpt lat="47.22332" lon="11.26385">
        <ele>1134</ele>
        <time>2026-04-02T09:48:51+00:00</time>
      </trkpt>
      <trkpt lat="47.22332" lon="11.26404">
        <ele>1133</ele>
        <time>2026-04-02T09:48:54+00:00</time>
      </trkpt>
      <trkpt lat="47.22333" lon="11.26407">
        <ele>1133</ele>
        <time>2026-04-02T09:48:57+00:00</time>
      </trkpt>
      <trkpt lat="47.22333" lon="11.26416">
        <ele>1133</ele>
        <time>2026-04-02T09:49:00+00:00</time>
      </trkpt>
      <trkpt lat="47.22339" lon="11.26434">
        <ele>1131</ele>
        <time>2026-04-02T09:49:03+00:00</time>
      </trkpt>
      <trkpt lat="47.2234" lon="11.26449">
        <ele>1130</ele>
        <time>2026-04-02T09:49:06+00:00</time>
      </trkpt>
      <trkpt lat="47.22344" lon="11.2646">
        <ele>1120</ele>
        <time>2026-04-02T09:49:09+00:00</time>
      </trkpt>
      <trkpt lat="47.22347" lon="11.26472">
        <ele>1119</ele>
        <time>2026-04-02T09:49:12+00:00</time>
      </trkpt>
      <trkpt lat="47.2235" lon="11.26481">
        <ele>1117</ele>
        <time>2026-04-02T09:49:15+00:00</time>
      </trkpt>
      <trkpt lat="47.22351" lon="11.26501">
        <ele>1107</ele>
        <time>2026-04-02T09:49:18+00:00</time>
      </trkpt>
      <trkpt lat="47.22351" lon="11.26526">
        <ele>1105</ele>
        <time>2026-04-02T09:49:21+00:00</time>
      </trkpt>
      <trkpt lat="47.22352" lon="11.26551">
        <ele>1100</ele>
        <time>2026-04-02T09:49:24+00:00</time>
      </trkpt>
      <trkpt lat="47.2235" lon="11.26562">
        <ele>1100</ele>
        <time>2026-04-02T09:49:27+00:00</time>
      </trkpt>
      <trkpt lat="47.22352" lon="11.2657">
        <ele>1095</ele>
        <time>2026-04-02T09:49:30+00:00</time>
      </trkpt>
      <trkpt lat="47.22352" lon="11.266">
        <ele>1088</ele>
        <time>2026-04-02T09:49:33+00:00</time>
      </trkpt>
      <trkpt lat="47.22355" lon="11.26609">
        <ele>1086</ele>
        <time>2026-04-02T09:49:36+00:00</time>
      </trkpt>
      <trkpt lat="47.22356" lon="11.26623">
        <ele>1082</ele>
        <time>2026-04-02T09:49:39+00:00</time>
      </trkpt>
      <trkpt lat="47.22357" lon="11.2663">
        <ele>1080</ele>
        <time>2026-04-02T09:49:42+00:00</time>
      </trkpt>
      <trkpt lat="47.22363" lon="11.26643">
        <ele>1071</ele>
        <time>2026-04-02T09:49:45+00:00</time>
      </trkpt>
      <trkpt lat="47.22366" lon="11.26654">
        <ele>1075</ele>
        <time>2026-04-02T09:49:48+00:00</time>
      </trkpt>
      <trkpt lat="47.22368" lon="11.26655">
        <ele>1067</ele>
        <time>2026-04-02T09:49:51+00:00</time>
      </trkpt>
      <trkpt lat="47.22367" lon="11.26659">
        <ele>1067</ele>
        <time>2026-04-02T09:49:54+00:00</time>
      </trkpt>
      <trkpt lat="47.2237" lon="11.2666">
        <ele>1066</ele>
        <time>2026-04-02T09:49:57+00:00</time>
      </trkpt>
      <trkpt lat="47.2237" lon="11.26666">
        <ele>1066</ele>
        <time>2026-04-02T09:50:00+00:00</time>
      </trkpt>
      <trkpt lat="47.22356" lon="11.26678">
        <ele>1074</ele>
        <time>2026-04-02T09:50:03+00:00</time>
      </trkpt>
      <trkpt lat="47.22349" lon="11.26686">
        <ele>1076</ele>
        <time>2026-04-02T09:50:06+00:00</time>
      </trkpt>
      <trkpt lat="47.22341" lon="11.267">
        <ele>1074</ele>
        <time>2026-04-02T09:50:09+00:00</time>
      </trkpt>
      <trkpt lat="47.22326" lon="11.26738">
        <ele>1074</ele>
        <time>2026-04-02T09:50:12+00:00</time>
      </trkpt>
      <trkpt lat="47.22309" lon="11.26774">
        <ele>1078</ele>
        <time>2026-04-02T09:50:15+00:00</time>
      </trkpt>
      <trkpt lat="47.22304" lon="11.26781">
        <ele>1075</ele>
        <time>2026-04-02T09:50:18+00:00</time>
      </trkpt>
      <trkpt lat="47.22294" lon="11.26792">
        <ele>1081</ele>
        <time>2026-04-02T09:50:21+00:00</time>
      </trkpt>
      <trkpt lat="47.22288" lon="11.268">
        <ele>1087</ele>
        <time>2026-04-02T09:50:24+00:00</time>
      </trkpt>
      <trkpt lat="47.22285" lon="11.26807">
        <ele>1083</ele>
        <time>2026-04-02T09:50:27+00:00</time>
      </trkpt>
      <trkpt lat="47.22282" lon="11.26828">
        <ele>1081</ele>
        <time>2026-04-02T09:50:30+00:00</time>
      </trkpt>
      <trkpt lat="47.22278" lon="11.26829">
        <ele>1086</ele>
        <time>2026-04-02T09:50:33+00:00</time>
      </trkpt>
      <trkpt lat="47.22264" lon="11.26845">
        <ele>1091</ele>
        <time>2026-04-02T09:50:36+00:00</time>
      </trkpt>
      <trkpt lat="47.22262" lon="11.26852">
        <ele>1092</ele>
        <time>2026-04-02T09:50:39+00:00</time>
      </trkpt>
      <trkpt lat="47.22261" lon="11.26866">
        <ele>1092</ele>
        <time>2026-04-02T09:50:42+00:00</time>
      </trkpt>
      <trkpt lat="47.22254" lon="11.26878">
        <ele>1098</ele>
        <time>2026-04-02T09:50:45+00:00</time>
      </trkpt>
      <trkpt lat="47.22245" lon="11.2689">
        <ele>1101</ele>
        <time>2026-04-02T09:50:48+00:00</time>
      </trkpt>
      <trkpt lat="47.22244" lon="11.26896">
        <ele>1101</ele>
        <time>2026-04-02T09:50:51+00:00</time>
      </trkpt>
      <trkpt lat="47.22247" lon="11.26904">
        <ele>1100</ele>
        <time>2026-04-02T09:50:54+00:00</time>
      </trkpt>
      <trkpt lat="47.22246" lon="11.26915">
        <ele>1100</ele>
        <time>2026-04-02T09:50:57+00:00</time>
      </trkpt>
      <trkpt lat="47.22244" lon="11.26923">
        <ele>1100</ele>
        <time>2026-04-02T09:51:00+00:00</time>
      </trkpt>
      <trkpt lat="47.22247" lon="11.26938">
        <ele>1100</ele>
        <time>2026-04-02T09:51:03+00:00</time>
      </trkpt>
      <trkpt lat="47.22253" lon="11.26946">
        <ele>1095</ele>
        <time>2026-04-02T09:51:06+00:00</time>
      </trkpt>
      <trkpt lat="47.2228" lon="11.26972">
        <ele>1074</ele>
        <time>2026-04-02T09:51:09+00:00</time>
      </trkpt>
      <trkpt lat="47.22285" lon="11.26985">
        <ele>1075</ele>
        <time>2026-04-02T09:51:12+00:00</time>
      </trkpt>
      <trkpt lat="47.22287" lon="11.26995">
        <ele>1075</ele>
        <time>2026-04-02T09:51:15+00:00</time>
      </trkpt>
      <trkpt lat="47.22284" lon="11.27007">
        <ele>1074</ele>
        <time>2026-04-02T09:51:18+00:00</time>
      </trkpt>
      <trkpt lat="47.2227" lon="11.27026">
        <ele>1077</ele>
        <time>2026-04-02T09:51:21+00:00</time>
      </trkpt>
      <trkpt lat="47.22255" lon="11.27038">
        <ele>1084</ele>
        <time>2026-04-02T09:51:24+00:00</time>
      </trkpt>
      <trkpt lat="47.22243" lon="11.27042">
        <ele>1087</ele>
        <time>2026-04-02T09:51:27+00:00</time>
      </trkpt>
      <trkpt lat="47.22235" lon="11.27054">
        <ele>1089</ele>
        <time>2026-04-02T09:51:30+00:00</time>
      </trkpt>
      <trkpt lat="47.22234" lon="11.2706">
        <ele>1089</ele>
        <time>2026-04-02T09:51:33+00:00</time>
      </trkpt>
      <trkpt lat="47.22235" lon="11.27068">
        <ele>1085</ele>
        <time>2026-04-02T09:51:36+00:00</time>
      </trkpt>
      <trkpt lat="47.22243" lon="11.27085">
        <ele>1084</ele>
        <time>2026-04-02T09:51:39+00:00</time>
      </trkpt>
      <trkpt lat="47.22247" lon="11.27107">
        <ele>1084</ele>
        <time>2026-04-02T09:51:42+00:00</time>
      </trkpt>
      <trkpt lat="47.22247" lon="11.27154">
        <ele>1072</ele>
        <time>2026-04-02T09:51:45+00:00</time>
      </trkpt>
      <trkpt lat="47.22253" lon="11.27165">
        <ele>1063</ele>
        <time>2026-04-02T09:51:48+00:00</time>
      </trkpt>
      <trkpt lat="47.22257" lon="11.2718">
        <ele>1063</ele>
        <time>2026-04-02T09:51:51+00:00</time>
      </trkpt>
      <trkpt lat="47.2226" lon="11.27201">
        <ele>1049</ele>
        <time>2026-04-02T09:51:54+00:00</time>
      </trkpt>
      <trkpt lat="47.22258" lon="11.27219">
        <ele>1057</ele>
        <time>2026-04-02T09:51:57+00:00</time>
      </trkpt>
      <trkpt lat="47.22259" lon="11.2723">
        <ele>1054</ele>
        <time>2026-04-02T09:52:00+00:00</time>
      </trkpt>
      <trkpt lat="47.22258" lon="11.27243">
        <ele>1053</ele>
        <time>2026-04-02T09:52:03+00:00</time>
      </trkpt>
      <trkpt lat="47.22267" lon="11.27277">
        <ele>1057</ele>
        <time>2026-04-02T09:52:06+00:00</time>
      </trkpt>
      <trkpt lat="47.22266" lon="11.27288">
        <ele>1052</ele>
        <time>2026-04-02T09:52:09+00:00</time>
      </trkpt>
      <trkpt lat="47.22266" lon="11.27299">
        <ele>1054</ele>
        <time>2026-04-02T09:52:12+00:00</time>
      </trkpt>
      <trkpt lat="47.22268" lon="11.27306">
        <ele>1057</ele>
        <time>2026-04-02T09:52:15+00:00</time>
      </trkpt>
      <trkpt lat="47.22272" lon="11.27309">
        <ele>1051</ele>
        <time>2026-04-02T09:52:18+00:00</time>
      </trkpt>
      <trkpt lat="47.22276" lon="11.27314">
        <ele>1052</ele>
        <time>2026-04-02T09:52:21+00:00</time>
      </trkpt>
      <trkpt lat="47.22279" lon="11.2732">
        <ele>1051</ele>
        <time>2026-04-02T09:52:24+00:00</time>
      </trkpt>
      <trkpt lat="47.22279" lon="11.27333">
        <ele>1051</ele>
        <time>2026-04-02T09:52:27+00:00</time>
      </trkpt>
      <trkpt lat="47.22273" lon="11.27354">
        <ele>1050</ele>
        <time>2026-04-02T09:52:30+00:00</time>
      </trkpt>
      <trkpt lat="47.22272" lon="11.27362">
        <ele>1050</ele>
        <time>2026-04-02T09:52:33+00:00</time>
      </trkpt>
      <trkpt lat="47.22272" lon="11.27375">
        <ele>1050</ele>
        <time>2026-04-02T09:52:36+00:00</time>
      </trkpt>
      <trkpt lat="47.2227" lon="11.27391">
        <ele>1046</ele>
        <time>2026-04-02T09:52:39+00:00</time>
      </trkpt>
      <trkpt lat="47.2227" lon="11.27406">
        <ele>1046</ele>
        <time>2026-04-02T09:52:42+00:00</time>
      </trkpt>
      <trkpt lat="47.22272" lon="11.27413">
        <ele>1046</ele>
        <time>2026-04-02T09:52:45+00:00</time>
      </trkpt>
      <trkpt lat="47.22273" lon="11.27423">
        <ele>1045</ele>
        <time>2026-04-02T09:52:48+00:00</time>
      </trkpt>
      <trkpt lat="47.22275" lon="11.27431">
        <ele>1043</ele>
        <time>2026-04-02T09:52:51+00:00</time>
      </trkpt>
      <trkpt lat="47.22276" lon="11.27447">
        <ele>1041</ele>
        <time>2026-04-02T09:52:54+00:00</time>
      </trkpt>
      <trkpt lat="47.22277" lon="11.27453">
        <ele>1038</ele>
        <time>2026-04-02T09:52:57+00:00</time>
      </trkpt>
      <trkpt lat="47.22274" lon="11.27475">
        <ele>1035</ele>
        <time>2026-04-02T09:53:00+00:00</time>
      </trkpt>
      <trkpt lat="47.2227" lon="11.27488">
        <ele>1034</ele>
        <time>2026-04-02T09:53:03+00:00</time>
      </trkpt>
      <trkpt lat="47.2226" lon="11.27511">
        <ele>1034</ele>
        <time>2026-04-02T09:53:06+00:00</time>
      </trkpt>
      <trkpt lat="47.22256" lon="11.27533">
        <ele>1030</ele>
        <time>2026-04-02T09:53:09+00:00</time>
      </trkpt>
      <trkpt lat="47.22248" lon="11.27552">
        <ele>1035</ele>
        <time>2026-04-02T09:53:12+00:00</time>
      </trkpt>
      <trkpt lat="47.22239" lon="11.27571">
        <ele>1036</ele>
        <time>2026-04-02T09:53:15+00:00</time>
      </trkpt>
      <trkpt lat="47.22238" lon="11.27577">
        <ele>1030</ele>
        <time>2026-04-02T09:53:18+00:00</time>
      </trkpt>
      <trkpt lat="47.22238" lon="11.2758">
        <ele>1034</ele>
        <time>2026-04-02T09:53:21+00:00</time>
      </trkpt>
      <trkpt lat="47.2224" lon="11.27593">
        <ele>1029</ele>
        <time>2026-04-02T09:53:24+00:00</time>
      </trkpt>
      <trkpt lat="47.22249" lon="11.27616">
        <ele>1026</ele>
        <time>2026-04-02T09:53:27+00:00</time>
      </trkpt>
      <trkpt lat="47.22254" lon="11.27626">
        <ele>1020</ele>
        <time>2026-04-02T09:53:30+00:00</time>
      </trkpt>
      <trkpt lat="47.22255" lon="11.2763">
        <ele>1020</ele>
        <time>2026-04-02T09:53:33+00:00</time>
      </trkpt>
      <trkpt lat="47.22253" lon="11.27635">
        <ele>1018</ele>
        <time>2026-04-02T09:53:36+00:00</time>
      </trkpt>
      <trkpt lat="47.22251" lon="11.27635">
        <ele>1018</ele>
        <time>2026-04-02T09:53:39+00:00</time>
      </trkpt>
      <trkpt lat="47.22246" lon="11.27633">
        <ele>1023</ele>
        <time>2026-04-02T09:53:42+00:00</time>
      </trkpt>
      <trkpt lat="47.22243" lon="11.27633">
        <ele>1023</ele>
        <time>2026-04-02T09:53:45+00:00</time>
      </trkpt>
      <trkpt lat="47.22237" lon="11.27639">
        <ele>1027</ele>
        <time>2026-04-02T09:53:48+00:00</time>
      </trkpt>
      <trkpt lat="47.2224" lon="11.27656">
        <ele>1021</ele>
        <time>2026-04-02T09:53:51+00:00</time>
      </trkpt>
      <trkpt lat="47.22238" lon="11.27684">
        <ele>1015</ele>
        <time>2026-04-02T09:53:54+00:00</time>
      </trkpt>
      <trkpt lat="47.22238" lon="11.27693">
        <ele>1011</ele>
        <time>2026-04-02T09:53:57+00:00</time>
      </trkpt>
      <trkpt lat="47.22236" lon="11.27701">
        <ele>1008</ele>
        <time>2026-04-02T09:54:00+00:00</time>
      </trkpt>
      <trkpt lat="47.22231" lon="11.2771">
        <ele>1011</ele>
        <time>2026-04-02T09:54:03+00:00</time>
      </trkpt>
      <trkpt lat="47.2222" lon="11.27716">
        <ele>1006</ele>
        <time>2026-04-02T09:54:06+00:00</time>
      </trkpt>
      <trkpt lat="47.22215" lon="11.27721">
        <ele>1005</ele>
        <time>2026-04-02T09:54:09+00:00</time>
      </trkpt>
      <trkpt lat="47.22209" lon="11.27723">
        <ele>1011</ele>
        <time>2026-04-02T09:54:12+00:00</time>
      </trkpt>
      <trkpt lat="47.22207" lon="11.2772">
        <ele>1008</ele>
        <time>2026-04-02T09:54:15+00:00</time>
      </trkpt>
      <trkpt lat="47.22192" lon="11.27726">
        <ele>1011</ele>
        <time>2026-04-02T09:54:18+00:00</time>
      </trkpt>
      <trkpt lat="47.22178" lon="11.27738">
        <ele>1016</ele>
        <time>2026-04-02T09:54:21+00:00</time>
      </trkpt>
      <trkpt lat="47.22172" lon="11.27745">
        <ele>1011</ele>
        <time>2026-04-02T09:54:24+00:00</time>
      </trkpt>
      <trkpt lat="47.22169" lon="11.27754">
        <ele>1015</ele>
        <time>2026-04-02T09:54:27+00:00</time>
      </trkpt>
      <trkpt lat="47.22162" lon="11.27766">
        <ele>1009</ele>
        <time>2026-04-02T09:54:30+00:00</time>
      </trkpt>
      <trkpt lat="47.22151" lon="11.27779">
        <ele>1011</ele>
        <time>2026-04-02T09:54:33+00:00</time>
      </trkpt>
      <trkpt lat="47.2214" lon="11.27792">
        <ele>1004</ele>
        <time>2026-04-02T09:54:36+00:00</time>
      </trkpt>
      <trkpt lat="47.22139" lon="11.27796">
        <ele>1018</ele>
        <time>2026-04-02T09:54:39+00:00</time>
      </trkpt>
      <trkpt lat="47.22142" lon="11.27799">
        <ele>1009</ele>
        <time>2026-04-02T09:54:42+00:00</time>
      </trkpt>
      <trkpt lat="47.22165" lon="11.27794">
        <ele>997</ele>
        <time>2026-04-02T09:54:45+00:00</time>
      </trkpt>
      <trkpt lat="47.22176" lon="11.27783">
        <ele>994</ele>
        <time>2026-04-02T09:54:48+00:00</time>
      </trkpt>
      <trkpt lat="47.22186" lon="11.27778">
        <ele>992</ele>
        <time>2026-04-02T09:54:51+00:00</time>
      </trkpt>
      <trkpt lat="47.22182" lon="11.27788">
        <ele>988</ele>
        <time>2026-04-02T09:54:54+00:00</time>
      </trkpt>
      <trkpt lat="47.22181" lon="11.278">
        <ele>986</ele>
        <time>2026-04-02T09:54:57+00:00</time>
      </trkpt>
      <trkpt lat="47.22183" lon="11.2781">
        <ele>985</ele>
        <time>2026-04-02T09:55:00+00:00</time>
      </trkpt>
      <trkpt lat="47.22185" lon="11.27815">
        <ele>986</ele>
        <time>2026-04-02T09:55:03+00:00</time>
      </trkpt>
      <trkpt lat="47.222" lon="11.27818">
        <ele>984</ele>
        <time>2026-04-02T09:55:06+00:00</time>
      </trkpt>
      <trkpt lat="47.22225" lon="11.27818">
        <ele>982</ele>
        <time>2026-04-02T09:55:09+00:00</time>
      </trkpt>
      <trkpt lat="47.22257" lon="11.27819">
        <ele>978</ele>
        <time>2026-04-02T09:55:12+00:00</time>
      </trkpt>
      <trkpt lat="47.22263" lon="11.27823">
        <ele>981</ele>
        <time>2026-04-02T09:55:15+00:00</time>
      </trkpt>
      <trkpt lat="47.22276" lon="11.27827">
        <ele>978</ele>
        <time>2026-04-02T09:55:18+00:00</time>
      </trkpt>
      <trkpt lat="47.2229" lon="11.27827">
        <ele>975</ele>
        <time>2026-04-02T09:55:21+00:00</time>
      </trkpt>
      <trkpt lat="47.22302" lon="11.27828">
        <ele>968</ele>
        <time>2026-04-02T09:55:24+00:00</time>
      </trkpt>
      <trkpt lat="47.22329" lon="11.27834">
        <ele>966</ele>
        <time>2026-04-02T09:55:27+00:00</time>
      </trkpt>
      <trkpt lat="47.22352" lon="11.27838">
        <ele>966</ele>
        <time>2026-04-02T09:55:30+00:00</time>
      </trkpt>
      <trkpt lat="47.22342" lon="11.27851">
        <ele>963</ele>
        <time>2026-04-02T09:55:33+00:00</time>
      </trkpt>
      <trkpt lat="47.22341" lon="11.27861">
        <ele>967</ele>
        <time>2026-04-02T09:55:36+00:00</time>
      </trkpt>
      <trkpt lat="47.22353" lon="11.27897">
        <ele>976</ele>
        <time>2026-04-02T09:55:39+00:00</time>
      </trkpt>
      <trkpt lat="47.22369" lon="11.27936">
        <ele>979</ele>
        <time>2026-04-02T09:55:42+00:00</time>
      </trkpt>
      <trkpt lat="47.2238" lon="11.27968">
        <ele>979</ele>
        <time>2026-04-02T09:55:45+00:00</time>
      </trkpt>
      <trkpt lat="47.2238" lon="11.27986">
        <ele>984</ele>
        <time>2026-04-02T09:55:48+00:00</time>
      </trkpt>
      <trkpt lat="47.22378" lon="11.28002">
        <ele>983</ele>
        <time>2026-04-02T09:55:51+00:00</time>
      </trkpt>
      <trkpt lat="47.2238" lon="11.28041">
        <ele>983</ele>
        <time>2026-04-02T09:55:54+00:00</time>
      </trkpt>
      <trkpt lat="47.22386" lon="11.28079">
        <ele>980</ele>
        <time>2026-04-02T09:55:57+00:00</time>
      </trkpt>
      <trkpt lat="47.22395" lon="11.28118">
        <ele>978</ele>
        <time>2026-04-02T09:56:00+00:00</time>
      </trkpt>
      <trkpt lat="47.22408" lon="11.28168">
        <ele>977</ele>
        <time>2026-04-02T09:56:03+00:00</time>
      </trkpt>
      <trkpt lat="47.22409" lon="11.28193">
        <ele>981</ele>
        <time>2026-04-02T09:56:06+00:00</time>
      </trkpt>
      <trkpt lat="47.22414" lon="11.28217">
        <ele>976</ele>
        <time>2026-04-02T09:56:09+00:00</time>
      </trkpt>
      <trkpt lat="47.2242" lon="11.28245">
        <ele>974</ele>
        <time>2026-04-02T09:56:12+00:00</time>
      </trkpt>
      <trkpt lat="47.2242" lon="11.2828">
        <ele>974</ele>
        <time>2026-04-02T09:56:15+00:00</time>
      </trkpt>
      <trkpt lat="47.22427" lon="11.2833">
        <ele>975</ele>
        <time>2026-04-02T09:56:18+00:00</time>
      </trkpt>
      <trkpt lat="47.2242" lon="11.28374">
        <ele>976</ele>
        <time>2026-04-02T09:56:21+00:00</time>
      </trkpt>
      <trkpt lat="47.22416" lon="11.28396">
        <ele>980</ele>
        <time>2026-04-02T09:56:24+00:00</time>
      </trkpt>
      <trkpt lat="47.22416" lon="11.28419">
        <ele>979</ele>
        <time>2026-04-02T09:56:27+00:00</time>
      </trkpt>
      <trkpt lat="47.22415" lon="11.28444">
        <ele>982</ele>
        <time>2026-04-02T09:56:30+00:00</time>
      </trkpt>
      <trkpt lat="47.2242" lon="11.28462">
        <ele>981</ele>
        <time>2026-04-02T09:56:33+00:00</time>
      </trkpt>
      <trkpt lat="47.22422" lon="11.28499">
        <ele>980</ele>
        <time>2026-04-02T09:56:36+00:00</time>
      </trkpt>
      <trkpt lat="47.22426" lon="11.28523">
        <ele>983</ele>
        <time>2026-04-02T09:56:39+00:00</time>
      </trkpt>
      <trkpt lat="47.22439" lon="11.28546">
        <ele>980</ele>
        <time>2026-04-02T09:56:42+00:00</time>
      </trkpt>
      <trkpt lat="47.22432" lon="11.28578">
        <ele>979</ele>
        <time>2026-04-02T09:56:45+00:00</time>
      </trkpt>
      <trkpt lat="47.22438" lon="11.28593">
        <ele>982</ele>
        <time>2026-04-02T09:56:48+00:00</time>
      </trkpt>
      <trkpt lat="47.22447" lon="11.28623">
        <ele>980</ele>
        <time>2026-04-02T09:56:51+00:00</time>
      </trkpt>
      <trkpt lat="47.22447" lon="11.28662">
        <ele>978</ele>
        <time>2026-04-02T09:56:54+00:00</time>
      </trkpt>
      <trkpt lat="47.22456" lon="11.28691">
        <ele>979</ele>
        <time>2026-04-02T09:56:57+00:00</time>
      </trkpt>
      <trkpt lat="47.22455" lon="11.28709">
        <ele>978</ele>
        <time>2026-04-02T09:57:00+00:00</time>
      </trkpt>
      <trkpt lat="47.22459" lon="11.28722">
        <ele>981</ele>
        <time>2026-04-02T09:57:03+00:00</time>
      </trkpt>
      <trkpt lat="47.2246" lon="11.2874">
        <ele>975</ele>
        <time>2026-04-02T09:57:06+00:00</time>
      </trkpt>
      <trkpt lat="47.22464" lon="11.28754">
        <ele>983</ele>
        <time>2026-04-02T09:57:09+00:00</time>
      </trkpt>
      <trkpt lat="47.22466" lon="11.28773">
        <ele>989</ele>
        <time>2026-04-02T09:57:12+00:00</time>
      </trkpt>
      <trkpt lat="47.22475" lon="11.28808">
        <ele>983</ele>
        <time>2026-04-02T09:57:15+00:00</time>
      </trkpt>
      <trkpt lat="47.22481" lon="11.28824">
        <ele>983</ele>
        <time>2026-04-02T09:57:18+00:00</time>
      </trkpt>
      <trkpt lat="47.22485" lon="11.28843">
        <ele>983</ele>
        <time>2026-04-02T09:57:21+00:00</time>
      </trkpt>
      <trkpt lat="47.22496" lon="11.28879">
        <ele>983</ele>
        <time>2026-04-02T09:57:24+00:00</time>
      </trkpt>
      <trkpt lat="47.225" lon="11.28904">
        <ele>985</ele>
        <time>2026-04-02T09:57:27+00:00</time>
      </trkpt>
      <trkpt lat="47.22505" lon="11.28921">
        <ele>990</ele>
        <time>2026-04-02T09:57:30+00:00</time>
      </trkpt>
      <trkpt lat="47.22507" lon="11.28933">
        <ele>995</ele>
        <time>2026-04-02T09:57:33+00:00</time>
      </trkpt>
      <trkpt lat="47.22516" lon="11.28964">
        <ele>988</ele>
        <time>2026-04-02T09:57:36+00:00</time>
      </trkpt>
      <trkpt lat="47.22531" lon="11.2901">
        <ele>986</ele>
        <time>2026-04-02T09:57:39+00:00</time>
      </trkpt>
      <trkpt lat="47.22547" lon="11.29046">
        <ele>977</ele>
        <time>2026-04-02T09:57:42+00:00</time>
      </trkpt>
      <trkpt lat="47.22548" lon="11.29051">
        <ele>976</ele>
        <time>2026-04-02T09:57:45+00:00</time>
      </trkpt>
      <trkpt lat="47.22546" lon="11.2907">
        <ele>977</ele>
        <time>2026-04-02T09:57:48+00:00</time>
      </trkpt>
      <trkpt lat="47.22546" lon="11.29097">
        <ele>977</ele>
        <time>2026-04-02T09:57:51+00:00</time>
      </trkpt>
      <trkpt lat="47.22549" lon="11.29109">
        <ele>976</ele>
        <time>2026-04-02T09:57:54+00:00</time>
      </trkpt>
      <trkpt lat="47.22559" lon="11.29132">
        <ele>973</ele>
        <time>2026-04-02T09:57:57+00:00</time>
      </trkpt>
      <trkpt lat="47.22561" lon="11.29144">
        <ele>975</ele>
        <time>2026-04-02T09:58:00+00:00</time>
      </trkpt>
      <trkpt lat="47.22575" lon="11.29175">
        <ele>969</ele>
        <time>2026-04-02T09:58:03+00:00</time>
      </trkpt>
      <trkpt lat="47.22584" lon="11.29206">
        <ele>965</ele>
        <time>2026-04-02T09:58:06+00:00</time>
      </trkpt>
      <trkpt lat="47.22601" lon="11.29252">
        <ele>965</ele>
        <time>2026-04-02T09:58:09+00:00</time>
      </trkpt>
      <trkpt lat="47.22604" lon="11.29268">
        <ele>963</ele>
        <time>2026-04-02T09:58:12+00:00</time>
      </trkpt>
      <trkpt lat="47.22605" lon="11.29277">
        <ele>964</ele>
        <time>2026-04-02T09:58:15+00:00</time>
      </trkpt>
      <trkpt lat="47.22608" lon="11.29289">
        <ele>962</ele>
        <time>2026-04-02T09:58:18+00:00</time>
      </trkpt>
      <trkpt lat="47.22621" lon="11.29324">
        <ele>959</ele>
        <time>2026-04-02T09:58:21+00:00</time>
      </trkpt>
      <trkpt lat="47.22631" lon="11.29355">
        <ele>959</ele>
        <time>2026-04-02T09:58:24+00:00</time>
      </trkpt>
      <trkpt lat="47.22642" lon="11.29405">
        <ele>959</ele>
        <time>2026-04-02T09:58:27+00:00</time>
      </trkpt>
      <trkpt lat="47.22647" lon="11.29422">
        <ele>960</ele>
        <time>2026-04-02T09:58:30+00:00</time>
      </trkpt>
      <trkpt lat="47.22666" lon="11.29451">
        <ele>946</ele>
        <time>2026-04-02T09:58:33+00:00</time>
      </trkpt>
      <trkpt lat="47.22672" lon="11.29464">
        <ele>941</ele>
        <time>2026-04-02T09:58:36+00:00</time>
      </trkpt>
      <trkpt lat="47.22683" lon="11.29501">
        <ele>946</ele>
        <time>2026-04-02T09:58:39+00:00</time>
      </trkpt>
      <trkpt lat="47.22688" lon="11.29516">
        <ele>948</ele>
        <time>2026-04-02T09:58:42+00:00</time>
      </trkpt>
      <trkpt lat="47.22701" lon="11.29543">
        <ele>947</ele>
        <time>2026-04-02T09:58:45+00:00</time>
      </trkpt>
      <trkpt lat="47.22704" lon="11.29552">
        <ele>947</ele>
        <time>2026-04-02T09:58:48+00:00</time>
      </trkpt>
      <trkpt lat="47.22705" lon="11.29561">
        <ele>950</ele>
        <time>2026-04-02T09:58:51+00:00</time>
      </trkpt>
      <trkpt lat="47.22707" lon="11.29567">
        <ele>950</ele>
        <time>2026-04-02T09:58:54+00:00</time>
      </trkpt>
      <trkpt lat="47.22714" lon="11.29581">
        <ele>948</ele>
        <time>2026-04-02T09:58:57+00:00</time>
      </trkpt>
      <trkpt lat="47.22722" lon="11.29605">
        <ele>948</ele>
        <time>2026-04-02T09:59:00+00:00</time>
      </trkpt>
      <trkpt lat="47.22722" lon="11.29642">
        <ele>950</ele>
        <time>2026-04-02T09:59:03+00:00</time>
      </trkpt>
      <trkpt lat="47.22725" lon="11.29651">
        <ele>956</ele>
        <time>2026-04-02T09:59:06+00:00</time>
      </trkpt>
      <trkpt lat="47.22737" lon="11.29668">
        <ele>953</ele>
        <time>2026-04-02T09:59:09+00:00</time>
      </trkpt>
      <trkpt lat="47.22747" lon="11.297">
        <ele>951</ele>
        <time>2026-04-02T09:59:12+00:00</time>
      </trkpt>
      <trkpt lat="47.22755" lon="11.29718">
        <ele>948</ele>
        <time>2026-04-02T09:59:15+00:00</time>
      </trkpt>
      <trkpt lat="47.22766" lon="11.29751">
        <ele>950</ele>
        <time>2026-04-02T09:59:18+00:00</time>
      </trkpt>
      <trkpt lat="47.22771" lon="11.29786">
        <ele>949</ele>
        <time>2026-04-02T09:59:21+00:00</time>
      </trkpt>
      <trkpt lat="47.22775" lon="11.29796">
        <ele>950</ele>
        <time>2026-04-02T09:59:24+00:00</time>
      </trkpt>
      <trkpt lat="47.22784" lon="11.29805">
        <ele>946</ele>
        <time>2026-04-02T09:59:27+00:00</time>
      </trkpt>
      <trkpt lat="47.22788" lon="11.29813">
        <ele>948</ele>
        <time>2026-04-02T09:59:30+00:00</time>
      </trkpt>
      <trkpt lat="47.22791" lon="11.2983">
        <ele>945</ele>
        <time>2026-04-02T09:59:33+00:00</time>
      </trkpt>
      <trkpt lat="47.22797" lon="11.29846">
        <ele>948</ele>
        <time>2026-04-02T09:59:36+00:00</time>
      </trkpt>
      <trkpt lat="47.22801" lon="11.29867">
        <ele>941</ele>
        <time>2026-04-02T09:59:39+00:00</time>
      </trkpt>
      <trkpt lat="47.22818" lon="11.29904">
        <ele>943</ele>
        <time>2026-04-02T09:59:42+00:00</time>
      </trkpt>
      <trkpt lat="47.22821" lon="11.29915">
        <ele>931</ele>
        <time>2026-04-02T09:59:45+00:00</time>
      </trkpt>
      <trkpt lat="47.22821" lon="11.29926">
        <ele>933</ele>
        <time>2026-04-02T09:59:48+00:00</time>
      </trkpt>
      <trkpt lat="47.2282" lon="11.29946">
        <ele>942</ele>
        <time>2026-04-02T09:59:51+00:00</time>
      </trkpt>
      <trkpt lat="47.22821" lon="11.29959">
        <ele>938</ele>
        <time>2026-04-02T09:59:54+00:00</time>
      </trkpt>
      <trkpt lat="47.22828" lon="11.29987">
        <ele>941</ele>
        <time>2026-04-02T09:59:57+00:00</time>
      </trkpt>
      <trkpt lat="47.22835" lon="11.3002">
        <ele>927</ele>
        <time>2026-04-02T10:00:00+00:00</time>
      </trkpt>
      <trkpt lat="47.2284" lon="11.30036">
        <ele>918</ele>
        <time>2026-04-02T10:00:03+00:00</time>
      </trkpt>
      <trkpt lat="47.2285" lon="11.30076">
        <ele>924</ele>
        <time>2026-04-02T10:00:06+00:00</time>
      </trkpt>
      <trkpt lat="47.22853" lon="11.30093">
        <ele>921</ele>
        <time>2026-04-02T10:00:09+00:00</time>
      </trkpt>
      <trkpt lat="47.22854" lon="11.30132">
        <ele>922</ele>
        <time>2026-04-02T10:00:12+00:00</time>
      </trkpt>
      <trkpt lat="47.22855" lon="11.3014">
        <ele>922</ele>
        <time>2026-04-02T10:00:15+00:00</time>
      </trkpt>
      <trkpt lat="47.22857" lon="11.30148">
        <ele>922</ele>
        <time>2026-04-02T10:00:18+00:00</time>
      </trkpt>
      <trkpt lat="47.22868" lon="11.30183">
        <ele>923</ele>
        <time>2026-04-02T10:00:21+00:00</time>
      </trkpt>
      <trkpt lat="47.2287" lon="11.30194">
        <ele>919</ele>
        <time>2026-04-02T10:00:24+00:00</time>
      </trkpt>
      <trkpt lat="47.22872" lon="11.30214">
        <ele>925</ele>
        <time>2026-04-02T10:00:27+00:00</time>
      </trkpt>
      <trkpt lat="47.22873" lon="11.30218">
        <ele>925</ele>
        <time>2026-04-02T10:00:30+00:00</time>
      </trkpt>
      <trkpt lat="47.22877" lon="11.30227">
        <ele>927</ele>
        <time>2026-04-02T10:00:33+00:00</time>
      </trkpt>
      <trkpt lat="47.22885" lon="11.30252">
        <ele>925</ele>
        <time>2026-04-02T10:00:36+00:00</time>
      </trkpt>
      <trkpt lat="47.22889" lon="11.30261">
        <ele>933</ele>
        <time>2026-04-02T10:00:39+00:00</time>
      </trkpt>
      <trkpt lat="47.22903" lon="11.30286">
        <ele>923</ele>
        <time>2026-04-02T10:00:42+00:00</time>
      </trkpt>
      <trkpt lat="47.22913" lon="11.30299">
        <ele>922</ele>
        <time>2026-04-02T10:00:45+00:00</time>
      </trkpt>
      <trkpt lat="47.22916" lon="11.30306">
        <ele>922</ele>
        <time>2026-04-02T10:00:48+00:00</time>
      </trkpt>
      <trkpt lat="47.22922" lon="11.30325">
        <ele>916</ele>
        <time>2026-04-02T10:00:51+00:00</time>
      </trkpt>
      <trkpt lat="47.22926" lon="11.30353">
        <ele>922</ele>
        <time>2026-04-02T10:00:54+00:00</time>
      </trkpt>
      <trkpt lat="47.22935" lon="11.30367">
        <ele>918</ele>
        <time>2026-04-02T10:00:57+00:00</time>
      </trkpt>
      <trkpt lat="47.22939" lon="11.30378">
        <ele>921</ele>
        <time>2026-04-02T10:01:00+00:00</time>
      </trkpt>
      <trkpt lat="47.22941" lon="11.30387">
        <ele>914</ele>
        <time>2026-04-02T10:01:03+00:00</time>
      </trkpt>
      <trkpt lat="47.22944" lon="11.30407">
        <ele>920</ele>
        <time>2026-04-02T10:01:06+00:00</time>
      </trkpt>
      <trkpt lat="47.22947" lon="11.30412">
        <ele>921</ele>
        <time>2026-04-02T10:01:09+00:00</time>
      </trkpt>
      <trkpt lat="47.22953" lon="11.30417">
        <ele>912</ele>
        <time>2026-04-02T10:01:12+00:00</time>
      </trkpt>
      <trkpt lat="47.22972" lon="11.30424">
        <ele>905</ele>
        <time>2026-04-02T10:01:15+00:00</time>
      </trkpt>
      <trkpt lat="47.22985" lon="11.30431">
        <ele>905</ele>
        <time>2026-04-02T10:01:18+00:00</time>
      </trkpt>
      <trkpt lat="47.22994" lon="11.30438">
        <ele>905</ele>
        <time>2026-04-02T10:01:21+00:00</time>
      </trkpt>
      <trkpt lat="47.2301" lon="11.30453">
        <ele>905</ele>
        <time>2026-04-02T10:01:24+00:00</time>
      </trkpt>
      <trkpt lat="47.23012" lon="11.30457">
        <ele>905</ele>
        <time>2026-04-02T10:01:27+00:00</time>
      </trkpt>
      <trkpt lat="47.23013" lon="11.30461">
        <ele>906</ele>
        <time>2026-04-02T10:01:30+00:00</time>
      </trkpt>
      <trkpt lat="47.23029" lon="11.30455">
        <ele>904</ele>
        <time>2026-04-02T10:01:33+00:00</time>
      </trkpt>
      <trkpt lat="47.23046" lon="11.30443">
        <ele>902</ele>
        <time>2026-04-02T10:01:36+00:00</time>
      </trkpt>
      <trkpt lat="47.23076" lon="11.30418">
        <ele>897</ele>
        <time>2026-04-02T10:01:39+00:00</time>
      </trkpt>
      <trkpt lat="47.23083" lon="11.30411">
        <ele>897</ele>
        <time>2026-04-02T10:01:42+00:00</time>
      </trkpt>
      <trkpt lat="47.23098" lon="11.30385">
        <ele>894</ele>
        <time>2026-04-02T10:01:45+00:00</time>
      </trkpt>
      <trkpt lat="47.23118" lon="11.30348">
        <ele>890</ele>
        <time>2026-04-02T10:01:48+00:00</time>
      </trkpt>
      <trkpt lat="47.23128" lon="11.30321">
        <ele>888</ele>
        <time>2026-04-02T10:01:51+00:00</time>
      </trkpt>
      <trkpt lat="47.23133" lon="11.30313">
        <ele>887</ele>
        <time>2026-04-02T10:01:54+00:00</time>
      </trkpt>
      <trkpt lat="47.23144" lon="11.303">
        <ele>886</ele>
        <time>2026-04-02T10:01:57+00:00</time>
      </trkpt>
      <trkpt lat="47.23165" lon="11.30279">
        <ele>883</ele>
        <time>2026-04-02T10:02:00+00:00</time>
      </trkpt>
      <trkpt lat="47.23184" lon="11.30263">
        <ele>882</ele>
        <time>2026-04-02T10:02:03+00:00</time>
      </trkpt>
      <trkpt lat="47.23191" lon="11.3026">
        <ele>880</ele>
        <time>2026-04-02T10:02:06+00:00</time>
      </trkpt>
      <trkpt lat="47.23209" lon="11.30256">
        <ele>879</ele>
        <time>2026-04-02T10:02:09+00:00</time>
      </trkpt>
      <trkpt lat="47.23219" lon="11.3025">
        <ele>879</ele>
        <time>2026-04-02T10:02:12+00:00</time>
      </trkpt>
      <trkpt lat="47.23233" lon="11.30237">
        <ele>877</ele>
        <time>2026-04-02T10:02:15+00:00</time>
      </trkpt>
      <trkpt lat="47.23242" lon="11.30224">
        <ele>876</ele>
        <time>2026-04-02T10:02:18+00:00</time>
      </trkpt>
      <trkpt lat="47.23253" lon="11.30204">
        <ele>874</ele>
        <time>2026-04-02T10:02:21+00:00</time>
      </trkpt>
      <trkpt lat="47.23261" lon="11.30188">
        <ele>872</ele>
        <time>2026-04-02T10:02:24+00:00</time>
      </trkpt>
      <trkpt lat="47.23265" lon="11.30173">
        <ele>872</ele>
        <time>2026-04-02T10:02:27+00:00</time>
      </trkpt>
      <trkpt lat="47.23279" lon="11.3015">
        <ele>871</ele>
        <time>2026-04-02T10:02:30+00:00</time>
      </trkpt>
      <trkpt lat="47.23296" lon="11.30127">
        <ele>868</ele>
        <time>2026-04-02T10:02:33+00:00</time>
      </trkpt>
      <trkpt lat="47.23318" lon="11.30101">
        <ele>867</ele>
        <time>2026-04-02T10:02:36+00:00</time>
      </trkpt>
      <trkpt lat="47.23351" lon="11.30059">
        <ele>865</ele>
        <time>2026-04-02T10:02:39+00:00</time>
      </trkpt>
      <trkpt lat="47.23374" lon="11.30034">
        <ele>865</ele>
        <time>2026-04-02T10:02:42+00:00</time>
      </trkpt>
      <trkpt lat="47.23413" lon="11.29992">
        <ele>861</ele>
        <time>2026-04-02T10:02:45+00:00</time>
      </trkpt>
      <trkpt lat="47.2345" lon="11.29953">
        <ele>861</ele>
        <time>2026-04-02T10:02:48+00:00</time>
      </trkpt>
      <trkpt lat="47.23474" lon="11.29939">
        <ele>860</ele>
        <time>2026-04-02T10:02:51+00:00</time>
      </trkpt>
      <trkpt lat="47.23487" lon="11.29936">
        <ele>859</ele>
        <time>2026-04-02T10:02:54+00:00</time>
      </trkpt>
      <trkpt lat="47.23502" lon="11.29937">
        <ele>859</ele>
        <time>2026-04-02T10:02:57+00:00</time>
      </trkpt>
      <trkpt lat="47.2351" lon="11.29945">
        <ele>857</ele>
        <time>2026-04-02T10:03:00+00:00</time>
      </trkpt>
      <trkpt lat="47.23515" lon="11.29948">
        <ele>857</ele>
        <time>2026-04-02T10:03:03+00:00</time>
      </trkpt>
      <trkpt lat="47.23525" lon="11.29949">
        <ele>858</ele>
        <time>2026-04-02T10:03:06+00:00</time>
      </trkpt>
      <trkpt lat="47.23532" lon="11.29948">
        <ele>858</ele>
        <time>2026-04-02T10:03:09+00:00</time>
      </trkpt>
      <trkpt lat="47.23544" lon="11.29949">
        <ele>857</ele>
        <time>2026-04-02T10:03:12+00:00</time>
      </trkpt>
      <trkpt lat="47.2355" lon="11.29948">
        <ele>857</ele>
        <time>2026-04-02T10:03:15+00:00</time>
      </trkpt>
      <trkpt lat="47.23567" lon="11.29959">
        <ele>857</ele>
        <time>2026-04-02T10:03:18+00:00</time>
      </trkpt>
      <trkpt lat="47.23583" lon="11.29972">
        <ele>857</ele>
        <time>2026-04-02T10:03:21+00:00</time>
      </trkpt>
      <trkpt lat="47.23592" lon="11.29982">
        <ele>857</ele>
        <time>2026-04-02T10:03:24+00:00</time>
      </trkpt>
      <trkpt lat="47.23599" lon="11.29986">
        <ele>858</ele>
        <time>2026-04-02T10:03:27+00:00</time>
      </trkpt>
      <trkpt lat="47.23609" lon="11.29972">
        <ele>857</ele>
        <time>2026-04-02T10:03:30+00:00</time>
      </trkpt>
      <trkpt lat="47.23617" lon="11.29954">
        <ele>857</ele>
        <time>2026-04-02T10:03:33+00:00</time>
      </trkpt>
      <trkpt lat="47.23624" lon="11.29943">
        <ele>857</ele>
        <time>2026-04-02T10:03:36+00:00</time>
      </trkpt>
      <trkpt lat="47.23636" lon="11.29938">
        <ele>857</ele>
        <time>2026-04-02T10:03:39+00:00</time>
      </trkpt>
      <trkpt lat="47.23659" lon="11.29939">
        <ele>857</ele>
        <time>2026-04-02T10:03:42+00:00</time>
      </trkpt>
      <trkpt lat="47.23673" lon="11.29943">
        <ele>859</ele>
        <time>2026-04-02T10:03:45+00:00</time>
      </trkpt>
      <trkpt lat="47.23681" lon="11.29924">
        <ele>857</ele>
        <time>2026-04-02T10:03:48+00:00</time>
      </trkpt>
      <trkpt lat="47.23688" lon="11.29902">
        <ele>858</ele>
        <time>2026-04-02T10:03:51+00:00</time>
      </trkpt>
      <trkpt lat="47.23688" lon="11.29892">
        <ele>858</ele>
        <time>2026-04-02T10:03:54+00:00</time>
      </trkpt>
      <trkpt lat="47.23705" lon="11.2989">
        <ele>859</ele>
        <time>2026-04-02T10:03:57+00:00</time>
      </trkpt>
      <trkpt lat="47.23722" lon="11.29892">
        <ele>859</ele>
        <time>2026-04-02T10:04:00+00:00</time>
      </trkpt>
      <trkpt lat="47.23744" lon="11.29895">
        <ele>860</ele>
        <time>2026-04-02T10:04:03+00:00</time>
      </trkpt>
      <trkpt lat="47.23744" lon="11.29896">
        <ele>860</ele>
        <time>2026-04-02T10:04:06+00:00</time>
      </trkpt>
      <trkpt lat="47.23749" lon="11.29896">
        <ele>860</ele>
        <time>2026-04-02T10:04:09+00:00</time>
      </trkpt>
      <trkpt lat="47.23762" lon="11.299">
        <ele>861</ele>
        <time>2026-04-02T10:04:12+00:00</time>
      </trkpt>
      <trkpt lat="47.23791" lon="11.29899">
        <ele>861</ele>
        <time>2026-04-02T10:04:15+00:00</time>
      </trkpt>
      <trkpt lat="47.23838" lon="11.29897">
        <ele>859</ele>
        <time>2026-04-02T10:04:18+00:00</time>
      </trkpt>
      <trkpt lat="47.23845" lon="11.29874">
        <ele>857</ele>
        <time>2026-04-02T10:04:21+00:00</time>
      </trkpt>
      <trkpt lat="47.2385" lon="11.29893">
        <ele>857</ele>
        <time>2026-04-02T10:04:24+00:00</time>
      </trkpt>
      <trkpt lat="47.23889" lon="11.29894">
        <ele>855</ele>
        <time>2026-04-02T10:04:27+00:00</time>
      </trkpt>
      <trkpt lat="47.23896" lon="11.29896">
        <ele>850</ele>
        <time>2026-04-02T10:04:30+00:00</time>
      </trkpt>
      <trkpt lat="47.239" lon="11.29899">
        <ele>850</ele>
        <time>2026-04-02T10:04:33+00:00</time>
      </trkpt>
      <trkpt lat="47.23901" lon="11.29907">
        <ele>851</ele>
        <time>2026-04-02T10:04:36+00:00</time>
      </trkpt>
      <trkpt lat="47.23901" lon="11.29935">
        <ele>853</ele>
        <time>2026-04-02T10:04:39+00:00</time>
      </trkpt>
      <trkpt lat="47.23902" lon="11.29945">
        <ele>854</ele>
        <time>2026-04-02T10:04:42+00:00</time>
      </trkpt>
      <trkpt lat="47.23909" lon="11.29949">
        <ele>854</ele>
        <time>2026-04-02T10:04:45+00:00</time>
      </trkpt>
      <trkpt lat="47.23918" lon="11.29943">
        <ele>853</ele>
        <time>2026-04-02T10:04:48+00:00</time>
      </trkpt>
      <trkpt lat="47.23924" lon="11.2994">
        <ele>853</ele>
        <time>2026-04-02T10:04:51+00:00</time>
      </trkpt>
      <trkpt lat="47.2393" lon="11.29939">
        <ele>852</ele>
        <time>2026-04-02T10:04:54+00:00</time>
      </trkpt>
      <trkpt lat="47.23937" lon="11.29943">
        <ele>853</ele>
        <time>2026-04-02T10:04:57+00:00</time>
      </trkpt>
      <trkpt lat="47.23942" lon="11.29949">
        <ele>854</ele>
        <time>2026-04-02T10:05:00+00:00</time>
      </trkpt>
      <trkpt lat="47.23949" lon="11.29963">
        <ele>855</ele>
        <time>2026-04-02T10:05:03+00:00</time>
      </trkpt>
      <trkpt lat="47.23957" lon="11.29972">
        <ele>854</ele>
        <time>2026-04-02T10:05:06+00:00</time>
      </trkpt>
      <trkpt lat="47.23977" lon="11.29981">
        <ele>851</ele>
        <time>2026-04-02T10:05:09+00:00</time>
      </trkpt>
      <trkpt lat="47.23987" lon="11.29987">
        <ele>853</ele>
        <time>2026-04-02T10:05:12+00:00</time>
      </trkpt>
      <trkpt lat="47.23998" lon="11.2999">
        <ele>848</ele>
        <time>2026-04-02T10:05:15+00:00</time>
      </trkpt>
      <trkpt lat="47.24003" lon="11.29994">
        <ele>845</ele>
        <time>2026-04-02T10:05:18+00:00</time>
      </trkpt>
      <trkpt lat="47.24013" lon="11.29994">
        <ele>842</ele>
        <time>2026-04-02T10:05:21+00:00</time>
      </trkpt>
      <trkpt lat="47.24024" lon="11.29999">
        <ele>839</ele>
        <time>2026-04-02T10:05:24+00:00</time>
      </trkpt>
      <trkpt lat="47.24037" lon="11.30008">
        <ele>838</ele>
        <time>2026-04-02T10:05:27+00:00</time>
      </trkpt>
      <trkpt lat="47.24048" lon="11.30034">
        <ele>837</ele>
        <time>2026-04-02T10:05:30+00:00</time>
      </trkpt>
      <trkpt lat="47.24062" lon="11.3007">
        <ele>830</ele>
        <time>2026-04-02T10:05:33+00:00</time>
      </trkpt>
      <trkpt lat="47.2407" lon="11.30081">
        <ele>831</ele>
        <time>2026-04-02T10:05:36+00:00</time>
      </trkpt>
      <trkpt lat="47.24083" lon="11.30106">
        <ele>829</ele>
        <time>2026-04-02T10:05:39+00:00</time>
      </trkpt>
      <trkpt lat="47.24085" lon="11.30123">
        <ele>822</ele>
        <time>2026-04-02T10:05:42+00:00</time>
      </trkpt>
      <trkpt lat="47.2408" lon="11.30139">
        <ele>828</ele>
        <time>2026-04-02T10:05:45+00:00</time>
      </trkpt>
      <trkpt lat="47.24082" lon="11.30146">
        <ele>819</ele>
        <time>2026-04-02T10:05:48+00:00</time>
      </trkpt>
      <trkpt lat="47.2409" lon="11.30144">
        <ele>819</ele>
        <time>2026-04-02T10:05:51+00:00</time>
      </trkpt>
      <trkpt lat="47.24096" lon="11.30149">
        <ele>798</ele>
        <time>2026-04-02T10:05:54+00:00</time>
      </trkpt>
      <trkpt lat="47.24099" lon="11.30157">
        <ele>796</ele>
        <time>2026-04-02T10:05:57+00:00</time>
      </trkpt>
      <trkpt lat="47.241" lon="11.30167">
        <ele>795</ele>
        <time>2026-04-02T10:06:00+00:00</time>
      </trkpt>
      <trkpt lat="47.24095" lon="11.30185">
        <ele>794</ele>
        <time>2026-04-02T10:06:03+00:00</time>
      </trkpt>
      <trkpt lat="47.24095" lon="11.30203">
        <ele>792</ele>
        <time>2026-04-02T10:06:06+00:00</time>
      </trkpt>
      <trkpt lat="47.24092" lon="11.30235">
        <ele>792</ele>
        <time>2026-04-02T10:06:09+00:00</time>
      </trkpt>
      <trkpt lat="47.24088" lon="11.30247">
        <ele>794</ele>
        <time>2026-04-02T10:06:12+00:00</time>
      </trkpt>
      <trkpt lat="47.24088" lon="11.30273">
        <ele>792</ele>
        <time>2026-04-02T10:06:15+00:00</time>
      </trkpt>
      <trkpt lat="47.24084" lon="11.30273">
        <ele>790</ele>
        <time>2026-04-02T10:06:18+00:00</time>
      </trkpt>
      <trkpt lat="47.24073" lon="11.30294">
        <ele>787</ele>
        <time>2026-04-02T10:06:21+00:00</time>
      </trkpt>
      <trkpt lat="47.24078" lon="11.30295">
        <ele>793</ele>
        <time>2026-04-02T10:06:24+00:00</time>
      </trkpt>
      <trkpt lat="47.24092" lon="11.30287">
        <ele>782</ele>
        <time>2026-04-02T10:06:27+00:00</time>
      </trkpt>
      <trkpt lat="47.24099" lon="11.30287">
        <ele>782</ele>
        <time>2026-04-02T10:06:30+00:00</time>
      </trkpt>
      <trkpt lat="47.24095" lon="11.30302">
        <ele>780</ele>
        <time>2026-04-02T10:06:33+00:00</time>
      </trkpt>
      <trkpt lat="47.24095" lon="11.30311">
        <ele>779</ele>
        <time>2026-04-02T10:06:36+00:00</time>
      </trkpt>
      <trkpt lat="47.24104" lon="11.30325">
        <ele>772</ele>
        <time>2026-04-02T10:06:39+00:00</time>
      </trkpt>
      <trkpt lat="47.24117" lon="11.30329">
        <ele>766</ele>
        <time>2026-04-02T10:06:42+00:00</time>
      </trkpt>
      <trkpt lat="47.24122" lon="11.30332">
        <ele>759</ele>
        <time>2026-04-02T10:06:45+00:00</time>
      </trkpt>
      <trkpt lat="47.2413" lon="11.3035">
        <ele>755</ele>
        <time>2026-04-02T10:06:48+00:00</time>
      </trkpt>
      <trkpt lat="47.24149" lon="11.30376">
        <ele>753</ele>
        <time>2026-04-02T10:06:51+00:00</time>
      </trkpt>
      <trkpt lat="47.24154" lon="11.30388">
        <ele>750</ele>
        <time>2026-04-02T10:06:54+00:00</time>
      </trkpt>
      <trkpt lat="47.24156" lon="11.304">
        <ele>750</ele>
        <time>2026-04-02T10:06:57+00:00</time>
      </trkpt>
      <trkpt lat="47.24163" lon="11.30417">
        <ele>746</ele>
        <time>2026-04-02T10:07:00+00:00</time>
      </trkpt>
      <trkpt lat="47.24164" lon="11.30439">
        <ele>746</ele>
        <time>2026-04-02T10:07:03+00:00</time>
      </trkpt>
      <trkpt lat="47.24169" lon="11.30442">
        <ele>746</ele>
        <time>2026-04-02T10:07:06+00:00</time>
      </trkpt>
      <trkpt lat="47.24171" lon="11.3045">
        <ele>742</ele>
        <time>2026-04-02T10:07:09+00:00</time>
      </trkpt>
      <trkpt lat="47.24176" lon="11.30459">
        <ele>742</ele>
        <time>2026-04-02T10:07:12+00:00</time>
      </trkpt>
      <trkpt lat="47.24178" lon="11.30467">
        <ele>743</ele>
        <time>2026-04-02T10:07:15+00:00</time>
      </trkpt>
      <trkpt lat="47.24197" lon="11.30492">
        <ele>740</ele>
        <time>2026-04-02T10:07:18+00:00</time>
      </trkpt>
      <trkpt lat="47.24205" lon="11.30488">
        <ele>733</ele>
        <time>2026-04-02T10:07:21+00:00</time>
      </trkpt>
      <trkpt lat="47.24189" lon="11.30461">
        <ele>739</ele>
        <time>2026-04-02T10:07:24+00:00</time>
      </trkpt>
      <trkpt lat="47.24186" lon="11.30447">
        <ele>738</ele>
        <time>2026-04-02T10:07:27+00:00</time>
      </trkpt>
      <trkpt lat="47.24184" lon="11.3043">
        <ele>739</ele>
        <time>2026-04-02T10:07:30+00:00</time>
      </trkpt>
      <trkpt lat="47.242" lon="11.30431">
        <ele>737</ele>
        <time>2026-04-02T10:07:33+00:00</time>
      </trkpt>
      <trkpt lat="47.24203" lon="11.30434">
        <ele>737</ele>
        <time>2026-04-02T10:07:36+00:00</time>
      </trkpt>
      <trkpt lat="47.24213" lon="11.3046">
        <ele>736</ele>
        <time>2026-04-02T10:07:39+00:00</time>
      </trkpt>
      <trkpt lat="47.24232" lon="11.30479">
        <ele>734</ele>
        <time>2026-04-02T10:07:42+00:00</time>
      </trkpt>
      <trkpt lat="47.2424" lon="11.30486">
        <ele>732</ele>
        <time>2026-04-02T10:07:45+00:00</time>
      </trkpt>
      <trkpt lat="47.24251" lon="11.30488">
        <ele>729</ele>
        <time>2026-04-02T10:07:48+00:00</time>
      </trkpt>
      <trkpt lat="47.24261" lon="11.30487">
        <ele>730</ele>
        <time>2026-04-02T10:07:51+00:00</time>
      </trkpt>
      <trkpt lat="47.24287" lon="11.30481">
        <ele>727</ele>
        <time>2026-04-02T10:07:54+00:00</time>
      </trkpt>
      <trkpt lat="47.24307" lon="11.30484">
        <ele>725</ele>
        <time>2026-04-02T10:07:57+00:00</time>
      </trkpt>
      <trkpt lat="47.2432" lon="11.30483">
        <ele>726</ele>
        <time>2026-04-02T10:08:00+00:00</time>
      </trkpt>
      <trkpt lat="47.24325" lon="11.30485">
        <ele>727</ele>
        <time>2026-04-02T10:08:03+00:00</time>
      </trkpt>
      <trkpt lat="47.24341" lon="11.30504">
        <ele>719</ele>
        <time>2026-04-02T10:08:06+00:00</time>
      </trkpt>
      <trkpt lat="47.24366" lon="11.30533">
        <ele>713</ele>
        <time>2026-04-02T10:08:09+00:00</time>
      </trkpt>
      <trkpt lat="47.24379" lon="11.30556">
        <ele>710</ele>
        <time>2026-04-02T10:08:12+00:00</time>
      </trkpt>
      <trkpt lat="47.24391" lon="11.30583">
        <ele>710</ele>
        <time>2026-04-02T10:08:15+00:00</time>
      </trkpt>
      <trkpt lat="47.24405" lon="11.30609">
        <ele>707</ele>
        <time>2026-04-02T10:08:18+00:00</time>
      </trkpt>
      <trkpt lat="47.24418" lon="11.30646">
        <ele>702</ele>
        <time>2026-04-02T10:08:21+00:00</time>
      </trkpt>
      <trkpt lat="47.2442" lon="11.30658">
        <ele>706</ele>
        <time>2026-04-02T10:08:24+00:00</time>
      </trkpt>
      <trkpt lat="47.24421" lon="11.30706">
        <ele>702</ele>
        <time>2026-04-02T10:08:27+00:00</time>
      </trkpt>
      <trkpt lat="47.2442" lon="11.30723">
        <ele>702</ele>
        <time>2026-04-02T10:08:30+00:00</time>
      </trkpt>
      <trkpt lat="47.24421" lon="11.30742">
        <ele>703</ele>
        <time>2026-04-02T10:08:33+00:00</time>
      </trkpt>
      <trkpt lat="47.24423" lon="11.30756">
        <ele>703</ele>
        <time>2026-04-02T10:08:36+00:00</time>
      </trkpt>
      <trkpt lat="47.24432" lon="11.3078">
        <ele>705</ele>
        <time>2026-04-02T10:08:39+00:00</time>
      </trkpt>
      <trkpt lat="47.24441" lon="11.30806">
        <ele>705</ele>
        <time>2026-04-02T10:08:42+00:00</time>
      </trkpt>
      <trkpt lat="47.24447" lon="11.30832">
        <ele>704</ele>
        <time>2026-04-02T10:08:45+00:00</time>
      </trkpt>
      <trkpt lat="47.24456" lon="11.30845">
        <ele>702</ele>
        <time>2026-04-02T10:08:48+00:00</time>
      </trkpt>
      <trkpt lat="47.24468" lon="11.30856">
        <ele>703</ele>
        <time>2026-04-02T10:08:51+00:00</time>
      </trkpt>
      <trkpt lat="47.24476" lon="11.30868">
        <ele>701</ele>
        <time>2026-04-02T10:08:54+00:00</time>
      </trkpt>
      <trkpt lat="47.24479" lon="11.30878">
        <ele>703</ele>
        <time>2026-04-02T10:08:57+00:00</time>
      </trkpt>
      <trkpt lat="47.24482" lon="11.30893">
        <ele>697</ele>
        <time>2026-04-02T10:09:00+00:00</time>
      </trkpt>
      <trkpt lat="47.24493" lon="11.30913">
        <ele>696</ele>
        <time>2026-04-02T10:09:03+00:00</time>
      </trkpt>
      <trkpt lat="47.24496" lon="11.30923">
        <ele>699</ele>
        <time>2026-04-02T10:09:06+00:00</time>
      </trkpt>
      <trkpt lat="47.24498" lon="11.30935">
        <ele>693</ele>
        <time>2026-04-02T10:09:09+00:00</time>
      </trkpt>
      <trkpt lat="47.24498" lon="11.30962">
        <ele>689</ele>
        <time>2026-04-02T10:09:12+00:00</time>
      </trkpt>
      <trkpt lat="47.24499" lon="11.30977">
        <ele>691</ele>
        <time>2026-04-02T10:09:15+00:00</time>
      </trkpt>
      <trkpt lat="47.24503" lon="11.30993">
        <ele>689</ele>
        <time>2026-04-02T10:09:18+00:00</time>
      </trkpt>
      <trkpt lat="47.24508" lon="11.31006">
        <ele>685</ele>
        <time>2026-04-02T10:09:21+00:00</time>
      </trkpt>
      <trkpt lat="47.24515" lon="11.31016">
        <ele>690</ele>
        <time>2026-04-02T10:09:24+00:00</time>
      </trkpt>
      <trkpt lat="47.24531" lon="11.31028">
        <ele>693</ele>
        <time>2026-04-02T10:09:27+00:00</time>
      </trkpt>
      <trkpt lat="47.24555" lon="11.31039">
        <ele>690</ele>
        <time>2026-04-02T10:09:30+00:00</time>
      </trkpt>
      <trkpt lat="47.2456" lon="11.31045">
        <ele>683</ele>
        <time>2026-04-02T10:09:33+00:00</time>
      </trkpt>
      <trkpt lat="47.24563" lon="11.31054">
        <ele>679</ele>
        <time>2026-04-02T10:09:36+00:00</time>
      </trkpt>
      <trkpt lat="47.24564" lon="11.31059">
        <ele>679</ele>
        <time>2026-04-02T10:09:39+00:00</time>
      </trkpt>
      <trkpt lat="47.24565" lon="11.31095">
        <ele>690</ele>
        <time>2026-04-02T10:09:42+00:00</time>
      </trkpt>
      <trkpt lat="47.24568" lon="11.31103">
        <ele>687</ele>
        <time>2026-04-02T10:09:45+00:00</time>
      </trkpt>
      <trkpt lat="47.24586" lon="11.31115">
        <ele>690</ele>
        <time>2026-04-02T10:09:48+00:00</time>
      </trkpt>
      <trkpt lat="47.24595" lon="11.31125">
        <ele>684</ele>
        <time>2026-04-02T10:09:51+00:00</time>
      </trkpt>
      <trkpt lat="47.24603" lon="11.31138">
        <ele>683</ele>
        <time>2026-04-02T10:09:54+00:00</time>
      </trkpt>
      <trkpt lat="47.24608" lon="11.31151">
        <ele>677</ele>
        <time>2026-04-02T10:09:57+00:00</time>
      </trkpt>
      <trkpt lat="47.24612" lon="11.31166">
        <ele>681</ele>
        <time>2026-04-02T10:10:00+00:00</time>
      </trkpt>
      <trkpt lat="47.24613" lon="11.3118">
        <ele>677</ele>
        <time>2026-04-02T10:10:03+00:00</time>
      </trkpt>
      <trkpt lat="47.24611" lon="11.31197">
        <ele>675</ele>
        <time>2026-04-02T10:10:06+00:00</time>
      </trkpt>
      <trkpt lat="47.24612" lon="11.31207">
        <ele>674</ele>
        <time>2026-04-02T10:10:09+00:00</time>
      </trkpt>
      <trkpt lat="47.24615" lon="11.31217">
        <ele>674</ele>
        <time>2026-04-02T10:10:12+00:00</time>
      </trkpt>
      <trkpt lat="47.24625" lon="11.31241">
        <ele>673</ele>
        <time>2026-04-02T10:10:15+00:00</time>
      </trkpt>
      <trkpt lat="47.24637" lon="11.3127">
        <ele>671</ele>
        <time>2026-04-02T10:10:18+00:00</time>
      </trkpt>
      <trkpt lat="47.24643" lon="11.3128">
        <ele>669</ele>
        <time>2026-04-02T10:10:21+00:00</time>
      </trkpt>
      <trkpt lat="47.24657" lon="11.31296">
        <ele>671</ele>
        <time>2026-04-02T10:10:24+00:00</time>
      </trkpt>
      <trkpt lat="47.24653" lon="11.31265">
        <ele>671</ele>
        <time>2026-04-02T10:10:27+00:00</time>
      </trkpt>
      <trkpt lat="47.24654" lon="11.31257">
        <ele>678</ele>
        <time>2026-04-02T10:10:30+00:00</time>
      </trkpt>
      <trkpt lat="47.24655" lon="11.31254">
        <ele>678</ele>
        <time>2026-04-02T10:10:33+00:00</time>
      </trkpt>
      <trkpt lat="47.24658" lon="11.31254">
        <ele>678</ele>
        <time>2026-04-02T10:10:36+00:00</time>
      </trkpt>
      <trkpt lat="47.24678" lon="11.31261">
        <ele>678</ele>
        <time>2026-04-02T10:10:39+00:00</time>
      </trkpt>
      <trkpt lat="47.24713" lon="11.31261">
        <ele>694</ele>
        <time>2026-04-02T10:10:42+00:00</time>
      </trkpt>
      <trkpt lat="47.24733" lon="11.31263">
        <ele>699</ele>
        <time>2026-04-02T10:10:45+00:00</time>
      </trkpt>
      <trkpt lat="47.24743" lon="11.31262">
        <ele>700</ele>
        <time>2026-04-02T10:10:48+00:00</time>
      </trkpt>
      <trkpt lat="47.24752" lon="11.31259">
        <ele>707</ele>
        <time>2026-04-02T10:10:51+00:00</time>
      </trkpt>
      <trkpt lat="47.24755" lon="11.31256">
        <ele>707</ele>
        <time>2026-04-02T10:10:54+00:00</time>
      </trkpt>
      <trkpt lat="47.24758" lon="11.31251">
        <ele>707</ele>
        <time>2026-04-02T10:10:57+00:00</time>
      </trkpt>
      <trkpt lat="47.24769" lon="11.31255">
        <ele>710</ele>
        <time>2026-04-02T10:11:00+00:00</time>
      </trkpt>
      <trkpt lat="47.24789" lon="11.3127">
        <ele>708</ele>
        <time>2026-04-02T10:11:03+00:00</time>
      </trkpt>
      <trkpt lat="47.248" lon="11.31286">
        <ele>714</ele>
        <time>2026-04-02T10:11:06+00:00</time>
      </trkpt>
      <trkpt lat="47.24814" lon="11.31317">
        <ele>707</ele>
        <time>2026-04-02T10:11:09+00:00</time>
      </trkpt>
      <trkpt lat="47.24828" lon="11.31323">
        <ele>706</ele>
        <time>2026-04-02T10:11:12+00:00</time>
      </trkpt>
      <trkpt lat="47.24834" lon="11.31361">
        <ele>694</ele>
        <time>2026-04-02T10:11:15+00:00</time>
      </trkpt>
      <trkpt lat="47.24846" lon="11.31371">
        <ele>695</ele>
        <time>2026-04-02T10:11:18+00:00</time>
      </trkpt>
      <trkpt lat="47.24858" lon="11.31405">
        <ele>692</ele>
        <time>2026-04-02T10:11:21+00:00</time>
      </trkpt>
      <trkpt lat="47.2487" lon="11.31439">
        <ele>694</ele>
        <time>2026-04-02T10:11:24+00:00</time>
      </trkpt>
      <trkpt lat="47.24882" lon="11.31474">
        <ele>691</ele>
        <time>2026-04-02T10:11:27+00:00</time>
      </trkpt>
      <trkpt lat="47.24892" lon="11.31529">
        <ele>689</ele>
        <time>2026-04-02T10:11:30+00:00</time>
      </trkpt>
      <trkpt lat="47.24902" lon="11.31576">
        <ele>688</ele>
        <time>2026-04-02T10:11:33+00:00</time>
      </trkpt>
      <trkpt lat="47.2492" lon="11.31629">
        <ele>677</ele>
        <time>2026-04-02T10:11:36+00:00</time>
      </trkpt>
      <trkpt lat="47.24929" lon="11.31666">
        <ele>674</ele>
        <time>2026-04-02T10:11:39+00:00</time>
      </trkpt>
      <trkpt lat="47.24948" lon="11.31697">
        <ele>675</ele>
        <time>2026-04-02T10:11:42+00:00</time>
      </trkpt>
      <trkpt lat="47.24962" lon="11.31725">
        <ele>674</ele>
        <time>2026-04-02T10:11:45+00:00</time>
      </trkpt>
      <trkpt lat="47.24976" lon="11.31754">
        <ele>673</ele>
        <time>2026-04-02T10:11:48+00:00</time>
      </trkpt>
      <trkpt lat="47.24988" lon="11.31785">
        <ele>668</ele>
        <time>2026-04-02T10:11:51+00:00</time>
      </trkpt>
      <trkpt lat="47.24999" lon="11.31816">
        <ele>665</ele>
        <time>2026-04-02T10:11:54+00:00</time>
      </trkpt>
      <trkpt lat="47.25004" lon="11.31821">
        <ele>665</ele>
        <time>2026-04-02T10:11:57+00:00</time>
      </trkpt>
      <trkpt lat="47.25017" lon="11.31852">
        <ele>662</ele>
        <time>2026-04-02T10:12:00+00:00</time>
      </trkpt>
      <trkpt lat="47.25033" lon="11.31895">
        <ele>662</ele>
        <time>2026-04-02T10:12:03+00:00</time>
      </trkpt>
      <trkpt lat="47.25041" lon="11.31939">
        <ele>662</ele>
        <time>2026-04-02T10:12:06+00:00</time>
      </trkpt>
      <trkpt lat="47.25043" lon="11.31978">
        <ele>660</ele>
        <time>2026-04-02T10:12:09+00:00</time>
      </trkpt>
      <trkpt lat="47.25045" lon="11.3203">
        <ele>658</ele>
        <time>2026-04-02T10:12:12+00:00</time>
      </trkpt>
      <trkpt lat="47.25048" lon="11.32079">
        <ele>658</ele>
        <time>2026-04-02T10:12:15+00:00</time>
      </trkpt>
      <trkpt lat="47.25051" lon="11.32115">
        <ele>658</ele>
        <time>2026-04-02T10:12:18+00:00</time>
      </trkpt>
      <trkpt lat="47.25055" lon="11.32157">
        <ele>656</ele>
        <time>2026-04-02T10:12:21+00:00</time>
      </trkpt>
      <trkpt lat="47.25045" lon="11.32178">
        <ele>653</ele>
        <time>2026-04-02T10:12:24+00:00</time>
      </trkpt>
      <trkpt lat="47.25042" lon="11.32199">
        <ele>652</ele>
        <time>2026-04-02T10:12:27+00:00</time>
      </trkpt>
      <trkpt lat="47.25039" lon="11.32233">
        <ele>647</ele>
        <time>2026-04-02T10:12:30+00:00</time>
      </trkpt>
      <trkpt lat="47.25036" lon="11.32269">
        <ele>647</ele>
        <time>2026-04-02T10:12:33+00:00</time>
      </trkpt>
      <trkpt lat="47.25035" lon="11.32303">
        <ele>645</ele>
        <time>2026-04-02T10:12:36+00:00</time>
      </trkpt>
      <trkpt lat="47.25034" lon="11.32337">
        <ele>645</ele>
        <time>2026-04-02T10:12:39+00:00</time>
      </trkpt>
      <trkpt lat="47.25035" lon="11.32353">
        <ele>643</ele>
        <time>2026-04-02T10:12:42+00:00</time>
      </trkpt>
      <trkpt lat="47.25039" lon="11.32362">
        <ele>643</ele>
        <time>2026-04-02T10:12:45+00:00</time>
      </trkpt>
      <trkpt lat="47.25047" lon="11.32365">
        <ele>645</ele>
        <time>2026-04-02T10:12:48+00:00</time>
      </trkpt>
      <trkpt lat="47.25055" lon="11.32365">
        <ele>647</ele>
        <time>2026-04-02T10:12:51+00:00</time>
      </trkpt>
      <trkpt lat="47.2506" lon="11.32368">
        <ele>649</ele>
        <time>2026-04-02T10:12:54+00:00</time>
      </trkpt>
      <trkpt lat="47.25065" lon="11.32374">
        <ele>648</ele>
        <time>2026-04-02T10:12:57+00:00</time>
      </trkpt>
      <trkpt lat="47.25078" lon="11.32376">
        <ele>650</ele>
        <time>2026-04-02T10:13:00+00:00</time>
      </trkpt>
      <trkpt lat="47.25087" lon="11.32382">
        <ele>645</ele>
        <time>2026-04-02T10:13:03+00:00</time>
      </trkpt>
      <trkpt lat="47.25089" lon="11.32385">
        <ele>650</ele>
        <time>2026-04-02T10:13:06+00:00</time>
      </trkpt>
      <trkpt lat="47.25088" lon="11.32389">
        <ele>650</ele>
        <time>2026-04-02T10:13:09+00:00</time>
      </trkpt>
      <trkpt lat="47.25082" lon="11.3239">
        <ele>650</ele>
        <time>2026-04-02T10:13:12+00:00</time>
      </trkpt>
      <trkpt lat="47.25053" lon="11.32411">
        <ele>642</ele>
        <time>2026-04-02T10:13:15+00:00</time>
      </trkpt>
      <trkpt lat="47.25033" lon="11.32437">
        <ele>636</ele>
        <time>2026-04-02T10:13:18+00:00</time>
      </trkpt>
      <trkpt lat="47.25026" lon="11.32453">
        <ele>633</ele>
        <time>2026-04-02T10:13:21+00:00</time>
      </trkpt>
      <trkpt lat="47.25022" lon="11.32471">
        <ele>633</ele>
        <time>2026-04-02T10:13:24+00:00</time>
      </trkpt>
      <trkpt lat="47.25018" lon="11.32508">
        <ele>629</ele>
        <time>2026-04-02T10:13:27+00:00</time>
      </trkpt>
      <trkpt lat="47.2502" lon="11.32523">
        <ele>629</ele>
        <time>2026-04-02T10:13:30+00:00</time>
      </trkpt>
      <trkpt lat="47.25024" lon="11.32538">
        <ele>628</ele>
        <time>2026-04-02T10:13:33+00:00</time>
      </trkpt>
      <trkpt lat="47.25037" lon="11.32578">
        <ele>624</ele>
        <time>2026-04-02T10:13:36+00:00</time>
      </trkpt>
      <trkpt lat="47.25044" lon="11.32593">
        <ele>623</ele>
        <time>2026-04-02T10:13:39+00:00</time>
      </trkpt>
      <trkpt lat="47.2505" lon="11.32603">
        <ele>624</ele>
        <time>2026-04-02T10:13:42+00:00</time>
      </trkpt>
      <trkpt lat="47.25064" lon="11.32629">
        <ele>623</ele>
        <time>2026-04-02T10:13:45+00:00</time>
      </trkpt>
      <trkpt lat="47.25083" lon="11.32653">
        <ele>617</ele>
        <time>2026-04-02T10:13:48+00:00</time>
      </trkpt>
      <trkpt lat="47.25092" lon="11.32659">
        <ele>620</ele>
        <time>2026-04-02T10:13:51+00:00</time>
      </trkpt>
      <trkpt lat="47.25091" lon="11.32661">
        <ele>615</ele>
        <time>2026-04-02T10:13:54+00:00</time>
      </trkpt>
      <trkpt lat="47.25082" lon="11.32663">
        <ele>609</ele>
        <time>2026-04-02T10:13:57+00:00</time>
      </trkpt>
      <trkpt lat="47.25075" lon="11.3267">
        <ele>602</ele>
        <time>2026-04-02T10:14:00+00:00</time>
      </trkpt>
      <trkpt lat="47.25073" lon="11.3268">
        <ele>599</ele>
        <time>2026-04-02T10:14:03+00:00</time>
      </trkpt>
      <trkpt lat="47.25091" lon="11.32682">
        <ele>605</ele>
        <time>2026-04-02T10:14:06+00:00</time>
      </trkpt>
      <trkpt lat="47.25114" lon="11.32684">
        <ele>602</ele>
        <time>2026-04-02T10:14:09+00:00</time>
      </trkpt>
      <trkpt lat="47.25134" lon="11.32692">
        <ele>597</ele>
        <time>2026-04-02T10:14:12+00:00</time>
      </trkpt>
      <trkpt lat="47.25159" lon="11.32706">
        <ele>596</ele>
        <time>2026-04-02T10:14:15+00:00</time>
      </trkpt>
      <trkpt lat="47.25196" lon="11.32727">
        <ele>596</ele>
        <time>2026-04-02T10:14:18+00:00</time>
      </trkpt>
      <trkpt lat="47.25197" lon="11.32729">
        <ele>596</ele>
        <time>2026-04-02T10:14:21+00:00</time>
      </trkpt>
      <trkpt lat="47.25201" lon="11.32731">
        <ele>594</ele>
        <time>2026-04-02T10:14:24+00:00</time>
      </trkpt>
      <trkpt lat="47.2521" lon="11.32739">
        <ele>595</ele>
        <time>2026-04-02T10:14:27+00:00</time>
      </trkpt>
      <trkpt lat="47.25215" lon="11.32742">
        <ele>595</ele>
        <time>2026-04-02T10:14:30+00:00</time>
      </trkpt>
      <trkpt lat="47.25226" lon="11.32746">
        <ele>595</ele>
        <time>2026-04-02T10:14:33+00:00</time>
      </trkpt>
      <trkpt lat="47.25237" lon="11.32748">
        <ele>595</ele>
        <time>2026-04-02T10:14:36+00:00</time>
      </trkpt>
      <trkpt lat="47.25245" lon="11.32751">
        <ele>594</ele>
        <time>2026-04-02T10:14:39+00:00</time>
      </trkpt>
      <trkpt lat="47.25255" lon="11.32758">
        <ele>594</ele>
        <time>2026-04-02T10:14:42+00:00</time>
      </trkpt>
      <trkpt lat="47.25261" lon="11.3276">
        <ele>593</ele>
        <time>2026-04-02T10:14:45+00:00</time>
      </trkpt>
      <trkpt lat="47.25263" lon="11.32758">
        <ele>593</ele>
        <time>2026-04-02T10:14:48+00:00</time>
      </trkpt>
      <trkpt lat="47.25266" lon="11.32759">
        <ele>593</ele>
        <time>2026-04-02T10:14:51+00:00</time>
      </trkpt>
      <trkpt lat="47.25276" lon="11.32779">
        <ele>593</ele>
        <time>2026-04-02T10:14:54+00:00</time>
      </trkpt>
      <trkpt lat="47.25285" lon="11.32828">
        <ele>593</ele>
        <time>2026-04-02T10:14:57+00:00</time>
      </trkpt>
      <trkpt lat="47.25284" lon="11.32836">
        <ele>592</ele>
        <time>2026-04-02T10:15:00+00:00</time>
      </trkpt>
      <trkpt lat="47.25282" lon="11.32845">
        <ele>591</ele>
        <time>2026-04-02T10:15:03+00:00</time>
      </trkpt>
      <trkpt lat="47.2528" lon="11.32851">
        <ele>591</ele>
        <time>2026-04-02T10:15:06+00:00</time>
      </trkpt>
      <trkpt lat="47.25304" lon="11.32857">
        <ele>592</ele>
        <time>2026-04-02T10:15:09+00:00</time>
      </trkpt>
      <trkpt lat="47.25312" lon="11.3286">
        <ele>591</ele>
        <time>2026-04-02T10:15:12+00:00</time>
      </trkpt>
      <trkpt lat="47.25322" lon="11.32865">
        <ele>590</ele>
        <time>2026-04-02T10:15:15+00:00</time>
      </trkpt>
      <trkpt lat="47.25326" lon="11.3287">
        <ele>590</ele>
        <time>2026-04-02T10:15:18+00:00</time>
      </trkpt>
      <trkpt lat="47.25328" lon="11.32875">
        <ele>590</ele>
        <time>2026-04-02T10:15:21+00:00</time>
      </trkpt>
      <trkpt lat="47.25331" lon="11.32908">
        <ele>588</ele>
        <time>2026-04-02T10:15:24+00:00</time>
      </trkpt>
      <trkpt lat="47.25335" lon="11.32919">
        <ele>587</ele>
        <time>2026-04-02T10:15:27+00:00</time>
      </trkpt>
      <trkpt lat="47.25341" lon="11.32929">
        <ele>586</ele>
        <time>2026-04-02T10:15:30+00:00</time>
      </trkpt>
      <trkpt lat="47.25351" lon="11.32942">
        <ele>586</ele>
        <time>2026-04-02T10:15:33+00:00</time>
      </trkpt>
      <trkpt lat="47.25352" lon="11.32945">
        <ele>586</ele>
        <time>2026-04-02T10:15:36+00:00</time>
      </trkpt>
      <trkpt lat="47.25356" lon="11.33006">
        <ele>585</ele>
        <time>2026-04-02T10:15:39+00:00</time>
      </trkpt>
      <trkpt lat="47.25359" lon="11.33028">
        <ele>585</ele>
        <time>2026-04-02T10:15:42+00:00</time>
      </trkpt>
      <trkpt lat="47.25363" lon="11.33041">
        <ele>584</ele>
        <time>2026-04-02T10:15:45+00:00</time>
      </trkpt>
      <trkpt lat="47.2537" lon="11.33055">
        <ele>583</ele>
        <time>2026-04-02T10:15:48+00:00</time>
      </trkpt>
      <trkpt lat="47.25381" lon="11.33069">
        <ele>583</ele>
        <time>2026-04-02T10:15:51+00:00</time>
      </trkpt>
      <trkpt lat="47.25399" lon="11.33082">
        <ele>583</ele>
        <time>2026-04-02T10:15:54+00:00</time>
      </trkpt>
      <trkpt lat="47.2541" lon="11.33091">
        <ele>582</ele>
        <time>2026-04-02T10:15:57+00:00</time>
      </trkpt>
      <trkpt lat="47.25421" lon="11.33102">
        <ele>583</ele>
        <time>2026-04-02T10:16:00+00:00</time>
      </trkpt>
      <trkpt lat="47.25444" lon="11.33122">
        <ele>583</ele>
        <time>2026-04-02T10:16:03+00:00</time>
      </trkpt>
      <trkpt lat="47.25465" lon="11.33139">
        <ele>584</ele>
        <time>2026-04-02T10:16:06+00:00</time>
      </trkpt>
      <trkpt lat="47.25489" lon="11.33158">
        <ele>584</ele>
        <time>2026-04-02T10:16:09+00:00</time>
      </trkpt>
      <trkpt lat="47.255" lon="11.33166">
        <ele>582</ele>
        <time>2026-04-02T10:16:12+00:00</time>
      </trkpt>
      <trkpt lat="47.25513" lon="11.33133">
        <ele>584</ele>
        <time>2026-04-02T10:16:15+00:00</time>
      </trkpt>
      <trkpt lat="47.25527" lon="11.33093">
        <ele>584</ele>
        <time>2026-04-02T10:16:18+00:00</time>
      </trkpt>
      <trkpt lat="47.2554" lon="11.33058">
        <ele>584</ele>
        <time>2026-04-02T10:16:21+00:00</time>
      </trkpt>
      <trkpt lat="47.25558" lon="11.3301">
        <ele>584</ele>
        <time>2026-04-02T10:16:24+00:00</time>
      </trkpt>
      <trkpt lat="47.2557" lon="11.3298">
        <ele>584</ele>
        <time>2026-04-02T10:16:27+00:00</time>
      </trkpt>
      <trkpt lat="47.25582" lon="11.32948">
        <ele>584</ele>
        <time>2026-04-02T10:16:30+00:00</time>
      </trkpt>
      <trkpt lat="47.25597" lon="11.32913">
        <ele>583</ele>
        <time>2026-04-02T10:16:33+00:00</time>
      </trkpt>
      <trkpt lat="47.25618" lon="11.32861">
        <ele>583</ele>
        <time>2026-04-02T10:16:36+00:00</time>
      </trkpt>
      <trkpt lat="47.25627" lon="11.32886">
        <ele>582</ele>
        <time>2026-04-02T10:16:39+00:00</time>
      </trkpt>
      <trkpt lat="47.25631" lon="11.32895">
        <ele>582</ele>
        <time>2026-04-02T10:16:42+00:00</time>
      </trkpt>
      <trkpt lat="47.25635" lon="11.32901">
        <ele>582</ele>
        <time>2026-04-02T10:16:45+00:00</time>
      </trkpt>
      <trkpt lat="47.25664" lon="11.32918">
        <ele>581</ele>
        <time>2026-04-02T10:16:48+00:00</time>
      </trkpt>
      <trkpt lat="47.25682" lon="11.32931">
        <ele>581</ele>
        <time>2026-04-02T10:16:51+00:00</time>
      </trkpt>
      <trkpt lat="47.25689" lon="11.32933">
        <ele>581</ele>
        <time>2026-04-02T10:16:54+00:00</time>
      </trkpt>
      <trkpt lat="47.25695" lon="11.32931">
        <ele>580</ele>
        <time>2026-04-02T10:16:57+00:00</time>
      </trkpt>
      <trkpt lat="47.25699" lon="11.32925">
        <ele>580</ele>
        <time>2026-04-02T10:17:00+00:00</time>
      </trkpt>
      <trkpt lat="47.2572" lon="11.32884">
        <ele>580</ele>
        <time>2026-04-02T10:17:03+00:00</time>
      </trkpt>
      <trkpt lat="47.25741" lon="11.32848">
        <ele>580</ele>
        <time>2026-04-02T10:17:06+00:00</time>
      </trkpt>
      <trkpt lat="47.25755" lon="11.32819">
        <ele>580</ele>
        <time>2026-04-02T10:17:09+00:00</time>
      </trkpt>
      <trkpt lat="47.25773" lon="11.32785">
        <ele>581</ele>
        <time>2026-04-02T10:17:12+00:00</time>
      </trkpt>
      <trkpt lat="47.25784" lon="11.32766">
        <ele>581</ele>
        <time>2026-04-02T10:17:15+00:00</time>
      </trkpt>
      <trkpt lat="47.25798" lon="11.32747">
        <ele>581</ele>
        <time>2026-04-02T10:17:18+00:00</time>
      </trkpt>
      <trkpt lat="47.25828" lon="11.32712">
        <ele>581</ele>
        <time>2026-04-02T10:17:21+00:00</time>
      </trkpt>
      <trkpt lat="47.25851" lon="11.32681">
        <ele>579</ele>
        <time>2026-04-02T10:17:24+00:00</time>
      </trkpt>
      <trkpt lat="47.25861" lon="11.32671">
        <ele>579</ele>
        <time>2026-04-02T10:17:27+00:00</time>
      </trkpt>
      <trkpt lat="47.2587" lon="11.32663">
        <ele>579</ele>
        <time>2026-04-02T10:17:30+00:00</time>
      </trkpt>
      <trkpt lat="47.2588" lon="11.32658">
        <ele>580</ele>
        <time>2026-04-02T10:17:33+00:00</time>
      </trkpt>
      <trkpt lat="47.259" lon="11.32652">
        <ele>581</ele>
        <time>2026-04-02T10:17:36+00:00</time>
      </trkpt>
      <trkpt lat="47.25918" lon="11.32645">
        <ele>582</ele>
        <time>2026-04-02T10:17:39+00:00</time>
      </trkpt>
      <trkpt lat="47.25943" lon="11.32631">
        <ele>582</ele>
        <time>2026-04-02T10:17:42+00:00</time>
      </trkpt>
      <trkpt lat="47.25979" lon="11.32612">
        <ele>582</ele>
        <time>2026-04-02T10:17:45+00:00</time>
      </trkpt>
      <trkpt lat="47.26017" lon="11.32611">
        <ele>582</ele>
        <time>2026-04-02T10:17:48+00:00</time>
      </trkpt>
      <trkpt lat="47.26028" lon="11.3261">
        <ele>582</ele>
        <time>2026-04-02T10:17:51+00:00</time>
      </trkpt>
      <trkpt lat="47.2604" lon="11.32605">
        <ele>581</ele>
        <time>2026-04-02T10:17:54+00:00</time>
      </trkpt>
      <trkpt lat="47.26054" lon="11.32593">
        <ele>581</ele>
        <time>2026-04-02T10:17:57+00:00</time>
      </trkpt>
      <trkpt lat="47.26067" lon="11.32575">
        <ele>582</ele>
        <time>2026-04-02T10:18:00+00:00</time>
      </trkpt>
      <trkpt lat="47.26083" lon="11.32555">
        <ele>581</ele>
        <time>2026-04-02T10:18:03+00:00</time>
      </trkpt>
      <trkpt lat="47.26091" lon="11.32542">
        <ele>584</ele>
        <time>2026-04-02T10:18:06+00:00</time>
      </trkpt>
      <trkpt lat="47.26089" lon="11.32536">
        <ele>582</ele>
        <time>2026-04-02T10:18:09+00:00</time>
      </trkpt>
      <trkpt lat="47.26075" lon="11.32508">
        <ele>581</ele>
        <time>2026-04-02T10:18:12+00:00</time>
      </trkpt>
      <trkpt lat="47.26078" lon="11.32504">
        <ele>581</ele>
        <time>2026-04-02T10:18:15+00:00</time>
      </trkpt>
      <trkpt lat="47.26078" lon="11.32501">
        <ele>581</ele>
        <time>2026-04-02T10:18:18+00:00</time>
      </trkpt>
      <trkpt lat="47.26076" lon="11.32486">
        <ele>582</ele>
        <time>2026-04-02T10:18:21+00:00</time>
      </trkpt>
      <trkpt lat="47.26073" lon="11.32474">
        <ele>583</ele>
        <time>2026-04-02T10:18:24+00:00</time>
      </trkpt>
      <trkpt lat="47.26072" lon="11.32468">
        <ele>585</ele>
        <time>2026-04-02T10:18:27+00:00</time>
      </trkpt>
      <trkpt lat="47.26069" lon="11.32464">
        <ele>583</ele>
        <time>2026-04-02T10:18:30+00:00</time>
      </trkpt>
      <trkpt lat="47.26067" lon="11.3246">
        <ele>583</ele>
        <time>2026-04-02T10:18:33+00:00</time>
      </trkpt>
      <trkpt lat="47.26055" lon="11.32447">
        <ele>583</ele>
        <time>2026-04-02T10:18:36+00:00</time>
      </trkpt>
      <trkpt lat="47.26052" lon="11.32443">
        <ele>585</ele>
        <time>2026-04-02T10:18:39+00:00</time>
      </trkpt>
      <trkpt lat="47.26048" lon="11.32433">
        <ele>582</ele>
        <time>2026-04-02T10:18:42+00:00</time>
      </trkpt>
      <trkpt lat="47.26046" lon="11.32423">
        <ele>583</ele>
        <time>2026-04-02T10:18:45+00:00</time>
      </trkpt>
      <trkpt lat="47.26045" lon="11.32415">
        <ele>583</ele>
        <time>2026-04-02T10:18:48+00:00</time>
      </trkpt>
      <trkpt lat="47.26046" lon="11.32408">
        <ele>583</ele>
        <time>2026-04-02T10:18:51+00:00</time>
      </trkpt>
      <trkpt lat="47.26047" lon="11.32402">
        <ele>583</ele>
        <time>2026-04-02T10:18:54+00:00</time>
      </trkpt>
      <trkpt lat="47.26052" lon="11.32385">
        <ele>583</ele>
        <time>2026-04-02T10:18:57+00:00</time>
      </trkpt>
      <trkpt lat="47.26053" lon="11.32379">
        <ele>587</ele>
        <time>2026-04-02T10:19:00+00:00</time>
      </trkpt>
      <trkpt lat="47.2605" lon="11.3236">
        <ele>584</ele>
        <time>2026-04-02T10:19:03+00:00</time>
      </trkpt>
      <trkpt lat="47.2605" lon="11.32357">
        <ele>584</ele>
        <time>2026-04-02T10:19:06+00:00</time>
      </trkpt>
      <trkpt lat="47.26054" lon="11.32351">
        <ele>586</ele>
        <time>2026-04-02T10:19:09+00:00</time>
      </trkpt>
      <trkpt lat="47.26059" lon="11.32368">
        <ele>585</ele>
        <time>2026-04-02T10:19:12+00:00</time>
      </trkpt>
      <trkpt lat="47.26061" lon="11.3238">
        <ele>589</ele>
        <time>2026-04-02T10:19:15+00:00</time>
      </trkpt>
      <trkpt lat="47.2606" lon="11.32386">
        <ele>589</ele>
        <time>2026-04-02T10:19:18+00:00</time>
      </trkpt>
      <trkpt lat="47.26056" lon="11.32396">
        <ele>586</ele>
        <time>2026-04-02T10:19:21+00:00</time>
      </trkpt>
      <trkpt lat="47.26054" lon="11.32405">
        <ele>587</ele>
        <time>2026-04-02T10:19:24+00:00</time>
      </trkpt>
      <trkpt lat="47.26054" lon="11.32412">
        <ele>587</ele>
        <time>2026-04-02T10:19:27+00:00</time>
      </trkpt>
      <trkpt lat="47.26056" lon="11.3242">
        <ele>587</ele>
        <time>2026-04-02T10:19:30+00:00</time>
      </trkpt>
      <trkpt lat="47.26059" lon="11.32429">
        <ele>587</ele>
        <time>2026-04-02T10:19:33+00:00</time>
      </trkpt>
      <trkpt lat="47.26063" lon="11.32435">
        <ele>589</ele>
        <time>2026-04-02T10:19:36+00:00</time>
      </trkpt>
      <trkpt lat="47.26066" lon="11.32438">
        <ele>589</ele>
        <time>2026-04-02T10:19:39+00:00</time>
      </trkpt>
      <trkpt lat="47.26076" lon="11.32443">
        <ele>587</ele>
        <time>2026-04-02T10:19:42+00:00</time>
      </trkpt>
      <trkpt lat="47.26079" lon="11.32446">
        <ele>589</ele>
        <time>2026-04-02T10:19:45+00:00</time>
      </trkpt>
      <trkpt lat="47.26087" lon="11.32465">
        <ele>587</ele>
        <time>2026-04-02T10:19:48+00:00</time>
      </trkpt>
      <trkpt lat="47.26098" lon="11.32505">
        <ele>584</ele>
        <time>2026-04-02T10:19:51+00:00</time>
      </trkpt>
      <trkpt lat="47.26109" lon="11.32542">
        <ele>584</ele>
        <time>2026-04-02T10:19:54+00:00</time>
      </trkpt>
      <trkpt lat="47.26126" lon="11.32599">
        <ele>578</ele>
        <time>2026-04-02T10:19:57+00:00</time>
      </trkpt>
      <trkpt lat="47.26134" lon="11.32632">
        <ele>578</ele>
        <time>2026-04-02T10:20:00+00:00</time>
      </trkpt>
      <trkpt lat="47.26144" lon="11.32669">
        <ele>585</ele>
        <time>2026-04-02T10:20:03+00:00</time>
      </trkpt>
      <trkpt lat="47.2615" lon="11.32704">
        <ele>585</ele>
        <time>2026-04-02T10:20:06+00:00</time>
      </trkpt>
      <trkpt lat="47.26157" lon="11.32745">
        <ele>584</ele>
        <time>2026-04-02T10:20:09+00:00</time>
      </trkpt>
      <trkpt lat="47.2616" lon="11.3278">
        <ele>584</ele>
        <time>2026-04-02T10:20:12+00:00</time>
      </trkpt>
      <trkpt lat="47.26163" lon="11.32819">
        <ele>585</ele>
        <time>2026-04-02T10:20:15+00:00</time>
      </trkpt>
      <trkpt lat="47.26159" lon="11.32875">
        <ele>585</ele>
        <time>2026-04-02T10:20:18+00:00</time>
      </trkpt>
      <trkpt lat="47.26137" lon="11.32878">
        <ele>584</ele>
        <time>2026-04-02T10:20:21+00:00</time>
      </trkpt>
      <trkpt lat="47.26104" lon="11.32847">
        <ele>583</ele>
        <time>2026-04-02T10:20:24+00:00</time>
      </trkpt>
      <trkpt lat="47.26079" lon="11.3282">
        <ele>581</ele>
        <time>2026-04-02T10:20:27+00:00</time>
      </trkpt>
      <trkpt lat="47.26076" lon="11.32805">
        <ele>581</ele>
        <time>2026-04-02T10:20:30+00:00</time>
      </trkpt>
      <trkpt lat="47.26082" lon="11.32796">
        <ele>581</ele>
        <time>2026-04-02T10:20:33+00:00</time>
      </trkpt>
      <trkpt lat="47.26091" lon="11.32791">
        <ele>581</ele>
        <time>2026-04-02T10:20:36+00:00</time>
      </trkpt>
      <trkpt lat="47.26099" lon="11.32781">
        <ele>581</ele>
        <time>2026-04-02T10:20:39+00:00</time>
      </trkpt>
      <trkpt lat="47.26095" lon="11.32773">
        <ele>581</ele>
        <time>2026-04-02T10:20:42+00:00</time>
      </trkpt>
      <trkpt lat="47.26087" lon="11.32781">
        <ele>581</ele>
        <time>2026-04-02T10:20:45+00:00</time>
      </trkpt>
      <trkpt lat="47.26076" lon="11.32796">
        <ele>582</ele>
        <time>2026-04-02T10:20:48+00:00</time>
      </trkpt>
      <trkpt lat="47.26066" lon="11.32811">
        <ele>581</ele>
        <time>2026-04-02T10:20:51+00:00</time>
      </trkpt>
      <trkpt lat="47.2609" lon="11.32834">
        <ele>582</ele>
        <time>2026-04-02T10:20:54+00:00</time>
      </trkpt>
      <trkpt lat="47.26113" lon="11.32858">
        <ele>583</ele>
        <time>2026-04-02T10:20:57+00:00</time>
      </trkpt>
      <trkpt lat="47.26148" lon="11.32892">
        <ele>584</ele>
        <time>2026-04-02T10:21:00+00:00</time>
      </trkpt>
      <trkpt lat="47.26164" lon="11.32898">
        <ele>585</ele>
        <time>2026-04-02T10:21:03+00:00</time>
      </trkpt>
      <trkpt lat="47.26177" lon="11.32901">
        <ele>587</ele>
        <time>2026-04-02T10:21:06+00:00</time>
      </trkpt>
      <trkpt lat="47.26201" lon="11.32902">
        <ele>592</ele>
        <time>2026-04-02T10:21:09+00:00</time>
      </trkpt>
      <trkpt lat="47.26217" lon="11.32898">
        <ele>594</ele>
        <time>2026-04-02T10:21:12+00:00</time>
      </trkpt>
      <trkpt lat="47.26222" lon="11.32896">
        <ele>595</ele>
        <time>2026-04-02T10:21:15+00:00</time>
      </trkpt>
      <trkpt lat="47.2623" lon="11.3289">
        <ele>595</ele>
        <time>2026-04-02T10:21:18+00:00</time>
      </trkpt>
      <trkpt lat="47.26233" lon="11.32886">
        <ele>595</ele>
        <time>2026-04-02T10:21:21+00:00</time>
      </trkpt>
      <trkpt lat="47.26239" lon="11.32861">
        <ele>596</ele>
        <time>2026-04-02T10:21:24+00:00</time>
      </trkpt>
      <trkpt lat="47.26247" lon="11.32866">
        <ele>596</ele>
        <time>2026-04-02T10:21:27+00:00</time>
      </trkpt>
      <trkpt lat="47.26252" lon="11.3287">
        <ele>597</ele>
        <time>2026-04-02T10:21:30+00:00</time>
      </trkpt>
      <trkpt lat="47.26254" lon="11.32864">
        <ele>597</ele>
        <time>2026-04-02T10:21:33+00:00</time>
      </trkpt>
      <trkpt lat="47.26256" lon="11.32862">
        <ele>597</ele>
        <time>2026-04-02T10:21:36+00:00</time>
      </trkpt>
      <trkpt lat="47.26256" lon="11.32859">
        <ele>597</ele>
        <time>2026-04-02T10:21:39+00:00</time>
      </trkpt>
      <trkpt lat="47.2626" lon="11.32846">
        <ele>597</ele>
        <time>2026-04-02T10:21:42+00:00</time>
      </trkpt>
      <trkpt lat="47.26262" lon="11.32836">
        <ele>598</ele>
        <time>2026-04-02T10:21:45+00:00</time>
      </trkpt>
      <trkpt lat="47.26263" lon="11.32835">
        <ele>598</ele>
        <time>2026-04-02T10:21:48+00:00</time>
      </trkpt>
      <trkpt lat="47.26265" lon="11.32836">
        <ele>598</ele>
        <time>2026-04-02T10:21:51+00:00</time>
      </trkpt>
      <trkpt lat="47.26266" lon="11.32832">
        <ele>598</ele>
        <time>2026-04-02T10:21:54+00:00</time>
      </trkpt>
      <trkpt lat="47.26271" lon="11.32825">
        <ele>599</ele>
        <time>2026-04-02T10:21:57+00:00</time>
      </trkpt>
      <trkpt lat="47.2628" lon="11.32816">
        <ele>601</ele>
        <time>2026-04-02T10:22:00+00:00</time>
      </trkpt>
      <trkpt lat="47.26292" lon="11.32814">
        <ele>603</ele>
        <time>2026-04-02T10:22:03+00:00</time>
      </trkpt>
      <trkpt lat="47.26303" lon="11.32817">
        <ele>606</ele>
        <time>2026-04-02T10:22:06+00:00</time>
      </trkpt>
      <trkpt lat="47.26316" lon="11.32823">
        <ele>607</ele>
        <time>2026-04-02T10:22:09+00:00</time>
      </trkpt>
      <trkpt lat="47.26319" lon="11.32829">
        <ele>607</ele>
        <time>2026-04-02T10:22:12+00:00</time>
      </trkpt>
      <trkpt lat="47.26335" lon="11.32829">
        <ele>610</ele>
        <time>2026-04-02T10:22:15+00:00</time>
      </trkpt>
      <trkpt lat="47.26354" lon="11.32832">
        <ele>612</ele>
        <time>2026-04-02T10:22:18+00:00</time>
      </trkpt>
      <trkpt lat="47.2638" lon="11.32835">
        <ele>615</ele>
        <time>2026-04-02T10:22:21+00:00</time>
      </trkpt>
      <trkpt lat="47.26408" lon="11.32838">
        <ele>619</ele>
        <time>2026-04-02T10:22:24+00:00</time>
      </trkpt>
      <trkpt lat="47.26438" lon="11.32843">
        <ele>622</ele>
        <time>2026-04-02T10:22:27+00:00</time>
      </trkpt>
      <trkpt lat="47.26475" lon="11.32848">
        <ele>627</ele>
        <time>2026-04-02T10:22:30+00:00</time>
      </trkpt>
      <trkpt lat="47.26476" lon="11.32842">
        <ele>627</ele>
        <time>2026-04-02T10:22:33+00:00</time>
      </trkpt>
      <trkpt lat="47.26479" lon="11.32838">
        <ele>627</ele>
        <time>2026-04-02T10:22:36+00:00</time>
      </trkpt>
      <trkpt lat="47.26485" lon="11.32838">
        <ele>627</ele>
        <time>2026-04-02T10:22:39+00:00</time>
      </trkpt>
      <trkpt lat="47.26512" lon="11.32846">
        <ele>631</ele>
        <time>2026-04-02T10:22:42+00:00</time>
      </trkpt>
      <trkpt lat="47.26521" lon="11.32847">
        <ele>633</ele>
        <time>2026-04-02T10:22:45+00:00</time>
      </trkpt>
      <trkpt lat="47.26556" lon="11.32844">
        <ele>636</ele>
        <time>2026-04-02T10:22:48+00:00</time>
      </trkpt>
      <trkpt lat="47.26564" lon="11.32839">
        <ele>637</ele>
        <time>2026-04-02T10:22:51+00:00</time>
      </trkpt>
      <trkpt lat="47.26564" lon="11.32813">
        <ele>637</ele>
        <time>2026-04-02T10:22:54+00:00</time>
      </trkpt>
      <trkpt lat="47.26566" lon="11.32806">
        <ele>637</ele>
        <time>2026-04-02T10:22:57+00:00</time>
      </trkpt>
      <trkpt lat="47.26558" lon="11.32783">
        <ele>637</ele>
        <time>2026-04-02T10:23:00+00:00</time>
      </trkpt>
      <trkpt lat="47.2655" lon="11.32717">
        <ele>635</ele>
        <time>2026-04-02T10:23:03+00:00</time>
      </trkpt>
      <trkpt lat="47.26546" lon="11.32651">
        <ele>631</ele>
        <time>2026-04-02T10:23:06+00:00</time>
      </trkpt>
      <trkpt lat="47.26547" lon="11.32613">
        <ele>628</ele>
        <time>2026-04-02T10:23:09+00:00</time>
      </trkpt>
      <trkpt lat="47.26549" lon="11.32574">
        <ele>628</ele>
        <time>2026-04-02T10:23:12+00:00</time>
      </trkpt>
      <trkpt lat="47.26552" lon="11.32552">
        <ele>628</ele>
        <time>2026-04-02T10:23:15+00:00</time>
      </trkpt>
      <trkpt lat="47.26562" lon="11.3255">
        <ele>629</ele>
        <time>2026-04-02T10:23:18+00:00</time>
      </trkpt>
      <trkpt lat="47.26567" lon="11.3255">
        <ele>629</ele>
        <time>2026-04-02T10:23:21+00:00</time>
      </trkpt>
      <trkpt lat="47.26579" lon="11.32555">
        <ele>630</ele>
        <time>2026-04-02T10:23:24+00:00</time>
      </trkpt>
      <trkpt lat="47.26593" lon="11.32553">
        <ele>632</ele>
        <time>2026-04-02T10:23:27+00:00</time>
      </trkpt>
      <trkpt lat="47.26598" lon="11.32555">
        <ele>632</ele>
        <time>2026-04-02T10:23:30+00:00</time>
      </trkpt>
      <trkpt lat="47.26602" lon="11.32562">
        <ele>634</ele>
        <time>2026-04-02T10:23:33+00:00</time>
      </trkpt>
      <trkpt lat="47.26606" lon="11.32583">
        <ele>635</ele>
        <time>2026-04-02T10:23:36+00:00</time>
      </trkpt>
      <trkpt lat="47.26609" lon="11.32594">
        <ele>636</ele>
        <time>2026-04-02T10:23:39+00:00</time>
      </trkpt>
      <trkpt lat="47.26613" lon="11.32602">
        <ele>638</ele>
        <time>2026-04-02T10:23:42+00:00</time>
      </trkpt>
      <trkpt lat="47.26626" lon="11.32613">
        <ele>639</ele>
        <time>2026-04-02T10:23:45+00:00</time>
      </trkpt>
      <trkpt lat="47.26658" lon="11.32636">
        <ele>643</ele>
        <time>2026-04-02T10:23:48+00:00</time>
      </trkpt>
      <trkpt lat="47.26677" lon="11.32642">
        <ele>645</ele>
        <time>2026-04-02T10:23:51+00:00</time>
      </trkpt>
      <trkpt lat="47.26702" lon="11.32654">
        <ele>648</ele>
        <time>2026-04-02T10:23:54+00:00</time>
      </trkpt>
      <trkpt lat="47.26728" lon="11.32668">
        <ele>649</ele>
        <time>2026-04-02T10:23:57+00:00</time>
      </trkpt>
      <trkpt lat="47.2677" lon="11.32691">
        <ele>658</ele>
        <time>2026-04-02T10:24:00+00:00</time>
      </trkpt>
      <trkpt lat="47.268" lon="11.32704">
        <ele>664</ele>
        <time>2026-04-02T10:24:03+00:00</time>
      </trkpt>
      <trkpt lat="47.26841" lon="11.32718">
        <ele>671</ele>
        <time>2026-04-02T10:24:06+00:00</time>
      </trkpt>
      <trkpt lat="47.26868" lon="11.32724">
        <ele>675</ele>
        <time>2026-04-02T10:24:09+00:00</time>
      </trkpt>
      <trkpt lat="47.26909" lon="11.32733">
        <ele>682</ele>
        <time>2026-04-02T10:24:12+00:00</time>
      </trkpt>
      <trkpt lat="47.2692" lon="11.32736">
        <ele>684</ele>
        <time>2026-04-02T10:24:15+00:00</time>
      </trkpt>
      <trkpt lat="47.26926" lon="11.32741">
        <ele>685</ele>
        <time>2026-04-02T10:24:18+00:00</time>
      </trkpt>
      <trkpt lat="47.26936" lon="11.32743">
        <ele>686</ele>
        <time>2026-04-02T10:24:21+00:00</time>
      </trkpt>
      <trkpt lat="47.26944" lon="11.32747">
        <ele>688</ele>
        <time>2026-04-02T10:24:24+00:00</time>
      </trkpt>
      <trkpt lat="47.26947" lon="11.32762">
        <ele>689</ele>
        <time>2026-04-02T10:24:27+00:00</time>
      </trkpt>
      <trkpt lat="47.26958" lon="11.32766">
        <ele>692</ele>
        <time>2026-04-02T10:24:30+00:00</time>
      </trkpt>
      <trkpt lat="47.2696" lon="11.32769">
        <ele>694</ele>
        <time>2026-04-02T10:24:33+00:00</time>
      </trkpt>
      <trkpt lat="47.2696" lon="11.32781">
        <ele>691</ele>
        <time>2026-04-02T10:24:36+00:00</time>
      </trkpt>
      <trkpt lat="47.26951" lon="11.32846">
        <ele>694</ele>
        <time>2026-04-02T10:24:39+00:00</time>
      </trkpt>
      <trkpt lat="47.26954" lon="11.32891">
        <ele>695</ele>
        <time>2026-04-02T10:24:42+00:00</time>
      </trkpt>
      <trkpt lat="47.2695" lon="11.32922">
        <ele>694</ele>
        <time>2026-04-02T10:24:45+00:00</time>
      </trkpt>
      <trkpt lat="47.26931" lon="11.32944">
        <ele>693</ele>
        <time>2026-04-02T10:24:48+00:00</time>
      </trkpt>
      <trkpt lat="47.26909" lon="11.32969">
        <ele>695</ele>
        <time>2026-04-02T10:24:51+00:00</time>
      </trkpt>
      <trkpt lat="47.26932" lon="11.32971">
        <ele>698</ele>
        <time>2026-04-02T10:24:54+00:00</time>
      </trkpt>
      <trkpt lat="47.26956" lon="11.32972">
        <ele>707</ele>
        <time>2026-04-02T10:24:57+00:00</time>
      </trkpt>
      <trkpt lat="47.2698" lon="11.32956">
        <ele>718</ele>
        <time>2026-04-02T10:25:00+00:00</time>
      </trkpt>
      <trkpt lat="47.27009" lon="11.32935">
        <ele>724</ele>
        <time>2026-04-02T10:25:03+00:00</time>
      </trkpt>
      <trkpt lat="47.27008" lon="11.32939">
        <ele>724</ele>
        <time>2026-04-02T10:25:06+00:00</time>
      </trkpt>
      <trkpt lat="47.27023" lon="11.32938">
        <ele>733</ele>
        <time>2026-04-02T10:25:09+00:00</time>
      </trkpt>
      <trkpt lat="47.27028" lon="11.32942">
        <ele>735</ele>
        <time>2026-04-02T10:25:12+00:00</time>
      </trkpt>
      <trkpt lat="47.27025" lon="11.32948">
        <ele>735</ele>
        <time>2026-04-02T10:25:15+00:00</time>
      </trkpt>
      <trkpt lat="47.27033" lon="11.3295">
        <ele>742</ele>
        <time>2026-04-02T10:25:18+00:00</time>
      </trkpt>
      <trkpt lat="47.27036" lon="11.32969">
        <ele>745</ele>
        <time>2026-04-02T10:25:21+00:00</time>
      </trkpt>
      <trkpt lat="47.27036" lon="11.32983">
        <ele>751</ele>
        <time>2026-04-02T10:25:24+00:00</time>
      </trkpt>
      <trkpt lat="47.27042" lon="11.32987">
        <ele>755</ele>
        <time>2026-04-02T10:25:27+00:00</time>
      </trkpt>
      <trkpt lat="47.2704" lon="11.32995">
        <ele>755</ele>
        <time>2026-04-02T10:25:30+00:00</time>
      </trkpt>
      <trkpt lat="47.27045" lon="11.32999">
        <ele>759</ele>
        <time>2026-04-02T10:25:33+00:00</time>
      </trkpt>
      <trkpt lat="47.27051" lon="11.33023">
        <ele>777</ele>
        <time>2026-04-02T10:25:36+00:00</time>
      </trkpt>
      <trkpt lat="47.27059" lon="11.33047">
        <ele>785</ele>
        <time>2026-04-02T10:25:39+00:00</time>
      </trkpt>
      <trkpt lat="47.27064" lon="11.3305">
        <ele>789</ele>
        <time>2026-04-02T10:25:42+00:00</time>
      </trkpt>
      <trkpt lat="47.27064" lon="11.3306">
        <ele>793</ele>
        <time>2026-04-02T10:25:45+00:00</time>
      </trkpt>
      <trkpt lat="47.27073" lon="11.33072">
        <ele>795</ele>
        <time>2026-04-02T10:25:48+00:00</time>
      </trkpt>
      <trkpt lat="47.27074" lon="11.33081">
        <ele>802</ele>
        <time>2026-04-02T10:25:51+00:00</time>
      </trkpt>
      <trkpt lat="47.27073" lon="11.33082">
        <ele>802</ele>
        <time>2026-04-02T10:25:54+00:00</time>
      </trkpt>
      <trkpt lat="47.2708" lon="11.33083">
        <ele>802</ele>
        <time>2026-04-02T10:25:57+00:00</time>
      </trkpt>
      <trkpt lat="47.27093" lon="11.33091">
        <ele>802</ele>
        <time>2026-04-02T10:26:00+00:00</time>
      </trkpt>
      <trkpt lat="47.27106" lon="11.33094">
        <ele>802</ele>
        <time>2026-04-02T10:26:03+00:00</time>
      </trkpt>
      <trkpt lat="47.2712" lon="11.33096">
        <ele>802</ele>
        <time>2026-04-02T10:26:06+00:00</time>
      </trkpt>
      <trkpt lat="47.27141" lon="11.33103">
        <ele>801</ele>
        <time>2026-04-02T10:26:09+00:00</time>
      </trkpt>
      <trkpt lat="47.27147" lon="11.33107">
        <ele>801</ele>
        <time>2026-04-02T10:26:12+00:00</time>
      </trkpt>
      <trkpt lat="47.27165" lon="11.33105">
        <ele>801</ele>
        <time>2026-04-02T10:26:15+00:00</time>
      </trkpt>
      <trkpt lat="47.27189" lon="11.33107">
        <ele>803</ele>
        <time>2026-04-02T10:26:18+00:00</time>
      </trkpt>
      <trkpt lat="47.27212" lon="11.33111">
        <ele>808</ele>
        <time>2026-04-02T10:26:21+00:00</time>
      </trkpt>
      <trkpt lat="47.2723" lon="11.33118">
        <ele>814</ele>
        <time>2026-04-02T10:26:24+00:00</time>
      </trkpt>
      <trkpt lat="47.27248" lon="11.33131">
        <ele>817</ele>
        <time>2026-04-02T10:26:27+00:00</time>
      </trkpt>
      <trkpt lat="47.27262" lon="11.33144">
        <ele>820</ele>
        <time>2026-04-02T10:26:30+00:00</time>
      </trkpt>
      <trkpt lat="47.27272" lon="11.33162">
        <ele>821</ele>
        <time>2026-04-02T10:26:33+00:00</time>
      </trkpt>
      <trkpt lat="47.27284" lon="11.33192">
        <ele>828</ele>
        <time>2026-04-02T10:26:36+00:00</time>
      </trkpt>
      <trkpt lat="47.27297" lon="11.33223">
        <ele>831</ele>
        <time>2026-04-02T10:26:39+00:00</time>
      </trkpt>
      <trkpt lat="47.27304" lon="11.33237">
        <ele>837</ele>
        <time>2026-04-02T10:26:42+00:00</time>
      </trkpt>
      <trkpt lat="47.27308" lon="11.33242">
        <ele>835</ele>
        <time>2026-04-02T10:26:45+00:00</time>
      </trkpt>
      <trkpt lat="47.27325" lon="11.3325">
        <ele>847</ele>
        <time>2026-04-02T10:26:48+00:00</time>
      </trkpt>
      <trkpt lat="47.27338" lon="11.33255">
        <ele>853</ele>
        <time>2026-04-02T10:26:51+00:00</time>
      </trkpt>
      <trkpt lat="47.27349" lon="11.33265">
        <ele>859</ele>
        <time>2026-04-02T10:26:54+00:00</time>
      </trkpt>
      <trkpt lat="47.27357" lon="11.33284">
        <ele>866</ele>
        <time>2026-04-02T10:26:57+00:00</time>
      </trkpt>
      <trkpt lat="47.27362" lon="11.33301">
        <ele>866</ele>
        <time>2026-04-02T10:27:00+00:00</time>
      </trkpt>
      <trkpt lat="47.27366" lon="11.3333">
        <ele>870</ele>
        <time>2026-04-02T10:27:03+00:00</time>
      </trkpt>
      <trkpt lat="47.27375" lon="11.33366">
        <ele>880</ele>
        <time>2026-04-02T10:27:06+00:00</time>
      </trkpt>
      <trkpt lat="47.27376" lon="11.33381">
        <ele>880</ele>
        <time>2026-04-02T10:27:09+00:00</time>
      </trkpt>
      <trkpt lat="47.27383" lon="11.33424">
        <ele>880</ele>
        <time>2026-04-02T10:27:12+00:00</time>
      </trkpt>
      <trkpt lat="47.27387" lon="11.33456">
        <ele>880</ele>
        <time>2026-04-02T10:27:15+00:00</time>
      </trkpt>
      <trkpt lat="47.27398" lon="11.33516">
        <ele>883</ele>
        <time>2026-04-02T10:27:18+00:00</time>
      </trkpt>
      <trkpt lat="47.27405" lon="11.33536">
        <ele>885</ele>
        <time>2026-04-02T10:27:21+00:00</time>
      </trkpt>
      <trkpt lat="47.27415" lon="11.33568">
        <ele>886</ele>
        <time>2026-04-02T10:27:24+00:00</time>
      </trkpt>
      <trkpt lat="47.27429" lon="11.33588">
        <ele>890</ele>
        <time>2026-04-02T10:27:27+00:00</time>
      </trkpt>
      <trkpt lat="47.27433" lon="11.33595">
        <ele>895</ele>
        <time>2026-04-02T10:27:30+00:00</time>
      </trkpt>
      <trkpt lat="47.27435" lon="11.33603">
        <ele>894</ele>
        <time>2026-04-02T10:27:33+00:00</time>
      </trkpt>
      <trkpt lat="47.27436" lon="11.3361">
        <ele>894</ele>
        <time>2026-04-02T10:27:36+00:00</time>
      </trkpt>
      <trkpt lat="47.27441" lon="11.33626">
        <ele>899</ele>
        <time>2026-04-02T10:27:39+00:00</time>
      </trkpt>
      <trkpt lat="47.27446" lon="11.33632">
        <ele>899</ele>
        <time>2026-04-02T10:27:42+00:00</time>
      </trkpt>
      <trkpt lat="47.27479" lon="11.33659">
        <ele>911</ele>
        <time>2026-04-02T10:27:45+00:00</time>
      </trkpt>
      <trkpt lat="47.27495" lon="11.3368">
        <ele>912</ele>
        <time>2026-04-02T10:27:48+00:00</time>
      </trkpt>
      <trkpt lat="47.27506" lon="11.33699">
        <ele>914</ele>
        <time>2026-04-02T10:27:51+00:00</time>
      </trkpt>
      <trkpt lat="47.27512" lon="11.33705">
        <ele>914</ele>
        <time>2026-04-02T10:27:54+00:00</time>
      </trkpt>
      <trkpt lat="47.27536" lon="11.33715">
        <ele>915</ele>
        <time>2026-04-02T10:27:57+00:00</time>
      </trkpt>
      <trkpt lat="47.27555" lon="11.33714">
        <ele>922</ele>
        <time>2026-04-02T10:28:00+00:00</time>
      </trkpt>
      <trkpt lat="47.27558" lon="11.33718">
        <ele>922</ele>
        <time>2026-04-02T10:28:03+00:00</time>
      </trkpt>
      <trkpt lat="47.2756" lon="11.33717">
        <ele>922</ele>
        <time>2026-04-02T10:28:06+00:00</time>
      </trkpt>
      <trkpt lat="47.27564" lon="11.33719">
        <ele>925</ele>
        <time>2026-04-02T10:28:09+00:00</time>
      </trkpt>
      <trkpt lat="47.27567" lon="11.33718">
        <ele>925</ele>
        <time>2026-04-02T10:28:12+00:00</time>
      </trkpt>
      <trkpt lat="47.27578" lon="11.33725">
        <ele>927</ele>
        <time>2026-04-02T10:28:15+00:00</time>
      </trkpt>
      <trkpt lat="47.27583" lon="11.33726">
        <ele>934</ele>
        <time>2026-04-02T10:28:18+00:00</time>
      </trkpt>
      <trkpt lat="47.2759" lon="11.33731">
        <ele>946</ele>
        <time>2026-04-02T10:28:21+00:00</time>
      </trkpt>
      <trkpt lat="47.27595" lon="11.33732">
        <ele>946</ele>
        <time>2026-04-02T10:28:24+00:00</time>
      </trkpt>
      <trkpt lat="47.27601" lon="11.33736">
        <ele>953</ele>
        <time>2026-04-02T10:28:27+00:00</time>
      </trkpt>
      <trkpt lat="47.27606" lon="11.33742">
        <ele>953</ele>
        <time>2026-04-02T10:28:30+00:00</time>
      </trkpt>
      <trkpt lat="47.27607" lon="11.33748">
        <ele>953</ele>
        <time>2026-04-02T10:28:33+00:00</time>
      </trkpt>
      <trkpt lat="47.2761" lon="11.33755">
        <ele>958</ele>
        <time>2026-04-02T10:28:36+00:00</time>
      </trkpt>
      <trkpt lat="47.27611" lon="11.33769">
        <ele>951</ele>
        <time>2026-04-02T10:28:39+00:00</time>
      </trkpt>
      <trkpt lat="47.27607" lon="11.33776">
        <ele>955</ele>
        <time>2026-04-02T10:28:42+00:00</time>
      </trkpt>
      <trkpt lat="47.27597" lon="11.33786">
        <ele>950</ele>
        <time>2026-04-02T10:28:45+00:00</time>
      </trkpt>
      <trkpt lat="47.27594" lon="11.33793">
        <ele>951</ele>
        <time>2026-04-02T10:28:48+00:00</time>
      </trkpt>
      <trkpt lat="47.2759" lon="11.33798">
        <ele>951</ele>
        <time>2026-04-02T10:28:51+00:00</time>
      </trkpt>
      <trkpt lat="47.27587" lon="11.33816">
        <ele>957</ele>
        <time>2026-04-02T10:28:54+00:00</time>
      </trkpt>
      <trkpt lat="47.27587" lon="11.3382">
        <ele>948</ele>
        <time>2026-04-02T10:28:57+00:00</time>
      </trkpt>
      <trkpt lat="47.27589" lon="11.33824">
        <ele>948</ele>
        <time>2026-04-02T10:29:00+00:00</time>
      </trkpt>
      <trkpt lat="47.27609" lon="11.33851">
        <ele>964</ele>
        <time>2026-04-02T10:29:03+00:00</time>
      </trkpt>
      <trkpt lat="47.27611" lon="11.33851">
        <ele>971</ele>
        <time>2026-04-02T10:29:06+00:00</time>
      </trkpt>
      <trkpt lat="47.27612" lon="11.33829">
        <ele>967</ele>
        <time>2026-04-02T10:29:09+00:00</time>
      </trkpt>
      <trkpt lat="47.27614" lon="11.33823">
        <ele>967</ele>
        <time>2026-04-02T10:29:12+00:00</time>
      </trkpt>
      <trkpt lat="47.27627" lon="11.33809">
        <ele>971</ele>
        <time>2026-04-02T10:29:15+00:00</time>
      </trkpt>
      <trkpt lat="47.27625" lon="11.33827">
        <ele>976</ele>
        <time>2026-04-02T10:29:18+00:00</time>
      </trkpt>
      <trkpt lat="47.27625" lon="11.33833">
        <ele>977</ele>
        <time>2026-04-02T10:29:21+00:00</time>
      </trkpt>
      <trkpt lat="47.27626" lon="11.33837">
        <ele>977</ele>
        <time>2026-04-02T10:29:24+00:00</time>
      </trkpt>
      <trkpt lat="47.27632" lon="11.33848">
        <ele>984</ele>
        <time>2026-04-02T10:29:27+00:00</time>
      </trkpt>
      <trkpt lat="47.27635" lon="11.33859">
        <ele>984</ele>
        <time>2026-04-02T10:29:30+00:00</time>
      </trkpt>
      <trkpt lat="47.27648" lon="11.33896">
        <ele>991</ele>
        <time>2026-04-02T10:29:33+00:00</time>
      </trkpt>
      <trkpt lat="47.2765" lon="11.33895">
        <ele>997</ele>
        <time>2026-04-02T10:29:36+00:00</time>
      </trkpt>
      <trkpt lat="47.2765" lon="11.33859">
        <ele>999</ele>
        <time>2026-04-02T10:29:39+00:00</time>
      </trkpt>
      <trkpt lat="47.27664" lon="11.33907">
        <ele>1005</ele>
        <time>2026-04-02T10:29:42+00:00</time>
      </trkpt>
      <trkpt lat="47.27672" lon="11.33928">
        <ele>1012</ele>
        <time>2026-04-02T10:29:45+00:00</time>
      </trkpt>
      <trkpt lat="47.27683" lon="11.33954">
        <ele>1018</ele>
        <time>2026-04-02T10:29:48+00:00</time>
      </trkpt>
      <trkpt lat="47.27701" lon="11.34008">
        <ele>1021</ele>
        <time>2026-04-02T10:29:51+00:00</time>
      </trkpt>
      <trkpt lat="47.27702" lon="11.34008">
        <ele>1029</ele>
        <time>2026-04-02T10:29:54+00:00</time>
      </trkpt>
      <trkpt lat="47.27702" lon="11.34006">
        <ele>1029</ele>
        <time>2026-04-02T10:29:57+00:00</time>
      </trkpt>
      <trkpt lat="47.27696" lon="11.3397">
        <ele>1025</ele>
        <time>2026-04-02T10:30:00+00:00</time>
      </trkpt>
      <trkpt lat="47.27694" lon="11.33948">
        <ele>1027</ele>
        <time>2026-04-02T10:30:03+00:00</time>
      </trkpt>
      <trkpt lat="47.27695" lon="11.33946">
        <ele>1027</ele>
        <time>2026-04-02T10:30:06+00:00</time>
      </trkpt>
      <trkpt lat="47.277" lon="11.33958">
        <ele>1026</ele>
        <time>2026-04-02T10:30:09+00:00</time>
      </trkpt>
      <trkpt lat="47.27719" lon="11.34012">
        <ele>1036</ele>
        <time>2026-04-02T10:30:12+00:00</time>
      </trkpt>
      <trkpt lat="47.27726" lon="11.34029">
        <ele>1042</ele>
        <time>2026-04-02T10:30:15+00:00</time>
      </trkpt>
      <trkpt lat="47.27736" lon="11.34049">
        <ele>1048</ele>
        <time>2026-04-02T10:30:18+00:00</time>
      </trkpt>
      <trkpt lat="47.27745" lon="11.34075">
        <ele>1052</ele>
        <time>2026-04-02T10:30:21+00:00</time>
      </trkpt>
      <trkpt lat="47.27755" lon="11.34111">
        <ele>1057</ele>
        <time>2026-04-02T10:30:24+00:00</time>
      </trkpt>
      <trkpt lat="47.2776" lon="11.34126">
        <ele>1055</ele>
        <time>2026-04-02T10:30:27+00:00</time>
      </trkpt>
      <trkpt lat="47.27765" lon="11.34152">
        <ele>1060</ele>
        <time>2026-04-02T10:30:30+00:00</time>
      </trkpt>
      <trkpt lat="47.27767" lon="11.34149">
        <ele>1061</ele>
        <time>2026-04-02T10:30:33+00:00</time>
      </trkpt>
      <trkpt lat="47.27768" lon="11.34134">
        <ele>1063</ele>
        <time>2026-04-02T10:30:36+00:00</time>
      </trkpt>
      <trkpt lat="47.27769" lon="11.34132">
        <ele>1063</ele>
        <time>2026-04-02T10:30:39+00:00</time>
      </trkpt>
      <trkpt lat="47.2777" lon="11.34133">
        <ele>1063</ele>
        <time>2026-04-02T10:30:42+00:00</time>
      </trkpt>
      <trkpt lat="47.27777" lon="11.34156">
        <ele>1067</ele>
        <time>2026-04-02T10:30:45+00:00</time>
      </trkpt>
      <trkpt lat="47.27785" lon="11.34182">
        <ele>1072</ele>
        <time>2026-04-02T10:30:48+00:00</time>
      </trkpt>
      <trkpt lat="47.278" lon="11.34222">
        <ele>1075</ele>
        <time>2026-04-02T10:30:51+00:00</time>
      </trkpt>
      <trkpt lat="47.27809" lon="11.34244">
        <ele>1072</ele>
        <time>2026-04-02T10:30:54+00:00</time>
      </trkpt>
      <trkpt lat="47.2782" lon="11.34267">
        <ele>1080</ele>
        <time>2026-04-02T10:30:57+00:00</time>
      </trkpt>
      <trkpt lat="47.27836" lon="11.34299">
        <ele>1080</ele>
        <time>2026-04-02T10:31:00+00:00</time>
      </trkpt>
      <trkpt lat="47.27848" lon="11.34325">
        <ele>1081</ele>
        <time>2026-04-02T10:31:03+00:00</time>
      </trkpt>
      <trkpt lat="47.27858" lon="11.3435">
        <ele>1092</ele>
        <time>2026-04-02T10:31:06+00:00</time>
      </trkpt>
      <trkpt lat="47.27864" lon="11.34374">
        <ele>1100</ele>
        <time>2026-04-02T10:31:09+00:00</time>
      </trkpt>
      <trkpt lat="47.27868" lon="11.34401">
        <ele>1096</ele>
        <time>2026-04-02T10:31:12+00:00</time>
      </trkpt>
      <trkpt lat="47.27872" lon="11.34419">
        <ele>1102</ele>
        <time>2026-04-02T10:31:15+00:00</time>
      </trkpt>
      <trkpt lat="47.27884" lon="11.3445">
        <ele>1099</ele>
        <time>2026-04-02T10:31:18+00:00</time>
      </trkpt>
      <trkpt lat="47.2789" lon="11.34479">
        <ele>1102</ele>
        <time>2026-04-02T10:31:21+00:00</time>
      </trkpt>
      <trkpt lat="47.27891" lon="11.34495">
        <ele>1107</ele>
        <time>2026-04-02T10:31:24+00:00</time>
      </trkpt>
      <trkpt lat="47.27891" lon="11.34521">
        <ele>1101</ele>
        <time>2026-04-02T10:31:27+00:00</time>
      </trkpt>
      <trkpt lat="47.27895" lon="11.34553">
        <ele>1104</ele>
        <time>2026-04-02T10:31:30+00:00</time>
      </trkpt>
      <trkpt lat="47.27899" lon="11.3456">
        <ele>1100</ele>
        <time>2026-04-02T10:31:33+00:00</time>
      </trkpt>
      <trkpt lat="47.27904" lon="11.34572">
        <ele>1104</ele>
        <time>2026-04-02T10:31:36+00:00</time>
      </trkpt>
      <trkpt lat="47.27921" lon="11.34602">
        <ele>1104</ele>
        <time>2026-04-02T10:31:39+00:00</time>
      </trkpt>
      <trkpt lat="47.27924" lon="11.3461">
        <ele>1106</ele>
        <time>2026-04-02T10:31:42+00:00</time>
      </trkpt>
      <trkpt lat="47.27924" lon="11.3462">
        <ele>1105</ele>
        <time>2026-04-02T10:31:45+00:00</time>
      </trkpt>
      <trkpt lat="47.27923" lon="11.34646">
        <ele>1104</ele>
        <time>2026-04-02T10:31:48+00:00</time>
      </trkpt>
      <trkpt lat="47.27922" lon="11.34673">
        <ele>1101</ele>
        <time>2026-04-02T10:31:51+00:00</time>
      </trkpt>
      <trkpt lat="47.27925" lon="11.347">
        <ele>1096</ele>
        <time>2026-04-02T10:31:54+00:00</time>
      </trkpt>
      <trkpt lat="47.27927" lon="11.3471">
        <ele>1095</ele>
        <time>2026-04-02T10:31:57+00:00</time>
      </trkpt>
      <trkpt lat="47.27933" lon="11.34723">
        <ele>1094</ele>
        <time>2026-04-02T10:32:00+00:00</time>
      </trkpt>
      <trkpt lat="47.27932" lon="11.3473">
        <ele>1094</ele>
        <time>2026-04-02T10:32:03+00:00</time>
      </trkpt>
      <trkpt lat="47.27929" lon="11.34743">
        <ele>1088</ele>
        <time>2026-04-02T10:32:06+00:00</time>
      </trkpt>
      <trkpt lat="47.27928" lon="11.34745">
        <ele>1088</ele>
        <time>2026-04-02T10:32:09+00:00</time>
      </trkpt>
      <trkpt lat="47.27933" lon="11.34745">
        <ele>1089</ele>
        <time>2026-04-02T10:32:12+00:00</time>
      </trkpt>
      <trkpt lat="47.27939" lon="11.34741">
        <ele>1089</ele>
        <time>2026-04-02T10:32:15+00:00</time>
      </trkpt>
      <trkpt lat="47.27964" lon="11.34744">
        <ele>1089</ele>
        <time>2026-04-02T10:32:18+00:00</time>
      </trkpt>
      <trkpt lat="47.2797" lon="11.34742">
        <ele>1089</ele>
        <time>2026-04-02T10:32:21+00:00</time>
      </trkpt>
      <trkpt lat="47.27978" lon="11.34729">
        <ele>1095</ele>
        <time>2026-04-02T10:32:24+00:00</time>
      </trkpt>
      <trkpt lat="47.27992" lon="11.34719">
        <ele>1091</ele>
        <time>2026-04-02T10:32:27+00:00</time>
      </trkpt>
      <trkpt lat="47.28005" lon="11.3472">
        <ele>1100</ele>
        <time>2026-04-02T10:32:30+00:00</time>
      </trkpt>
      <trkpt lat="47.28013" lon="11.34731">
        <ele>1088</ele>
        <time>2026-04-02T10:32:33+00:00</time>
      </trkpt>
      <trkpt lat="47.28017" lon="11.34746">
        <ele>1089</ele>
        <time>2026-04-02T10:32:36+00:00</time>
      </trkpt>
      <trkpt lat="47.28014" lon="11.34759">
        <ele>1086</ele>
        <time>2026-04-02T10:32:39+00:00</time>
      </trkpt>
      <trkpt lat="47.28017" lon="11.34788">
        <ele>1076</ele>
        <time>2026-04-02T10:32:42+00:00</time>
      </trkpt>
      <trkpt lat="47.28023" lon="11.34828">
        <ele>1067</ele>
        <time>2026-04-02T10:32:45+00:00</time>
      </trkpt>
      <trkpt lat="47.28021" lon="11.34881">
        <ele>1060</ele>
        <time>2026-04-02T10:32:48+00:00</time>
      </trkpt>
      <trkpt lat="47.28025" lon="11.34916">
        <ele>1054</ele>
        <time>2026-04-02T10:32:51+00:00</time>
      </trkpt>
      <trkpt lat="47.28029" lon="11.34955">
        <ele>1051</ele>
        <time>2026-04-02T10:32:54+00:00</time>
      </trkpt>
      <trkpt lat="47.28036" lon="11.34958">
        <ele>1055</ele>
        <time>2026-04-02T10:32:57+00:00</time>
      </trkpt>
      <trkpt lat="47.28045" lon="11.34967">
        <ele>1058</ele>
        <time>2026-04-02T10:33:00+00:00</time>
      </trkpt>
      <trkpt lat="47.28043" lon="11.34981">
        <ele>1048</ele>
        <time>2026-04-02T10:33:03+00:00</time>
      </trkpt>
      <trkpt lat="47.28037" lon="11.34993">
        <ele>1045</ele>
        <time>2026-04-02T10:33:06+00:00</time>
      </trkpt>
      <trkpt lat="47.28021" lon="11.34997">
        <ele>1046</ele>
        <time>2026-04-02T10:33:09+00:00</time>
      </trkpt>
      <trkpt lat="47.28009" lon="11.35011">
        <ele>1048</ele>
        <time>2026-04-02T10:33:12+00:00</time>
      </trkpt>
      <trkpt lat="47.27993" lon="11.35019">
        <ele>1060</ele>
        <time>2026-04-02T10:33:15+00:00</time>
      </trkpt>
      <trkpt lat="47.27987" lon="11.35027">
        <ele>1049</ele>
        <time>2026-04-02T10:33:18+00:00</time>
      </trkpt>
      <trkpt lat="47.27977" lon="11.35074">
        <ele>1074</ele>
        <time>2026-04-02T10:33:21+00:00</time>
      </trkpt>
      <trkpt lat="47.27966" lon="11.35106">
        <ele>1069</ele>
        <time>2026-04-02T10:33:24+00:00</time>
      </trkpt>
      <trkpt lat="47.27949" lon="11.35137">
        <ele>1065</ele>
        <time>2026-04-02T10:33:27+00:00</time>
      </trkpt>
      <trkpt lat="47.27943" lon="11.35155">
        <ele>1068</ele>
        <time>2026-04-02T10:33:30+00:00</time>
      </trkpt>
      <trkpt lat="47.27924" lon="11.35172">
        <ele>1064</ele>
        <time>2026-04-02T10:33:33+00:00</time>
      </trkpt>
      <trkpt lat="47.2792" lon="11.35181">
        <ele>1048</ele>
        <time>2026-04-02T10:33:36+00:00</time>
      </trkpt>
      <trkpt lat="47.27924" lon="11.35191">
        <ele>1056</ele>
        <time>2026-04-02T10:33:39+00:00</time>
      </trkpt>
      <trkpt lat="47.27933" lon="11.352">
        <ele>1064</ele>
        <time>2026-04-02T10:33:42+00:00</time>
      </trkpt>
      <trkpt lat="47.27943" lon="11.35199">
        <ele>1072</ele>
        <time>2026-04-02T10:33:45+00:00</time>
      </trkpt>
      <trkpt lat="47.2795" lon="11.35204">
        <ele>1073</ele>
        <time>2026-04-02T10:33:48+00:00</time>
      </trkpt>
      <trkpt lat="47.27968" lon="11.35206">
        <ele>1089</ele>
        <time>2026-04-02T10:33:51+00:00</time>
      </trkpt>
      <trkpt lat="47.27964" lon="11.3524">
        <ele>1091</ele>
        <time>2026-04-02T10:33:54+00:00</time>
      </trkpt>
      <trkpt lat="47.27965" lon="11.35267">
        <ele>1092</ele>
        <time>2026-04-02T10:33:57+00:00</time>
      </trkpt>
      <trkpt lat="47.27978" lon="11.35316">
        <ele>1100</ele>
        <time>2026-04-02T10:34:00+00:00</time>
      </trkpt>
      <trkpt lat="47.2799" lon="11.3532">
        <ele>1108</ele>
        <time>2026-04-02T10:34:03+00:00</time>
      </trkpt>
      <trkpt lat="47.28007" lon="11.35346">
        <ele>1124</ele>
        <time>2026-04-02T10:34:06+00:00</time>
      </trkpt>
      <trkpt lat="47.28013" lon="11.35379">
        <ele>1133</ele>
        <time>2026-04-02T10:34:09+00:00</time>
      </trkpt>
      <trkpt lat="47.2802" lon="11.35415">
        <ele>1137</ele>
        <time>2026-04-02T10:34:12+00:00</time>
      </trkpt>
      <trkpt lat="47.28019" lon="11.35427">
        <ele>1132</ele>
        <time>2026-04-02T10:34:15+00:00</time>
      </trkpt>
      <trkpt lat="47.2803" lon="11.35446">
        <ele>1132</ele>
        <time>2026-04-02T10:34:18+00:00</time>
      </trkpt>
      <trkpt lat="47.28026" lon="11.35479">
        <ele>1133</ele>
        <time>2026-04-02T10:34:21+00:00</time>
      </trkpt>
      <trkpt lat="47.28034" lon="11.35516">
        <ele>1134</ele>
        <time>2026-04-02T10:34:24+00:00</time>
      </trkpt>
      <trkpt lat="47.28046" lon="11.35552">
        <ele>1142</ele>
        <time>2026-04-02T10:34:27+00:00</time>
      </trkpt>
      <trkpt lat="47.28051" lon="11.35603">
        <ele>1156</ele>
        <time>2026-04-02T10:34:30+00:00</time>
      </trkpt>
      <trkpt lat="47.28059" lon="11.35622">
        <ele>1154</ele>
        <time>2026-04-02T10:34:33+00:00</time>
      </trkpt>
      <trkpt lat="47.28063" lon="11.35651">
        <ele>1156</ele>
        <time>2026-04-02T10:34:36+00:00</time>
      </trkpt>
      <trkpt lat="47.28068" lon="11.35689">
        <ele>1156</ele>
        <time>2026-04-02T10:34:39+00:00</time>
      </trkpt>
      <trkpt lat="47.28077" lon="11.35716">
        <ele>1155</ele>
        <time>2026-04-02T10:34:42+00:00</time>
      </trkpt>
      <trkpt lat="47.28088" lon="11.35754">
        <ele>1151</ele>
        <time>2026-04-02T10:34:45+00:00</time>
      </trkpt>
      <trkpt lat="47.28106" lon="11.358">
        <ele>1146</ele>
        <time>2026-04-02T10:34:48+00:00</time>
      </trkpt>
      <trkpt lat="47.28136" lon="11.3584">
        <ele>1146</ele>
        <time>2026-04-02T10:34:51+00:00</time>
      </trkpt>
      <trkpt lat="47.28148" lon="11.35869">
        <ele>1146</ele>
        <time>2026-04-02T10:34:54+00:00</time>
      </trkpt>
      <trkpt lat="47.28161" lon="11.359">
        <ele>1150</ele>
        <time>2026-04-02T10:34:57+00:00</time>
      </trkpt>
      <trkpt lat="47.28178" lon="11.3593">
        <ele>1151</ele>
        <time>2026-04-02T10:35:00+00:00</time>
      </trkpt>
      <trkpt lat="47.2818" lon="11.35949">
        <ele>1150</ele>
        <time>2026-04-02T10:35:03+00:00</time>
      </trkpt>
      <trkpt lat="47.28182" lon="11.35979">
        <ele>1156</ele>
        <time>2026-04-02T10:35:06+00:00</time>
      </trkpt>
      <trkpt lat="47.28191" lon="11.36027">
        <ele>1158</ele>
        <time>2026-04-02T10:35:09+00:00</time>
      </trkpt>
      <trkpt lat="47.28198" lon="11.36077">
        <ele>1161</ele>
        <time>2026-04-02T10:35:12+00:00</time>
      </trkpt>
      <trkpt lat="47.28219" lon="11.36125">
        <ele>1159</ele>
        <time>2026-04-02T10:35:15+00:00</time>
      </trkpt>
      <trkpt lat="47.28234" lon="11.36171">
        <ele>1158</ele>
        <time>2026-04-02T10:35:18+00:00</time>
      </trkpt>
      <trkpt lat="47.28261" lon="11.36223">
        <ele>1155</ele>
        <time>2026-04-02T10:35:21+00:00</time>
      </trkpt>
      <trkpt lat="47.28275" lon="11.36248">
        <ele>1153</ele>
        <time>2026-04-02T10:35:24+00:00</time>
      </trkpt>
      <trkpt lat="47.2829" lon="11.3628">
        <ele>1152</ele>
        <time>2026-04-02T10:35:27+00:00</time>
      </trkpt>
      <trkpt lat="47.28295" lon="11.36307">
        <ele>1140</ele>
        <time>2026-04-02T10:35:30+00:00</time>
      </trkpt>
      <trkpt lat="47.28285" lon="11.36328">
        <ele>1131</ele>
        <time>2026-04-02T10:35:33+00:00</time>
      </trkpt>
      <trkpt lat="47.28272" lon="11.36345">
        <ele>1121</ele>
        <time>2026-04-02T10:35:36+00:00</time>
      </trkpt>
      <trkpt lat="47.28275" lon="11.3636">
        <ele>1116</ele>
        <time>2026-04-02T10:35:39+00:00</time>
      </trkpt>
      <trkpt lat="47.28273" lon="11.36376">
        <ele>1112</ele>
        <time>2026-04-02T10:35:42+00:00</time>
      </trkpt>
      <trkpt lat="47.28275" lon="11.36393">
        <ele>1102</ele>
        <time>2026-04-02T10:35:45+00:00</time>
      </trkpt>
      <trkpt lat="47.28283" lon="11.36403">
        <ele>1104</ele>
        <time>2026-04-02T10:35:48+00:00</time>
      </trkpt>
      <trkpt lat="47.28286" lon="11.36424">
        <ele>1098</ele>
        <time>2026-04-02T10:35:51+00:00</time>
      </trkpt>
      <trkpt lat="47.28293" lon="11.36446">
        <ele>1096</ele>
        <time>2026-04-02T10:35:54+00:00</time>
      </trkpt>
      <trkpt lat="47.28302" lon="11.36468">
        <ele>1096</ele>
        <time>2026-04-02T10:35:57+00:00</time>
      </trkpt>
      <trkpt lat="47.28299" lon="11.36501">
        <ele>1076</ele>
        <time>2026-04-02T10:36:00+00:00</time>
      </trkpt>
      <trkpt lat="47.283" lon="11.36523">
        <ele>1072</ele>
        <time>2026-04-02T10:36:03+00:00</time>
      </trkpt>
      <trkpt lat="47.28281" lon="11.36532">
        <ele>1059</ele>
        <time>2026-04-02T10:36:06+00:00</time>
      </trkpt>
      <trkpt lat="47.28297" lon="11.36559">
        <ele>1055</ele>
        <time>2026-04-02T10:36:09+00:00</time>
      </trkpt>
      <trkpt lat="47.28285" lon="11.36623">
        <ele>1025</ele>
        <time>2026-04-02T10:36:12+00:00</time>
      </trkpt>
      <trkpt lat="47.28299" lon="11.36639">
        <ele>1026</ele>
        <time>2026-04-02T10:36:15+00:00</time>
      </trkpt>
      <trkpt lat="47.28298" lon="11.36667">
        <ele>1018</ele>
        <time>2026-04-02T10:36:18+00:00</time>
      </trkpt>
      <trkpt lat="47.28276" lon="11.36725">
        <ele>989</ele>
        <time>2026-04-02T10:36:21+00:00</time>
      </trkpt>
      <trkpt lat="47.28261" lon="11.36738">
        <ele>982</ele>
        <time>2026-04-02T10:36:24+00:00</time>
      </trkpt>
      <trkpt lat="47.28259" lon="11.36761">
        <ele>967</ele>
        <time>2026-04-02T10:36:27+00:00</time>
      </trkpt>
      <trkpt lat="47.28258" lon="11.36788">
        <ele>961</ele>
        <time>2026-04-02T10:36:30+00:00</time>
      </trkpt>
      <trkpt lat="47.2826" lon="11.36799">
        <ele>962</ele>
        <time>2026-04-02T10:36:33+00:00</time>
      </trkpt>
      <trkpt lat="47.28259" lon="11.36805">
        <ele>955</ele>
        <time>2026-04-02T10:36:36+00:00</time>
      </trkpt>
      <trkpt lat="47.28248" lon="11.36809">
        <ele>953</ele>
        <time>2026-04-02T10:36:39+00:00</time>
      </trkpt>
      <trkpt lat="47.28247" lon="11.36824">
        <ele>949</ele>
        <time>2026-04-02T10:36:42+00:00</time>
      </trkpt>
      <trkpt lat="47.28231" lon="11.36852">
        <ele>940</ele>
        <time>2026-04-02T10:36:45+00:00</time>
      </trkpt>
      <trkpt lat="47.2821" lon="11.3691">
        <ele>930</ele>
        <time>2026-04-02T10:36:48+00:00</time>
      </trkpt>
      <trkpt lat="47.282" lon="11.36924">
        <ele>927</ele>
        <time>2026-04-02T10:36:51+00:00</time>
      </trkpt>
      <trkpt lat="47.28197" lon="11.36925">
        <ele>927</ele>
        <time>2026-04-02T10:36:54+00:00</time>
      </trkpt>
      <trkpt lat="47.28201" lon="11.36934">
        <ele>926</ele>
        <time>2026-04-02T10:36:57+00:00</time>
      </trkpt>
      <trkpt lat="47.28185" lon="11.36956">
        <ele>925</ele>
        <time>2026-04-02T10:37:00+00:00</time>
      </trkpt>
      <trkpt lat="47.28189" lon="11.36959">
        <ele>925</ele>
        <time>2026-04-02T10:37:03+00:00</time>
      </trkpt>
      <trkpt lat="47.28197" lon="11.36968">
        <ele>924</ele>
        <time>2026-04-02T10:37:06+00:00</time>
      </trkpt>
      <trkpt lat="47.28214" lon="11.36965">
        <ele>923</ele>
        <time>2026-04-02T10:37:09+00:00</time>
      </trkpt>
      <trkpt lat="47.28232" lon="11.36962">
        <ele>920</ele>
        <time>2026-04-02T10:37:12+00:00</time>
      </trkpt>
      <trkpt lat="47.28237" lon="11.36966">
        <ele>920</ele>
        <time>2026-04-02T10:37:15+00:00</time>
      </trkpt>
      <trkpt lat="47.28245" lon="11.36984">
        <ele>914</ele>
        <time>2026-04-02T10:37:18+00:00</time>
      </trkpt>
      <trkpt lat="47.28248" lon="11.36984">
        <ele>914</ele>
        <time>2026-04-02T10:37:21+00:00</time>
      </trkpt>
      <trkpt lat="47.28254" lon="11.36988">
        <ele>914</ele>
        <time>2026-04-02T10:37:24+00:00</time>
      </trkpt>
      <trkpt lat="47.28255" lon="11.36984">
        <ele>914</ele>
        <time>2026-04-02T10:37:27+00:00</time>
      </trkpt>
      <trkpt lat="47.28257" lon="11.36981">
        <ele>914</ele>
        <time>2026-04-02T10:37:30+00:00</time>
      </trkpt>
      <trkpt lat="47.2826" lon="11.3698">
        <ele>914</ele>
        <time>2026-04-02T10:37:33+00:00</time>
      </trkpt>
      <trkpt lat="47.28268" lon="11.36981">
        <ele>914</ele>
        <time>2026-04-02T10:37:36+00:00</time>
      </trkpt>
      <trkpt lat="47.28278" lon="11.36984">
        <ele>915</ele>
        <time>2026-04-02T10:37:39+00:00</time>
      </trkpt>
      <trkpt lat="47.28303" lon="11.36998">
        <ele>914</ele>
        <time>2026-04-02T10:37:42+00:00</time>
      </trkpt>
      <trkpt lat="47.28314" lon="11.37034">
        <ele>914</ele>
        <time>2026-04-02T10:37:45+00:00</time>
      </trkpt>
      <trkpt lat="47.2833" lon="11.37083">
        <ele>914</ele>
        <time>2026-04-02T10:37:48+00:00</time>
      </trkpt>
      <trkpt lat="47.28324" lon="11.37116">
        <ele>915</ele>
        <time>2026-04-02T10:37:51+00:00</time>
      </trkpt>
      <trkpt lat="47.28324" lon="11.37118">
        <ele>915</ele>
        <time>2026-04-02T10:37:54+00:00</time>
      </trkpt>
      <trkpt lat="47.28331" lon="11.37127">
        <ele>918</ele>
        <time>2026-04-02T10:37:57+00:00</time>
      </trkpt>
      <trkpt lat="47.28346" lon="11.37137">
        <ele>921</ele>
        <time>2026-04-02T10:38:00+00:00</time>
      </trkpt>
      <trkpt lat="47.28356" lon="11.37162">
        <ele>924</ele>
        <time>2026-04-02T10:38:03+00:00</time>
      </trkpt>
      <trkpt lat="47.28378" lon="11.37155">
        <ele>923</ele>
        <time>2026-04-02T10:38:06+00:00</time>
      </trkpt>
      <trkpt lat="47.28391" lon="11.37164">
        <ele>922</ele>
        <time>2026-04-02T10:38:09+00:00</time>
      </trkpt>
      <trkpt lat="47.28403" lon="11.37168">
        <ele>922</ele>
        <time>2026-04-02T10:38:12+00:00</time>
      </trkpt>
      <trkpt lat="47.2841" lon="11.37182">
        <ele>915</ele>
        <time>2026-04-02T10:38:15+00:00</time>
      </trkpt>
      <trkpt lat="47.2842" lon="11.37179">
        <ele>918</ele>
        <time>2026-04-02T10:38:18+00:00</time>
      </trkpt>
      <trkpt lat="47.28442" lon="11.37177">
        <ele>913</ele>
        <time>2026-04-02T10:38:21+00:00</time>
      </trkpt>
      <trkpt lat="47.28454" lon="11.37181">
        <ele>902</ele>
        <time>2026-04-02T10:38:24+00:00</time>
      </trkpt>
      <trkpt lat="47.28457" lon="11.372">
        <ele>892</ele>
        <time>2026-04-02T10:38:27+00:00</time>
      </trkpt>
      <trkpt lat="47.28475" lon="11.37193">
        <ele>891</ele>
        <time>2026-04-02T10:38:30+00:00</time>
      </trkpt>
      <trkpt lat="47.28486" lon="11.37184">
        <ele>891</ele>
        <time>2026-04-02T10:38:33+00:00</time>
      </trkpt>
      <trkpt lat="47.28492" lon="11.37187">
        <ele>887</ele>
        <time>2026-04-02T10:38:36+00:00</time>
      </trkpt>
      <trkpt lat="47.28498" lon="11.37186">
        <ele>887</ele>
        <time>2026-04-02T10:38:39+00:00</time>
      </trkpt>
      <trkpt lat="47.28499" lon="11.37187">
        <ele>887</ele>
        <time>2026-04-02T10:38:42+00:00</time>
      </trkpt>
      <trkpt lat="47.285" lon="11.37193">
        <ele>885</ele>
        <time>2026-04-02T10:38:45+00:00</time>
      </trkpt>
      <trkpt lat="47.28498" lon="11.37197">
        <ele>884</ele>
        <time>2026-04-02T10:38:48+00:00</time>
      </trkpt>
      <trkpt lat="47.28489" lon="11.37203">
        <ele>883</ele>
        <time>2026-04-02T10:38:51+00:00</time>
      </trkpt>
      <trkpt lat="47.28483" lon="11.37208">
        <ele>883</ele>
        <time>2026-04-02T10:38:54+00:00</time>
      </trkpt>
      <trkpt lat="47.28472" lon="11.37231">
        <ele>883</ele>
        <time>2026-04-02T10:38:57+00:00</time>
      </trkpt>
      <trkpt lat="47.28458" lon="11.37263">
        <ele>883</ele>
        <time>2026-04-02T10:39:00+00:00</time>
      </trkpt>
      <trkpt lat="47.28457" lon="11.37274">
        <ele>889</ele>
        <time>2026-04-02T10:39:03+00:00</time>
      </trkpt>
      <trkpt lat="47.2845" lon="11.37274">
        <ele>889</ele>
        <time>2026-04-02T10:39:06+00:00</time>
      </trkpt>
      <trkpt lat="47.28439" lon="11.37279">
        <ele>883</ele>
        <time>2026-04-02T10:39:09+00:00</time>
      </trkpt>
      <trkpt lat="47.28425" lon="11.3729">
        <ele>882</ele>
        <time>2026-04-02T10:39:12+00:00</time>
      </trkpt>
      <trkpt lat="47.28411" lon="11.37319">
        <ele>887</ele>
        <time>2026-04-02T10:39:15+00:00</time>
      </trkpt>
      <trkpt lat="47.28411" lon="11.37331">
        <ele>891</ele>
        <time>2026-04-02T10:39:18+00:00</time>
      </trkpt>
      <trkpt lat="47.2841" lon="11.37351">
        <ele>890</ele>
        <time>2026-04-02T10:39:21+00:00</time>
      </trkpt>
      <trkpt lat="47.28411" lon="11.37362">
        <ele>892</ele>
        <time>2026-04-02T10:39:24+00:00</time>
      </trkpt>
      <trkpt lat="47.28412" lon="11.37362">
        <ele>892</ele>
        <time>2026-04-02T10:39:27+00:00</time>
      </trkpt>
      <trkpt lat="47.28413" lon="11.37372">
        <ele>891</ele>
        <time>2026-04-02T10:39:30+00:00</time>
      </trkpt>
      <trkpt lat="47.28413" lon="11.37377">
        <ele>891</ele>
        <time>2026-04-02T10:39:33+00:00</time>
      </trkpt>
      <trkpt lat="47.28412" lon="11.37383">
        <ele>892</ele>
        <time>2026-04-02T10:39:36+00:00</time>
      </trkpt>
      <trkpt lat="47.28409" lon="11.37391">
        <ele>893</ele>
        <time>2026-04-02T10:39:39+00:00</time>
      </trkpt>
      <trkpt lat="47.28398" lon="11.37435">
        <ele>903</ele>
        <time>2026-04-02T10:39:42+00:00</time>
      </trkpt>
      <trkpt lat="47.28392" lon="11.37448">
        <ele>905</ele>
        <time>2026-04-02T10:39:45+00:00</time>
      </trkpt>
      <trkpt lat="47.28384" lon="11.37459">
        <ele>905</ele>
        <time>2026-04-02T10:39:48+00:00</time>
      </trkpt>
      <trkpt lat="47.28366" lon="11.37477">
        <ele>906</ele>
        <time>2026-04-02T10:39:51+00:00</time>
      </trkpt>
      <trkpt lat="47.28362" lon="11.37478">
        <ele>906</ele>
        <time>2026-04-02T10:39:54+00:00</time>
      </trkpt>
      <trkpt lat="47.28348" lon="11.37487">
        <ele>906</ele>
        <time>2026-04-02T10:39:57+00:00</time>
      </trkpt>
      <trkpt lat="47.28321" lon="11.37499">
        <ele>907</ele>
        <time>2026-04-02T10:40:00+00:00</time>
      </trkpt>
      <trkpt lat="47.28336" lon="11.37511">
        <ele>902</ele>
        <time>2026-04-02T10:40:03+00:00</time>
      </trkpt>
      <trkpt lat="47.28359" lon="11.37508">
        <ele>909</ele>
        <time>2026-04-02T10:40:06+00:00</time>
      </trkpt>
      <trkpt lat="47.28375" lon="11.37525">
        <ele>913</ele>
        <time>2026-04-02T10:40:09+00:00</time>
      </trkpt>
      <trkpt lat="47.28395" lon="11.37534">
        <ele>916</ele>
        <time>2026-04-02T10:40:12+00:00</time>
      </trkpt>
      <trkpt lat="47.28409" lon="11.37525">
        <ele>919</ele>
        <time>2026-04-02T10:40:15+00:00</time>
      </trkpt>
      <trkpt lat="47.28423" lon="11.37539">
        <ele>918</ele>
        <time>2026-04-02T10:40:18+00:00</time>
      </trkpt>
      <trkpt lat="47.28434" lon="11.37572">
        <ele>917</ele>
        <time>2026-04-02T10:40:21+00:00</time>
      </trkpt>
      <trkpt lat="47.28448" lon="11.37596">
        <ele>917</ele>
        <time>2026-04-02T10:40:24+00:00</time>
      </trkpt>
      <trkpt lat="47.28463" lon="11.37613">
        <ele>918</ele>
        <time>2026-04-02T10:40:27+00:00</time>
      </trkpt>
      <trkpt lat="47.28467" lon="11.37619">
        <ele>918</ele>
        <time>2026-04-02T10:40:30+00:00</time>
      </trkpt>
      <trkpt lat="47.28493" lon="11.37644">
        <ele>920</ele>
        <time>2026-04-02T10:40:33+00:00</time>
      </trkpt>
      <trkpt lat="47.28501" lon="11.37658">
        <ele>921</ele>
        <time>2026-04-02T10:40:36+00:00</time>
      </trkpt>
      <trkpt lat="47.28518" lon="11.37647">
        <ele>922</ele>
        <time>2026-04-02T10:40:39+00:00</time>
      </trkpt>
      <trkpt lat="47.28531" lon="11.37637">
        <ele>923</ele>
        <time>2026-04-02T10:40:42+00:00</time>
      </trkpt>
      <trkpt lat="47.2854" lon="11.37633">
        <ele>923</ele>
        <time>2026-04-02T10:40:45+00:00</time>
      </trkpt>
      <trkpt lat="47.28543" lon="11.37627">
        <ele>924</ele>
        <time>2026-04-02T10:40:48+00:00</time>
      </trkpt>
      <trkpt lat="47.28554" lon="11.37621">
        <ele>924</ele>
        <time>2026-04-02T10:40:51+00:00</time>
      </trkpt>
      <trkpt lat="47.28561" lon="11.37616">
        <ele>926</ele>
        <time>2026-04-02T10:40:54+00:00</time>
      </trkpt>
      <trkpt lat="47.28576" lon="11.37601">
        <ele>930</ele>
        <time>2026-04-02T10:40:57+00:00</time>
      </trkpt>
      <trkpt lat="47.28582" lon="11.37597">
        <ele>933</ele>
        <time>2026-04-02T10:41:00+00:00</time>
      </trkpt>
      <trkpt lat="47.2859" lon="11.37593">
        <ele>933</ele>
        <time>2026-04-02T10:41:03+00:00</time>
      </trkpt>
      <trkpt lat="47.28603" lon="11.37588">
        <ele>937</ele>
        <time>2026-04-02T10:41:06+00:00</time>
      </trkpt>
      <trkpt lat="47.28613" lon="11.37586">
        <ele>937</ele>
        <time>2026-04-02T10:41:09+00:00</time>
      </trkpt>
      <trkpt lat="47.28627" lon="11.3758">
        <ele>944</ele>
        <time>2026-04-02T10:41:12+00:00</time>
      </trkpt>
      <trkpt lat="47.28634" lon="11.37576">
        <ele>947</ele>
        <time>2026-04-02T10:41:15+00:00</time>
      </trkpt>
      <trkpt lat="47.28647" lon="11.37579">
        <ele>952</ele>
        <time>2026-04-02T10:41:18+00:00</time>
      </trkpt>
      <trkpt lat="47.2865" lon="11.37583">
        <ele>955</ele>
        <time>2026-04-02T10:41:21+00:00</time>
      </trkpt>
      <trkpt lat="47.28655" lon="11.37587">
        <ele>955</ele>
        <time>2026-04-02T10:41:24+00:00</time>
      </trkpt>
      <trkpt lat="47.28658" lon="11.37594">
        <ele>954</ele>
        <time>2026-04-02T10:41:27+00:00</time>
      </trkpt>
      <trkpt lat="47.28665" lon="11.37597">
        <ele>959</ele>
        <time>2026-04-02T10:41:30+00:00</time>
      </trkpt>
      <trkpt lat="47.28666" lon="11.37595">
        <ele>959</ele>
        <time>2026-04-02T10:41:33+00:00</time>
      </trkpt>
      <trkpt lat="47.28666" lon="11.37575">
        <ele>962</ele>
        <time>2026-04-02T10:41:36+00:00</time>
      </trkpt>
      <trkpt lat="47.28667" lon="11.37573">
        <ele>962</ele>
        <time>2026-04-02T10:41:39+00:00</time>
      </trkpt>
      <trkpt lat="47.28669" lon="11.37574">
        <ele>962</ele>
        <time>2026-04-02T10:41:42+00:00</time>
      </trkpt>
      <trkpt lat="47.28672" lon="11.37579">
        <ele>966</ele>
        <time>2026-04-02T10:41:45+00:00</time>
      </trkpt>
      <trkpt lat="47.28685" lon="11.37605">
        <ele>967</ele>
        <time>2026-04-02T10:41:48+00:00</time>
      </trkpt>
      <trkpt lat="47.28692" lon="11.37613">
        <ele>970</ele>
        <time>2026-04-02T10:41:51+00:00</time>
      </trkpt>
      <trkpt lat="47.287" lon="11.37618">
        <ele>974</ele>
        <time>2026-04-02T10:41:54+00:00</time>
      </trkpt>
      <trkpt lat="47.287" lon="11.3762">
        <ele>973</ele>
        <time>2026-04-02T10:41:57+00:00</time>
      </trkpt>
      <trkpt lat="47.28706" lon="11.37625">
        <ele>973</ele>
        <time>2026-04-02T10:42:00+00:00</time>
      </trkpt>
      <trkpt lat="47.28723" lon="11.3762">
        <ele>980</ele>
        <time>2026-04-02T10:42:03+00:00</time>
      </trkpt>
      <trkpt lat="47.28745" lon="11.37609">
        <ele>989</ele>
        <time>2026-04-02T10:42:06+00:00</time>
      </trkpt>
      <trkpt lat="47.28757" lon="11.37615">
        <ele>992</ele>
        <time>2026-04-02T10:42:09+00:00</time>
      </trkpt>
      <trkpt lat="47.28774" lon="11.37635">
        <ele>1001</ele>
        <time>2026-04-02T10:42:12+00:00</time>
      </trkpt>
      <trkpt lat="47.28799" lon="11.37679">
        <ele>1006</ele>
        <time>2026-04-02T10:42:15+00:00</time>
      </trkpt>
      <trkpt lat="47.28809" lon="11.37694">
        <ele>1008</ele>
        <time>2026-04-02T10:42:18+00:00</time>
      </trkpt>
      <trkpt lat="47.28812" lon="11.37692">
        <ele>1012</ele>
        <time>2026-04-02T10:42:21+00:00</time>
      </trkpt>
      <trkpt lat="47.28816" lon="11.37658">
        <ele>1016</ele>
        <time>2026-04-02T10:42:24+00:00</time>
      </trkpt>
      <trkpt lat="47.28825" lon="11.37607">
        <ele>1026</ele>
        <time>2026-04-02T10:42:27+00:00</time>
      </trkpt>
      <trkpt lat="47.28827" lon="11.37604">
        <ele>1026</ele>
        <time>2026-04-02T10:42:30+00:00</time>
      </trkpt>
      <trkpt lat="47.28844" lon="11.37643">
        <ele>1030</ele>
        <time>2026-04-02T10:42:33+00:00</time>
      </trkpt>
      <trkpt lat="47.2885" lon="11.37606">
        <ele>1036</ele>
        <time>2026-04-02T10:42:36+00:00</time>
      </trkpt>
      <trkpt lat="47.28855" lon="11.37594">
        <ele>1043</ele>
        <time>2026-04-02T10:42:39+00:00</time>
      </trkpt>
      <trkpt lat="47.28861" lon="11.37569">
        <ele>1053</ele>
        <time>2026-04-02T10:42:42+00:00</time>
      </trkpt>
      <trkpt lat="47.28865" lon="11.37576">
        <ele>1051</ele>
        <time>2026-04-02T10:42:45+00:00</time>
      </trkpt>
      <trkpt lat="47.28874" lon="11.37541">
        <ele>1062</ele>
        <time>2026-04-02T10:42:48+00:00</time>
      </trkpt>
      <trkpt lat="47.28879" lon="11.37536">
        <ele>1064</ele>
        <time>2026-04-02T10:42:51+00:00</time>
      </trkpt>
      <trkpt lat="47.28886" lon="11.37541">
        <ele>1068</ele>
        <time>2026-04-02T10:42:54+00:00</time>
      </trkpt>
      <trkpt lat="47.2889" lon="11.37536">
        <ele>1075</ele>
        <time>2026-04-02T10:42:57+00:00</time>
      </trkpt>
      <trkpt lat="47.28907" lon="11.37531">
        <ele>1079</ele>
        <time>2026-04-02T10:43:00+00:00</time>
      </trkpt>
      <trkpt lat="47.28912" lon="11.37525">
        <ele>1085</ele>
        <time>2026-04-02T10:43:03+00:00</time>
      </trkpt>
      <trkpt lat="47.28921" lon="11.37528">
        <ele>1087</ele>
        <time>2026-04-02T10:43:06+00:00</time>
      </trkpt>
      <trkpt lat="47.28931" lon="11.37529">
        <ele>1091</ele>
        <time>2026-04-02T10:43:09+00:00</time>
      </trkpt>
      <trkpt lat="47.28934" lon="11.37526">
        <ele>1091</ele>
        <time>2026-04-02T10:43:12+00:00</time>
      </trkpt>
      <trkpt lat="47.28938" lon="11.37527">
        <ele>1091</ele>
        <time>2026-04-02T10:43:15+00:00</time>
      </trkpt>
      <trkpt lat="47.28943" lon="11.37535">
        <ele>1094</ele>
        <time>2026-04-02T10:43:18+00:00</time>
      </trkpt>
      <trkpt lat="47.28952" lon="11.37542">
        <ele>1097</ele>
        <time>2026-04-02T10:43:21+00:00</time>
      </trkpt>
      <trkpt lat="47.28962" lon="11.37546">
        <ele>1100</ele>
        <time>2026-04-02T10:43:24+00:00</time>
      </trkpt>
      <trkpt lat="47.28972" lon="11.37542">
        <ele>1103</ele>
        <time>2026-04-02T10:43:27+00:00</time>
      </trkpt>
      <trkpt lat="47.28984" lon="11.37507">
        <ele>1111</ele>
        <time>2026-04-02T10:43:30+00:00</time>
      </trkpt>
      <trkpt lat="47.29006" lon="11.3748">
        <ele>1119</ele>
        <time>2026-04-02T10:43:33+00:00</time>
      </trkpt>
      <trkpt lat="47.29027" lon="11.37493">
        <ele>1124</ele>
        <time>2026-04-02T10:43:36+00:00</time>
      </trkpt>
      <trkpt lat="47.29041" lon="11.3749">
        <ele>1131</ele>
        <time>2026-04-02T10:43:39+00:00</time>
      </trkpt>
      <trkpt lat="47.29049" lon="11.3749">
        <ele>1131</ele>
        <time>2026-04-02T10:43:42+00:00</time>
      </trkpt>
      <trkpt lat="47.29059" lon="11.37483">
        <ele>1133</ele>
        <time>2026-04-02T10:43:45+00:00</time>
      </trkpt>
      <trkpt lat="47.29063" lon="11.37482">
        <ele>1135</ele>
        <time>2026-04-02T10:43:48+00:00</time>
      </trkpt>
      <trkpt lat="47.2907" lon="11.37475">
        <ele>1139</ele>
        <time>2026-04-02T10:43:51+00:00</time>
      </trkpt>
      <trkpt lat="47.29077" lon="11.37461">
        <ele>1141</ele>
        <time>2026-04-02T10:43:54+00:00</time>
      </trkpt>
      <trkpt lat="47.29085" lon="11.37455">
        <ele>1145</ele>
        <time>2026-04-02T10:43:57+00:00</time>
      </trkpt>
      <trkpt lat="47.29091" lon="11.37444">
        <ele>1150</ele>
        <time>2026-04-02T10:44:00+00:00</time>
      </trkpt>
      <trkpt lat="47.291" lon="11.37423">
        <ele>1157</ele>
        <time>2026-04-02T10:44:03+00:00</time>
      </trkpt>
      <trkpt lat="47.291" lon="11.37405">
        <ele>1163</ele>
        <time>2026-04-02T10:44:06+00:00</time>
      </trkpt>
      <trkpt lat="47.29102" lon="11.37394">
        <ele>1167</ele>
        <time>2026-04-02T10:44:09+00:00</time>
      </trkpt>
      <trkpt lat="47.29107" lon="11.37374">
        <ele>1172</ele>
        <time>2026-04-02T10:44:12+00:00</time>
      </trkpt>
      <trkpt lat="47.29111" lon="11.37367">
        <ele>1169</ele>
        <time>2026-04-02T10:44:15+00:00</time>
      </trkpt>
      <trkpt lat="47.29115" lon="11.37364">
        <ele>1174</ele>
        <time>2026-04-02T10:44:18+00:00</time>
      </trkpt>
      <trkpt lat="47.29118" lon="11.37365">
        <ele>1174</ele>
        <time>2026-04-02T10:44:21+00:00</time>
      </trkpt>
      <trkpt lat="47.29123" lon="11.37365">
        <ele>1173</ele>
        <time>2026-04-02T10:44:24+00:00</time>
      </trkpt>
      <trkpt lat="47.29133" lon="11.37373">
        <ele>1171</ele>
        <time>2026-04-02T10:44:27+00:00</time>
      </trkpt>
      <trkpt lat="47.29135" lon="11.37377">
        <ele>1171</ele>
        <time>2026-04-02T10:44:30+00:00</time>
      </trkpt>
      <trkpt lat="47.29144" lon="11.37383">
        <ele>1170</ele>
        <time>2026-04-02T10:44:33+00:00</time>
      </trkpt>
      <trkpt lat="47.29153" lon="11.3738">
        <ele>1171</ele>
        <time>2026-04-02T10:44:36+00:00</time>
      </trkpt>
      <trkpt lat="47.29156" lon="11.37389">
        <ele>1171</ele>
        <time>2026-04-02T10:44:39+00:00</time>
      </trkpt>
      <trkpt lat="47.29161" lon="11.37397">
        <ele>1171</ele>
        <time>2026-04-02T10:44:42+00:00</time>
      </trkpt>
      <trkpt lat="47.29175" lon="11.3741">
        <ele>1171</ele>
        <time>2026-04-02T10:44:45+00:00</time>
      </trkpt>
      <trkpt lat="47.29192" lon="11.37422">
        <ele>1172</ele>
        <time>2026-04-02T10:44:48+00:00</time>
      </trkpt>
      <trkpt lat="47.29209" lon="11.37436">
        <ele>1169</ele>
        <time>2026-04-02T10:44:51+00:00</time>
      </trkpt>
      <trkpt lat="47.2922" lon="11.37448">
        <ele>1170</ele>
        <time>2026-04-02T10:44:54+00:00</time>
      </trkpt>
      <trkpt lat="47.29225" lon="11.37455">
        <ele>1167</ele>
        <time>2026-04-02T10:44:57+00:00</time>
      </trkpt>
      <trkpt lat="47.29227" lon="11.37461">
        <ele>1163</ele>
        <time>2026-04-02T10:45:00+00:00</time>
      </trkpt>
      <trkpt lat="47.29228" lon="11.37468">
        <ele>1163</ele>
        <time>2026-04-02T10:45:03+00:00</time>
      </trkpt>
      <trkpt lat="47.29228" lon="11.37479">
        <ele>1160</ele>
        <time>2026-04-02T10:45:06+00:00</time>
      </trkpt>
      <trkpt lat="47.29222" lon="11.37513">
        <ele>1161</ele>
        <time>2026-04-02T10:45:09+00:00</time>
      </trkpt>
      <trkpt lat="47.29219" lon="11.37539">
        <ele>1154</ele>
        <time>2026-04-02T10:45:12+00:00</time>
      </trkpt>
      <trkpt lat="47.29217" lon="11.37562">
        <ele>1151</ele>
        <time>2026-04-02T10:45:15+00:00</time>
      </trkpt>
      <trkpt lat="47.29218" lon="11.37562">
        <ele>1151</ele>
        <time>2026-04-02T10:45:18+00:00</time>
      </trkpt>
      <trkpt lat="47.29216" lon="11.37595">
        <ele>1151</ele>
        <time>2026-04-02T10:45:21+00:00</time>
      </trkpt>
      <trkpt lat="47.29208" lon="11.37625">
        <ele>1143</ele>
        <time>2026-04-02T10:45:24+00:00</time>
      </trkpt>
      <trkpt lat="47.29187" lon="11.3766">
        <ele>1138</ele>
        <time>2026-04-02T10:45:27+00:00</time>
      </trkpt>
      <trkpt lat="47.29181" lon="11.37724">
        <ele>1137</ele>
        <time>2026-04-02T10:45:30+00:00</time>
      </trkpt>
      <trkpt lat="47.29173" lon="11.37776">
        <ele>1126</ele>
        <time>2026-04-02T10:45:33+00:00</time>
      </trkpt>
      <trkpt lat="47.29177" lon="11.3781">
        <ele>1122</ele>
        <time>2026-04-02T10:45:36+00:00</time>
      </trkpt>
      <trkpt lat="47.29177" lon="11.37839">
        <ele>1122</ele>
        <time>2026-04-02T10:45:39+00:00</time>
      </trkpt>
      <trkpt lat="47.29195" lon="11.37868">
        <ele>1122</ele>
        <time>2026-04-02T10:45:42+00:00</time>
      </trkpt>
      <trkpt lat="47.29212" lon="11.37878">
        <ele>1119</ele>
        <time>2026-04-02T10:45:45+00:00</time>
      </trkpt>
      <trkpt lat="47.29219" lon="11.37884">
        <ele>1118</ele>
        <time>2026-04-02T10:45:48+00:00</time>
      </trkpt>
      <trkpt lat="47.29224" lon="11.37898">
        <ele>1116</ele>
        <time>2026-04-02T10:45:51+00:00</time>
      </trkpt>
      <trkpt lat="47.29223" lon="11.37912">
        <ele>1112</ele>
        <time>2026-04-02T10:45:54+00:00</time>
      </trkpt>
      <trkpt lat="47.29219" lon="11.37928">
        <ele>1107</ele>
        <time>2026-04-02T10:45:57+00:00</time>
      </trkpt>
      <trkpt lat="47.29218" lon="11.37942">
        <ele>1107</ele>
        <time>2026-04-02T10:46:00+00:00</time>
      </trkpt>
      <trkpt lat="47.29218" lon="11.3795">
        <ele>1107</ele>
        <time>2026-04-02T10:46:03+00:00</time>
      </trkpt>
      <trkpt lat="47.29222" lon="11.37974">
        <ele>1107</ele>
        <time>2026-04-02T10:46:06+00:00</time>
      </trkpt>
      <trkpt lat="47.29208" lon="11.3803">
        <ele>1101</ele>
        <time>2026-04-02T10:46:09+00:00</time>
      </trkpt>
      <trkpt lat="47.292" lon="11.38041">
        <ele>1099</ele>
        <time>2026-04-02T10:46:12+00:00</time>
      </trkpt>
      <trkpt lat="47.29178" lon="11.38061">
        <ele>1098</ele>
        <time>2026-04-02T10:46:15+00:00</time>
      </trkpt>
      <trkpt lat="47.29179" lon="11.38072">
        <ele>1094</ele>
        <time>2026-04-02T10:46:18+00:00</time>
      </trkpt>
      <trkpt lat="47.29178" lon="11.38097">
        <ele>1099</ele>
        <time>2026-04-02T10:46:21+00:00</time>
      </trkpt>
      <trkpt lat="47.29183" lon="11.38125">
        <ele>1099</ele>
        <time>2026-04-02T10:46:24+00:00</time>
      </trkpt>
      <trkpt lat="47.29176" lon="11.38165">
        <ele>1099</ele>
        <time>2026-04-02T10:46:27+00:00</time>
      </trkpt>
      <trkpt lat="47.2918" lon="11.3821">
        <ele>1099</ele>
        <time>2026-04-02T10:46:30+00:00</time>
      </trkpt>
      <trkpt lat="47.29194" lon="11.38248">
        <ele>1099</ele>
        <time>2026-04-02T10:46:33+00:00</time>
      </trkpt>
      <trkpt lat="47.29199" lon="11.38276">
        <ele>1092</ele>
        <time>2026-04-02T10:46:36+00:00</time>
      </trkpt>
      <trkpt lat="47.29209" lon="11.38306">
        <ele>1092</ele>
        <time>2026-04-02T10:46:39+00:00</time>
      </trkpt>
      <trkpt lat="47.29218" lon="11.38358">
        <ele>1092</ele>
        <time>2026-04-02T10:46:42+00:00</time>
      </trkpt>
      <trkpt lat="47.29256" lon="11.38381">
        <ele>1097</ele>
        <time>2026-04-02T10:46:45+00:00</time>
      </trkpt>
      <trkpt lat="47.29261" lon="11.38389">
        <ele>1113</ele>
        <time>2026-04-02T10:46:48+00:00</time>
      </trkpt>
      <trkpt lat="47.2926" lon="11.38395">
        <ele>1107</ele>
        <time>2026-04-02T10:46:51+00:00</time>
      </trkpt>
      <trkpt lat="47.29242" lon="11.38409">
        <ele>1094</ele>
        <time>2026-04-02T10:46:54+00:00</time>
      </trkpt>
      <trkpt lat="47.29233" lon="11.38426">
        <ele>1095</ele>
        <time>2026-04-02T10:46:57+00:00</time>
      </trkpt>
      <trkpt lat="47.29232" lon="11.38455">
        <ele>1092</ele>
        <time>2026-04-02T10:47:00+00:00</time>
      </trkpt>
      <trkpt lat="47.29231" lon="11.38493">
        <ele>1091</ele>
        <time>2026-04-02T10:47:03+00:00</time>
      </trkpt>
      <trkpt lat="47.29242" lon="11.38521">
        <ele>1091</ele>
        <time>2026-04-02T10:47:06+00:00</time>
      </trkpt>
      <trkpt lat="47.29245" lon="11.38568">
        <ele>1091</ele>
        <time>2026-04-02T10:47:09+00:00</time>
      </trkpt>
      <trkpt lat="47.29258" lon="11.38596">
        <ele>1091</ele>
        <time>2026-04-02T10:47:12+00:00</time>
      </trkpt>
      <trkpt lat="47.29271" lon="11.38625">
        <ele>1093</ele>
        <time>2026-04-02T10:47:15+00:00</time>
      </trkpt>
      <trkpt lat="47.29274" lon="11.38647">
        <ele>1095</ele>
        <time>2026-04-02T10:47:18+00:00</time>
      </trkpt>
      <trkpt lat="47.29283" lon="11.38685">
        <ele>1092</ele>
        <time>2026-04-02T10:47:21+00:00</time>
      </trkpt>
      <trkpt lat="47.29293" lon="11.38691">
        <ele>1094</ele>
        <time>2026-04-02T10:47:24+00:00</time>
      </trkpt>
      <trkpt lat="47.29292" lon="11.3872">
        <ele>1091</ele>
        <time>2026-04-02T10:47:27+00:00</time>
      </trkpt>
      <trkpt lat="47.29299" lon="11.38743">
        <ele>1090</ele>
        <time>2026-04-02T10:47:30+00:00</time>
      </trkpt>
      <trkpt lat="47.29295" lon="11.38757">
        <ele>1090</ele>
        <time>2026-04-02T10:47:33+00:00</time>
      </trkpt>
      <trkpt lat="47.29293" lon="11.3877">
        <ele>1089</ele>
        <time>2026-04-02T10:47:36+00:00</time>
      </trkpt>
      <trkpt lat="47.29293" lon="11.38779">
        <ele>1089</ele>
        <time>2026-04-02T10:47:39+00:00</time>
      </trkpt>
      <trkpt lat="47.29297" lon="11.38801">
        <ele>1092</ele>
        <time>2026-04-02T10:47:42+00:00</time>
      </trkpt>
      <trkpt lat="47.29307" lon="11.38815">
        <ele>1092</ele>
        <time>2026-04-02T10:47:45+00:00</time>
      </trkpt>
      <trkpt lat="47.2931" lon="11.38829">
        <ele>1088</ele>
        <time>2026-04-02T10:47:48+00:00</time>
      </trkpt>
      <trkpt lat="47.29299" lon="11.38848">
        <ele>1087</ele>
        <time>2026-04-02T10:47:51+00:00</time>
      </trkpt>
      <trkpt lat="47.29286" lon="11.38859">
        <ele>1084</ele>
        <time>2026-04-02T10:47:54+00:00</time>
      </trkpt>
      <trkpt lat="47.29274" lon="11.38887">
        <ele>1082</ele>
        <time>2026-04-02T10:47:57+00:00</time>
      </trkpt>
      <trkpt lat="47.29256" lon="11.3892">
        <ele>1066</ele>
        <time>2026-04-02T10:48:00+00:00</time>
      </trkpt>
      <trkpt lat="47.29254" lon="11.38932">
        <ele>1064</ele>
        <time>2026-04-02T10:48:03+00:00</time>
      </trkpt>
      <trkpt lat="47.29244" lon="11.38941">
        <ele>1059</ele>
        <time>2026-04-02T10:48:06+00:00</time>
      </trkpt>
      <trkpt lat="47.29252" lon="11.38957">
        <ele>1060</ele>
        <time>2026-04-02T10:48:09+00:00</time>
      </trkpt>
      <trkpt lat="47.29262" lon="11.38983">
        <ele>1059</ele>
        <time>2026-04-02T10:48:12+00:00</time>
      </trkpt>
      <trkpt lat="47.29268" lon="11.39019">
        <ele>1060</ele>
        <time>2026-04-02T10:48:15+00:00</time>
      </trkpt>
      <trkpt lat="47.29276" lon="11.39064">
        <ele>1060</ele>
        <time>2026-04-02T10:48:18+00:00</time>
      </trkpt>
      <trkpt lat="47.29283" lon="11.39092">
        <ele>1061</ele>
        <time>2026-04-02T10:48:21+00:00</time>
      </trkpt>
      <trkpt lat="47.29292" lon="11.39117">
        <ele>1066</ele>
        <time>2026-04-02T10:48:24+00:00</time>
      </trkpt>
      <trkpt lat="47.29296" lon="11.39136">
        <ele>1068</ele>
        <time>2026-04-02T10:48:27+00:00</time>
      </trkpt>
      <trkpt lat="47.29297" lon="11.3917">
        <ele>1065</ele>
        <time>2026-04-02T10:48:30+00:00</time>
      </trkpt>
      <trkpt lat="47.29306" lon="11.39187">
        <ele>1069</ele>
        <time>2026-04-02T10:48:33+00:00</time>
      </trkpt>
      <trkpt lat="47.29309" lon="11.39205">
        <ele>1065</ele>
        <time>2026-04-02T10:48:36+00:00</time>
      </trkpt>
      <trkpt lat="47.29314" lon="11.39241">
        <ele>1064</ele>
        <time>2026-04-02T10:48:39+00:00</time>
      </trkpt>
      <trkpt lat="47.29303" lon="11.3925">
        <ele>1062</ele>
        <time>2026-04-02T10:48:42+00:00</time>
      </trkpt>
      <trkpt lat="47.2929" lon="11.39271">
        <ele>1057</ele>
        <time>2026-04-02T10:48:45+00:00</time>
      </trkpt>
      <trkpt lat="47.29282" lon="11.39269">
        <ele>1052</ele>
        <time>2026-04-02T10:48:48+00:00</time>
      </trkpt>
      <trkpt lat="47.29273" lon="11.39283">
        <ele>1046</ele>
        <time>2026-04-02T10:48:51+00:00</time>
      </trkpt>
      <trkpt lat="47.29256" lon="11.39301">
        <ele>1035</ele>
        <time>2026-04-02T10:48:54+00:00</time>
      </trkpt>
      <trkpt lat="47.29246" lon="11.39286">
        <ele>1032</ele>
        <time>2026-04-02T10:48:57+00:00</time>
      </trkpt>
      <trkpt lat="47.29239" lon="11.39291">
        <ele>1026</ele>
        <time>2026-04-02T10:49:00+00:00</time>
      </trkpt>
      <trkpt lat="47.29229" lon="11.39309">
        <ele>1021</ele>
        <time>2026-04-02T10:49:03+00:00</time>
      </trkpt>
      <trkpt lat="47.29225" lon="11.39324">
        <ele>1020</ele>
        <time>2026-04-02T10:49:06+00:00</time>
      </trkpt>
      <trkpt lat="47.29222" lon="11.3932">
        <ele>1020</ele>
        <time>2026-04-02T10:49:09+00:00</time>
      </trkpt>
      <trkpt lat="47.29219" lon="11.39321">
        <ele>1015</ele>
        <time>2026-04-02T10:49:12+00:00</time>
      </trkpt>
      <trkpt lat="47.29206" lon="11.39346">
        <ele>1005</ele>
        <time>2026-04-02T10:49:15+00:00</time>
      </trkpt>
      <trkpt lat="47.29202" lon="11.39352">
        <ele>1004</ele>
        <time>2026-04-02T10:49:18+00:00</time>
      </trkpt>
      <trkpt lat="47.29196" lon="11.39352">
        <ele>999</ele>
        <time>2026-04-02T10:49:21+00:00</time>
      </trkpt>
      <trkpt lat="47.29191" lon="11.39364">
        <ele>999</ele>
        <time>2026-04-02T10:49:24+00:00</time>
      </trkpt>
      <trkpt lat="47.29178" lon="11.39366">
        <ele>992</ele>
        <time>2026-04-02T10:49:27+00:00</time>
      </trkpt>
      <trkpt lat="47.29157" lon="11.39383">
        <ele>986</ele>
        <time>2026-04-02T10:49:30+00:00</time>
      </trkpt>
      <trkpt lat="47.29123" lon="11.39413">
        <ele>977</ele>
        <time>2026-04-02T10:49:33+00:00</time>
      </trkpt>
      <trkpt lat="47.29114" lon="11.39424">
        <ele>973</ele>
        <time>2026-04-02T10:49:36+00:00</time>
      </trkpt>
      <trkpt lat="47.29095" lon="11.39442">
        <ele>968</ele>
        <time>2026-04-02T10:49:39+00:00</time>
      </trkpt>
      <trkpt lat="47.29084" lon="11.39449">
        <ele>968</ele>
        <time>2026-04-02T10:49:42+00:00</time>
      </trkpt>
      <trkpt lat="47.2907" lon="11.39466">
        <ele>962</ele>
        <time>2026-04-02T10:49:45+00:00</time>
      </trkpt>
      <trkpt lat="47.29064" lon="11.39469">
        <ele>962</ele>
        <time>2026-04-02T10:49:48+00:00</time>
      </trkpt>
      <trkpt lat="47.29059" lon="11.39476">
        <ele>958</ele>
        <time>2026-04-02T10:49:51+00:00</time>
      </trkpt>
      <trkpt lat="47.29044" lon="11.39492">
        <ele>954</ele>
        <time>2026-04-02T10:49:54+00:00</time>
      </trkpt>
      <trkpt lat="47.29035" lon="11.395">
        <ele>954</ele>
        <time>2026-04-02T10:49:57+00:00</time>
      </trkpt>
      <trkpt lat="47.29031" lon="11.39502">
        <ele>951</ele>
        <time>2026-04-02T10:50:00+00:00</time>
      </trkpt>
      <trkpt lat="47.29017" lon="11.39519">
        <ele>946</ele>
        <time>2026-04-02T10:50:03+00:00</time>
      </trkpt>
      <trkpt lat="47.28999" lon="11.39538">
        <ele>943</ele>
        <time>2026-04-02T10:50:06+00:00</time>
      </trkpt>
      <trkpt lat="47.2899" lon="11.39543">
        <ele>941</ele>
        <time>2026-04-02T10:50:09+00:00</time>
      </trkpt>
      <trkpt lat="47.28971" lon="11.39557">
        <ele>940</ele>
        <time>2026-04-02T10:50:12+00:00</time>
      </trkpt>
      <trkpt lat="47.28948" lon="11.39575">
        <ele>936</ele>
        <time>2026-04-02T10:50:15+00:00</time>
      </trkpt>
      <trkpt lat="47.2892" lon="11.3958">
        <ele>934</ele>
        <time>2026-04-02T10:50:18+00:00</time>
      </trkpt>
      <trkpt lat="47.28873" lon="11.39588">
        <ele>930</ele>
        <time>2026-04-02T10:50:21+00:00</time>
      </trkpt>
      <trkpt lat="47.28831" lon="11.39583">
        <ele>923</ele>
        <time>2026-04-02T10:50:24+00:00</time>
      </trkpt>
      <trkpt lat="47.28793" lon="11.3956">
        <ele>914</ele>
        <time>2026-04-02T10:50:27+00:00</time>
      </trkpt>
      <trkpt lat="47.28778" lon="11.39559">
        <ele>909</ele>
        <time>2026-04-02T10:50:30+00:00</time>
      </trkpt>
      <trkpt lat="47.28764" lon="11.39576">
        <ele>907</ele>
        <time>2026-04-02T10:50:33+00:00</time>
      </trkpt>
      <trkpt lat="47.2876" lon="11.39616">
        <ele>902</ele>
        <time>2026-04-02T10:50:36+00:00</time>
      </trkpt>
      <trkpt lat="47.28755" lon="11.39635">
        <ele>900</ele>
        <time>2026-04-02T10:50:39+00:00</time>
      </trkpt>
      <trkpt lat="47.2875" lon="11.39659">
        <ele>898</ele>
        <time>2026-04-02T10:50:42+00:00</time>
      </trkpt>
      <trkpt lat="47.28745" lon="11.39684">
        <ele>893</ele>
        <time>2026-04-02T10:50:45+00:00</time>
      </trkpt>
      <trkpt lat="47.28734" lon="11.39711">
        <ele>888</ele>
        <time>2026-04-02T10:50:48+00:00</time>
      </trkpt>
      <trkpt lat="47.28719" lon="11.39705">
        <ele>884</ele>
        <time>2026-04-02T10:50:51+00:00</time>
      </trkpt>
      <trkpt lat="47.28715" lon="11.39723">
        <ele>880</ele>
        <time>2026-04-02T10:50:54+00:00</time>
      </trkpt>
      <trkpt lat="47.28712" lon="11.39733">
        <ele>880</ele>
        <time>2026-04-02T10:50:57+00:00</time>
      </trkpt>
      <trkpt lat="47.28687" lon="11.39749">
        <ele>877</ele>
        <time>2026-04-02T10:51:00+00:00</time>
      </trkpt>
      <trkpt lat="47.28686" lon="11.39753">
        <ele>876</ele>
        <time>2026-04-02T10:51:03+00:00</time>
      </trkpt>
      <trkpt lat="47.28683" lon="11.39758">
        <ele>876</ele>
        <time>2026-04-02T10:51:06+00:00</time>
      </trkpt>
      <trkpt lat="47.28679" lon="11.39761">
        <ele>876</ele>
        <time>2026-04-02T10:51:09+00:00</time>
      </trkpt>
      <trkpt lat="47.28675" lon="11.39767">
        <ele>876</ele>
        <time>2026-04-02T10:51:12+00:00</time>
      </trkpt>
      <trkpt lat="47.28674" lon="11.39773">
        <ele>874</ele>
        <time>2026-04-02T10:51:15+00:00</time>
      </trkpt>
      <trkpt lat="47.28675" lon="11.39787">
        <ele>872</ele>
        <time>2026-04-02T10:51:18+00:00</time>
      </trkpt>
      <trkpt lat="47.28674" lon="11.39793">
        <ele>871</ele>
        <time>2026-04-02T10:51:21+00:00</time>
      </trkpt>
      <trkpt lat="47.28669" lon="11.39804">
        <ele>870</ele>
        <time>2026-04-02T10:51:24+00:00</time>
      </trkpt>
      <trkpt lat="47.28667" lon="11.39805">
        <ele>870</ele>
        <time>2026-04-02T10:51:27+00:00</time>
      </trkpt>
      <trkpt lat="47.28684" lon="11.39837">
        <ele>870</ele>
        <time>2026-04-02T10:51:30+00:00</time>
      </trkpt>
      <trkpt lat="47.2867" lon="11.39878">
        <ele>868</ele>
        <time>2026-04-02T10:51:33+00:00</time>
      </trkpt>
      <trkpt lat="47.28653" lon="11.39882">
        <ele>868</ele>
        <time>2026-04-02T10:51:36+00:00</time>
      </trkpt>
      <trkpt lat="47.28635" lon="11.39899">
        <ele>867</ele>
        <time>2026-04-02T10:51:39+00:00</time>
      </trkpt>
      <trkpt lat="47.28605" lon="11.39926">
        <ele>865</ele>
        <time>2026-04-02T10:51:42+00:00</time>
      </trkpt>
      <trkpt lat="47.28601" lon="11.39932">
        <ele>865</ele>
        <time>2026-04-02T10:51:45+00:00</time>
      </trkpt>
      <trkpt lat="47.286" lon="11.39941">
        <ele>863</ele>
        <time>2026-04-02T10:51:48+00:00</time>
      </trkpt>
      <trkpt lat="47.28605" lon="11.39965">
        <ele>863</ele>
        <time>2026-04-02T10:51:51+00:00</time>
      </trkpt>
      <trkpt lat="47.28601" lon="11.39971">
        <ele>863</ele>
        <time>2026-04-02T10:51:54+00:00</time>
      </trkpt>
      <trkpt lat="47.28593" lon="11.39942">
        <ele>863</ele>
        <time>2026-04-02T10:51:57+00:00</time>
      </trkpt>
      <trkpt lat="47.28583" lon="11.39909">
        <ele>861</ele>
        <time>2026-04-02T10:52:00+00:00</time>
      </trkpt>
      <trkpt lat="47.28574" lon="11.39871">
        <ele>861</ele>
        <time>2026-04-02T10:52:03+00:00</time>
      </trkpt>
      <trkpt lat="47.2856" lon="11.39814">
        <ele>860</ele>
        <time>2026-04-02T10:52:06+00:00</time>
      </trkpt>
      <trkpt lat="47.28553" lon="11.39798">
        <ele>860</ele>
        <time>2026-04-02T10:52:09+00:00</time>
      </trkpt>
      <trkpt lat="47.2854" lon="11.39775">
        <ele>858</ele>
        <time>2026-04-02T10:52:12+00:00</time>
      </trkpt>
      <trkpt lat="47.28513" lon="11.39737">
        <ele>855</ele>
        <time>2026-04-02T10:52:15+00:00</time>
      </trkpt>
      <trkpt lat="47.28503" lon="11.3972">
        <ele>851</ele>
        <time>2026-04-02T10:52:18+00:00</time>
      </trkpt>
      <trkpt lat="47.28493" lon="11.39709">
        <ele>847</ele>
        <time>2026-04-02T10:52:21+00:00</time>
      </trkpt>
      <trkpt lat="47.28482" lon="11.3969">
        <ele>845</ele>
        <time>2026-04-02T10:52:24+00:00</time>
      </trkpt>
      <trkpt lat="47.28475" lon="11.39662">
        <ele>843</ele>
        <time>2026-04-02T10:52:27+00:00</time>
      </trkpt>
      <trkpt lat="47.28463" lon="11.39635">
        <ele>843</ele>
        <time>2026-04-02T10:52:30+00:00</time>
      </trkpt>
      <trkpt lat="47.28435" lon="11.39589">
        <ele>841</ele>
        <time>2026-04-02T10:52:33+00:00</time>
      </trkpt>
      <trkpt lat="47.28429" lon="11.39591">
        <ele>837</ele>
        <time>2026-04-02T10:52:36+00:00</time>
      </trkpt>
      <trkpt lat="47.28406" lon="11.39583">
        <ele>834</ele>
        <time>2026-04-02T10:52:39+00:00</time>
      </trkpt>
      <trkpt lat="47.28399" lon="11.39582">
        <ele>830</ele>
        <time>2026-04-02T10:52:42+00:00</time>
      </trkpt>
      <trkpt lat="47.28386" lon="11.39575">
        <ele>828</ele>
        <time>2026-04-02T10:52:45+00:00</time>
      </trkpt>
      <trkpt lat="47.28377" lon="11.39569">
        <ele>827</ele>
        <time>2026-04-02T10:52:48+00:00</time>
      </trkpt>
      <trkpt lat="47.28353" lon="11.3955">
        <ele>823</ele>
        <time>2026-04-02T10:52:51+00:00</time>
      </trkpt>
      <trkpt lat="47.28351" lon="11.39552">
        <ele>823</ele>
        <time>2026-04-02T10:52:54+00:00</time>
      </trkpt>
      <trkpt lat="47.28352" lon="11.39564">
        <ele>819</ele>
        <time>2026-04-02T10:52:57+00:00</time>
      </trkpt>
      <trkpt lat="47.28353" lon="11.3957">
        <ele>817</ele>
        <time>2026-04-02T10:53:00+00:00</time>
      </trkpt>
      <trkpt lat="47.28358" lon="11.39585">
        <ele>814</ele>
        <time>2026-04-02T10:53:03+00:00</time>
      </trkpt>
      <trkpt lat="47.2837" lon="11.39615">
        <ele>812</ele>
        <time>2026-04-02T10:53:06+00:00</time>
      </trkpt>
      <trkpt lat="47.28372" lon="11.39622">
        <ele>815</ele>
        <time>2026-04-02T10:53:09+00:00</time>
      </trkpt>
      <trkpt lat="47.28373" lon="11.39649">
        <ele>811</ele>
        <time>2026-04-02T10:53:12+00:00</time>
      </trkpt>
      <trkpt lat="47.28384" lon="11.39685">
        <ele>809</ele>
        <time>2026-04-02T10:53:15+00:00</time>
      </trkpt>
      <trkpt lat="47.284" lon="11.39736">
        <ele>803</ele>
        <time>2026-04-02T10:53:18+00:00</time>
      </trkpt>
      <trkpt lat="47.28412" lon="11.39762">
        <ele>802</ele>
        <time>2026-04-02T10:53:21+00:00</time>
      </trkpt>
      <trkpt lat="47.28413" lon="11.39769">
        <ele>802</ele>
        <time>2026-04-02T10:53:24+00:00</time>
      </trkpt>
      <trkpt lat="47.28396" lon="11.39746">
        <ele>800</ele>
        <time>2026-04-02T10:53:27+00:00</time>
      </trkpt>
      <trkpt lat="47.28375" lon="11.39712">
        <ele>798</ele>
        <time>2026-04-02T10:53:30+00:00</time>
      </trkpt>
      <trkpt lat="47.28358" lon="11.39695">
        <ele>797</ele>
        <time>2026-04-02T10:53:33+00:00</time>
      </trkpt>
      <trkpt lat="47.28334" lon="11.3968">
        <ele>785</ele>
        <time>2026-04-02T10:53:36+00:00</time>
      </trkpt>
      <trkpt lat="47.28292" lon="11.39667">
        <ele>769</ele>
        <time>2026-04-02T10:53:39+00:00</time>
      </trkpt>
      <trkpt lat="47.2827" lon="11.39663">
        <ele>759</ele>
        <time>2026-04-02T10:53:42+00:00</time>
      </trkpt>
      <trkpt lat="47.2827" lon="11.3966">
        <ele>761</ele>
        <time>2026-04-02T10:53:45+00:00</time>
      </trkpt>
      <trkpt lat="47.28264" lon="11.39655">
        <ele>756</ele>
        <time>2026-04-02T10:53:48+00:00</time>
      </trkpt>
      <trkpt lat="47.28256" lon="11.39642">
        <ele>756</ele>
        <time>2026-04-02T10:53:51+00:00</time>
      </trkpt>
      <trkpt lat="47.28249" lon="11.39624">
        <ele>752</ele>
        <time>2026-04-02T10:53:54+00:00</time>
      </trkpt>
      <trkpt lat="47.28242" lon="11.39611">
        <ele>754</ele>
        <time>2026-04-02T10:53:57+00:00</time>
      </trkpt>
      <trkpt lat="47.28237" lon="11.39603">
        <ele>750</ele>
        <time>2026-04-02T10:54:00+00:00</time>
      </trkpt>
      <trkpt lat="47.28233" lon="11.39601">
        <ele>750</ele>
        <time>2026-04-02T10:54:03+00:00</time>
      </trkpt>
      <trkpt lat="47.2824" lon="11.39631">
        <ele>750</ele>
        <time>2026-04-02T10:54:06+00:00</time>
      </trkpt>
      <trkpt lat="47.28248" lon="11.39661">
        <ele>748</ele>
        <time>2026-04-02T10:54:09+00:00</time>
      </trkpt>
      <trkpt lat="47.28252" lon="11.39674">
        <ele>747</ele>
        <time>2026-04-02T10:54:12+00:00</time>
      </trkpt>
      <trkpt lat="47.28256" lon="11.39684">
        <ele>745</ele>
        <time>2026-04-02T10:54:15+00:00</time>
      </trkpt>
      <trkpt lat="47.28263" lon="11.39691">
        <ele>752</ele>
        <time>2026-04-02T10:54:18+00:00</time>
      </trkpt>
      <trkpt lat="47.28281" lon="11.39698">
        <ele>756</ele>
        <time>2026-04-02T10:54:21+00:00</time>
      </trkpt>
      <trkpt lat="47.28301" lon="11.39717">
        <ele>756</ele>
        <time>2026-04-02T10:54:24+00:00</time>
      </trkpt>
      <trkpt lat="47.28308" lon="11.39729">
        <ele>757</ele>
        <time>2026-04-02T10:54:27+00:00</time>
      </trkpt>
      <trkpt lat="47.28315" lon="11.39747">
        <ele>749</ele>
        <time>2026-04-02T10:54:30+00:00</time>
      </trkpt>
      <trkpt lat="47.28317" lon="11.39758">
        <ele>753</ele>
        <time>2026-04-02T10:54:33+00:00</time>
      </trkpt>
      <trkpt lat="47.28317" lon="11.39773">
        <ele>744</ele>
        <time>2026-04-02T10:54:36+00:00</time>
      </trkpt>
      <trkpt lat="47.28318" lon="11.39783">
        <ele>742</ele>
        <time>2026-04-02T10:54:39+00:00</time>
      </trkpt>
      <trkpt lat="47.28321" lon="11.39793">
        <ele>744</ele>
        <time>2026-04-02T10:54:42+00:00</time>
      </trkpt>
      <trkpt lat="47.28328" lon="11.39806">
        <ele>742</ele>
        <time>2026-04-02T10:54:45+00:00</time>
      </trkpt>
      <trkpt lat="47.28328" lon="11.39813">
        <ele>737</ele>
        <time>2026-04-02T10:54:48+00:00</time>
      </trkpt>
      <trkpt lat="47.28322" lon="11.39807">
        <ele>741</ele>
        <time>2026-04-02T10:54:51+00:00</time>
      </trkpt>
      <trkpt lat="47.28318" lon="11.398">
        <ele>736</ele>
        <time>2026-04-02T10:54:54+00:00</time>
      </trkpt>
      <trkpt lat="47.28311" lon="11.39785">
        <ele>742</ele>
        <time>2026-04-02T10:54:57+00:00</time>
      </trkpt>
      <trkpt lat="47.28304" lon="11.39763">
        <ele>743</ele>
        <time>2026-04-02T10:55:00+00:00</time>
      </trkpt>
      <trkpt lat="47.28302" lon="11.39762">
        <ele>737</ele>
        <time>2026-04-02T10:55:03+00:00</time>
      </trkpt>
      <trkpt lat="47.28302" lon="11.39765">
        <ele>743</ele>
        <time>2026-04-02T10:55:06+00:00</time>
      </trkpt>
      <trkpt lat="47.28305" lon="11.39786">
        <ele>737</ele>
        <time>2026-04-02T10:55:09+00:00</time>
      </trkpt>
      <trkpt lat="47.2831" lon="11.39812">
        <ele>732</ele>
        <time>2026-04-02T10:55:12+00:00</time>
      </trkpt>
      <trkpt lat="47.28313" lon="11.39823">
        <ele>728</ele>
        <time>2026-04-02T10:55:15+00:00</time>
      </trkpt>
      <trkpt lat="47.28311" lon="11.39826">
        <ele>728</ele>
        <time>2026-04-02T10:55:18+00:00</time>
      </trkpt>
      <trkpt lat="47.28308" lon="11.39824">
        <ele>724</ele>
        <time>2026-04-02T10:55:21+00:00</time>
      </trkpt>
      <trkpt lat="47.28304" lon="11.39817">
        <ele>730</ele>
        <time>2026-04-02T10:55:24+00:00</time>
      </trkpt>
      <trkpt lat="47.28296" lon="11.39797">
        <ele>729</ele>
        <time>2026-04-02T10:55:27+00:00</time>
      </trkpt>
      <trkpt lat="47.28294" lon="11.39796">
        <ele>729</ele>
        <time>2026-04-02T10:55:30+00:00</time>
      </trkpt>
      <trkpt lat="47.28293" lon="11.39798">
        <ele>729</ele>
        <time>2026-04-02T10:55:33+00:00</time>
      </trkpt>
      <trkpt lat="47.28295" lon="11.39827">
        <ele>719</ele>
        <time>2026-04-02T10:55:36+00:00</time>
      </trkpt>
      <trkpt lat="47.28298" lon="11.39836">
        <ele>716</ele>
        <time>2026-04-02T10:55:39+00:00</time>
      </trkpt>
      <trkpt lat="47.28299" lon="11.39842">
        <ele>713</ele>
        <time>2026-04-02T10:55:42+00:00</time>
      </trkpt>
      <trkpt lat="47.28298" lon="11.39845">
        <ele>713</ele>
        <time>2026-04-02T10:55:45+00:00</time>
      </trkpt>
      <trkpt lat="47.28286" lon="11.39843">
        <ele>709</ele>
        <time>2026-04-02T10:55:48+00:00</time>
      </trkpt>
      <trkpt lat="47.28279" lon="11.39838">
        <ele>708</ele>
        <time>2026-04-02T10:55:51+00:00</time>
      </trkpt>
      <trkpt lat="47.28275" lon="11.39831">
        <ele>708</ele>
        <time>2026-04-02T10:55:54+00:00</time>
      </trkpt>
      <trkpt lat="47.28273" lon="11.39829">
        <ele>711</ele>
        <time>2026-04-02T10:55:57+00:00</time>
      </trkpt>
      <trkpt lat="47.28271" lon="11.39832">
        <ele>708</ele>
        <time>2026-04-02T10:56:00+00:00</time>
      </trkpt>
      <trkpt lat="47.28275" lon="11.39851">
        <ele>703</ele>
        <time>2026-04-02T10:56:03+00:00</time>
      </trkpt>
      <trkpt lat="47.2828" lon="11.39858">
        <ele>708</ele>
        <time>2026-04-02T10:56:06+00:00</time>
      </trkpt>
      <trkpt lat="47.28286" lon="11.39863">
        <ele>704</ele>
        <time>2026-04-02T10:56:09+00:00</time>
      </trkpt>
      <trkpt lat="47.28302" lon="11.39863">
        <ele>705</ele>
        <time>2026-04-02T10:56:12+00:00</time>
      </trkpt>
      <trkpt lat="47.28306" lon="11.39864">
        <ele>709</ele>
        <time>2026-04-02T10:56:15+00:00</time>
      </trkpt>
      <trkpt lat="47.28307" lon="11.39865">
        <ele>709</ele>
        <time>2026-04-02T10:56:18+00:00</time>
      </trkpt>
      <trkpt lat="47.28307" lon="11.39867">
        <ele>709</ele>
        <time>2026-04-02T10:56:21+00:00</time>
      </trkpt>
      <trkpt lat="47.2829" lon="11.39876">
        <ele>703</ele>
        <time>2026-04-02T10:56:24+00:00</time>
      </trkpt>
      <trkpt lat="47.28282" lon="11.39877">
        <ele>701</ele>
        <time>2026-04-02T10:56:27+00:00</time>
      </trkpt>
      <trkpt lat="47.28272" lon="11.39876">
        <ele>697</ele>
        <time>2026-04-02T10:56:30+00:00</time>
      </trkpt>
      <trkpt lat="47.28274" lon="11.39882">
        <ele>693</ele>
        <time>2026-04-02T10:56:33+00:00</time>
      </trkpt>
      <trkpt lat="47.28274" lon="11.3989">
        <ele>693</ele>
        <time>2026-04-02T10:56:36+00:00</time>
      </trkpt>
      <trkpt lat="47.28256" lon="11.39913">
        <ele>679</ele>
        <time>2026-04-02T10:56:39+00:00</time>
      </trkpt>
      <trkpt lat="47.28252" lon="11.39915">
        <ele>679</ele>
        <time>2026-04-02T10:56:42+00:00</time>
      </trkpt>
      <trkpt lat="47.28228" lon="11.39908">
        <ele>673</ele>
        <time>2026-04-02T10:56:45+00:00</time>
      </trkpt>
      <trkpt lat="47.28209" lon="11.39909">
        <ele>668</ele>
        <time>2026-04-02T10:56:48+00:00</time>
      </trkpt>
      <trkpt lat="47.28196" lon="11.39908">
        <ele>666</ele>
        <time>2026-04-02T10:56:51+00:00</time>
      </trkpt>
      <trkpt lat="47.2819" lon="11.39903">
        <ele>667</ele>
        <time>2026-04-02T10:56:54+00:00</time>
      </trkpt>
      <trkpt lat="47.28184" lon="11.39894">
        <ele>666</ele>
        <time>2026-04-02T10:56:57+00:00</time>
      </trkpt>
      <trkpt lat="47.28179" lon="11.39881">
        <ele>666</ele>
        <time>2026-04-02T10:57:00+00:00</time>
      </trkpt>
      <trkpt lat="47.28165" lon="11.39868">
        <ele>667</ele>
        <time>2026-04-02T10:57:03+00:00</time>
      </trkpt>
      <trkpt lat="47.28156" lon="11.39863">
        <ele>666</ele>
        <time>2026-04-02T10:57:06+00:00</time>
      </trkpt>
      <trkpt lat="47.28145" lon="11.39862">
        <ele>665</ele>
        <time>2026-04-02T10:57:09+00:00</time>
      </trkpt>
      <trkpt lat="47.28134" lon="11.39862">
        <ele>663</ele>
        <time>2026-04-02T10:57:12+00:00</time>
      </trkpt>
      <trkpt lat="47.28131" lon="11.39867">
        <ele>663</ele>
        <time>2026-04-02T10:57:15+00:00</time>
      </trkpt>
      <trkpt lat="47.2813" lon="11.39871">
        <ele>661</ele>
        <time>2026-04-02T10:57:18+00:00</time>
      </trkpt>
      <trkpt lat="47.28127" lon="11.39876">
        <ele>661</ele>
        <time>2026-04-02T10:57:21+00:00</time>
      </trkpt>
      <trkpt lat="47.28124" lon="11.39878">
        <ele>661</ele>
        <time>2026-04-02T10:57:24+00:00</time>
      </trkpt>
      <trkpt lat="47.2812" lon="11.39879">
        <ele>660</ele>
        <time>2026-04-02T10:57:27+00:00</time>
      </trkpt>
      <trkpt lat="47.28107" lon="11.39878">
        <ele>659</ele>
        <time>2026-04-02T10:57:30+00:00</time>
      </trkpt>
      <trkpt lat="47.28099" lon="11.3988">
        <ele>657</ele>
        <time>2026-04-02T10:57:33+00:00</time>
      </trkpt>
      <trkpt lat="47.28086" lon="11.39891">
        <ele>654</ele>
        <time>2026-04-02T10:57:36+00:00</time>
      </trkpt>
      <trkpt lat="47.28082" lon="11.39892">
        <ele>654</ele>
        <time>2026-04-02T10:57:39+00:00</time>
      </trkpt>
      <trkpt lat="47.28075" lon="11.39891">
        <ele>651</ele>
        <time>2026-04-02T10:57:42+00:00</time>
      </trkpt>
      <trkpt lat="47.28072" lon="11.39889">
        <ele>653</ele>
        <time>2026-04-02T10:57:45+00:00</time>
      </trkpt>
      <trkpt lat="47.28068" lon="11.39883">
        <ele>649</ele>
        <time>2026-04-02T10:57:48+00:00</time>
      </trkpt>
      <trkpt lat="47.28063" lon="11.39887">
        <ele>649</ele>
        <time>2026-04-02T10:57:51+00:00</time>
      </trkpt>
      <trkpt lat="47.28059" lon="11.39897">
        <ele>645</ele>
        <time>2026-04-02T10:57:54+00:00</time>
      </trkpt>
      <trkpt lat="47.28058" lon="11.39908">
        <ele>643</ele>
        <time>2026-04-02T10:57:57+00:00</time>
      </trkpt>
      <trkpt lat="47.28058" lon="11.39913">
        <ele>641</ele>
        <time>2026-04-02T10:58:00+00:00</time>
      </trkpt>
      <trkpt lat="47.2806" lon="11.39928">
        <ele>642</ele>
        <time>2026-04-02T10:58:03+00:00</time>
      </trkpt>
      <trkpt lat="47.28057" lon="11.39923">
        <ele>639</ele>
        <time>2026-04-02T10:58:06+00:00</time>
      </trkpt>
      <trkpt lat="47.28053" lon="11.39914">
        <ele>641</ele>
        <time>2026-04-02T10:58:09+00:00</time>
      </trkpt>
      <trkpt lat="47.28051" lon="11.39892">
        <ele>645</ele>
        <time>2026-04-02T10:58:12+00:00</time>
      </trkpt>
      <trkpt lat="47.28047" lon="11.39874">
        <ele>637</ele>
        <time>2026-04-02T10:58:15+00:00</time>
      </trkpt>
      <trkpt lat="47.28043" lon="11.39869">
        <ele>644</ele>
        <time>2026-04-02T10:58:18+00:00</time>
      </trkpt>
      <trkpt lat="47.28039" lon="11.39867">
        <ele>639</ele>
        <time>2026-04-02T10:58:21+00:00</time>
      </trkpt>
      <trkpt lat="47.28032" lon="11.39866">
        <ele>639</ele>
        <time>2026-04-02T10:58:24+00:00</time>
      </trkpt>
      <trkpt lat="47.28014" lon="11.3987">
        <ele>634</ele>
        <time>2026-04-02T10:58:27+00:00</time>
      </trkpt>
      <trkpt lat="47.28002" lon="11.39871">
        <ele>630</ele>
        <time>2026-04-02T10:58:30+00:00</time>
      </trkpt>
      <trkpt lat="47.28007" lon="11.3988">
        <ele>633</ele>
        <time>2026-04-02T10:58:33+00:00</time>
      </trkpt>
      <trkpt lat="47.28013" lon="11.39886">
        <ele>632</ele>
        <time>2026-04-02T10:58:36+00:00</time>
      </trkpt>
      <trkpt lat="47.28012" lon="11.39887">
        <ele>632</ele>
        <time>2026-04-02T10:58:39+00:00</time>
      </trkpt>
      <trkpt lat="47.28021" lon="11.39896">
        <ele>633</ele>
        <time>2026-04-02T10:58:42+00:00</time>
      </trkpt>
      <trkpt lat="47.28018" lon="11.39898">
        <ele>631</ele>
        <time>2026-04-02T10:58:45+00:00</time>
      </trkpt>
      <trkpt lat="47.28019" lon="11.39909">
        <ele>629</ele>
        <time>2026-04-02T10:58:48+00:00</time>
      </trkpt>
      <trkpt lat="47.28018" lon="11.39914">
        <ele>628</ele>
        <time>2026-04-02T10:58:51+00:00</time>
      </trkpt>
      <trkpt lat="47.28016" lon="11.39917">
        <ele>628</ele>
        <time>2026-04-02T10:58:54+00:00</time>
      </trkpt>
      <trkpt lat="47.28012" lon="11.39918">
        <ele>628</ele>
        <time>2026-04-02T10:58:57+00:00</time>
      </trkpt>
      <trkpt lat="47.2801" lon="11.39917">
        <ele>628</ele>
        <time>2026-04-02T10:59:00+00:00</time>
      </trkpt>
      <trkpt lat="47.28007" lon="11.39911">
        <ele>625</ele>
        <time>2026-04-02T10:59:03+00:00</time>
      </trkpt>
      <trkpt lat="47.28002" lon="11.39907">
        <ele>627</ele>
        <time>2026-04-02T10:59:06+00:00</time>
      </trkpt>
      <trkpt lat="47.27997" lon="11.39909">
        <ele>624</ele>
        <time>2026-04-02T10:59:09+00:00</time>
      </trkpt>
      <trkpt lat="47.27997" lon="11.39913">
        <ele>622</ele>
        <time>2026-04-02T10:59:12+00:00</time>
      </trkpt>
      <trkpt lat="47.2799" lon="11.39915">
        <ele>620</ele>
        <time>2026-04-02T10:59:15+00:00</time>
      </trkpt>
      <trkpt lat="47.27987" lon="11.39913">
        <ele>620</ele>
        <time>2026-04-02T10:59:18+00:00</time>
      </trkpt>
      <trkpt lat="47.27984" lon="11.39914">
        <ele>620</ele>
        <time>2026-04-02T10:59:21+00:00</time>
      </trkpt>
      <trkpt lat="47.2798" lon="11.39925">
        <ele>616</ele>
        <time>2026-04-02T10:59:24+00:00</time>
      </trkpt>
      <trkpt lat="47.27978" lon="11.39934">
        <ele>614</ele>
        <time>2026-04-02T10:59:27+00:00</time>
      </trkpt>
      <trkpt lat="47.27976" lon="11.3994">
        <ele>614</ele>
        <time>2026-04-02T10:59:30+00:00</time>
      </trkpt>
      <trkpt lat="47.27973" lon="11.39945">
        <ele>613</ele>
        <time>2026-04-02T10:59:33+00:00</time>
      </trkpt>
      <trkpt lat="47.27969" lon="11.39946">
        <ele>613</ele>
        <time>2026-04-02T10:59:36+00:00</time>
      </trkpt>
      <trkpt lat="47.27964" lon="11.39931">
        <ele>611</ele>
        <time>2026-04-02T10:59:39+00:00</time>
      </trkpt>
      <trkpt lat="47.27965" lon="11.3993">
        <ele>613</ele>
        <time>2026-04-02T10:59:42+00:00</time>
      </trkpt>
      <trkpt lat="47.27963" lon="11.39924">
        <ele>613</ele>
        <time>2026-04-02T10:59:45+00:00</time>
      </trkpt>
      <trkpt lat="47.27956" lon="11.39918">
        <ele>611</ele>
        <time>2026-04-02T10:59:48+00:00</time>
      </trkpt>
      <trkpt lat="47.27953" lon="11.39918">
        <ele>611</ele>
        <time>2026-04-02T10:59:51+00:00</time>
      </trkpt>
      <trkpt lat="47.2795" lon="11.39921">
        <ele>606</ele>
        <time>2026-04-02T10:59:54+00:00</time>
      </trkpt>
      <trkpt lat="47.27949" lon="11.39926">
        <ele>606</ele>
        <time>2026-04-02T10:59:57+00:00</time>
      </trkpt>
      <trkpt lat="47.27951" lon="11.3994">
        <ele>608</ele>
        <time>2026-04-02T11:00:00+00:00</time>
      </trkpt>
      <trkpt lat="47.27959" lon="11.39969">
        <ele>603</ele>
        <time>2026-04-02T11:00:03+00:00</time>
      </trkpt>
      <trkpt lat="47.27966" lon="11.39989">
        <ele>604</ele>
        <time>2026-04-02T11:00:06+00:00</time>
      </trkpt>
      <trkpt lat="47.27973" lon="11.40015">
        <ele>602</ele>
        <time>2026-04-02T11:00:09+00:00</time>
      </trkpt>
      <trkpt lat="47.27976" lon="11.40036">
        <ele>598</ele>
        <time>2026-04-02T11:00:12+00:00</time>
      </trkpt>
      <trkpt lat="47.27977" lon="11.40055">
        <ele>594</ele>
        <time>2026-04-02T11:00:15+00:00</time>
      </trkpt>
      <trkpt lat="47.27976" lon="11.40064">
        <ele>594</ele>
        <time>2026-04-02T11:00:18+00:00</time>
      </trkpt>
      <trkpt lat="47.27975" lon="11.40067">
        <ele>594</ele>
        <time>2026-04-02T11:00:21+00:00</time>
      </trkpt>
      <trkpt lat="47.27974" lon="11.40068">
        <ele>594</ele>
        <time>2026-04-02T11:00:24+00:00</time>
      </trkpt>
      <trkpt lat="47.27968" lon="11.40067">
        <ele>591</ele>
        <time>2026-04-02T11:00:27+00:00</time>
      </trkpt>
      <trkpt lat="47.27962" lon="11.40059">
        <ele>591</ele>
        <time>2026-04-02T11:00:30+00:00</time>
      </trkpt>
      <trkpt lat="47.27949" lon="11.40027">
        <ele>589</ele>
        <time>2026-04-02T11:00:33+00:00</time>
      </trkpt>
      <trkpt lat="47.27932" lon="11.39997">
        <ele>589</ele>
        <time>2026-04-02T11:00:36+00:00</time>
      </trkpt>
      <trkpt lat="47.27913" lon="11.39969">
        <ele>586</ele>
        <time>2026-04-02T11:00:39+00:00</time>
      </trkpt>
      <trkpt lat="47.27886" lon="11.39931">
        <ele>585</ele>
        <time>2026-04-02T11:00:42+00:00</time>
      </trkpt>
      <trkpt lat="47.27884" lon="11.39929">
        <ele>589</ele>
        <time>2026-04-02T11:00:45+00:00</time>
      </trkpt>
      <trkpt lat="47.27882" lon="11.39929">
        <ele>589</ele>
        <time>2026-04-02T11:00:48+00:00</time>
      </trkpt>
      <trkpt lat="47.27874" lon="11.3994">
        <ele>579</ele>
        <time>2026-04-02T11:00:51+00:00</time>
      </trkpt>
      <trkpt lat="47.27864" lon="11.39929">
        <ele>578</ele>
        <time>2026-04-02T11:00:54+00:00</time>
      </trkpt>
      <trkpt lat="47.27863" lon="11.39929">
        <ele>578</ele>
        <time>2026-04-02T11:00:57+00:00</time>
      </trkpt>
      <trkpt lat="47.27842" lon="11.39959">
        <ele>576</ele>
        <time>2026-04-02T11:01:00+00:00</time>
      </trkpt>
      <trkpt lat="47.27802" lon="11.40014">
        <ele>575</ele>
        <time>2026-04-02T11:01:03+00:00</time>
      </trkpt>
      <trkpt lat="47.27798" lon="11.40008">
        <ele>574</ele>
        <time>2026-04-02T11:01:06+00:00</time>
      </trkpt>
      <trkpt lat="47.27791" lon="11.39989">
        <ele>572</ele>
        <time>2026-04-02T11:01:09+00:00</time>
      </trkpt>
      <trkpt lat="47.27786" lon="11.39981">
        <ele>573</ele>
        <time>2026-04-02T11:01:12+00:00</time>
      </trkpt>
      <trkpt lat="47.27762" lon="11.39948">
        <ele>572</ele>
        <time>2026-04-02T11:01:15+00:00</time>
      </trkpt>
      <trkpt lat="47.27736" lon="11.39915">
        <ele>574</ele>
        <time>2026-04-02T11:01:18+00:00</time>
      </trkpt>
      <trkpt lat="47.27726" lon="11.39904">
        <ele>575</ele>
        <time>2026-04-02T11:01:21+00:00</time>
      </trkpt>
      <trkpt lat="47.27703" lon="11.39881">
        <ele>573</ele>
        <time>2026-04-02T11:01:24+00:00</time>
      </trkpt>
      <trkpt lat="47.27681" lon="11.39858">
        <ele>573</ele>
        <time>2026-04-02T11:01:27+00:00</time>
      </trkpt>
      <trkpt lat="47.27654" lon="11.3983">
        <ele>575</ele>
        <time>2026-04-02T11:01:30+00:00</time>
      </trkpt>
      <trkpt lat="47.27633" lon="11.39807">
        <ele>575</ele>
        <time>2026-04-02T11:01:33+00:00</time>
      </trkpt>
      <trkpt lat="47.27604" lon="11.39777">
        <ele>575</ele>
        <time>2026-04-02T11:01:36+00:00</time>
      </trkpt>
      <trkpt lat="47.27581" lon="11.39758">
        <ele>575</ele>
        <time>2026-04-02T11:01:39+00:00</time>
      </trkpt>
      <trkpt lat="47.27545" lon="11.39732">
        <ele>575</ele>
        <time>2026-04-02T11:01:42+00:00</time>
      </trkpt>
      <trkpt lat="47.27541" lon="11.39732">
        <ele>575</ele>
        <time>2026-04-02T11:01:45+00:00</time>
      </trkpt>
      <trkpt lat="47.27534" lon="11.39735">
        <ele>575</ele>
        <time>2026-04-02T11:01:48+00:00</time>
      </trkpt>
      <trkpt lat="47.27531" lon="11.39735">
        <ele>575</ele>
        <time>2026-04-02T11:01:51+00:00</time>
      </trkpt>
      <trkpt lat="47.27519" lon="11.39729">
        <ele>574</ele>
        <time>2026-04-02T11:01:54+00:00</time>
      </trkpt>
      <trkpt lat="47.27495" lon="11.39714">
        <ele>574</ele>
        <time>2026-04-02T11:01:57+00:00</time>
      </trkpt>
      <trkpt lat="47.27467" lon="11.39686">
        <ele>574</ele>
        <time>2026-04-02T11:02:00+00:00</time>
      </trkpt>
      <trkpt lat="47.27438" lon="11.39663">
        <ele>574</ele>
        <time>2026-04-02T11:02:03+00:00</time>
      </trkpt>
      <trkpt lat="47.27433" lon="11.39655">
        <ele>575</ele>
        <time>2026-04-02T11:02:06+00:00</time>
      </trkpt>
      <trkpt lat="47.27411" lon="11.39638">
        <ele>574</ele>
        <time>2026-04-02T11:02:09+00:00</time>
      </trkpt>
      <trkpt lat="47.27376" lon="11.39611">
        <ele>574</ele>
        <time>2026-04-02T11:02:12+00:00</time>
      </trkpt>
      <trkpt lat="47.27345" lon="11.39585">
        <ele>576</ele>
        <time>2026-04-02T11:02:15+00:00</time>
      </trkpt>
      <trkpt lat="47.27337" lon="11.3958">
        <ele>576</ele>
        <time>2026-04-02T11:02:18+00:00</time>
      </trkpt>
      <trkpt lat="47.27334" lon="11.3958">
        <ele>576</ele>
        <time>2026-04-02T11:02:21+00:00</time>
      </trkpt>
      <trkpt lat="47.27329" lon="11.39578">
        <ele>576</ele>
        <time>2026-04-02T11:02:24+00:00</time>
      </trkpt>
      <trkpt lat="47.27316" lon="11.39568">
        <ele>576</ele>
        <time>2026-04-02T11:02:27+00:00</time>
      </trkpt>
      <trkpt lat="47.2731" lon="11.39561">
        <ele>576</ele>
        <time>2026-04-02T11:02:30+00:00</time>
      </trkpt>
      <trkpt lat="47.27311" lon="11.39559">
        <ele>574</ele>
        <time>2026-04-02T11:02:33+00:00</time>
      </trkpt>
      <trkpt lat="47.273" lon="11.39602">
        <ele>577</ele>
        <time>2026-04-02T11:02:36+00:00</time>
      </trkpt>
      <trkpt lat="47.27269" lon="11.39595">
        <ele>577</ele>
        <time>2026-04-02T11:02:39+00:00</time>
      </trkpt>
      <trkpt lat="47.27237" lon="11.39588">
        <ele>578</ele>
        <time>2026-04-02T11:02:42+00:00</time>
      </trkpt>
      <trkpt lat="47.27197" lon="11.3958">
        <ele>578</ele>
        <time>2026-04-02T11:02:45+00:00</time>
      </trkpt>
      <trkpt lat="47.27171" lon="11.39577">
        <ele>578</ele>
        <time>2026-04-02T11:02:48+00:00</time>
      </trkpt>
      <trkpt lat="47.27137" lon="11.39572">
        <ele>577</ele>
        <time>2026-04-02T11:02:51+00:00</time>
      </trkpt>
      <trkpt lat="47.27113" lon="11.39572">
        <ele>577</ele>
        <time>2026-04-02T11:02:54+00:00</time>
      </trkpt>
      <trkpt lat="47.27086" lon="11.39568">
        <ele>577</ele>
        <time>2026-04-02T11:02:57+00:00</time>
      </trkpt>
      <trkpt lat="47.27071" lon="11.39564">
        <ele>577</ele>
        <time>2026-04-02T11:03:00+00:00</time>
      </trkpt>
      <trkpt lat="47.27056" lon="11.39562">
        <ele>577</ele>
        <time>2026-04-02T11:03:03+00:00</time>
      </trkpt>
      <trkpt lat="47.27042" lon="11.39559">
        <ele>576</ele>
        <time>2026-04-02T11:03:06+00:00</time>
      </trkpt>
      <trkpt lat="47.27028" lon="11.39555">
        <ele>577</ele>
        <time>2026-04-02T11:03:09+00:00</time>
      </trkpt>
      <trkpt lat="47.27" lon="11.39552">
        <ele>577</ele>
        <time>2026-04-02T11:03:12+00:00</time>
      </trkpt>
      <trkpt lat="47.26986" lon="11.39547">
        <ele>575</ele>
        <time>2026-04-02T11:03:15+00:00</time>
      </trkpt>
      <trkpt lat="47.26972" lon="11.39538">
        <ele>575</ele>
        <time>2026-04-02T11:03:18+00:00</time>
      </trkpt>
      <trkpt lat="47.26956" lon="11.39536">
        <ele>575</ele>
        <time>2026-04-02T11:03:21+00:00</time>
      </trkpt>
      <trkpt lat="47.26951" lon="11.39534">
        <ele>575</ele>
        <time>2026-04-02T11:03:24+00:00</time>
      </trkpt>
      <trkpt lat="47.26953" lon="11.3953">
        <ele>575</ele>
        <time>2026-04-02T11:03:27+00:00</time>
      </trkpt>
      <trkpt lat="47.26959" lon="11.39529">
        <ele>575</ele>
        <time>2026-04-02T11:03:30+00:00</time>
      </trkpt>
      <trkpt lat="47.26967" lon="11.3953">
        <ele>575</ele>
        <time>2026-04-02T11:03:33+00:00</time>
      </trkpt>
    </trkseg>
  </trk>
</gpx>
