<?xml version="1.0" encoding="UTF-8"?><gpx creator="Wikiloc - https://www.wikiloc.com" version="1.1" xmlns="http://www.topografix.com/GPX/1/1" xmlns:xsi="http://www.w3.org/2001/XMLSchema-instance" xsi:schemaLocation="http://www.topografix.com/GPX/1/1 http://www.topografix.com/GPX/1/1/gpx.xsd"><metadata><name>Wikiloc - SellaRonda Trail Run Antiorario da Canazei</name><author><name>Paola UltraRunner</name><link href="https://www.wikiloc.com/wikiloc/user.do?id=5310939"><text>Paola UltraRunner on Wikiloc</text></link></author><link href="https://www.wikiloc.com/trail-running-trails/sellaronda-trail-run-antiorario-da-canazei-82782672"><text>SellaRonda Trail Run Antiorario da Canazei on Wikiloc</text></link><time>2021-09-02T14:46:35Z</time></metadata><trk><name>SellaRonda Trail Run Antiorario da Canazei - Wikiloc</name><cmt></cmt><desc></desc><trkseg><trkpt lat="46.473291" lon="11.774203"><ele>1443.371</ele><time>2021-09-02T08:36:49Z</time></trkpt><trkpt lat="46.473274" lon="11.774268"><ele>1443.441</ele><time>2021-09-02T08:36:51Z</time></trkpt><trkpt lat="46.473267" lon="11.774341"><ele>1443.515</ele><time>2021-09-02T08:36:54Z</time></trkpt><trkpt lat="46.473235" lon="11.774424"><ele>1443.808</ele><time>2021-09-02T08:36:57Z</time></trkpt><trkpt lat="46.473213" lon="11.774501"><ele>1444.095</ele><time>2021-09-02T08:37:00Z</time></trkpt><trkpt lat="46.473194" lon="11.774578"><ele>1444.239</ele><time>2021-09-02T08:37:03Z</time></trkpt><trkpt lat="46.473170" lon="11.774659"><ele>1444.424</ele><time>2021-09-02T08:37:06Z</time></trkpt><trkpt lat="46.473144" lon="11.774744"><ele>1444.555</ele><time>2021-09-02T08:37:09Z</time></trkpt><trkpt lat="46.473120" lon="11.774822"><ele>1444.619</ele><time>2021-09-02T08:37:12Z</time></trkpt><trkpt lat="46.473094" lon="11.774890"><ele>1444.753</ele><time>2021-09-02T08:37:15Z</time></trkpt><trkpt lat="46.473061" lon="11.774968"><ele>1444.914</ele><time>2021-09-02T08:37:18Z</time></trkpt><trkpt lat="46.473045" lon="11.775043"><ele>1445.049</ele><time>2021-09-02T08:37:21Z</time></trkpt><trkpt lat="46.473033" lon="11.775109"><ele>1445.032</ele><time>2021-09-02T08:37:23Z</time></trkpt><trkpt lat="46.473006" lon="11.775195"><ele>1445.292</ele><time>2021-09-02T08:37:26Z</time></trkpt><trkpt lat="46.472982" lon="11.775268"><ele>1445.311</ele><time>2021-09-02T08:37:29Z</time></trkpt><trkpt lat="46.472964" lon="11.775368"><ele>1445.408</ele><time>2021-09-02T08:37:32Z</time></trkpt><trkpt lat="46.472963" lon="11.775454"><ele>1445.521</ele><time>2021-09-02T08:37:35Z</time></trkpt><trkpt lat="46.472999" lon="11.775512"><ele>1445.445</ele><time>2021-09-02T08:37:38Z</time></trkpt><trkpt lat="46.473062" lon="11.775540"><ele>1445.530</ele><time>2021-09-02T08:37:41Z</time></trkpt><trkpt lat="46.473117" lon="11.775544"><ele>1445.441</ele><time>2021-09-02T08:37:47Z</time></trkpt><trkpt lat="46.473143" lon="11.775488"><ele>1445.315</ele><time>2021-09-02T08:37:49Z</time></trkpt><trkpt lat="46.473189" lon="11.775430"><ele>1445.229</ele><time>2021-09-02T08:37:52Z</time></trkpt><trkpt lat="46.473229" lon="11.775385"><ele>1445.280</ele><time>2021-09-02T08:37:54Z</time></trkpt><trkpt lat="46.473260" lon="11.775337"><ele>1445.285</ele><time>2021-09-02T08:37:56Z</time></trkpt><trkpt lat="46.473305" lon="11.775301"><ele>1445.117</ele><time>2021-09-02T08:37:58Z</time></trkpt><trkpt lat="46.473344" lon="11.775260"><ele>1445.187</ele><time>2021-09-02T08:38:00Z</time></trkpt><trkpt lat="46.473378" lon="11.775211"><ele>1445.015</ele><time>2021-09-02T08:38:02Z</time></trkpt><trkpt lat="46.473420" lon="11.775141"><ele>1444.908</ele><time>2021-09-02T08:38:05Z</time></trkpt><trkpt lat="46.473454" lon="11.775096"><ele>1444.979</ele><time>2021-09-02T08:38:07Z</time></trkpt><trkpt lat="46.473484" lon="11.775045"><ele>1444.983</ele><time>2021-09-02T08:38:09Z</time></trkpt><trkpt lat="46.473533" lon="11.774986"><ele>1444.938</ele><time>2021-09-02T08:38:12Z</time></trkpt><trkpt lat="46.473579" lon="11.774927"><ele>1444.969</ele><time>2021-09-02T08:38:15Z</time></trkpt><trkpt lat="46.473618" lon="11.774868"><ele>1444.823</ele><time>2021-09-02T08:38:18Z</time></trkpt><trkpt lat="46.473668" lon="11.774807"><ele>1444.747</ele><time>2021-09-02T08:38:21Z</time></trkpt><trkpt lat="46.473702" lon="11.774746"><ele>1444.718</ele><time>2021-09-02T08:38:24Z</time></trkpt><trkpt lat="46.473749" lon="11.774685"><ele>1444.633</ele><time>2021-09-02T08:38:27Z</time></trkpt><trkpt lat="46.473777" lon="11.774616"><ele>1444.634</ele><time>2021-09-02T08:38:30Z</time></trkpt><trkpt lat="46.473816" lon="11.774550"><ele>1444.655</ele><time>2021-09-02T08:38:33Z</time></trkpt><trkpt lat="46.473851" lon="11.774502"><ele>1444.710</ele><time>2021-09-02T08:38:35Z</time></trkpt><trkpt lat="46.473893" lon="11.774438"><ele>1444.708</ele><time>2021-09-02T08:38:38Z</time></trkpt><trkpt lat="46.473938" lon="11.774380"><ele>1444.751</ele><time>2021-09-02T08:38:41Z</time></trkpt><trkpt lat="46.473976" lon="11.774333"><ele>1444.625</ele><time>2021-09-02T08:38:44Z</time></trkpt><trkpt lat="46.474022" lon="11.774290"><ele>1444.720</ele><time>2021-09-02T08:38:47Z</time></trkpt><trkpt lat="46.474064" lon="11.774232"><ele>1444.851</ele><time>2021-09-02T08:38:50Z</time></trkpt><trkpt lat="46.474116" lon="11.774179"><ele>1445.175</ele><time>2021-09-02T08:38:53Z</time></trkpt><trkpt lat="46.474174" lon="11.774145"><ele>1445.539</ele><time>2021-09-02T08:38:56Z</time></trkpt><trkpt lat="46.474218" lon="11.774134"><ele>1445.780</ele><time>2021-09-02T08:38:58Z</time></trkpt><trkpt lat="46.474271" lon="11.774127"><ele>1446.045</ele><time>2021-09-02T08:39:00Z</time></trkpt><trkpt lat="46.474309" lon="11.774090"><ele>1446.239</ele><time>2021-09-02T08:39:02Z</time></trkpt><trkpt lat="46.474353" lon="11.774030"><ele>1446.401</ele><time>2021-09-02T08:39:05Z</time></trkpt><trkpt lat="46.474392" lon="11.773964"><ele>1446.621</ele><time>2021-09-02T08:39:08Z</time></trkpt><trkpt lat="46.474430" lon="11.773922"><ele>1446.708</ele><time>2021-09-02T08:39:10Z</time></trkpt><trkpt lat="46.474467" lon="11.773847"><ele>1446.891</ele><time>2021-09-02T08:39:13Z</time></trkpt><trkpt lat="46.474517" lon="11.773779"><ele>1446.975</ele><time>2021-09-02T08:39:16Z</time></trkpt><trkpt lat="46.474556" lon="11.773715"><ele>1447.130</ele><time>2021-09-02T08:39:19Z</time></trkpt><trkpt lat="46.474594" lon="11.773643"><ele>1447.331</ele><time>2021-09-02T08:39:22Z</time></trkpt><trkpt lat="46.474624" lon="11.773594"><ele>1447.445</ele><time>2021-09-02T08:39:24Z</time></trkpt><trkpt lat="46.474657" lon="11.773533"><ele>1447.639</ele><time>2021-09-02T08:39:27Z</time></trkpt><trkpt lat="46.474706" lon="11.773463"><ele>1447.790</ele><time>2021-09-02T08:39:30Z</time></trkpt><trkpt lat="46.474751" lon="11.773457"><ele>1447.935</ele><time>2021-09-02T08:39:33Z</time></trkpt><trkpt lat="46.474802" lon="11.773481"><ele>1448.088</ele><time>2021-09-02T08:39:35Z</time></trkpt><trkpt lat="46.474848" lon="11.773468"><ele>1448.024</ele><time>2021-09-02T08:39:37Z</time></trkpt><trkpt lat="46.474874" lon="11.773396"><ele>1448.026</ele><time>2021-09-02T08:39:40Z</time></trkpt><trkpt lat="46.474916" lon="11.773348"><ele>1448.208</ele><time>2021-09-02T08:39:43Z</time></trkpt><trkpt lat="46.474962" lon="11.773309"><ele>1448.496</ele><time>2021-09-02T08:39:46Z</time></trkpt><trkpt lat="46.475019" lon="11.773275"><ele>1448.580</ele><time>2021-09-02T08:39:49Z</time></trkpt><trkpt lat="46.475069" lon="11.773251"><ele>1448.865</ele><time>2021-09-02T08:39:52Z</time></trkpt><trkpt lat="46.475116" lon="11.773241"><ele>1449.396</ele><time>2021-09-02T08:39:56Z</time></trkpt><trkpt lat="46.475162" lon="11.773256"><ele>1449.960</ele><time>2021-09-02T08:40:00Z</time></trkpt><trkpt lat="46.475217" lon="11.773254"><ele>1450.714</ele><time>2021-09-02T08:40:05Z</time></trkpt><trkpt lat="46.475264" lon="11.773254"><ele>1451.325</ele><time>2021-09-02T08:40:09Z</time></trkpt><trkpt lat="46.475318" lon="11.773268"><ele>1451.780</ele><time>2021-09-02T08:40:12Z</time></trkpt><trkpt lat="46.475376" lon="11.773280"><ele>1452.359</ele><time>2021-09-02T08:40:16Z</time></trkpt><trkpt lat="46.475425" lon="11.773289"><ele>1452.703</ele><time>2021-09-02T08:40:19Z</time></trkpt><trkpt lat="46.475478" lon="11.773335"><ele>1453.323</ele><time>2021-09-02T08:40:23Z</time></trkpt><trkpt lat="46.475517" lon="11.773370"><ele>1453.808</ele><time>2021-09-02T08:40:26Z</time></trkpt><trkpt lat="46.475562" lon="11.773419"><ele>1454.263</ele><time>2021-09-02T08:40:30Z</time></trkpt><trkpt lat="46.475614" lon="11.773449"><ele>1454.677</ele><time>2021-09-02T08:40:33Z</time></trkpt><trkpt lat="46.475653" lon="11.773491"><ele>1455.032</ele><time>2021-09-02T08:40:36Z</time></trkpt><trkpt lat="46.475696" lon="11.773533"><ele>1455.493</ele><time>2021-09-02T08:40:39Z</time></trkpt><trkpt lat="46.475739" lon="11.773578"><ele>1455.817</ele><time>2021-09-02T08:40:42Z</time></trkpt><trkpt lat="46.475776" lon="11.773637"><ele>1456.171</ele><time>2021-09-02T08:40:45Z</time></trkpt><trkpt lat="46.475827" lon="11.773683"><ele>1456.542</ele><time>2021-09-02T08:40:48Z</time></trkpt><trkpt lat="46.475870" lon="11.773722"><ele>1456.957</ele><time>2021-09-02T08:40:51Z</time></trkpt><trkpt lat="46.475915" lon="11.773731"><ele>1457.372</ele><time>2021-09-02T08:40:54Z</time></trkpt><trkpt lat="46.475968" lon="11.773758"><ele>1457.813</ele><time>2021-09-02T08:40:57Z</time></trkpt><trkpt lat="46.476017" lon="11.773772"><ele>1458.314</ele><time>2021-09-02T08:41:01Z</time></trkpt><trkpt lat="46.476066" lon="11.773800"><ele>1458.808</ele><time>2021-09-02T08:41:04Z</time></trkpt><trkpt lat="46.476121" lon="11.773830"><ele>1459.235</ele><time>2021-09-02T08:41:07Z</time></trkpt><trkpt lat="46.476161" lon="11.773880"><ele>1459.719</ele><time>2021-09-02T08:41:10Z</time></trkpt><trkpt lat="46.476207" lon="11.773898"><ele>1460.314</ele><time>2021-09-02T08:41:13Z</time></trkpt><trkpt lat="46.476269" lon="11.773894"><ele>1460.925</ele><time>2021-09-02T08:41:16Z</time></trkpt><trkpt lat="46.476330" lon="11.773904"><ele>1461.659</ele><time>2021-09-02T08:41:19Z</time></trkpt><trkpt lat="46.476385" lon="11.773899"><ele>1462.493</ele><time>2021-09-02T08:41:23Z</time></trkpt><trkpt lat="46.476447" lon="11.773867"><ele>1463.114</ele><time>2021-09-02T08:41:28Z</time></trkpt><trkpt lat="46.476492" lon="11.773871"><ele>1463.619</ele><time>2021-09-02T08:41:31Z</time></trkpt><trkpt lat="46.476548" lon="11.773892"><ele>1463.929</ele><time>2021-09-02T08:41:34Z</time></trkpt><trkpt lat="46.476582" lon="11.773831"><ele>1463.800</ele><time>2021-09-02T08:41:38Z</time></trkpt><trkpt lat="46.476627" lon="11.773918"><ele>1464.320</ele><time>2021-09-02T08:41:44Z</time></trkpt><trkpt lat="46.476560" lon="11.773903"><ele>1464.208</ele><time>2021-09-02T08:41:49Z</time></trkpt><trkpt lat="46.476700" lon="11.773774"><ele>1464.030</ele><time>2021-09-02T08:42:00Z</time></trkpt><trkpt lat="46.476745" lon="11.773823"><ele>1464.254</ele><time>2021-09-02T08:42:02Z</time></trkpt><trkpt lat="46.476784" lon="11.773881"><ele>1464.939</ele><time>2021-09-02T08:42:05Z</time></trkpt><trkpt lat="46.476830" lon="11.773884"><ele>1465.560</ele><time>2021-09-02T08:42:08Z</time></trkpt><trkpt lat="46.476916" lon="11.773958"><ele>1467.114</ele><time>2021-09-02T08:42:17Z</time></trkpt><trkpt lat="46.476936" lon="11.774027"><ele>1467.878</ele><time>2021-09-02T08:42:21Z</time></trkpt><trkpt lat="46.476975" lon="11.774082"><ele>1468.589</ele><time>2021-09-02T08:42:25Z</time></trkpt><trkpt lat="46.477006" lon="11.774135"><ele>1468.814</ele><time>2021-09-02T08:42:27Z</time></trkpt><trkpt lat="46.477054" lon="11.774178"><ele>1469.193</ele><time>2021-09-02T08:42:29Z</time></trkpt><trkpt lat="46.477092" lon="11.774214"><ele>1469.565</ele><time>2021-09-02T08:42:31Z</time></trkpt><trkpt lat="46.477147" lon="11.774230"><ele>1469.921</ele><time>2021-09-02T08:42:33Z</time></trkpt><trkpt lat="46.477177" lon="11.774297"><ele>1470.508</ele><time>2021-09-02T08:42:36Z</time></trkpt><trkpt lat="46.477227" lon="11.774347"><ele>1470.927</ele><time>2021-09-02T08:42:39Z</time></trkpt><trkpt lat="46.477257" lon="11.774413"><ele>1471.361</ele><time>2021-09-02T08:42:42Z</time></trkpt><trkpt lat="46.477296" lon="11.774463"><ele>1471.756</ele><time>2021-09-02T08:42:45Z</time></trkpt><trkpt lat="46.477331" lon="11.774520"><ele>1472.467</ele><time>2021-09-02T08:42:48Z</time></trkpt><trkpt lat="46.477364" lon="11.774577"><ele>1472.861</ele><time>2021-09-02T08:42:51Z</time></trkpt><trkpt lat="46.477410" lon="11.774632"><ele>1473.685</ele><time>2021-09-02T08:42:55Z</time></trkpt><trkpt lat="46.477440" lon="11.774687"><ele>1473.976</ele><time>2021-09-02T08:42:57Z</time></trkpt><trkpt lat="46.477476" lon="11.774747"><ele>1474.271</ele><time>2021-09-02T08:43:00Z</time></trkpt><trkpt lat="46.477522" lon="11.774789"><ele>1474.742</ele><time>2021-09-02T08:43:03Z</time></trkpt><trkpt lat="46.477562" lon="11.774818"><ele>1474.922</ele><time>2021-09-02T08:43:05Z</time></trkpt><trkpt lat="46.477555" lon="11.774896"><ele>1475.414</ele><time>2021-09-02T08:43:09Z</time></trkpt><trkpt lat="46.477552" lon="11.774979"><ele>1475.808</ele><time>2021-09-02T08:43:12Z</time></trkpt><trkpt lat="46.477580" lon="11.775035"><ele>1476.492</ele><time>2021-09-02T08:43:15Z</time></trkpt><trkpt lat="46.477593" lon="11.775117"><ele>1477.146</ele><time>2021-09-02T08:43:19Z</time></trkpt><trkpt lat="46.477620" lon="11.775185"><ele>1477.981</ele><time>2021-09-02T08:43:23Z</time></trkpt><trkpt lat="46.477653" lon="11.775237"><ele>1478.692</ele><time>2021-09-02T08:43:27Z</time></trkpt><trkpt lat="46.477677" lon="11.775294"><ele>1479.296</ele><time>2021-09-02T08:43:30Z</time></trkpt><trkpt lat="46.477751" lon="11.775370"><ele>1481.160</ele><time>2021-09-02T08:43:39Z</time></trkpt><trkpt lat="46.477790" lon="11.775406"><ele>1482.061</ele><time>2021-09-02T08:43:43Z</time></trkpt><trkpt lat="46.477837" lon="11.775446"><ele>1482.756</ele><time>2021-09-02T08:43:46Z</time></trkpt><trkpt lat="46.477888" lon="11.775432"><ele>1483.823</ele><time>2021-09-02T08:43:50Z</time></trkpt><trkpt lat="46.477943" lon="11.775454"><ele>1485.183</ele><time>2021-09-02T08:43:54Z</time></trkpt><trkpt lat="46.477989" lon="11.775499"><ele>1486.111</ele><time>2021-09-02T08:43:58Z</time></trkpt><trkpt lat="46.478048" lon="11.775500"><ele>1486.908</ele><time>2021-09-02T08:44:02Z</time></trkpt><trkpt lat="46.478104" lon="11.775500"><ele>1487.380</ele><time>2021-09-02T08:44:05Z</time></trkpt><trkpt lat="46.478152" lon="11.775507"><ele>1487.654</ele><time>2021-09-02T08:44:08Z</time></trkpt><trkpt lat="46.478197" lon="11.775516"><ele>1487.759</ele><time>2021-09-02T08:44:10Z</time></trkpt><trkpt lat="46.478250" lon="11.775535"><ele>1488.090</ele><time>2021-09-02T08:44:13Z</time></trkpt><trkpt lat="46.478286" lon="11.775593"><ele>1488.774</ele><time>2021-09-02T08:44:16Z</time></trkpt><trkpt lat="46.478310" lon="11.775650"><ele>1490.078</ele><time>2021-09-02T08:44:20Z</time></trkpt><trkpt lat="46.478333" lon="11.775715"><ele>1490.979</ele><time>2021-09-02T08:44:24Z</time></trkpt><trkpt lat="46.478370" lon="11.775771"><ele>1491.914</ele><time>2021-09-02T08:44:29Z</time></trkpt><trkpt lat="46.478380" lon="11.775846"><ele>1493.135</ele><time>2021-09-02T08:44:34Z</time></trkpt><trkpt lat="46.478417" lon="11.775904"><ele>1494.086</ele><time>2021-09-02T08:44:38Z</time></trkpt><trkpt lat="46.478447" lon="11.775956"><ele>1494.814</ele><time>2021-09-02T08:44:42Z</time></trkpt><trkpt lat="46.478476" lon="11.776019"><ele>1495.808</ele><time>2021-09-02T08:44:47Z</time></trkpt><trkpt lat="46.478503" lon="11.776075"><ele>1496.511</ele><time>2021-09-02T08:44:51Z</time></trkpt><trkpt lat="46.478532" lon="11.776129"><ele>1497.465</ele><time>2021-09-02T08:44:56Z</time></trkpt><trkpt lat="46.478561" lon="11.776190"><ele>1498.080</ele><time>2021-09-02T08:44:59Z</time></trkpt><trkpt lat="46.478592" lon="11.776237"><ele>1498.661</ele><time>2021-09-02T08:45:03Z</time></trkpt><trkpt lat="46.478623" lon="11.776284"><ele>1499.225</ele><time>2021-09-02T08:45:06Z</time></trkpt><trkpt lat="46.478647" lon="11.776363"><ele>1499.829</ele><time>2021-09-02T08:45:10Z</time></trkpt><trkpt lat="46.478678" lon="11.776432"><ele>1500.280</ele><time>2021-09-02T08:45:14Z</time></trkpt><trkpt lat="46.478715" lon="11.776476"><ele>1501.025</ele><time>2021-09-02T08:45:18Z</time></trkpt><trkpt lat="46.478727" lon="11.776543"><ele>1501.938</ele><time>2021-09-02T08:45:22Z</time></trkpt><trkpt lat="46.478739" lon="11.776618"><ele>1502.970</ele><time>2021-09-02T08:45:27Z</time></trkpt><trkpt lat="46.478772" lon="11.776677"><ele>1504.017</ele><time>2021-09-02T08:45:32Z</time></trkpt><trkpt lat="46.478810" lon="11.776720"><ele>1504.808</ele><time>2021-09-02T08:45:36Z</time></trkpt><trkpt lat="46.478838" lon="11.776781"><ele>1505.631</ele><time>2021-09-02T08:45:40Z</time></trkpt><trkpt lat="46.478882" lon="11.776837"><ele>1506.745</ele><time>2021-09-02T08:45:45Z</time></trkpt><trkpt lat="46.478926" lon="11.776869"><ele>1507.970</ele><time>2021-09-02T08:45:50Z</time></trkpt><trkpt lat="46.478983" lon="11.776895"><ele>1509.221</ele><time>2021-09-02T08:45:55Z</time></trkpt><trkpt lat="46.479028" lon="11.776909"><ele>1510.065</ele><time>2021-09-02T08:45:59Z</time></trkpt><trkpt lat="46.479083" lon="11.776929"><ele>1510.929</ele><time>2021-09-02T08:46:03Z</time></trkpt><trkpt lat="46.479127" lon="11.776943"><ele>1511.570</ele><time>2021-09-02T08:46:07Z</time></trkpt><trkpt lat="46.479183" lon="11.776958"><ele>1512.155</ele><time>2021-09-02T08:46:11Z</time></trkpt><trkpt lat="46.479226" lon="11.777000"><ele>1513.134</ele><time>2021-09-02T08:46:16Z</time></trkpt><trkpt lat="46.479281" lon="11.777023"><ele>1513.955</ele><time>2021-09-02T08:46:20Z</time></trkpt><trkpt lat="46.479319" lon="11.777067"><ele>1514.410</ele><time>2021-09-02T08:46:23Z</time></trkpt><trkpt lat="46.479348" lon="11.777119"><ele>1515.308</ele><time>2021-09-02T08:46:27Z</time></trkpt><trkpt lat="46.479409" lon="11.777138"><ele>1516.611</ele><time>2021-09-02T08:46:32Z</time></trkpt><trkpt lat="46.479458" lon="11.777187"><ele>1517.725</ele><time>2021-09-02T08:46:37Z</time></trkpt><trkpt lat="46.479510" lon="11.777178"><ele>1518.420</ele><time>2021-09-02T08:46:40Z</time></trkpt><trkpt lat="46.479574" lon="11.777191"><ele>1519.651</ele><time>2021-09-02T08:46:46Z</time></trkpt><trkpt lat="46.479625" lon="11.777172"><ele>1520.355</ele><time>2021-09-02T08:46:50Z</time></trkpt><trkpt lat="46.479676" lon="11.777162"><ele>1521.179</ele><time>2021-09-02T08:46:55Z</time></trkpt><trkpt lat="46.479734" lon="11.777160"><ele>1522.030</ele><time>2021-09-02T08:47:00Z</time></trkpt><trkpt lat="46.479788" lon="11.777160"><ele>1522.855</ele><time>2021-09-02T08:47:04Z</time></trkpt><trkpt lat="46.479837" lon="11.777143"><ele>1523.648</ele><time>2021-09-02T08:47:08Z</time></trkpt><trkpt lat="46.479885" lon="11.777119"><ele>1524.561</ele><time>2021-09-02T08:47:12Z</time></trkpt><trkpt lat="46.479934" lon="11.777126"><ele>1525.317</ele><time>2021-09-02T08:47:16Z</time></trkpt><trkpt lat="46.479987" lon="11.777122"><ele>1526.308</ele><time>2021-09-02T08:47:21Z</time></trkpt><trkpt lat="46.480046" lon="11.777133"><ele>1527.382</ele><time>2021-09-02T08:47:26Z</time></trkpt><trkpt lat="46.480106" lon="11.777125"><ele>1528.566</ele><time>2021-09-02T08:47:32Z</time></trkpt><trkpt lat="46.480159" lon="11.777142"><ele>1529.381</ele><time>2021-09-02T08:47:36Z</time></trkpt><trkpt lat="46.480202" lon="11.777171"><ele>1529.832</ele><time>2021-09-02T08:47:39Z</time></trkpt><trkpt lat="46.480245" lon="11.777192"><ele>1530.476</ele><time>2021-09-02T08:47:43Z</time></trkpt><trkpt lat="46.480286" lon="11.777226"><ele>1531.330</ele><time>2021-09-02T08:47:47Z</time></trkpt><trkpt lat="46.480330" lon="11.777292"><ele>1532.171</ele><time>2021-09-02T08:47:52Z</time></trkpt><trkpt lat="46.480350" lon="11.777353"><ele>1532.786</ele><time>2021-09-02T08:47:56Z</time></trkpt><trkpt lat="46.480396" lon="11.777399"><ele>1533.629</ele><time>2021-09-02T08:48:01Z</time></trkpt><trkpt lat="46.480436" lon="11.777445"><ele>1534.100</ele><time>2021-09-02T08:48:04Z</time></trkpt><trkpt lat="46.480485" lon="11.777488"><ele>1534.820</ele><time>2021-09-02T08:48:08Z</time></trkpt><trkpt lat="46.480530" lon="11.777529"><ele>1535.508</ele><time>2021-09-02T08:48:12Z</time></trkpt><trkpt lat="46.480577" lon="11.777552"><ele>1536.290</ele><time>2021-09-02T08:48:17Z</time></trkpt><trkpt lat="46.480612" lon="11.777600"><ele>1536.484</ele><time>2021-09-02T08:48:20Z</time></trkpt><trkpt lat="46.480663" lon="11.777618"><ele>1536.519</ele><time>2021-09-02T08:48:23Z</time></trkpt><trkpt lat="46.480708" lon="11.777664"><ele>1536.860</ele><time>2021-09-02T08:48:27Z</time></trkpt><trkpt lat="46.480756" lon="11.777677"><ele>1537.034</ele><time>2021-09-02T08:48:29Z</time></trkpt><trkpt lat="46.480809" lon="11.777686"><ele>1537.728</ele><time>2021-09-02T08:48:35Z</time></trkpt><trkpt lat="46.480859" lon="11.777694"><ele>1538.189</ele><time>2021-09-02T08:48:38Z</time></trkpt><trkpt lat="46.480915" lon="11.777709"><ele>1538.654</ele><time>2021-09-02T08:48:41Z</time></trkpt><trkpt lat="46.480974" lon="11.777719"><ele>1539.388</ele><time>2021-09-02T08:48:45Z</time></trkpt><trkpt lat="46.481027" lon="11.777736"><ele>1540.424</ele><time>2021-09-02T08:48:50Z</time></trkpt><trkpt lat="46.481077" lon="11.777742"><ele>1541.526</ele><time>2021-09-02T08:48:55Z</time></trkpt><trkpt lat="46.481130" lon="11.777707"><ele>1542.908</ele><time>2021-09-02T08:49:02Z</time></trkpt><trkpt lat="46.481177" lon="11.777695"><ele>1543.946</ele><time>2021-09-02T08:49:07Z</time></trkpt><trkpt lat="46.481222" lon="11.777726"><ele>1545.060</ele><time>2021-09-02T08:49:12Z</time></trkpt><trkpt lat="46.481267" lon="11.777747"><ele>1545.625</ele><time>2021-09-02T08:49:16Z</time></trkpt><trkpt lat="46.481308" lon="11.777783"><ele>1546.046</ele><time>2021-09-02T08:49:20Z</time></trkpt><trkpt lat="46.481353" lon="11.777826"><ele>1546.510</ele><time>2021-09-02T08:49:24Z</time></trkpt><trkpt lat="46.481400" lon="11.777860"><ele>1546.984</ele><time>2021-09-02T08:49:27Z</time></trkpt><trkpt lat="46.481444" lon="11.777889"><ele>1547.375</ele><time>2021-09-02T08:49:30Z</time></trkpt><trkpt lat="46.481493" lon="11.777867"><ele>1547.980</ele><time>2021-09-02T08:49:33Z</time></trkpt><trkpt lat="46.481540" lon="11.777855"><ele>1548.231</ele><time>2021-09-02T08:49:35Z</time></trkpt><trkpt lat="46.481581" lon="11.777888"><ele>1549.361</ele><time>2021-09-02T08:49:40Z</time></trkpt><trkpt lat="46.481626" lon="11.777934"><ele>1550.107</ele><time>2021-09-02T08:49:44Z</time></trkpt><trkpt lat="46.481668" lon="11.777967"><ele>1550.808</ele><time>2021-09-02T08:49:47Z</time></trkpt><trkpt lat="46.481701" lon="11.778031"><ele>1552.091</ele><time>2021-09-02T08:49:52Z</time></trkpt><trkpt lat="46.481753" lon="11.778040"><ele>1553.085</ele><time>2021-09-02T08:49:57Z</time></trkpt><trkpt lat="46.481803" lon="11.778045"><ele>1553.330</ele><time>2021-09-02T08:50:00Z</time></trkpt><trkpt lat="46.481843" lon="11.778079"><ele>1553.691</ele><time>2021-09-02T08:50:03Z</time></trkpt><trkpt lat="46.481896" lon="11.778093"><ele>1553.865</ele><time>2021-09-02T08:50:06Z</time></trkpt><trkpt lat="46.481946" lon="11.778133"><ele>1553.959</ele><time>2021-09-02T08:50:10Z</time></trkpt><trkpt lat="46.481951" lon="11.778200"><ele>1554.190</ele><time>2021-09-02T08:50:14Z</time></trkpt><trkpt lat="46.481998" lon="11.778182"><ele>1553.435</ele><time>2021-09-02T08:50:32Z</time></trkpt><trkpt lat="46.482048" lon="11.778186"><ele>1554.532</ele><time>2021-09-02T08:50:38Z</time></trkpt><trkpt lat="46.482084" lon="11.778252"><ele>1555.292</ele><time>2021-09-02T08:50:42Z</time></trkpt><trkpt lat="46.482127" lon="11.778283"><ele>1556.111</ele><time>2021-09-02T08:50:47Z</time></trkpt><trkpt lat="46.482135" lon="11.778353"><ele>1556.908</ele><time>2021-09-02T08:50:51Z</time></trkpt><trkpt lat="46.482192" lon="11.778346"><ele>1557.111</ele><time>2021-09-02T08:50:54Z</time></trkpt><trkpt lat="46.482238" lon="11.778393"><ele>1557.795</ele><time>2021-09-02T08:50:59Z</time></trkpt><trkpt lat="46.482269" lon="11.778454"><ele>1558.350</ele><time>2021-09-02T08:51:02Z</time></trkpt><trkpt lat="46.482319" lon="11.778489"><ele>1558.871</ele><time>2021-09-02T08:51:06Z</time></trkpt><trkpt lat="46.482363" lon="11.778536"><ele>1559.345</ele><time>2021-09-02T08:51:09Z</time></trkpt><trkpt lat="46.482403" lon="11.778572"><ele>1559.969</ele><time>2021-09-02T08:51:12Z</time></trkpt><trkpt lat="46.482452" lon="11.778620"><ele>1560.410</ele><time>2021-09-02T08:51:15Z</time></trkpt><trkpt lat="46.482511" lon="11.778665"><ele>1561.025</ele><time>2021-09-02T08:51:18Z</time></trkpt><trkpt lat="46.482556" lon="11.778696"><ele>1561.641</ele><time>2021-09-02T08:51:21Z</time></trkpt><trkpt lat="46.482606" lon="11.778734"><ele>1562.281</ele><time>2021-09-02T08:51:24Z</time></trkpt><trkpt lat="46.482668" lon="11.778752"><ele>1562.709</ele><time>2021-09-02T08:51:27Z</time></trkpt><trkpt lat="46.482714" lon="11.778803"><ele>1563.208</ele><time>2021-09-02T08:51:30Z</time></trkpt><trkpt lat="46.482772" lon="11.778818"><ele>1563.932</ele><time>2021-09-02T08:51:34Z</time></trkpt><trkpt lat="46.482824" lon="11.778850"><ele>1564.466</ele><time>2021-09-02T08:51:37Z</time></trkpt><trkpt lat="46.482867" lon="11.778903"><ele>1565.131</ele><time>2021-09-02T08:51:41Z</time></trkpt><trkpt lat="46.482915" lon="11.778922"><ele>1565.862</ele><time>2021-09-02T08:51:46Z</time></trkpt><trkpt lat="46.482963" lon="11.778944"><ele>1566.476</ele><time>2021-09-02T08:51:50Z</time></trkpt><trkpt lat="46.483019" lon="11.778965"><ele>1567.050</ele><time>2021-09-02T08:51:55Z</time></trkpt><trkpt lat="46.483078" lon="11.778956"><ele>1567.691</ele><time>2021-09-02T08:52:00Z</time></trkpt><trkpt lat="46.483127" lon="11.778959"><ele>1568.286</ele><time>2021-09-02T08:52:04Z</time></trkpt><trkpt lat="46.483185" lon="11.778971"><ele>1569.328</ele><time>2021-09-02T08:52:10Z</time></trkpt><trkpt lat="46.483233" lon="11.778961"><ele>1570.789</ele><time>2021-09-02T08:52:16Z</time></trkpt><trkpt lat="46.483279" lon="11.778960"><ele>1571.717</ele><time>2021-09-02T08:52:20Z</time></trkpt><trkpt lat="46.483333" lon="11.778981"><ele>1572.608</ele><time>2021-09-02T08:52:24Z</time></trkpt><trkpt lat="46.483377" lon="11.778951"><ele>1573.760</ele><time>2021-09-02T08:52:29Z</time></trkpt><trkpt lat="46.483444" lon="11.778926"><ele>1575.044</ele><time>2021-09-02T08:52:35Z</time></trkpt><trkpt lat="46.483477" lon="11.778981"><ele>1576.589</ele><time>2021-09-02T08:52:41Z</time></trkpt><trkpt lat="46.483525" lon="11.778981"><ele>1577.350</ele><time>2021-09-02T08:52:45Z</time></trkpt><trkpt lat="46.483584" lon="11.778991"><ele>1578.324</ele><time>2021-09-02T08:52:50Z</time></trkpt><trkpt lat="46.483636" lon="11.778989"><ele>1578.878</ele><time>2021-09-02T08:52:54Z</time></trkpt><trkpt lat="46.483686" lon="11.779009"><ele>1579.179</ele><time>2021-09-02T08:52:58Z</time></trkpt><trkpt lat="46.483733" lon="11.779006"><ele>1579.334</ele><time>2021-09-02T08:53:01Z</time></trkpt><trkpt lat="46.483782" lon="11.779002"><ele>1579.337</ele><time>2021-09-02T08:53:04Z</time></trkpt><trkpt lat="46.483831" lon="11.779005"><ele>1579.449</ele><time>2021-09-02T08:53:06Z</time></trkpt><trkpt lat="46.483904" lon="11.779026"><ele>1579.713</ele><time>2021-09-02T08:53:10Z</time></trkpt><trkpt lat="46.483961" lon="11.779035"><ele>1580.108</ele><time>2021-09-02T08:53:13Z</time></trkpt><trkpt lat="46.484014" lon="11.779038"><ele>1580.371</ele><time>2021-09-02T08:53:15Z</time></trkpt><trkpt lat="46.484070" lon="11.779021"><ele>1580.695</ele><time>2021-09-02T08:53:18Z</time></trkpt><trkpt lat="46.484135" lon="11.778990"><ele>1581.140</ele><time>2021-09-02T08:53:21Z</time></trkpt><trkpt lat="46.484193" lon="11.778984"><ele>1581.611</ele><time>2021-09-02T08:53:24Z</time></trkpt><trkpt lat="46.484251" lon="11.778945"><ele>1582.115</ele><time>2021-09-02T08:53:27Z</time></trkpt><trkpt lat="46.484295" lon="11.778901"><ele>1582.859</ele><time>2021-09-02T08:53:30Z</time></trkpt><trkpt lat="46.484333" lon="11.778853"><ele>1583.440</ele><time>2021-09-02T08:53:33Z</time></trkpt><trkpt lat="46.484372" lon="11.778808"><ele>1583.855</ele><time>2021-09-02T08:53:36Z</time></trkpt><trkpt lat="46.484424" lon="11.778787"><ele>1585.166</ele><time>2021-09-02T08:53:42Z</time></trkpt><trkpt lat="46.484473" lon="11.778827"><ele>1587.029</ele><time>2021-09-02T08:53:50Z</time></trkpt><trkpt lat="46.484518" lon="11.778844"><ele>1588.221</ele><time>2021-09-02T08:53:55Z</time></trkpt><trkpt lat="46.484563" lon="11.778876"><ele>1589.508</ele><time>2021-09-02T08:54:00Z</time></trkpt><trkpt lat="46.484619" lon="11.778861"><ele>1591.684</ele><time>2021-09-02T08:54:07Z</time></trkpt><trkpt lat="46.484670" lon="11.778822"><ele>1592.948</ele><time>2021-09-02T08:54:12Z</time></trkpt><trkpt lat="46.484722" lon="11.778811"><ele>1593.783</ele><time>2021-09-02T08:54:16Z</time></trkpt><trkpt lat="46.484775" lon="11.778779"><ele>1594.824</ele><time>2021-09-02T08:54:23Z</time></trkpt><trkpt lat="46.484821" lon="11.778771"><ele>1595.578</ele><time>2021-09-02T08:54:27Z</time></trkpt><trkpt lat="46.484869" lon="11.778736"><ele>1596.142</ele><time>2021-09-02T08:54:30Z</time></trkpt><trkpt lat="46.484926" lon="11.778724"><ele>1596.983</ele><time>2021-09-02T08:54:34Z</time></trkpt><trkpt lat="46.484978" lon="11.778719"><ele>1598.078</ele><time>2021-09-02T08:54:39Z</time></trkpt><trkpt lat="46.485024" lon="11.778681"><ele>1599.695</ele><time>2021-09-02T08:54:46Z</time></trkpt><trkpt lat="46.485073" lon="11.778650"><ele>1601.049</ele><time>2021-09-02T08:55:03Z</time></trkpt><trkpt lat="46.485120" lon="11.778691"><ele>1601.623</ele><time>2021-09-02T08:55:07Z</time></trkpt><trkpt lat="46.485160" lon="11.778729"><ele>1602.008</ele><time>2021-09-02T08:55:11Z</time></trkpt><trkpt lat="46.485229" lon="11.778749"><ele>1602.377</ele><time>2021-09-02T08:55:14Z</time></trkpt><trkpt lat="46.485273" lon="11.778793"><ele>1602.671</ele><time>2021-09-02T08:55:17Z</time></trkpt><trkpt lat="46.485346" lon="11.778810"><ele>1602.776</ele><time>2021-09-02T08:55:20Z</time></trkpt><trkpt lat="46.485410" lon="11.778836"><ele>1602.817</ele><time>2021-09-02T08:55:23Z</time></trkpt><trkpt lat="46.485455" lon="11.778847"><ele>1602.881</ele><time>2021-09-02T08:55:25Z</time></trkpt><trkpt lat="46.485503" lon="11.778845"><ele>1602.855</ele><time>2021-09-02T08:55:27Z</time></trkpt><trkpt lat="46.485548" lon="11.778874"><ele>1602.916</ele><time>2021-09-02T08:55:29Z</time></trkpt><trkpt lat="46.485589" lon="11.778904"><ele>1602.991</ele><time>2021-09-02T08:55:31Z</time></trkpt><trkpt lat="46.485635" lon="11.778962"><ele>1603.157</ele><time>2021-09-02T08:55:34Z</time></trkpt><trkpt lat="46.485680" lon="11.778983"><ele>1603.300</ele><time>2021-09-02T08:55:36Z</time></trkpt><trkpt lat="46.485717" lon="11.779029"><ele>1603.920</ele><time>2021-09-02T08:55:39Z</time></trkpt><trkpt lat="46.485748" lon="11.779090"><ele>1604.608</ele><time>2021-09-02T08:55:42Z</time></trkpt><trkpt lat="46.485769" lon="11.779167"><ele>1605.553</ele><time>2021-09-02T08:55:45Z</time></trkpt><trkpt lat="46.485791" lon="11.779234"><ele>1606.217</ele><time>2021-09-02T08:55:48Z</time></trkpt><trkpt lat="46.485818" lon="11.779305"><ele>1606.772</ele><time>2021-09-02T08:55:51Z</time></trkpt><trkpt lat="46.485856" lon="11.779365"><ele>1607.553</ele><time>2021-09-02T08:55:54Z</time></trkpt><trkpt lat="46.485886" lon="11.779436"><ele>1608.597</ele><time>2021-09-02T08:55:57Z</time></trkpt><trkpt lat="46.485912" lon="11.779514"><ele>1609.271</ele><time>2021-09-02T08:56:00Z</time></trkpt><trkpt lat="46.485954" lon="11.779570"><ele>1609.892</ele><time>2021-09-02T08:56:03Z</time></trkpt><trkpt lat="46.485995" lon="11.779642"><ele>1610.247</ele><time>2021-09-02T08:56:06Z</time></trkpt><trkpt lat="46.486025" lon="11.779708"><ele>1610.662</ele><time>2021-09-02T08:56:09Z</time></trkpt><trkpt lat="46.486059" lon="11.779770"><ele>1611.083</ele><time>2021-09-02T08:56:13Z</time></trkpt><trkpt lat="46.486097" lon="11.779825"><ele>1611.411</ele><time>2021-09-02T08:56:16Z</time></trkpt><trkpt lat="46.486140" lon="11.779873"><ele>1611.608</ele><time>2021-09-02T08:56:19Z</time></trkpt><trkpt lat="46.486175" lon="11.779938"><ele>1611.744</ele><time>2021-09-02T08:56:22Z</time></trkpt><trkpt lat="46.486221" lon="11.780003"><ele>1611.878</ele><time>2021-09-02T08:56:25Z</time></trkpt><trkpt lat="46.486254" lon="11.780081"><ele>1611.993</ele><time>2021-09-02T08:56:28Z</time></trkpt><trkpt lat="46.486276" lon="11.780140"><ele>1612.024</ele><time>2021-09-02T08:56:30Z</time></trkpt><trkpt lat="46.486300" lon="11.780201"><ele>1612.378</ele><time>2021-09-02T08:56:32Z</time></trkpt><trkpt lat="46.486351" lon="11.780237"><ele>1612.732</ele><time>2021-09-02T08:56:35Z</time></trkpt><trkpt lat="46.486397" lon="11.780300"><ele>1613.013</ele><time>2021-09-02T08:56:38Z</time></trkpt><trkpt lat="46.486444" lon="11.780328"><ele>1613.428</ele><time>2021-09-02T08:56:41Z</time></trkpt><trkpt lat="46.486491" lon="11.780376"><ele>1614.061</ele><time>2021-09-02T08:56:45Z</time></trkpt><trkpt lat="46.486530" lon="11.780424"><ele>1614.721</ele><time>2021-09-02T08:56:50Z</time></trkpt><trkpt lat="46.486561" lon="11.780477"><ele>1615.013</ele><time>2021-09-02T08:56:53Z</time></trkpt><trkpt lat="46.486581" lon="11.780552"><ele>1615.508</ele><time>2021-09-02T08:56:56Z</time></trkpt><trkpt lat="46.486624" lon="11.780600"><ele>1615.974</ele><time>2021-09-02T08:56:59Z</time></trkpt><trkpt lat="46.486662" lon="11.780650"><ele>1616.268</ele><time>2021-09-02T08:57:02Z</time></trkpt><trkpt lat="46.486702" lon="11.780693"><ele>1616.773</ele><time>2021-09-02T08:57:05Z</time></trkpt><trkpt lat="46.486751" lon="11.780724"><ele>1617.494</ele><time>2021-09-02T08:57:09Z</time></trkpt><trkpt lat="46.486794" lon="11.780765"><ele>1618.378</ele><time>2021-09-02T08:57:13Z</time></trkpt><trkpt lat="46.486840" lon="11.780811"><ele>1619.562</ele><time>2021-09-02T08:57:18Z</time></trkpt><trkpt lat="46.486860" lon="11.780870"><ele>1620.413</ele><time>2021-09-02T08:57:22Z</time></trkpt><trkpt lat="46.486891" lon="11.780925"><ele>1621.088</ele><time>2021-09-02T08:57:26Z</time></trkpt><trkpt lat="46.486932" lon="11.780967"><ele>1621.654</ele><time>2021-09-02T08:57:30Z</time></trkpt><trkpt lat="46.486971" lon="11.781015"><ele>1622.556</ele><time>2021-09-02T08:57:35Z</time></trkpt><trkpt lat="46.487017" lon="11.781052"><ele>1623.411</ele><time>2021-09-02T08:57:39Z</time></trkpt><trkpt lat="46.487061" lon="11.781084"><ele>1624.208</ele><time>2021-09-02T08:57:43Z</time></trkpt><trkpt lat="46.487103" lon="11.781117"><ele>1625.253</ele><time>2021-09-02T08:57:47Z</time></trkpt><trkpt lat="46.487147" lon="11.781167"><ele>1626.047</ele><time>2021-09-02T08:57:51Z</time></trkpt><trkpt lat="46.487176" lon="11.781222"><ele>1626.922</ele><time>2021-09-02T08:57:55Z</time></trkpt><trkpt lat="46.487213" lon="11.781267"><ele>1627.863</ele><time>2021-09-02T08:57:59Z</time></trkpt><trkpt lat="46.487244" lon="11.781326"><ele>1628.517</ele><time>2021-09-02T08:58:03Z</time></trkpt><trkpt lat="46.487279" lon="11.781383"><ele>1629.231</ele><time>2021-09-02T08:58:07Z</time></trkpt><trkpt lat="46.487312" lon="11.781451"><ele>1629.822</ele><time>2021-09-02T08:58:11Z</time></trkpt><trkpt lat="46.487329" lon="11.781522"><ele>1630.287</ele><time>2021-09-02T08:58:15Z</time></trkpt><trkpt lat="46.487332" lon="11.781598"><ele>1630.656</ele><time>2021-09-02T08:58:19Z</time></trkpt><trkpt lat="46.487346" lon="11.781668"><ele>1631.059</ele><time>2021-09-02T08:58:24Z</time></trkpt><trkpt lat="46.487339" lon="11.781743"><ele>1631.214</ele><time>2021-09-02T08:58:28Z</time></trkpt><trkpt lat="46.487307" lon="11.781805"><ele>1631.608</ele><time>2021-09-02T08:58:32Z</time></trkpt><trkpt lat="46.487272" lon="11.781847"><ele>1632.353</ele><time>2021-09-02T08:58:36Z</time></trkpt><trkpt lat="46.487231" lon="11.781889"><ele>1633.397</ele><time>2021-09-02T08:58:41Z</time></trkpt><trkpt lat="46.487180" lon="11.781889"><ele>1634.582</ele><time>2021-09-02T08:58:47Z</time></trkpt><trkpt lat="46.487126" lon="11.781899"><ele>1635.283</ele><time>2021-09-02T08:58:50Z</time></trkpt><trkpt lat="46.487084" lon="11.781928"><ele>1636.757</ele><time>2021-09-02T08:58:57Z</time></trkpt><trkpt lat="46.487035" lon="11.781947"><ele>1638.191</ele><time>2021-09-02T08:59:03Z</time></trkpt><trkpt lat="46.486986" lon="11.781962"><ele>1639.312</ele><time>2021-09-02T08:59:08Z</time></trkpt><trkpt lat="46.486945" lon="11.782001"><ele>1640.227</ele><time>2021-09-02T08:59:12Z</time></trkpt><trkpt lat="46.486902" lon="11.782021"><ele>1641.452</ele><time>2021-09-02T08:59:17Z</time></trkpt><trkpt lat="46.486863" lon="11.782057"><ele>1642.553</ele><time>2021-09-02T08:59:22Z</time></trkpt><trkpt lat="46.486825" lon="11.782097"><ele>1643.608</ele><time>2021-09-02T08:59:27Z</time></trkpt><trkpt lat="46.486799" lon="11.782152"><ele>1644.608</ele><time>2021-09-02T08:59:31Z</time></trkpt><trkpt lat="46.486757" lon="11.782203"><ele>1646.013</ele><time>2021-09-02T08:59:36Z</time></trkpt><trkpt lat="46.486703" lon="11.782235"><ele>1647.097</ele><time>2021-09-02T08:59:41Z</time></trkpt><trkpt lat="46.486669" lon="11.782280"><ele>1647.992</ele><time>2021-09-02T08:59:46Z</time></trkpt><trkpt lat="46.486648" lon="11.782362"><ele>1649.043</ele><time>2021-09-02T08:59:51Z</time></trkpt><trkpt lat="46.486621" lon="11.782432"><ele>1649.957</ele><time>2021-09-02T08:59:55Z</time></trkpt><trkpt lat="46.486586" lon="11.782475"><ele>1650.531</ele><time>2021-09-02T08:59:59Z</time></trkpt><trkpt lat="46.486534" lon="11.782516"><ele>1650.922</ele><time>2021-09-02T09:00:03Z</time></trkpt><trkpt lat="46.486495" lon="11.782557"><ele>1651.577</ele><time>2021-09-02T09:00:07Z</time></trkpt><trkpt lat="46.486436" lon="11.782579"><ele>1652.379</ele><time>2021-09-02T09:00:12Z</time></trkpt><trkpt lat="46.486384" lon="11.782568"><ele>1652.905</ele><time>2021-09-02T09:00:16Z</time></trkpt><trkpt lat="46.486343" lon="11.782517"><ele>1653.425</ele><time>2021-09-02T09:00:20Z</time></trkpt><trkpt lat="46.486315" lon="11.782456"><ele>1653.008</ele><time>2021-09-02T09:00:24Z</time></trkpt><trkpt lat="46.486275" lon="11.782411"><ele>1653.455</ele><time>2021-09-02T09:00:28Z</time></trkpt><trkpt lat="46.486229" lon="11.782365"><ele>1654.039</ele><time>2021-09-02T09:00:32Z</time></trkpt><trkpt lat="46.486180" lon="11.782335"><ele>1655.564</ele><time>2021-09-02T09:00:38Z</time></trkpt><trkpt lat="46.486133" lon="11.782317"><ele>1656.615</ele><time>2021-09-02T09:00:43Z</time></trkpt><trkpt lat="46.486116" lon="11.782397"><ele>1657.239</ele><time>2021-09-02T09:00:47Z</time></trkpt><trkpt lat="46.486113" lon="11.782476"><ele>1658.023</ele><time>2021-09-02T09:00:52Z</time></trkpt><trkpt lat="46.486094" lon="11.782558"><ele>1659.034</ele><time>2021-09-02T09:00:57Z</time></trkpt><trkpt lat="46.486080" lon="11.782625"><ele>1659.939</ele><time>2021-09-02T09:01:01Z</time></trkpt><trkpt lat="46.486072" lon="11.782690"><ele>1661.132</ele><time>2021-09-02T09:01:05Z</time></trkpt><trkpt lat="46.486076" lon="11.782763"><ele>1662.192</ele><time>2021-09-02T09:01:09Z</time></trkpt><trkpt lat="46.486084" lon="11.782832"><ele>1663.211</ele><time>2021-09-02T09:01:14Z</time></trkpt><trkpt lat="46.486075" lon="11.782907"><ele>1664.408</ele><time>2021-09-02T09:01:19Z</time></trkpt><trkpt lat="46.486077" lon="11.782984"><ele>1665.941</ele><time>2021-09-02T09:01:25Z</time></trkpt><trkpt lat="46.486097" lon="11.783047"><ele>1667.535</ele><time>2021-09-02T09:01:31Z</time></trkpt><trkpt lat="46.486105" lon="11.783124"><ele>1669.280</ele><time>2021-09-02T09:01:38Z</time></trkpt><trkpt lat="46.486120" lon="11.783209"><ele>1671.211</ele><time>2021-09-02T09:01:46Z</time></trkpt><trkpt lat="46.486133" lon="11.783271"><ele>1673.035</ele><time>2021-09-02T09:01:54Z</time></trkpt><trkpt lat="46.486144" lon="11.783337"><ele>1674.489</ele><time>2021-09-02T09:02:00Z</time></trkpt><trkpt lat="46.486099" lon="11.783354"><ele>1675.530</ele><time>2021-09-02T09:02:06Z</time></trkpt><trkpt lat="46.486046" lon="11.783350"><ele>1676.075</ele><time>2021-09-02T09:02:10Z</time></trkpt><trkpt lat="46.485993" lon="11.783340"><ele>1676.472</ele><time>2021-09-02T09:02:14Z</time></trkpt><trkpt lat="46.485946" lon="11.783324"><ele>1676.913</ele><time>2021-09-02T09:02:18Z</time></trkpt><trkpt lat="46.485895" lon="11.783335"><ele>1677.614</ele><time>2021-09-02T09:02:23Z</time></trkpt><trkpt lat="46.485842" lon="11.783350"><ele>1678.608</ele><time>2021-09-02T09:02:27Z</time></trkpt><trkpt lat="46.485794" lon="11.783332"><ele>1679.535</ele><time>2021-09-02T09:02:32Z</time></trkpt><trkpt lat="46.485747" lon="11.783322"><ele>1679.539</ele><time>2021-09-02T09:02:36Z</time></trkpt><trkpt lat="46.485674" lon="11.783340"><ele>1678.514</ele><time>2021-09-02T09:03:02Z</time></trkpt><trkpt lat="46.485626" lon="11.783370"><ele>1678.415</ele><time>2021-09-02T09:03:09Z</time></trkpt><trkpt lat="46.485577" lon="11.783352"><ele>1679.359</ele><time>2021-09-02T09:03:40Z</time></trkpt><trkpt lat="46.485523" lon="11.783373"><ele>1679.563</ele><time>2021-09-02T09:03:43Z</time></trkpt><trkpt lat="46.485471" lon="11.783368"><ele>1680.174</ele><time>2021-09-02T09:03:47Z</time></trkpt><trkpt lat="46.485423" lon="11.783333"><ele>1680.359</ele><time>2021-09-02T09:03:51Z</time></trkpt><trkpt lat="46.485379" lon="11.783372"><ele>1680.982</ele><time>2021-09-02T09:03:56Z</time></trkpt><trkpt lat="46.485327" lon="11.783379"><ele>1681.743</ele><time>2021-09-02T09:04:01Z</time></trkpt><trkpt lat="46.485285" lon="11.783350"><ele>1682.117</ele><time>2021-09-02T09:04:04Z</time></trkpt><trkpt lat="46.485227" lon="11.783351"><ele>1682.908</ele><time>2021-09-02T09:04:09Z</time></trkpt><trkpt lat="46.485180" lon="11.783359"><ele>1683.436</ele><time>2021-09-02T09:04:13Z</time></trkpt><trkpt lat="46.485129" lon="11.783396"><ele>1684.050</ele><time>2021-09-02T09:04:18Z</time></trkpt><trkpt lat="46.485080" lon="11.783407"><ele>1684.465</ele><time>2021-09-02T09:04:21Z</time></trkpt><trkpt lat="46.485028" lon="11.783418"><ele>1685.246</ele><time>2021-09-02T09:04:25Z</time></trkpt><trkpt lat="46.484968" lon="11.783409"><ele>1686.330</ele><time>2021-09-02T09:04:29Z</time></trkpt><trkpt lat="46.484913" lon="11.783401"><ele>1687.314</ele><time>2021-09-02T09:04:32Z</time></trkpt><trkpt lat="46.484863" lon="11.783381"><ele>1687.995</ele><time>2021-09-02T09:04:34Z</time></trkpt><trkpt lat="46.484813" lon="11.783352"><ele>1688.610</ele><time>2021-09-02T09:04:37Z</time></trkpt><trkpt lat="46.484758" lon="11.783324"><ele>1689.417</ele><time>2021-09-02T09:04:40Z</time></trkpt><trkpt lat="46.484703" lon="11.783337"><ele>1690.287</ele><time>2021-09-02T09:04:43Z</time></trkpt><trkpt lat="46.484660" lon="11.783316"><ele>1690.715</ele><time>2021-09-02T09:04:46Z</time></trkpt><trkpt lat="46.484610" lon="11.783299"><ele>1691.308</ele><time>2021-09-02T09:04:49Z</time></trkpt><trkpt lat="46.484565" lon="11.783293"><ele>1692.069</ele><time>2021-09-02T09:04:52Z</time></trkpt><trkpt lat="46.484519" lon="11.783287"><ele>1692.983</ele><time>2021-09-02T09:04:56Z</time></trkpt><trkpt lat="46.484468" lon="11.783251"><ele>1693.898</ele><time>2021-09-02T09:05:00Z</time></trkpt><trkpt lat="46.484412" lon="11.783232"><ele>1694.239</ele><time>2021-09-02T09:05:03Z</time></trkpt><trkpt lat="46.484364" lon="11.783233"><ele>1695.063</ele><time>2021-09-02T09:05:09Z</time></trkpt><trkpt lat="46.484300" lon="11.783249"><ele>1695.417</ele><time>2021-09-02T09:05:13Z</time></trkpt><trkpt lat="46.484240" lon="11.783240"><ele>1696.138</ele><time>2021-09-02T09:05:19Z</time></trkpt><trkpt lat="46.484179" lon="11.783220"><ele>1696.653</ele><time>2021-09-02T09:05:22Z</time></trkpt><trkpt lat="46.484132" lon="11.783202"><ele>1697.343</ele><time>2021-09-02T09:05:27Z</time></trkpt><trkpt lat="46.484087" lon="11.783204"><ele>1697.964</ele><time>2021-09-02T09:05:30Z</time></trkpt><trkpt lat="46.484047" lon="11.783173"><ele>1698.410</ele><time>2021-09-02T09:05:33Z</time></trkpt><trkpt lat="46.484001" lon="11.783150"><ele>1698.708</ele><time>2021-09-02T09:05:36Z</time></trkpt><trkpt lat="46.483951" lon="11.783158"><ele>1699.512</ele><time>2021-09-02T09:05:41Z</time></trkpt><trkpt lat="46.483902" lon="11.783160"><ele>1700.186</ele><time>2021-09-02T09:05:45Z</time></trkpt><trkpt lat="46.483851" lon="11.783150"><ele>1700.411</ele><time>2021-09-02T09:05:47Z</time></trkpt><trkpt lat="46.483805" lon="11.783130"><ele>1700.722</ele><time>2021-09-02T09:05:49Z</time></trkpt><trkpt lat="46.483752" lon="11.783126"><ele>1701.076</ele><time>2021-09-02T09:05:52Z</time></trkpt><trkpt lat="46.483706" lon="11.783105"><ele>1701.310</ele><time>2021-09-02T09:05:54Z</time></trkpt><trkpt lat="46.483642" lon="11.783103"><ele>1701.951</ele><time>2021-09-02T09:05:57Z</time></trkpt><trkpt lat="46.483596" lon="11.783124"><ele>1702.296</ele><time>2021-09-02T09:05:59Z</time></trkpt><trkpt lat="46.483543" lon="11.783110"><ele>1702.899</ele><time>2021-09-02T09:06:02Z</time></trkpt><trkpt lat="46.483496" lon="11.783102"><ele>1703.407</ele><time>2021-09-02T09:06:05Z</time></trkpt><trkpt lat="46.483444" lon="11.783077"><ele>1704.127</ele><time>2021-09-02T09:06:08Z</time></trkpt><trkpt lat="46.483386" lon="11.783069"><ele>1704.708</ele><time>2021-09-02T09:06:11Z</time></trkpt><trkpt lat="46.483340" lon="11.783086"><ele>1705.417</ele><time>2021-09-02T09:06:14Z</time></trkpt><trkpt lat="46.483278" lon="11.783069"><ele>1706.261</ele><time>2021-09-02T09:06:17Z</time></trkpt><trkpt lat="46.483225" lon="11.783035"><ele>1706.776</ele><time>2021-09-02T09:06:19Z</time></trkpt><trkpt lat="46.483175" lon="11.783024"><ele>1707.147</ele><time>2021-09-02T09:06:21Z</time></trkpt><trkpt lat="46.483110" lon="11.783022"><ele>1707.751</ele><time>2021-09-02T09:06:24Z</time></trkpt><trkpt lat="46.483054" lon="11.782996"><ele>1708.385</ele><time>2021-09-02T09:06:27Z</time></trkpt><trkpt lat="46.483000" lon="11.782990"><ele>1709.146</ele><time>2021-09-02T09:06:30Z</time></trkpt><trkpt lat="46.482944" lon="11.782967"><ele>1710.351</ele><time>2021-09-02T09:06:34Z</time></trkpt><trkpt lat="46.482899" lon="11.782954"><ele>1711.029</ele><time>2021-09-02T09:06:37Z</time></trkpt><trkpt lat="46.482860" lon="11.782915"><ele>1711.500</ele><time>2021-09-02T09:06:40Z</time></trkpt><trkpt lat="46.482812" lon="11.782918"><ele>1712.120</ele><time>2021-09-02T09:06:44Z</time></trkpt><trkpt lat="46.482766" lon="11.782962"><ele>1713.108</ele><time>2021-09-02T09:06:49Z</time></trkpt><trkpt lat="46.482722" lon="11.782989"><ele>1713.660</ele><time>2021-09-02T09:06:52Z</time></trkpt><trkpt lat="46.482694" lon="11.783042"><ele>1714.224</ele><time>2021-09-02T09:06:56Z</time></trkpt><trkpt lat="46.482653" lon="11.783069"><ele>1714.539</ele><time>2021-09-02T09:06:59Z</time></trkpt><trkpt lat="46.482606" lon="11.783091"><ele>1715.070</ele><time>2021-09-02T09:07:03Z</time></trkpt><trkpt lat="46.482575" lon="11.783142"><ele>1715.424</ele><time>2021-09-02T09:07:07Z</time></trkpt><trkpt lat="46.482540" lon="11.783212"><ele>1715.948</ele><time>2021-09-02T09:07:11Z</time></trkpt><trkpt lat="46.482505" lon="11.783289"><ele>1716.749</ele><time>2021-09-02T09:07:15Z</time></trkpt><trkpt lat="46.482464" lon="11.783328"><ele>1717.434</ele><time>2021-09-02T09:07:18Z</time></trkpt><trkpt lat="46.482423" lon="11.783367"><ele>1718.235</ele><time>2021-09-02T09:07:21Z</time></trkpt><trkpt lat="46.482367" lon="11.783384"><ele>1718.986</ele><time>2021-09-02T09:07:24Z</time></trkpt><trkpt lat="46.482318" lon="11.783413"><ele>1719.714</ele><time>2021-09-02T09:07:27Z</time></trkpt><trkpt lat="46.482265" lon="11.783433"><ele>1720.208</ele><time>2021-09-02T09:07:31Z</time></trkpt><trkpt lat="46.482218" lon="11.783391"><ele>1720.431</ele><time>2021-09-02T09:07:35Z</time></trkpt><trkpt lat="46.482173" lon="11.783413"><ele>1721.265</ele><time>2021-09-02T09:07:41Z</time></trkpt><trkpt lat="46.482117" lon="11.783379"><ele>1722.720</ele><time>2021-09-02T09:07:48Z</time></trkpt><trkpt lat="46.482073" lon="11.783363"><ele>1723.531</ele><time>2021-09-02T09:07:51Z</time></trkpt><trkpt lat="46.482024" lon="11.783354"><ele>1724.975</ele><time>2021-09-02T09:07:57Z</time></trkpt><trkpt lat="46.481977" lon="11.783367"><ele>1725.839</ele><time>2021-09-02T09:08:01Z</time></trkpt><trkpt lat="46.481922" lon="11.783344"><ele>1726.970</ele><time>2021-09-02T09:08:06Z</time></trkpt><trkpt lat="46.481876" lon="11.783298"><ele>1727.755</ele><time>2021-09-02T09:08:10Z</time></trkpt><trkpt lat="46.481814" lon="11.783265"><ele>1728.488</ele><time>2021-09-02T09:08:14Z</time></trkpt><trkpt lat="46.481761" lon="11.783232"><ele>1728.824</ele><time>2021-09-02T09:08:19Z</time></trkpt><trkpt lat="46.481698" lon="11.783211"><ele>1729.126</ele><time>2021-09-02T09:08:22Z</time></trkpt><trkpt lat="46.481652" lon="11.783220"><ele>1729.508</ele><time>2021-09-02T09:08:25Z</time></trkpt><trkpt lat="46.481584" lon="11.783204"><ele>1729.826</ele><time>2021-09-02T09:08:28Z</time></trkpt><trkpt lat="46.481540" lon="11.783195"><ele>1730.140</ele><time>2021-09-02T09:08:30Z</time></trkpt><trkpt lat="46.481481" lon="11.783202"><ele>1730.565</ele><time>2021-09-02T09:08:33Z</time></trkpt><trkpt lat="46.481425" lon="11.783228"><ele>1731.286</ele><time>2021-09-02T09:08:37Z</time></trkpt><trkpt lat="46.481370" lon="11.783257"><ele>1731.890</ele><time>2021-09-02T09:08:40Z</time></trkpt><trkpt lat="46.481343" lon="11.783319"><ele>1732.434</ele><time>2021-09-02T09:08:43Z</time></trkpt><trkpt lat="46.481300" lon="11.783364"><ele>1733.335</ele><time>2021-09-02T09:08:48Z</time></trkpt><trkpt lat="46.481260" lon="11.783437"><ele>1734.210</ele><time>2021-09-02T09:08:53Z</time></trkpt><trkpt lat="46.481242" lon="11.783497"><ele>1734.741</ele><time>2021-09-02T09:08:56Z</time></trkpt><trkpt lat="46.481186" lon="11.783524"><ele>1735.181</ele><time>2021-09-02T09:08:59Z</time></trkpt><trkpt lat="46.481132" lon="11.783502"><ele>1735.209</ele><time>2021-09-02T09:09:02Z</time></trkpt><trkpt lat="46.481076" lon="11.783495"><ele>1735.208</ele><time>2021-09-02T09:09:05Z</time></trkpt><trkpt lat="46.481024" lon="11.783446"><ele>1735.142</ele><time>2021-09-02T09:09:08Z</time></trkpt><trkpt lat="46.480979" lon="11.783377"><ele>1735.426</ele><time>2021-09-02T09:09:11Z</time></trkpt><trkpt lat="46.480957" lon="11.783309"><ele>1735.891</ele><time>2021-09-02T09:09:13Z</time></trkpt><trkpt lat="46.480923" lon="11.783262"><ele>1736.592</ele><time>2021-09-02T09:09:16Z</time></trkpt><trkpt lat="46.480887" lon="11.783217"><ele>1737.466</ele><time>2021-09-02T09:09:19Z</time></trkpt><trkpt lat="46.480844" lon="11.783165"><ele>1738.470</ele><time>2021-09-02T09:09:22Z</time></trkpt><trkpt lat="46.480801" lon="11.783186"><ele>1739.881</ele><time>2021-09-02T09:09:26Z</time></trkpt><trkpt lat="46.480768" lon="11.783246"><ele>1740.976</ele><time>2021-09-02T09:09:31Z</time></trkpt><trkpt lat="46.480724" lon="11.783297"><ele>1741.893</ele><time>2021-09-02T09:09:36Z</time></trkpt><trkpt lat="46.480670" lon="11.783283"><ele>1742.465</ele><time>2021-09-02T09:09:39Z</time></trkpt><trkpt lat="46.480626" lon="11.783315"><ele>1743.521</ele><time>2021-09-02T09:09:44Z</time></trkpt><trkpt lat="46.480573" lon="11.783338"><ele>1744.008</ele><time>2021-09-02T09:09:47Z</time></trkpt><trkpt lat="46.480534" lon="11.783372"><ele>1744.547</ele><time>2021-09-02T09:09:51Z</time></trkpt><trkpt lat="46.480490" lon="11.783387"><ele>1744.931</ele><time>2021-09-02T09:09:54Z</time></trkpt><trkpt lat="46.480439" lon="11.783408"><ele>1745.746</ele><time>2021-09-02T09:10:00Z</time></trkpt><trkpt lat="46.480400" lon="11.783444"><ele>1746.287</ele><time>2021-09-02T09:10:03Z</time></trkpt><trkpt lat="46.480362" lon="11.783490"><ele>1746.911</ele><time>2021-09-02T09:10:09Z</time></trkpt><trkpt lat="46.480295" lon="11.783522"><ele>1747.395</ele><time>2021-09-02T09:10:12Z</time></trkpt><trkpt lat="46.480261" lon="11.783571"><ele>1747.726</ele><time>2021-09-02T09:10:15Z</time></trkpt><trkpt lat="46.480197" lon="11.783600"><ele>1748.241</ele><time>2021-09-02T09:10:18Z</time></trkpt><trkpt lat="46.480147" lon="11.783594"><ele>1748.817</ele><time>2021-09-02T09:10:23Z</time></trkpt><trkpt lat="46.480098" lon="11.783590"><ele>1749.387</ele><time>2021-09-02T09:10:27Z</time></trkpt><trkpt lat="46.480051" lon="11.783600"><ele>1749.715</ele><time>2021-09-02T09:10:30Z</time></trkpt><trkpt lat="46.480001" lon="11.783623"><ele>1750.408</ele><time>2021-09-02T09:10:34Z</time></trkpt><trkpt lat="46.479952" lon="11.783601"><ele>1751.049</ele><time>2021-09-02T09:10:38Z</time></trkpt><trkpt lat="46.479907" lon="11.783576"><ele>1751.723</ele><time>2021-09-02T09:10:42Z</time></trkpt><trkpt lat="46.479853" lon="11.783578"><ele>1752.648</ele><time>2021-09-02T09:10:47Z</time></trkpt><trkpt lat="46.479804" lon="11.783605"><ele>1754.149</ele><time>2021-09-02T09:10:54Z</time></trkpt><trkpt lat="46.479753" lon="11.783618"><ele>1755.513</ele><time>2021-09-02T09:10:59Z</time></trkpt><trkpt lat="46.479733" lon="11.783687"><ele>1756.377</ele><time>2021-09-02T09:11:03Z</time></trkpt><trkpt lat="46.479711" lon="11.783746"><ele>1756.858</ele><time>2021-09-02T09:11:06Z</time></trkpt><trkpt lat="46.479726" lon="11.783810"><ele>1757.543</ele><time>2021-09-02T09:11:10Z</time></trkpt><trkpt lat="46.479720" lon="11.783884"><ele>1758.585</ele><time>2021-09-02T09:11:15Z</time></trkpt><trkpt lat="46.479731" lon="11.783958"><ele>1759.489</ele><time>2021-09-02T09:11:19Z</time></trkpt><trkpt lat="46.479759" lon="11.784021"><ele>1760.117</ele><time>2021-09-02T09:11:23Z</time></trkpt><trkpt lat="46.479804" lon="11.783979"><ele>1761.708</ele><time>2021-09-02T09:11:32Z</time></trkpt><trkpt lat="46.479836" lon="11.783928"><ele>1763.326</ele><time>2021-09-02T09:11:38Z</time></trkpt><trkpt lat="46.479865" lon="11.783981"><ele>1764.180</ele><time>2021-09-02T09:11:43Z</time></trkpt><trkpt lat="46.479873" lon="11.784080"><ele>1768.915</ele><time>2021-09-02T09:12:07Z</time></trkpt><trkpt lat="46.479874" lon="11.784156"><ele>1772.156</ele><time>2021-09-02T09:12:24Z</time></trkpt><trkpt lat="46.479914" lon="11.784185"><ele>1772.760</ele><time>2021-09-02T09:12:27Z</time></trkpt><trkpt lat="46.479957" lon="11.784205"><ele>1773.974</ele><time>2021-09-02T09:12:33Z</time></trkpt><trkpt lat="46.479916" lon="11.784235"><ele>1775.245</ele><time>2021-09-02T09:12:39Z</time></trkpt><trkpt lat="46.479964" lon="11.784237"><ele>1776.890</ele><time>2021-09-02T09:12:52Z</time></trkpt><trkpt lat="46.480018" lon="11.784251"><ele>1777.125</ele><time>2021-09-02T09:12:54Z</time></trkpt><trkpt lat="46.480049" lon="11.784307"><ele>1777.926</ele><time>2021-09-02T09:12:58Z</time></trkpt><trkpt lat="46.480065" lon="11.784376"><ele>1778.908</ele><time>2021-09-02T09:13:03Z</time></trkpt><trkpt lat="46.480110" lon="11.784341"><ele>1781.408</ele><time>2021-09-02T09:13:15Z</time></trkpt><trkpt lat="46.480150" lon="11.784376"><ele>1782.680</ele><time>2021-09-02T09:13:21Z</time></trkpt><trkpt lat="46.480198" lon="11.784400"><ele>1783.754</ele><time>2021-09-02T09:13:27Z</time></trkpt><trkpt lat="46.480243" lon="11.784425"><ele>1785.739</ele><time>2021-09-02T09:13:36Z</time></trkpt><trkpt lat="46.480266" lon="11.784489"><ele>1787.020</ele><time>2021-09-02T09:13:41Z</time></trkpt><trkpt lat="46.480315" lon="11.784508"><ele>1788.114</ele><time>2021-09-02T09:13:45Z</time></trkpt><trkpt lat="46.480298" lon="11.784570"><ele>1791.258</ele><time>2021-09-02T09:14:03Z</time></trkpt><trkpt lat="46.480294" lon="11.784641"><ele>1792.529</ele><time>2021-09-02T09:14:09Z</time></trkpt><trkpt lat="46.480340" lon="11.784682"><ele>1794.374</ele><time>2021-09-02T09:14:17Z</time></trkpt><trkpt lat="46.480292" lon="11.784673"><ele>1797.395</ele><time>2021-09-02T09:14:32Z</time></trkpt><trkpt lat="46.480300" lon="11.784739"><ele>1799.049</ele><time>2021-09-02T09:14:40Z</time></trkpt><trkpt lat="46.480346" lon="11.784701"><ele>1800.823</ele><time>2021-09-02T09:14:56Z</time></trkpt><trkpt lat="46.480392" lon="11.784715"><ele>1801.808</ele><time>2021-09-02T09:15:03Z</time></trkpt><trkpt lat="46.480367" lon="11.784806"><ele>1805.787</ele><time>2021-09-02T09:15:20Z</time></trkpt><trkpt lat="46.480349" lon="11.784898"><ele>1807.151</ele><time>2021-09-02T09:15:27Z</time></trkpt><trkpt lat="46.480294" lon="11.784916"><ele>1810.046</ele><time>2021-09-02T09:15:41Z</time></trkpt><trkpt lat="46.480282" lon="11.784982"><ele>1811.197</ele><time>2021-09-02T09:15:47Z</time></trkpt><trkpt lat="46.480297" lon="11.785055"><ele>1812.741</ele><time>2021-09-02T09:15:54Z</time></trkpt><trkpt lat="46.480364" lon="11.785075"><ele>1814.355</ele><time>2021-09-02T09:16:02Z</time></trkpt><trkpt lat="46.480317" lon="11.785088"><ele>1815.976</ele><time>2021-09-02T09:16:10Z</time></trkpt><trkpt lat="46.480284" lon="11.785139"><ele>1816.731</ele><time>2021-09-02T09:16:14Z</time></trkpt><trkpt lat="46.480308" lon="11.785197"><ele>1818.325</ele><time>2021-09-02T09:16:22Z</time></trkpt><trkpt lat="46.480360" lon="11.785221"><ele>1819.426</ele><time>2021-09-02T09:16:26Z</time></trkpt><trkpt lat="46.480403" lon="11.785254"><ele>1820.808</ele><time>2021-09-02T09:16:32Z</time></trkpt><trkpt lat="46.480415" lon="11.785327"><ele>1821.908</ele><time>2021-09-02T09:16:37Z</time></trkpt><trkpt lat="46.480401" lon="11.785393"><ele>1823.550</ele><time>2021-09-02T09:16:44Z</time></trkpt><trkpt lat="46.480384" lon="11.785461"><ele>1824.884</ele><time>2021-09-02T09:16:50Z</time></trkpt><trkpt lat="46.480403" lon="11.785549"><ele>1825.729</ele><time>2021-09-02T09:16:55Z</time></trkpt><trkpt lat="46.480405" lon="11.785620"><ele>1827.370</ele><time>2021-09-02T09:17:03Z</time></trkpt><trkpt lat="46.480382" lon="11.785685"><ele>1829.234</ele><time>2021-09-02T09:17:12Z</time></trkpt><trkpt lat="46.480354" lon="11.785798"><ele>1830.548</ele><time>2021-09-02T09:17:28Z</time></trkpt><trkpt lat="46.480366" lon="11.785891"><ele>1836.099</ele><time>2021-09-02T09:17:56Z</time></trkpt><trkpt lat="46.480426" lon="11.785900"><ele>1836.314</ele><time>2021-09-02T09:18:01Z</time></trkpt><trkpt lat="46.480429" lon="11.785972"><ele>1837.714</ele><time>2021-09-02T09:18:08Z</time></trkpt><trkpt lat="46.480475" lon="11.785982"><ele>1839.454</ele><time>2021-09-02T09:18:17Z</time></trkpt><trkpt lat="46.480522" lon="11.786036"><ele>1841.209</ele><time>2021-09-02T09:18:27Z</time></trkpt><trkpt lat="46.480491" lon="11.786098"><ele>1842.908</ele><time>2021-09-02T09:18:35Z</time></trkpt><trkpt lat="46.480530" lon="11.786155"><ele>1843.919</ele><time>2021-09-02T09:18:41Z</time></trkpt><trkpt lat="46.480590" lon="11.786176"><ele>1844.993</ele><time>2021-09-02T09:18:45Z</time></trkpt><trkpt lat="46.480635" lon="11.786148"><ele>1845.688</ele><time>2021-09-02T09:18:49Z</time></trkpt><trkpt lat="46.480676" lon="11.786100"><ele>1847.559</ele><time>2021-09-02T09:18:59Z</time></trkpt><trkpt lat="46.480719" lon="11.786151"><ele>1851.863</ele><time>2021-09-02T09:19:22Z</time></trkpt><trkpt lat="46.480779" lon="11.786134"><ele>1853.837</ele><time>2021-09-02T09:19:32Z</time></trkpt><trkpt lat="46.480801" lon="11.786204"><ele>1855.448</ele><time>2021-09-02T09:19:39Z</time></trkpt><trkpt lat="46.480765" lon="11.786248"><ele>1856.673</ele><time>2021-09-02T09:19:44Z</time></trkpt><trkpt lat="46.480776" lon="11.786313"><ele>1858.069</ele><time>2021-09-02T09:19:51Z</time></trkpt><trkpt lat="46.480821" lon="11.786330"><ele>1858.604</ele><time>2021-09-02T09:19:54Z</time></trkpt><trkpt lat="46.480872" lon="11.786363"><ele>1859.924</ele><time>2021-09-02T09:20:01Z</time></trkpt><trkpt lat="46.480838" lon="11.786432"><ele>1860.808</ele><time>2021-09-02T09:20:05Z</time></trkpt><trkpt lat="46.480853" lon="11.786494"><ele>1861.984</ele><time>2021-09-02T09:20:09Z</time></trkpt><trkpt lat="46.480803" lon="11.786494"><ele>1863.338</ele><time>2021-09-02T09:20:16Z</time></trkpt><trkpt lat="46.480790" lon="11.786572"><ele>1864.643</ele><time>2021-09-02T09:20:22Z</time></trkpt><trkpt lat="46.480832" lon="11.786603"><ele>1868.054</ele><time>2021-09-02T09:20:39Z</time></trkpt><trkpt lat="46.480866" lon="11.786653"><ele>1870.648</ele><time>2021-09-02T09:20:51Z</time></trkpt><trkpt lat="46.480916" lon="11.786618"><ele>1872.652</ele><time>2021-09-02T09:21:01Z</time></trkpt><trkpt lat="46.480955" lon="11.786661"><ele>1874.263</ele><time>2021-09-02T09:21:10Z</time></trkpt><trkpt lat="46.480980" lon="11.786719"><ele>1877.048</ele><time>2021-09-02T09:21:24Z</time></trkpt><trkpt lat="46.481032" lon="11.786701"><ele>1877.916</ele><time>2021-09-02T09:21:28Z</time></trkpt><trkpt lat="46.481062" lon="11.786767"><ele>1878.676</ele><time>2021-09-02T09:21:38Z</time></trkpt><trkpt lat="46.481102" lon="11.786807"><ele>1879.413</ele><time>2021-09-02T09:21:42Z</time></trkpt><trkpt lat="46.481118" lon="11.786873"><ele>1880.008</ele><time>2021-09-02T09:21:45Z</time></trkpt><trkpt lat="46.481136" lon="11.786937"><ele>1885.569</ele><time>2021-09-02T09:22:13Z</time></trkpt><trkpt lat="46.481186" lon="11.787003"><ele>1886.913</ele><time>2021-09-02T09:22:19Z</time></trkpt><trkpt lat="46.481239" lon="11.787031"><ele>1889.098</ele><time>2021-09-02T09:22:27Z</time></trkpt><trkpt lat="46.481271" lon="11.787081"><ele>1891.329</ele><time>2021-09-02T09:22:37Z</time></trkpt><trkpt lat="46.481217" lon="11.787085"><ele>1892.413</ele><time>2021-09-02T09:22:42Z</time></trkpt><trkpt lat="46.481173" lon="11.787126"><ele>1894.577</ele><time>2021-09-02T09:22:53Z</time></trkpt><trkpt lat="46.481163" lon="11.787204"><ele>1896.218</ele><time>2021-09-02T09:23:02Z</time></trkpt><trkpt lat="46.481094" lon="11.787295"><ele>1898.593</ele><time>2021-09-02T09:23:12Z</time></trkpt><trkpt lat="46.481091" lon="11.787373"><ele>1899.393</ele><time>2021-09-02T09:23:17Z</time></trkpt><trkpt lat="46.481125" lon="11.787424"><ele>1899.865</ele><time>2021-09-02T09:23:20Z</time></trkpt><trkpt lat="46.481152" lon="11.787495"><ele>1901.021</ele><time>2021-09-02T09:23:28Z</time></trkpt><trkpt lat="46.481157" lon="11.787565"><ele>1902.208</ele><time>2021-09-02T09:23:35Z</time></trkpt><trkpt lat="46.481190" lon="11.787611"><ele>1903.517</ele><time>2021-09-02T09:23:41Z</time></trkpt><trkpt lat="46.481181" lon="11.787682"><ele>1905.151</ele><time>2021-09-02T09:23:47Z</time></trkpt><trkpt lat="46.481184" lon="11.787751"><ele>1906.556</ele><time>2021-09-02T09:23:52Z</time></trkpt><trkpt lat="46.481183" lon="11.787817"><ele>1909.637</ele><time>2021-09-02T09:24:05Z</time></trkpt><trkpt lat="46.481217" lon="11.787864"><ele>1911.051</ele><time>2021-09-02T09:24:11Z</time></trkpt><trkpt lat="46.481271" lon="11.787852"><ele>1913.045</ele><time>2021-09-02T09:24:20Z</time></trkpt><trkpt lat="46.481315" lon="11.787827"><ele>1913.786</ele><time>2021-09-02T09:24:27Z</time></trkpt><trkpt lat="46.481321" lon="11.787893"><ele>1914.591</ele><time>2021-09-02T09:24:34Z</time></trkpt><trkpt lat="46.481292" lon="11.787955"><ele>1915.442</ele><time>2021-09-02T09:24:39Z</time></trkpt><trkpt lat="46.481266" lon="11.788014"><ele>1916.222</ele><time>2021-09-02T09:24:43Z</time></trkpt><trkpt lat="46.481284" lon="11.788081"><ele>1916.914</ele><time>2021-09-02T09:24:47Z</time></trkpt><trkpt lat="46.481314" lon="11.788145"><ele>1917.908</ele><time>2021-09-02T09:24:51Z</time></trkpt><trkpt lat="46.481348" lon="11.788207"><ele>1918.682</ele><time>2021-09-02T09:24:55Z</time></trkpt><trkpt lat="46.481376" lon="11.788278"><ele>1918.846</ele><time>2021-09-02T09:24:59Z</time></trkpt><trkpt lat="46.481390" lon="11.788353"><ele>1918.931</ele><time>2021-09-02T09:25:03Z</time></trkpt><trkpt lat="46.481408" lon="11.788423"><ele>1918.942</ele><time>2021-09-02T09:25:07Z</time></trkpt><trkpt lat="46.481419" lon="11.788498"><ele>1920.736</ele><time>2021-09-02T09:25:17Z</time></trkpt><trkpt lat="46.481460" lon="11.788552"><ele>1921.630</ele><time>2021-09-02T09:25:25Z</time></trkpt><trkpt lat="46.481496" lon="11.788592"><ele>1922.861</ele><time>2021-09-02T09:25:30Z</time></trkpt><trkpt lat="46.481532" lon="11.788638"><ele>1923.726</ele><time>2021-09-02T09:25:34Z</time></trkpt><trkpt lat="46.481567" lon="11.788679"><ele>1925.264</ele><time>2021-09-02T09:25:41Z</time></trkpt><trkpt lat="46.481591" lon="11.788737"><ele>1926.906</ele><time>2021-09-02T09:25:48Z</time></trkpt><trkpt lat="46.481635" lon="11.788783"><ele>1928.116</ele><time>2021-09-02T09:25:53Z</time></trkpt><trkpt lat="46.481650" lon="11.788851"><ele>1929.408</ele><time>2021-09-02T09:25:59Z</time></trkpt><trkpt lat="46.481686" lon="11.788904"><ele>1930.744</ele><time>2021-09-02T09:26:05Z</time></trkpt><trkpt lat="46.481713" lon="11.788976"><ele>1932.358</ele><time>2021-09-02T09:26:11Z</time></trkpt><trkpt lat="46.481759" lon="11.789006"><ele>1933.583</ele><time>2021-09-02T09:26:16Z</time></trkpt><trkpt lat="46.481806" lon="11.788996"><ele>1934.324</ele><time>2021-09-02T09:26:50Z</time></trkpt><trkpt lat="46.481846" lon="11.789055"><ele>1936.488</ele><time>2021-09-02T09:27:00Z</time></trkpt><trkpt lat="46.481899" lon="11.789071"><ele>1937.782</ele><time>2021-09-02T09:27:05Z</time></trkpt><trkpt lat="46.481953" lon="11.789074"><ele>1938.253</ele><time>2021-09-02T09:27:09Z</time></trkpt><trkpt lat="46.482007" lon="11.789075"><ele>1938.998</ele><time>2021-09-02T09:27:13Z</time></trkpt><trkpt lat="46.482042" lon="11.789034"><ele>1939.746</ele><time>2021-09-02T09:27:16Z</time></trkpt><trkpt lat="46.482088" lon="11.789012"><ele>1940.588</ele><time>2021-09-02T09:27:19Z</time></trkpt><trkpt lat="46.482135" lon="11.788975"><ele>1941.416</ele><time>2021-09-02T09:27:22Z</time></trkpt><trkpt lat="46.482188" lon="11.788955"><ele>1942.008</ele><time>2021-09-02T09:27:25Z</time></trkpt><trkpt lat="46.482234" lon="11.788976"><ele>1943.082</ele><time>2021-09-02T09:27:29Z</time></trkpt><trkpt lat="46.482282" lon="11.788998"><ele>1944.546</ele><time>2021-09-02T09:27:35Z</time></trkpt><trkpt lat="46.482335" lon="11.788995"><ele>1945.141</ele><time>2021-09-02T09:27:39Z</time></trkpt><trkpt lat="46.482386" lon="11.788983"><ele>1945.792</ele><time>2021-09-02T09:27:43Z</time></trkpt><trkpt lat="46.482428" lon="11.789019"><ele>1947.096</ele><time>2021-09-02T09:27:49Z</time></trkpt><trkpt lat="46.482499" lon="11.789036"><ele>1948.480</ele><time>2021-09-02T09:27:57Z</time></trkpt><trkpt lat="46.482519" lon="11.789118"><ele>1948.961</ele><time>2021-09-02T09:28:01Z</time></trkpt><trkpt lat="46.482560" lon="11.789158"><ele>1950.636</ele><time>2021-09-02T09:28:08Z</time></trkpt><trkpt lat="46.482595" lon="11.789210"><ele>1952.126</ele><time>2021-09-02T09:28:15Z</time></trkpt><trkpt lat="46.482634" lon="11.789264"><ele>1953.647</ele><time>2021-09-02T09:28:22Z</time></trkpt><trkpt lat="46.482677" lon="11.789305"><ele>1954.711</ele><time>2021-09-02T09:28:27Z</time></trkpt><trkpt lat="46.482701" lon="11.789377"><ele>1956.508</ele><time>2021-09-02T09:28:35Z</time></trkpt><trkpt lat="46.482741" lon="11.789414"><ele>1958.220</ele><time>2021-09-02T09:28:41Z</time></trkpt><trkpt lat="46.482769" lon="11.789469"><ele>1959.854</ele><time>2021-09-02T09:28:47Z</time></trkpt><trkpt lat="46.482798" lon="11.789527"><ele>1961.659</ele><time>2021-09-02T09:28:55Z</time></trkpt><trkpt lat="46.482833" lon="11.789572"><ele>1963.680</ele><time>2021-09-02T09:29:04Z</time></trkpt><trkpt lat="46.482865" lon="11.789618"><ele>1964.564</ele><time>2021-09-02T09:29:08Z</time></trkpt><trkpt lat="46.482901" lon="11.789664"><ele>1966.148</ele><time>2021-09-02T09:29:15Z</time></trkpt><trkpt lat="46.482933" lon="11.789715"><ele>1967.289</ele><time>2021-09-02T09:29:20Z</time></trkpt><trkpt lat="46.482977" lon="11.789765"><ele>1968.334</ele><time>2021-09-02T09:29:25Z</time></trkpt><trkpt lat="46.483017" lon="11.789821"><ele>1969.679</ele><time>2021-09-02T09:29:36Z</time></trkpt><trkpt lat="46.483055" lon="11.789865"><ele>1971.205</ele><time>2021-09-02T09:29:42Z</time></trkpt><trkpt lat="46.483104" lon="11.789904"><ele>1972.825</ele><time>2021-09-02T09:29:49Z</time></trkpt><trkpt lat="46.483144" lon="11.789949"><ele>1974.708</ele><time>2021-09-02T09:29:58Z</time></trkpt><trkpt lat="46.483195" lon="11.789958"><ele>1975.875</ele><time>2021-09-02T09:30:03Z</time></trkpt><trkpt lat="46.483220" lon="11.790016"><ele>1977.419</ele><time>2021-09-02T09:30:11Z</time></trkpt><trkpt lat="46.483258" lon="11.790051"><ele>1978.834</ele><time>2021-09-02T09:30:17Z</time></trkpt><trkpt lat="46.483290" lon="11.790107"><ele>1979.695</ele><time>2021-09-02T09:30:21Z</time></trkpt><trkpt lat="46.483329" lon="11.790155"><ele>1981.779</ele><time>2021-09-02T09:30:28Z</time></trkpt><trkpt lat="46.483372" lon="11.790187"><ele>1982.843</ele><time>2021-09-02T09:30:32Z</time></trkpt><trkpt lat="46.483416" lon="11.790206"><ele>1983.714</ele><time>2021-09-02T09:30:36Z</time></trkpt><trkpt lat="46.483471" lon="11.790231"><ele>1985.049</ele><time>2021-09-02T09:30:41Z</time></trkpt><trkpt lat="46.483530" lon="11.790253"><ele>1986.322</ele><time>2021-09-02T09:30:47Z</time></trkpt><trkpt lat="46.483569" lon="11.790288"><ele>1987.162</ele><time>2021-09-02T09:30:51Z</time></trkpt><trkpt lat="46.483620" lon="11.790285"><ele>1988.208</ele><time>2021-09-02T09:30:55Z</time></trkpt><trkpt lat="46.483668" lon="11.790302"><ele>1989.308</ele><time>2021-09-02T09:31:00Z</time></trkpt><trkpt lat="46.483730" lon="11.790299"><ele>1989.920</ele><time>2021-09-02T09:31:03Z</time></trkpt><trkpt lat="46.483787" lon="11.790285"><ele>1990.544</ele><time>2021-09-02T09:31:06Z</time></trkpt><trkpt lat="46.483852" lon="11.790283"><ele>1990.999</ele><time>2021-09-02T09:31:09Z</time></trkpt><trkpt lat="46.483899" lon="11.790304"><ele>1991.030</ele><time>2021-09-02T09:31:11Z</time></trkpt><trkpt lat="46.483947" lon="11.790319"><ele>1991.164</ele><time>2021-09-02T09:31:13Z</time></trkpt><trkpt lat="46.483980" lon="11.790378"><ele>1991.548</ele><time>2021-09-02T09:31:16Z</time></trkpt><trkpt lat="46.484006" lon="11.790444"><ele>1992.949</ele><time>2021-09-02T09:31:21Z</time></trkpt><trkpt lat="46.484004" lon="11.790517"><ele>1994.584</ele><time>2021-09-02T09:31:26Z</time></trkpt><trkpt lat="46.484007" lon="11.790595"><ele>1995.298</ele><time>2021-09-02T09:31:30Z</time></trkpt><trkpt lat="46.483975" lon="11.790649"><ele>1995.615</ele><time>2021-09-02T09:31:34Z</time></trkpt><trkpt lat="46.483948" lon="11.790719"><ele>1996.526</ele><time>2021-09-02T09:31:39Z</time></trkpt><trkpt lat="46.483949" lon="11.790793"><ele>1997.008</ele><time>2021-09-02T09:31:43Z</time></trkpt><trkpt lat="46.483936" lon="11.790859"><ele>1997.247</ele><time>2021-09-02T09:31:46Z</time></trkpt><trkpt lat="46.483895" lon="11.790894"><ele>1997.371</ele><time>2021-09-02T09:31:48Z</time></trkpt><trkpt lat="46.483842" lon="11.790918"><ele>1997.326</ele><time>2021-09-02T09:31:52Z</time></trkpt><trkpt lat="46.483793" lon="11.790957"><ele>1997.287</ele><time>2021-09-02T09:31:56Z</time></trkpt><trkpt lat="46.483737" lon="11.790987"><ele>1997.221</ele><time>2021-09-02T09:32:00Z</time></trkpt><trkpt lat="46.483690" lon="11.791036"><ele>1997.295</ele><time>2021-09-02T09:32:09Z</time></trkpt><trkpt lat="46.483725" lon="11.790983"><ele>1997.486</ele><time>2021-09-02T09:33:11Z</time></trkpt><trkpt lat="46.483672" lon="11.791182"><ele>1999.181</ele><time>2021-09-02T09:33:33Z</time></trkpt><trkpt lat="46.483680" lon="11.791247"><ele>2000.381</ele><time>2021-09-02T09:33:37Z</time></trkpt><trkpt lat="46.483687" lon="11.791313"><ele>2001.461</ele><time>2021-09-02T09:33:41Z</time></trkpt><trkpt lat="46.483694" lon="11.791380"><ele>2002.117</ele><time>2021-09-02T09:33:45Z</time></trkpt><trkpt lat="46.483699" lon="11.791446"><ele>2002.808</ele><time>2021-09-02T09:33:49Z</time></trkpt><trkpt lat="46.483697" lon="11.791527"><ele>2003.886</ele><time>2021-09-02T09:33:54Z</time></trkpt><trkpt lat="46.483721" lon="11.791581"><ele>2004.980</ele><time>2021-09-02T09:33:59Z</time></trkpt><trkpt lat="46.483710" lon="11.791655"><ele>2005.785</ele><time>2021-09-02T09:34:03Z</time></trkpt><trkpt lat="46.483731" lon="11.791717"><ele>2006.656</ele><time>2021-09-02T09:34:07Z</time></trkpt><trkpt lat="46.483744" lon="11.791784"><ele>2007.360</ele><time>2021-09-02T09:34:11Z</time></trkpt><trkpt lat="46.483754" lon="11.791865"><ele>2008.174</ele><time>2021-09-02T09:34:15Z</time></trkpt><trkpt lat="46.483753" lon="11.791934"><ele>2008.475</ele><time>2021-09-02T09:34:18Z</time></trkpt><trkpt lat="46.483755" lon="11.792019"><ele>2008.710</ele><time>2021-09-02T09:34:22Z</time></trkpt><trkpt lat="46.483755" lon="11.792089"><ele>2009.192</ele><time>2021-09-02T09:34:26Z</time></trkpt><trkpt lat="46.483727" lon="11.792148"><ele>2010.173</ele><time>2021-09-02T09:34:31Z</time></trkpt><trkpt lat="46.483708" lon="11.792216"><ele>2010.620</ele><time>2021-09-02T09:34:34Z</time></trkpt><trkpt lat="46.483697" lon="11.792290"><ele>2011.108</ele><time>2021-09-02T09:34:38Z</time></trkpt><trkpt lat="46.483695" lon="11.792358"><ele>2012.367</ele><time>2021-09-02T09:34:55Z</time></trkpt><trkpt lat="46.483686" lon="11.792432"><ele>2012.531</ele><time>2021-09-02T09:34:59Z</time></trkpt><trkpt lat="46.483687" lon="11.792502"><ele>2013.486</ele><time>2021-09-02T09:35:03Z</time></trkpt><trkpt lat="46.483669" lon="11.792573"><ele>2014.367</ele><time>2021-09-02T09:35:07Z</time></trkpt><trkpt lat="46.483652" lon="11.792643"><ele>2015.251</ele><time>2021-09-02T09:35:11Z</time></trkpt><trkpt lat="46.483624" lon="11.792717"><ele>2016.355</ele><time>2021-09-02T09:35:16Z</time></trkpt><trkpt lat="46.483618" lon="11.792794"><ele>2017.596</ele><time>2021-09-02T09:35:21Z</time></trkpt><trkpt lat="46.483602" lon="11.792873"><ele>2018.821</ele><time>2021-09-02T09:35:27Z</time></trkpt><trkpt lat="46.483591" lon="11.792948"><ele>2020.242</ele><time>2021-09-02T09:35:33Z</time></trkpt><trkpt lat="46.483579" lon="11.793026"><ele>2021.422</ele><time>2021-09-02T09:35:38Z</time></trkpt><trkpt lat="46.483570" lon="11.793098"><ele>2022.814</ele><time>2021-09-02T09:35:44Z</time></trkpt><trkpt lat="46.483548" lon="11.793163"><ele>2024.108</ele><time>2021-09-02T09:35:49Z</time></trkpt><trkpt lat="46.483521" lon="11.793230"><ele>2026.422</ele><time>2021-09-02T09:35:59Z</time></trkpt><trkpt lat="46.483520" lon="11.793305"><ele>2027.826</ele><time>2021-09-02T09:36:05Z</time></trkpt><trkpt lat="46.483506" lon="11.793370"><ele>2029.061</ele><time>2021-09-02T09:36:10Z</time></trkpt><trkpt lat="46.483481" lon="11.793432"><ele>2030.672</ele><time>2021-09-02T09:36:16Z</time></trkpt><trkpt lat="46.483452" lon="11.793487"><ele>2032.126</ele><time>2021-09-02T09:36:22Z</time></trkpt><trkpt lat="46.483439" lon="11.793552"><ele>2033.550</ele><time>2021-09-02T09:36:28Z</time></trkpt><trkpt lat="46.483426" lon="11.793617"><ele>2035.411</ele><time>2021-09-02T09:36:36Z</time></trkpt><trkpt lat="46.483406" lon="11.793682"><ele>2036.726</ele><time>2021-09-02T09:36:41Z</time></trkpt><trkpt lat="46.483399" lon="11.793748"><ele>2038.051</ele><time>2021-09-02T09:36:46Z</time></trkpt><trkpt lat="46.483387" lon="11.793816"><ele>2040.101</ele><time>2021-09-02T09:36:55Z</time></trkpt><trkpt lat="46.483365" lon="11.793887"><ele>2041.811</ele><time>2021-09-02T09:37:02Z</time></trkpt><trkpt lat="46.483356" lon="11.793956"><ele>2043.808</ele><time>2021-09-02T09:37:09Z</time></trkpt><trkpt lat="46.483341" lon="11.794019"><ele>2045.533</ele><time>2021-09-02T09:37:15Z</time></trkpt><trkpt lat="46.483326" lon="11.794090"><ele>2047.687</ele><time>2021-09-02T09:37:23Z</time></trkpt><trkpt lat="46.483304" lon="11.794155"><ele>2049.152</ele><time>2021-09-02T09:37:34Z</time></trkpt><trkpt lat="46.483289" lon="11.794218"><ele>2050.573</ele><time>2021-09-02T09:37:40Z</time></trkpt><trkpt lat="46.483272" lon="11.794287"><ele>2051.897</ele><time>2021-09-02T09:37:46Z</time></trkpt><trkpt lat="46.483259" lon="11.794362"><ele>2053.141</ele><time>2021-09-02T09:37:53Z</time></trkpt><trkpt lat="46.483265" lon="11.794427"><ele>2054.032</ele><time>2021-09-02T09:37:59Z</time></trkpt><trkpt lat="46.483298" lon="11.794488"><ele>2054.597</ele><time>2021-09-02T09:38:04Z</time></trkpt><trkpt lat="46.483299" lon="11.794560"><ele>2055.119</ele><time>2021-09-02T09:38:11Z</time></trkpt><trkpt lat="46.483248" lon="11.794568"><ele>2055.609</ele><time>2021-09-02T09:38:16Z</time></trkpt><trkpt lat="46.483203" lon="11.794584"><ele>2056.119</ele><time>2021-09-02T09:38:21Z</time></trkpt><trkpt lat="46.483149" lon="11.794594"><ele>2058.108</ele><time>2021-09-02T09:38:30Z</time></trkpt><trkpt lat="46.483099" lon="11.794616"><ele>2058.759</ele><time>2021-09-02T09:38:36Z</time></trkpt><trkpt lat="46.483064" lon="11.794663"><ele>2060.023</ele><time>2021-09-02T09:38:51Z</time></trkpt><trkpt lat="46.483020" lon="11.794681"><ele>2060.218</ele><time>2021-09-02T09:38:57Z</time></trkpt><trkpt lat="46.483070" lon="11.794655"><ele>2060.999</ele><time>2021-09-02T09:39:13Z</time></trkpt><trkpt lat="46.483110" lon="11.794599"><ele>2059.943</ele><time>2021-09-02T09:39:16Z</time></trkpt><trkpt lat="46.483171" lon="11.794579"><ele>2058.367</ele><time>2021-09-02T09:39:20Z</time></trkpt><trkpt lat="46.483224" lon="11.794585"><ele>2057.588</ele><time>2021-09-02T09:39:22Z</time></trkpt><trkpt lat="46.483265" lon="11.794616"><ele>2056.943</ele><time>2021-09-02T09:39:24Z</time></trkpt><trkpt lat="46.483314" lon="11.794635"><ele>2056.416</ele><time>2021-09-02T09:39:26Z</time></trkpt><trkpt lat="46.483362" lon="11.794647"><ele>2055.976</ele><time>2021-09-02T09:39:28Z</time></trkpt><trkpt lat="46.483393" lon="11.794710"><ele>2055.513</ele><time>2021-09-02T09:39:30Z</time></trkpt><trkpt lat="46.483414" lon="11.794776"><ele>2055.208</ele><time>2021-09-02T09:39:32Z</time></trkpt><trkpt lat="46.483424" lon="11.794855"><ele>2055.079</ele><time>2021-09-02T09:39:34Z</time></trkpt><trkpt lat="46.483446" lon="11.794934"><ele>2054.843</ele><time>2021-09-02T09:39:36Z</time></trkpt><trkpt lat="46.483467" lon="11.795000"><ele>2054.658</ele><time>2021-09-02T09:39:38Z</time></trkpt><trkpt lat="46.483489" lon="11.795062"><ele>2054.589</ele><time>2021-09-02T09:39:40Z</time></trkpt><trkpt lat="46.483514" lon="11.795152"><ele>2054.533</ele><time>2021-09-02T09:39:43Z</time></trkpt><trkpt lat="46.483539" lon="11.795212"><ele>2054.647</ele><time>2021-09-02T09:39:45Z</time></trkpt><trkpt lat="46.483565" lon="11.795267"><ele>2054.838</ele><time>2021-09-02T09:39:47Z</time></trkpt><trkpt lat="46.483615" lon="11.795307"><ele>2055.533</ele><time>2021-09-02T09:39:50Z</time></trkpt><trkpt lat="46.483662" lon="11.795318"><ele>2056.234</ele><time>2021-09-02T09:39:53Z</time></trkpt><trkpt lat="46.483705" lon="11.795357"><ele>2056.855</ele><time>2021-09-02T09:39:57Z</time></trkpt><trkpt lat="46.483758" lon="11.795374"><ele>2057.110</ele><time>2021-09-02T09:40:01Z</time></trkpt><trkpt lat="46.483799" lon="11.795406"><ele>2057.308</ele><time>2021-09-02T09:40:05Z</time></trkpt><trkpt lat="46.483842" lon="11.795438"><ele>2057.581</ele><time>2021-09-02T09:40:09Z</time></trkpt><trkpt lat="46.483886" lon="11.795478"><ele>2057.785</ele><time>2021-09-02T09:40:13Z</time></trkpt><trkpt lat="46.483923" lon="11.795519"><ele>2058.080</ele><time>2021-09-02T09:40:17Z</time></trkpt><trkpt lat="46.483967" lon="11.795561"><ele>2058.241</ele><time>2021-09-02T09:40:21Z</time></trkpt><trkpt lat="46.484012" lon="11.795608"><ele>2058.495</ele><time>2021-09-02T09:40:25Z</time></trkpt><trkpt lat="46.484055" lon="11.795652"><ele>2058.719</ele><time>2021-09-02T09:40:29Z</time></trkpt><trkpt lat="46.484079" lon="11.795708"><ele>2058.830</ele><time>2021-09-02T09:40:32Z</time></trkpt><trkpt lat="46.484113" lon="11.795783"><ele>2059.125</ele><time>2021-09-02T09:40:36Z</time></trkpt><trkpt lat="46.484142" lon="11.795869"><ele>2059.359</ele><time>2021-09-02T09:40:39Z</time></trkpt><trkpt lat="46.484160" lon="11.795941"><ele>2059.403</ele><time>2021-09-02T09:40:42Z</time></trkpt><trkpt lat="46.484179" lon="11.796024"><ele>2059.323</ele><time>2021-09-02T09:40:44Z</time></trkpt><trkpt lat="46.484194" lon="11.796089"><ele>2059.108</ele><time>2021-09-02T09:40:46Z</time></trkpt><trkpt lat="46.484221" lon="11.796153"><ele>2058.953</ele><time>2021-09-02T09:40:48Z</time></trkpt><trkpt lat="46.484229" lon="11.796224"><ele>2058.867</ele><time>2021-09-02T09:40:50Z</time></trkpt><trkpt lat="46.484253" lon="11.796322"><ele>2058.582</ele><time>2021-09-02T09:40:53Z</time></trkpt><trkpt lat="46.484273" lon="11.796398"><ele>2058.393</ele><time>2021-09-02T09:40:55Z</time></trkpt><trkpt lat="46.484295" lon="11.796461"><ele>2058.117</ele><time>2021-09-02T09:40:57Z</time></trkpt><trkpt lat="46.484317" lon="11.796525"><ele>2058.011</ele><time>2021-09-02T09:40:59Z</time></trkpt><trkpt lat="46.484341" lon="11.796594"><ele>2058.132</ele><time>2021-09-02T09:41:01Z</time></trkpt><trkpt lat="46.484361" lon="11.796653"><ele>2058.117</ele><time>2021-09-02T09:41:03Z</time></trkpt><trkpt lat="46.484404" lon="11.796718"><ele>2057.846</ele><time>2021-09-02T09:41:05Z</time></trkpt><trkpt lat="46.484436" lon="11.796770"><ele>2057.488</ele><time>2021-09-02T09:41:07Z</time></trkpt><trkpt lat="46.484479" lon="11.796800"><ele>2057.216</ele><time>2021-09-02T09:41:09Z</time></trkpt><trkpt lat="46.484528" lon="11.796831"><ele>2057.208</ele><time>2021-09-02T09:41:11Z</time></trkpt><trkpt lat="46.484567" lon="11.796868"><ele>2057.312</ele><time>2021-09-02T09:41:13Z</time></trkpt><trkpt lat="46.484614" lon="11.796905"><ele>2057.486</ele><time>2021-09-02T09:41:15Z</time></trkpt><trkpt lat="46.484656" lon="11.796939"><ele>2057.641</ele><time>2021-09-02T09:41:17Z</time></trkpt><trkpt lat="46.484698" lon="11.796970"><ele>2057.672</ele><time>2021-09-02T09:41:19Z</time></trkpt><trkpt lat="46.484749" lon="11.797001"><ele>2057.776</ele><time>2021-09-02T09:41:21Z</time></trkpt><trkpt lat="46.484799" lon="11.797055"><ele>2057.780</ele><time>2021-09-02T09:41:24Z</time></trkpt><trkpt lat="46.484839" lon="11.797091"><ele>2057.911</ele><time>2021-09-02T09:41:27Z</time></trkpt><trkpt lat="46.484880" lon="11.797127"><ele>2058.116</ele><time>2021-09-02T09:41:30Z</time></trkpt><trkpt lat="46.484910" lon="11.797207"><ele>2058.312</ele><time>2021-09-02T09:41:34Z</time></trkpt><trkpt lat="46.484944" lon="11.797288"><ele>2058.432</ele><time>2021-09-02T09:41:37Z</time></trkpt><trkpt lat="46.484975" lon="11.797368"><ele>2058.405</ele><time>2021-09-02T09:41:40Z</time></trkpt><trkpt lat="46.484996" lon="11.797459"><ele>2058.508</ele><time>2021-09-02T09:41:43Z</time></trkpt><trkpt lat="46.484991" lon="11.797528"><ele>2059.189</ele><time>2021-09-02T09:41:47Z</time></trkpt><trkpt lat="46.485003" lon="11.797603"><ele>2059.723</ele><time>2021-09-02T09:41:51Z</time></trkpt><trkpt lat="46.485045" lon="11.797641"><ele>2060.638</ele><time>2021-09-02T09:41:56Z</time></trkpt><trkpt lat="46.485062" lon="11.797713"><ele>2061.819</ele><time>2021-09-02T09:42:02Z</time></trkpt><trkpt lat="46.485085" lon="11.797769"><ele>2062.863</ele><time>2021-09-02T09:42:07Z</time></trkpt><trkpt lat="46.485132" lon="11.797803"><ele>2064.297</ele><time>2021-09-02T09:42:14Z</time></trkpt><trkpt lat="46.485182" lon="11.797827"><ele>2065.598</ele><time>2021-09-02T09:42:19Z</time></trkpt><trkpt lat="46.485223" lon="11.797860"><ele>2066.843</ele><time>2021-09-02T09:42:25Z</time></trkpt><trkpt lat="46.485261" lon="11.797897"><ele>2067.567</ele><time>2021-09-02T09:42:29Z</time></trkpt><trkpt lat="46.485307" lon="11.797931"><ele>2068.781</ele><time>2021-09-02T09:42:34Z</time></trkpt><trkpt lat="46.485349" lon="11.797960"><ele>2069.919</ele><time>2021-09-02T09:42:40Z</time></trkpt><trkpt lat="46.485388" lon="11.797996"><ele>2070.508</ele><time>2021-09-02T09:42:47Z</time></trkpt><trkpt lat="46.485424" lon="11.798041"><ele>2071.244</ele><time>2021-09-02T09:42:51Z</time></trkpt><trkpt lat="46.485457" lon="11.798089"><ele>2072.058</ele><time>2021-09-02T09:42:55Z</time></trkpt><trkpt lat="46.485508" lon="11.798134"><ele>2072.983</ele><time>2021-09-02T09:43:00Z</time></trkpt><trkpt lat="46.485543" lon="11.798198"><ele>2074.324</ele><time>2021-09-02T09:43:07Z</time></trkpt><trkpt lat="46.485593" lon="11.798237"><ele>2075.348</ele><time>2021-09-02T09:43:12Z</time></trkpt><trkpt lat="46.485638" lon="11.798287"><ele>2076.352</ele><time>2021-09-02T09:43:18Z</time></trkpt><trkpt lat="46.485682" lon="11.798317"><ele>2077.533</ele><time>2021-09-02T09:43:23Z</time></trkpt><trkpt lat="46.485715" lon="11.798368"><ele>2078.428</ele><time>2021-09-02T09:43:27Z</time></trkpt><trkpt lat="46.485758" lon="11.798403"><ele>2079.032</ele><time>2021-09-02T09:43:31Z</time></trkpt><trkpt lat="46.485795" lon="11.798442"><ele>2079.692</ele><time>2021-09-02T09:43:34Z</time></trkpt><trkpt lat="46.485852" lon="11.798499"><ele>2080.611</ele><time>2021-09-02T09:43:39Z</time></trkpt><trkpt lat="46.485900" lon="11.798544"><ele>2081.308</ele><time>2021-09-02T09:43:43Z</time></trkpt><trkpt lat="46.485950" lon="11.798592"><ele>2082.121</ele><time>2021-09-02T09:43:47Z</time></trkpt><trkpt lat="46.485984" lon="11.798639"><ele>2082.825</ele><time>2021-09-02T09:43:50Z</time></trkpt><trkpt lat="46.486026" lon="11.798699"><ele>2083.620</ele><time>2021-09-02T09:43:53Z</time></trkpt><trkpt lat="46.486051" lon="11.798755"><ele>2084.431</ele><time>2021-09-02T09:43:56Z</time></trkpt><trkpt lat="46.486055" lon="11.798826"><ele>2085.575</ele><time>2021-09-02T09:44:01Z</time></trkpt><trkpt lat="46.486085" lon="11.798882"><ele>2086.179</ele><time>2021-09-02T09:44:05Z</time></trkpt><trkpt lat="46.486075" lon="11.798954"><ele>2086.480</ele><time>2021-09-02T09:44:07Z</time></trkpt><trkpt lat="46.486103" lon="11.799014"><ele>2087.055</ele><time>2021-09-02T09:44:11Z</time></trkpt><trkpt lat="46.486143" lon="11.799053"><ele>2088.037</ele><time>2021-09-02T09:44:17Z</time></trkpt><trkpt lat="46.486177" lon="11.799096"><ele>2088.649</ele><time>2021-09-02T09:44:20Z</time></trkpt><trkpt lat="46.486227" lon="11.799119"><ele>2089.213</ele><time>2021-09-02T09:44:24Z</time></trkpt><trkpt lat="46.486282" lon="11.799129"><ele>2089.308</ele><time>2021-09-02T09:44:28Z</time></trkpt><trkpt lat="46.486326" lon="11.799179"><ele>2089.481</ele><time>2021-09-02T09:44:32Z</time></trkpt><trkpt lat="46.486328" lon="11.799252"><ele>2089.745</ele><time>2021-09-02T09:44:35Z</time></trkpt><trkpt lat="46.486310" lon="11.799325"><ele>2090.990</ele><time>2021-09-02T09:44:39Z</time></trkpt><trkpt lat="46.486272" lon="11.799375"><ele>2093.011</ele><time>2021-09-02T09:44:46Z</time></trkpt><trkpt lat="46.486223" lon="11.799411"><ele>2094.375</ele><time>2021-09-02T09:44:51Z</time></trkpt><trkpt lat="46.486175" lon="11.799434"><ele>2094.869</ele><time>2021-09-02T09:44:55Z</time></trkpt><trkpt lat="46.486121" lon="11.799489"><ele>2095.090</ele><time>2021-09-02T09:44:59Z</time></trkpt><trkpt lat="46.486107" lon="11.799553"><ele>2095.215</ele><time>2021-09-02T09:45:02Z</time></trkpt><trkpt lat="46.486098" lon="11.799631"><ele>2095.371</ele><time>2021-09-02T09:45:05Z</time></trkpt><trkpt lat="46.486093" lon="11.799718"><ele>2095.641</ele><time>2021-09-02T09:45:08Z</time></trkpt><trkpt lat="46.486097" lon="11.799788"><ele>2095.615</ele><time>2021-09-02T09:45:10Z</time></trkpt><trkpt lat="46.486095" lon="11.799881"><ele>2095.708</ele><time>2021-09-02T09:45:13Z</time></trkpt><trkpt lat="46.486097" lon="11.799950"><ele>2096.275</ele><time>2021-09-02T09:45:17Z</time></trkpt><trkpt lat="46.486104" lon="11.800016"><ele>2097.189</ele><time>2021-09-02T09:45:22Z</time></trkpt><trkpt lat="46.486150" lon="11.799987"><ele>2098.444</ele><time>2021-09-02T09:45:28Z</time></trkpt><trkpt lat="46.486193" lon="11.799958"><ele>2099.885</ele><time>2021-09-02T09:45:35Z</time></trkpt><trkpt lat="46.486241" lon="11.799947"><ele>2100.579</ele><time>2021-09-02T09:45:39Z</time></trkpt><trkpt lat="46.486268" lon="11.800002"><ele>2101.483</ele><time>2021-09-02T09:45:45Z</time></trkpt><trkpt lat="46.486219" lon="11.800032"><ele>2102.014</ele><time>2021-09-02T09:45:49Z</time></trkpt><trkpt lat="46.486170" lon="11.800079"><ele>2102.319</ele><time>2021-09-02T09:45:53Z</time></trkpt><trkpt lat="46.486140" lon="11.800129"><ele>2102.518</ele><time>2021-09-02T09:45:56Z</time></trkpt><trkpt lat="46.486113" lon="11.800191"><ele>2102.598</ele><time>2021-09-02T09:46:00Z</time></trkpt><trkpt lat="46.486087" lon="11.800266"><ele>2102.617</ele><time>2021-09-02T09:46:03Z</time></trkpt><trkpt lat="46.486076" lon="11.800334"><ele>2102.708</ele><time>2021-09-02T09:46:06Z</time></trkpt><trkpt lat="46.486060" lon="11.800397"><ele>2102.989</ele><time>2021-09-02T09:46:09Z</time></trkpt><trkpt lat="46.486023" lon="11.800451"><ele>2103.093</ele><time>2021-09-02T09:46:12Z</time></trkpt><trkpt lat="46.485995" lon="11.800514"><ele>2103.398</ele><time>2021-09-02T09:46:15Z</time></trkpt><trkpt lat="46.485954" lon="11.800553"><ele>2103.739</ele><time>2021-09-02T09:46:18Z</time></trkpt><trkpt lat="46.485942" lon="11.800619"><ele>2104.183</ele><time>2021-09-02T09:46:21Z</time></trkpt><trkpt lat="46.485954" lon="11.800691"><ele>2104.487</ele><time>2021-09-02T09:46:24Z</time></trkpt><trkpt lat="46.486008" lon="11.800671"><ele>2105.118</ele><time>2021-09-02T09:46:28Z</time></trkpt><trkpt lat="46.486059" lon="11.800666"><ele>2106.453</ele><time>2021-09-02T09:46:33Z</time></trkpt><trkpt lat="46.486105" lon="11.800655"><ele>2107.588</ele><time>2021-09-02T09:46:38Z</time></trkpt><trkpt lat="46.486151" lon="11.800662"><ele>2108.024</ele><time>2021-09-02T09:46:41Z</time></trkpt><trkpt lat="46.486197" lon="11.800658"><ele>2108.426</ele><time>2021-09-02T09:46:44Z</time></trkpt><trkpt lat="46.486252" lon="11.800664"><ele>2108.908</ele><time>2021-09-02T09:46:48Z</time></trkpt><trkpt lat="46.486313" lon="11.800676"><ele>2109.326</ele><time>2021-09-02T09:46:52Z</time></trkpt><trkpt lat="46.486366" lon="11.800700"><ele>2109.240</ele><time>2021-09-02T09:46:55Z</time></trkpt><trkpt lat="46.486413" lon="11.800715"><ele>2109.125</ele><time>2021-09-02T09:46:58Z</time></trkpt><trkpt lat="46.486462" lon="11.800731"><ele>2109.216</ele><time>2021-09-02T09:47:01Z</time></trkpt><trkpt lat="46.486532" lon="11.800732"><ele>2109.340</ele><time>2021-09-02T09:47:04Z</time></trkpt><trkpt lat="46.486581" lon="11.800727"><ele>2109.574</ele><time>2021-09-02T09:47:06Z</time></trkpt><trkpt lat="46.486628" lon="11.800724"><ele>2109.735</ele><time>2021-09-02T09:47:08Z</time></trkpt><trkpt lat="46.486676" lon="11.800709"><ele>2110.150</ele><time>2021-09-02T09:47:10Z</time></trkpt><trkpt lat="46.486726" lon="11.800714"><ele>2110.581</ele><time>2021-09-02T09:47:12Z</time></trkpt><trkpt lat="46.486772" lon="11.800721"><ele>2110.861</ele><time>2021-09-02T09:47:14Z</time></trkpt><trkpt lat="46.486840" lon="11.800731"><ele>2111.317</ele><time>2021-09-02T09:47:17Z</time></trkpt><trkpt lat="46.486907" lon="11.800737"><ele>2111.508</ele><time>2021-09-02T09:47:20Z</time></trkpt><trkpt lat="46.486972" lon="11.800745"><ele>2111.796</ele><time>2021-09-02T09:47:23Z</time></trkpt><trkpt lat="46.487027" lon="11.800754"><ele>2112.010</ele><time>2021-09-02T09:47:26Z</time></trkpt><trkpt lat="46.487079" lon="11.800776"><ele>2112.225</ele><time>2021-09-02T09:47:29Z</time></trkpt><trkpt lat="46.487132" lon="11.800787"><ele>2112.496</ele><time>2021-09-02T09:47:32Z</time></trkpt><trkpt lat="46.487180" lon="11.800782"><ele>2112.920</ele><time>2021-09-02T09:47:37Z</time></trkpt><trkpt lat="46.487229" lon="11.800792"><ele>2113.634</ele><time>2021-09-02T09:47:42Z</time></trkpt><trkpt lat="46.487275" lon="11.800793"><ele>2114.125</ele><time>2021-09-02T09:47:46Z</time></trkpt><trkpt lat="46.487335" lon="11.800797"><ele>2114.760</ele><time>2021-09-02T09:47:50Z</time></trkpt><trkpt lat="46.487394" lon="11.800816"><ele>2115.284</ele><time>2021-09-02T09:47:53Z</time></trkpt><trkpt lat="46.487453" lon="11.800823"><ele>2115.807</ele><time>2021-09-02T09:47:56Z</time></trkpt><trkpt lat="46.487509" lon="11.800838"><ele>2116.517</ele><time>2021-09-02T09:47:59Z</time></trkpt><trkpt lat="46.487562" lon="11.800873"><ele>2117.308</ele><time>2021-09-02T09:48:02Z</time></trkpt><trkpt lat="46.487613" lon="11.800902"><ele>2118.036</ele><time>2021-09-02T09:48:05Z</time></trkpt><trkpt lat="46.487673" lon="11.800930"><ele>2118.840</ele><time>2021-09-02T09:48:08Z</time></trkpt><trkpt lat="46.487729" lon="11.800966"><ele>2119.615</ele><time>2021-09-02T09:48:11Z</time></trkpt><trkpt lat="46.487773" lon="11.801007"><ele>2120.456</ele><time>2021-09-02T09:48:14Z</time></trkpt><trkpt lat="46.487805" lon="11.801054"><ele>2121.480</ele><time>2021-09-02T09:48:17Z</time></trkpt><trkpt lat="46.487833" lon="11.801106"><ele>2122.134</ele><time>2021-09-02T09:48:20Z</time></trkpt><trkpt lat="46.487857" lon="11.801175"><ele>2122.815</ele><time>2021-09-02T09:48:25Z</time></trkpt><trkpt lat="46.487872" lon="11.801247"><ele>2123.170</ele><time>2021-09-02T09:48:30Z</time></trkpt><trkpt lat="46.487885" lon="11.801329"><ele>2123.564</ele><time>2021-09-02T09:48:34Z</time></trkpt><trkpt lat="46.487907" lon="11.801387"><ele>2123.706</ele><time>2021-09-02T09:48:38Z</time></trkpt><trkpt lat="46.487932" lon="11.801442"><ele>2123.916</ele><time>2021-09-02T09:48:41Z</time></trkpt><trkpt lat="46.487958" lon="11.801509"><ele>2124.208</ele><time>2021-09-02T09:48:44Z</time></trkpt><trkpt lat="46.487994" lon="11.801552"><ele>2124.634</ele><time>2021-09-02T09:48:47Z</time></trkpt><trkpt lat="46.488026" lon="11.801628"><ele>2124.828</ele><time>2021-09-02T09:48:50Z</time></trkpt><trkpt lat="46.488061" lon="11.801703"><ele>2125.313</ele><time>2021-09-02T09:48:54Z</time></trkpt><trkpt lat="46.488087" lon="11.801761"><ele>2125.574</ele><time>2021-09-02T09:48:56Z</time></trkpt><trkpt lat="46.488106" lon="11.801828"><ele>2125.838</ele><time>2021-09-02T09:48:58Z</time></trkpt><trkpt lat="46.488129" lon="11.801889"><ele>2126.082</ele><time>2021-09-02T09:49:00Z</time></trkpt><trkpt lat="46.488138" lon="11.801987"><ele>2126.383</ele><time>2021-09-02T09:49:03Z</time></trkpt><trkpt lat="46.488131" lon="11.802077"><ele>2126.478</ele><time>2021-09-02T09:49:06Z</time></trkpt><trkpt lat="46.488120" lon="11.802172"><ele>2126.793</ele><time>2021-09-02T09:49:09Z</time></trkpt><trkpt lat="46.488112" lon="11.802262"><ele>2127.165</ele><time>2021-09-02T09:49:12Z</time></trkpt><trkpt lat="46.488102" lon="11.802342"><ele>2127.421</ele><time>2021-09-02T09:49:15Z</time></trkpt><trkpt lat="46.488073" lon="11.802408"><ele>2127.708</ele><time>2021-09-02T09:49:19Z</time></trkpt><trkpt lat="46.488067" lon="11.802488"><ele>2128.237</ele><time>2021-09-02T09:49:23Z</time></trkpt><trkpt lat="46.488044" lon="11.802561"><ele>2128.731</ele><time>2021-09-02T09:49:27Z</time></trkpt><trkpt lat="46.488027" lon="11.802626"><ele>2129.216</ele><time>2021-09-02T09:49:31Z</time></trkpt><trkpt lat="46.488027" lon="11.802692"><ele>2129.617</ele><time>2021-09-02T09:49:34Z</time></trkpt><trkpt lat="46.488011" lon="11.802765"><ele>2130.061</ele><time>2021-09-02T09:49:38Z</time></trkpt><trkpt lat="46.487992" lon="11.802851"><ele>2130.385</ele><time>2021-09-02T09:49:42Z</time></trkpt><trkpt lat="46.487990" lon="11.802939"><ele>2130.656</ele><time>2021-09-02T09:49:45Z</time></trkpt><trkpt lat="46.487979" lon="11.803005"><ele>2130.971</ele><time>2021-09-02T09:49:48Z</time></trkpt><trkpt lat="46.487970" lon="11.803069"><ele>2131.475</ele><time>2021-09-02T09:49:51Z</time></trkpt><trkpt lat="46.487966" lon="11.803144"><ele>2131.928</ele><time>2021-09-02T09:49:54Z</time></trkpt><trkpt lat="46.487976" lon="11.803227"><ele>2132.320</ele><time>2021-09-02T09:49:57Z</time></trkpt><trkpt lat="46.487977" lon="11.803311"><ele>2132.908</ele><time>2021-09-02T09:50:00Z</time></trkpt><trkpt lat="46.487978" lon="11.803384"><ele>2133.645</ele><time>2021-09-02T09:50:03Z</time></trkpt><trkpt lat="46.487948" lon="11.803449"><ele>2134.539</ele><time>2021-09-02T09:50:08Z</time></trkpt><trkpt lat="46.487928" lon="11.803521"><ele>2135.164</ele><time>2021-09-02T09:50:12Z</time></trkpt><trkpt lat="46.487914" lon="11.803585"><ele>2135.975</ele><time>2021-09-02T09:50:16Z</time></trkpt><trkpt lat="46.487897" lon="11.803646"><ele>2136.619</ele><time>2021-09-02T09:50:20Z</time></trkpt><trkpt lat="46.487898" lon="11.803729"><ele>2137.793</ele><time>2021-09-02T09:50:25Z</time></trkpt><trkpt lat="46.487905" lon="11.803795"><ele>2138.474</ele><time>2021-09-02T09:50:29Z</time></trkpt><trkpt lat="46.487891" lon="11.803864"><ele>2139.159</ele><time>2021-09-02T09:50:33Z</time></trkpt><trkpt lat="46.487874" lon="11.803937"><ele>2139.975</ele><time>2021-09-02T09:50:37Z</time></trkpt><trkpt lat="46.487869" lon="11.804015"><ele>2140.928</ele><time>2021-09-02T09:50:42Z</time></trkpt><trkpt lat="46.487863" lon="11.804092"><ele>2141.820</ele><time>2021-09-02T09:50:46Z</time></trkpt><trkpt lat="46.487859" lon="11.804159"><ele>2142.508</ele><time>2021-09-02T09:50:50Z</time></trkpt><trkpt lat="46.487843" lon="11.804233"><ele>2143.595</ele><time>2021-09-02T09:50:55Z</time></trkpt><trkpt lat="46.487839" lon="11.804306"><ele>2144.439</ele><time>2021-09-02T09:50:59Z</time></trkpt><trkpt lat="46.487839" lon="11.804377"><ele>2145.264</ele><time>2021-09-02T09:51:03Z</time></trkpt><trkpt lat="46.487855" lon="11.804444"><ele>2146.665</ele><time>2021-09-02T09:51:11Z</time></trkpt><trkpt lat="46.487850" lon="11.804515"><ele>2147.319</ele><time>2021-09-02T09:51:16Z</time></trkpt><trkpt lat="46.487845" lon="11.804595"><ele>2148.353</ele><time>2021-09-02T09:51:22Z</time></trkpt><trkpt lat="46.487840" lon="11.804673"><ele>2149.314</ele><time>2021-09-02T09:51:27Z</time></trkpt><trkpt lat="46.487869" lon="11.804737"><ele>2150.199</ele><time>2021-09-02T09:51:32Z</time></trkpt><trkpt lat="46.487869" lon="11.804805"><ele>2150.878</ele><time>2021-09-02T09:51:37Z</time></trkpt><trkpt lat="46.487857" lon="11.804869"><ele>2151.433</ele><time>2021-09-02T09:51:41Z</time></trkpt><trkpt lat="46.487838" lon="11.804944"><ele>2151.926</ele><time>2021-09-02T09:51:45Z</time></trkpt><trkpt lat="46.487824" lon="11.805018"><ele>2152.608</ele><time>2021-09-02T09:51:50Z</time></trkpt><trkpt lat="46.487818" lon="11.805092"><ele>2153.365</ele><time>2021-09-02T09:51:55Z</time></trkpt><trkpt lat="46.487819" lon="11.805163"><ele>2153.999</ele><time>2021-09-02T09:52:00Z</time></trkpt><trkpt lat="46.487824" lon="11.805244"><ele>2154.814</ele><time>2021-09-02T09:52:08Z</time></trkpt><trkpt lat="46.487816" lon="11.805326"><ele>2155.545</ele><time>2021-09-02T09:52:13Z</time></trkpt><trkpt lat="46.487817" lon="11.805398"><ele>2156.619</ele><time>2021-09-02T09:52:17Z</time></trkpt><trkpt lat="46.487804" lon="11.805474"><ele>2157.533</ele><time>2021-09-02T09:52:22Z</time></trkpt><trkpt lat="46.487789" lon="11.805542"><ele>2158.134</ele><time>2021-09-02T09:52:26Z</time></trkpt><trkpt lat="46.487777" lon="11.805617"><ele>2158.839</ele><time>2021-09-02T09:52:31Z</time></trkpt><trkpt lat="46.487770" lon="11.805688"><ele>2159.591</ele><time>2021-09-02T09:52:36Z</time></trkpt><trkpt lat="46.487748" lon="11.805751"><ele>2160.081</ele><time>2021-09-02T09:52:40Z</time></trkpt><trkpt lat="46.487729" lon="11.805812"><ele>2160.419</ele><time>2021-09-02T09:52:44Z</time></trkpt><trkpt lat="46.487723" lon="11.805877"><ele>2161.208</ele><time>2021-09-02T09:52:49Z</time></trkpt><trkpt lat="46.487704" lon="11.805945"><ele>2162.047</ele><time>2021-09-02T09:52:54Z</time></trkpt><trkpt lat="46.487694" lon="11.806009"><ele>2162.431</ele><time>2021-09-02T09:52:58Z</time></trkpt><trkpt lat="46.487687" lon="11.806083"><ele>2163.056</ele><time>2021-09-02T09:53:03Z</time></trkpt><trkpt lat="46.487672" lon="11.806162"><ele>2163.767</ele><time>2021-09-02T09:53:08Z</time></trkpt><trkpt lat="46.487698" lon="11.806232"><ele>2164.711</ele><time>2021-09-02T09:53:20Z</time></trkpt><trkpt lat="46.487716" lon="11.806308"><ele>2165.485</ele><time>2021-09-02T09:53:26Z</time></trkpt><trkpt lat="46.487707" lon="11.806376"><ele>2166.096</ele><time>2021-09-02T09:53:30Z</time></trkpt><trkpt lat="46.487695" lon="11.806453"><ele>2166.761</ele><time>2021-09-02T09:53:34Z</time></trkpt><trkpt lat="46.487679" lon="11.806524"><ele>2167.489</ele><time>2021-09-02T09:53:39Z</time></trkpt><trkpt lat="46.487689" lon="11.806598"><ele>2168.606</ele><time>2021-09-02T09:53:45Z</time></trkpt><trkpt lat="46.487721" lon="11.806646"><ele>2169.526</ele><time>2021-09-02T09:53:49Z</time></trkpt><trkpt lat="46.487738" lon="11.806716"><ele>2170.808</ele><time>2021-09-02T09:53:54Z</time></trkpt><trkpt lat="46.487747" lon="11.806787"><ele>2171.996</ele><time>2021-09-02T09:53:59Z</time></trkpt><trkpt lat="46.487739" lon="11.806871"><ele>2173.120</ele><time>2021-09-02T09:54:04Z</time></trkpt><trkpt lat="46.487746" lon="11.806947"><ele>2174.255</ele><time>2021-09-02T09:54:09Z</time></trkpt><trkpt lat="46.487760" lon="11.807020"><ele>2175.276</ele><time>2021-09-02T09:54:14Z</time></trkpt><trkpt lat="46.487781" lon="11.807087"><ele>2176.240</ele><time>2021-09-02T09:54:19Z</time></trkpt><trkpt lat="46.487787" lon="11.807163"><ele>2177.734</ele><time>2021-09-02T09:54:25Z</time></trkpt><trkpt lat="46.487782" lon="11.807238"><ele>2178.675</ele><time>2021-09-02T09:54:29Z</time></trkpt><trkpt lat="46.487805" lon="11.807300"><ele>2179.410</ele><time>2021-09-02T09:54:33Z</time></trkpt><trkpt lat="46.487846" lon="11.807353"><ele>2179.747</ele><time>2021-09-02T09:54:37Z</time></trkpt><trkpt lat="46.487870" lon="11.807410"><ele>2179.929</ele><time>2021-09-02T09:54:41Z</time></trkpt><trkpt lat="46.487917" lon="11.807419"><ele>2180.021</ele><time>2021-09-02T09:54:46Z</time></trkpt><trkpt lat="46.487970" lon="11.807460"><ele>2180.508</ele><time>2021-09-02T09:54:52Z</time></trkpt><trkpt lat="46.488005" lon="11.807531"><ele>2181.132</ele><time>2021-09-02T09:54:56Z</time></trkpt><trkpt lat="46.488026" lon="11.807594"><ele>2182.096</ele><time>2021-09-02T09:54:59Z</time></trkpt><trkpt lat="46.488070" lon="11.807665"><ele>2183.061</ele><time>2021-09-02T09:55:03Z</time></trkpt><trkpt lat="46.488094" lon="11.807731"><ele>2184.382</ele><time>2021-09-02T09:55:08Z</time></trkpt><trkpt lat="46.488120" lon="11.807791"><ele>2185.316</ele><time>2021-09-02T09:55:12Z</time></trkpt><trkpt lat="46.488108" lon="11.807872"><ele>2186.490</ele><time>2021-09-02T09:55:17Z</time></trkpt><trkpt lat="46.488137" lon="11.807926"><ele>2187.231</ele><time>2021-09-02T09:55:23Z</time></trkpt><trkpt lat="46.488160" lon="11.807993"><ele>2187.536</ele><time>2021-09-02T09:55:27Z</time></trkpt><trkpt lat="46.488190" lon="11.808053"><ele>2188.361</ele><time>2021-09-02T09:55:32Z</time></trkpt><trkpt lat="46.488211" lon="11.808117"><ele>2189.021</ele><time>2021-09-02T09:55:36Z</time></trkpt><trkpt lat="46.488237" lon="11.808175"><ele>2190.013</ele><time>2021-09-02T09:55:41Z</time></trkpt><trkpt lat="46.488261" lon="11.808243"><ele>2191.008</ele><time>2021-09-02T09:55:46Z</time></trkpt><trkpt lat="46.488277" lon="11.808310"><ele>2192.054</ele><time>2021-09-02T09:55:51Z</time></trkpt><trkpt lat="46.488267" lon="11.808388"><ele>2192.568</ele><time>2021-09-02T09:55:56Z</time></trkpt><trkpt lat="46.488275" lon="11.808456"><ele>2193.693</ele><time>2021-09-02T09:56:01Z</time></trkpt><trkpt lat="46.488288" lon="11.808523"><ele>2194.954</ele><time>2021-09-02T09:56:06Z</time></trkpt><trkpt lat="46.488293" lon="11.808596"><ele>2195.848</ele><time>2021-09-02T09:56:11Z</time></trkpt><trkpt lat="46.488309" lon="11.808666"><ele>2196.672</ele><time>2021-09-02T09:56:16Z</time></trkpt><trkpt lat="46.488335" lon="11.808726"><ele>2197.233</ele><time>2021-09-02T09:56:20Z</time></trkpt><trkpt lat="46.488351" lon="11.808794"><ele>2198.118</ele><time>2021-09-02T09:56:25Z</time></trkpt><trkpt lat="46.488368" lon="11.808874"><ele>2199.354</ele><time>2021-09-02T09:56:30Z</time></trkpt><trkpt lat="46.488385" lon="11.808954"><ele>2200.256</ele><time>2021-09-02T09:56:35Z</time></trkpt><trkpt lat="46.488390" lon="11.809020"><ele>2200.711</ele><time>2021-09-02T09:56:38Z</time></trkpt><trkpt lat="46.488403" lon="11.809103"><ele>2202.008</ele><time>2021-09-02T09:56:44Z</time></trkpt><trkpt lat="46.488406" lon="11.809180"><ele>2202.963</ele><time>2021-09-02T09:56:49Z</time></trkpt><trkpt lat="46.488408" lon="11.809259"><ele>2204.097</ele><time>2021-09-02T09:56:54Z</time></trkpt><trkpt lat="46.488422" lon="11.809328"><ele>2205.142</ele><time>2021-09-02T09:56:59Z</time></trkpt><trkpt lat="46.488426" lon="11.809395"><ele>2206.033</ele><time>2021-09-02T09:57:03Z</time></trkpt><trkpt lat="46.488448" lon="11.809473"><ele>2206.927</ele><time>2021-09-02T09:57:07Z</time></trkpt><trkpt lat="46.488454" lon="11.809557"><ele>2208.391</ele><time>2021-09-02T09:57:13Z</time></trkpt><trkpt lat="46.488477" lon="11.809623"><ele>2209.712</ele><time>2021-09-02T09:57:18Z</time></trkpt><trkpt lat="46.488482" lon="11.809691"><ele>2211.217</ele><time>2021-09-02T09:57:23Z</time></trkpt><trkpt lat="46.488465" lon="11.809776"><ele>2213.247</ele><time>2021-09-02T09:57:34Z</time></trkpt><trkpt lat="46.488438" lon="11.809849"><ele>2213.629</ele><time>2021-09-02T09:57:38Z</time></trkpt><trkpt lat="46.488418" lon="11.809920"><ele>2214.021</ele><time>2021-09-02T09:57:43Z</time></trkpt><trkpt lat="46.488392" lon="11.809975"><ele>2214.408</ele><time>2021-09-02T09:57:46Z</time></trkpt><trkpt lat="46.488365" lon="11.810053"><ele>2214.922</ele><time>2021-09-02T09:57:50Z</time></trkpt><trkpt lat="46.488340" lon="11.810128"><ele>2215.376</ele><time>2021-09-02T09:57:54Z</time></trkpt><trkpt lat="46.488322" lon="11.810194"><ele>2215.731</ele><time>2021-09-02T09:57:57Z</time></trkpt><trkpt lat="46.488294" lon="11.810249"><ele>2216.072</ele><time>2021-09-02T09:58:00Z</time></trkpt><trkpt lat="46.488249" lon="11.810321"><ele>2216.416</ele><time>2021-09-02T09:58:03Z</time></trkpt><trkpt lat="46.488230" lon="11.810384"><ele>2216.760</ele><time>2021-09-02T09:58:05Z</time></trkpt><trkpt lat="46.488199" lon="11.810433"><ele>2216.941</ele><time>2021-09-02T09:58:07Z</time></trkpt><trkpt lat="46.488177" lon="11.810518"><ele>2217.146</ele><time>2021-09-02T09:58:10Z</time></trkpt><trkpt lat="46.488153" lon="11.810602"><ele>2217.357</ele><time>2021-09-02T09:58:13Z</time></trkpt><trkpt lat="46.488129" lon="11.810685"><ele>2217.600</ele><time>2021-09-02T09:58:16Z</time></trkpt><trkpt lat="46.488105" lon="11.810774"><ele>2217.920</ele><time>2021-09-02T09:58:19Z</time></trkpt><trkpt lat="46.488077" lon="11.810852"><ele>2218.208</ele><time>2021-09-02T09:58:22Z</time></trkpt><trkpt lat="46.488057" lon="11.810910"><ele>2218.413</ele><time>2021-09-02T09:58:24Z</time></trkpt><trkpt lat="46.488034" lon="11.810972"><ele>2218.527</ele><time>2021-09-02T09:58:26Z</time></trkpt><trkpt lat="46.488004" lon="11.811056"><ele>2218.922</ele><time>2021-09-02T09:58:29Z</time></trkpt><trkpt lat="46.487987" lon="11.811117"><ele>2219.183</ele><time>2021-09-02T09:58:31Z</time></trkpt><trkpt lat="46.487960" lon="11.811202"><ele>2219.457</ele><time>2021-09-02T09:58:34Z</time></trkpt><trkpt lat="46.487938" lon="11.811263"><ele>2219.591</ele><time>2021-09-02T09:58:36Z</time></trkpt><trkpt lat="46.487921" lon="11.811327"><ele>2219.742</ele><time>2021-09-02T09:58:38Z</time></trkpt><trkpt lat="46.487895" lon="11.811415"><ele>2220.037</ele><time>2021-09-02T09:58:41Z</time></trkpt><trkpt lat="46.487871" lon="11.811484"><ele>2220.255</ele><time>2021-09-02T09:58:43Z</time></trkpt><trkpt lat="46.487857" lon="11.811547"><ele>2220.507</ele><time>2021-09-02T09:58:45Z</time></trkpt><trkpt lat="46.487854" lon="11.811623"><ele>2220.817</ele><time>2021-09-02T09:58:48Z</time></trkpt><trkpt lat="46.487857" lon="11.811700"><ele>2221.008</ele><time>2021-09-02T09:58:51Z</time></trkpt><trkpt lat="46.487849" lon="11.811773"><ele>2221.113</ele><time>2021-09-02T09:58:54Z</time></trkpt><trkpt lat="46.487822" lon="11.811847"><ele>2221.387</ele><time>2021-09-02T09:58:59Z</time></trkpt><trkpt lat="46.487781" lon="11.811897"><ele>2221.412</ele><time>2021-09-02T09:59:03Z</time></trkpt><trkpt lat="46.487749" lon="11.811942"><ele>2221.473</ele><time>2021-09-02T09:59:10Z</time></trkpt><trkpt lat="46.487715" lon="11.812005"><ele>2221.567</ele><time>2021-09-02T09:59:13Z</time></trkpt><trkpt lat="46.487690" lon="11.812065"><ele>2221.861</ele><time>2021-09-02T09:59:16Z</time></trkpt><trkpt lat="46.487659" lon="11.812119"><ele>2222.082</ele><time>2021-09-02T09:59:19Z</time></trkpt><trkpt lat="46.487635" lon="11.812184"><ele>2222.037</ele><time>2021-09-02T09:59:22Z</time></trkpt><trkpt lat="46.487607" lon="11.812241"><ele>2222.163</ele><time>2021-09-02T09:59:25Z</time></trkpt><trkpt lat="46.487588" lon="11.812319"><ele>2221.944</ele><time>2021-09-02T09:59:29Z</time></trkpt><trkpt lat="46.487558" lon="11.812440"><ele>2221.118</ele><time>2021-09-02T10:02:27Z</time></trkpt><trkpt lat="46.487546" lon="11.812509"><ele>2220.908</ele><time>2021-09-02T10:02:30Z</time></trkpt><trkpt lat="46.487536" lon="11.812597"><ele>2220.614</ele><time>2021-09-02T10:02:39Z</time></trkpt><trkpt lat="46.487527" lon="11.812670"><ele>2220.328</ele><time>2021-09-02T10:02:42Z</time></trkpt><trkpt lat="46.487523" lon="11.812752"><ele>2220.053</ele><time>2021-09-02T10:02:45Z</time></trkpt><trkpt lat="46.487524" lon="11.812826"><ele>2219.894</ele><time>2021-09-02T10:02:47Z</time></trkpt><trkpt lat="46.487513" lon="11.812919"><ele>2219.698</ele><time>2021-09-02T10:02:50Z</time></trkpt><trkpt lat="46.487486" lon="11.813007"><ele>2219.372</ele><time>2021-09-02T10:02:53Z</time></trkpt><trkpt lat="46.487485" lon="11.813098"><ele>2219.073</ele><time>2021-09-02T10:02:55Z</time></trkpt><trkpt lat="46.487481" lon="11.813185"><ele>2218.728</ele><time>2021-09-02T10:02:57Z</time></trkpt><trkpt lat="46.487472" lon="11.813272"><ele>2218.468</ele><time>2021-09-02T10:02:59Z</time></trkpt><trkpt lat="46.487465" lon="11.813352"><ele>2218.242</ele><time>2021-09-02T10:03:01Z</time></trkpt><trkpt lat="46.487445" lon="11.813425"><ele>2218.026</ele><time>2021-09-02T10:03:03Z</time></trkpt><trkpt lat="46.487417" lon="11.813497"><ele>2217.808</ele><time>2021-09-02T10:03:05Z</time></trkpt><trkpt lat="46.487384" lon="11.813551"><ele>2217.784</ele><time>2021-09-02T10:03:07Z</time></trkpt><trkpt lat="46.487347" lon="11.813599"><ele>2217.558</ele><time>2021-09-02T10:03:09Z</time></trkpt><trkpt lat="46.487297" lon="11.813633"><ele>2217.373</ele><time>2021-09-02T10:03:11Z</time></trkpt><trkpt lat="46.487250" lon="11.813652"><ele>2217.154</ele><time>2021-09-02T10:03:13Z</time></trkpt><trkpt lat="46.487203" lon="11.813653"><ele>2216.998</ele><time>2021-09-02T10:03:15Z</time></trkpt><trkpt lat="46.487132" lon="11.813632"><ele>2216.562</ele><time>2021-09-02T10:03:18Z</time></trkpt><trkpt lat="46.487091" lon="11.813604"><ele>2216.133</ele><time>2021-09-02T10:03:20Z</time></trkpt><trkpt lat="46.487048" lon="11.813575"><ele>2215.738</ele><time>2021-09-02T10:03:22Z</time></trkpt><trkpt lat="46.487000" lon="11.813543"><ele>2215.239</ele><time>2021-09-02T10:03:24Z</time></trkpt><trkpt lat="46.486956" lon="11.813521"><ele>2214.901</ele><time>2021-09-02T10:03:26Z</time></trkpt><trkpt lat="46.486903" lon="11.813517"><ele>2214.521</ele><time>2021-09-02T10:03:28Z</time></trkpt><trkpt lat="46.486855" lon="11.813517"><ele>2214.108</ele><time>2021-09-02T10:03:30Z</time></trkpt><trkpt lat="46.486813" lon="11.813573"><ele>2214.051</ele><time>2021-09-02T10:03:32Z</time></trkpt><trkpt lat="46.486770" lon="11.813614"><ele>2213.765</ele><time>2021-09-02T10:03:34Z</time></trkpt><trkpt lat="46.486752" lon="11.813692"><ele>2213.470</ele><time>2021-09-02T10:03:36Z</time></trkpt><trkpt lat="46.486749" lon="11.813765"><ele>2213.181</ele><time>2021-09-02T10:03:38Z</time></trkpt><trkpt lat="46.486746" lon="11.813846"><ele>2212.965</ele><time>2021-09-02T10:03:40Z</time></trkpt><trkpt lat="46.486755" lon="11.813924"><ele>2212.679</ele><time>2021-09-02T10:03:42Z</time></trkpt><trkpt lat="46.486766" lon="11.813996"><ele>2212.220</ele><time>2021-09-02T10:03:44Z</time></trkpt><trkpt lat="46.486773" lon="11.814075"><ele>2211.875</ele><time>2021-09-02T10:03:46Z</time></trkpt><trkpt lat="46.486777" lon="11.814148"><ele>2211.474</ele><time>2021-09-02T10:03:48Z</time></trkpt><trkpt lat="46.486788" lon="11.814223"><ele>2210.956</ele><time>2021-09-02T10:03:50Z</time></trkpt><trkpt lat="46.486798" lon="11.814287"><ele>2210.521</ele><time>2021-09-02T10:03:52Z</time></trkpt><trkpt lat="46.486809" lon="11.814361"><ele>2210.008</ele><time>2021-09-02T10:03:54Z</time></trkpt><trkpt lat="46.486819" lon="11.814434"><ele>2209.565</ele><time>2021-09-02T10:03:56Z</time></trkpt><trkpt lat="46.486829" lon="11.814513"><ele>2209.119</ele><time>2021-09-02T10:03:58Z</time></trkpt><trkpt lat="46.486839" lon="11.814582"><ele>2208.754</ele><time>2021-09-02T10:04:00Z</time></trkpt><trkpt lat="46.486844" lon="11.814653"><ele>2208.285</ele><time>2021-09-02T10:04:02Z</time></trkpt><trkpt lat="46.486848" lon="11.814722"><ele>2207.729</ele><time>2021-09-02T10:04:04Z</time></trkpt><trkpt lat="46.486858" lon="11.814799"><ele>2207.283</ele><time>2021-09-02T10:04:06Z</time></trkpt><trkpt lat="46.486863" lon="11.814872"><ele>2206.874</ele><time>2021-09-02T10:04:08Z</time></trkpt><trkpt lat="46.486869" lon="11.814944"><ele>2206.579</ele><time>2021-09-02T10:04:10Z</time></trkpt><trkpt lat="46.486860" lon="11.815012"><ele>2206.246</ele><time>2021-09-02T10:04:12Z</time></trkpt><trkpt lat="46.486852" lon="11.815086"><ele>2205.888</ele><time>2021-09-02T10:04:14Z</time></trkpt><trkpt lat="46.486839" lon="11.815157"><ele>2205.516</ele><time>2021-09-02T10:04:16Z</time></trkpt><trkpt lat="46.486816" lon="11.815222"><ele>2205.108</ele><time>2021-09-02T10:04:18Z</time></trkpt><trkpt lat="46.486787" lon="11.815280"><ele>2204.762</ele><time>2021-09-02T10:04:20Z</time></trkpt><trkpt lat="46.486756" lon="11.815336"><ele>2204.356</ele><time>2021-09-02T10:04:22Z</time></trkpt><trkpt lat="46.486729" lon="11.815393"><ele>2203.911</ele><time>2021-09-02T10:04:24Z</time></trkpt><trkpt lat="46.486709" lon="11.815457"><ele>2203.542</ele><time>2021-09-02T10:04:26Z</time></trkpt><trkpt lat="46.486724" lon="11.815524"><ele>2203.046</ele><time>2021-09-02T10:04:28Z</time></trkpt><trkpt lat="46.486775" lon="11.815556"><ele>2202.670</ele><time>2021-09-02T10:04:30Z</time></trkpt><trkpt lat="46.486839" lon="11.815563"><ele>2202.031</ele><time>2021-09-02T10:04:33Z</time></trkpt><trkpt lat="46.486890" lon="11.815615"><ele>2201.016</ele><time>2021-09-02T10:04:36Z</time></trkpt><trkpt lat="46.486930" lon="11.815681"><ele>2199.851</ele><time>2021-09-02T10:04:39Z</time></trkpt><trkpt lat="46.486955" lon="11.815735"><ele>2199.001</ele><time>2021-09-02T10:04:41Z</time></trkpt><trkpt lat="46.486975" lon="11.815828"><ele>2198.111</ele><time>2021-09-02T10:04:44Z</time></trkpt><trkpt lat="46.486970" lon="11.815892"><ele>2197.608</ele><time>2021-09-02T10:04:46Z</time></trkpt><trkpt lat="46.486926" lon="11.815956"><ele>2196.833</ele><time>2021-09-02T10:04:49Z</time></trkpt><trkpt lat="46.486880" lon="11.815967"><ele>2196.357</ele><time>2021-09-02T10:04:51Z</time></trkpt><trkpt lat="46.486831" lon="11.815988"><ele>2195.772</ele><time>2021-09-02T10:04:53Z</time></trkpt><trkpt lat="46.486774" lon="11.816037"><ele>2194.913</ele><time>2021-09-02T10:04:56Z</time></trkpt><trkpt lat="46.486716" lon="11.816071"><ele>2194.197</ele><time>2021-09-02T10:04:59Z</time></trkpt><trkpt lat="46.486652" lon="11.816083"><ele>2193.411</ele><time>2021-09-02T10:05:02Z</time></trkpt><trkpt lat="46.486593" lon="11.816113"><ele>2192.422</ele><time>2021-09-02T10:05:05Z</time></trkpt><trkpt lat="46.486534" lon="11.816123"><ele>2191.447</ele><time>2021-09-02T10:05:08Z</time></trkpt><trkpt lat="46.486485" lon="11.816170"><ele>2190.232</ele><time>2021-09-02T10:05:11Z</time></trkpt><trkpt lat="46.486435" lon="11.816205"><ele>2188.892</ele><time>2021-09-02T10:05:14Z</time></trkpt><trkpt lat="46.486394" lon="11.816231"><ele>2187.911</ele><time>2021-09-02T10:05:16Z</time></trkpt><trkpt lat="46.486352" lon="11.816280"><ele>2186.808</ele><time>2021-09-02T10:05:19Z</time></trkpt><trkpt lat="46.486319" lon="11.816352"><ele>2185.961</ele><time>2021-09-02T10:05:22Z</time></trkpt><trkpt lat="46.486283" lon="11.816432"><ele>2185.015</ele><time>2021-09-02T10:05:25Z</time></trkpt><trkpt lat="46.486246" lon="11.816507"><ele>2184.190</ele><time>2021-09-02T10:05:28Z</time></trkpt><trkpt lat="46.486206" lon="11.816572"><ele>2183.771</ele><time>2021-09-02T10:05:31Z</time></trkpt><trkpt lat="46.486157" lon="11.816608"><ele>2183.175</ele><time>2021-09-02T10:05:34Z</time></trkpt><trkpt lat="46.486108" lon="11.816645"><ele>2182.419</ele><time>2021-09-02T10:05:37Z</time></trkpt><trkpt lat="46.486055" lon="11.816655"><ele>2181.480</ele><time>2021-09-02T10:05:41Z</time></trkpt><trkpt lat="46.486006" lon="11.816630"><ele>2180.465</ele><time>2021-09-02T10:05:45Z</time></trkpt><trkpt lat="46.485959" lon="11.816632"><ele>2179.683</ele><time>2021-09-02T10:05:48Z</time></trkpt><trkpt lat="46.485904" lon="11.816619"><ele>2177.925</ele><time>2021-09-02T10:05:53Z</time></trkpt><trkpt lat="46.485844" lon="11.816614"><ele>2176.717</ele><time>2021-09-02T10:05:57Z</time></trkpt><trkpt lat="46.485793" lon="11.816615"><ele>2175.808</ele><time>2021-09-02T10:06:01Z</time></trkpt><trkpt lat="46.485739" lon="11.816606"><ele>2175.066</ele><time>2021-09-02T10:06:04Z</time></trkpt><trkpt lat="46.485688" lon="11.816601"><ele>2174.370</ele><time>2021-09-02T10:06:07Z</time></trkpt><trkpt lat="46.485648" lon="11.816636"><ele>2173.545</ele><time>2021-09-02T10:06:10Z</time></trkpt><trkpt lat="46.485594" lon="11.816677"><ele>2172.436</ele><time>2021-09-02T10:06:13Z</time></trkpt><trkpt lat="46.485543" lon="11.816725"><ele>2171.640</ele><time>2021-09-02T10:06:16Z</time></trkpt><trkpt lat="46.485511" lon="11.816787"><ele>2171.584</ele><time>2021-09-02T10:06:19Z</time></trkpt><trkpt lat="46.485479" lon="11.816867"><ele>2171.485</ele><time>2021-09-02T10:06:22Z</time></trkpt><trkpt lat="46.485434" lon="11.816919"><ele>2171.040</ele><time>2021-09-02T10:06:25Z</time></trkpt><trkpt lat="46.485386" lon="11.816964"><ele>2170.115</ele><time>2021-09-02T10:06:28Z</time></trkpt><trkpt lat="46.485331" lon="11.816981"><ele>2169.265</ele><time>2021-09-02T10:06:31Z</time></trkpt><trkpt lat="46.485291" lon="11.817019"><ele>2168.511</ele><time>2021-09-02T10:06:34Z</time></trkpt><trkpt lat="46.485245" lon="11.817073"><ele>2167.708</ele><time>2021-09-02T10:06:37Z</time></trkpt><trkpt lat="46.485201" lon="11.817125"><ele>2167.269</ele><time>2021-09-02T10:06:40Z</time></trkpt><trkpt lat="46.485163" lon="11.817186"><ele>2166.873</ele><time>2021-09-02T10:06:43Z</time></trkpt><trkpt lat="46.485108" lon="11.817221"><ele>2166.558</ele><time>2021-09-02T10:06:46Z</time></trkpt><trkpt lat="46.485078" lon="11.817271"><ele>2166.569</ele><time>2021-09-02T10:06:49Z</time></trkpt><trkpt lat="46.485074" lon="11.817344"><ele>2166.583</ele><time>2021-09-02T10:06:52Z</time></trkpt><trkpt lat="46.485066" lon="11.817420"><ele>2166.747</ele><time>2021-09-02T10:06:56Z</time></trkpt><trkpt lat="46.485033" lon="11.817478"><ele>2166.848</ele><time>2021-09-02T10:07:00Z</time></trkpt><trkpt lat="46.484998" lon="11.817539"><ele>2167.253</ele><time>2021-09-02T10:07:05Z</time></trkpt><trkpt lat="46.484973" lon="11.817604"><ele>2167.443</ele><time>2021-09-02T10:07:08Z</time></trkpt><trkpt lat="46.484929" lon="11.817664"><ele>2167.164</ele><time>2021-09-02T10:07:12Z</time></trkpt><trkpt lat="46.484920" lon="11.817733"><ele>2166.910</ele><time>2021-09-02T10:07:15Z</time></trkpt><trkpt lat="46.484884" lon="11.817802"><ele>2167.108</ele><time>2021-09-02T10:07:18Z</time></trkpt><trkpt lat="46.484844" lon="11.817840"><ele>2167.262</ele><time>2021-09-02T10:07:20Z</time></trkpt><trkpt lat="46.484792" lon="11.817877"><ele>2167.016</ele><time>2021-09-02T10:07:23Z</time></trkpt><trkpt lat="46.484742" lon="11.817934"><ele>2166.341</ele><time>2021-09-02T10:07:26Z</time></trkpt><trkpt lat="46.484697" lon="11.818003"><ele>2165.882</ele><time>2021-09-02T10:07:29Z</time></trkpt><trkpt lat="46.484670" lon="11.818086"><ele>2165.896</ele><time>2021-09-02T10:07:32Z</time></trkpt><trkpt lat="46.484634" lon="11.818150"><ele>2165.830</ele><time>2021-09-02T10:07:35Z</time></trkpt><trkpt lat="46.484585" lon="11.818201"><ele>2165.431</ele><time>2021-09-02T10:07:38Z</time></trkpt><trkpt lat="46.484547" lon="11.818260"><ele>2165.116</ele><time>2021-09-02T10:07:41Z</time></trkpt><trkpt lat="46.484511" lon="11.818299"><ele>2164.574</ele><time>2021-09-02T10:07:44Z</time></trkpt><trkpt lat="46.484476" lon="11.818360"><ele>2163.356</ele><time>2021-09-02T10:07:49Z</time></trkpt><trkpt lat="46.484483" lon="11.818427"><ele>2162.221</ele><time>2021-09-02T10:07:52Z</time></trkpt><trkpt lat="46.484489" lon="11.818505"><ele>2161.208</ele><time>2021-09-02T10:07:55Z</time></trkpt><trkpt lat="46.484458" lon="11.818567"><ele>2160.995</ele><time>2021-09-02T10:07:58Z</time></trkpt><trkpt lat="46.484460" lon="11.818652"><ele>2161.139</ele><time>2021-09-02T10:08:02Z</time></trkpt><trkpt lat="46.484498" lon="11.818701"><ele>2161.564</ele><time>2021-09-02T10:08:06Z</time></trkpt><trkpt lat="46.484519" lon="11.818762"><ele>2161.615</ele><time>2021-09-02T10:08:09Z</time></trkpt><trkpt lat="46.484512" lon="11.818847"><ele>2161.739</ele><time>2021-09-02T10:08:13Z</time></trkpt><trkpt lat="46.484481" lon="11.818925"><ele>2161.733</ele><time>2021-09-02T10:08:16Z</time></trkpt><trkpt lat="46.484455" lon="11.818996"><ele>2161.584</ele><time>2021-09-02T10:08:18Z</time></trkpt><trkpt lat="46.484430" lon="11.819063"><ele>2161.359</ele><time>2021-09-02T10:08:20Z</time></trkpt><trkpt lat="46.484412" lon="11.819133"><ele>2161.128</ele><time>2021-09-02T10:08:22Z</time></trkpt><trkpt lat="46.484403" lon="11.819233"><ele>2160.689</ele><time>2021-09-02T10:08:25Z</time></trkpt><trkpt lat="46.484382" lon="11.819294"><ele>2160.217</ele><time>2021-09-02T10:08:27Z</time></trkpt><trkpt lat="46.484354" lon="11.819367"><ele>2159.308</ele><time>2021-09-02T10:08:30Z</time></trkpt><trkpt lat="46.484325" lon="11.819424"><ele>2158.330</ele><time>2021-09-02T10:08:33Z</time></trkpt><trkpt lat="46.484288" lon="11.819481"><ele>2157.694</ele><time>2021-09-02T10:08:36Z</time></trkpt><trkpt lat="46.484247" lon="11.819540"><ele>2156.339</ele><time>2021-09-02T10:08:39Z</time></trkpt><trkpt lat="46.484205" lon="11.819591"><ele>2155.050</ele><time>2021-09-02T10:08:42Z</time></trkpt><trkpt lat="46.484163" lon="11.819628"><ele>2153.794</ele><time>2021-09-02T10:08:45Z</time></trkpt><trkpt lat="46.484148" lon="11.819706"><ele>2152.648</ele><time>2021-09-02T10:08:49Z</time></trkpt><trkpt lat="46.484146" lon="11.819793"><ele>2151.799</ele><time>2021-09-02T10:08:52Z</time></trkpt><trkpt lat="46.484190" lon="11.819843"><ele>2151.444</ele><time>2021-09-02T10:08:55Z</time></trkpt><trkpt lat="46.484229" lon="11.819906"><ele>2151.619</ele><time>2021-09-02T10:08:58Z</time></trkpt><trkpt lat="46.484236" lon="11.819988"><ele>2152.009</ele><time>2021-09-02T10:09:01Z</time></trkpt><trkpt lat="46.484275" lon="11.820056"><ele>2152.319</ele><time>2021-09-02T10:09:04Z</time></trkpt><trkpt lat="46.484313" lon="11.820133"><ele>2152.008</ele><time>2021-09-02T10:09:07Z</time></trkpt><trkpt lat="46.484339" lon="11.820206"><ele>2151.139</ele><time>2021-09-02T10:09:10Z</time></trkpt><trkpt lat="46.484334" lon="11.820281"><ele>2150.383</ele><time>2021-09-02T10:09:13Z</time></trkpt><trkpt lat="46.484317" lon="11.820360"><ele>2149.028</ele><time>2021-09-02T10:09:16Z</time></trkpt><trkpt lat="46.484298" lon="11.820447"><ele>2147.949</ele><time>2021-09-02T10:09:19Z</time></trkpt><trkpt lat="46.484261" lon="11.820506"><ele>2147.233</ele><time>2021-09-02T10:09:22Z</time></trkpt><trkpt lat="46.484219" lon="11.820533"><ele>2147.097</ele><time>2021-09-02T10:09:25Z</time></trkpt><trkpt lat="46.484174" lon="11.820523"><ele>2146.298</ele><time>2021-09-02T10:09:28Z</time></trkpt><trkpt lat="46.484119" lon="11.820505"><ele>2144.763</ele><time>2021-09-02T10:09:32Z</time></trkpt><trkpt lat="46.484083" lon="11.820558"><ele>2143.322</ele><time>2021-09-02T10:09:35Z</time></trkpt><trkpt lat="46.484084" lon="11.820643"><ele>2141.762</ele><time>2021-09-02T10:09:38Z</time></trkpt><trkpt lat="46.484108" lon="11.820739"><ele>2140.208</ele><time>2021-09-02T10:09:41Z</time></trkpt><trkpt lat="46.484131" lon="11.820801"><ele>2139.608</ele><time>2021-09-02T10:09:43Z</time></trkpt><trkpt lat="46.484143" lon="11.820900"><ele>2139.380</ele><time>2021-09-02T10:09:46Z</time></trkpt><trkpt lat="46.484139" lon="11.820972"><ele>2139.284</ele><time>2021-09-02T10:09:48Z</time></trkpt><trkpt lat="46.484140" lon="11.821039"><ele>2139.279</ele><time>2021-09-02T10:09:50Z</time></trkpt><trkpt lat="46.484142" lon="11.821134"><ele>2139.270</ele><time>2021-09-02T10:09:53Z</time></trkpt><trkpt lat="46.484158" lon="11.821228"><ele>2139.494</ele><time>2021-09-02T10:09:56Z</time></trkpt><trkpt lat="46.484159" lon="11.821325"><ele>2139.668</ele><time>2021-09-02T10:09:59Z</time></trkpt><trkpt lat="46.484153" lon="11.821418"><ele>2139.399</ele><time>2021-09-02T10:10:02Z</time></trkpt><trkpt lat="46.484145" lon="11.821514"><ele>2138.434</ele><time>2021-09-02T10:10:05Z</time></trkpt><trkpt lat="46.484141" lon="11.821608"><ele>2137.391</ele><time>2021-09-02T10:10:08Z</time></trkpt><trkpt lat="46.484138" lon="11.821705"><ele>2136.381</ele><time>2021-09-02T10:10:11Z</time></trkpt><trkpt lat="46.484124" lon="11.821802"><ele>2135.419</ele><time>2021-09-02T10:10:14Z</time></trkpt><trkpt lat="46.484111" lon="11.821868"><ele>2134.908</ele><time>2021-09-02T10:10:16Z</time></trkpt><trkpt lat="46.484092" lon="11.821964"><ele>2134.597</ele><time>2021-09-02T10:10:19Z</time></trkpt><trkpt lat="46.484070" lon="11.822027"><ele>2134.271</ele><time>2021-09-02T10:10:21Z</time></trkpt><trkpt lat="46.484053" lon="11.822089"><ele>2133.946</ele><time>2021-09-02T10:10:23Z</time></trkpt><trkpt lat="46.484060" lon="11.822180"><ele>2133.417</ele><time>2021-09-02T10:10:26Z</time></trkpt><trkpt lat="46.484101" lon="11.822247"><ele>2132.421</ele><time>2021-09-02T10:10:29Z</time></trkpt><trkpt lat="46.484141" lon="11.822314"><ele>2131.385</ele><time>2021-09-02T10:10:32Z</time></trkpt><trkpt lat="46.484175" lon="11.822390"><ele>2130.186</ele><time>2021-09-02T10:10:35Z</time></trkpt><trkpt lat="46.484229" lon="11.822425"><ele>2128.951</ele><time>2021-09-02T10:10:38Z</time></trkpt><trkpt lat="46.484260" lon="11.822379"><ele>2127.257</ele><time>2021-09-02T10:10:56Z</time></trkpt><trkpt lat="46.484307" lon="11.822417"><ele>2126.500</ele><time>2021-09-02T10:11:03Z</time></trkpt><trkpt lat="46.484347" lon="11.822467"><ele>2125.620</ele><time>2021-09-02T10:11:08Z</time></trkpt><trkpt lat="46.484389" lon="11.822515"><ele>2125.008</ele><time>2021-09-02T10:11:11Z</time></trkpt><trkpt lat="46.484422" lon="11.822571"><ele>2123.823</ele><time>2021-09-02T10:11:14Z</time></trkpt><trkpt lat="46.484450" lon="11.822626"><ele>2121.937</ele><time>2021-09-02T10:11:19Z</time></trkpt><trkpt lat="46.484474" lon="11.822684"><ele>2121.052</ele><time>2021-09-02T10:11:23Z</time></trkpt><trkpt lat="46.484510" lon="11.822741"><ele>2120.253</ele><time>2021-09-02T10:11:27Z</time></trkpt><trkpt lat="46.484551" lon="11.822801"><ele>2118.857</ele><time>2021-09-02T10:11:31Z</time></trkpt><trkpt lat="46.484586" lon="11.822864"><ele>2117.881</ele><time>2021-09-02T10:11:34Z</time></trkpt><trkpt lat="46.484632" lon="11.822899"><ele>2116.722</ele><time>2021-09-02T10:11:37Z</time></trkpt><trkpt lat="46.484669" lon="11.822954"><ele>2115.587</ele><time>2021-09-02T10:11:40Z</time></trkpt><trkpt lat="46.484700" lon="11.823018"><ele>2113.978</ele><time>2021-09-02T10:11:43Z</time></trkpt><trkpt lat="46.484739" lon="11.823070"><ele>2112.333</ele><time>2021-09-02T10:11:46Z</time></trkpt><trkpt lat="46.484778" lon="11.823137"><ele>2110.826</ele><time>2021-09-02T10:11:49Z</time></trkpt><trkpt lat="46.484804" lon="11.823199"><ele>2109.908</ele><time>2021-09-02T10:11:51Z</time></trkpt><trkpt lat="46.484817" lon="11.823287"><ele>2108.525</ele><time>2021-09-02T10:11:54Z</time></trkpt><trkpt lat="46.484854" lon="11.823372"><ele>2107.079</ele><time>2021-09-02T10:11:57Z</time></trkpt><trkpt lat="46.484880" lon="11.823460"><ele>2105.334</ele><time>2021-09-02T10:12:00Z</time></trkpt><trkpt lat="46.484916" lon="11.823542"><ele>2103.855</ele><time>2021-09-02T10:12:03Z</time></trkpt><trkpt lat="46.484951" lon="11.823618"><ele>2102.519</ele><time>2021-09-02T10:12:06Z</time></trkpt><trkpt lat="46.484982" lon="11.823689"><ele>2101.123</ele><time>2021-09-02T10:12:09Z</time></trkpt><trkpt lat="46.485001" lon="11.823750"><ele>2100.094</ele><time>2021-09-02T10:12:11Z</time></trkpt><trkpt lat="46.485029" lon="11.823801"><ele>2098.829</ele><time>2021-09-02T10:12:13Z</time></trkpt><trkpt lat="46.485068" lon="11.823880"><ele>2097.441</ele><time>2021-09-02T10:12:16Z</time></trkpt><trkpt lat="46.485092" lon="11.823960"><ele>2096.181</ele><time>2021-09-02T10:12:19Z</time></trkpt><trkpt lat="46.485123" lon="11.824033"><ele>2094.709</ele><time>2021-09-02T10:12:22Z</time></trkpt><trkpt lat="46.485156" lon="11.824078"><ele>2094.008</ele><time>2021-09-02T10:12:24Z</time></trkpt><trkpt lat="46.485180" lon="11.824141"><ele>2093.272</ele><time>2021-09-02T10:12:26Z</time></trkpt><trkpt lat="46.485201" lon="11.824224"><ele>2091.876</ele><time>2021-09-02T10:12:29Z</time></trkpt><trkpt lat="46.485220" lon="11.824301"><ele>2090.761</ele><time>2021-09-02T10:12:32Z</time></trkpt><trkpt lat="46.485260" lon="11.824378"><ele>2089.752</ele><time>2021-09-02T10:12:35Z</time></trkpt><trkpt lat="46.485285" lon="11.824434"><ele>2088.916</ele><time>2021-09-02T10:12:37Z</time></trkpt><trkpt lat="46.485326" lon="11.824509"><ele>2087.720</ele><time>2021-09-02T10:12:40Z</time></trkpt><trkpt lat="46.485364" lon="11.824588"><ele>2086.511</ele><time>2021-09-02T10:12:43Z</time></trkpt><trkpt lat="46.485398" lon="11.824666"><ele>2085.456</ele><time>2021-09-02T10:12:46Z</time></trkpt><trkpt lat="46.485418" lon="11.824730"><ele>2084.733</ele><time>2021-09-02T10:12:48Z</time></trkpt><trkpt lat="46.485450" lon="11.824816"><ele>2083.423</ele><time>2021-09-02T10:12:51Z</time></trkpt><trkpt lat="46.485476" lon="11.824905"><ele>2082.015</ele><time>2021-09-02T10:12:54Z</time></trkpt><trkpt lat="46.485498" lon="11.824996"><ele>2081.008</ele><time>2021-09-02T10:12:57Z</time></trkpt><trkpt lat="46.485522" lon="11.825081"><ele>2079.971</ele><time>2021-09-02T10:13:00Z</time></trkpt><trkpt lat="46.485535" lon="11.825174"><ele>2078.445</ele><time>2021-09-02T10:13:03Z</time></trkpt><trkpt lat="46.485549" lon="11.825242"><ele>2077.520</ele><time>2021-09-02T10:13:05Z</time></trkpt><trkpt lat="46.485562" lon="11.825309"><ele>2076.741</ele><time>2021-09-02T10:13:07Z</time></trkpt><trkpt lat="46.485576" lon="11.825396"><ele>2075.865</ele><time>2021-09-02T10:13:10Z</time></trkpt><trkpt lat="46.485586" lon="11.825489"><ele>2074.669</ele><time>2021-09-02T10:13:13Z</time></trkpt><trkpt lat="46.485585" lon="11.825556"><ele>2073.760</ele><time>2021-09-02T10:13:15Z</time></trkpt><trkpt lat="46.485598" lon="11.825640"><ele>2072.365</ele><time>2021-09-02T10:13:18Z</time></trkpt><trkpt lat="46.485596" lon="11.825727"><ele>2070.853</ele><time>2021-09-02T10:13:21Z</time></trkpt><trkpt lat="46.485615" lon="11.825819"><ele>2069.304</ele><time>2021-09-02T10:13:24Z</time></trkpt><trkpt lat="46.485637" lon="11.825905"><ele>2067.814</ele><time>2021-09-02T10:13:27Z</time></trkpt><trkpt lat="46.485651" lon="11.825968"><ele>2066.908</ele><time>2021-09-02T10:13:29Z</time></trkpt><trkpt lat="46.485669" lon="11.826062"><ele>2065.643</ele><time>2021-09-02T10:13:32Z</time></trkpt><trkpt lat="46.485680" lon="11.826141"><ele>2064.427</ele><time>2021-09-02T10:13:35Z</time></trkpt><trkpt lat="46.485697" lon="11.826232"><ele>2063.572</ele><time>2021-09-02T10:13:38Z</time></trkpt><trkpt lat="46.485694" lon="11.826300"><ele>2062.473</ele><time>2021-09-02T10:13:41Z</time></trkpt><trkpt lat="46.485699" lon="11.826369"><ele>2061.077</ele><time>2021-09-02T10:13:44Z</time></trkpt><trkpt lat="46.485704" lon="11.826443"><ele>2059.611</ele><time>2021-09-02T10:13:47Z</time></trkpt><trkpt lat="46.485706" lon="11.826511"><ele>2058.222</ele><time>2021-09-02T10:13:50Z</time></trkpt><trkpt lat="46.485710" lon="11.826587"><ele>2056.767</ele><time>2021-09-02T10:13:53Z</time></trkpt><trkpt lat="46.485716" lon="11.826659"><ele>2055.368</ele><time>2021-09-02T10:13:56Z</time></trkpt><trkpt lat="46.485720" lon="11.826737"><ele>2054.142</ele><time>2021-09-02T10:13:59Z</time></trkpt><trkpt lat="46.485706" lon="11.826814"><ele>2052.826</ele><time>2021-09-02T10:14:02Z</time></trkpt><trkpt lat="46.485679" lon="11.826891"><ele>2051.208</ele><time>2021-09-02T10:14:05Z</time></trkpt><trkpt lat="46.485661" lon="11.826968"><ele>2049.464</ele><time>2021-09-02T10:14:08Z</time></trkpt><trkpt lat="46.485643" lon="11.827038"><ele>2047.958</ele><time>2021-09-02T10:14:11Z</time></trkpt><trkpt lat="46.485621" lon="11.827122"><ele>2046.793</ele><time>2021-09-02T10:14:14Z</time></trkpt><trkpt lat="46.485598" lon="11.827191"><ele>2045.684</ele><time>2021-09-02T10:14:17Z</time></trkpt><trkpt lat="46.485558" lon="11.827257"><ele>2044.748</ele><time>2021-09-02T10:14:21Z</time></trkpt><trkpt lat="46.485533" lon="11.827312"><ele>2044.052</ele><time>2021-09-02T10:14:24Z</time></trkpt><trkpt lat="46.485502" lon="11.827377"><ele>2042.323</ele><time>2021-09-02T10:14:28Z</time></trkpt><trkpt lat="46.485484" lon="11.827456"><ele>2040.558</ele><time>2021-09-02T10:14:32Z</time></trkpt><trkpt lat="46.485477" lon="11.827524"><ele>2039.134</ele><time>2021-09-02T10:14:35Z</time></trkpt><trkpt lat="46.485459" lon="11.827597"><ele>2037.655</ele><time>2021-09-02T10:14:38Z</time></trkpt><trkpt lat="46.485453" lon="11.827676"><ele>2035.910</ele><time>2021-09-02T10:14:41Z</time></trkpt><trkpt lat="46.485427" lon="11.827753"><ele>2034.208</ele><time>2021-09-02T10:14:44Z</time></trkpt><trkpt lat="46.485408" lon="11.827824"><ele>2032.831</ele><time>2021-09-02T10:14:47Z</time></trkpt><trkpt lat="46.485377" lon="11.827901"><ele>2031.365</ele><time>2021-09-02T10:14:50Z</time></trkpt><trkpt lat="46.485357" lon="11.827978"><ele>2029.830</ele><time>2021-09-02T10:14:53Z</time></trkpt><trkpt lat="46.485344" lon="11.828059"><ele>2028.371</ele><time>2021-09-02T10:14:56Z</time></trkpt><trkpt lat="46.485355" lon="11.828127"><ele>2027.245</ele><time>2021-09-02T10:14:58Z</time></trkpt><trkpt lat="46.485356" lon="11.828212"><ele>2026.199</ele><time>2021-09-02T10:15:01Z</time></trkpt><trkpt lat="46.485379" lon="11.828271"><ele>2025.580</ele><time>2021-09-02T10:15:03Z</time></trkpt><trkpt lat="46.485382" lon="11.828336"><ele>2024.875</ele><time>2021-09-02T10:15:05Z</time></trkpt><trkpt lat="46.485388" lon="11.828427"><ele>2023.599</ele><time>2021-09-02T10:15:08Z</time></trkpt><trkpt lat="46.485414" lon="11.828517"><ele>2022.407</ele><time>2021-09-02T10:15:11Z</time></trkpt><trkpt lat="46.485422" lon="11.828612"><ele>2021.327</ele><time>2021-09-02T10:15:14Z</time></trkpt><trkpt lat="46.485430" lon="11.828704"><ele>2020.308</ele><time>2021-09-02T10:15:17Z</time></trkpt><trkpt lat="46.485439" lon="11.828802"><ele>2019.337</ele><time>2021-09-02T10:15:20Z</time></trkpt><trkpt lat="46.485438" lon="11.828875"><ele>2018.531</ele><time>2021-09-02T10:15:22Z</time></trkpt><trkpt lat="46.485452" lon="11.828972"><ele>2017.316</ele><time>2021-09-02T10:15:25Z</time></trkpt><trkpt lat="46.485458" lon="11.829069"><ele>2016.467</ele><time>2021-09-02T10:15:28Z</time></trkpt><trkpt lat="46.485463" lon="11.829165"><ele>2015.971</ele><time>2021-09-02T10:15:31Z</time></trkpt><trkpt lat="46.485458" lon="11.829257"><ele>2015.755</ele><time>2021-09-02T10:15:34Z</time></trkpt><trkpt lat="46.485460" lon="11.829325"><ele>2015.656</ele><time>2021-09-02T10:15:36Z</time></trkpt><trkpt lat="46.485465" lon="11.829391"><ele>2015.431</ele><time>2021-09-02T10:15:38Z</time></trkpt><trkpt lat="46.485466" lon="11.829456"><ele>2015.368</ele><time>2021-09-02T10:15:40Z</time></trkpt><trkpt lat="46.485463" lon="11.829545"><ele>2015.042</ele><time>2021-09-02T10:15:43Z</time></trkpt><trkpt lat="46.485450" lon="11.829625"><ele>2014.826</ele><time>2021-09-02T10:15:46Z</time></trkpt><trkpt lat="46.485426" lon="11.829701"><ele>2014.508</ele><time>2021-09-02T10:15:49Z</time></trkpt><trkpt lat="46.485409" lon="11.829774"><ele>2014.154</ele><time>2021-09-02T10:15:52Z</time></trkpt><trkpt lat="46.485403" lon="11.829848"><ele>2013.628</ele><time>2021-09-02T10:15:55Z</time></trkpt><trkpt lat="46.485390" lon="11.829937"><ele>2012.963</ele><time>2021-09-02T10:15:58Z</time></trkpt><trkpt lat="46.485384" lon="11.830029"><ele>2011.994</ele><time>2021-09-02T10:16:01Z</time></trkpt><trkpt lat="46.485371" lon="11.830115"><ele>2011.038</ele><time>2021-09-02T10:16:04Z</time></trkpt><trkpt lat="46.485366" lon="11.830205"><ele>2010.172</ele><time>2021-09-02T10:16:07Z</time></trkpt><trkpt lat="46.485367" lon="11.830291"><ele>2009.143</ele><time>2021-09-02T10:16:10Z</time></trkpt><trkpt lat="46.485363" lon="11.830376"><ele>2008.038</ele><time>2021-09-02T10:16:13Z</time></trkpt><trkpt lat="46.485361" lon="11.830448"><ele>2006.641</ele><time>2021-09-02T10:16:16Z</time></trkpt><trkpt lat="46.485354" lon="11.830531"><ele>2005.281</ele><time>2021-09-02T10:16:19Z</time></trkpt><trkpt lat="46.485340" lon="11.830622"><ele>2003.909</ele><time>2021-09-02T10:16:22Z</time></trkpt><trkpt lat="46.485331" lon="11.830687"><ele>2003.108</ele><time>2021-09-02T10:16:24Z</time></trkpt><trkpt lat="46.485318" lon="11.830772"><ele>2001.912</ele><time>2021-09-02T10:16:27Z</time></trkpt><trkpt lat="46.485310" lon="11.830849"><ele>2000.546</ele><time>2021-09-02T10:16:30Z</time></trkpt><trkpt lat="46.485306" lon="11.830920"><ele>1999.141</ele><time>2021-09-02T10:16:33Z</time></trkpt><trkpt lat="46.485295" lon="11.830992"><ele>1997.892</ele><time>2021-09-02T10:16:36Z</time></trkpt><trkpt lat="46.485293" lon="11.831070"><ele>1996.346</ele><time>2021-09-02T10:16:39Z</time></trkpt><trkpt lat="46.485297" lon="11.831148"><ele>1994.970</ele><time>2021-09-02T10:16:42Z</time></trkpt><trkpt lat="46.485301" lon="11.831236"><ele>1993.581</ele><time>2021-09-02T10:16:45Z</time></trkpt><trkpt lat="46.485299" lon="11.831332"><ele>1992.286</ele><time>2021-09-02T10:16:48Z</time></trkpt><trkpt lat="46.485295" lon="11.831430"><ele>1991.192</ele><time>2021-09-02T10:16:51Z</time></trkpt><trkpt lat="46.485296" lon="11.831527"><ele>1990.173</ele><time>2021-09-02T10:16:54Z</time></trkpt><trkpt lat="46.485285" lon="11.831597"><ele>1989.320</ele><time>2021-09-02T10:16:57Z</time></trkpt><trkpt lat="46.485332" lon="11.831645"><ele>1988.908</ele><time>2021-09-02T10:17:00Z</time></trkpt><trkpt lat="46.485369" lon="11.831597"><ele>1988.627</ele><time>2021-09-02T10:17:02Z</time></trkpt><trkpt lat="46.485416" lon="11.831560"><ele>1988.031</ele><time>2021-09-02T10:17:05Z</time></trkpt><trkpt lat="46.485457" lon="11.831519"><ele>1987.756</ele><time>2021-09-02T10:17:08Z</time></trkpt><trkpt lat="46.485486" lon="11.831462"><ele>1987.697</ele><time>2021-09-02T10:17:11Z</time></trkpt><trkpt lat="46.485529" lon="11.831505"><ele>1983.351</ele><time>2021-09-02T10:17:27Z</time></trkpt><trkpt lat="46.485554" lon="11.831579"><ele>1982.695</ele><time>2021-09-02T10:17:31Z</time></trkpt><trkpt lat="46.485574" lon="11.831659"><ele>1982.126</ele><time>2021-09-02T10:17:35Z</time></trkpt><trkpt lat="46.485602" lon="11.831725"><ele>1981.441</ele><time>2021-09-02T10:17:38Z</time></trkpt><trkpt lat="46.485622" lon="11.831798"><ele>1980.647</ele><time>2021-09-02T10:17:41Z</time></trkpt><trkpt lat="46.485652" lon="11.831869"><ele>1979.629</ele><time>2021-09-02T10:17:44Z</time></trkpt><trkpt lat="46.485684" lon="11.831942"><ele>1978.621</ele><time>2021-09-02T10:17:47Z</time></trkpt><trkpt lat="46.485715" lon="11.831994"><ele>1977.908</ele><time>2021-09-02T10:17:49Z</time></trkpt><trkpt lat="46.485738" lon="11.832056"><ele>1977.322</ele><time>2021-09-02T10:17:51Z</time></trkpt><trkpt lat="46.485762" lon="11.832113"><ele>1976.766</ele><time>2021-09-02T10:17:53Z</time></trkpt><trkpt lat="46.485788" lon="11.832168"><ele>1976.051</ele><time>2021-09-02T10:17:55Z</time></trkpt><trkpt lat="46.485811" lon="11.832226"><ele>1975.562</ele><time>2021-09-02T10:17:57Z</time></trkpt><trkpt lat="46.485814" lon="11.832295"><ele>1974.796</ele><time>2021-09-02T10:17:59Z</time></trkpt><trkpt lat="46.485859" lon="11.832332"><ele>1973.660</ele><time>2021-09-02T10:18:36Z</time></trkpt><trkpt lat="46.485873" lon="11.832413"><ele>1973.011</ele><time>2021-09-02T10:18:41Z</time></trkpt><trkpt lat="46.485886" lon="11.832504"><ele>1972.596</ele><time>2021-09-02T10:18:44Z</time></trkpt><trkpt lat="46.485887" lon="11.832582"><ele>1971.892</ele><time>2021-09-02T10:18:47Z</time></trkpt><trkpt lat="46.485882" lon="11.832663"><ele>1971.073</ele><time>2021-09-02T10:18:50Z</time></trkpt><trkpt lat="46.485880" lon="11.832736"><ele>1969.920</ele><time>2021-09-02T10:18:53Z</time></trkpt><trkpt lat="46.485877" lon="11.832830"><ele>1968.808</ele><time>2021-09-02T10:18:56Z</time></trkpt><trkpt lat="46.485872" lon="11.832919"><ele>1967.747</ele><time>2021-09-02T10:18:59Z</time></trkpt><trkpt lat="46.485870" lon="11.832988"><ele>1967.151</ele><time>2021-09-02T10:19:01Z</time></trkpt><trkpt lat="46.485864" lon="11.833055"><ele>1966.626</ele><time>2021-09-02T10:19:03Z</time></trkpt><trkpt lat="46.485843" lon="11.833118"><ele>1966.197</ele><time>2021-09-02T10:19:05Z</time></trkpt><trkpt lat="46.485818" lon="11.833182"><ele>1965.591</ele><time>2021-09-02T10:19:07Z</time></trkpt><trkpt lat="46.485789" lon="11.833258"><ele>1964.795</ele><time>2021-09-02T10:19:10Z</time></trkpt><trkpt lat="46.485756" lon="11.833326"><ele>1963.846</ele><time>2021-09-02T10:19:13Z</time></trkpt><trkpt lat="46.485733" lon="11.833409"><ele>1962.881</ele><time>2021-09-02T10:19:16Z</time></trkpt><trkpt lat="46.485699" lon="11.833481"><ele>1962.099</ele><time>2021-09-02T10:19:19Z</time></trkpt><trkpt lat="46.485675" lon="11.833562"><ele>1961.107</ele><time>2021-09-02T10:19:22Z</time></trkpt><trkpt lat="46.485663" lon="11.833652"><ele>1960.527</ele><time>2021-09-02T10:19:25Z</time></trkpt><trkpt lat="46.485636" lon="11.833732"><ele>1959.908</ele><time>2021-09-02T10:19:28Z</time></trkpt><trkpt lat="46.485608" lon="11.833808"><ele>1959.237</ele><time>2021-09-02T10:19:31Z</time></trkpt><trkpt lat="46.485609" lon="11.833880"><ele>1958.491</ele><time>2021-09-02T10:19:34Z</time></trkpt><trkpt lat="46.485619" lon="11.833956"><ele>1957.746</ele><time>2021-09-02T10:19:46Z</time></trkpt><trkpt lat="46.485623" lon="11.834027"><ele>1957.637</ele><time>2021-09-02T10:19:49Z</time></trkpt><trkpt lat="46.485623" lon="11.834097"><ele>1957.371</ele><time>2021-09-02T10:19:52Z</time></trkpt><trkpt lat="46.485642" lon="11.834161"><ele>1956.985</ele><time>2021-09-02T10:19:55Z</time></trkpt><trkpt lat="46.485660" lon="11.834238"><ele>1956.496</ele><time>2021-09-02T10:19:58Z</time></trkpt><trkpt lat="46.485633" lon="11.834324"><ele>1955.891</ele><time>2021-09-02T10:20:01Z</time></trkpt><trkpt lat="46.485636" lon="11.834423"><ele>1955.981</ele><time>2021-09-02T10:20:04Z</time></trkpt><trkpt lat="46.485654" lon="11.834508"><ele>1956.261</ele><time>2021-09-02T10:20:07Z</time></trkpt><trkpt lat="46.485676" lon="11.834583"><ele>1956.017</ele><time>2021-09-02T10:20:10Z</time></trkpt><trkpt lat="46.485661" lon="11.834669"><ele>1955.108</ele><time>2021-09-02T10:20:13Z</time></trkpt><trkpt lat="46.485640" lon="11.834745"><ele>1954.316</ele><time>2021-09-02T10:20:16Z</time></trkpt><trkpt lat="46.485674" lon="11.834800"><ele>1953.980</ele><time>2021-09-02T10:20:19Z</time></trkpt><trkpt lat="46.485724" lon="11.834848"><ele>1952.615</ele><time>2021-09-02T10:20:23Z</time></trkpt><trkpt lat="46.485718" lon="11.834939"><ele>1951.556</ele><time>2021-09-02T10:20:26Z</time></trkpt><trkpt lat="46.485696" lon="11.835026"><ele>1950.530</ele><time>2021-09-02T10:20:29Z</time></trkpt><trkpt lat="46.485671" lon="11.835104"><ele>1949.864</ele><time>2021-09-02T10:20:32Z</time></trkpt><trkpt lat="46.485631" lon="11.835173"><ele>1948.715</ele><time>2021-09-02T10:20:35Z</time></trkpt><trkpt lat="46.485590" lon="11.835231"><ele>1947.710</ele><time>2021-09-02T10:20:38Z</time></trkpt><trkpt lat="46.485551" lon="11.835292"><ele>1946.534</ele><time>2021-09-02T10:20:41Z</time></trkpt><trkpt lat="46.485533" lon="11.835371"><ele>1945.355</ele><time>2021-09-02T10:20:44Z</time></trkpt><trkpt lat="46.485519" lon="11.835452"><ele>1944.210</ele><time>2021-09-02T10:20:47Z</time></trkpt><trkpt lat="46.485531" lon="11.835537"><ele>1943.208</ele><time>2021-09-02T10:20:50Z</time></trkpt><trkpt lat="46.485552" lon="11.835618"><ele>1942.291</ele><time>2021-09-02T10:20:53Z</time></trkpt><trkpt lat="46.485573" lon="11.835697"><ele>1941.495</ele><time>2021-09-02T10:20:56Z</time></trkpt><trkpt lat="46.485574" lon="11.835783"><ele>1940.610</ele><time>2021-09-02T10:20:59Z</time></trkpt><trkpt lat="46.485585" lon="11.835867"><ele>1939.671</ele><time>2021-09-02T10:21:02Z</time></trkpt><trkpt lat="46.485576" lon="11.835956"><ele>1938.785</ele><time>2021-09-02T10:21:05Z</time></trkpt><trkpt lat="46.485555" lon="11.836016"><ele>1938.039</ele><time>2021-09-02T10:21:07Z</time></trkpt><trkpt lat="46.485526" lon="11.836080"><ele>1937.210</ele><time>2021-09-02T10:21:09Z</time></trkpt><trkpt lat="46.485500" lon="11.836154"><ele>1936.665</ele><time>2021-09-02T10:21:11Z</time></trkpt><trkpt lat="46.485483" lon="11.836222"><ele>1936.284</ele><time>2021-09-02T10:21:13Z</time></trkpt><trkpt lat="46.485503" lon="11.836291"><ele>1935.607</ele><time>2021-09-02T10:21:15Z</time></trkpt><trkpt lat="46.485520" lon="11.836376"><ele>1934.517</ele><time>2021-09-02T10:21:18Z</time></trkpt><trkpt lat="46.485553" lon="11.836448"><ele>1933.408</ele><time>2021-09-02T10:21:21Z</time></trkpt><trkpt lat="46.485576" lon="11.836536"><ele>1932.496</ele><time>2021-09-02T10:21:24Z</time></trkpt><trkpt lat="46.485598" lon="11.836617"><ele>1931.590</ele><time>2021-09-02T10:21:27Z</time></trkpt><trkpt lat="46.485618" lon="11.836693"><ele>1930.515</ele><time>2021-09-02T10:21:30Z</time></trkpt><trkpt lat="46.485635" lon="11.836771"><ele>1929.466</ele><time>2021-09-02T10:21:34Z</time></trkpt><trkpt lat="46.485674" lon="11.836823"><ele>1929.220</ele><time>2021-09-02T10:21:37Z</time></trkpt><trkpt lat="46.485711" lon="11.836862"><ele>1928.724</ele><time>2021-09-02T10:21:40Z</time></trkpt><trkpt lat="46.485754" lon="11.836886"><ele>1928.055</ele><time>2021-09-02T10:21:43Z</time></trkpt><trkpt lat="46.485790" lon="11.836939"><ele>1927.450</ele><time>2021-09-02T10:21:46Z</time></trkpt><trkpt lat="46.485835" lon="11.836980"><ele>1926.886</ele><time>2021-09-02T10:21:49Z</time></trkpt><trkpt lat="46.485886" lon="11.837027"><ele>1925.860</ele><time>2021-09-02T10:21:52Z</time></trkpt><trkpt lat="46.485930" lon="11.837071"><ele>1925.126</ele><time>2021-09-02T10:21:54Z</time></trkpt><trkpt lat="46.485975" lon="11.837144"><ele>1924.108</ele><time>2021-09-02T10:21:57Z</time></trkpt><trkpt lat="46.485999" lon="11.837205"><ele>1923.416</ele><time>2021-09-02T10:21:59Z</time></trkpt><trkpt lat="46.486000" lon="11.837285"><ele>1922.960</ele><time>2021-09-02T10:22:01Z</time></trkpt><trkpt lat="46.486003" lon="11.837355"><ele>1922.445</ele><time>2021-09-02T10:22:03Z</time></trkpt><trkpt lat="46.486043" lon="11.837436"><ele>1922.216</ele><time>2021-09-02T10:22:06Z</time></trkpt><trkpt lat="46.486085" lon="11.837484"><ele>1922.190</ele><time>2021-09-02T10:22:08Z</time></trkpt><trkpt lat="46.486128" lon="11.837516"><ele>1921.854</ele><time>2021-09-02T10:22:10Z</time></trkpt><trkpt lat="46.486173" lon="11.837556"><ele>1921.325</ele><time>2021-09-02T10:22:12Z</time></trkpt><trkpt lat="46.486215" lon="11.837590"><ele>1921.050</ele><time>2021-09-02T10:22:14Z</time></trkpt><trkpt lat="46.486247" lon="11.837638"><ele>1920.678</ele><time>2021-09-02T10:22:16Z</time></trkpt><trkpt lat="46.486277" lon="11.837690"><ele>1920.233</ele><time>2021-09-02T10:22:18Z</time></trkpt><trkpt lat="46.486303" lon="11.837756"><ele>1919.826</ele><time>2021-09-02T10:22:20Z</time></trkpt><trkpt lat="46.486327" lon="11.837818"><ele>1919.308</ele><time>2021-09-02T10:22:22Z</time></trkpt><trkpt lat="46.486343" lon="11.837890"><ele>1918.815</ele><time>2021-09-02T10:22:24Z</time></trkpt><trkpt lat="46.486358" lon="11.837958"><ele>1918.279</ele><time>2021-09-02T10:22:26Z</time></trkpt><trkpt lat="46.486374" lon="11.838021"><ele>1917.694</ele><time>2021-09-02T10:22:28Z</time></trkpt><trkpt lat="46.486395" lon="11.838081"><ele>1917.085</ele><time>2021-09-02T10:22:30Z</time></trkpt><trkpt lat="46.486402" lon="11.838155"><ele>1916.399</ele><time>2021-09-02T10:22:32Z</time></trkpt><trkpt lat="46.486418" lon="11.838218"><ele>1915.743</ele><time>2021-09-02T10:22:34Z</time></trkpt><trkpt lat="46.486451" lon="11.838286"><ele>1914.974</ele><time>2021-09-02T10:22:37Z</time></trkpt><trkpt lat="46.486469" lon="11.838370"><ele>1914.029</ele><time>2021-09-02T10:22:40Z</time></trkpt><trkpt lat="46.486477" lon="11.838434"><ele>1913.259</ele><time>2021-09-02T10:22:42Z</time></trkpt><trkpt lat="46.486487" lon="11.838518"><ele>1912.303</ele><time>2021-09-02T10:22:45Z</time></trkpt><trkpt lat="46.486489" lon="11.838595"><ele>1911.423</ele><time>2021-09-02T10:22:48Z</time></trkpt><trkpt lat="46.486487" lon="11.838679"><ele>1910.508</ele><time>2021-09-02T10:22:51Z</time></trkpt><trkpt lat="46.486490" lon="11.838758"><ele>1909.613</ele><time>2021-09-02T10:22:54Z</time></trkpt><trkpt lat="46.486496" lon="11.838831"><ele>1908.727</ele><time>2021-09-02T10:22:57Z</time></trkpt><trkpt lat="46.486496" lon="11.838921"><ele>1907.812</ele><time>2021-09-02T10:23:00Z</time></trkpt><trkpt lat="46.486493" lon="11.839008"><ele>1906.763</ele><time>2021-09-02T10:23:03Z</time></trkpt><trkpt lat="46.486501" lon="11.839084"><ele>1905.837</ele><time>2021-09-02T10:23:06Z</time></trkpt><trkpt lat="46.486528" lon="11.839160"><ele>1904.751</ele><time>2021-09-02T10:23:09Z</time></trkpt><trkpt lat="46.486568" lon="11.839225"><ele>1903.792</ele><time>2021-09-02T10:23:12Z</time></trkpt><trkpt lat="46.486602" lon="11.839281"><ele>1902.897</ele><time>2021-09-02T10:23:15Z</time></trkpt><trkpt lat="46.486639" lon="11.839341"><ele>1901.785</ele><time>2021-09-02T10:23:18Z</time></trkpt><trkpt lat="46.486667" lon="11.839410"><ele>1900.589</ele><time>2021-09-02T10:23:21Z</time></trkpt><trkpt lat="46.486693" lon="11.839468"><ele>1899.317</ele><time>2021-09-02T10:23:24Z</time></trkpt><trkpt lat="46.486718" lon="11.839538"><ele>1898.208</ele><time>2021-09-02T10:23:27Z</time></trkpt><trkpt lat="46.486763" lon="11.839584"><ele>1897.316</ele><time>2021-09-02T10:23:30Z</time></trkpt><trkpt lat="46.486800" lon="11.839650"><ele>1896.360</ele><time>2021-09-02T10:23:33Z</time></trkpt><trkpt lat="46.486822" lon="11.839734"><ele>1895.315</ele><time>2021-09-02T10:23:36Z</time></trkpt><trkpt lat="46.486823" lon="11.839813"><ele>1894.736</ele><time>2021-09-02T10:23:38Z</time></trkpt><trkpt lat="46.486825" lon="11.839889"><ele>1894.120</ele><time>2021-09-02T10:23:40Z</time></trkpt><trkpt lat="46.486826" lon="11.839961"><ele>1893.464</ele><time>2021-09-02T10:23:42Z</time></trkpt><trkpt lat="46.486822" lon="11.840029"><ele>1892.865</ele><time>2021-09-02T10:23:44Z</time></trkpt><trkpt lat="46.486830" lon="11.840128"><ele>1891.870</ele><time>2021-09-02T10:23:47Z</time></trkpt><trkpt lat="46.486840" lon="11.840192"><ele>1891.135</ele><time>2021-09-02T10:23:49Z</time></trkpt><trkpt lat="46.486843" lon="11.840285"><ele>1889.986</ele><time>2021-09-02T10:23:52Z</time></trkpt><trkpt lat="46.486860" lon="11.840372"><ele>1888.814</ele><time>2021-09-02T10:23:55Z</time></trkpt><trkpt lat="46.486871" lon="11.840462"><ele>1887.908</ele><time>2021-09-02T10:23:58Z</time></trkpt><trkpt lat="46.486895" lon="11.840548"><ele>1887.061</ele><time>2021-09-02T10:24:01Z</time></trkpt><trkpt lat="46.486913" lon="11.840638"><ele>1886.175</ele><time>2021-09-02T10:24:04Z</time></trkpt><trkpt lat="46.486917" lon="11.840734"><ele>1885.390</ele><time>2021-09-02T10:24:07Z</time></trkpt><trkpt lat="46.486928" lon="11.840832"><ele>1884.421</ele><time>2021-09-02T10:24:10Z</time></trkpt><trkpt lat="46.486927" lon="11.840897"><ele>1883.775</ele><time>2021-09-02T10:24:12Z</time></trkpt><trkpt lat="46.486914" lon="11.840976"><ele>1882.849</ele><time>2021-09-02T10:24:14Z</time></trkpt><trkpt lat="46.486927" lon="11.841039"><ele>1882.120</ele><time>2021-09-02T10:24:16Z</time></trkpt><trkpt lat="46.486938" lon="11.841107"><ele>1881.425</ele><time>2021-09-02T10:24:18Z</time></trkpt><trkpt lat="46.486950" lon="11.841170"><ele>1880.878</ele><time>2021-09-02T10:24:20Z</time></trkpt><trkpt lat="46.486956" lon="11.841236"><ele>1880.333</ele><time>2021-09-02T10:24:22Z</time></trkpt><trkpt lat="46.486972" lon="11.841305"><ele>1879.726</ele><time>2021-09-02T10:24:24Z</time></trkpt><trkpt lat="46.486990" lon="11.841369"><ele>1879.208</ele><time>2021-09-02T10:24:26Z</time></trkpt><trkpt lat="46.487026" lon="11.841429"><ele>1878.875</ele><time>2021-09-02T10:24:28Z</time></trkpt><trkpt lat="46.487032" lon="11.841506"><ele>1878.549</ele><time>2021-09-02T10:24:30Z</time></trkpt><trkpt lat="46.487052" lon="11.841565"><ele>1878.384</ele><time>2021-09-02T10:24:32Z</time></trkpt><trkpt lat="46.487085" lon="11.841644"><ele>1877.795</ele><time>2021-09-02T10:24:35Z</time></trkpt><trkpt lat="46.487118" lon="11.841728"><ele>1876.739</ele><time>2021-09-02T10:24:38Z</time></trkpt><trkpt lat="46.487134" lon="11.841811"><ele>1875.673</ele><time>2021-09-02T10:24:41Z</time></trkpt><trkpt lat="46.487166" lon="11.841864"><ele>1875.034</ele><time>2021-09-02T10:24:43Z</time></trkpt><trkpt lat="46.487193" lon="11.841917"><ele>1874.469</ele><time>2021-09-02T10:24:45Z</time></trkpt><trkpt lat="46.487213" lon="11.842010"><ele>1873.773</ele><time>2021-09-02T10:24:48Z</time></trkpt><trkpt lat="46.487235" lon="11.842069"><ele>1873.385</ele><time>2021-09-02T10:24:50Z</time></trkpt><trkpt lat="46.487258" lon="11.842128"><ele>1872.913</ele><time>2021-09-02T10:24:52Z</time></trkpt><trkpt lat="46.487286" lon="11.842217"><ele>1872.208</ele><time>2021-09-02T10:24:55Z</time></trkpt><trkpt lat="46.487300" lon="11.842312"><ele>1871.345</ele><time>2021-09-02T10:24:58Z</time></trkpt><trkpt lat="46.487304" lon="11.842380"><ele>1870.749</ele><time>2021-09-02T10:25:00Z</time></trkpt><trkpt lat="46.487320" lon="11.842473"><ele>1869.914</ele><time>2021-09-02T10:25:03Z</time></trkpt><trkpt lat="46.487347" lon="11.842529"><ele>1869.475</ele><time>2021-09-02T10:25:05Z</time></trkpt><trkpt lat="46.487376" lon="11.842587"><ele>1868.919</ele><time>2021-09-02T10:25:07Z</time></trkpt><trkpt lat="46.487391" lon="11.842679"><ele>1868.113</ele><time>2021-09-02T10:25:10Z</time></trkpt><trkpt lat="46.487409" lon="11.842741"><ele>1867.724</ele><time>2021-09-02T10:25:12Z</time></trkpt><trkpt lat="46.487435" lon="11.842823"><ele>1866.899</ele><time>2021-09-02T10:25:15Z</time></trkpt><trkpt lat="46.487442" lon="11.842919"><ele>1866.026</ele><time>2021-09-02T10:25:18Z</time></trkpt><trkpt lat="46.487445" lon="11.843011"><ele>1865.147</ele><time>2021-09-02T10:25:21Z</time></trkpt><trkpt lat="46.487447" lon="11.843102"><ele>1864.311</ele><time>2021-09-02T10:25:24Z</time></trkpt><trkpt lat="46.487450" lon="11.843189"><ele>1863.808</ele><time>2021-09-02T10:25:27Z</time></trkpt><trkpt lat="46.487478" lon="11.843269"><ele>1863.370</ele><time>2021-09-02T10:25:30Z</time></trkpt><trkpt lat="46.487497" lon="11.843338"><ele>1862.654</ele><time>2021-09-02T10:25:33Z</time></trkpt><trkpt lat="46.487549" lon="11.843388"><ele>1861.869</ele><time>2021-09-02T10:25:36Z</time></trkpt><trkpt lat="46.487600" lon="11.843439"><ele>1861.150</ele><time>2021-09-02T10:25:39Z</time></trkpt><trkpt lat="46.487648" lon="11.843509"><ele>1860.274</ele><time>2021-09-02T10:25:42Z</time></trkpt><trkpt lat="46.487686" lon="11.843555"><ele>1859.698</ele><time>2021-09-02T10:25:44Z</time></trkpt><trkpt lat="46.487731" lon="11.843588"><ele>1859.039</ele><time>2021-09-02T10:25:46Z</time></trkpt><trkpt lat="46.487767" lon="11.843628"><ele>1858.534</ele><time>2021-09-02T10:25:48Z</time></trkpt><trkpt lat="46.487801" lon="11.843688"><ele>1857.516</ele><time>2021-09-02T10:25:51Z</time></trkpt><trkpt lat="46.487820" lon="11.843767"><ele>1856.276</ele><time>2021-09-02T10:25:54Z</time></trkpt><trkpt lat="46.487813" lon="11.843836"><ele>1855.113</ele><time>2021-09-02T10:25:56Z</time></trkpt><trkpt lat="46.487808" lon="11.843903"><ele>1854.308</ele><time>2021-09-02T10:25:58Z</time></trkpt><trkpt lat="46.487804" lon="11.843971"><ele>1853.839</ele><time>2021-09-02T10:26:00Z</time></trkpt><trkpt lat="46.487806" lon="11.844047"><ele>1853.573</ele><time>2021-09-02T10:26:02Z</time></trkpt><trkpt lat="46.487801" lon="11.844121"><ele>1853.448</ele><time>2021-09-02T10:26:04Z</time></trkpt><trkpt lat="46.487805" lon="11.844220"><ele>1853.389</ele><time>2021-09-02T10:26:07Z</time></trkpt><trkpt lat="46.487812" lon="11.844290"><ele>1853.273</ele><time>2021-09-02T10:26:09Z</time></trkpt><trkpt lat="46.487826" lon="11.844383"><ele>1853.137</ele><time>2021-09-02T10:26:12Z</time></trkpt><trkpt lat="46.487832" lon="11.844475"><ele>1852.718</ele><time>2021-09-02T10:26:15Z</time></trkpt><trkpt lat="46.487836" lon="11.844568"><ele>1852.423</ele><time>2021-09-02T10:26:18Z</time></trkpt><trkpt lat="46.487843" lon="11.844661"><ele>1852.185</ele><time>2021-09-02T10:26:21Z</time></trkpt><trkpt lat="46.487828" lon="11.844754"><ele>1851.689</ele><time>2021-09-02T10:26:24Z</time></trkpt><trkpt lat="46.487823" lon="11.844845"><ele>1851.017</ele><time>2021-09-02T10:26:27Z</time></trkpt><trkpt lat="46.487837" lon="11.844936"><ele>1850.208</ele><time>2021-09-02T10:26:30Z</time></trkpt><trkpt lat="46.487832" lon="11.845025"><ele>1849.616</ele><time>2021-09-02T10:26:33Z</time></trkpt><trkpt lat="46.487809" lon="11.845093"><ele>1849.610</ele><time>2021-09-02T10:26:35Z</time></trkpt><trkpt lat="46.487785" lon="11.845152"><ele>1849.695</ele><time>2021-09-02T10:26:37Z</time></trkpt><trkpt lat="46.487748" lon="11.845225"><ele>1849.356</ele><time>2021-09-02T10:26:40Z</time></trkpt><trkpt lat="46.487733" lon="11.845322"><ele>1848.760</ele><time>2021-09-02T10:26:43Z</time></trkpt><trkpt lat="46.487732" lon="11.845394"><ele>1848.484</ele><time>2021-09-02T10:26:45Z</time></trkpt><trkpt lat="46.487753" lon="11.845481"><ele>1847.825</ele><time>2021-09-02T10:26:48Z</time></trkpt><trkpt lat="46.487791" lon="11.845519"><ele>1847.170</ele><time>2021-09-02T10:26:50Z</time></trkpt><trkpt lat="46.487848" lon="11.845488"><ele>1846.295</ele><time>2021-09-02T10:26:53Z</time></trkpt><trkpt lat="46.487876" lon="11.845433"><ele>1846.049</ele><time>2021-09-02T10:26:54Z</time></trkpt><trkpt lat="46.487905" lon="11.845379"><ele>1845.723</ele><time>2021-09-02T10:26:56Z</time></trkpt><trkpt lat="46.487909" lon="11.845311"><ele>1845.508</ele><time>2021-09-02T10:26:58Z</time></trkpt><trkpt lat="46.487929" lon="11.845222"><ele>1845.357</ele><time>2021-09-02T10:27:01Z</time></trkpt><trkpt lat="46.487956" lon="11.845144"><ele>1845.041</ele><time>2021-09-02T10:27:04Z</time></trkpt><trkpt lat="46.487981" lon="11.845058"><ele>1844.756</ele><time>2021-09-02T10:27:07Z</time></trkpt><trkpt lat="46.488000" lon="11.844999"><ele>1844.647</ele><time>2021-09-02T10:27:09Z</time></trkpt><trkpt lat="46.488046" lon="11.844981"><ele>1844.591</ele><time>2021-09-02T10:27:11Z</time></trkpt><trkpt lat="46.488095" lon="11.844985"><ele>1844.575</ele><time>2021-09-02T10:27:13Z</time></trkpt><trkpt lat="46.488160" lon="11.845009"><ele>1843.836</ele><time>2021-09-02T10:27:16Z</time></trkpt><trkpt lat="46.488193" lon="11.845094"><ele>1842.711</ele><time>2021-09-02T10:27:19Z</time></trkpt><trkpt lat="46.488204" lon="11.845160"><ele>1842.097</ele><time>2021-09-02T10:27:21Z</time></trkpt><trkpt lat="46.488192" lon="11.845248"><ele>1841.223</ele><time>2021-09-02T10:27:23Z</time></trkpt><trkpt lat="46.488197" lon="11.845345"><ele>1840.025</ele><time>2021-09-02T10:27:26Z</time></trkpt><trkpt lat="46.488193" lon="11.845432"><ele>1839.008</ele><time>2021-09-02T10:27:29Z</time></trkpt><trkpt lat="46.488198" lon="11.845498"><ele>1838.327</ele><time>2021-09-02T10:27:31Z</time></trkpt><trkpt lat="46.488200" lon="11.845576"><ele>1837.741</ele><time>2021-09-02T10:27:34Z</time></trkpt><trkpt lat="46.488201" lon="11.845662"><ele>1837.266</ele><time>2021-09-02T10:28:43Z</time></trkpt><trkpt lat="46.488210" lon="11.845737"><ele>1836.687</ele><time>2021-09-02T10:28:47Z</time></trkpt><trkpt lat="46.488218" lon="11.845818"><ele>1835.891</ele><time>2021-09-02T10:28:51Z</time></trkpt><trkpt lat="46.488224" lon="11.845884"><ele>1835.255</ele><time>2021-09-02T10:28:54Z</time></trkpt><trkpt lat="46.488235" lon="11.845962"><ele>1834.456</ele><time>2021-09-02T10:28:58Z</time></trkpt><trkpt lat="46.488252" lon="11.846023"><ele>1833.731</ele><time>2021-09-02T10:29:01Z</time></trkpt><trkpt lat="46.488267" lon="11.846086"><ele>1832.853</ele><time>2021-09-02T10:29:04Z</time></trkpt><trkpt lat="46.488268" lon="11.846155"><ele>1832.104</ele><time>2021-09-02T10:29:07Z</time></trkpt><trkpt lat="46.488263" lon="11.846229"><ele>1831.614</ele><time>2021-09-02T10:29:09Z</time></trkpt><trkpt lat="46.488255" lon="11.846310"><ele>1831.108</ele><time>2021-09-02T10:29:11Z</time></trkpt><trkpt lat="46.488243" lon="11.846381"><ele>1830.663</ele><time>2021-09-02T10:29:13Z</time></trkpt><trkpt lat="46.488219" lon="11.846453"><ele>1830.097</ele><time>2021-09-02T10:29:15Z</time></trkpt><trkpt lat="46.488236" lon="11.846520"><ele>1829.472</ele><time>2021-09-02T10:29:17Z</time></trkpt><trkpt lat="46.488237" lon="11.846591"><ele>1828.853</ele><time>2021-09-02T10:29:19Z</time></trkpt><trkpt lat="46.488238" lon="11.846668"><ele>1828.137</ele><time>2021-09-02T10:29:21Z</time></trkpt><trkpt lat="46.488235" lon="11.846734"><ele>1827.391</ele><time>2021-09-02T10:29:23Z</time></trkpt><trkpt lat="46.488234" lon="11.846803"><ele>1826.432</ele><time>2021-09-02T10:29:25Z</time></trkpt><trkpt lat="46.488223" lon="11.846881"><ele>1825.647</ele><time>2021-09-02T10:29:27Z</time></trkpt><trkpt lat="46.488213" lon="11.846952"><ele>1824.926</ele><time>2021-09-02T10:29:29Z</time></trkpt><trkpt lat="46.488188" lon="11.847018"><ele>1824.247</ele><time>2021-09-02T10:29:31Z</time></trkpt><trkpt lat="46.488166" lon="11.847079"><ele>1823.611</ele><time>2021-09-02T10:29:33Z</time></trkpt><trkpt lat="46.488130" lon="11.847149"><ele>1822.708</ele><time>2021-09-02T10:29:36Z</time></trkpt><trkpt lat="46.488136" lon="11.847224"><ele>1822.170</ele><time>2021-09-02T10:29:38Z</time></trkpt><trkpt lat="46.488139" lon="11.847322"><ele>1821.224</ele><time>2021-09-02T10:29:41Z</time></trkpt><trkpt lat="46.488142" lon="11.847389"><ele>1820.589</ele><time>2021-09-02T10:29:43Z</time></trkpt><trkpt lat="46.488123" lon="11.847451"><ele>1819.950</ele><time>2021-09-02T10:29:45Z</time></trkpt><trkpt lat="46.488132" lon="11.847523"><ele>1819.414</ele><time>2021-09-02T10:29:47Z</time></trkpt><trkpt lat="46.488140" lon="11.847616"><ele>1818.858</ele><time>2021-09-02T10:29:50Z</time></trkpt><trkpt lat="46.488145" lon="11.847685"><ele>1818.389</ele><time>2021-09-02T10:29:52Z</time></trkpt><trkpt lat="46.488160" lon="11.847748"><ele>1817.834</ele><time>2021-09-02T10:29:54Z</time></trkpt><trkpt lat="46.488166" lon="11.847842"><ele>1817.044</ele><time>2021-09-02T10:29:57Z</time></trkpt><trkpt lat="46.488186" lon="11.847931"><ele>1816.005</ele><time>2021-09-02T10:30:00Z</time></trkpt><trkpt lat="46.488198" lon="11.848026"><ele>1814.715</ele><time>2021-09-02T10:30:03Z</time></trkpt><trkpt lat="46.488205" lon="11.848096"><ele>1813.908</ele><time>2021-09-02T10:30:05Z</time></trkpt><trkpt lat="46.488208" lon="11.848169"><ele>1813.372</ele><time>2021-09-02T10:30:07Z</time></trkpt><trkpt lat="46.488226" lon="11.848235"><ele>1812.886</ele><time>2021-09-02T10:30:09Z</time></trkpt><trkpt lat="46.488258" lon="11.848320"><ele>1811.921</ele><time>2021-09-02T10:30:12Z</time></trkpt><trkpt lat="46.488283" lon="11.848383"><ele>1811.332</ele><time>2021-09-02T10:30:14Z</time></trkpt><trkpt lat="46.488309" lon="11.848439"><ele>1810.736</ele><time>2021-09-02T10:30:16Z</time></trkpt><trkpt lat="46.488309" lon="11.848507"><ele>1810.270</ele><time>2021-09-02T10:30:18Z</time></trkpt><trkpt lat="46.488341" lon="11.848569"><ele>1809.781</ele><time>2021-09-02T10:30:20Z</time></trkpt><trkpt lat="46.488379" lon="11.848626"><ele>1809.166</ele><time>2021-09-02T10:30:22Z</time></trkpt><trkpt lat="46.488385" lon="11.848693"><ele>1808.613</ele><time>2021-09-02T10:30:24Z</time></trkpt><trkpt lat="46.488401" lon="11.848755"><ele>1807.943</ele><time>2021-09-02T10:30:26Z</time></trkpt><trkpt lat="46.488418" lon="11.848819"><ele>1807.407</ele><time>2021-09-02T10:30:28Z</time></trkpt><trkpt lat="46.488450" lon="11.848879"><ele>1806.908</ele><time>2021-09-02T10:30:30Z</time></trkpt><trkpt lat="46.488485" lon="11.848965"><ele>1806.289</ele><time>2021-09-02T10:30:33Z</time></trkpt><trkpt lat="46.488508" lon="11.849032"><ele>1805.853</ele><time>2021-09-02T10:30:35Z</time></trkpt><trkpt lat="46.488535" lon="11.849095"><ele>1805.248</ele><time>2021-09-02T10:30:37Z</time></trkpt><trkpt lat="46.488562" lon="11.849149"><ele>1804.749</ele><time>2021-09-02T10:30:39Z</time></trkpt><trkpt lat="46.488584" lon="11.849219"><ele>1804.113</ele><time>2021-09-02T10:30:41Z</time></trkpt><trkpt lat="46.488590" lon="11.849289"><ele>1803.627</ele><time>2021-09-02T10:30:43Z</time></trkpt><trkpt lat="46.488616" lon="11.849346"><ele>1803.128</ele><time>2021-09-02T10:30:45Z</time></trkpt><trkpt lat="46.488637" lon="11.849436"><ele>1802.383</ele><time>2021-09-02T10:30:48Z</time></trkpt><trkpt lat="46.488682" lon="11.849509"><ele>1801.552</ele><time>2021-09-02T10:30:51Z</time></trkpt><trkpt lat="46.488729" lon="11.849579"><ele>1800.553</ele><time>2021-09-02T10:30:54Z</time></trkpt><trkpt lat="46.488751" lon="11.849639"><ele>1799.908</ele><time>2021-09-02T10:30:56Z</time></trkpt><trkpt lat="46.488755" lon="11.849710"><ele>1799.308</ele><time>2021-09-02T10:30:58Z</time></trkpt><trkpt lat="46.488783" lon="11.849771"><ele>1798.833</ele><time>2021-09-02T10:31:00Z</time></trkpt><trkpt lat="46.488815" lon="11.849817"><ele>1798.357</ele><time>2021-09-02T10:31:02Z</time></trkpt><trkpt lat="46.488857" lon="11.849860"><ele>1797.852</ele><time>2021-09-02T10:31:04Z</time></trkpt><trkpt lat="46.488900" lon="11.849906"><ele>1797.273</ele><time>2021-09-02T10:31:06Z</time></trkpt><trkpt lat="46.488939" lon="11.849953"><ele>1796.617</ele><time>2021-09-02T10:31:08Z</time></trkpt><trkpt lat="46.488961" lon="11.850017"><ele>1796.281</ele><time>2021-09-02T10:31:10Z</time></trkpt><trkpt lat="46.488980" lon="11.850096"><ele>1795.772</ele><time>2021-09-02T10:31:12Z</time></trkpt><trkpt lat="46.489022" lon="11.850143"><ele>1795.347</ele><time>2021-09-02T10:31:14Z</time></trkpt><trkpt lat="46.489047" lon="11.850206"><ele>1795.092</ele><time>2021-09-02T10:31:16Z</time></trkpt><trkpt lat="46.489072" lon="11.850269"><ele>1794.673</ele><time>2021-09-02T10:31:18Z</time></trkpt><trkpt lat="46.489110" lon="11.850320"><ele>1794.120</ele><time>2021-09-02T10:31:20Z</time></trkpt><trkpt lat="46.489170" lon="11.850337"><ele>1793.708</ele><time>2021-09-02T10:31:22Z</time></trkpt><trkpt lat="46.489215" lon="11.850384"><ele>1793.297</ele><time>2021-09-02T10:31:24Z</time></trkpt><trkpt lat="46.489256" lon="11.850430"><ele>1792.921</ele><time>2021-09-02T10:31:26Z</time></trkpt><trkpt lat="46.489289" lon="11.850483"><ele>1792.676</ele><time>2021-09-02T10:31:28Z</time></trkpt><trkpt lat="46.489329" lon="11.850533"><ele>1792.387</ele><time>2021-09-02T10:31:30Z</time></trkpt><trkpt lat="46.489358" lon="11.850594"><ele>1792.011</ele><time>2021-09-02T10:31:32Z</time></trkpt><trkpt lat="46.489373" lon="11.850663"><ele>1791.685</ele><time>2021-09-02T10:31:34Z</time></trkpt><trkpt lat="46.489411" lon="11.850748"><ele>1791.176</ele><time>2021-09-02T10:31:37Z</time></trkpt><trkpt lat="46.489415" lon="11.850818"><ele>1790.661</ele><time>2021-09-02T10:31:39Z</time></trkpt><trkpt lat="46.489411" lon="11.850886"><ele>1790.233</ele><time>2021-09-02T10:31:41Z</time></trkpt><trkpt lat="46.489430" lon="11.850977"><ele>1789.423</ele><time>2021-09-02T10:31:44Z</time></trkpt><trkpt lat="46.489468" lon="11.851034"><ele>1788.815</ele><time>2021-09-02T10:31:46Z</time></trkpt><trkpt lat="46.489481" lon="11.851101"><ele>1788.308</ele><time>2021-09-02T10:31:48Z</time></trkpt><trkpt lat="46.489506" lon="11.851162"><ele>1787.821</ele><time>2021-09-02T10:31:50Z</time></trkpt><trkpt lat="46.489511" lon="11.851268"><ele>1787.165</ele><time>2021-09-02T10:31:53Z</time></trkpt><trkpt lat="46.489515" lon="11.851343"><ele>1786.650</ele><time>2021-09-02T10:31:55Z</time></trkpt><trkpt lat="46.489522" lon="11.851413"><ele>1786.071</ele><time>2021-09-02T10:31:57Z</time></trkpt><trkpt lat="46.489519" lon="11.851484"><ele>1785.315</ele><time>2021-09-02T10:31:59Z</time></trkpt><trkpt lat="46.489532" lon="11.851560"><ele>1784.889</ele><time>2021-09-02T10:32:01Z</time></trkpt><trkpt lat="46.489540" lon="11.851627"><ele>1784.450</ele><time>2021-09-02T10:32:03Z</time></trkpt><trkpt lat="46.489548" lon="11.851698"><ele>1784.225</ele><time>2021-09-02T10:32:05Z</time></trkpt><trkpt lat="46.489569" lon="11.851758"><ele>1783.956</ele><time>2021-09-02T10:32:07Z</time></trkpt><trkpt lat="46.489598" lon="11.851816"><ele>1783.659</ele><time>2021-09-02T10:32:09Z</time></trkpt><trkpt lat="46.489621" lon="11.851882"><ele>1783.314</ele><time>2021-09-02T10:32:11Z</time></trkpt><trkpt lat="46.489626" lon="11.851949"><ele>1783.008</ele><time>2021-09-02T10:32:13Z</time></trkpt><trkpt lat="46.489652" lon="11.852014"><ele>1782.793</ele><time>2021-09-02T10:32:15Z</time></trkpt><trkpt lat="46.489685" lon="11.852079"><ele>1782.567</ele><time>2021-09-02T10:32:17Z</time></trkpt><trkpt lat="46.489719" lon="11.852148"><ele>1782.352</ele><time>2021-09-02T10:32:19Z</time></trkpt><trkpt lat="46.489748" lon="11.852199"><ele>1782.033</ele><time>2021-09-02T10:32:21Z</time></trkpt><trkpt lat="46.489780" lon="11.852252"><ele>1781.717</ele><time>2021-09-02T10:32:23Z</time></trkpt><trkpt lat="46.489811" lon="11.852332"><ele>1781.311</ele><time>2021-09-02T10:32:26Z</time></trkpt><trkpt lat="46.489823" lon="11.852404"><ele>1781.192</ele><time>2021-09-02T10:32:29Z</time></trkpt><trkpt lat="46.489853" lon="11.852460"><ele>1781.017</ele><time>2021-09-02T10:32:34Z</time></trkpt><trkpt lat="46.489873" lon="11.852524"><ele>1780.861</ele><time>2021-09-02T10:32:37Z</time></trkpt><trkpt lat="46.489889" lon="11.852587"><ele>1780.621</ele><time>2021-09-02T10:32:41Z</time></trkpt><trkpt lat="46.489916" lon="11.852649"><ele>1780.413</ele><time>2021-09-02T10:32:44Z</time></trkpt><trkpt lat="46.489924" lon="11.852726"><ele>1780.008</ele><time>2021-09-02T10:32:47Z</time></trkpt><trkpt lat="46.489953" lon="11.852795"><ele>1779.694</ele><time>2021-09-02T10:32:50Z</time></trkpt><trkpt lat="46.489976" lon="11.852853"><ele>1779.398</ele><time>2021-09-02T10:32:52Z</time></trkpt><trkpt lat="46.490017" lon="11.852909"><ele>1779.023</ele><time>2021-09-02T10:32:54Z</time></trkpt><trkpt lat="46.490033" lon="11.852984"><ele>1778.744</ele><time>2021-09-02T10:32:56Z</time></trkpt><trkpt lat="46.490062" lon="11.853057"><ele>1778.498</ele><time>2021-09-02T10:32:58Z</time></trkpt><trkpt lat="46.490084" lon="11.853114"><ele>1778.182</ele><time>2021-09-02T10:33:00Z</time></trkpt><trkpt lat="46.490103" lon="11.853179"><ele>1777.853</ele><time>2021-09-02T10:33:02Z</time></trkpt><trkpt lat="46.490142" lon="11.853230"><ele>1777.428</ele><time>2021-09-02T10:33:04Z</time></trkpt><trkpt lat="46.490159" lon="11.853297"><ele>1777.191</ele><time>2021-09-02T10:33:06Z</time></trkpt><trkpt lat="46.490186" lon="11.853365"><ele>1776.981</ele><time>2021-09-02T10:33:08Z</time></trkpt><trkpt lat="46.490199" lon="11.853434"><ele>1776.819</ele><time>2021-09-02T10:33:10Z</time></trkpt><trkpt lat="46.490233" lon="11.853486"><ele>1776.608</ele><time>2021-09-02T10:33:12Z</time></trkpt><trkpt lat="46.490267" lon="11.853551"><ele>1776.457</ele><time>2021-09-02T10:33:14Z</time></trkpt><trkpt lat="46.490281" lon="11.853622"><ele>1776.191</ele><time>2021-09-02T10:33:16Z</time></trkpt><trkpt lat="46.490307" lon="11.853684"><ele>1775.836</ele><time>2021-09-02T10:33:18Z</time></trkpt><trkpt lat="46.490333" lon="11.853756"><ele>1775.517</ele><time>2021-09-02T10:33:20Z</time></trkpt><trkpt lat="46.490353" lon="11.853823"><ele>1775.371</ele><time>2021-09-02T10:33:22Z</time></trkpt><trkpt lat="46.490364" lon="11.853899"><ele>1775.265</ele><time>2021-09-02T10:33:24Z</time></trkpt><trkpt lat="46.490382" lon="11.853980"><ele>1775.186</ele><time>2021-09-02T10:33:26Z</time></trkpt><trkpt lat="46.490391" lon="11.854056"><ele>1774.941</ele><time>2021-09-02T10:33:28Z</time></trkpt><trkpt lat="46.490402" lon="11.854128"><ele>1774.829</ele><time>2021-09-02T10:33:30Z</time></trkpt><trkpt lat="46.490450" lon="11.854173"><ele>1774.800</ele><time>2021-09-02T10:33:32Z</time></trkpt><trkpt lat="46.490464" lon="11.854243"><ele>1774.620</ele><time>2021-09-02T10:33:34Z</time></trkpt><trkpt lat="46.490491" lon="11.854304"><ele>1774.408</ele><time>2021-09-02T10:33:36Z</time></trkpt><trkpt lat="46.490526" lon="11.854365"><ele>1774.260</ele><time>2021-09-02T10:33:38Z</time></trkpt><trkpt lat="46.490558" lon="11.854420"><ele>1773.924</ele><time>2021-09-02T10:33:40Z</time></trkpt><trkpt lat="46.490590" lon="11.854476"><ele>1773.619</ele><time>2021-09-02T10:33:42Z</time></trkpt><trkpt lat="46.490629" lon="11.854526"><ele>1773.410</ele><time>2021-09-02T10:33:44Z</time></trkpt><trkpt lat="46.490663" lon="11.854579"><ele>1773.334</ele><time>2021-09-02T10:33:46Z</time></trkpt><trkpt lat="46.490704" lon="11.854660"><ele>1773.088</ele><time>2021-09-02T10:33:49Z</time></trkpt><trkpt lat="46.490708" lon="11.854739"><ele>1772.759</ele><time>2021-09-02T10:33:51Z</time></trkpt><trkpt lat="46.490735" lon="11.854798"><ele>1772.484</ele><time>2021-09-02T10:33:53Z</time></trkpt><trkpt lat="46.490759" lon="11.854872"><ele>1772.091</ele><time>2021-09-02T10:33:55Z</time></trkpt><trkpt lat="46.490773" lon="11.854940"><ele>1771.781</ele><time>2021-09-02T10:33:57Z</time></trkpt><trkpt lat="46.490813" lon="11.854988"><ele>1771.519</ele><time>2021-09-02T10:33:59Z</time></trkpt><trkpt lat="46.490848" lon="11.855068"><ele>1771.208</ele><time>2021-09-02T10:34:02Z</time></trkpt><trkpt lat="46.490861" lon="11.855160"><ele>1771.097</ele><time>2021-09-02T10:34:04Z</time></trkpt><trkpt lat="46.490895" lon="11.855244"><ele>1770.621</ele><time>2021-09-02T10:34:07Z</time></trkpt><trkpt lat="46.490912" lon="11.855309"><ele>1770.336</ele><time>2021-09-02T10:34:09Z</time></trkpt><trkpt lat="46.490955" lon="11.855385"><ele>1769.797</ele><time>2021-09-02T10:34:12Z</time></trkpt><trkpt lat="46.490989" lon="11.855434"><ele>1769.351</ele><time>2021-09-02T10:34:14Z</time></trkpt><trkpt lat="46.491016" lon="11.855491"><ele>1769.045</ele><time>2021-09-02T10:34:16Z</time></trkpt><trkpt lat="46.491042" lon="11.855553"><ele>1768.676</ele><time>2021-09-02T10:34:18Z</time></trkpt><trkpt lat="46.491074" lon="11.855599"><ele>1768.221</ele><time>2021-09-02T10:34:20Z</time></trkpt><trkpt lat="46.491093" lon="11.855660"><ele>1767.891</ele><time>2021-09-02T10:34:22Z</time></trkpt><trkpt lat="46.491117" lon="11.855720"><ele>1767.381</ele><time>2021-09-02T10:34:24Z</time></trkpt><trkpt lat="46.491131" lon="11.855800"><ele>1766.719</ele><time>2021-09-02T10:34:27Z</time></trkpt><trkpt lat="46.491155" lon="11.855872"><ele>1766.308</ele><time>2021-09-02T10:34:29Z</time></trkpt><trkpt lat="46.491179" lon="11.855946"><ele>1765.827</ele><time>2021-09-02T10:34:31Z</time></trkpt><trkpt lat="46.491179" lon="11.856034"><ele>1765.311</ele><time>2021-09-02T10:34:33Z</time></trkpt><trkpt lat="46.491195" lon="11.856104"><ele>1764.926</ele><time>2021-09-02T10:34:35Z</time></trkpt><trkpt lat="46.491226" lon="11.856172"><ele>1764.587</ele><time>2021-09-02T10:34:37Z</time></trkpt><trkpt lat="46.491233" lon="11.856253"><ele>1764.121</ele><time>2021-09-02T10:34:39Z</time></trkpt><trkpt lat="46.491253" lon="11.856328"><ele>1763.795</ele><time>2021-09-02T10:34:41Z</time></trkpt><trkpt lat="46.491278" lon="11.856408"><ele>1763.246</ele><time>2021-09-02T10:34:43Z</time></trkpt><trkpt lat="46.491312" lon="11.856466"><ele>1762.921</ele><time>2021-09-02T10:34:45Z</time></trkpt><trkpt lat="46.491356" lon="11.856515"><ele>1762.578</ele><time>2021-09-02T10:34:47Z</time></trkpt><trkpt lat="46.491398" lon="11.856593"><ele>1762.033</ele><time>2021-09-02T10:34:50Z</time></trkpt><trkpt lat="46.491431" lon="11.856648"><ele>1761.626</ele><time>2021-09-02T10:34:52Z</time></trkpt><trkpt lat="46.491446" lon="11.856728"><ele>1761.208</ele><time>2021-09-02T10:34:54Z</time></trkpt><trkpt lat="46.491474" lon="11.856791"><ele>1760.615</ele><time>2021-09-02T10:34:56Z</time></trkpt><trkpt lat="46.491497" lon="11.856858"><ele>1760.199</ele><time>2021-09-02T10:34:58Z</time></trkpt><trkpt lat="46.491513" lon="11.856928"><ele>1759.664</ele><time>2021-09-02T10:35:00Z</time></trkpt><trkpt lat="46.491527" lon="11.856993"><ele>1759.285</ele><time>2021-09-02T10:35:02Z</time></trkpt><trkpt lat="46.491532" lon="11.857059"><ele>1759.019</ele><time>2021-09-02T10:35:04Z</time></trkpt><trkpt lat="46.491554" lon="11.857132"><ele>1758.743</ele><time>2021-09-02T10:35:06Z</time></trkpt><trkpt lat="46.491572" lon="11.857200"><ele>1758.434</ele><time>2021-09-02T10:35:08Z</time></trkpt><trkpt lat="46.491584" lon="11.857264"><ele>1758.089</ele><time>2021-09-02T10:35:10Z</time></trkpt><trkpt lat="46.491621" lon="11.857314"><ele>1757.635</ele><time>2021-09-02T10:35:12Z</time></trkpt><trkpt lat="46.491654" lon="11.857363"><ele>1757.386</ele><time>2021-09-02T10:35:14Z</time></trkpt><trkpt lat="46.491676" lon="11.857423"><ele>1757.014</ele><time>2021-09-02T10:35:16Z</time></trkpt><trkpt lat="46.491696" lon="11.857486"><ele>1756.708</ele><time>2021-09-02T10:35:18Z</time></trkpt><trkpt lat="46.491723" lon="11.857551"><ele>1756.441</ele><time>2021-09-02T10:35:20Z</time></trkpt><trkpt lat="46.491728" lon="11.857632"><ele>1756.215</ele><time>2021-09-02T10:35:22Z</time></trkpt><trkpt lat="46.491725" lon="11.857705"><ele>1755.950</ele><time>2021-09-02T10:35:24Z</time></trkpt><trkpt lat="46.491746" lon="11.857773"><ele>1755.561</ele><time>2021-09-02T10:35:26Z</time></trkpt><trkpt lat="46.491733" lon="11.857868"><ele>1755.045</ele><time>2021-09-02T10:35:29Z</time></trkpt><trkpt lat="46.491745" lon="11.857954"><ele>1754.559</ele><time>2021-09-02T10:35:32Z</time></trkpt><trkpt lat="46.491752" lon="11.858031"><ele>1754.130</ele><time>2021-09-02T10:35:35Z</time></trkpt><trkpt lat="46.491731" lon="11.858108"><ele>1753.725</ele><time>2021-09-02T10:35:39Z</time></trkpt><trkpt lat="46.491764" lon="11.858160"><ele>1753.325</ele><time>2021-09-02T10:35:46Z</time></trkpt><trkpt lat="46.491762" lon="11.858240"><ele>1752.726</ele><time>2021-09-02T10:35:50Z</time></trkpt><trkpt lat="46.491743" lon="11.858327"><ele>1752.208</ele><time>2021-09-02T10:35:53Z</time></trkpt><trkpt lat="46.491733" lon="11.858409"><ele>1751.708</ele><time>2021-09-02T10:35:56Z</time></trkpt><trkpt lat="46.491717" lon="11.858477"><ele>1751.130</ele><time>2021-09-02T10:35:59Z</time></trkpt><trkpt lat="46.491699" lon="11.858559"><ele>1750.694</ele><time>2021-09-02T10:36:02Z</time></trkpt><trkpt lat="46.491680" lon="11.858660"><ele>1750.319</ele><time>2021-09-02T10:36:05Z</time></trkpt><trkpt lat="46.491675" lon="11.858757"><ele>1750.180</ele><time>2021-09-02T10:36:07Z</time></trkpt><trkpt lat="46.491681" lon="11.858845"><ele>1749.894</ele><time>2021-09-02T10:36:09Z</time></trkpt><trkpt lat="46.491679" lon="11.858918"><ele>1749.598</ele><time>2021-09-02T10:36:11Z</time></trkpt><trkpt lat="46.491693" lon="11.858992"><ele>1749.129</ele><time>2021-09-02T10:36:13Z</time></trkpt><trkpt lat="46.491695" lon="11.859061"><ele>1748.834</ele><time>2021-09-02T10:36:15Z</time></trkpt><trkpt lat="46.491715" lon="11.859130"><ele>1748.624</ele><time>2021-09-02T10:36:17Z</time></trkpt><trkpt lat="46.491734" lon="11.859203"><ele>1748.204</ele><time>2021-09-02T10:36:19Z</time></trkpt><trkpt lat="46.491751" lon="11.859272"><ele>1747.814</ele><time>2021-09-02T10:36:21Z</time></trkpt><trkpt lat="46.491770" lon="11.859338"><ele>1747.508</ele><time>2021-09-02T10:36:23Z</time></trkpt><trkpt lat="46.491792" lon="11.859401"><ele>1747.210</ele><time>2021-09-02T10:36:25Z</time></trkpt><trkpt lat="46.491815" lon="11.859468"><ele>1746.984</ele><time>2021-09-02T10:36:27Z</time></trkpt><trkpt lat="46.491836" lon="11.859533"><ele>1746.469</ele><time>2021-09-02T10:36:29Z</time></trkpt><trkpt lat="46.491850" lon="11.859605"><ele>1746.040</ele><time>2021-09-02T10:36:31Z</time></trkpt><trkpt lat="46.491865" lon="11.859668"><ele>1745.774</ele><time>2021-09-02T10:36:33Z</time></trkpt><trkpt lat="46.491879" lon="11.859735"><ele>1745.428</ele><time>2021-09-02T10:36:35Z</time></trkpt><trkpt lat="46.491893" lon="11.859813"><ele>1745.069</ele><time>2021-09-02T10:36:37Z</time></trkpt><trkpt lat="46.491878" lon="11.859908"><ele>1744.774</ele><time>2021-09-02T10:36:39Z</time></trkpt><trkpt lat="46.491876" lon="11.859993"><ele>1744.346</ele><time>2021-09-02T10:36:41Z</time></trkpt><trkpt lat="46.491851" lon="11.860070"><ele>1743.888</ele><time>2021-09-02T10:36:43Z</time></trkpt><trkpt lat="46.491857" lon="11.860150"><ele>1743.216</ele><time>2021-09-02T10:36:45Z</time></trkpt><trkpt lat="46.491845" lon="11.860223"><ele>1742.508</ele><time>2021-09-02T10:36:47Z</time></trkpt><trkpt lat="46.491842" lon="11.860289"><ele>1741.982</ele><time>2021-09-02T10:36:49Z</time></trkpt><trkpt lat="46.491858" lon="11.860366"><ele>1741.256</ele><time>2021-09-02T10:36:51Z</time></trkpt><trkpt lat="46.491872" lon="11.860431"><ele>1740.711</ele><time>2021-09-02T10:36:53Z</time></trkpt><trkpt lat="46.491896" lon="11.860496"><ele>1740.132</ele><time>2021-09-02T10:36:55Z</time></trkpt><trkpt lat="46.491921" lon="11.860558"><ele>1739.866</ele><time>2021-09-02T10:36:57Z</time></trkpt><trkpt lat="46.491963" lon="11.860608"><ele>1739.680</ele><time>2021-09-02T10:36:59Z</time></trkpt><trkpt lat="46.492001" lon="11.860654"><ele>1739.381</ele><time>2021-09-02T10:37:01Z</time></trkpt><trkpt lat="46.492038" lon="11.860700"><ele>1738.836</ele><time>2021-09-02T10:37:03Z</time></trkpt><trkpt lat="46.492083" lon="11.860738"><ele>1738.491</ele><time>2021-09-02T10:37:05Z</time></trkpt><trkpt lat="46.492131" lon="11.860768"><ele>1738.081</ele><time>2021-09-02T10:37:07Z</time></trkpt><trkpt lat="46.492181" lon="11.860779"><ele>1737.719</ele><time>2021-09-02T10:37:09Z</time></trkpt><trkpt lat="46.492229" lon="11.860789"><ele>1737.508</ele><time>2021-09-02T10:37:11Z</time></trkpt><trkpt lat="46.492295" lon="11.860790"><ele>1737.257</ele><time>2021-09-02T10:37:14Z</time></trkpt><trkpt lat="46.492340" lon="11.860795"><ele>1737.171</ele><time>2021-09-02T10:37:16Z</time></trkpt><trkpt lat="46.492407" lon="11.860827"><ele>1736.966</ele><time>2021-09-02T10:37:19Z</time></trkpt><trkpt lat="46.492452" lon="11.860833"><ele>1736.647</ele><time>2021-09-02T10:37:21Z</time></trkpt><trkpt lat="46.492498" lon="11.860841"><ele>1736.181</ele><time>2021-09-02T10:37:23Z</time></trkpt><trkpt lat="46.492546" lon="11.860816"><ele>1735.975</ele><time>2021-09-02T10:37:25Z</time></trkpt><trkpt lat="46.492592" lon="11.860795"><ele>1735.656</ele><time>2021-09-02T10:37:27Z</time></trkpt><trkpt lat="46.492639" lon="11.860789"><ele>1735.361</ele><time>2021-09-02T10:37:29Z</time></trkpt><trkpt lat="46.492687" lon="11.860785"><ele>1735.094</ele><time>2021-09-02T10:37:31Z</time></trkpt><trkpt lat="46.492752" lon="11.860772"><ele>1734.657</ele><time>2021-09-02T10:37:34Z</time></trkpt><trkpt lat="46.492798" lon="11.860786"><ele>1734.422</ele><time>2021-09-02T10:37:36Z</time></trkpt><trkpt lat="46.492849" lon="11.860813"><ele>1734.108</ele><time>2021-09-02T10:37:38Z</time></trkpt><trkpt lat="46.492890" lon="11.860851"><ele>1733.787</ele><time>2021-09-02T10:37:40Z</time></trkpt><trkpt lat="46.492925" lon="11.860892"><ele>1733.281</ele><time>2021-09-02T10:37:42Z</time></trkpt><trkpt lat="46.492974" lon="11.860950"><ele>1732.136</ele><time>2021-09-02T10:37:45Z</time></trkpt><trkpt lat="46.492997" lon="11.861007"><ele>1731.447</ele><time>2021-09-02T10:37:47Z</time></trkpt><trkpt lat="46.492986" lon="11.861081"><ele>1731.031</ele><time>2021-09-02T10:37:49Z</time></trkpt><trkpt lat="46.492985" lon="11.861152"><ele>1730.725</ele><time>2021-09-02T10:37:51Z</time></trkpt><trkpt lat="46.493005" lon="11.861220"><ele>1730.316</ele><time>2021-09-02T10:37:53Z</time></trkpt><trkpt lat="46.492996" lon="11.861301"><ele>1729.711</ele><time>2021-09-02T10:37:55Z</time></trkpt><trkpt lat="46.493003" lon="11.861371"><ele>1729.195</ele><time>2021-09-02T10:37:57Z</time></trkpt><trkpt lat="46.493006" lon="11.861440"><ele>1728.649</ele><time>2021-09-02T10:37:59Z</time></trkpt><trkpt lat="46.493010" lon="11.861510"><ele>1728.023</ele><time>2021-09-02T10:38:01Z</time></trkpt><trkpt lat="46.493018" lon="11.861583"><ele>1727.308</ele><time>2021-09-02T10:38:03Z</time></trkpt><trkpt lat="46.493022" lon="11.861678"><ele>1726.327</ele><time>2021-09-02T10:38:06Z</time></trkpt><trkpt lat="46.493045" lon="11.861747"><ele>1725.671</ele><time>2021-09-02T10:38:08Z</time></trkpt><trkpt lat="46.493086" lon="11.861807"><ele>1725.026</ele><time>2021-09-02T10:38:10Z</time></trkpt><trkpt lat="46.493104" lon="11.861872"><ele>1724.377</ele><time>2021-09-02T10:38:12Z</time></trkpt><trkpt lat="46.493110" lon="11.861941"><ele>1723.791</ele><time>2021-09-02T10:38:14Z</time></trkpt><trkpt lat="46.493104" lon="11.862047"><ele>1722.755</ele><time>2021-09-02T10:38:17Z</time></trkpt><trkpt lat="46.493108" lon="11.862140"><ele>1721.556</ele><time>2021-09-02T10:38:20Z</time></trkpt><trkpt lat="46.493104" lon="11.862233"><ele>1720.511</ele><time>2021-09-02T10:38:23Z</time></trkpt><trkpt lat="46.493107" lon="11.862327"><ele>1719.617</ele><time>2021-09-02T10:38:26Z</time></trkpt><trkpt lat="46.493087" lon="11.862405"><ele>1718.787</ele><time>2021-09-02T10:38:29Z</time></trkpt><trkpt lat="46.493081" lon="11.862495"><ele>1717.615</ele><time>2021-09-02T10:38:32Z</time></trkpt><trkpt lat="46.493066" lon="11.862563"><ele>1716.708</ele><time>2021-09-02T10:38:34Z</time></trkpt><trkpt lat="46.493035" lon="11.862652"><ele>1715.539</ele><time>2021-09-02T10:38:37Z</time></trkpt><trkpt lat="46.493004" lon="11.862737"><ele>1714.513</ele><time>2021-09-02T10:38:40Z</time></trkpt><trkpt lat="46.492990" lon="11.862800"><ele>1713.818</ele><time>2021-09-02T10:38:42Z</time></trkpt><trkpt lat="46.492965" lon="11.862879"><ele>1712.619</ele><time>2021-09-02T10:38:45Z</time></trkpt><trkpt lat="46.492964" lon="11.862970"><ele>1711.573</ele><time>2021-09-02T10:38:48Z</time></trkpt><trkpt lat="46.492973" lon="11.863054"><ele>1710.387</ele><time>2021-09-02T10:38:51Z</time></trkpt><trkpt lat="46.492980" lon="11.863140"><ele>1708.738</ele><time>2021-09-02T10:38:54Z</time></trkpt><trkpt lat="46.492973" lon="11.863225"><ele>1707.323</ele><time>2021-09-02T10:38:57Z</time></trkpt><trkpt lat="46.492987" lon="11.863292"><ele>1706.435</ele><time>2021-09-02T10:38:59Z</time></trkpt><trkpt lat="46.493000" lon="11.863356"><ele>1705.686</ele><time>2021-09-02T10:39:01Z</time></trkpt><trkpt lat="46.493003" lon="11.863454"><ele>1704.414</ele><time>2021-09-02T10:39:04Z</time></trkpt><trkpt lat="46.493018" lon="11.863520"><ele>1703.608</ele><time>2021-09-02T10:39:06Z</time></trkpt><trkpt lat="46.493033" lon="11.863586"><ele>1702.921</ele><time>2021-09-02T10:39:08Z</time></trkpt><trkpt lat="46.493046" lon="11.863649"><ele>1702.265</ele><time>2021-09-02T10:39:10Z</time></trkpt><trkpt lat="46.493063" lon="11.863717"><ele>1701.540</ele><time>2021-09-02T10:39:12Z</time></trkpt><trkpt lat="46.493070" lon="11.863782"><ele>1700.891</ele><time>2021-09-02T10:39:14Z</time></trkpt><trkpt lat="46.493076" lon="11.863847"><ele>1700.395</ele><time>2021-09-02T10:39:16Z</time></trkpt><trkpt lat="46.493097" lon="11.863936"><ele>1699.619</ele><time>2021-09-02T10:39:19Z</time></trkpt><trkpt lat="46.493114" lon="11.864000"><ele>1698.810</ele><time>2021-09-02T10:39:21Z</time></trkpt><trkpt lat="46.493135" lon="11.864065"><ele>1698.055</ele><time>2021-09-02T10:39:23Z</time></trkpt><trkpt lat="46.493156" lon="11.864131"><ele>1697.387</ele><time>2021-09-02T10:39:25Z</time></trkpt><trkpt lat="46.493144" lon="11.864231"><ele>1696.242</ele><time>2021-09-02T10:39:28Z</time></trkpt><trkpt lat="46.493149" lon="11.864297"><ele>1695.626</ele><time>2021-09-02T10:39:30Z</time></trkpt><trkpt lat="46.493151" lon="11.864364"><ele>1695.008</ele><time>2021-09-02T10:39:32Z</time></trkpt><trkpt lat="46.493138" lon="11.864441"><ele>1694.346</ele><time>2021-09-02T10:39:34Z</time></trkpt><trkpt lat="46.493140" lon="11.864510"><ele>1693.570</ele><time>2021-09-02T10:39:36Z</time></trkpt><trkpt lat="46.493153" lon="11.864574"><ele>1692.785</ele><time>2021-09-02T10:39:38Z</time></trkpt><trkpt lat="46.493151" lon="11.864651"><ele>1692.036</ele><time>2021-09-02T10:39:40Z</time></trkpt><trkpt lat="46.493158" lon="11.864717"><ele>1691.380</ele><time>2021-09-02T10:39:42Z</time></trkpt><trkpt lat="46.493168" lon="11.864785"><ele>1690.614</ele><time>2021-09-02T10:39:44Z</time></trkpt><trkpt lat="46.493163" lon="11.864856"><ele>1689.855</ele><time>2021-09-02T10:39:46Z</time></trkpt><trkpt lat="46.493160" lon="11.864923"><ele>1689.160</ele><time>2021-09-02T10:39:48Z</time></trkpt><trkpt lat="46.493169" lon="11.864992"><ele>1688.538</ele><time>2021-09-02T10:39:50Z</time></trkpt><trkpt lat="46.493178" lon="11.865063"><ele>1687.870</ele><time>2021-09-02T10:39:52Z</time></trkpt><trkpt lat="46.493200" lon="11.865155"><ele>1686.717</ele><time>2021-09-02T10:39:55Z</time></trkpt><trkpt lat="46.493220" lon="11.865222"><ele>1685.908</ele><time>2021-09-02T10:39:57Z</time></trkpt><trkpt lat="46.493246" lon="11.865284"><ele>1685.051</ele><time>2021-09-02T10:39:59Z</time></trkpt><trkpt lat="46.493265" lon="11.865348"><ele>1684.315</ele><time>2021-09-02T10:40:01Z</time></trkpt><trkpt lat="46.493305" lon="11.865431"><ele>1683.510</ele><time>2021-09-02T10:40:04Z</time></trkpt><trkpt lat="46.493331" lon="11.865493"><ele>1683.191</ele><time>2021-09-02T10:40:06Z</time></trkpt><trkpt lat="46.493349" lon="11.865554"><ele>1682.635</ele><time>2021-09-02T10:40:08Z</time></trkpt><trkpt lat="46.493374" lon="11.865616"><ele>1682.119</ele><time>2021-09-02T10:40:10Z</time></trkpt><trkpt lat="46.493395" lon="11.865677"><ele>1681.780</ele><time>2021-09-02T10:40:12Z</time></trkpt><trkpt lat="46.493418" lon="11.865746"><ele>1681.395</ele><time>2021-09-02T10:40:14Z</time></trkpt><trkpt lat="46.493438" lon="11.865806"><ele>1681.049</ele><time>2021-09-02T10:40:16Z</time></trkpt><trkpt lat="46.493458" lon="11.865876"><ele>1680.502</ele><time>2021-09-02T10:40:18Z</time></trkpt><trkpt lat="46.493460" lon="11.865946"><ele>1679.922</ele><time>2021-09-02T10:40:20Z</time></trkpt><trkpt lat="46.493486" lon="11.866036"><ele>1679.108</ele><time>2021-09-02T10:40:23Z</time></trkpt><trkpt lat="46.493503" lon="11.866141"><ele>1678.032</ele><time>2021-09-02T10:40:26Z</time></trkpt><trkpt lat="46.493502" lon="11.866213"><ele>1677.356</ele><time>2021-09-02T10:40:28Z</time></trkpt><trkpt lat="46.493518" lon="11.866277"><ele>1676.771</ele><time>2021-09-02T10:40:30Z</time></trkpt><trkpt lat="46.493522" lon="11.866346"><ele>1676.112</ele><time>2021-09-02T10:40:32Z</time></trkpt><trkpt lat="46.493524" lon="11.866439"><ele>1674.926</ele><time>2021-09-02T10:40:35Z</time></trkpt><trkpt lat="46.493534" lon="11.866528"><ele>1674.060</ele><time>2021-09-02T10:40:38Z</time></trkpt><trkpt lat="46.493549" lon="11.866605"><ele>1672.441</ele><time>2021-09-02T10:40:43Z</time></trkpt><trkpt lat="46.493558" lon="11.866700"><ele>1671.936</ele><time>2021-09-02T10:40:46Z</time></trkpt><trkpt lat="46.493552" lon="11.866768"><ele>1671.422</ele><time>2021-09-02T10:40:48Z</time></trkpt><trkpt lat="46.493534" lon="11.866839"><ele>1670.862</ele><time>2021-09-02T10:40:50Z</time></trkpt><trkpt lat="46.493545" lon="11.866906"><ele>1670.208</ele><time>2021-09-02T10:40:52Z</time></trkpt><trkpt lat="46.493562" lon="11.866966"><ele>1669.508</ele><time>2021-09-02T10:40:54Z</time></trkpt><trkpt lat="46.493560" lon="11.867034"><ele>1669.080</ele><time>2021-09-02T10:40:56Z</time></trkpt><trkpt lat="46.493579" lon="11.867095"><ele>1668.674</ele><time>2021-09-02T10:40:58Z</time></trkpt><trkpt lat="46.493601" lon="11.867161"><ele>1668.129</ele><time>2021-09-02T10:41:00Z</time></trkpt><trkpt lat="46.493623" lon="11.867229"><ele>1667.450</ele><time>2021-09-02T10:41:02Z</time></trkpt><trkpt lat="46.493649" lon="11.867317"><ele>1666.264</ele><time>2021-09-02T10:41:05Z</time></trkpt><trkpt lat="46.493661" lon="11.867381"><ele>1665.678</ele><time>2021-09-02T10:41:07Z</time></trkpt><trkpt lat="46.493677" lon="11.867443"><ele>1665.079</ele><time>2021-09-02T10:41:09Z</time></trkpt><trkpt lat="46.493688" lon="11.867511"><ele>1664.534</ele><time>2021-09-02T10:41:11Z</time></trkpt><trkpt lat="46.493715" lon="11.867598"><ele>1664.094</ele><time>2021-09-02T10:41:14Z</time></trkpt><trkpt lat="46.493724" lon="11.867663"><ele>1663.757</ele><time>2021-09-02T10:41:16Z</time></trkpt><trkpt lat="46.493731" lon="11.867736"><ele>1663.122</ele><time>2021-09-02T10:41:18Z</time></trkpt><trkpt lat="46.493753" lon="11.867803"><ele>1662.408</ele><time>2021-09-02T10:41:20Z</time></trkpt><trkpt lat="46.493754" lon="11.867872"><ele>1661.717</ele><time>2021-09-02T10:41:22Z</time></trkpt><trkpt lat="46.493763" lon="11.867943"><ele>1661.161</ele><time>2021-09-02T10:41:24Z</time></trkpt><trkpt lat="46.493776" lon="11.868019"><ele>1660.656</ele><time>2021-09-02T10:41:26Z</time></trkpt><trkpt lat="46.493789" lon="11.868084"><ele>1660.047</ele><time>2021-09-02T10:41:28Z</time></trkpt><trkpt lat="46.493816" lon="11.868143"><ele>1659.551</ele><time>2021-09-02T10:41:30Z</time></trkpt><trkpt lat="46.493829" lon="11.868212"><ele>1659.035</ele><time>2021-09-02T10:41:32Z</time></trkpt><trkpt lat="46.493851" lon="11.868278"><ele>1658.526</ele><time>2021-09-02T10:41:34Z</time></trkpt><trkpt lat="46.493872" lon="11.868345"><ele>1657.851</ele><time>2021-09-02T10:41:36Z</time></trkpt><trkpt lat="46.493885" lon="11.868411"><ele>1657.142</ele><time>2021-09-02T10:41:38Z</time></trkpt><trkpt lat="46.493914" lon="11.868464"><ele>1656.522</ele><time>2021-09-02T10:41:40Z</time></trkpt><trkpt lat="46.493942" lon="11.868521"><ele>1656.014</ele><time>2021-09-02T10:41:42Z</time></trkpt><trkpt lat="46.493979" lon="11.868575"><ele>1655.608</ele><time>2021-09-02T10:41:44Z</time></trkpt><trkpt lat="46.494008" lon="11.868630"><ele>1655.242</ele><time>2021-09-02T10:41:46Z</time></trkpt><trkpt lat="46.494043" lon="11.868684"><ele>1654.676</ele><time>2021-09-02T10:41:48Z</time></trkpt><trkpt lat="46.494083" lon="11.868728"><ele>1653.871</ele><time>2021-09-02T10:41:50Z</time></trkpt><trkpt lat="46.494123" lon="11.868797"><ele>1653.052</ele><time>2021-09-02T10:41:53Z</time></trkpt><trkpt lat="46.494145" lon="11.868869"><ele>1652.616</ele><time>2021-09-02T10:41:56Z</time></trkpt><trkpt lat="46.494157" lon="11.868957"><ele>1652.460</ele><time>2021-09-02T10:41:59Z</time></trkpt><trkpt lat="46.494175" lon="11.869019"><ele>1652.271</ele><time>2021-09-02T10:42:02Z</time></trkpt><trkpt lat="46.494192" lon="11.869100"><ele>1651.936</ele><time>2021-09-02T10:42:05Z</time></trkpt><trkpt lat="46.494214" lon="11.869161"><ele>1651.762</ele><time>2021-09-02T10:42:08Z</time></trkpt><trkpt lat="46.494236" lon="11.869226"><ele>1651.383</ele><time>2021-09-02T10:42:11Z</time></trkpt><trkpt lat="46.494255" lon="11.869302"><ele>1650.911</ele><time>2021-09-02T10:42:14Z</time></trkpt><trkpt lat="46.494261" lon="11.869371"><ele>1650.408</ele><time>2021-09-02T10:42:17Z</time></trkpt><trkpt lat="46.494284" lon="11.869457"><ele>1649.914</ele><time>2021-09-02T10:42:20Z</time></trkpt><trkpt lat="46.494314" lon="11.869528"><ele>1649.688</ele><time>2021-09-02T10:42:23Z</time></trkpt><trkpt lat="46.494343" lon="11.869603"><ele>1649.063</ele><time>2021-09-02T10:42:26Z</time></trkpt><trkpt lat="46.494396" lon="11.869655"><ele>1648.484</ele><time>2021-09-02T10:42:29Z</time></trkpt><trkpt lat="46.494444" lon="11.869716"><ele>1647.638</ele><time>2021-09-02T10:42:32Z</time></trkpt><trkpt lat="46.494466" lon="11.869773"><ele>1647.262</ele><time>2021-09-02T10:42:34Z</time></trkpt><trkpt lat="46.494498" lon="11.869847"><ele>1646.853</ele><time>2021-09-02T10:42:36Z</time></trkpt><trkpt lat="46.494521" lon="11.869916"><ele>1646.318</ele><time>2021-09-02T10:42:38Z</time></trkpt><trkpt lat="46.494544" lon="11.869992"><ele>1645.823</ele><time>2021-09-02T10:42:40Z</time></trkpt><trkpt lat="46.494569" lon="11.870056"><ele>1645.483</ele><time>2021-09-02T10:42:42Z</time></trkpt><trkpt lat="46.494597" lon="11.870122"><ele>1645.011</ele><time>2021-09-02T10:42:44Z</time></trkpt><trkpt lat="46.494624" lon="11.870220"><ele>1644.608</ele><time>2021-09-02T10:42:47Z</time></trkpt><trkpt lat="46.494641" lon="11.870289"><ele>1644.420</ele><time>2021-09-02T10:42:49Z</time></trkpt><trkpt lat="46.494664" lon="11.870354"><ele>1643.994</ele><time>2021-09-02T10:42:51Z</time></trkpt><trkpt lat="46.494687" lon="11.870417"><ele>1643.439</ele><time>2021-09-02T10:42:53Z</time></trkpt><trkpt lat="46.494697" lon="11.870483"><ele>1642.880</ele><time>2021-09-02T10:42:55Z</time></trkpt><trkpt lat="46.494714" lon="11.870547"><ele>1642.224</ele><time>2021-09-02T10:42:57Z</time></trkpt><trkpt lat="46.494726" lon="11.870611"><ele>1641.658</ele><time>2021-09-02T10:42:59Z</time></trkpt><trkpt lat="46.494743" lon="11.870674"><ele>1640.999</ele><time>2021-09-02T10:43:01Z</time></trkpt><trkpt lat="46.494743" lon="11.870754"><ele>1640.134</ele><time>2021-09-02T10:43:04Z</time></trkpt><trkpt lat="46.494764" lon="11.870827"><ele>1639.655</ele><time>2021-09-02T10:43:07Z</time></trkpt><trkpt lat="46.494785" lon="11.870889"><ele>1639.207</ele><time>2021-09-02T10:43:10Z</time></trkpt><trkpt lat="46.494802" lon="11.870956"><ele>1638.717</ele><time>2021-09-02T10:43:14Z</time></trkpt><trkpt lat="46.494825" lon="11.871019"><ele>1638.408</ele><time>2021-09-02T10:43:17Z</time></trkpt><trkpt lat="46.494848" lon="11.871088"><ele>1637.873</ele><time>2021-09-02T10:43:20Z</time></trkpt><trkpt lat="46.494882" lon="11.871153"><ele>1637.177</ele><time>2021-09-02T10:43:23Z</time></trkpt><trkpt lat="46.494900" lon="11.871230"><ele>1636.562</ele><time>2021-09-02T10:43:26Z</time></trkpt><trkpt lat="46.494939" lon="11.871306"><ele>1635.763</ele><time>2021-09-02T10:43:29Z</time></trkpt><trkpt lat="46.494960" lon="11.871389"><ele>1635.077</ele><time>2021-09-02T10:43:31Z</time></trkpt><trkpt lat="46.494978" lon="11.871454"><ele>1634.351</ele><time>2021-09-02T10:43:33Z</time></trkpt><trkpt lat="46.494994" lon="11.871526"><ele>1633.792</ele><time>2021-09-02T10:43:35Z</time></trkpt><trkpt lat="46.495013" lon="11.871600"><ele>1633.187</ele><time>2021-09-02T10:43:37Z</time></trkpt><trkpt lat="46.495029" lon="11.871669"><ele>1632.683</ele><time>2021-09-02T10:43:39Z</time></trkpt><trkpt lat="46.495045" lon="11.871741"><ele>1632.225</ele><time>2021-09-02T10:43:41Z</time></trkpt><trkpt lat="46.495055" lon="11.871814"><ele>1631.917</ele><time>2021-09-02T10:43:43Z</time></trkpt><trkpt lat="46.495086" lon="11.871900"><ele>1631.308</ele><time>2021-09-02T10:43:46Z</time></trkpt><trkpt lat="46.495101" lon="11.871975"><ele>1630.766</ele><time>2021-09-02T10:43:48Z</time></trkpt><trkpt lat="46.495121" lon="11.872033"><ele>1630.190</ele><time>2021-09-02T10:43:50Z</time></trkpt><trkpt lat="46.495151" lon="11.872116"><ele>1629.455</ele><time>2021-09-02T10:43:53Z</time></trkpt><trkpt lat="46.495166" lon="11.872180"><ele>1628.816</ele><time>2021-09-02T10:43:55Z</time></trkpt><trkpt lat="46.495182" lon="11.872245"><ele>1628.340</ele><time>2021-09-02T10:43:57Z</time></trkpt><trkpt lat="46.495167" lon="11.872316"><ele>1627.784</ele><time>2021-09-02T10:43:59Z</time></trkpt><trkpt lat="46.495182" lon="11.872382"><ele>1627.075</ele><time>2021-09-02T10:44:01Z</time></trkpt><trkpt lat="46.495209" lon="11.872442"><ele>1626.490</ele><time>2021-09-02T10:44:03Z</time></trkpt><trkpt lat="46.495223" lon="11.872506"><ele>1625.838</ele><time>2021-09-02T10:44:05Z</time></trkpt><trkpt lat="46.495237" lon="11.872601"><ele>1624.970</ele><time>2021-09-02T10:44:08Z</time></trkpt><trkpt lat="46.495248" lon="11.872666"><ele>1624.117</ele><time>2021-09-02T10:44:10Z</time></trkpt><trkpt lat="46.495261" lon="11.872728"><ele>1623.408</ele><time>2021-09-02T10:44:12Z</time></trkpt><trkpt lat="46.495255" lon="11.872822"><ele>1622.441</ele><time>2021-09-02T10:44:15Z</time></trkpt><trkpt lat="46.495261" lon="11.872911"><ele>1621.365</ele><time>2021-09-02T10:44:18Z</time></trkpt><trkpt lat="46.495264" lon="11.873000"><ele>1620.230</ele><time>2021-09-02T10:44:21Z</time></trkpt><trkpt lat="46.495290" lon="11.873057"><ele>1619.581</ele><time>2021-09-02T10:44:23Z</time></trkpt><trkpt lat="46.495336" lon="11.873119"><ele>1618.775</ele><time>2021-09-02T10:44:26Z</time></trkpt><trkpt lat="46.495387" lon="11.873152"><ele>1617.749</ele><time>2021-09-02T10:44:30Z</time></trkpt><trkpt lat="46.495423" lon="11.873217"><ele>1616.580</ele><time>2021-09-02T10:45:09Z</time></trkpt><trkpt lat="46.495474" lon="11.873246"><ele>1616.255</ele><time>2021-09-02T10:45:11Z</time></trkpt><trkpt lat="46.495526" lon="11.873282"><ele>1615.336</ele><time>2021-09-02T10:45:14Z</time></trkpt><trkpt lat="46.495566" lon="11.873316"><ele>1613.917</ele><time>2021-09-02T10:45:17Z</time></trkpt><trkpt lat="46.495618" lon="11.873322"><ele>1612.418</ele><time>2021-09-02T10:45:21Z</time></trkpt><trkpt lat="46.495679" lon="11.873272"><ele>1611.008</ele><time>2021-09-02T10:45:24Z</time></trkpt><trkpt lat="46.495726" lon="11.873247"><ele>1610.261</ele><time>2021-09-02T10:45:26Z</time></trkpt><trkpt lat="46.495770" lon="11.873219"><ele>1609.365</ele><time>2021-09-02T10:45:28Z</time></trkpt><trkpt lat="46.495808" lon="11.873173"><ele>1608.590</ele><time>2021-09-02T10:45:30Z</time></trkpt><trkpt lat="46.495850" lon="11.873137"><ele>1607.761</ele><time>2021-09-02T10:45:32Z</time></trkpt><trkpt lat="46.495890" lon="11.873092"><ele>1607.055</ele><time>2021-09-02T10:45:34Z</time></trkpt><trkpt lat="46.495929" lon="11.873050"><ele>1606.579</ele><time>2021-09-02T10:45:36Z</time></trkpt><trkpt lat="46.495972" lon="11.873013"><ele>1606.170</ele><time>2021-09-02T10:45:38Z</time></trkpt><trkpt lat="46.496017" lon="11.872986"><ele>1605.725</ele><time>2021-09-02T10:45:40Z</time></trkpt><trkpt lat="46.496067" lon="11.872989"><ele>1605.521</ele><time>2021-09-02T10:45:42Z</time></trkpt><trkpt lat="46.496120" lon="11.873025"><ele>1605.341</ele><time>2021-09-02T10:45:45Z</time></trkpt><trkpt lat="46.496150" lon="11.873098"><ele>1605.405</ele><time>2021-09-02T10:45:48Z</time></trkpt><trkpt lat="46.496178" lon="11.873167"><ele>1605.808</ele><time>2021-09-02T10:45:51Z</time></trkpt><trkpt lat="46.496209" lon="11.873215"><ele>1606.040</ele><time>2021-09-02T10:45:55Z</time></trkpt><trkpt lat="46.496247" lon="11.873271"><ele>1605.884</ele><time>2021-09-02T10:45:59Z</time></trkpt><trkpt lat="46.496281" lon="11.873324"><ele>1606.089</ele><time>2021-09-02T10:46:03Z</time></trkpt><trkpt lat="46.496319" lon="11.873382"><ele>1606.250</ele><time>2021-09-02T10:46:07Z</time></trkpt><trkpt lat="46.496366" lon="11.873428"><ele>1606.394</ele><time>2021-09-02T10:46:10Z</time></trkpt><trkpt lat="46.496412" lon="11.873469"><ele>1606.548</ele><time>2021-09-02T10:46:13Z</time></trkpt><trkpt lat="46.496460" lon="11.873488"><ele>1606.359</ele><time>2021-09-02T10:46:16Z</time></trkpt><trkpt lat="46.496524" lon="11.873501"><ele>1605.984</ele><time>2021-09-02T10:46:19Z</time></trkpt><trkpt lat="46.496573" lon="11.873508"><ele>1605.717</ele><time>2021-09-02T10:46:21Z</time></trkpt><trkpt lat="46.496618" lon="11.873484"><ele>1605.687</ele><time>2021-09-02T10:46:23Z</time></trkpt><trkpt lat="46.496674" lon="11.873444"><ele>1605.715</ele><time>2021-09-02T10:46:26Z</time></trkpt><trkpt lat="46.496743" lon="11.873469"><ele>1605.708</ele><time>2021-09-02T10:46:29Z</time></trkpt><trkpt lat="46.496793" lon="11.873492"><ele>1605.459</ele><time>2021-09-02T10:46:31Z</time></trkpt><trkpt lat="46.496849" lon="11.873521"><ele>1605.083</ele><time>2021-09-02T10:46:33Z</time></trkpt><trkpt lat="46.496896" lon="11.873548"><ele>1604.598</ele><time>2021-09-02T10:46:35Z</time></trkpt><trkpt lat="46.496943" lon="11.873571"><ele>1604.049</ele><time>2021-09-02T10:46:37Z</time></trkpt><trkpt lat="46.496994" lon="11.873617"><ele>1603.513</ele><time>2021-09-02T10:46:39Z</time></trkpt><trkpt lat="46.497035" lon="11.873672"><ele>1603.137</ele><time>2021-09-02T10:46:41Z</time></trkpt><trkpt lat="46.497059" lon="11.873741"><ele>1602.688</ele><time>2021-09-02T10:46:43Z</time></trkpt><trkpt lat="46.497092" lon="11.873802"><ele>1602.213</ele><time>2021-09-02T10:46:45Z</time></trkpt><trkpt lat="46.497114" lon="11.873863"><ele>1601.982</ele><time>2021-09-02T10:46:47Z</time></trkpt><trkpt lat="46.497132" lon="11.873929"><ele>1601.543</ele><time>2021-09-02T10:46:49Z</time></trkpt><trkpt lat="46.497154" lon="11.873993"><ele>1601.017</ele><time>2021-09-02T10:46:51Z</time></trkpt><trkpt lat="46.497191" lon="11.874078"><ele>1600.508</ele><time>2021-09-02T10:46:54Z</time></trkpt><trkpt lat="46.497225" lon="11.874148"><ele>1600.016</ele><time>2021-09-02T10:46:56Z</time></trkpt><trkpt lat="46.497226" lon="11.874238"><ele>1598.810</ele><time>2021-09-02T10:46:59Z</time></trkpt><trkpt lat="46.497187" lon="11.874290"><ele>1598.125</ele><time>2021-09-02T10:47:02Z</time></trkpt><trkpt lat="46.497159" lon="11.874348"><ele>1597.636</ele><time>2021-09-02T10:47:07Z</time></trkpt><trkpt lat="46.497284" lon="11.874261"><ele>1597.210</ele><time>2021-09-02T10:49:12Z</time></trkpt><trkpt lat="46.497337" lon="11.874241"><ele>1597.374</ele><time>2021-09-02T10:49:14Z</time></trkpt><trkpt lat="46.497402" lon="11.874239"><ele>1597.245</ele><time>2021-09-02T10:49:17Z</time></trkpt><trkpt lat="46.497460" lon="11.874256"><ele>1597.150</ele><time>2021-09-02T10:49:20Z</time></trkpt><trkpt lat="46.497515" lon="11.874290"><ele>1597.052</ele><time>2021-09-02T10:49:23Z</time></trkpt><trkpt lat="46.497566" lon="11.874316"><ele>1596.953</ele><time>2021-09-02T10:49:25Z</time></trkpt><trkpt lat="46.497620" lon="11.874355"><ele>1596.908</ele><time>2021-09-02T10:49:27Z</time></trkpt><trkpt lat="46.497668" lon="11.874390"><ele>1596.708</ele><time>2021-09-02T10:49:29Z</time></trkpt><trkpt lat="46.497713" lon="11.874432"><ele>1596.393</ele><time>2021-09-02T10:49:31Z</time></trkpt><trkpt lat="46.497755" lon="11.874464"><ele>1595.947</ele><time>2021-09-02T10:49:33Z</time></trkpt><trkpt lat="46.497798" lon="11.874504"><ele>1595.532</ele><time>2021-09-02T10:49:35Z</time></trkpt><trkpt lat="46.497843" lon="11.874524"><ele>1595.113</ele><time>2021-09-02T10:49:37Z</time></trkpt><trkpt lat="46.497889" lon="11.874504"><ele>1594.727</ele><time>2021-09-02T10:49:39Z</time></trkpt><trkpt lat="46.497935" lon="11.874471"><ele>1594.751</ele><time>2021-09-02T10:49:41Z</time></trkpt><trkpt lat="46.497999" lon="11.874460"><ele>1594.962</ele><time>2021-09-02T10:49:44Z</time></trkpt><trkpt lat="46.498044" lon="11.874476"><ele>1595.187</ele><time>2021-09-02T10:49:46Z</time></trkpt><trkpt lat="46.498108" lon="11.874494"><ele>1595.389</ele><time>2021-09-02T10:49:49Z</time></trkpt><trkpt lat="46.498172" lon="11.874512"><ele>1595.406</ele><time>2021-09-02T10:49:52Z</time></trkpt><trkpt lat="46.498219" lon="11.874517"><ele>1595.626</ele><time>2021-09-02T10:49:54Z</time></trkpt><trkpt lat="46.498283" lon="11.874509"><ele>1595.808</ele><time>2021-09-02T10:49:57Z</time></trkpt><trkpt lat="46.498328" lon="11.874499"><ele>1596.096</ele><time>2021-09-02T10:49:59Z</time></trkpt><trkpt lat="46.498392" lon="11.874506"><ele>1596.240</ele><time>2021-09-02T10:50:02Z</time></trkpt><trkpt lat="46.498438" lon="11.874518"><ele>1596.475</ele><time>2021-09-02T10:50:04Z</time></trkpt><trkpt lat="46.498482" lon="11.874544"><ele>1596.646</ele><time>2021-09-02T10:50:06Z</time></trkpt><trkpt lat="46.498523" lon="11.874577"><ele>1596.960</ele><time>2021-09-02T10:50:08Z</time></trkpt><trkpt lat="46.498555" lon="11.874624"><ele>1597.224</ele><time>2021-09-02T10:50:10Z</time></trkpt><trkpt lat="46.498611" lon="11.874671"><ele>1597.345</ele><time>2021-09-02T10:50:13Z</time></trkpt><trkpt lat="46.498666" lon="11.874717"><ele>1597.570</ele><time>2021-09-02T10:50:16Z</time></trkpt><trkpt lat="46.498711" lon="11.874737"><ele>1597.841</ele><time>2021-09-02T10:50:18Z</time></trkpt><trkpt lat="46.498764" lon="11.874777"><ele>1598.081</ele><time>2021-09-02T10:50:21Z</time></trkpt><trkpt lat="46.498821" lon="11.874820"><ele>1598.209</ele><time>2021-09-02T10:50:24Z</time></trkpt><trkpt lat="46.498876" lon="11.874854"><ele>1598.608</ele><time>2021-09-02T10:50:27Z</time></trkpt><trkpt lat="46.498934" lon="11.874871"><ele>1599.062</ele><time>2021-09-02T10:50:31Z</time></trkpt><trkpt lat="46.498987" lon="11.874875"><ele>1599.346</ele><time>2021-09-02T10:50:36Z</time></trkpt><trkpt lat="46.499034" lon="11.874883"><ele>1599.561</ele><time>2021-09-02T10:50:40Z</time></trkpt><trkpt lat="46.499094" lon="11.874883"><ele>1599.682</ele><time>2021-09-02T10:50:44Z</time></trkpt><trkpt lat="46.499119" lon="11.874820"><ele>1600.476</ele><time>2021-09-02T10:50:50Z</time></trkpt><trkpt lat="46.499172" lon="11.874795"><ele>1601.080</ele><time>2021-09-02T10:50:57Z</time></trkpt><trkpt lat="46.499225" lon="11.874794"><ele>1601.791</ele><time>2021-09-02T10:51:02Z</time></trkpt><trkpt lat="46.499269" lon="11.874774"><ele>1602.466</ele><time>2021-09-02T10:51:06Z</time></trkpt><trkpt lat="46.499316" lon="11.874787"><ele>1603.036</ele><time>2021-09-02T10:51:10Z</time></trkpt><trkpt lat="46.499377" lon="11.874761"><ele>1603.717</ele><time>2021-09-02T10:51:14Z</time></trkpt><trkpt lat="46.499427" lon="11.874765"><ele>1604.218</ele><time>2021-09-02T10:51:17Z</time></trkpt><trkpt lat="46.499466" lon="11.874724"><ele>1604.808</ele><time>2021-09-02T10:51:20Z</time></trkpt><trkpt lat="46.499514" lon="11.874692"><ele>1605.521</ele><time>2021-09-02T10:51:23Z</time></trkpt><trkpt lat="46.499559" lon="11.874652"><ele>1606.285</ele><time>2021-09-02T10:51:26Z</time></trkpt><trkpt lat="46.499614" lon="11.874643"><ele>1607.120</ele><time>2021-09-02T10:51:30Z</time></trkpt><trkpt lat="46.499659" lon="11.874632"><ele>1607.741</ele><time>2021-09-02T10:51:33Z</time></trkpt><trkpt lat="46.499718" lon="11.874624"><ele>1608.385</ele><time>2021-09-02T10:51:36Z</time></trkpt><trkpt lat="46.499756" lon="11.874587"><ele>1609.119</ele><time>2021-09-02T10:51:40Z</time></trkpt><trkpt lat="46.499792" lon="11.874547"><ele>1609.780</ele><time>2021-09-02T10:51:44Z</time></trkpt><trkpt lat="46.499828" lon="11.874504"><ele>1610.735</ele><time>2021-09-02T10:51:49Z</time></trkpt><trkpt lat="46.499877" lon="11.874504"><ele>1611.557</ele><time>2021-09-02T10:51:53Z</time></trkpt><trkpt lat="46.499929" lon="11.874492"><ele>1612.200</ele><time>2021-09-02T10:51:57Z</time></trkpt><trkpt lat="46.499983" lon="11.874483"><ele>1613.320</ele><time>2021-09-02T10:52:02Z</time></trkpt><trkpt lat="46.500032" lon="11.874475"><ele>1614.108</ele><time>2021-09-02T10:52:06Z</time></trkpt><trkpt lat="46.500080" lon="11.874456"><ele>1615.423</ele><time>2021-09-02T10:52:12Z</time></trkpt><trkpt lat="46.500130" lon="11.874417"><ele>1616.387</ele><time>2021-09-02T10:52:17Z</time></trkpt><trkpt lat="46.500184" lon="11.874411"><ele>1617.352</ele><time>2021-09-02T10:52:22Z</time></trkpt><trkpt lat="46.500236" lon="11.874414"><ele>1618.593</ele><time>2021-09-02T10:52:28Z</time></trkpt><trkpt lat="46.500285" lon="11.874421"><ele>1619.717</ele><time>2021-09-02T10:52:36Z</time></trkpt><trkpt lat="46.500342" lon="11.874419"><ele>1620.491</ele><time>2021-09-02T10:52:41Z</time></trkpt><trkpt lat="46.500386" lon="11.874428"><ele>1621.152</ele><time>2021-09-02T10:52:45Z</time></trkpt><trkpt lat="46.500446" lon="11.874428"><ele>1622.187</ele><time>2021-09-02T10:52:50Z</time></trkpt><trkpt lat="46.500500" lon="11.874414"><ele>1623.149</ele><time>2021-09-02T10:52:55Z</time></trkpt><trkpt lat="46.500548" lon="11.874389"><ele>1624.102</ele><time>2021-09-02T10:53:00Z</time></trkpt><trkpt lat="46.500607" lon="11.874396"><ele>1625.122</ele><time>2021-09-02T10:53:05Z</time></trkpt><trkpt lat="46.500663" lon="11.874417"><ele>1626.008</ele><time>2021-09-02T10:53:10Z</time></trkpt><trkpt lat="46.500720" lon="11.874421"><ele>1627.092</ele><time>2021-09-02T10:53:16Z</time></trkpt><trkpt lat="46.500772" lon="11.874402"><ele>1627.746</ele><time>2021-09-02T10:53:20Z</time></trkpt><trkpt lat="46.500814" lon="11.874374"><ele>1628.421</ele><time>2021-09-02T10:53:24Z</time></trkpt><trkpt lat="46.500865" lon="11.874381"><ele>1629.432</ele><time>2021-09-02T10:53:29Z</time></trkpt><trkpt lat="46.500926" lon="11.874361"><ele>1631.766</ele><time>2021-09-02T10:53:39Z</time></trkpt><trkpt lat="46.500974" lon="11.874403"><ele>1632.240</ele><time>2021-09-02T10:53:41Z</time></trkpt><trkpt lat="46.501022" lon="11.874393"><ele>1633.031</ele><time>2021-09-02T10:53:44Z</time></trkpt><trkpt lat="46.501070" lon="11.874420"><ele>1633.796</ele><time>2021-09-02T10:53:47Z</time></trkpt><trkpt lat="46.501126" lon="11.874418"><ele>1634.744</ele><time>2021-09-02T10:53:52Z</time></trkpt><trkpt lat="46.501183" lon="11.874464"><ele>1635.105</ele><time>2021-09-02T10:53:55Z</time></trkpt><trkpt lat="46.501226" lon="11.874514"><ele>1638.615</ele><time>2021-09-02T10:54:10Z</time></trkpt><trkpt lat="46.501269" lon="11.874575"><ele>1641.008</ele><time>2021-09-02T10:54:21Z</time></trkpt><trkpt lat="46.501331" lon="11.874587"><ele>1644.682</ele><time>2021-09-02T10:54:36Z</time></trkpt><trkpt lat="46.501394" lon="11.874600"><ele>1645.566</ele><time>2021-09-02T10:54:41Z</time></trkpt><trkpt lat="46.501470" lon="11.874736"><ele>1650.741</ele><time>2021-09-02T10:55:07Z</time></trkpt><trkpt lat="46.501523" lon="11.874713"><ele>1651.042</ele><time>2021-09-02T10:55:09Z</time></trkpt><trkpt lat="46.501575" lon="11.874673"><ele>1652.676</ele><time>2021-09-02T10:55:25Z</time></trkpt><trkpt lat="46.501606" lon="11.874729"><ele>1653.130</ele><time>2021-09-02T10:55:29Z</time></trkpt><trkpt lat="46.501665" lon="11.874755"><ele>1653.871</ele><time>2021-09-02T10:55:33Z</time></trkpt><trkpt lat="46.501714" lon="11.874783"><ele>1655.536</ele><time>2021-09-02T10:55:40Z</time></trkpt><trkpt lat="46.501762" lon="11.874764"><ele>1657.086</ele><time>2021-09-02T10:55:47Z</time></trkpt><trkpt lat="46.501813" lon="11.874764"><ele>1658.460</ele><time>2021-09-02T10:55:53Z</time></trkpt><trkpt lat="46.501865" lon="11.874749"><ele>1659.726</ele><time>2021-09-02T10:55:59Z</time></trkpt><trkpt lat="46.501910" lon="11.874708"><ele>1660.708</ele><time>2021-09-02T10:56:04Z</time></trkpt><trkpt lat="46.501984" lon="11.874664"><ele>1661.926</ele><time>2021-09-02T10:56:12Z</time></trkpt><trkpt lat="46.502030" lon="11.874650"><ele>1662.940</ele><time>2021-09-02T10:56:17Z</time></trkpt><trkpt lat="46.502073" lon="11.874627"><ele>1664.015</ele><time>2021-09-02T10:56:23Z</time></trkpt><trkpt lat="46.502119" lon="11.874642"><ele>1665.256</ele><time>2021-09-02T10:56:29Z</time></trkpt><trkpt lat="46.502160" lon="11.874596"><ele>1667.190</ele><time>2021-09-02T10:56:38Z</time></trkpt><trkpt lat="46.502211" lon="11.874576"><ele>1668.574</ele><time>2021-09-02T10:56:43Z</time></trkpt><trkpt lat="46.502310" lon="11.874510"><ele>1670.465</ele><time>2021-09-02T10:56:53Z</time></trkpt><trkpt lat="46.502360" lon="11.874509"><ele>1670.920</ele><time>2021-09-02T10:56:58Z</time></trkpt><trkpt lat="46.502456" lon="11.874455"><ele>1674.156</ele><time>2021-09-02T10:57:15Z</time></trkpt><trkpt lat="46.502495" lon="11.874416"><ele>1675.659</ele><time>2021-09-02T10:57:24Z</time></trkpt><trkpt lat="46.502526" lon="11.874348"><ele>1677.614</ele><time>2021-09-02T10:57:33Z</time></trkpt><trkpt lat="46.502578" lon="11.874359"><ele>1679.208</ele><time>2021-09-02T10:57:41Z</time></trkpt><trkpt lat="46.502635" lon="11.874375"><ele>1681.753</ele><time>2021-09-02T10:57:50Z</time></trkpt><trkpt lat="46.502675" lon="11.874333"><ele>1682.157</ele><time>2021-09-02T10:57:52Z</time></trkpt><trkpt lat="46.502720" lon="11.874291"><ele>1683.572</ele><time>2021-09-02T10:57:58Z</time></trkpt><trkpt lat="46.502773" lon="11.874311"><ele>1685.393</ele><time>2021-09-02T10:58:07Z</time></trkpt><trkpt lat="46.502825" lon="11.874311"><ele>1686.637</ele><time>2021-09-02T10:58:15Z</time></trkpt><trkpt lat="46.502873" lon="11.874348"><ele>1688.071</ele><time>2021-09-02T10:58:23Z</time></trkpt><trkpt lat="46.502916" lon="11.874379"><ele>1689.112</ele><time>2021-09-02T10:58:29Z</time></trkpt><trkpt lat="46.502963" lon="11.874390"><ele>1690.097</ele><time>2021-09-02T10:58:34Z</time></trkpt><trkpt lat="46.503012" lon="11.874387"><ele>1691.156</ele><time>2021-09-02T10:58:39Z</time></trkpt><trkpt lat="46.503061" lon="11.874392"><ele>1692.259</ele><time>2021-09-02T10:59:31Z</time></trkpt><trkpt lat="46.503109" lon="11.874395"><ele>1693.014</ele><time>2021-09-02T10:59:36Z</time></trkpt><trkpt lat="46.503155" lon="11.874404"><ele>1694.408</ele><time>2021-09-02T10:59:41Z</time></trkpt><trkpt lat="46.503194" lon="11.874448"><ele>1695.833</ele><time>2021-09-02T10:59:47Z</time></trkpt><trkpt lat="46.503236" lon="11.874490"><ele>1697.147</ele><time>2021-09-02T10:59:52Z</time></trkpt><trkpt lat="46.503285" lon="11.874509"><ele>1698.282</ele><time>2021-09-02T10:59:58Z</time></trkpt><trkpt lat="46.503328" lon="11.874536"><ele>1699.443</ele><time>2021-09-02T11:00:03Z</time></trkpt><trkpt lat="46.503369" lon="11.874570"><ele>1700.667</ele><time>2021-09-02T11:00:08Z</time></trkpt><trkpt lat="46.503420" lon="11.874605"><ele>1701.661</ele><time>2021-09-02T11:00:13Z</time></trkpt><trkpt lat="46.503441" lon="11.874669"><ele>1702.152</ele><time>2021-09-02T11:00:17Z</time></trkpt><trkpt lat="46.503472" lon="11.874721"><ele>1702.787</ele><time>2021-09-02T11:00:21Z</time></trkpt><trkpt lat="46.503517" lon="11.874772"><ele>1703.218</ele><time>2021-09-02T11:00:25Z</time></trkpt><trkpt lat="46.503556" lon="11.874808"><ele>1703.598</ele><time>2021-09-02T11:00:28Z</time></trkpt><trkpt lat="46.503592" lon="11.874874"><ele>1703.917</ele><time>2021-09-02T11:00:31Z</time></trkpt><trkpt lat="46.503638" lon="11.874945"><ele>1704.708</ele><time>2021-09-02T11:00:35Z</time></trkpt><trkpt lat="46.503671" lon="11.874989"><ele>1705.199</ele><time>2021-09-02T11:00:37Z</time></trkpt><trkpt lat="46.503719" lon="11.875042"><ele>1705.763</ele><time>2021-09-02T11:00:40Z</time></trkpt><trkpt lat="46.503778" lon="11.875084"><ele>1706.198</ele><time>2021-09-02T11:00:43Z</time></trkpt><trkpt lat="46.503823" lon="11.875104"><ele>1706.179</ele><time>2021-09-02T11:00:45Z</time></trkpt><trkpt lat="46.503884" lon="11.875117"><ele>1706.263</ele><time>2021-09-02T11:00:48Z</time></trkpt><trkpt lat="46.503945" lon="11.875141"><ele>1706.337</ele><time>2021-09-02T11:00:51Z</time></trkpt><trkpt lat="46.503999" lon="11.875158"><ele>1706.878</ele><time>2021-09-02T11:00:54Z</time></trkpt><trkpt lat="46.504050" lon="11.875180"><ele>1707.383</ele><time>2021-09-02T11:00:57Z</time></trkpt><trkpt lat="46.504104" lon="11.875201"><ele>1707.824</ele><time>2021-09-02T11:01:00Z</time></trkpt><trkpt lat="46.504149" lon="11.875259"><ele>1708.704</ele><time>2021-09-02T11:01:06Z</time></trkpt><trkpt lat="46.504193" lon="11.875281"><ele>1709.714</ele><time>2021-09-02T11:01:11Z</time></trkpt><trkpt lat="46.504237" lon="11.875307"><ele>1710.508</ele><time>2021-09-02T11:01:15Z</time></trkpt><trkpt lat="46.504288" lon="11.875322"><ele>1711.630</ele><time>2021-09-02T11:01:20Z</time></trkpt><trkpt lat="46.504332" lon="11.875355"><ele>1712.694</ele><time>2021-09-02T11:01:26Z</time></trkpt><trkpt lat="46.504391" lon="11.875381"><ele>1713.889</ele><time>2021-09-02T11:01:32Z</time></trkpt><trkpt lat="46.504440" lon="11.875411"><ele>1714.810</ele><time>2021-09-02T11:01:37Z</time></trkpt><trkpt lat="46.504477" lon="11.875457"><ele>1716.014</ele><time>2021-09-02T11:01:42Z</time></trkpt><trkpt lat="46.504524" lon="11.875487"><ele>1717.338</ele><time>2021-09-02T11:01:47Z</time></trkpt><trkpt lat="46.504543" lon="11.875559"><ele>1718.669</ele><time>2021-09-02T11:01:53Z</time></trkpt><trkpt lat="46.504539" lon="11.875628"><ele>1719.184</ele><time>2021-09-02T11:01:57Z</time></trkpt><trkpt lat="46.504540" lon="11.875705"><ele>1720.071</ele><time>2021-09-02T11:02:01Z</time></trkpt><trkpt lat="46.504550" lon="11.875772"><ele>1720.741</ele><time>2021-09-02T11:02:04Z</time></trkpt><trkpt lat="46.504555" lon="11.875844"><ele>1721.815</ele><time>2021-09-02T11:02:08Z</time></trkpt><trkpt lat="46.504569" lon="11.875910"><ele>1723.108</ele><time>2021-09-02T11:02:14Z</time></trkpt><trkpt lat="46.504570" lon="11.875982"><ele>1724.035</ele><time>2021-09-02T11:02:19Z</time></trkpt><trkpt lat="46.504579" lon="11.876054"><ele>1724.759</ele><time>2021-09-02T11:02:23Z</time></trkpt><trkpt lat="46.504600" lon="11.876118"><ele>1725.434</ele><time>2021-09-02T11:02:27Z</time></trkpt><trkpt lat="46.504629" lon="11.876171"><ele>1726.215</ele><time>2021-09-02T11:02:31Z</time></trkpt><trkpt lat="46.504658" lon="11.876238"><ele>1726.839</ele><time>2021-09-02T11:02:35Z</time></trkpt><trkpt lat="46.504694" lon="11.876314"><ele>1727.733</ele><time>2021-09-02T11:02:40Z</time></trkpt><trkpt lat="46.504736" lon="11.876362"><ele>1729.034</ele><time>2021-09-02T11:02:46Z</time></trkpt><trkpt lat="46.504778" lon="11.876401"><ele>1730.299</ele><time>2021-09-02T11:02:51Z</time></trkpt><trkpt lat="46.504827" lon="11.876436"><ele>1731.352</ele><time>2021-09-02T11:02:56Z</time></trkpt><trkpt lat="46.504881" lon="11.876448"><ele>1732.553</ele><time>2021-09-02T11:03:02Z</time></trkpt><trkpt lat="46.504930" lon="11.876433"><ele>1734.608</ele><time>2021-09-02T11:03:21Z</time></trkpt><trkpt lat="46.504972" lon="11.876456"><ele>1735.008</ele><time>2021-09-02T11:03:26Z</time></trkpt><trkpt lat="46.505015" lon="11.876480"><ele>1735.923</ele><time>2021-09-02T11:03:31Z</time></trkpt><trkpt lat="46.505070" lon="11.876476"><ele>1736.727</ele><time>2021-09-02T11:03:35Z</time></trkpt><trkpt lat="46.505117" lon="11.876475"><ele>1737.382</ele><time>2021-09-02T11:03:39Z</time></trkpt><trkpt lat="46.505165" lon="11.876481"><ele>1738.283</ele><time>2021-09-02T11:03:44Z</time></trkpt><trkpt lat="46.505221" lon="11.876490"><ele>1739.377</ele><time>2021-09-02T11:03:48Z</time></trkpt><trkpt lat="46.505275" lon="11.876507"><ele>1740.961</ele><time>2021-09-02T11:03:55Z</time></trkpt><trkpt lat="46.505321" lon="11.876520"><ele>1741.782</ele><time>2021-09-02T11:03:59Z</time></trkpt><trkpt lat="46.505364" lon="11.876555"><ele>1742.487</ele><time>2021-09-02T11:04:02Z</time></trkpt><trkpt lat="46.505415" lon="11.876578"><ele>1743.415</ele><time>2021-09-02T11:04:07Z</time></trkpt><trkpt lat="46.505467" lon="11.876576"><ele>1744.865</ele><time>2021-09-02T11:04:14Z</time></trkpt><trkpt lat="46.505518" lon="11.876604"><ele>1745.711</ele><time>2021-09-02T11:04:18Z</time></trkpt><trkpt lat="46.505568" lon="11.876630"><ele>1747.008</ele><time>2021-09-02T11:04:24Z</time></trkpt><trkpt lat="46.505617" lon="11.876633"><ele>1748.199</ele><time>2021-09-02T11:04:29Z</time></trkpt><trkpt lat="46.505666" lon="11.876636"><ele>1749.333</ele><time>2021-09-02T11:04:34Z</time></trkpt><trkpt lat="46.505715" lon="11.876579"><ele>1750.638</ele><time>2021-09-02T11:04:43Z</time></trkpt><trkpt lat="46.505763" lon="11.876609"><ele>1751.789</ele><time>2021-09-02T11:04:49Z</time></trkpt><trkpt lat="46.505808" lon="11.876632"><ele>1752.623</ele><time>2021-09-02T11:04:54Z</time></trkpt><trkpt lat="46.505850" lon="11.876660"><ele>1753.917</ele><time>2021-09-02T11:04:59Z</time></trkpt><trkpt lat="46.505896" lon="11.876682"><ele>1755.158</ele><time>2021-09-02T11:05:03Z</time></trkpt><trkpt lat="46.505946" lon="11.876720"><ele>1756.333</ele><time>2021-09-02T11:05:08Z</time></trkpt><trkpt lat="46.506006" lon="11.876738"><ele>1757.737</ele><time>2021-09-02T11:05:14Z</time></trkpt><trkpt lat="46.506063" lon="11.876745"><ele>1759.049</ele><time>2021-09-02T11:05:20Z</time></trkpt><trkpt lat="46.506106" lon="11.876704"><ele>1760.513</ele><time>2021-09-02T11:05:36Z</time></trkpt><trkpt lat="46.506153" lon="11.876713"><ele>1761.308</ele><time>2021-09-02T11:05:40Z</time></trkpt><trkpt lat="46.506203" lon="11.876742"><ele>1762.271</ele><time>2021-09-02T11:05:45Z</time></trkpt><trkpt lat="46.506246" lon="11.876763"><ele>1763.085</ele><time>2021-09-02T11:05:49Z</time></trkpt><trkpt lat="46.506296" lon="11.876740"><ele>1763.610</ele><time>2021-09-02T11:05:53Z</time></trkpt><trkpt lat="46.506342" lon="11.876731"><ele>1764.651</ele><time>2021-09-02T11:05:58Z</time></trkpt><trkpt lat="46.506394" lon="11.876733"><ele>1766.185</ele><time>2021-09-02T11:06:05Z</time></trkpt><trkpt lat="46.506440" lon="11.876757"><ele>1766.879</ele><time>2021-09-02T11:06:12Z</time></trkpt><trkpt lat="46.506487" lon="11.876764"><ele>1767.980</ele><time>2021-09-02T11:06:18Z</time></trkpt><trkpt lat="46.506543" lon="11.876757"><ele>1769.935</ele><time>2021-09-02T11:06:27Z</time></trkpt><trkpt lat="46.506593" lon="11.876758"><ele>1771.085</ele><time>2021-09-02T11:06:32Z</time></trkpt><trkpt lat="46.506638" lon="11.876719"><ele>1772.889</ele><time>2021-09-02T11:06:42Z</time></trkpt><trkpt lat="46.506684" lon="11.876696"><ele>1773.817</ele><time>2021-09-02T11:06:49Z</time></trkpt><trkpt lat="46.506733" lon="11.876680"><ele>1776.308</ele><time>2021-09-02T11:07:00Z</time></trkpt><trkpt lat="46.506776" lon="11.876646"><ele>1778.066</ele><time>2021-09-02T11:07:07Z</time></trkpt><trkpt lat="46.506816" lon="11.876617"><ele>1779.710</ele><time>2021-09-02T11:07:15Z</time></trkpt><trkpt lat="46.506860" lon="11.876637"><ele>1781.175</ele><time>2021-09-02T11:07:22Z</time></trkpt><trkpt lat="46.506937" lon="11.876649"><ele>1784.366</ele><time>2021-09-02T11:07:37Z</time></trkpt><trkpt lat="46.506973" lon="11.876692"><ele>1786.090</ele><time>2021-09-02T11:07:45Z</time></trkpt><trkpt lat="46.507017" lon="11.876707"><ele>1787.084</ele><time>2021-09-02T11:07:50Z</time></trkpt><trkpt lat="46.507057" lon="11.876744"><ele>1788.465</ele><time>2021-09-02T11:07:56Z</time></trkpt><trkpt lat="46.507109" lon="11.876761"><ele>1790.640</ele><time>2021-09-02T11:08:04Z</time></trkpt><trkpt lat="46.507145" lon="11.876802"><ele>1792.144</ele><time>2021-09-02T11:08:13Z</time></trkpt><trkpt lat="46.507194" lon="11.876824"><ele>1792.405</ele><time>2021-09-02T11:08:18Z</time></trkpt><trkpt lat="46.507240" lon="11.876837"><ele>1793.115</ele><time>2021-09-02T11:08:23Z</time></trkpt><trkpt lat="46.507285" lon="11.876833"><ele>1794.008</ele><time>2021-09-02T11:08:28Z</time></trkpt><trkpt lat="46.507320" lon="11.876786"><ele>1794.792</ele><time>2021-09-02T11:08:32Z</time></trkpt><trkpt lat="46.507351" lon="11.876738"><ele>1795.466</ele><time>2021-09-02T11:08:36Z</time></trkpt><trkpt lat="46.507393" lon="11.876679"><ele>1796.431</ele><time>2021-09-02T11:08:41Z</time></trkpt><trkpt lat="46.507428" lon="11.876635"><ele>1797.512</ele><time>2021-09-02T11:08:46Z</time></trkpt><trkpt lat="46.507467" lon="11.876584"><ele>1798.656</ele><time>2021-09-02T11:08:51Z</time></trkpt><trkpt lat="46.507508" lon="11.876542"><ele>1799.590</ele><time>2021-09-02T11:08:56Z</time></trkpt><trkpt lat="46.507554" lon="11.876506"><ele>1800.511</ele><time>2021-09-02T11:09:01Z</time></trkpt><trkpt lat="46.507596" lon="11.876481"><ele>1801.586</ele><time>2021-09-02T11:09:06Z</time></trkpt><trkpt lat="46.507652" lon="11.876508"><ele>1803.455</ele><time>2021-09-02T11:09:25Z</time></trkpt><trkpt lat="46.507695" lon="11.876486"><ele>1804.407</ele><time>2021-09-02T11:09:30Z</time></trkpt><trkpt lat="46.507742" lon="11.876477"><ele>1805.317</ele><time>2021-09-02T11:09:34Z</time></trkpt><trkpt lat="46.507792" lon="11.876471"><ele>1806.908</ele><time>2021-09-02T11:09:40Z</time></trkpt><trkpt lat="46.507845" lon="11.876448"><ele>1808.213</ele><time>2021-09-02T11:09:46Z</time></trkpt><trkpt lat="46.507896" lon="11.876420"><ele>1809.767</ele><time>2021-09-02T11:09:53Z</time></trkpt><trkpt lat="46.507939" lon="11.876403"><ele>1811.032</ele><time>2021-09-02T11:09:59Z</time></trkpt><trkpt lat="46.507983" lon="11.876365"><ele>1812.423</ele><time>2021-09-02T11:10:06Z</time></trkpt><trkpt lat="46.508030" lon="11.876335"><ele>1813.977</ele><time>2021-09-02T11:10:13Z</time></trkpt><trkpt lat="46.508081" lon="11.876297"><ele>1814.921</ele><time>2021-09-02T11:10:18Z</time></trkpt><trkpt lat="46.508131" lon="11.876281"><ele>1816.212</ele><time>2021-09-02T11:10:25Z</time></trkpt><trkpt lat="46.508179" lon="11.876249"><ele>1817.577</ele><time>2021-09-02T11:10:33Z</time></trkpt><trkpt lat="46.508225" lon="11.876249"><ele>1819.177</ele><time>2021-09-02T11:10:44Z</time></trkpt><trkpt lat="46.508261" lon="11.876195"><ele>1820.561</ele><time>2021-09-02T11:10:51Z</time></trkpt><trkpt lat="46.508305" lon="11.876172"><ele>1821.427</ele><time>2021-09-02T11:10:56Z</time></trkpt><trkpt lat="46.508357" lon="11.876157"><ele>1822.708</ele><time>2021-09-02T11:11:03Z</time></trkpt><trkpt lat="46.508393" lon="11.876107"><ele>1823.745</ele><time>2021-09-02T11:11:09Z</time></trkpt><trkpt lat="46.508443" lon="11.876099"><ele>1824.519</ele><time>2021-09-02T11:11:14Z</time></trkpt><trkpt lat="46.508492" lon="11.876111"><ele>1825.534</ele><time>2021-09-02T11:11:19Z</time></trkpt><trkpt lat="46.508539" lon="11.876096"><ele>1826.855</ele><time>2021-09-02T11:11:24Z</time></trkpt><trkpt lat="46.508585" lon="11.876104"><ele>1827.969</ele><time>2021-09-02T11:11:29Z</time></trkpt><trkpt lat="46.508632" lon="11.876099"><ele>1828.763</ele><time>2021-09-02T11:11:33Z</time></trkpt><trkpt lat="46.508690" lon="11.876086"><ele>1829.514</ele><time>2021-09-02T11:11:38Z</time></trkpt><trkpt lat="46.508744" lon="11.876077"><ele>1830.549</ele><time>2021-09-02T11:11:44Z</time></trkpt><trkpt lat="46.508796" lon="11.876063"><ele>1831.367</ele><time>2021-09-02T11:11:49Z</time></trkpt><trkpt lat="46.508842" lon="11.876049"><ele>1832.581</ele><time>2021-09-02T11:11:55Z</time></trkpt><trkpt lat="46.508888" lon="11.876028"><ele>1833.519</ele><time>2021-09-02T11:12:00Z</time></trkpt><trkpt lat="46.508930" lon="11.875997"><ele>1834.308</ele><time>2021-09-02T11:12:05Z</time></trkpt><trkpt lat="46.508988" lon="11.875992"><ele>1835.184</ele><time>2021-09-02T11:12:10Z</time></trkpt><trkpt lat="46.509037" lon="11.876001"><ele>1835.868</ele><time>2021-09-02T11:12:15Z</time></trkpt><trkpt lat="46.509089" lon="11.876004"><ele>1836.643</ele><time>2021-09-02T11:12:20Z</time></trkpt><trkpt lat="46.509146" lon="11.876001"><ele>1837.264</ele><time>2021-09-02T11:12:25Z</time></trkpt><trkpt lat="46.509197" lon="11.875994"><ele>1837.528</ele><time>2021-09-02T11:12:30Z</time></trkpt><trkpt lat="46.509249" lon="11.876001"><ele>1837.512</ele><time>2021-09-02T11:12:34Z</time></trkpt><trkpt lat="46.509298" lon="11.876004"><ele>1838.093</ele><time>2021-09-02T11:12:38Z</time></trkpt><trkpt lat="46.509352" lon="11.875992"><ele>1838.438</ele><time>2021-09-02T11:12:42Z</time></trkpt><trkpt lat="46.509406" lon="11.875964"><ele>1839.074</ele><time>2021-09-02T11:12:47Z</time></trkpt><trkpt lat="46.509451" lon="11.875953"><ele>1839.556</ele><time>2021-09-02T11:12:51Z</time></trkpt><trkpt lat="46.509496" lon="11.875927"><ele>1840.121</ele><time>2021-09-02T11:12:56Z</time></trkpt><trkpt lat="46.509532" lon="11.875878"><ele>1840.308</ele><time>2021-09-02T11:13:00Z</time></trkpt><trkpt lat="46.509560" lon="11.875820"><ele>1840.755</ele><time>2021-09-02T11:13:05Z</time></trkpt><trkpt lat="46.509605" lon="11.875776"><ele>1841.329</ele><time>2021-09-02T11:13:10Z</time></trkpt><trkpt lat="46.509648" lon="11.875752"><ele>1841.764</ele><time>2021-09-02T11:13:14Z</time></trkpt><trkpt lat="46.509693" lon="11.875723"><ele>1842.375</ele><time>2021-09-02T11:13:18Z</time></trkpt><trkpt lat="46.509745" lon="11.875696"><ele>1842.979</ele><time>2021-09-02T11:13:22Z</time></trkpt><trkpt lat="46.509797" lon="11.875667"><ele>1843.613</ele><time>2021-09-02T11:13:26Z</time></trkpt><trkpt lat="46.509850" lon="11.875655"><ele>1844.194</ele><time>2021-09-02T11:13:30Z</time></trkpt><trkpt lat="46.509898" lon="11.875635"><ele>1844.659</ele><time>2021-09-02T11:13:34Z</time></trkpt><trkpt lat="46.509957" lon="11.875617"><ele>1845.344</ele><time>2021-09-02T11:13:39Z</time></trkpt><trkpt lat="46.510002" lon="11.875604"><ele>1845.705</ele><time>2021-09-02T11:13:43Z</time></trkpt><trkpt lat="46.510047" lon="11.875592"><ele>1846.315</ele><time>2021-09-02T11:13:47Z</time></trkpt><trkpt lat="46.510090" lon="11.875562"><ele>1846.808</ele><time>2021-09-02T11:13:51Z</time></trkpt><trkpt lat="46.510136" lon="11.875529"><ele>1847.362</ele><time>2021-09-02T11:13:55Z</time></trkpt><trkpt lat="46.510185" lon="11.875508"><ele>1848.256</ele><time>2021-09-02T11:13:59Z</time></trkpt><trkpt lat="46.510233" lon="11.875470"><ele>1848.911</ele><time>2021-09-02T11:14:03Z</time></trkpt><trkpt lat="46.510273" lon="11.875418"><ele>1849.472</ele><time>2021-09-02T11:14:06Z</time></trkpt><trkpt lat="46.510320" lon="11.875372"><ele>1849.926</ele><time>2021-09-02T11:14:10Z</time></trkpt><trkpt lat="46.510367" lon="11.875337"><ele>1850.480</ele><time>2021-09-02T11:14:13Z</time></trkpt><trkpt lat="46.510413" lon="11.875303"><ele>1851.071</ele><time>2021-09-02T11:14:16Z</time></trkpt><trkpt lat="46.510454" lon="11.875273"><ele>1851.346</ele><time>2021-09-02T11:14:18Z</time></trkpt><trkpt lat="46.510497" lon="11.875245"><ele>1851.437</ele><time>2021-09-02T11:14:20Z</time></trkpt><trkpt lat="46.510541" lon="11.875229"><ele>1851.649</ele><time>2021-09-02T11:14:22Z</time></trkpt><trkpt lat="46.510583" lon="11.875207"><ele>1851.813</ele><time>2021-09-02T11:14:24Z</time></trkpt><trkpt lat="46.510625" lon="11.875179"><ele>1852.108</ele><time>2021-09-02T11:14:26Z</time></trkpt><trkpt lat="46.510683" lon="11.875132"><ele>1852.571</ele><time>2021-09-02T11:14:29Z</time></trkpt><trkpt lat="46.510741" lon="11.875095"><ele>1852.925</ele><time>2021-09-02T11:14:32Z</time></trkpt><trkpt lat="46.510800" lon="11.875075"><ele>1853.530</ele><time>2021-09-02T11:14:35Z</time></trkpt><trkpt lat="46.510850" lon="11.875058"><ele>1854.091</ele><time>2021-09-02T11:14:40Z</time></trkpt><trkpt lat="46.510911" lon="11.875033"><ele>1854.695</ele><time>2021-09-02T11:14:44Z</time></trkpt><trkpt lat="46.510958" lon="11.874988"><ele>1854.959</ele><time>2021-09-02T11:14:48Z</time></trkpt><trkpt lat="46.511003" lon="11.874937"><ele>1855.210</ele><time>2021-09-02T11:14:52Z</time></trkpt><trkpt lat="46.511048" lon="11.874893"><ele>1855.675</ele><time>2021-09-02T11:14:56Z</time></trkpt><trkpt lat="46.511100" lon="11.874869"><ele>1856.074</ele><time>2021-09-02T11:15:00Z</time></trkpt><trkpt lat="46.511149" lon="11.874837"><ele>1855.956</ele><time>2021-09-02T11:15:03Z</time></trkpt><trkpt lat="46.511189" lon="11.874788"><ele>1855.821</ele><time>2021-09-02T11:15:06Z</time></trkpt><trkpt lat="46.511245" lon="11.874757"><ele>1855.908</ele><time>2021-09-02T11:15:10Z</time></trkpt><trkpt lat="46.511291" lon="11.874757"><ele>1856.225</ele><time>2021-09-02T11:15:12Z</time></trkpt><trkpt lat="46.511337" lon="11.874727"><ele>1856.419</ele><time>2021-09-02T11:15:14Z</time></trkpt><trkpt lat="46.511394" lon="11.874684"><ele>1856.534</ele><time>2021-09-02T11:15:17Z</time></trkpt><trkpt lat="46.511439" lon="11.874668"><ele>1856.755</ele><time>2021-09-02T11:15:19Z</time></trkpt><trkpt lat="46.511492" lon="11.874631"><ele>1857.019</ele><time>2021-09-02T11:15:22Z</time></trkpt><trkpt lat="46.511550" lon="11.874593"><ele>1857.143</ele><time>2021-09-02T11:15:25Z</time></trkpt><trkpt lat="46.511608" lon="11.874561"><ele>1857.394</ele><time>2021-09-02T11:15:28Z</time></trkpt><trkpt lat="46.511650" lon="11.874526"><ele>1857.529</ele><time>2021-09-02T11:15:30Z</time></trkpt><trkpt lat="46.511713" lon="11.874498"><ele>1857.521</ele><time>2021-09-02T11:15:33Z</time></trkpt><trkpt lat="46.511771" lon="11.874450"><ele>1857.441</ele><time>2021-09-02T11:15:36Z</time></trkpt><trkpt lat="46.511827" lon="11.874405"><ele>1857.505</ele><time>2021-09-02T11:15:39Z</time></trkpt><trkpt lat="46.511887" lon="11.874366"><ele>1857.708</ele><time>2021-09-02T11:15:42Z</time></trkpt><trkpt lat="46.511932" lon="11.874347"><ele>1857.870</ele><time>2021-09-02T11:15:44Z</time></trkpt><trkpt lat="46.511973" lon="11.874311"><ele>1857.984</ele><time>2021-09-02T11:15:46Z</time></trkpt><trkpt lat="46.512031" lon="11.874285"><ele>1858.139</ele><time>2021-09-02T11:15:49Z</time></trkpt><trkpt lat="46.512082" lon="11.874253"><ele>1858.320</ele><time>2021-09-02T11:15:52Z</time></trkpt><trkpt lat="46.512127" lon="11.874216"><ele>1858.334</ele><time>2021-09-02T11:15:55Z</time></trkpt><trkpt lat="46.512178" lon="11.874165"><ele>1858.498</ele><time>2021-09-02T11:15:59Z</time></trkpt><trkpt lat="46.512217" lon="11.874103"><ele>1858.759</ele><time>2021-09-02T11:16:03Z</time></trkpt><trkpt lat="46.512269" lon="11.874045"><ele>1858.864</ele><time>2021-09-02T11:16:07Z</time></trkpt><trkpt lat="46.512315" lon="11.873990"><ele>1858.967</ele><time>2021-09-02T11:16:10Z</time></trkpt><trkpt lat="46.512360" lon="11.873944"><ele>1859.281</ele><time>2021-09-02T11:16:12Z</time></trkpt><trkpt lat="46.512402" lon="11.873917"><ele>1859.519</ele><time>2021-09-02T11:16:14Z</time></trkpt><trkpt lat="46.512438" lon="11.873870"><ele>1859.808</ele><time>2021-09-02T11:16:16Z</time></trkpt><trkpt lat="46.512478" lon="11.873828"><ele>1860.034</ele><time>2021-09-02T11:16:18Z</time></trkpt><trkpt lat="46.512522" lon="11.873810"><ele>1860.228</ele><time>2021-09-02T11:16:20Z</time></trkpt><trkpt lat="46.512570" lon="11.873791"><ele>1860.443</ele><time>2021-09-02T11:16:22Z</time></trkpt><trkpt lat="46.512607" lon="11.873745"><ele>1860.544</ele><time>2021-09-02T11:16:24Z</time></trkpt><trkpt lat="46.512646" lon="11.873712"><ele>1860.688</ele><time>2021-09-02T11:16:26Z</time></trkpt><trkpt lat="46.512686" lon="11.873675"><ele>1860.812</ele><time>2021-09-02T11:16:28Z</time></trkpt><trkpt lat="46.512729" lon="11.873622"><ele>1861.163</ele><time>2021-09-02T11:16:31Z</time></trkpt><trkpt lat="46.512778" lon="11.873564"><ele>1861.548</ele><time>2021-09-02T11:16:35Z</time></trkpt><trkpt lat="46.512820" lon="11.873531"><ele>1861.851</ele><time>2021-09-02T11:16:38Z</time></trkpt><trkpt lat="46.512859" lon="11.873487"><ele>1862.101</ele><time>2021-09-02T11:16:42Z</time></trkpt><trkpt lat="46.512898" lon="11.873444"><ele>1862.311</ele><time>2021-09-02T11:16:46Z</time></trkpt><trkpt lat="46.512931" lon="11.873391"><ele>1862.508</ele><time>2021-09-02T11:16:50Z</time></trkpt><trkpt lat="46.512964" lon="11.873332"><ele>1863.053</ele><time>2021-09-02T11:16:54Z</time></trkpt><trkpt lat="46.513008" lon="11.873280"><ele>1863.477</ele><time>2021-09-02T11:16:58Z</time></trkpt><trkpt lat="46.513045" lon="11.873241"><ele>1863.692</ele><time>2021-09-02T11:17:01Z</time></trkpt><trkpt lat="46.513092" lon="11.873184"><ele>1864.013</ele><time>2021-09-02T11:17:05Z</time></trkpt><trkpt lat="46.513132" lon="11.873137"><ele>1864.267</ele><time>2021-09-02T11:17:09Z</time></trkpt><trkpt lat="46.513170" lon="11.873093"><ele>1864.441</ele><time>2021-09-02T11:17:12Z</time></trkpt><trkpt lat="46.513216" lon="11.873044"><ele>1864.892</ele><time>2021-09-02T11:17:16Z</time></trkpt><trkpt lat="46.513248" lon="11.872991"><ele>1865.257</ele><time>2021-09-02T11:17:19Z</time></trkpt><trkpt lat="46.513291" lon="11.872937"><ele>1865.571</ele><time>2021-09-02T11:17:22Z</time></trkpt><trkpt lat="46.513321" lon="11.872882"><ele>1865.741</ele><time>2021-09-02T11:17:25Z</time></trkpt><trkpt lat="46.513360" lon="11.872829"><ele>1866.015</ele><time>2021-09-02T11:17:28Z</time></trkpt><trkpt lat="46.513395" lon="11.872781"><ele>1866.208</ele><time>2021-09-02T11:17:30Z</time></trkpt><trkpt lat="46.513440" lon="11.872737"><ele>1866.575</ele><time>2021-09-02T11:17:33Z</time></trkpt><trkpt lat="46.513490" lon="11.872701"><ele>1866.529</ele><time>2021-09-02T11:17:36Z</time></trkpt><trkpt lat="46.513547" lon="11.872709"><ele>1866.714</ele><time>2021-09-02T11:17:41Z</time></trkpt><trkpt lat="46.513593" lon="11.872717"><ele>1866.995</ele><time>2021-09-02T11:17:44Z</time></trkpt><trkpt lat="46.513638" lon="11.872686"><ele>1866.939</ele><time>2021-09-02T11:17:48Z</time></trkpt><trkpt lat="46.513686" lon="11.872661"><ele>1866.893</ele><time>2021-09-02T11:17:52Z</time></trkpt><trkpt lat="46.513704" lon="11.872596"><ele>1868.014</ele><time>2021-09-02T11:18:34Z</time></trkpt><trkpt lat="46.513703" lon="11.872512"><ele>1867.429</ele><time>2021-09-02T11:19:09Z</time></trkpt><trkpt lat="46.513753" lon="11.872439"><ele>1867.512</ele><time>2021-09-02T11:19:12Z</time></trkpt><trkpt lat="46.513795" lon="11.872395"><ele>1867.832</ele><time>2021-09-02T11:19:14Z</time></trkpt><trkpt lat="46.513827" lon="11.872330"><ele>1867.805</ele><time>2021-09-02T11:19:18Z</time></trkpt><trkpt lat="46.513835" lon="11.872243"><ele>1866.908</ele><time>2021-09-02T11:19:22Z</time></trkpt><trkpt lat="46.513838" lon="11.872173"><ele>1866.719</ele><time>2021-09-02T11:19:26Z</time></trkpt><trkpt lat="46.513841" lon="11.872265"><ele>1866.833</ele><time>2021-09-02T11:23:58Z</time></trkpt><trkpt lat="46.513890" lon="11.872296"><ele>1866.938</ele><time>2021-09-02T11:24:02Z</time></trkpt><trkpt lat="46.513946" lon="11.872292"><ele>1866.939</ele><time>2021-09-02T11:24:06Z</time></trkpt><trkpt lat="46.514005" lon="11.872292"><ele>1866.963</ele><time>2021-09-02T11:24:10Z</time></trkpt><trkpt lat="46.514070" lon="11.872281"><ele>1866.687</ele><time>2021-09-02T11:24:13Z</time></trkpt><trkpt lat="46.514116" lon="11.872289"><ele>1866.438</ele><time>2021-09-02T11:24:16Z</time></trkpt><trkpt lat="46.514165" lon="11.872290"><ele>1866.163</ele><time>2021-09-02T11:24:19Z</time></trkpt><trkpt lat="46.514219" lon="11.872298"><ele>1865.867</ele><time>2021-09-02T11:24:21Z</time></trkpt><trkpt lat="46.514264" lon="11.872318"><ele>1865.581</ele><time>2021-09-02T11:24:23Z</time></trkpt><trkpt lat="46.514316" lon="11.872320"><ele>1865.219</ele><time>2021-09-02T11:24:25Z</time></trkpt><trkpt lat="46.514361" lon="11.872335"><ele>1865.008</ele><time>2021-09-02T11:24:27Z</time></trkpt><trkpt lat="46.514413" lon="11.872345"><ele>1864.744</ele><time>2021-09-02T11:24:29Z</time></trkpt><trkpt lat="46.514462" lon="11.872355"><ele>1864.558</ele><time>2021-09-02T11:24:31Z</time></trkpt><trkpt lat="46.514524" lon="11.872366"><ele>1864.123</ele><time>2021-09-02T11:24:34Z</time></trkpt><trkpt lat="46.514584" lon="11.872383"><ele>1863.934</ele><time>2021-09-02T11:24:37Z</time></trkpt><trkpt lat="46.514638" lon="11.872401"><ele>1863.628</ele><time>2021-09-02T11:24:40Z</time></trkpt><trkpt lat="46.514687" lon="11.872408"><ele>1863.412</ele><time>2021-09-02T11:24:43Z</time></trkpt><trkpt lat="46.514733" lon="11.872424"><ele>1863.163</ele><time>2021-09-02T11:24:47Z</time></trkpt><trkpt lat="46.514782" lon="11.872437"><ele>1862.878</ele><time>2021-09-02T11:24:51Z</time></trkpt><trkpt lat="46.514833" lon="11.872465"><ele>1862.883</ele><time>2021-09-02T11:24:55Z</time></trkpt><trkpt lat="46.514886" lon="11.872483"><ele>1862.425</ele><time>2021-09-02T11:24:59Z</time></trkpt><trkpt lat="46.514931" lon="11.872500"><ele>1862.217</ele><time>2021-09-02T11:25:03Z</time></trkpt><trkpt lat="46.514982" lon="11.872513"><ele>1862.008</ele><time>2021-09-02T11:25:06Z</time></trkpt><trkpt lat="46.515033" lon="11.872518"><ele>1861.586</ele><time>2021-09-02T11:25:11Z</time></trkpt><trkpt lat="46.515090" lon="11.872539"><ele>1861.220</ele><time>2021-09-02T11:25:15Z</time></trkpt><trkpt lat="46.515142" lon="11.872550"><ele>1860.795</ele><time>2021-09-02T11:25:19Z</time></trkpt><trkpt lat="46.515193" lon="11.872544"><ele>1860.446</ele><time>2021-09-02T11:25:22Z</time></trkpt><trkpt lat="46.515236" lon="11.872580"><ele>1860.070</ele><time>2021-09-02T11:25:25Z</time></trkpt><trkpt lat="46.515284" lon="11.872618"><ele>1859.724</ele><time>2021-09-02T11:25:27Z</time></trkpt><trkpt lat="46.515339" lon="11.872641"><ele>1859.565</ele><time>2021-09-02T11:25:29Z</time></trkpt><trkpt lat="46.515398" lon="11.872659"><ele>1859.220</ele><time>2021-09-02T11:25:31Z</time></trkpt><trkpt lat="46.515454" lon="11.872680"><ele>1858.997</ele><time>2021-09-02T11:25:33Z</time></trkpt><trkpt lat="46.515508" lon="11.872706"><ele>1858.523</ele><time>2021-09-02T11:25:35Z</time></trkpt><trkpt lat="46.515564" lon="11.872721"><ele>1858.225</ele><time>2021-09-02T11:25:37Z</time></trkpt><trkpt lat="46.515620" lon="11.872742"><ele>1857.908</ele><time>2021-09-02T11:25:39Z</time></trkpt><trkpt lat="46.515677" lon="11.872747"><ele>1857.697</ele><time>2021-09-02T11:25:41Z</time></trkpt><trkpt lat="46.515739" lon="11.872750"><ele>1857.241</ele><time>2021-09-02T11:25:43Z</time></trkpt><trkpt lat="46.515797" lon="11.872783"><ele>1856.836</ele><time>2021-09-02T11:25:45Z</time></trkpt><trkpt lat="46.515860" lon="11.872794"><ele>1856.647</ele><time>2021-09-02T11:25:47Z</time></trkpt><trkpt lat="46.515917" lon="11.872820"><ele>1856.381</ele><time>2021-09-02T11:25:49Z</time></trkpt><trkpt lat="46.515973" lon="11.872828"><ele>1856.115</ele><time>2021-09-02T11:25:51Z</time></trkpt><trkpt lat="46.516024" lon="11.872838"><ele>1855.836</ele><time>2021-09-02T11:25:53Z</time></trkpt><trkpt lat="46.516082" lon="11.872842"><ele>1855.771</ele><time>2021-09-02T11:25:55Z</time></trkpt><trkpt lat="46.516133" lon="11.872842"><ele>1855.615</ele><time>2021-09-02T11:25:57Z</time></trkpt><trkpt lat="46.516187" lon="11.872849"><ele>1855.465</ele><time>2021-09-02T11:25:59Z</time></trkpt><trkpt lat="46.516239" lon="11.872859"><ele>1855.311</ele><time>2021-09-02T11:26:01Z</time></trkpt><trkpt lat="46.516290" lon="11.872845"><ele>1855.208</ele><time>2021-09-02T11:26:03Z</time></trkpt><trkpt lat="46.516341" lon="11.872849"><ele>1855.249</ele><time>2021-09-02T11:26:05Z</time></trkpt><trkpt lat="46.516387" lon="11.872841"><ele>1855.073</ele><time>2021-09-02T11:26:07Z</time></trkpt><trkpt lat="46.516434" lon="11.872841"><ele>1854.928</ele><time>2021-09-02T11:26:09Z</time></trkpt><trkpt lat="46.516482" lon="11.872824"><ele>1854.799</ele><time>2021-09-02T11:26:11Z</time></trkpt><trkpt lat="46.516526" lon="11.872813"><ele>1854.513</ele><time>2021-09-02T11:26:13Z</time></trkpt><trkpt lat="46.516571" lon="11.872806"><ele>1854.487</ele><time>2021-09-02T11:26:15Z</time></trkpt><trkpt lat="46.516624" lon="11.872804"><ele>1854.388</ele><time>2021-09-02T11:26:17Z</time></trkpt><trkpt lat="46.516677" lon="11.872797"><ele>1854.233</ele><time>2021-09-02T11:26:19Z</time></trkpt><trkpt lat="46.516730" lon="11.872809"><ele>1854.222</ele><time>2021-09-02T11:26:21Z</time></trkpt><trkpt lat="46.516777" lon="11.872790"><ele>1854.162</ele><time>2021-09-02T11:26:23Z</time></trkpt><trkpt lat="46.516842" lon="11.872779"><ele>1854.008</ele><time>2021-09-02T11:26:26Z</time></trkpt><trkpt lat="46.516896" lon="11.872780"><ele>1853.808</ele><time>2021-09-02T11:26:29Z</time></trkpt><trkpt lat="46.516957" lon="11.872762"><ele>1853.740</ele><time>2021-09-02T11:26:33Z</time></trkpt><trkpt lat="46.517016" lon="11.872770"><ele>1853.614</ele><time>2021-09-02T11:26:38Z</time></trkpt><trkpt lat="46.517067" lon="11.872802"><ele>1853.599</ele><time>2021-09-02T11:26:44Z</time></trkpt><trkpt lat="46.517122" lon="11.872799"><ele>1853.590</ele><time>2021-09-02T11:26:47Z</time></trkpt><trkpt lat="46.517167" lon="11.872790"><ele>1853.294</ele><time>2021-09-02T11:26:50Z</time></trkpt><trkpt lat="46.517215" lon="11.872775"><ele>1853.198</ele><time>2021-09-02T11:26:54Z</time></trkpt><trkpt lat="46.517263" lon="11.872771"><ele>1853.019</ele><time>2021-09-02T11:26:57Z</time></trkpt><trkpt lat="46.517309" lon="11.872774"><ele>1852.954</ele><time>2021-09-02T11:26:59Z</time></trkpt><trkpt lat="46.517367" lon="11.872762"><ele>1852.961</ele><time>2021-09-02T11:27:02Z</time></trkpt><trkpt lat="46.517427" lon="11.872729"><ele>1852.921</ele><time>2021-09-02T11:27:05Z</time></trkpt><trkpt lat="46.517473" lon="11.872767"><ele>1852.813</ele><time>2021-09-02T11:27:07Z</time></trkpt><trkpt lat="46.517539" lon="11.872782"><ele>1852.708</ele><time>2021-09-02T11:27:09Z</time></trkpt><trkpt lat="46.517601" lon="11.872800"><ele>1852.514</ele><time>2021-09-02T11:27:11Z</time></trkpt><trkpt lat="46.517649" lon="11.872836"><ele>1852.398</ele><time>2021-09-02T11:27:13Z</time></trkpt><trkpt lat="46.517706" lon="11.872854"><ele>1852.153</ele><time>2021-09-02T11:27:15Z</time></trkpt><trkpt lat="46.517761" lon="11.872880"><ele>1852.084</ele><time>2021-09-02T11:27:17Z</time></trkpt><trkpt lat="46.517821" lon="11.872910"><ele>1851.858</ele><time>2021-09-02T11:27:19Z</time></trkpt><trkpt lat="46.517875" lon="11.872933"><ele>1851.552</ele><time>2021-09-02T11:27:21Z</time></trkpt><trkpt lat="46.517920" lon="11.872976"><ele>1851.343</ele><time>2021-09-02T11:27:23Z</time></trkpt><trkpt lat="46.517967" lon="11.873013"><ele>1851.158</ele><time>2021-09-02T11:27:25Z</time></trkpt><trkpt lat="46.518016" lon="11.873046"><ele>1850.926</ele><time>2021-09-02T11:27:27Z</time></trkpt><trkpt lat="46.518068" lon="11.873064"><ele>1850.647</ele><time>2021-09-02T11:27:29Z</time></trkpt><trkpt lat="46.518117" lon="11.873086"><ele>1850.411</ele><time>2021-09-02T11:27:31Z</time></trkpt><trkpt lat="46.518160" lon="11.873120"><ele>1850.108</ele><time>2021-09-02T11:27:33Z</time></trkpt><trkpt lat="46.518227" lon="11.873158"><ele>1849.620</ele><time>2021-09-02T11:27:36Z</time></trkpt><trkpt lat="46.518280" lon="11.873169"><ele>1849.424</ele><time>2021-09-02T11:27:38Z</time></trkpt><trkpt lat="46.518329" lon="11.873193"><ele>1849.149</ele><time>2021-09-02T11:27:40Z</time></trkpt><trkpt lat="46.518375" lon="11.873214"><ele>1848.790</ele><time>2021-09-02T11:27:42Z</time></trkpt><trkpt lat="46.518425" lon="11.873240"><ele>1848.474</ele><time>2021-09-02T11:27:44Z</time></trkpt><trkpt lat="46.518470" lon="11.873265"><ele>1848.118</ele><time>2021-09-02T11:27:46Z</time></trkpt><trkpt lat="46.518518" lon="11.873294"><ele>1847.729</ele><time>2021-09-02T11:27:48Z</time></trkpt><trkpt lat="46.518562" lon="11.873323"><ele>1847.354</ele><time>2021-09-02T11:27:50Z</time></trkpt><trkpt lat="46.518605" lon="11.873346"><ele>1846.832</ele><time>2021-09-02T11:27:52Z</time></trkpt><trkpt lat="46.518653" lon="11.873370"><ele>1846.492</ele><time>2021-09-02T11:27:54Z</time></trkpt><trkpt lat="46.518702" lon="11.873396"><ele>1846.111</ele><time>2021-09-02T11:27:56Z</time></trkpt><trkpt lat="46.518744" lon="11.873436"><ele>1845.708</ele><time>2021-09-02T11:27:58Z</time></trkpt><trkpt lat="46.518795" lon="11.873451"><ele>1845.371</ele><time>2021-09-02T11:28:00Z</time></trkpt><trkpt lat="46.518842" lon="11.873470"><ele>1845.065</ele><time>2021-09-02T11:28:02Z</time></trkpt><trkpt lat="46.518881" lon="11.873504"><ele>1844.680</ele><time>2021-09-02T11:28:04Z</time></trkpt><trkpt lat="46.518919" lon="11.873538"><ele>1844.111</ele><time>2021-09-02T11:28:06Z</time></trkpt><trkpt lat="46.518966" lon="11.873564"><ele>1843.665</ele><time>2021-09-02T11:28:08Z</time></trkpt><trkpt lat="46.519012" lon="11.873591"><ele>1843.259</ele><time>2021-09-02T11:28:10Z</time></trkpt><trkpt lat="46.519061" lon="11.873613"><ele>1842.860</ele><time>2021-09-02T11:28:12Z</time></trkpt><trkpt lat="46.519127" lon="11.873647"><ele>1842.475</ele><time>2021-09-02T11:28:15Z</time></trkpt><trkpt lat="46.519173" lon="11.873678"><ele>1842.341</ele><time>2021-09-02T11:28:17Z</time></trkpt><trkpt lat="46.519213" lon="11.873715"><ele>1842.181</ele><time>2021-09-02T11:28:19Z</time></trkpt><trkpt lat="46.519249" lon="11.873776"><ele>1841.909</ele><time>2021-09-02T11:28:21Z</time></trkpt><trkpt lat="46.519293" lon="11.873815"><ele>1841.608</ele><time>2021-09-02T11:28:23Z</time></trkpt><trkpt lat="46.519332" lon="11.873863"><ele>1841.492</ele><time>2021-09-02T11:28:25Z</time></trkpt><trkpt lat="46.519354" lon="11.873922"><ele>1841.216</ele><time>2021-09-02T11:28:27Z</time></trkpt><trkpt lat="46.519382" lon="11.873991"><ele>1840.911</ele><time>2021-09-02T11:28:31Z</time></trkpt><trkpt lat="46.519408" lon="11.874061"><ele>1841.232</ele><time>2021-09-02T11:28:34Z</time></trkpt><trkpt lat="46.519439" lon="11.874110"><ele>1841.526</ele><time>2021-09-02T11:28:37Z</time></trkpt><trkpt lat="46.519474" lon="11.874155"><ele>1841.910</ele><time>2021-09-02T11:28:41Z</time></trkpt><trkpt lat="46.519513" lon="11.874207"><ele>1842.711</ele><time>2021-09-02T11:28:47Z</time></trkpt><trkpt lat="46.519544" lon="11.874259"><ele>1843.486</ele><time>2021-09-02T11:28:51Z</time></trkpt><trkpt lat="46.519562" lon="11.874335"><ele>1844.351</ele><time>2021-09-02T11:28:56Z</time></trkpt><trkpt lat="46.519569" lon="11.874409"><ele>1845.201</ele><time>2021-09-02T11:29:01Z</time></trkpt><trkpt lat="46.519593" lon="11.874468"><ele>1845.811</ele><time>2021-09-02T11:29:05Z</time></trkpt><trkpt lat="46.519621" lon="11.874537"><ele>1846.308</ele><time>2021-09-02T11:29:10Z</time></trkpt><trkpt lat="46.519658" lon="11.874583"><ele>1847.183</ele><time>2021-09-02T11:29:15Z</time></trkpt><trkpt lat="46.519691" lon="11.874634"><ele>1847.967</ele><time>2021-09-02T11:29:19Z</time></trkpt><trkpt lat="46.519721" lon="11.874708"><ele>1849.032</ele><time>2021-09-02T11:29:24Z</time></trkpt><trkpt lat="46.519759" lon="11.874771"><ele>1849.533</ele><time>2021-09-02T11:29:28Z</time></trkpt><trkpt lat="46.519804" lon="11.874804"><ele>1849.387</ele><time>2021-09-02T11:29:31Z</time></trkpt><trkpt lat="46.519852" lon="11.874826"><ele>1848.731</ele><time>2021-09-02T11:29:34Z</time></trkpt><trkpt lat="46.519918" lon="11.874818"><ele>1848.412</ele><time>2021-09-02T11:29:37Z</time></trkpt><trkpt lat="46.519980" lon="11.874799"><ele>1848.087</ele><time>2021-09-02T11:29:40Z</time></trkpt><trkpt lat="46.520032" lon="11.874783"><ele>1847.875</ele><time>2021-09-02T11:29:43Z</time></trkpt><trkpt lat="46.520085" lon="11.874771"><ele>1847.828</ele><time>2021-09-02T11:29:46Z</time></trkpt><trkpt lat="46.520132" lon="11.874788"><ele>1847.820</ele><time>2021-09-02T11:29:49Z</time></trkpt><trkpt lat="46.520184" lon="11.874786"><ele>1847.308</ele><time>2021-09-02T11:29:53Z</time></trkpt><trkpt lat="46.520240" lon="11.874788"><ele>1846.665</ele><time>2021-09-02T11:29:57Z</time></trkpt><trkpt lat="46.520289" lon="11.874820"><ele>1846.799</ele><time>2021-09-02T11:30:01Z</time></trkpt><trkpt lat="46.520327" lon="11.874884"><ele>1847.354</ele><time>2021-09-02T11:30:05Z</time></trkpt><trkpt lat="46.520365" lon="11.874932"><ele>1848.355</ele><time>2021-09-02T11:30:09Z</time></trkpt><trkpt lat="46.520403" lon="11.874987"><ele>1849.469</ele><time>2021-09-02T11:30:14Z</time></trkpt><trkpt lat="46.520438" lon="11.875032"><ele>1850.173</ele><time>2021-09-02T11:30:18Z</time></trkpt><trkpt lat="46.520445" lon="11.875109"><ele>1851.364</ele><time>2021-09-02T11:30:24Z</time></trkpt><trkpt lat="46.520477" lon="11.875221"><ele>1853.039</ele><time>2021-09-02T11:33:27Z</time></trkpt><trkpt lat="46.520500" lon="11.875299"><ele>1853.861</ele><time>2021-09-02T11:33:32Z</time></trkpt><trkpt lat="46.520524" lon="11.875358"><ele>1854.521</ele><time>2021-09-02T11:33:36Z</time></trkpt><trkpt lat="46.520544" lon="11.875427"><ele>1855.313</ele><time>2021-09-02T11:33:40Z</time></trkpt><trkpt lat="46.520568" lon="11.875490"><ele>1856.308</ele><time>2021-09-02T11:33:45Z</time></trkpt><trkpt lat="46.520594" lon="11.875548"><ele>1857.214</ele><time>2021-09-02T11:33:49Z</time></trkpt><trkpt lat="46.520627" lon="11.875599"><ele>1858.348</ele><time>2021-09-02T11:33:53Z</time></trkpt><trkpt lat="46.520669" lon="11.875641"><ele>1859.353</ele><time>2021-09-02T11:33:57Z</time></trkpt><trkpt lat="46.520703" lon="11.875687"><ele>1859.914</ele><time>2021-09-02T11:34:01Z</time></trkpt><trkpt lat="46.520739" lon="11.875733"><ele>1860.358</ele><time>2021-09-02T11:34:04Z</time></trkpt><trkpt lat="46.520775" lon="11.875784"><ele>1860.712</ele><time>2021-09-02T11:34:08Z</time></trkpt><trkpt lat="46.520804" lon="11.875849"><ele>1861.233</ele><time>2021-09-02T11:34:12Z</time></trkpt><trkpt lat="46.520850" lon="11.875897"><ele>1861.688</ele><time>2021-09-02T11:34:16Z</time></trkpt><trkpt lat="46.520887" lon="11.875953"><ele>1861.872</ele><time>2021-09-02T11:34:20Z</time></trkpt><trkpt lat="46.520909" lon="11.876019"><ele>1862.413</ele><time>2021-09-02T11:34:25Z</time></trkpt><trkpt lat="46.520931" lon="11.876083"><ele>1862.914</ele><time>2021-09-02T11:34:29Z</time></trkpt><trkpt lat="46.520947" lon="11.876159"><ele>1863.808</ele><time>2021-09-02T11:34:34Z</time></trkpt><trkpt lat="46.520959" lon="11.876227"><ele>1864.355</ele><time>2021-09-02T11:34:38Z</time></trkpt><trkpt lat="46.520975" lon="11.876306"><ele>1865.029</ele><time>2021-09-02T11:34:42Z</time></trkpt><trkpt lat="46.520978" lon="11.876382"><ele>1865.684</ele><time>2021-09-02T11:34:46Z</time></trkpt><trkpt lat="46.520996" lon="11.876456"><ele>1866.065</ele><time>2021-09-02T11:34:50Z</time></trkpt><trkpt lat="46.521017" lon="11.876527"><ele>1866.419</ele><time>2021-09-02T11:34:54Z</time></trkpt><trkpt lat="46.521029" lon="11.876593"><ele>1866.543</ele><time>2021-09-02T11:34:57Z</time></trkpt><trkpt lat="46.521047" lon="11.876670"><ele>1866.984</ele><time>2021-09-02T11:35:02Z</time></trkpt><trkpt lat="46.521059" lon="11.876740"><ele>1867.629</ele><time>2021-09-02T11:35:06Z</time></trkpt><trkpt lat="46.521087" lon="11.876812"><ele>1867.839</ele><time>2021-09-02T11:35:11Z</time></trkpt><trkpt lat="46.521111" lon="11.876870"><ele>1867.901</ele><time>2021-09-02T11:35:16Z</time></trkpt><trkpt lat="46.521135" lon="11.876940"><ele>1868.421</ele><time>2021-09-02T11:35:23Z</time></trkpt><trkpt lat="46.521154" lon="11.877009"><ele>1868.808</ele><time>2021-09-02T11:35:27Z</time></trkpt><trkpt lat="46.521159" lon="11.877076"><ele>1869.421</ele><time>2021-09-02T11:35:31Z</time></trkpt><trkpt lat="46.521172" lon="11.877153"><ele>1869.875</ele><time>2021-09-02T11:35:36Z</time></trkpt><trkpt lat="46.521218" lon="11.877210"><ele>1869.910</ele><time>2021-09-02T11:35:40Z</time></trkpt><trkpt lat="46.521272" lon="11.877272"><ele>1869.141</ele><time>2021-09-02T11:35:44Z</time></trkpt><trkpt lat="46.521304" lon="11.877333"><ele>1868.725</ele><time>2021-09-02T11:35:47Z</time></trkpt><trkpt lat="46.521340" lon="11.877380"><ele>1868.479</ele><time>2021-09-02T11:35:50Z</time></trkpt><trkpt lat="46.521375" lon="11.877438"><ele>1867.990</ele><time>2021-09-02T11:35:54Z</time></trkpt><trkpt lat="46.521425" lon="11.877495"><ele>1867.135</ele><time>2021-09-02T11:35:57Z</time></trkpt><trkpt lat="46.521462" lon="11.877543"><ele>1866.721</ele><time>2021-09-02T11:35:59Z</time></trkpt><trkpt lat="46.521505" lon="11.877615"><ele>1866.241</ele><time>2021-09-02T11:36:02Z</time></trkpt><trkpt lat="46.521550" lon="11.877687"><ele>1865.905</ele><time>2021-09-02T11:36:05Z</time></trkpt><trkpt lat="46.521575" lon="11.877758"><ele>1865.608</ele><time>2021-09-02T11:36:07Z</time></trkpt><trkpt lat="46.521586" lon="11.877836"><ele>1865.430</ele><time>2021-09-02T11:36:09Z</time></trkpt><trkpt lat="46.521624" lon="11.877889"><ele>1865.264</ele><time>2021-09-02T11:36:11Z</time></trkpt><trkpt lat="46.521659" lon="11.877946"><ele>1865.199</ele><time>2021-09-02T11:36:13Z</time></trkpt><trkpt lat="46.521688" lon="11.878012"><ele>1864.940</ele><time>2021-09-02T11:36:15Z</time></trkpt><trkpt lat="46.521726" lon="11.878059"><ele>1864.684</ele><time>2021-09-02T11:36:17Z</time></trkpt><trkpt lat="46.521750" lon="11.878140"><ele>1864.548</ele><time>2021-09-02T11:36:19Z</time></trkpt><trkpt lat="46.521785" lon="11.878182"><ele>1864.679</ele><time>2021-09-02T11:36:21Z</time></trkpt><trkpt lat="46.521829" lon="11.878207"><ele>1864.964</ele><time>2021-09-02T11:36:23Z</time></trkpt><trkpt lat="46.521863" lon="11.878257"><ele>1865.155</ele><time>2021-09-02T11:36:25Z</time></trkpt><trkpt lat="46.521895" lon="11.878310"><ele>1865.207</ele><time>2021-09-02T11:36:27Z</time></trkpt><trkpt lat="46.521924" lon="11.878376"><ele>1865.217</ele><time>2021-09-02T11:36:29Z</time></trkpt><trkpt lat="46.521957" lon="11.878427"><ele>1865.208</ele><time>2021-09-02T11:36:31Z</time></trkpt><trkpt lat="46.521988" lon="11.878474"><ele>1865.283</ele><time>2021-09-02T11:36:33Z</time></trkpt><trkpt lat="46.522017" lon="11.878527"><ele>1865.297</ele><time>2021-09-02T11:36:35Z</time></trkpt><trkpt lat="46.522054" lon="11.878564"><ele>1865.252</ele><time>2021-09-02T11:36:37Z</time></trkpt><trkpt lat="46.522092" lon="11.878638"><ele>1865.153</ele><time>2021-09-02T11:36:40Z</time></trkpt><trkpt lat="46.522119" lon="11.878721"><ele>1864.977</ele><time>2021-09-02T11:36:43Z</time></trkpt><trkpt lat="46.522122" lon="11.878807"><ele>1864.621</ele><time>2021-09-02T11:36:45Z</time></trkpt><trkpt lat="46.522140" lon="11.878877"><ele>1864.332</ele><time>2021-09-02T11:36:47Z</time></trkpt><trkpt lat="46.522159" lon="11.878943"><ele>1863.967</ele><time>2021-09-02T11:36:49Z</time></trkpt><trkpt lat="46.522182" lon="11.879009"><ele>1863.692</ele><time>2021-09-02T11:36:51Z</time></trkpt><trkpt lat="46.522223" lon="11.879056"><ele>1863.573</ele><time>2021-09-02T11:36:53Z</time></trkpt><trkpt lat="46.522262" lon="11.879095"><ele>1863.520</ele><time>2021-09-02T11:36:55Z</time></trkpt><trkpt lat="46.522300" lon="11.879138"><ele>1863.708</ele><time>2021-09-02T11:36:57Z</time></trkpt><trkpt lat="46.522336" lon="11.879209"><ele>1864.117</ele><time>2021-09-02T11:37:00Z</time></trkpt><trkpt lat="46.522347" lon="11.879296"><ele>1864.511</ele><time>2021-09-02T11:37:03Z</time></trkpt><trkpt lat="46.522344" lon="11.879376"><ele>1864.786</ele><time>2021-09-02T11:37:06Z</time></trkpt><trkpt lat="46.522328" lon="11.879488"><ele>1864.567</ele><time>2021-09-02T11:37:18Z</time></trkpt><trkpt lat="46.522358" lon="11.879673"><ele>1865.071</ele><time>2021-09-02T11:37:45Z</time></trkpt><trkpt lat="46.522399" lon="11.879709"><ele>1865.155</ele><time>2021-09-02T11:37:49Z</time></trkpt><trkpt lat="46.522443" lon="11.879680"><ele>1865.336</ele><time>2021-09-02T11:38:02Z</time></trkpt><trkpt lat="46.522479" lon="11.879742"><ele>1865.381</ele><time>2021-09-02T11:38:08Z</time></trkpt><trkpt lat="46.522519" lon="11.879787"><ele>1865.423</ele><time>2021-09-02T11:38:12Z</time></trkpt><trkpt lat="46.522569" lon="11.879847"><ele>1865.783</ele><time>2021-09-02T11:38:16Z</time></trkpt><trkpt lat="46.522609" lon="11.879899"><ele>1866.111</ele><time>2021-09-02T11:38:19Z</time></trkpt><trkpt lat="46.522631" lon="11.879980"><ele>1866.608</ele><time>2021-09-02T11:38:23Z</time></trkpt><trkpt lat="46.522649" lon="11.880041"><ele>1867.250</ele><time>2021-09-02T11:38:27Z</time></trkpt><trkpt lat="46.522664" lon="11.880109"><ele>1867.824</ele><time>2021-09-02T11:38:32Z</time></trkpt><trkpt lat="46.522673" lon="11.880175"><ele>1868.059</ele><time>2021-09-02T11:38:35Z</time></trkpt><trkpt lat="46.522684" lon="11.880241"><ele>1868.210</ele><time>2021-09-02T11:38:38Z</time></trkpt><trkpt lat="46.522699" lon="11.880307"><ele>1868.544</ele><time>2021-09-02T11:38:41Z</time></trkpt><trkpt lat="46.522719" lon="11.880365"><ele>1868.728</ele><time>2021-09-02T11:38:44Z</time></trkpt><trkpt lat="46.522743" lon="11.880434"><ele>1868.879</ele><time>2021-09-02T11:38:47Z</time></trkpt><trkpt lat="46.522771" lon="11.880512"><ele>1868.854</ele><time>2021-09-02T11:38:50Z</time></trkpt><trkpt lat="46.522809" lon="11.880564"><ele>1868.982</ele><time>2021-09-02T11:38:53Z</time></trkpt><trkpt lat="46.522850" lon="11.880613"><ele>1869.243</ele><time>2021-09-02T11:38:56Z</time></trkpt><trkpt lat="46.522906" lon="11.880643"><ele>1869.417</ele><time>2021-09-02T11:38:59Z</time></trkpt><trkpt lat="46.522949" lon="11.880687"><ele>1869.608</ele><time>2021-09-02T11:39:01Z</time></trkpt><trkpt lat="46.522987" lon="11.880722"><ele>1869.776</ele><time>2021-09-02T11:39:03Z</time></trkpt><trkpt lat="46.523029" lon="11.880760"><ele>1869.770</ele><time>2021-09-02T11:39:05Z</time></trkpt><trkpt lat="46.523067" lon="11.880812"><ele>1869.675</ele><time>2021-09-02T11:39:07Z</time></trkpt><trkpt lat="46.523102" lon="11.880857"><ele>1869.596</ele><time>2021-09-02T11:39:09Z</time></trkpt><trkpt lat="46.523150" lon="11.880923"><ele>1869.530</ele><time>2021-09-02T11:39:12Z</time></trkpt><trkpt lat="46.523182" lon="11.880974"><ele>1869.614</ele><time>2021-09-02T11:39:14Z</time></trkpt><trkpt lat="46.523215" lon="11.881020"><ele>1869.645</ele><time>2021-09-02T11:39:16Z</time></trkpt><trkpt lat="46.523245" lon="11.881069"><ele>1869.790</ele><time>2021-09-02T11:39:18Z</time></trkpt><trkpt lat="46.523293" lon="11.881105"><ele>1869.877</ele><time>2021-09-02T11:39:20Z</time></trkpt><trkpt lat="46.523339" lon="11.881139"><ele>1870.061</ele><time>2021-09-02T11:39:22Z</time></trkpt><trkpt lat="46.523382" lon="11.881176"><ele>1870.227</ele><time>2021-09-02T11:39:24Z</time></trkpt><trkpt lat="46.523429" lon="11.881196"><ele>1870.508</ele><time>2021-09-02T11:39:26Z</time></trkpt><trkpt lat="46.523486" lon="11.881234"><ele>1870.845</ele><time>2021-09-02T11:39:29Z</time></trkpt><trkpt lat="46.523538" lon="11.881269"><ele>1871.169</ele><time>2021-09-02T11:39:32Z</time></trkpt><trkpt lat="46.523592" lon="11.881299"><ele>1871.394</ele><time>2021-09-02T11:39:35Z</time></trkpt><trkpt lat="46.523632" lon="11.881339"><ele>1871.425</ele><time>2021-09-02T11:39:38Z</time></trkpt><trkpt lat="46.523670" lon="11.881389"><ele>1871.559</ele><time>2021-09-02T11:39:42Z</time></trkpt><trkpt lat="46.523703" lon="11.881440"><ele>1871.483</ele><time>2021-09-02T11:39:45Z</time></trkpt><trkpt lat="46.523745" lon="11.881489"><ele>1871.344</ele><time>2021-09-02T11:39:48Z</time></trkpt><trkpt lat="46.523776" lon="11.881549"><ele>1871.469</ele><time>2021-09-02T11:39:52Z</time></trkpt><trkpt lat="46.523816" lon="11.881612"><ele>1871.582</ele><time>2021-09-02T11:39:55Z</time></trkpt><trkpt lat="46.523850" lon="11.881672"><ele>1871.843</ele><time>2021-09-02T11:39:58Z</time></trkpt><trkpt lat="46.523886" lon="11.881744"><ele>1871.917</ele><time>2021-09-02T11:40:01Z</time></trkpt><trkpt lat="46.523919" lon="11.881810"><ele>1871.908</ele><time>2021-09-02T11:40:04Z</time></trkpt><trkpt lat="46.523950" lon="11.881879"><ele>1871.836</ele><time>2021-09-02T11:40:06Z</time></trkpt><trkpt lat="46.523983" lon="11.881935"><ele>1871.710</ele><time>2021-09-02T11:40:08Z</time></trkpt><trkpt lat="46.524021" lon="11.881986"><ele>1871.415</ele><time>2021-09-02T11:40:10Z</time></trkpt><trkpt lat="46.524048" lon="11.882050"><ele>1871.046</ele><time>2021-09-02T11:40:12Z</time></trkpt><trkpt lat="46.524063" lon="11.882119"><ele>1870.650</ele><time>2021-09-02T11:40:14Z</time></trkpt><trkpt lat="46.524098" lon="11.882168"><ele>1870.334</ele><time>2021-09-02T11:40:16Z</time></trkpt><trkpt lat="46.524122" lon="11.882230"><ele>1869.995</ele><time>2021-09-02T11:40:18Z</time></trkpt><trkpt lat="46.524142" lon="11.882314"><ele>1869.420</ele><time>2021-09-02T11:40:21Z</time></trkpt><trkpt lat="46.524186" lon="11.882351"><ele>1868.927</ele><time>2021-09-02T11:40:29Z</time></trkpt><trkpt lat="46.524199" lon="11.882415"><ele>1868.368</ele><time>2021-09-02T11:40:33Z</time></trkpt><trkpt lat="46.524221" lon="11.882504"><ele>1867.714</ele><time>2021-09-02T11:40:37Z</time></trkpt><trkpt lat="46.524249" lon="11.882595"><ele>1867.508</ele><time>2021-09-02T11:40:40Z</time></trkpt><trkpt lat="46.524280" lon="11.882672"><ele>1867.170</ele><time>2021-09-02T11:40:43Z</time></trkpt><trkpt lat="46.524314" lon="11.882753"><ele>1867.064</ele><time>2021-09-02T11:40:46Z</time></trkpt><trkpt lat="46.524348" lon="11.882806"><ele>1867.019</ele><time>2021-09-02T11:40:48Z</time></trkpt><trkpt lat="46.524369" lon="11.882865"><ele>1867.070</ele><time>2021-09-02T11:40:50Z</time></trkpt><trkpt lat="46.524396" lon="11.882927"><ele>1867.014</ele><time>2021-09-02T11:40:52Z</time></trkpt><trkpt lat="46.524432" lon="11.882982"><ele>1866.958</ele><time>2021-09-02T11:40:54Z</time></trkpt><trkpt lat="46.524460" lon="11.883040"><ele>1866.719</ele><time>2021-09-02T11:40:56Z</time></trkpt><trkpt lat="46.524497" lon="11.883094"><ele>1866.694</ele><time>2021-09-02T11:40:58Z</time></trkpt><trkpt lat="46.524541" lon="11.883155"><ele>1866.397</ele><time>2021-09-02T11:41:01Z</time></trkpt><trkpt lat="46.524567" lon="11.883226"><ele>1866.023</ele><time>2021-09-02T11:41:05Z</time></trkpt><trkpt lat="46.524570" lon="11.883294"><ele>1865.925</ele><time>2021-09-02T11:41:10Z</time></trkpt><trkpt lat="46.524600" lon="11.883363"><ele>1866.008</ele><time>2021-09-02T11:41:18Z</time></trkpt><trkpt lat="46.524642" lon="11.883397"><ele>1866.157</ele><time>2021-09-02T11:41:23Z</time></trkpt><trkpt lat="46.524686" lon="11.883435"><ele>1866.131</ele><time>2021-09-02T11:41:27Z</time></trkpt><trkpt lat="46.524733" lon="11.883486"><ele>1866.166</ele><time>2021-09-02T11:41:30Z</time></trkpt><trkpt lat="46.524754" lon="11.883544"><ele>1866.027</ele><time>2021-09-02T11:41:32Z</time></trkpt><trkpt lat="46.524788" lon="11.883622"><ele>1865.911</ele><time>2021-09-02T11:41:35Z</time></trkpt><trkpt lat="46.524824" lon="11.883677"><ele>1865.715</ele><time>2021-09-02T11:41:38Z</time></trkpt><trkpt lat="46.524870" lon="11.883720"><ele>1865.486</ele><time>2021-09-02T11:41:41Z</time></trkpt><trkpt lat="46.524924" lon="11.883743"><ele>1864.981</ele><time>2021-09-02T11:41:44Z</time></trkpt><trkpt lat="46.524981" lon="11.883762"><ele>1864.341</ele><time>2021-09-02T11:41:47Z</time></trkpt><trkpt lat="46.525030" lon="11.883774"><ele>1863.881</ele><time>2021-09-02T11:41:49Z</time></trkpt><trkpt lat="46.525089" lon="11.883795"><ele>1863.409</ele><time>2021-09-02T11:41:51Z</time></trkpt><trkpt lat="46.525153" lon="11.883807"><ele>1862.908</ele><time>2021-09-02T11:41:53Z</time></trkpt><trkpt lat="46.525218" lon="11.883830"><ele>1862.462</ele><time>2021-09-02T11:41:55Z</time></trkpt><trkpt lat="46.525276" lon="11.883857"><ele>1861.886</ele><time>2021-09-02T11:41:57Z</time></trkpt><trkpt lat="46.525327" lon="11.883894"><ele>1861.211</ele><time>2021-09-02T11:41:59Z</time></trkpt><trkpt lat="46.525385" lon="11.883919"><ele>1860.452</ele><time>2021-09-02T11:42:01Z</time></trkpt><trkpt lat="46.525429" lon="11.883943"><ele>1859.736</ele><time>2021-09-02T11:42:03Z</time></trkpt><trkpt lat="46.525474" lon="11.883973"><ele>1859.130</ele><time>2021-09-02T11:42:05Z</time></trkpt><trkpt lat="46.525523" lon="11.884003"><ele>1858.441</ele><time>2021-09-02T11:42:07Z</time></trkpt><trkpt lat="46.525568" lon="11.884028"><ele>1857.786</ele><time>2021-09-02T11:42:09Z</time></trkpt><trkpt lat="46.525613" lon="11.884052"><ele>1856.969</ele><time>2021-09-02T11:42:11Z</time></trkpt><trkpt lat="46.525664" lon="11.884073"><ele>1856.204</ele><time>2021-09-02T11:42:13Z</time></trkpt><trkpt lat="46.525714" lon="11.884110"><ele>1855.524</ele><time>2021-09-02T11:42:15Z</time></trkpt><trkpt lat="46.525767" lon="11.884125"><ele>1854.708</ele><time>2021-09-02T11:42:17Z</time></trkpt><trkpt lat="46.525812" lon="11.884159"><ele>1854.024</ele><time>2021-09-02T11:42:19Z</time></trkpt><trkpt lat="46.525856" lon="11.884192"><ele>1853.338</ele><time>2021-09-02T11:42:21Z</time></trkpt><trkpt lat="46.525897" lon="11.884227"><ele>1852.693</ele><time>2021-09-02T11:42:23Z</time></trkpt><trkpt lat="46.525950" lon="11.884285"><ele>1851.544</ele><time>2021-09-02T11:42:26Z</time></trkpt><trkpt lat="46.525984" lon="11.884329"><ele>1850.818</ele><time>2021-09-02T11:42:28Z</time></trkpt><trkpt lat="46.526038" lon="11.884374"><ele>1849.762</ele><time>2021-09-02T11:42:31Z</time></trkpt><trkpt lat="46.526079" lon="11.884414"><ele>1849.063</ele><time>2021-09-02T11:42:33Z</time></trkpt><trkpt lat="46.526122" lon="11.884461"><ele>1848.328</ele><time>2021-09-02T11:42:35Z</time></trkpt><trkpt lat="46.526173" lon="11.884482"><ele>1847.732</ele><time>2021-09-02T11:42:37Z</time></trkpt><trkpt lat="46.526224" lon="11.884475"><ele>1847.192</ele><time>2021-09-02T11:42:39Z</time></trkpt><trkpt lat="46.526276" lon="11.884483"><ele>1846.811</ele><time>2021-09-02T11:42:41Z</time></trkpt><trkpt lat="46.526322" lon="11.884479"><ele>1846.708</ele><time>2021-09-02T11:42:43Z</time></trkpt><trkpt lat="46.526376" lon="11.884484"><ele>1846.641</ele><time>2021-09-02T11:42:45Z</time></trkpt><trkpt lat="46.526423" lon="11.884509"><ele>1846.585</ele><time>2021-09-02T11:42:47Z</time></trkpt><trkpt lat="46.526465" lon="11.884550"><ele>1846.310</ele><time>2021-09-02T11:42:49Z</time></trkpt><trkpt lat="46.526519" lon="11.884604"><ele>1845.981</ele><time>2021-09-02T11:42:52Z</time></trkpt><trkpt lat="46.526553" lon="11.884652"><ele>1845.615</ele><time>2021-09-02T11:42:54Z</time></trkpt><trkpt lat="46.526598" lon="11.884692"><ele>1845.179</ele><time>2021-09-02T11:42:56Z</time></trkpt><trkpt lat="46.526657" lon="11.884739"><ele>1844.440</ele><time>2021-09-02T11:42:59Z</time></trkpt><trkpt lat="46.526692" lon="11.884781"><ele>1843.915</ele><time>2021-09-02T11:43:01Z</time></trkpt><trkpt lat="46.526761" lon="11.884801"><ele>1842.954</ele><time>2021-09-02T11:43:04Z</time></trkpt><trkpt lat="46.526808" lon="11.884825"><ele>1842.456</ele><time>2021-09-02T11:43:06Z</time></trkpt><trkpt lat="46.526875" lon="11.884838"><ele>1841.511</ele><time>2021-09-02T11:43:09Z</time></trkpt><trkpt lat="46.526924" lon="11.884825"><ele>1841.008</ele><time>2021-09-02T11:43:11Z</time></trkpt><trkpt lat="46.526974" lon="11.884813"><ele>1840.713</ele><time>2021-09-02T11:43:13Z</time></trkpt><trkpt lat="46.527021" lon="11.884800"><ele>1840.337</ele><time>2021-09-02T11:43:15Z</time></trkpt><trkpt lat="46.527068" lon="11.884782"><ele>1840.072</ele><time>2021-09-02T11:43:17Z</time></trkpt><trkpt lat="46.527119" lon="11.884767"><ele>1839.743</ele><time>2021-09-02T11:43:19Z</time></trkpt><trkpt lat="46.527171" lon="11.884756"><ele>1839.587</ele><time>2021-09-02T11:43:21Z</time></trkpt><trkpt lat="46.527216" lon="11.884772"><ele>1839.181</ele><time>2021-09-02T11:43:23Z</time></trkpt><trkpt lat="46.527258" lon="11.884797"><ele>1838.732</ele><time>2021-09-02T11:43:25Z</time></trkpt><trkpt lat="46.527302" lon="11.884815"><ele>1838.337</ele><time>2021-09-02T11:43:27Z</time></trkpt><trkpt lat="46.527359" lon="11.884843"><ele>1837.878</ele><time>2021-09-02T11:43:30Z</time></trkpt><trkpt lat="46.527410" lon="11.884887"><ele>1837.333</ele><time>2021-09-02T11:43:33Z</time></trkpt><trkpt lat="46.527450" lon="11.884946"><ele>1836.526</ele><time>2021-09-02T11:43:36Z</time></trkpt><trkpt lat="46.527501" lon="11.885003"><ele>1835.808</ele><time>2021-09-02T11:43:39Z</time></trkpt><trkpt lat="46.527545" lon="11.885067"><ele>1835.065</ele><time>2021-09-02T11:43:42Z</time></trkpt><trkpt lat="46.527567" lon="11.885158"><ele>1834.129</ele><time>2021-09-02T11:43:45Z</time></trkpt><trkpt lat="46.527629" lon="11.885297"><ele>1832.614</ele><time>2021-09-02T11:44:01Z</time></trkpt><trkpt lat="46.527677" lon="11.885322"><ele>1832.315</ele><time>2021-09-02T11:44:03Z</time></trkpt><trkpt lat="46.527725" lon="11.885362"><ele>1831.859</ele><time>2021-09-02T11:44:06Z</time></trkpt><trkpt lat="46.527795" lon="11.885344"><ele>1830.923</ele><time>2021-09-02T11:44:10Z</time></trkpt><trkpt lat="46.527834" lon="11.885304"><ele>1830.444</ele><time>2021-09-02T11:44:12Z</time></trkpt><trkpt lat="46.527867" lon="11.885239"><ele>1830.099</ele><time>2021-09-02T11:44:14Z</time></trkpt><trkpt lat="46.527896" lon="11.885175"><ele>1829.768</ele><time>2021-09-02T11:44:16Z</time></trkpt><trkpt lat="46.527899" lon="11.885106"><ele>1829.442</ele><time>2021-09-02T11:44:18Z</time></trkpt><trkpt lat="46.527869" lon="11.885014"><ele>1828.626</ele><time>2021-09-02T11:44:21Z</time></trkpt><trkpt lat="46.527827" lon="11.884965"><ele>1828.008</ele><time>2021-09-02T11:44:23Z</time></trkpt><trkpt lat="46.527782" lon="11.884935"><ele>1827.524</ele><time>2021-09-02T11:44:25Z</time></trkpt><trkpt lat="46.527726" lon="11.884887"><ele>1826.688</ele><time>2021-09-02T11:44:28Z</time></trkpt><trkpt lat="46.527683" lon="11.884849"><ele>1826.153</ele><time>2021-09-02T11:44:30Z</time></trkpt><trkpt lat="46.527643" lon="11.884809"><ele>1825.654</ele><time>2021-09-02T11:44:32Z</time></trkpt><trkpt lat="46.527611" lon="11.884726"><ele>1824.798</ele><time>2021-09-02T11:44:35Z</time></trkpt><trkpt lat="46.527581" lon="11.884671"><ele>1824.122</ele><time>2021-09-02T11:44:37Z</time></trkpt><trkpt lat="46.527538" lon="11.884603"><ele>1823.013</ele><time>2021-09-02T11:44:40Z</time></trkpt><trkpt lat="46.527508" lon="11.884552"><ele>1822.318</ele><time>2021-09-02T11:44:42Z</time></trkpt><trkpt lat="46.527481" lon="11.884492"><ele>1821.557</ele><time>2021-09-02T11:44:44Z</time></trkpt><trkpt lat="46.527461" lon="11.884424"><ele>1820.800</ele><time>2021-09-02T11:44:46Z</time></trkpt><trkpt lat="46.527444" lon="11.884357"><ele>1820.320</ele><time>2021-09-02T11:44:48Z</time></trkpt><trkpt lat="46.527430" lon="11.884293"><ele>1819.808</ele><time>2021-09-02T11:44:50Z</time></trkpt><trkpt lat="46.527416" lon="11.884226"><ele>1819.573</ele><time>2021-09-02T11:44:52Z</time></trkpt><trkpt lat="46.527401" lon="11.884132"><ele>1819.227</ele><time>2021-09-02T11:44:55Z</time></trkpt><trkpt lat="46.527386" lon="11.884066"><ele>1818.942</ele><time>2021-09-02T11:44:57Z</time></trkpt><trkpt lat="46.527372" lon="11.883996"><ele>1818.643</ele><time>2021-09-02T11:44:59Z</time></trkpt><trkpt lat="46.527342" lon="11.883938"><ele>1818.167</ele><time>2021-09-02T11:45:01Z</time></trkpt><trkpt lat="46.527307" lon="11.883894"><ele>1817.571</ele><time>2021-09-02T11:45:03Z</time></trkpt><trkpt lat="46.527273" lon="11.883842"><ele>1816.932</ele><time>2021-09-02T11:45:05Z</time></trkpt><trkpt lat="46.527229" lon="11.883813"><ele>1816.237</ele><time>2021-09-02T11:45:07Z</time></trkpt><trkpt lat="46.527189" lon="11.883777"><ele>1815.547</ele><time>2021-09-02T11:45:09Z</time></trkpt><trkpt lat="46.527152" lon="11.883734"><ele>1814.829</ele><time>2021-09-02T11:45:11Z</time></trkpt><trkpt lat="46.527104" lon="11.883693"><ele>1814.121</ele><time>2021-09-02T11:45:13Z</time></trkpt><trkpt lat="46.527062" lon="11.883644"><ele>1813.308</ele><time>2021-09-02T11:45:15Z</time></trkpt><trkpt lat="46.527033" lon="11.883584"><ele>1812.582</ele><time>2021-09-02T11:45:17Z</time></trkpt><trkpt lat="46.527024" lon="11.883507"><ele>1811.856</ele><time>2021-09-02T11:45:19Z</time></trkpt><trkpt lat="46.527048" lon="11.883432"><ele>1811.211</ele><time>2021-09-02T11:45:21Z</time></trkpt><trkpt lat="46.527076" lon="11.883357"><ele>1810.742</ele><time>2021-09-02T11:45:24Z</time></trkpt><trkpt lat="46.527143" lon="11.883334"><ele>1810.126</ele><time>2021-09-02T11:45:27Z</time></trkpt><trkpt lat="46.527193" lon="11.883339"><ele>1809.690</ele><time>2021-09-02T11:45:29Z</time></trkpt><trkpt lat="46.527241" lon="11.883364"><ele>1809.151</ele><time>2021-09-02T11:45:31Z</time></trkpt><trkpt lat="46.527305" lon="11.883383"><ele>1808.576</ele><time>2021-09-02T11:45:34Z</time></trkpt><trkpt lat="46.527352" lon="11.883391"><ele>1808.264</ele><time>2021-09-02T11:45:36Z</time></trkpt><trkpt lat="46.527399" lon="11.883386"><ele>1807.906</ele><time>2021-09-02T11:45:38Z</time></trkpt><trkpt lat="46.527447" lon="11.883367"><ele>1807.616</ele><time>2021-09-02T11:45:40Z</time></trkpt><trkpt lat="46.527495" lon="11.883364"><ele>1807.208</ele><time>2021-09-02T11:45:42Z</time></trkpt><trkpt lat="46.527547" lon="11.883369"><ele>1806.814</ele><time>2021-09-02T11:45:44Z</time></trkpt><trkpt lat="46.527603" lon="11.883382"><ele>1806.498</ele><time>2021-09-02T11:45:46Z</time></trkpt><trkpt lat="46.527654" lon="11.883395"><ele>1806.023</ele><time>2021-09-02T11:45:48Z</time></trkpt><trkpt lat="46.527697" lon="11.883417"><ele>1805.584</ele><time>2021-09-02T11:45:50Z</time></trkpt><trkpt lat="46.527744" lon="11.883452"><ele>1805.098</ele><time>2021-09-02T11:45:52Z</time></trkpt><trkpt lat="46.527781" lon="11.883504"><ele>1804.512</ele><time>2021-09-02T11:45:54Z</time></trkpt><trkpt lat="46.527832" lon="11.883561"><ele>1803.613</ele><time>2021-09-02T11:45:57Z</time></trkpt><trkpt lat="46.527877" lon="11.883584"><ele>1802.928</ele><time>2021-09-02T11:45:59Z</time></trkpt><trkpt lat="46.527920" lon="11.883600"><ele>1802.274</ele><time>2021-09-02T11:46:01Z</time></trkpt><trkpt lat="46.527982" lon="11.883628"><ele>1801.356</ele><time>2021-09-02T11:46:04Z</time></trkpt><trkpt lat="46.528036" lon="11.883666"><ele>1800.321</ele><time>2021-09-02T11:46:07Z</time></trkpt><trkpt lat="46.528094" lon="11.883717"><ele>1799.208</ele><time>2021-09-02T11:46:10Z</time></trkpt><trkpt lat="46.528153" lon="11.883769"><ele>1798.235</ele><time>2021-09-02T11:46:13Z</time></trkpt><trkpt lat="46.528195" lon="11.883803"><ele>1797.619</ele><time>2021-09-02T11:46:15Z</time></trkpt><trkpt lat="46.528238" lon="11.883834"><ele>1797.044</ele><time>2021-09-02T11:46:17Z</time></trkpt><trkpt lat="46.528286" lon="11.883837"><ele>1796.595</ele><time>2021-09-02T11:46:19Z</time></trkpt><trkpt lat="46.528335" lon="11.883832"><ele>1796.229</ele><time>2021-09-02T11:46:21Z</time></trkpt><trkpt lat="46.528383" lon="11.883836"><ele>1796.123</ele><time>2021-09-02T11:46:23Z</time></trkpt><trkpt lat="46.528430" lon="11.883838"><ele>1796.024</ele><time>2021-09-02T11:46:25Z</time></trkpt><trkpt lat="46.528495" lon="11.883860"><ele>1796.179</ele><time>2021-09-02T11:46:28Z</time></trkpt><trkpt lat="46.528544" lon="11.883872"><ele>1796.188</ele><time>2021-09-02T11:46:30Z</time></trkpt><trkpt lat="46.528597" lon="11.883913"><ele>1796.224</ele><time>2021-09-02T11:46:32Z</time></trkpt><trkpt lat="46.528644" lon="11.883963"><ele>1796.326</ele><time>2021-09-02T11:46:34Z</time></trkpt><trkpt lat="46.528687" lon="11.884020"><ele>1796.308</ele><time>2021-09-02T11:46:36Z</time></trkpt><trkpt lat="46.528728" lon="11.884059"><ele>1796.376</ele><time>2021-09-02T11:46:38Z</time></trkpt><trkpt lat="46.528758" lon="11.884115"><ele>1796.270</ele><time>2021-09-02T11:46:40Z</time></trkpt><trkpt lat="46.528786" lon="11.884172"><ele>1796.145</ele><time>2021-09-02T11:46:42Z</time></trkpt><trkpt lat="46.528820" lon="11.884218"><ele>1795.926</ele><time>2021-09-02T11:46:44Z</time></trkpt><trkpt lat="46.528849" lon="11.884282"><ele>1795.770</ele><time>2021-09-02T11:46:46Z</time></trkpt><trkpt lat="46.528881" lon="11.884337"><ele>1795.354</ele><time>2021-09-02T11:46:48Z</time></trkpt><trkpt lat="46.528926" lon="11.884411"><ele>1794.995</ele><time>2021-09-02T11:46:51Z</time></trkpt><trkpt lat="46.528967" lon="11.884448"><ele>1794.510</ele><time>2021-09-02T11:46:53Z</time></trkpt><trkpt lat="46.529023" lon="11.884500"><ele>1794.021</ele><time>2021-09-02T11:46:56Z</time></trkpt><trkpt lat="46.529078" lon="11.884538"><ele>1793.541</ele><time>2021-09-02T11:46:59Z</time></trkpt><trkpt lat="46.529143" lon="11.884564"><ele>1793.005</ele><time>2021-09-02T11:47:02Z</time></trkpt><trkpt lat="46.529190" lon="11.884590"><ele>1792.608</ele><time>2021-09-02T11:47:04Z</time></trkpt><trkpt lat="46.529247" lon="11.884616"><ele>1792.190</ele><time>2021-09-02T11:47:06Z</time></trkpt><trkpt lat="46.529312" lon="11.884622"><ele>1791.564</ele><time>2021-09-02T11:47:09Z</time></trkpt><trkpt lat="46.529379" lon="11.884648"><ele>1791.099</ele><time>2021-09-02T11:47:12Z</time></trkpt><trkpt lat="46.529444" lon="11.884683"><ele>1790.530</ele><time>2021-09-02T11:47:15Z</time></trkpt><trkpt lat="46.529485" lon="11.884732"><ele>1790.154</ele><time>2021-09-02T11:47:17Z</time></trkpt><trkpt lat="46.529524" lon="11.884796"><ele>1789.668</ele><time>2021-09-02T11:47:19Z</time></trkpt><trkpt lat="46.529557" lon="11.884853"><ele>1789.379</ele><time>2021-09-02T11:47:21Z</time></trkpt><trkpt lat="46.529591" lon="11.884903"><ele>1789.054</ele><time>2021-09-02T11:47:23Z</time></trkpt><trkpt lat="46.529637" lon="11.884966"><ele>1788.654</ele><time>2021-09-02T11:47:26Z</time></trkpt><trkpt lat="46.529670" lon="11.885046"><ele>1788.456</ele><time>2021-09-02T11:47:29Z</time></trkpt><trkpt lat="46.529703" lon="11.885113"><ele>1788.211</ele><time>2021-09-02T11:47:32Z</time></trkpt><trkpt lat="46.529737" lon="11.885160"><ele>1787.708</ele><time>2021-09-02T11:47:36Z</time></trkpt><trkpt lat="46.529767" lon="11.885212"><ele>1787.393</ele><time>2021-09-02T11:47:40Z</time></trkpt><trkpt lat="46.529803" lon="11.885266"><ele>1786.677</ele><time>2021-09-02T11:47:45Z</time></trkpt><trkpt lat="46.529845" lon="11.885316"><ele>1786.152</ele><time>2021-09-02T11:47:48Z</time></trkpt><trkpt lat="46.529890" lon="11.885378"><ele>1785.413</ele><time>2021-09-02T11:47:51Z</time></trkpt><trkpt lat="46.529933" lon="11.885426"><ele>1784.697</ele><time>2021-09-02T11:47:54Z</time></trkpt><trkpt lat="46.529980" lon="11.885470"><ele>1783.921</ele><time>2021-09-02T11:47:57Z</time></trkpt><trkpt lat="46.530021" lon="11.885520"><ele>1782.992</ele><time>2021-09-02T11:48:00Z</time></trkpt><trkpt lat="46.530065" lon="11.885576"><ele>1781.797</ele><time>2021-09-02T11:48:04Z</time></trkpt><trkpt lat="46.530118" lon="11.885630"><ele>1780.836</ele><time>2021-09-02T11:48:07Z</time></trkpt><trkpt lat="46.530170" lon="11.885676"><ele>1780.117</ele><time>2021-09-02T11:48:09Z</time></trkpt><trkpt lat="46.530220" lon="11.885722"><ele>1779.418</ele><time>2021-09-02T11:48:11Z</time></trkpt><trkpt lat="46.530256" lon="11.885761"><ele>1778.508</ele><time>2021-09-02T11:48:13Z</time></trkpt><trkpt lat="46.530297" lon="11.885811"><ele>1777.621</ele><time>2021-09-02T11:48:15Z</time></trkpt><trkpt lat="46.530337" lon="11.885857"><ele>1776.775</ele><time>2021-09-02T11:48:17Z</time></trkpt><trkpt lat="46.530388" lon="11.885905"><ele>1775.690</ele><time>2021-09-02T11:48:20Z</time></trkpt><trkpt lat="46.530436" lon="11.885964"><ele>1774.571</ele><time>2021-09-02T11:48:23Z</time></trkpt><trkpt lat="46.530473" lon="11.886033"><ele>1773.545</ele><time>2021-09-02T11:48:26Z</time></trkpt><trkpt lat="46.530488" lon="11.886106"><ele>1772.749</ele><time>2021-09-02T11:48:28Z</time></trkpt><trkpt lat="46.530500" lon="11.886197"><ele>1771.730</ele><time>2021-09-02T11:48:31Z</time></trkpt><trkpt lat="46.530504" lon="11.886267"><ele>1771.185</ele><time>2021-09-02T11:48:33Z</time></trkpt><trkpt lat="46.530502" lon="11.886351"><ele>1770.167</ele><time>2021-09-02T11:48:36Z</time></trkpt><trkpt lat="46.530489" lon="11.886442"><ele>1768.581</ele><time>2021-09-02T11:48:41Z</time></trkpt><trkpt lat="46.530500" lon="11.886515"><ele>1767.819</ele><time>2021-09-02T11:48:45Z</time></trkpt><trkpt lat="46.530537" lon="11.886569"><ele>1766.808</ele><time>2021-09-02T11:48:49Z</time></trkpt><trkpt lat="46.530608" lon="11.886584"><ele>1765.894</ele><time>2021-09-02T11:48:54Z</time></trkpt><trkpt lat="46.530665" lon="11.886582"><ele>1764.868</ele><time>2021-09-02T11:48:57Z</time></trkpt><trkpt lat="46.530718" lon="11.886544"><ele>1764.123</ele><time>2021-09-02T11:48:59Z</time></trkpt><trkpt lat="46.530757" lon="11.886512"><ele>1763.544</ele><time>2021-09-02T11:49:01Z</time></trkpt><trkpt lat="46.530807" lon="11.886464"><ele>1762.618</ele><time>2021-09-02T11:49:04Z</time></trkpt><trkpt lat="46.530856" lon="11.886416"><ele>1762.122</ele><time>2021-09-02T11:49:06Z</time></trkpt><trkpt lat="46.530897" lon="11.886362"><ele>1761.783</ele><time>2021-09-02T11:49:08Z</time></trkpt><trkpt lat="46.530931" lon="11.886308"><ele>1761.258</ele><time>2021-09-02T11:49:10Z</time></trkpt><trkpt lat="46.530999" lon="11.886288"><ele>1760.597</ele><time>2021-09-02T11:49:13Z</time></trkpt><trkpt lat="46.531041" lon="11.886331"><ele>1760.123</ele><time>2021-09-02T11:49:15Z</time></trkpt><trkpt lat="46.531079" lon="11.886372"><ele>1759.525</ele><time>2021-09-02T11:49:17Z</time></trkpt><trkpt lat="46.531110" lon="11.886429"><ele>1758.808</ele><time>2021-09-02T11:49:19Z</time></trkpt><trkpt lat="46.531154" lon="11.886510"><ele>1758.037</ele><time>2021-09-02T11:49:22Z</time></trkpt><trkpt lat="46.531205" lon="11.886573"><ele>1757.311</ele><time>2021-09-02T11:49:25Z</time></trkpt><trkpt lat="46.531257" lon="11.886622"><ele>1756.526</ele><time>2021-09-02T11:49:28Z</time></trkpt><trkpt lat="46.531314" lon="11.886669"><ele>1755.897</ele><time>2021-09-02T11:49:31Z</time></trkpt><trkpt lat="46.531372" lon="11.886718"><ele>1754.931</ele><time>2021-09-02T11:49:34Z</time></trkpt><trkpt lat="46.531432" lon="11.886744"><ele>1754.255</ele><time>2021-09-02T11:49:37Z</time></trkpt><trkpt lat="46.531474" lon="11.886775"><ele>1753.686</ele><time>2021-09-02T11:49:39Z</time></trkpt><trkpt lat="46.531529" lon="11.886821"><ele>1752.661</ele><time>2021-09-02T11:49:42Z</time></trkpt><trkpt lat="46.531568" lon="11.886864"><ele>1752.057</ele><time>2021-09-02T11:49:44Z</time></trkpt><trkpt lat="46.531604" lon="11.886912"><ele>1751.300</ele><time>2021-09-02T11:49:46Z</time></trkpt><trkpt lat="46.531637" lon="11.886957"><ele>1750.620</ele><time>2021-09-02T11:49:48Z</time></trkpt><trkpt lat="46.531661" lon="11.887015"><ele>1749.708</ele><time>2021-09-02T11:49:50Z</time></trkpt><trkpt lat="46.531688" lon="11.887094"><ele>1748.663</ele><time>2021-09-02T11:49:53Z</time></trkpt><trkpt lat="46.531720" lon="11.887152"><ele>1748.247</ele><time>2021-09-02T11:49:56Z</time></trkpt><trkpt lat="46.531749" lon="11.887225"><ele>1748.152</ele><time>2021-09-02T11:49:59Z</time></trkpt><trkpt lat="46.531765" lon="11.887303"><ele>1748.113</ele><time>2021-09-02T11:50:04Z</time></trkpt><trkpt lat="46.531776" lon="11.887375"><ele>1748.037</ele><time>2021-09-02T11:50:08Z</time></trkpt><trkpt lat="46.531792" lon="11.887460"><ele>1747.991</ele><time>2021-09-02T11:50:11Z</time></trkpt><trkpt lat="46.531821" lon="11.887534"><ele>1747.752</ele><time>2021-09-02T11:50:14Z</time></trkpt><trkpt lat="46.531835" lon="11.887612"><ele>1747.587</ele><time>2021-09-02T11:50:17Z</time></trkpt><trkpt lat="46.531864" lon="11.887707"><ele>1747.424</ele><time>2021-09-02T11:50:20Z</time></trkpt><trkpt lat="46.531890" lon="11.887776"><ele>1747.504</ele><time>2021-09-02T11:50:22Z</time></trkpt><trkpt lat="46.531914" lon="11.887836"><ele>1747.514</ele><time>2021-09-02T11:50:24Z</time></trkpt><trkpt lat="46.531951" lon="11.887885"><ele>1747.608</ele><time>2021-09-02T11:50:26Z</time></trkpt><trkpt lat="46.531988" lon="11.887924"><ele>1747.520</ele><time>2021-09-02T11:50:28Z</time></trkpt><trkpt lat="46.532028" lon="11.887967"><ele>1747.414</ele><time>2021-09-02T11:50:30Z</time></trkpt><trkpt lat="46.532072" lon="11.888002"><ele>1747.329</ele><time>2021-09-02T11:50:32Z</time></trkpt><trkpt lat="46.532113" lon="11.888038"><ele>1747.280</ele><time>2021-09-02T11:50:34Z</time></trkpt><trkpt lat="46.532160" lon="11.888102"><ele>1746.984</ele><time>2021-09-02T11:50:37Z</time></trkpt><trkpt lat="46.532196" lon="11.888144"><ele>1746.688</ele><time>2021-09-02T11:50:39Z</time></trkpt><trkpt lat="46.532247" lon="11.888208"><ele>1745.869</ele><time>2021-09-02T11:50:42Z</time></trkpt><trkpt lat="46.532277" lon="11.888263"><ele>1745.494</ele><time>2021-09-02T11:50:44Z</time></trkpt><trkpt lat="46.532297" lon="11.888361"><ele>1744.822</ele><time>2021-09-02T11:50:47Z</time></trkpt><trkpt lat="46.532309" lon="11.888455"><ele>1744.062</ele><time>2021-09-02T11:50:50Z</time></trkpt><trkpt lat="46.532335" lon="11.888533"><ele>1743.008</ele><time>2021-09-02T11:50:53Z</time></trkpt><trkpt lat="46.532400" lon="11.888549"><ele>1742.208</ele><time>2021-09-02T11:50:56Z</time></trkpt><trkpt lat="46.532452" lon="11.888528"><ele>1742.190</ele><time>2021-09-02T11:50:58Z</time></trkpt><trkpt lat="46.532498" lon="11.888496"><ele>1742.364</ele><time>2021-09-02T11:51:00Z</time></trkpt><trkpt lat="46.532537" lon="11.888460"><ele>1742.659</ele><time>2021-09-02T11:51:02Z</time></trkpt><trkpt lat="46.532581" lon="11.888432"><ele>1742.840</ele><time>2021-09-02T11:51:04Z</time></trkpt><trkpt lat="46.532628" lon="11.888422"><ele>1742.914</ele><time>2021-09-02T11:51:06Z</time></trkpt><trkpt lat="46.532693" lon="11.888429"><ele>1742.918</ele><time>2021-09-02T11:51:09Z</time></trkpt><trkpt lat="46.532753" lon="11.888477"><ele>1742.559</ele><time>2021-09-02T11:51:12Z</time></trkpt><trkpt lat="46.532790" lon="11.888523"><ele>1742.324</ele><time>2021-09-02T11:51:14Z</time></trkpt><trkpt lat="46.532835" lon="11.888567"><ele>1742.022</ele><time>2021-09-02T11:51:16Z</time></trkpt><trkpt lat="46.532876" lon="11.888600"><ele>1741.762</ele><time>2021-09-02T11:51:18Z</time></trkpt><trkpt lat="46.532917" lon="11.888640"><ele>1741.508</ele><time>2021-09-02T11:51:20Z</time></trkpt><trkpt lat="46.532975" lon="11.888693"><ele>1741.108</ele><time>2021-09-02T11:51:23Z</time></trkpt><trkpt lat="46.533019" lon="11.888724"><ele>1740.810</ele><time>2021-09-02T11:51:25Z</time></trkpt><trkpt lat="46.533058" lon="11.888765"><ele>1740.564</ele><time>2021-09-02T11:51:27Z</time></trkpt><trkpt lat="46.533100" lon="11.888793"><ele>1740.279</ele><time>2021-09-02T11:51:29Z</time></trkpt><trkpt lat="46.533144" lon="11.888822"><ele>1739.830</ele><time>2021-09-02T11:51:31Z</time></trkpt><trkpt lat="46.533189" lon="11.888855"><ele>1739.544</ele><time>2021-09-02T11:51:33Z</time></trkpt><trkpt lat="46.533247" lon="11.888906"><ele>1739.298</ele><time>2021-09-02T11:51:36Z</time></trkpt><trkpt lat="46.533280" lon="11.888969"><ele>1739.059</ele><time>2021-09-02T11:51:38Z</time></trkpt><trkpt lat="46.533292" lon="11.889038"><ele>1738.794</ele><time>2021-09-02T11:51:40Z</time></trkpt><trkpt lat="46.533297" lon="11.889131"><ele>1738.234</ele><time>2021-09-02T11:51:42Z</time></trkpt><trkpt lat="46.533287" lon="11.889213"><ele>1737.655</ele><time>2021-09-02T11:51:45Z</time></trkpt><trkpt lat="46.533280" lon="11.889295"><ele>1736.610</ele><time>2021-09-02T11:51:50Z</time></trkpt><trkpt lat="46.533282" lon="11.889387"><ele>1736.208</ele><time>2021-09-02T11:51:53Z</time></trkpt><trkpt lat="46.533282" lon="11.889464"><ele>1735.841</ele><time>2021-09-02T11:51:55Z</time></trkpt><trkpt lat="46.533290" lon="11.889560"><ele>1735.215</ele><time>2021-09-02T11:51:58Z</time></trkpt><trkpt lat="46.533302" lon="11.889623"><ele>1734.810</ele><time>2021-09-02T11:52:01Z</time></trkpt><trkpt lat="46.533326" lon="11.889712"><ele>1734.131</ele><time>2021-09-02T11:52:04Z</time></trkpt><trkpt lat="46.533352" lon="11.889789"><ele>1733.645</ele><time>2021-09-02T11:52:07Z</time></trkpt><trkpt lat="46.533393" lon="11.889851"><ele>1733.549</ele><time>2021-09-02T11:52:09Z</time></trkpt><trkpt lat="46.533432" lon="11.889888"><ele>1733.640</ele><time>2021-09-02T11:52:11Z</time></trkpt><trkpt lat="46.533477" lon="11.889919"><ele>1733.665</ele><time>2021-09-02T11:52:13Z</time></trkpt><trkpt lat="46.533526" lon="11.889940"><ele>1733.881</ele><time>2021-09-02T11:52:15Z</time></trkpt><trkpt lat="46.533589" lon="11.889974"><ele>1734.261</ele><time>2021-09-02T11:52:18Z</time></trkpt><trkpt lat="46.533648" lon="11.890007"><ele>1734.617</ele><time>2021-09-02T11:52:21Z</time></trkpt><trkpt lat="46.533695" lon="11.890027"><ele>1734.908</ele><time>2021-09-02T11:52:23Z</time></trkpt><trkpt lat="46.533757" lon="11.890055"><ele>1735.276</ele><time>2021-09-02T11:52:26Z</time></trkpt><trkpt lat="46.533812" lon="11.890063"><ele>1735.340</ele><time>2021-09-02T11:52:29Z</time></trkpt><trkpt lat="46.533867" lon="11.890082"><ele>1735.525</ele><time>2021-09-02T11:52:32Z</time></trkpt><trkpt lat="46.533911" lon="11.890105"><ele>1735.676</ele><time>2021-09-02T11:52:35Z</time></trkpt><trkpt lat="46.533952" lon="11.890136"><ele>1735.940</ele><time>2021-09-02T11:52:40Z</time></trkpt><trkpt lat="46.533999" lon="11.890175"><ele>1736.224</ele><time>2021-09-02T11:52:45Z</time></trkpt><trkpt lat="46.534057" lon="11.890190"><ele>1736.595</ele><time>2021-09-02T11:52:49Z</time></trkpt><trkpt lat="46.534113" lon="11.890180"><ele>1736.710</ele><time>2021-09-02T11:52:54Z</time></trkpt><trkpt lat="46.534166" lon="11.890167"><ele>1736.571</ele><time>2021-09-02T11:52:58Z</time></trkpt><trkpt lat="46.534204" lon="11.890118"><ele>1736.041</ele><time>2021-09-02T11:53:02Z</time></trkpt><trkpt lat="46.534244" lon="11.890065"><ele>1735.615</ele><time>2021-09-02T11:53:05Z</time></trkpt><trkpt lat="46.534277" lon="11.889997"><ele>1734.808</ele><time>2021-09-02T11:53:08Z</time></trkpt><trkpt lat="46.534296" lon="11.889928"><ele>1734.275</ele><time>2021-09-02T11:53:10Z</time></trkpt><trkpt lat="46.534326" lon="11.889876"><ele>1733.779</ele><time>2021-09-02T11:53:12Z</time></trkpt><trkpt lat="46.534362" lon="11.889835"><ele>1733.384</ele><time>2021-09-02T11:53:14Z</time></trkpt><trkpt lat="46.534397" lon="11.889783"><ele>1732.915</ele><time>2021-09-02T11:53:16Z</time></trkpt><trkpt lat="46.534433" lon="11.889733"><ele>1732.499</ele><time>2021-09-02T11:53:18Z</time></trkpt><trkpt lat="46.534473" lon="11.889696"><ele>1731.913</ele><time>2021-09-02T11:53:20Z</time></trkpt><trkpt lat="46.534533" lon="11.889692"><ele>1730.824</ele><time>2021-09-02T11:53:23Z</time></trkpt><trkpt lat="46.534580" lon="11.889670"><ele>1729.989</ele><time>2021-09-02T11:54:01Z</time></trkpt><trkpt lat="46.534629" lon="11.889670"><ele>1729.549</ele><time>2021-09-02T11:54:05Z</time></trkpt><trkpt lat="46.534689" lon="11.889640"><ele>1728.602</ele><time>2021-09-02T11:54:09Z</time></trkpt><trkpt lat="46.534744" lon="11.889635"><ele>1727.922</ele><time>2021-09-02T11:54:12Z</time></trkpt><trkpt lat="46.534801" lon="11.889631"><ele>1727.008</ele><time>2021-09-02T11:54:15Z</time></trkpt><trkpt lat="46.534857" lon="11.889617"><ele>1726.032</ele><time>2021-09-02T11:54:18Z</time></trkpt><trkpt lat="46.534909" lon="11.889634"><ele>1725.026</ele><time>2021-09-02T11:54:21Z</time></trkpt><trkpt lat="46.534970" lon="11.889652"><ele>1724.391</ele><time>2021-09-02T11:54:23Z</time></trkpt><trkpt lat="46.535018" lon="11.889658"><ele>1723.752</ele><time>2021-09-02T11:54:25Z</time></trkpt><trkpt lat="46.535064" lon="11.889635"><ele>1723.086</ele><time>2021-09-02T11:54:27Z</time></trkpt><trkpt lat="46.535101" lon="11.889597"><ele>1722.290</ele><time>2021-09-02T11:54:29Z</time></trkpt><trkpt lat="46.535157" lon="11.889544"><ele>1720.851</ele><time>2021-09-02T11:54:32Z</time></trkpt><trkpt lat="46.535200" lon="11.889509"><ele>1719.936</ele><time>2021-09-02T11:54:34Z</time></trkpt><trkpt lat="46.535238" lon="11.889459"><ele>1719.094</ele><time>2021-09-02T11:54:36Z</time></trkpt><trkpt lat="46.535280" lon="11.889410"><ele>1718.157</ele><time>2021-09-02T11:54:38Z</time></trkpt><trkpt lat="46.535321" lon="11.889364"><ele>1717.422</ele><time>2021-09-02T11:54:40Z</time></trkpt><trkpt lat="46.535361" lon="11.889321"><ele>1716.808</ele><time>2021-09-02T11:54:42Z</time></trkpt><trkpt lat="46.535400" lon="11.889276"><ele>1716.447</ele><time>2021-09-02T11:54:44Z</time></trkpt><trkpt lat="46.535433" lon="11.889225"><ele>1716.011</ele><time>2021-09-02T11:54:46Z</time></trkpt><trkpt lat="46.535485" lon="11.889199"><ele>1715.486</ele><time>2021-09-02T11:54:48Z</time></trkpt><trkpt lat="46.535531" lon="11.889160"><ele>1715.097</ele><time>2021-09-02T11:54:50Z</time></trkpt><trkpt lat="46.535576" lon="11.889135"><ele>1714.661</ele><time>2021-09-02T11:54:52Z</time></trkpt><trkpt lat="46.535633" lon="11.889074"><ele>1714.055</ele><time>2021-09-02T11:54:55Z</time></trkpt><trkpt lat="46.535670" lon="11.889036"><ele>1713.736</ele><time>2021-09-02T11:54:57Z</time></trkpt><trkpt lat="46.535713" lon="11.889014"><ele>1713.421</ele><time>2021-09-02T11:54:59Z</time></trkpt><trkpt lat="46.535757" lon="11.888998"><ele>1713.058</ele><time>2021-09-02T11:55:01Z</time></trkpt><trkpt lat="46.535821" lon="11.888967"><ele>1712.052</ele><time>2021-09-02T11:55:04Z</time></trkpt><trkpt lat="46.535867" lon="11.888944"><ele>1711.317</ele><time>2021-09-02T11:55:06Z</time></trkpt><trkpt lat="46.535914" lon="11.888941"><ele>1710.608</ele><time>2021-09-02T11:55:08Z</time></trkpt><trkpt lat="46.535967" lon="11.888925"><ele>1710.043</ele><time>2021-09-02T11:55:10Z</time></trkpt><trkpt lat="46.536011" lon="11.888936"><ele>1709.557</ele><time>2021-09-02T11:55:12Z</time></trkpt><trkpt lat="46.536062" lon="11.888927"><ele>1709.222</ele><time>2021-09-02T11:55:15Z</time></trkpt><trkpt lat="46.536115" lon="11.888930"><ele>1709.443</ele><time>2021-09-02T11:55:18Z</time></trkpt><trkpt lat="46.536164" lon="11.888922"><ele>1709.667</ele><time>2021-09-02T11:55:21Z</time></trkpt><trkpt lat="46.536218" lon="11.888910"><ele>1709.651</ele><time>2021-09-02T11:55:24Z</time></trkpt><trkpt lat="46.536273" lon="11.888909"><ele>1709.782</ele><time>2021-09-02T11:55:27Z</time></trkpt><trkpt lat="46.536317" lon="11.888878"><ele>1709.697</ele><time>2021-09-02T11:55:32Z</time></trkpt><trkpt lat="46.536359" lon="11.888833"><ele>1709.522</ele><time>2021-09-02T11:55:36Z</time></trkpt><trkpt lat="46.536377" lon="11.888766"><ele>1709.362</ele><time>2021-09-02T11:55:38Z</time></trkpt><trkpt lat="46.536426" lon="11.888708"><ele>1708.908</ele><time>2021-09-02T11:55:41Z</time></trkpt><trkpt lat="46.536458" lon="11.888658"><ele>1708.408</ele><time>2021-09-02T11:55:44Z</time></trkpt><trkpt lat="46.536497" lon="11.888579"><ele>1708.160</ele><time>2021-09-02T11:55:46Z</time></trkpt><trkpt lat="46.536523" lon="11.888519"><ele>1707.724</ele><time>2021-09-02T11:55:48Z</time></trkpt><trkpt lat="46.536556" lon="11.888471"><ele>1707.569</ele><time>2021-09-02T11:55:50Z</time></trkpt><trkpt lat="46.536589" lon="11.888418"><ele>1707.270</ele><time>2021-09-02T11:55:52Z</time></trkpt><trkpt lat="46.536632" lon="11.888365"><ele>1706.824</ele><time>2021-09-02T11:55:54Z</time></trkpt><trkpt lat="46.536661" lon="11.888308"><ele>1706.438</ele><time>2021-09-02T11:55:56Z</time></trkpt><trkpt lat="46.536684" lon="11.888248"><ele>1706.299</ele><time>2021-09-02T11:55:58Z</time></trkpt><trkpt lat="46.536713" lon="11.888194"><ele>1706.054</ele><time>2021-09-02T11:56:01Z</time></trkpt><trkpt lat="46.536753" lon="11.888145"><ele>1705.845</ele><time>2021-09-02T11:56:03Z</time></trkpt><trkpt lat="46.536789" lon="11.888087"><ele>1705.747</ele><time>2021-09-02T11:56:05Z</time></trkpt><trkpt lat="46.536807" lon="11.888020"><ele>1705.411</ele><time>2021-09-02T11:56:07Z</time></trkpt><trkpt lat="46.536847" lon="11.887972"><ele>1705.208</ele><time>2021-09-02T11:56:09Z</time></trkpt><trkpt lat="46.536876" lon="11.887915"><ele>1705.062</ele><time>2021-09-02T11:56:11Z</time></trkpt><trkpt lat="46.536907" lon="11.887844"><ele>1704.676</ele><time>2021-09-02T11:56:14Z</time></trkpt><trkpt lat="46.536937" lon="11.887786"><ele>1704.261</ele><time>2021-09-02T11:56:17Z</time></trkpt><trkpt lat="46.536960" lon="11.887709"><ele>1704.042</ele><time>2021-09-02T11:56:20Z</time></trkpt><trkpt lat="46.536993" lon="11.887647"><ele>1703.666</ele><time>2021-09-02T11:56:24Z</time></trkpt><trkpt lat="46.537021" lon="11.887574"><ele>1703.310</ele><time>2021-09-02T11:56:28Z</time></trkpt><trkpt lat="46.537050" lon="11.887492"><ele>1702.971</ele><time>2021-09-02T11:56:32Z</time></trkpt><trkpt lat="46.537082" lon="11.887435"><ele>1702.376</ele><time>2021-09-02T11:56:36Z</time></trkpt><trkpt lat="46.537096" lon="11.887372"><ele>1701.836</ele><time>2021-09-02T11:56:39Z</time></trkpt><trkpt lat="46.537125" lon="11.887314"><ele>1701.517</ele><time>2021-09-02T11:56:48Z</time></trkpt><trkpt lat="46.537147" lon="11.887246"><ele>1701.318</ele><time>2021-09-02T11:56:53Z</time></trkpt><trkpt lat="46.537168" lon="11.887174"><ele>1701.108</ele><time>2021-09-02T11:56:57Z</time></trkpt><trkpt lat="46.537197" lon="11.887123"><ele>1700.811</ele><time>2021-09-02T11:57:00Z</time></trkpt><trkpt lat="46.537208" lon="11.887056"><ele>1700.475</ele><time>2021-09-02T11:57:03Z</time></trkpt><trkpt lat="46.537224" lon="11.886988"><ele>1699.850</ele><time>2021-09-02T11:57:06Z</time></trkpt><trkpt lat="46.537238" lon="11.886925"><ele>1699.241</ele><time>2021-09-02T11:57:09Z</time></trkpt><trkpt lat="46.537233" lon="11.886857"><ele>1698.375</ele><time>2021-09-02T11:57:13Z</time></trkpt><trkpt lat="46.537252" lon="11.886776"><ele>1697.669</ele><time>2021-09-02T11:57:17Z</time></trkpt><trkpt lat="46.537256" lon="11.886686"><ele>1697.370</ele><time>2021-09-02T11:57:21Z</time></trkpt><trkpt lat="46.537271" lon="11.886612"><ele>1697.265</ele><time>2021-09-02T11:57:25Z</time></trkpt><trkpt lat="46.537289" lon="11.886527"><ele>1697.143</ele><time>2021-09-02T11:57:30Z</time></trkpt><trkpt lat="46.537320" lon="11.886594"><ele>1697.064</ele><time>2021-09-02T11:57:36Z</time></trkpt><trkpt lat="46.537354" lon="11.886659"><ele>1696.910</ele><time>2021-09-02T11:57:40Z</time></trkpt><trkpt lat="46.537382" lon="11.886712"><ele>1697.008</ele><time>2021-09-02T11:57:43Z</time></trkpt><trkpt lat="46.537403" lon="11.886770"><ele>1697.072</ele><time>2021-09-02T11:57:46Z</time></trkpt><trkpt lat="46.537453" lon="11.886774"><ele>1696.896</ele><time>2021-09-02T11:57:49Z</time></trkpt><trkpt lat="46.537504" lon="11.886761"><ele>1696.711</ele><time>2021-09-02T11:57:53Z</time></trkpt><trkpt lat="46.537554" lon="11.886763"><ele>1696.612</ele><time>2021-09-02T11:57:58Z</time></trkpt><trkpt lat="46.537608" lon="11.886788"><ele>1696.586</ele><time>2021-09-02T11:58:02Z</time></trkpt><trkpt lat="46.537659" lon="11.886809"><ele>1696.870</ele><time>2021-09-02T11:58:06Z</time></trkpt><trkpt lat="46.537715" lon="11.886835"><ele>1697.111</ele><time>2021-09-02T11:58:10Z</time></trkpt><trkpt lat="46.537766" lon="11.886840"><ele>1697.276</ele><time>2021-09-02T11:58:14Z</time></trkpt><trkpt lat="46.537799" lon="11.886776"><ele>1697.023</ele><time>2021-09-02T11:58:18Z</time></trkpt><trkpt lat="46.537816" lon="11.886706"><ele>1696.783</ele><time>2021-09-02T11:58:22Z</time></trkpt><trkpt lat="46.537861" lon="11.886657"><ele>1696.311</ele><time>2021-09-02T11:58:26Z</time></trkpt><trkpt lat="46.537896" lon="11.886607"><ele>1696.508</ele><time>2021-09-02T11:58:30Z</time></trkpt><trkpt lat="46.537936" lon="11.886556"><ele>1697.040</ele><time>2021-09-02T11:58:34Z</time></trkpt><trkpt lat="46.537978" lon="11.886499"><ele>1697.074</ele><time>2021-09-02T11:58:38Z</time></trkpt><trkpt lat="46.538017" lon="11.886429"><ele>1697.419</ele><time>2021-09-02T11:58:42Z</time></trkpt><trkpt lat="46.538041" lon="11.886369"><ele>1697.580</ele><time>2021-09-02T11:58:45Z</time></trkpt><trkpt lat="46.538072" lon="11.886298"><ele>1697.454</ele><time>2021-09-02T11:58:48Z</time></trkpt><trkpt lat="46.538117" lon="11.886215"><ele>1696.938</ele><time>2021-09-02T11:58:51Z</time></trkpt><trkpt lat="46.538147" lon="11.886158"><ele>1696.629</ele><time>2021-09-02T11:58:53Z</time></trkpt><trkpt lat="46.538177" lon="11.886070"><ele>1696.424</ele><time>2021-09-02T11:58:56Z</time></trkpt><trkpt lat="46.538204" lon="11.885985"><ele>1696.724</ele><time>2021-09-02T11:58:59Z</time></trkpt><trkpt lat="46.538217" lon="11.885912"><ele>1697.204</ele><time>2021-09-02T11:59:02Z</time></trkpt><trkpt lat="46.538223" lon="11.885845"><ele>1697.714</ele><time>2021-09-02T11:59:05Z</time></trkpt><trkpt lat="46.538226" lon="11.885764"><ele>1697.708</ele><time>2021-09-02T11:59:08Z</time></trkpt><trkpt lat="46.538223" lon="11.885690"><ele>1697.580</ele><time>2021-09-02T11:59:11Z</time></trkpt><trkpt lat="46.538222" lon="11.885619"><ele>1697.174</ele><time>2021-09-02T11:59:14Z</time></trkpt><trkpt lat="46.538248" lon="11.885560"><ele>1696.749</ele><time>2021-09-02T11:59:17Z</time></trkpt><trkpt lat="46.538281" lon="11.885511"><ele>1696.660</ele><time>2021-09-02T11:59:21Z</time></trkpt><trkpt lat="46.538309" lon="11.885444"><ele>1696.644</ele><time>2021-09-02T11:59:24Z</time></trkpt><trkpt lat="46.538349" lon="11.885375"><ele>1696.378</ele><time>2021-09-02T11:59:28Z</time></trkpt><trkpt lat="46.538382" lon="11.885313"><ele>1696.169</ele><time>2021-09-02T11:59:31Z</time></trkpt><trkpt lat="46.538418" lon="11.885256"><ele>1696.134</ele><time>2021-09-02T11:59:34Z</time></trkpt><trkpt lat="46.538480" lon="11.885200"><ele>1696.325</ele><time>2021-09-02T11:59:37Z</time></trkpt><trkpt lat="46.538524" lon="11.885158"><ele>1696.426</ele><time>2021-09-02T11:59:39Z</time></trkpt><trkpt lat="46.538578" lon="11.885125"><ele>1696.308</ele><time>2021-09-02T11:59:40Z</time></trkpt><trkpt lat="46.538625" lon="11.885079"><ele>1696.308</ele><time>2021-09-02T11:59:42Z</time></trkpt><trkpt lat="46.538661" lon="11.885039"><ele>1696.180</ele><time>2021-09-02T11:59:44Z</time></trkpt><trkpt lat="46.538709" lon="11.885013"><ele>1696.044</ele><time>2021-09-02T11:59:47Z</time></trkpt><trkpt lat="46.538755" lon="11.884975"><ele>1695.839</ele><time>2021-09-02T11:59:48Z</time></trkpt><trkpt lat="46.538800" lon="11.884929"><ele>1695.620</ele><time>2021-09-02T11:59:51Z</time></trkpt><trkpt lat="46.538848" lon="11.884883"><ele>1695.454</ele><time>2021-09-02T11:59:53Z</time></trkpt><trkpt lat="46.538898" lon="11.884844"><ele>1695.148</ele><time>2021-09-02T11:59:55Z</time></trkpt><trkpt lat="46.538953" lon="11.884804"><ele>1694.869</ele><time>2021-09-02T11:59:57Z</time></trkpt><trkpt lat="46.539005" lon="11.884749"><ele>1694.464</ele><time>2021-09-02T11:59:59Z</time></trkpt><trkpt lat="46.539060" lon="11.884722"><ele>1694.167</ele><time>2021-09-02T12:00:01Z</time></trkpt><trkpt lat="46.539109" lon="11.884691"><ele>1694.181</ele><time>2021-09-02T12:00:03Z</time></trkpt><trkpt lat="46.539152" lon="11.884664"><ele>1694.419</ele><time>2021-09-02T12:00:05Z</time></trkpt><trkpt lat="46.539195" lon="11.884628"><ele>1694.708</ele><time>2021-09-02T12:00:07Z</time></trkpt><trkpt lat="46.539241" lon="11.884601"><ele>1695.124</ele><time>2021-09-02T12:00:09Z</time></trkpt><trkpt lat="46.539284" lon="11.884564"><ele>1695.418</ele><time>2021-09-02T12:00:11Z</time></trkpt><trkpt lat="46.539339" lon="11.884518"><ele>1695.323</ele><time>2021-09-02T12:00:14Z</time></trkpt><trkpt lat="46.539383" lon="11.884475"><ele>1695.094</ele><time>2021-09-02T12:00:16Z</time></trkpt><trkpt lat="46.539431" lon="11.884441"><ele>1694.418</ele><time>2021-09-02T12:00:18Z</time></trkpt><trkpt lat="46.539478" lon="11.884402"><ele>1693.842</ele><time>2021-09-02T12:00:20Z</time></trkpt><trkpt lat="46.539533" lon="11.884360"><ele>1693.213</ele><time>2021-09-02T12:00:23Z</time></trkpt><trkpt lat="46.539587" lon="11.884322"><ele>1693.468</ele><time>2021-09-02T12:00:26Z</time></trkpt><trkpt lat="46.539628" lon="11.884290"><ele>1693.698</ele><time>2021-09-02T12:00:29Z</time></trkpt><trkpt lat="46.539671" lon="11.884255"><ele>1693.515</ele><time>2021-09-02T12:00:32Z</time></trkpt><trkpt lat="46.539717" lon="11.884212"><ele>1693.226</ele><time>2021-09-02T12:00:43Z</time></trkpt><trkpt lat="46.539757" lon="11.884180"><ele>1693.308</ele><time>2021-09-02T12:00:47Z</time></trkpt><trkpt lat="46.539814" lon="11.884132"><ele>1693.177</ele><time>2021-09-02T12:00:51Z</time></trkpt><trkpt lat="46.539854" lon="11.884092"><ele>1693.121</ele><time>2021-09-02T12:00:53Z</time></trkpt><trkpt lat="46.539892" lon="11.884053"><ele>1693.186</ele><time>2021-09-02T12:00:55Z</time></trkpt><trkpt lat="46.539946" lon="11.883998"><ele>1693.087</ele><time>2021-09-02T12:00:59Z</time></trkpt><trkpt lat="46.539998" lon="11.883980"><ele>1693.191</ele><time>2021-09-02T12:01:02Z</time></trkpt><trkpt lat="46.540060" lon="11.883935"><ele>1693.185</ele><time>2021-09-02T12:01:05Z</time></trkpt><trkpt lat="46.540112" lon="11.883923"><ele>1693.176</ele><time>2021-09-02T12:01:07Z</time></trkpt><trkpt lat="46.540162" lon="11.883926"><ele>1692.941</ele><time>2021-09-02T12:01:09Z</time></trkpt><trkpt lat="46.540209" lon="11.883952"><ele>1692.792</ele><time>2021-09-02T12:01:11Z</time></trkpt><trkpt lat="46.540251" lon="11.884000"><ele>1692.473</ele><time>2021-09-02T12:01:13Z</time></trkpt><trkpt lat="46.540299" lon="11.884053"><ele>1692.320</ele><time>2021-09-02T12:01:15Z</time></trkpt><trkpt lat="46.540347" lon="11.884085"><ele>1692.008</ele><time>2021-09-02T12:01:17Z</time></trkpt><trkpt lat="46.540401" lon="11.884107"><ele>1691.597</ele><time>2021-09-02T12:01:19Z</time></trkpt><trkpt lat="46.540454" lon="11.884117"><ele>1691.181</ele><time>2021-09-02T12:01:21Z</time></trkpt><trkpt lat="46.540501" lon="11.884156"><ele>1690.966</ele><time>2021-09-02T12:01:23Z</time></trkpt><trkpt lat="46.540550" lon="11.884171"><ele>1690.627</ele><time>2021-09-02T12:01:25Z</time></trkpt><trkpt lat="46.540599" lon="11.884183"><ele>1690.481</ele><time>2021-09-02T12:01:27Z</time></trkpt><trkpt lat="46.540650" lon="11.884206"><ele>1690.335</ele><time>2021-09-02T12:01:29Z</time></trkpt><trkpt lat="46.540698" lon="11.884232"><ele>1690.296</ele><time>2021-09-02T12:01:31Z</time></trkpt><trkpt lat="46.540751" lon="11.884248"><ele>1690.021</ele><time>2021-09-02T12:01:33Z</time></trkpt><trkpt lat="46.540799" lon="11.884244"><ele>1689.849</ele><time>2021-09-02T12:01:35Z</time></trkpt><trkpt lat="46.540865" lon="11.884228"><ele>1689.602</ele><time>2021-09-02T12:01:38Z</time></trkpt><trkpt lat="46.540910" lon="11.884223"><ele>1689.222</ele><time>2021-09-02T12:01:40Z</time></trkpt><trkpt lat="46.540968" lon="11.884215"><ele>1688.808</ele><time>2021-09-02T12:01:43Z</time></trkpt><trkpt lat="46.541027" lon="11.884173"><ele>1688.512</ele><time>2021-09-02T12:01:45Z</time></trkpt><trkpt lat="46.541075" lon="11.884148"><ele>1688.066</ele><time>2021-09-02T12:01:48Z</time></trkpt><trkpt lat="46.541133" lon="11.884166"><ele>1687.641</ele><time>2021-09-02T12:01:49Z</time></trkpt><trkpt lat="46.541178" lon="11.884197"><ele>1687.352</ele><time>2021-09-02T12:01:51Z</time></trkpt><trkpt lat="46.541227" lon="11.884224"><ele>1687.116</ele><time>2021-09-02T12:01:53Z</time></trkpt><trkpt lat="46.541274" lon="11.884239"><ele>1686.890</ele><time>2021-09-02T12:01:55Z</time></trkpt><trkpt lat="46.541335" lon="11.884257"><ele>1686.461</ele><time>2021-09-02T12:01:58Z</time></trkpt><trkpt lat="46.541375" lon="11.884220"><ele>1685.736</ele><time>2021-09-02T12:02:02Z</time></trkpt><trkpt lat="46.541380" lon="11.884140"><ele>1685.417</ele><time>2021-09-02T12:02:08Z</time></trkpt><trkpt lat="46.541401" lon="11.884063"><ele>1685.187</ele><time>2021-09-02T12:02:11Z</time></trkpt><trkpt lat="46.541409" lon="11.883996"><ele>1684.715</ele><time>2021-09-02T12:02:14Z</time></trkpt><trkpt lat="46.541423" lon="11.883934"><ele>1684.208</ele><time>2021-09-02T12:02:17Z</time></trkpt><trkpt lat="46.541424" lon="11.883867"><ele>1683.649</ele><time>2021-09-02T12:02:54Z</time></trkpt><trkpt lat="46.541423" lon="11.883791"><ele>1683.273</ele><time>2021-09-02T12:02:57Z</time></trkpt><trkpt lat="46.541423" lon="11.883721"><ele>1682.928</ele><time>2021-09-02T12:02:59Z</time></trkpt><trkpt lat="46.541431" lon="11.883647"><ele>1682.779</ele><time>2021-09-02T12:03:01Z</time></trkpt><trkpt lat="46.541441" lon="11.883551"><ele>1682.533</ele><time>2021-09-02T12:03:04Z</time></trkpt><trkpt lat="46.541492" lon="11.883504"><ele>1682.027</ele><time>2021-09-02T12:03:07Z</time></trkpt><trkpt lat="46.541544" lon="11.883537"><ele>1681.728</ele><time>2021-09-02T12:03:09Z</time></trkpt><trkpt lat="46.541588" lon="11.883584"><ele>1681.473</ele><time>2021-09-02T12:03:11Z</time></trkpt><trkpt lat="46.541619" lon="11.883637"><ele>1680.812</ele><time>2021-09-02T12:03:13Z</time></trkpt><trkpt lat="46.541638" lon="11.883704"><ele>1680.232</ele><time>2021-09-02T12:03:15Z</time></trkpt><trkpt lat="46.541669" lon="11.883758"><ele>1679.505</ele><time>2021-09-02T12:03:17Z</time></trkpt><trkpt lat="46.541688" lon="11.883819"><ele>1678.808</ele><time>2021-09-02T12:03:19Z</time></trkpt><trkpt lat="46.541710" lon="11.883880"><ele>1678.269</ele><time>2021-09-02T12:03:21Z</time></trkpt><trkpt lat="46.541741" lon="11.883962"><ele>1677.333</ele><time>2021-09-02T12:03:24Z</time></trkpt><trkpt lat="46.541747" lon="11.884028"><ele>1676.878</ele><time>2021-09-02T12:03:26Z</time></trkpt><trkpt lat="46.541760" lon="11.884104"><ele>1676.259</ele><time>2021-09-02T12:03:29Z</time></trkpt><trkpt lat="46.541776" lon="11.884182"><ele>1676.023</ele><time>2021-09-02T12:03:32Z</time></trkpt><trkpt lat="46.541809" lon="11.884247"><ele>1675.687</ele><time>2021-09-02T12:03:35Z</time></trkpt><trkpt lat="46.541842" lon="11.884295"><ele>1675.428</ele><time>2021-09-02T12:03:39Z</time></trkpt><trkpt lat="46.541878" lon="11.884351"><ele>1675.473</ele><time>2021-09-02T12:03:43Z</time></trkpt><trkpt lat="46.541918" lon="11.884400"><ele>1675.646</ele><time>2021-09-02T12:03:47Z</time></trkpt><trkpt lat="46.541956" lon="11.884461"><ele>1675.888</ele><time>2021-09-02T12:03:51Z</time></trkpt><trkpt lat="46.541997" lon="11.884492"><ele>1676.416</ele><time>2021-09-02T12:03:56Z</time></trkpt><trkpt lat="46.541968" lon="11.884544"><ele>1676.408</ele><time>2021-09-02T12:04:05Z</time></trkpt><trkpt lat="46.541953" lon="11.884622"><ele>1676.122</ele><time>2021-09-02T12:04:09Z</time></trkpt><trkpt lat="46.541955" lon="11.884700"><ele>1676.046</ele><time>2021-09-02T12:04:12Z</time></trkpt><trkpt lat="46.541975" lon="11.884777"><ele>1675.271</ele><time>2021-09-02T12:04:17Z</time></trkpt><trkpt lat="46.541983" lon="11.884859"><ele>1674.392</ele><time>2021-09-02T12:04:21Z</time></trkpt><trkpt lat="46.541990" lon="11.884941"><ele>1673.626</ele><time>2021-09-02T12:04:25Z</time></trkpt><trkpt lat="46.542002" lon="11.885022"><ele>1673.190</ele><time>2021-09-02T12:04:29Z</time></trkpt><trkpt lat="46.542026" lon="11.885081"><ele>1672.761</ele><time>2021-09-02T12:04:32Z</time></trkpt><trkpt lat="46.542051" lon="11.885143"><ele>1672.546</ele><time>2021-09-02T12:04:35Z</time></trkpt><trkpt lat="46.542103" lon="11.885163"><ele>1672.425</ele><time>2021-09-02T12:04:38Z</time></trkpt><trkpt lat="46.542153" lon="11.885134"><ele>1672.426</ele><time>2021-09-02T12:04:41Z</time></trkpt><trkpt lat="46.542194" lon="11.885094"><ele>1672.508</ele><time>2021-09-02T12:04:44Z</time></trkpt><trkpt lat="46.542232" lon="11.885043"><ele>1672.708</ele><time>2021-09-02T12:04:48Z</time></trkpt><trkpt lat="46.542268" lon="11.884977"><ele>1672.910</ele><time>2021-09-02T12:04:52Z</time></trkpt><trkpt lat="46.542317" lon="11.884930"><ele>1673.294</ele><time>2021-09-02T12:04:55Z</time></trkpt><trkpt lat="46.542353" lon="11.884888"><ele>1673.589</ele><time>2021-09-02T12:04:58Z</time></trkpt><trkpt lat="46.542384" lon="11.884817"><ele>1673.740</ele><time>2021-09-02T12:05:01Z</time></trkpt><trkpt lat="46.542434" lon="11.884773"><ele>1673.794</ele><time>2021-09-02T12:05:03Z</time></trkpt><trkpt lat="46.542478" lon="11.884733"><ele>1673.768</ele><time>2021-09-02T12:05:05Z</time></trkpt><trkpt lat="46.542529" lon="11.884703"><ele>1673.639</ele><time>2021-09-02T12:05:07Z</time></trkpt><trkpt lat="46.542576" lon="11.884680"><ele>1673.584</ele><time>2021-09-02T12:05:09Z</time></trkpt><trkpt lat="46.542625" lon="11.884656"><ele>1673.418</ele><time>2021-09-02T12:05:11Z</time></trkpt><trkpt lat="46.542680" lon="11.884637"><ele>1673.298</ele><time>2021-09-02T12:05:13Z</time></trkpt><trkpt lat="46.542730" lon="11.884622"><ele>1673.017</ele><time>2021-09-02T12:05:15Z</time></trkpt><trkpt lat="46.542779" lon="11.884600"><ele>1672.708</ele><time>2021-09-02T12:05:17Z</time></trkpt><trkpt lat="46.542831" lon="11.884589"><ele>1672.349</ele><time>2021-09-02T12:05:19Z</time></trkpt><trkpt lat="46.542880" lon="11.884558"><ele>1672.063</ele><time>2021-09-02T12:05:21Z</time></trkpt><trkpt lat="46.542933" lon="11.884547"><ele>1671.648</ele><time>2021-09-02T12:05:23Z</time></trkpt><trkpt lat="46.542998" lon="11.884518"><ele>1671.519</ele><time>2021-09-02T12:05:26Z</time></trkpt><trkpt lat="46.543042" lon="11.884484"><ele>1671.663</ele><time>2021-09-02T12:05:28Z</time></trkpt><trkpt lat="46.543081" lon="11.884448"><ele>1671.887</ele><time>2021-09-02T12:05:30Z</time></trkpt><trkpt lat="46.543127" lon="11.884411"><ele>1671.968</ele><time>2021-09-02T12:05:32Z</time></trkpt><trkpt lat="46.543165" lon="11.884370"><ele>1671.973</ele><time>2021-09-02T12:05:34Z</time></trkpt><trkpt lat="46.543208" lon="11.884332"><ele>1671.898</ele><time>2021-09-02T12:05:36Z</time></trkpt><trkpt lat="46.543256" lon="11.884299"><ele>1671.615</ele><time>2021-09-02T12:05:38Z</time></trkpt><trkpt lat="46.543304" lon="11.884270"><ele>1671.426</ele><time>2021-09-02T12:05:40Z</time></trkpt><trkpt lat="46.543353" lon="11.884243"><ele>1671.108</ele><time>2021-09-02T12:05:42Z</time></trkpt><trkpt lat="46.543402" lon="11.884217"><ele>1670.997</ele><time>2021-09-02T12:05:44Z</time></trkpt><trkpt lat="46.543458" lon="11.884180"><ele>1670.821</ele><time>2021-09-02T12:05:47Z</time></trkpt><trkpt lat="46.543518" lon="11.884166"><ele>1670.796</ele><time>2021-09-02T12:05:50Z</time></trkpt><trkpt lat="46.543567" lon="11.884144"><ele>1670.687</ele><time>2021-09-02T12:05:53Z</time></trkpt><trkpt lat="46.543617" lon="11.884097"><ele>1670.621</ele><time>2021-09-02T12:05:57Z</time></trkpt><trkpt lat="46.543590" lon="11.884042"><ele>1670.825</ele><time>2021-09-02T12:06:03Z</time></trkpt><trkpt lat="46.543768" lon="11.883877"><ele>1671.136</ele><time>2021-09-02T12:06:33Z</time></trkpt><trkpt lat="46.543816" lon="11.883821"><ele>1671.041</ele><time>2021-09-02T12:06:38Z</time></trkpt><trkpt lat="46.543859" lon="11.883770"><ele>1670.857</ele><time>2021-09-02T12:06:41Z</time></trkpt><trkpt lat="46.543912" lon="11.883770"><ele>1670.600</ele><time>2021-09-02T12:06:44Z</time></trkpt><trkpt lat="46.543966" lon="11.883789"><ele>1670.620</ele><time>2021-09-02T12:06:46Z</time></trkpt><trkpt lat="46.544013" lon="11.883783"><ele>1670.108</ele><time>2021-09-02T12:06:49Z</time></trkpt><trkpt lat="46.544071" lon="11.883771"><ele>1669.223</ele><time>2021-09-02T12:06:52Z</time></trkpt><trkpt lat="46.544120" lon="11.883775"><ele>1668.657</ele><time>2021-09-02T12:06:54Z</time></trkpt><trkpt lat="46.544168" lon="11.883774"><ele>1668.172</ele><time>2021-09-02T12:06:56Z</time></trkpt><trkpt lat="46.544227" lon="11.883804"><ele>1667.823</ele><time>2021-09-02T12:06:58Z</time></trkpt><trkpt lat="46.544284" lon="11.883830"><ele>1667.537</ele><time>2021-09-02T12:07:00Z</time></trkpt><trkpt lat="46.544342" lon="11.883829"><ele>1667.371</ele><time>2021-09-02T12:07:02Z</time></trkpt><trkpt lat="46.544393" lon="11.883830"><ele>1667.182</ele><time>2021-09-02T12:07:04Z</time></trkpt><trkpt lat="46.544445" lon="11.883824"><ele>1667.087</ele><time>2021-09-02T12:07:06Z</time></trkpt><trkpt lat="46.544498" lon="11.883788"><ele>1667.076</ele><time>2021-09-02T12:07:08Z</time></trkpt><trkpt lat="46.544538" lon="11.883741"><ele>1667.090</ele><time>2021-09-02T12:07:10Z</time></trkpt><trkpt lat="46.544578" lon="11.883688"><ele>1666.619</ele><time>2021-09-02T12:07:12Z</time></trkpt><trkpt lat="46.544593" lon="11.883621"><ele>1666.008</ele><time>2021-09-02T12:07:14Z</time></trkpt><trkpt lat="46.544560" lon="11.883537"><ele>1665.045</ele><time>2021-09-02T12:07:17Z</time></trkpt><trkpt lat="46.544520" lon="11.883495"><ele>1664.389</ele><time>2021-09-02T12:07:19Z</time></trkpt><trkpt lat="46.544475" lon="11.883442"><ele>1663.214</ele><time>2021-09-02T12:07:22Z</time></trkpt><trkpt lat="46.544433" lon="11.883414"><ele>1662.395</ele><time>2021-09-02T12:07:24Z</time></trkpt><trkpt lat="46.544372" lon="11.883382"><ele>1661.179</ele><time>2021-09-02T12:07:27Z</time></trkpt><trkpt lat="46.544329" lon="11.883343"><ele>1660.663</ele><time>2021-09-02T12:07:29Z</time></trkpt><trkpt lat="46.544288" lon="11.883317"><ele>1660.074</ele><time>2021-09-02T12:07:31Z</time></trkpt><trkpt lat="46.544229" lon="11.883276"><ele>1659.049</ele><time>2021-09-02T12:07:34Z</time></trkpt><trkpt lat="46.544187" lon="11.883243"><ele>1658.321</ele><time>2021-09-02T12:07:36Z</time></trkpt><trkpt lat="46.544144" lon="11.883200"><ele>1657.841</ele><time>2021-09-02T12:07:38Z</time></trkpt><trkpt lat="46.544104" lon="11.883145"><ele>1657.305</ele><time>2021-09-02T12:07:40Z</time></trkpt><trkpt lat="46.544103" lon="11.883067"><ele>1656.808</ele><time>2021-09-02T12:07:42Z</time></trkpt><trkpt lat="46.544113" lon="11.882995"><ele>1656.230</ele><time>2021-09-02T12:07:44Z</time></trkpt><trkpt lat="46.544134" lon="11.882935"><ele>1655.644</ele><time>2021-09-02T12:07:46Z</time></trkpt><trkpt lat="46.544170" lon="11.882892"><ele>1655.059</ele><time>2021-09-02T12:07:48Z</time></trkpt><trkpt lat="46.544197" lon="11.882835"><ele>1654.330</ele><time>2021-09-02T12:07:50Z</time></trkpt><trkpt lat="46.544236" lon="11.882754"><ele>1653.344</ele><time>2021-09-02T12:07:53Z</time></trkpt><trkpt lat="46.544267" lon="11.882698"><ele>1652.698</ele><time>2021-09-02T12:07:55Z</time></trkpt><trkpt lat="46.544306" lon="11.882648"><ele>1652.059</ele><time>2021-09-02T12:07:57Z</time></trkpt><trkpt lat="46.544344" lon="11.882571"><ele>1651.144</ele><time>2021-09-02T12:08:00Z</time></trkpt><trkpt lat="46.544372" lon="11.882511"><ele>1650.583</ele><time>2021-09-02T12:08:02Z</time></trkpt><trkpt lat="46.544404" lon="11.882462"><ele>1650.025</ele><time>2021-09-02T12:08:04Z</time></trkpt><trkpt lat="46.544437" lon="11.882414"><ele>1649.517</ele><time>2021-09-02T12:08:06Z</time></trkpt><trkpt lat="46.544488" lon="11.882356"><ele>1648.708</ele><time>2021-09-02T12:08:09Z</time></trkpt><trkpt lat="46.544542" lon="11.882310"><ele>1647.716</ele><time>2021-09-02T12:08:12Z</time></trkpt><trkpt lat="46.544598" lon="11.882272"><ele>1646.890</ele><time>2021-09-02T12:08:15Z</time></trkpt><trkpt lat="46.544658" lon="11.882236"><ele>1645.625</ele><time>2021-09-02T12:08:18Z</time></trkpt><trkpt lat="46.544724" lon="11.882217"><ele>1644.516</ele><time>2021-09-02T12:08:21Z</time></trkpt><trkpt lat="46.544788" lon="11.882201"><ele>1643.580</ele><time>2021-09-02T12:08:24Z</time></trkpt><trkpt lat="46.544846" lon="11.882165"><ele>1642.724</ele><time>2021-09-02T12:08:27Z</time></trkpt><trkpt lat="46.544901" lon="11.882122"><ele>1641.965</ele><time>2021-09-02T12:08:30Z</time></trkpt><trkpt lat="46.544937" lon="11.882076"><ele>1641.280</ele><time>2021-09-02T12:08:32Z</time></trkpt><trkpt lat="46.544955" lon="11.882016"><ele>1640.597</ele><time>2021-09-02T12:08:34Z</time></trkpt><trkpt lat="46.544959" lon="11.881924"><ele>1639.423</ele><time>2021-09-02T12:08:37Z</time></trkpt><trkpt lat="46.544963" lon="11.881834"><ele>1638.425</ele><time>2021-09-02T12:08:40Z</time></trkpt><trkpt lat="46.544955" lon="11.881744"><ele>1637.408</ele><time>2021-09-02T12:08:43Z</time></trkpt><trkpt lat="46.544963" lon="11.881676"><ele>1636.667</ele><time>2021-09-02T12:08:45Z</time></trkpt><trkpt lat="46.544970" lon="11.881586"><ele>1635.651</ele><time>2021-09-02T12:08:48Z</time></trkpt><trkpt lat="46.544968" lon="11.881501"><ele>1634.696</ele><time>2021-09-02T12:08:51Z</time></trkpt><trkpt lat="46.544945" lon="11.881410"><ele>1633.617</ele><time>2021-09-02T12:08:54Z</time></trkpt><trkpt lat="46.544922" lon="11.881325"><ele>1632.591</ele><time>2021-09-02T12:08:57Z</time></trkpt><trkpt lat="46.544901" lon="11.881266"><ele>1631.945</ele><time>2021-09-02T12:08:59Z</time></trkpt><trkpt lat="46.544865" lon="11.881184"><ele>1631.016</ele><time>2021-09-02T12:09:02Z</time></trkpt><trkpt lat="46.544834" lon="11.881097"><ele>1630.081</ele><time>2021-09-02T12:09:05Z</time></trkpt><trkpt lat="46.544809" lon="11.881042"><ele>1629.341</ele><time>2021-09-02T12:09:07Z</time></trkpt><trkpt lat="46.544806" lon="11.880952"><ele>1628.481</ele><time>2021-09-02T12:09:10Z</time></trkpt><trkpt lat="46.544807" lon="11.880883"><ele>1627.609</ele><time>2021-09-02T12:09:13Z</time></trkpt><trkpt lat="46.544844" lon="11.880817"><ele>1626.908</ele><time>2021-09-02T12:09:17Z</time></trkpt><trkpt lat="46.544892" lon="11.880784"><ele>1626.322</ele><time>2021-09-02T12:09:20Z</time></trkpt><trkpt lat="46.544950" lon="11.880747"><ele>1625.746</ele><time>2021-09-02T12:09:23Z</time></trkpt><trkpt lat="46.545006" lon="11.880709"><ele>1624.851</ele><time>2021-09-02T12:09:26Z</time></trkpt><trkpt lat="46.545061" lon="11.880660"><ele>1623.432</ele><time>2021-09-02T12:10:02Z</time></trkpt><trkpt lat="46.545111" lon="11.880626"><ele>1622.846</ele><time>2021-09-02T12:10:05Z</time></trkpt><trkpt lat="46.545168" lon="11.880577"><ele>1621.870</ele><time>2021-09-02T12:10:07Z</time></trkpt><trkpt lat="46.545221" lon="11.880531"><ele>1620.861</ele><time>2021-09-02T12:10:11Z</time></trkpt><trkpt lat="46.545275" lon="11.880482"><ele>1620.086</ele><time>2021-09-02T12:10:13Z</time></trkpt><trkpt lat="46.545327" lon="11.880431"><ele>1619.191</ele><time>2021-09-02T12:10:16Z</time></trkpt><trkpt lat="46.545390" lon="11.880400"><ele>1618.181</ele><time>2021-09-02T12:10:19Z</time></trkpt><trkpt lat="46.545432" lon="11.880371"><ele>1617.419</ele><time>2021-09-02T12:10:22Z</time></trkpt><trkpt lat="46.545485" lon="11.880330"><ele>1616.308</ele><time>2021-09-02T12:10:25Z</time></trkpt><trkpt lat="46.545541" lon="11.880290"><ele>1615.437</ele><time>2021-09-02T12:10:28Z</time></trkpt><trkpt lat="46.545597" lon="11.880260"><ele>1614.461</ele><time>2021-09-02T12:10:31Z</time></trkpt><trkpt lat="46.545660" lon="11.880261"><ele>1613.426</ele><time>2021-09-02T12:10:34Z</time></trkpt><trkpt lat="46.545722" lon="11.880256"><ele>1612.487</ele><time>2021-09-02T12:10:37Z</time></trkpt><trkpt lat="46.545781" lon="11.880234"><ele>1611.521</ele><time>2021-09-02T12:10:40Z</time></trkpt><trkpt lat="46.545844" lon="11.880211"><ele>1610.435</ele><time>2021-09-02T12:10:43Z</time></trkpt><trkpt lat="46.545876" lon="11.880164"><ele>1609.696</ele><time>2021-09-02T12:10:45Z</time></trkpt><trkpt lat="46.545889" lon="11.880071"><ele>1608.591</ele><time>2021-09-02T12:10:48Z</time></trkpt><trkpt lat="46.545888" lon="11.879975"><ele>1607.353</ele><time>2021-09-02T12:10:51Z</time></trkpt><trkpt lat="46.545878" lon="11.879911"><ele>1606.604</ele><time>2021-09-02T12:10:53Z</time></trkpt><trkpt lat="46.545875" lon="11.879845"><ele>1605.914</ele><time>2021-09-02T12:10:55Z</time></trkpt><trkpt lat="46.545869" lon="11.879753"><ele>1604.608</ele><time>2021-09-02T12:10:58Z</time></trkpt><trkpt lat="46.545871" lon="11.879688"><ele>1603.823</ele><time>2021-09-02T12:11:00Z</time></trkpt><trkpt lat="46.545863" lon="11.879596"><ele>1602.947</ele><time>2021-09-02T12:11:03Z</time></trkpt><trkpt lat="46.545867" lon="11.879504"><ele>1601.952</ele><time>2021-09-02T12:11:06Z</time></trkpt><trkpt lat="46.545871" lon="11.879437"><ele>1601.173</ele><time>2021-09-02T12:11:08Z</time></trkpt><trkpt lat="46.545875" lon="11.879344"><ele>1599.977</ele><time>2021-09-02T12:11:11Z</time></trkpt><trkpt lat="46.545878" lon="11.879277"><ele>1599.241</ele><time>2021-09-02T12:11:13Z</time></trkpt><trkpt lat="46.545884" lon="11.879207"><ele>1598.632</ele><time>2021-09-02T12:11:15Z</time></trkpt><trkpt lat="46.545887" lon="11.879142"><ele>1598.027</ele><time>2021-09-02T12:11:17Z</time></trkpt><trkpt lat="46.545884" lon="11.879077"><ele>1597.513</ele><time>2021-09-02T12:11:19Z</time></trkpt><trkpt lat="46.545884" lon="11.878985"><ele>1596.443</ele><time>2021-09-02T12:11:22Z</time></trkpt><trkpt lat="46.545889" lon="11.878886"><ele>1595.207</ele><time>2021-09-02T12:11:25Z</time></trkpt><trkpt lat="46.545872" lon="11.878790"><ele>1594.208</ele><time>2021-09-02T12:11:28Z</time></trkpt><trkpt lat="46.545866" lon="11.878699"><ele>1593.289</ele><time>2021-09-02T12:11:31Z</time></trkpt><trkpt lat="46.545856" lon="11.878608"><ele>1592.243</ele><time>2021-09-02T12:11:34Z</time></trkpt><trkpt lat="46.545845" lon="11.878511"><ele>1590.928</ele><time>2021-09-02T12:11:37Z</time></trkpt><trkpt lat="46.545841" lon="11.878418"><ele>1589.969</ele><time>2021-09-02T12:11:40Z</time></trkpt><trkpt lat="46.545841" lon="11.878322"><ele>1589.073</ele><time>2021-09-02T12:11:43Z</time></trkpt><trkpt lat="46.545844" lon="11.878236"><ele>1588.177</ele><time>2021-09-02T12:11:46Z</time></trkpt><trkpt lat="46.545848" lon="11.878170"><ele>1587.478</ele><time>2021-09-02T12:11:48Z</time></trkpt><trkpt lat="46.545861" lon="11.878074"><ele>1586.523</ele><time>2021-09-02T12:11:51Z</time></trkpt><trkpt lat="46.545864" lon="11.878005"><ele>1585.928</ele><time>2021-09-02T12:11:53Z</time></trkpt><trkpt lat="46.545873" lon="11.877920"><ele>1584.989</ele><time>2021-09-02T12:11:56Z</time></trkpt><trkpt lat="46.545874" lon="11.877829"><ele>1583.917</ele><time>2021-09-02T12:11:59Z</time></trkpt><trkpt lat="46.545891" lon="11.877741"><ele>1582.808</ele><time>2021-09-02T12:12:02Z</time></trkpt><trkpt lat="46.545905" lon="11.877652"><ele>1581.920</ele><time>2021-09-02T12:12:05Z</time></trkpt><trkpt lat="46.545935" lon="11.877562"><ele>1581.214</ele><time>2021-09-02T12:12:08Z</time></trkpt><trkpt lat="46.545970" lon="11.877478"><ele>1580.499</ele><time>2021-09-02T12:12:11Z</time></trkpt><trkpt lat="46.546004" lon="11.877396"><ele>1579.710</ele><time>2021-09-02T12:12:14Z</time></trkpt><trkpt lat="46.546038" lon="11.877315"><ele>1579.074</ele><time>2021-09-02T12:12:17Z</time></trkpt><trkpt lat="46.546087" lon="11.877244"><ele>1578.248</ele><time>2021-09-02T12:12:20Z</time></trkpt><trkpt lat="46.546130" lon="11.877182"><ele>1577.579</ele><time>2021-09-02T12:12:23Z</time></trkpt><trkpt lat="46.546172" lon="11.877105"><ele>1576.614</ele><time>2021-09-02T12:12:26Z</time></trkpt><trkpt lat="46.546217" lon="11.877035"><ele>1575.882</ele><time>2021-09-02T12:12:28Z</time></trkpt><trkpt lat="46.546251" lon="11.876958"><ele>1575.243</ele><time>2021-09-02T12:12:31Z</time></trkpt><trkpt lat="46.546295" lon="11.876900"><ele>1574.517</ele><time>2021-09-02T12:12:34Z</time></trkpt><trkpt lat="46.546352" lon="11.876871"><ele>1573.908</ele><time>2021-09-02T12:12:37Z</time></trkpt><trkpt lat="46.546390" lon="11.876830"><ele>1573.516</ele><time>2021-09-02T12:12:40Z</time></trkpt><trkpt lat="46.546410" lon="11.876767"><ele>1573.180</ele><time>2021-09-02T12:12:43Z</time></trkpt><trkpt lat="46.546436" lon="11.876702"><ele>1572.335</ele><time>2021-09-02T12:12:48Z</time></trkpt><trkpt lat="46.546443" lon="11.876625"><ele>1571.886</ele><time>2021-09-02T12:12:52Z</time></trkpt><trkpt lat="46.546468" lon="11.876560"><ele>1571.020</ele><time>2021-09-02T12:12:57Z</time></trkpt><trkpt lat="46.546496" lon="11.876485"><ele>1570.124</ele><time>2021-09-02T12:13:01Z</time></trkpt><trkpt lat="46.546545" lon="11.876435"><ele>1569.655</ele><time>2021-09-02T12:13:05Z</time></trkpt><trkpt lat="46.546589" lon="11.876404"><ele>1569.390</ele><time>2021-09-02T12:13:08Z</time></trkpt><trkpt lat="46.546629" lon="11.876363"><ele>1569.195</ele><time>2021-09-02T12:13:12Z</time></trkpt><trkpt lat="46.546679" lon="11.876316"><ele>1568.649</ele><time>2021-09-02T12:13:16Z</time></trkpt><trkpt lat="46.546723" lon="11.876272"><ele>1568.123</ele><time>2021-09-02T12:13:20Z</time></trkpt><trkpt lat="46.546764" lon="11.876232"><ele>1567.908</ele><time>2021-09-02T12:13:23Z</time></trkpt><trkpt lat="46.546798" lon="11.876181"><ele>1567.647</ele><time>2021-09-02T12:13:26Z</time></trkpt><trkpt lat="46.546850" lon="11.876154"><ele>1567.591</ele><time>2021-09-02T12:13:28Z</time></trkpt><trkpt lat="46.546896" lon="11.876120"><ele>1567.496</ele><time>2021-09-02T12:13:31Z</time></trkpt><trkpt lat="46.546942" lon="11.876073"><ele>1567.267</ele><time>2021-09-02T12:13:34Z</time></trkpt><trkpt lat="46.547001" lon="11.876033"><ele>1566.621</ele><time>2021-09-02T12:13:37Z</time></trkpt><trkpt lat="46.547055" lon="11.876015"><ele>1566.295</ele><time>2021-09-02T12:13:39Z</time></trkpt><trkpt lat="46.547115" lon="11.875999"><ele>1565.116</ele><time>2021-09-02T12:13:42Z</time></trkpt><trkpt lat="46.547168" lon="11.875954"><ele>1563.721</ele><time>2021-09-02T12:13:45Z</time></trkpt><trkpt lat="46.547209" lon="11.875895"><ele>1562.536</ele><time>2021-09-02T12:13:48Z</time></trkpt><trkpt lat="46.547256" lon="11.875830"><ele>1561.717</ele><time>2021-09-02T12:13:51Z</time></trkpt><trkpt lat="46.547307" lon="11.875777"><ele>1560.818</ele><time>2021-09-02T12:13:54Z</time></trkpt><trkpt lat="46.547367" lon="11.875726"><ele>1560.008</ele><time>2021-09-02T12:13:57Z</time></trkpt><trkpt lat="46.547400" lon="11.875669"><ele>1559.391</ele><time>2021-09-02T12:14:00Z</time></trkpt><trkpt lat="46.547396" lon="11.875593"><ele>1558.535</ele><time>2021-09-02T12:14:02Z</time></trkpt><trkpt lat="46.547371" lon="11.875525"><ele>1557.660</ele><time>2021-09-02T12:14:04Z</time></trkpt><trkpt lat="46.547337" lon="11.875465"><ele>1557.221</ele><time>2021-09-02T12:14:06Z</time></trkpt><trkpt lat="46.547300" lon="11.875416"><ele>1557.225</ele><time>2021-09-02T12:14:08Z</time></trkpt><trkpt lat="46.547272" lon="11.875357"><ele>1557.399</ele><time>2021-09-02T12:14:10Z</time></trkpt><trkpt lat="46.547229" lon="11.875315"><ele>1557.430</ele><time>2021-09-02T12:14:12Z</time></trkpt><trkpt lat="46.547186" lon="11.875277"><ele>1557.545</ele><time>2021-09-02T12:14:14Z</time></trkpt><trkpt lat="46.547147" lon="11.875244"><ele>1557.697</ele><time>2021-09-02T12:14:16Z</time></trkpt><trkpt lat="46.547090" lon="11.875196"><ele>1557.923</ele><time>2021-09-02T12:14:18Z</time></trkpt><trkpt lat="46.547049" lon="11.875137"><ele>1558.125</ele><time>2021-09-02T12:14:22Z</time></trkpt><trkpt lat="46.547034" lon="11.875060"><ele>1558.208</ele><time>2021-09-02T12:14:24Z</time></trkpt><trkpt lat="46.547004" lon="11.875007"><ele>1558.447</ele><time>2021-09-02T12:14:28Z</time></trkpt><trkpt lat="46.546960" lon="11.874974"><ele>1558.741</ele><time>2021-09-02T12:14:30Z</time></trkpt><trkpt lat="46.546919" lon="11.874939"><ele>1559.136</ele><time>2021-09-02T12:14:33Z</time></trkpt><trkpt lat="46.546887" lon="11.874877"><ele>1559.147</ele><time>2021-09-02T12:14:36Z</time></trkpt><trkpt lat="46.546867" lon="11.874811"><ele>1558.961</ele><time>2021-09-02T12:14:38Z</time></trkpt><trkpt lat="46.546857" lon="11.874741"><ele>1558.585</ele><time>2021-09-02T12:14:40Z</time></trkpt><trkpt lat="46.546848" lon="11.874674"><ele>1558.066</ele><time>2021-09-02T12:14:42Z</time></trkpt><trkpt lat="46.546836" lon="11.874610"><ele>1557.471</ele><time>2021-09-02T12:14:44Z</time></trkpt><trkpt lat="46.546841" lon="11.874523"><ele>1556.442</ele><time>2021-09-02T12:14:47Z</time></trkpt><trkpt lat="46.546852" lon="11.874427"><ele>1555.622</ele><time>2021-09-02T12:14:50Z</time></trkpt><trkpt lat="46.546863" lon="11.874336"><ele>1554.614</ele><time>2021-09-02T12:14:53Z</time></trkpt><trkpt lat="46.546880" lon="11.874244"><ele>1553.508</ele><time>2021-09-02T12:14:56Z</time></trkpt><trkpt lat="46.546880" lon="11.874174"><ele>1552.912</ele><time>2021-09-02T12:14:58Z</time></trkpt><trkpt lat="46.546874" lon="11.874106"><ele>1552.136</ele><time>2021-09-02T12:15:01Z</time></trkpt><trkpt lat="46.546877" lon="11.874039"><ele>1551.461</ele><time>2021-09-02T12:15:03Z</time></trkpt><trkpt lat="46.546895" lon="11.873945"><ele>1550.692</ele><time>2021-09-02T12:15:06Z</time></trkpt><trkpt lat="46.546916" lon="11.873858"><ele>1550.046</ele><time>2021-09-02T12:15:09Z</time></trkpt><trkpt lat="46.546934" lon="11.873797"><ele>1549.670</ele><time>2021-09-02T12:15:11Z</time></trkpt><trkpt lat="46.546943" lon="11.873733"><ele>1549.291</ele><time>2021-09-02T12:15:13Z</time></trkpt><trkpt lat="46.546949" lon="11.873667"><ele>1548.936</ele><time>2021-09-02T12:15:15Z</time></trkpt><trkpt lat="46.546952" lon="11.873578"><ele>1548.776</ele><time>2021-09-02T12:15:18Z</time></trkpt><trkpt lat="46.546964" lon="11.873497"><ele>1548.690</ele><time>2021-09-02T12:15:21Z</time></trkpt><trkpt lat="46.546970" lon="11.873425"><ele>1548.619</ele><time>2021-09-02T12:15:24Z</time></trkpt><trkpt lat="46.546988" lon="11.873339"><ele>1548.708</ele><time>2021-09-02T12:15:28Z</time></trkpt><trkpt lat="46.547008" lon="11.873275"><ele>1548.735</ele><time>2021-09-02T12:15:32Z</time></trkpt><trkpt lat="46.547035" lon="11.873210"><ele>1548.549</ele><time>2021-09-02T12:15:36Z</time></trkpt><trkpt lat="46.547063" lon="11.873157"><ele>1548.544</ele><time>2021-09-02T12:15:39Z</time></trkpt><trkpt lat="46.547098" lon="11.873095"><ele>1548.685</ele><time>2021-09-02T12:15:43Z</time></trkpt><trkpt lat="46.547137" lon="11.873028"><ele>1548.919</ele><time>2021-09-02T12:15:47Z</time></trkpt><trkpt lat="46.547172" lon="11.872968"><ele>1549.073</ele><time>2021-09-02T12:15:51Z</time></trkpt><trkpt lat="46.547210" lon="11.872903"><ele>1549.514</ele><time>2021-09-02T12:15:55Z</time></trkpt><trkpt lat="46.547239" lon="11.872849"><ele>1549.589</ele><time>2021-09-02T12:15:58Z</time></trkpt><trkpt lat="46.547276" lon="11.872788"><ele>1549.585</ele><time>2021-09-02T12:16:02Z</time></trkpt><trkpt lat="46.547311" lon="11.872721"><ele>1549.389</ele><time>2021-09-02T12:16:06Z</time></trkpt><trkpt lat="46.547345" lon="11.872649"><ele>1549.217</ele><time>2021-09-02T12:16:10Z</time></trkpt><trkpt lat="46.547381" lon="11.872584"><ele>1549.008</ele><time>2021-09-02T12:16:14Z</time></trkpt><trkpt lat="46.547406" lon="11.872525"><ele>1548.696</ele><time>2021-09-02T12:16:17Z</time></trkpt><trkpt lat="46.547442" lon="11.872478"><ele>1548.480</ele><time>2021-09-02T12:16:20Z</time></trkpt><trkpt lat="46.547487" lon="11.872422"><ele>1548.075</ele><time>2021-09-02T12:16:24Z</time></trkpt><trkpt lat="46.547530" lon="11.872377"><ele>1547.626</ele><time>2021-09-02T12:16:28Z</time></trkpt><trkpt lat="46.547565" lon="11.872326"><ele>1547.530</ele><time>2021-09-02T12:16:31Z</time></trkpt><trkpt lat="46.547603" lon="11.872279"><ele>1547.464</ele><time>2021-09-02T12:16:33Z</time></trkpt><trkpt lat="46.547640" lon="11.872233"><ele>1547.395</ele><time>2021-09-02T12:16:36Z</time></trkpt><trkpt lat="46.547672" lon="11.872183"><ele>1547.240</ele><time>2021-09-02T12:16:39Z</time></trkpt><trkpt lat="46.547707" lon="11.872142"><ele>1547.276</ele><time>2021-09-02T12:16:42Z</time></trkpt><trkpt lat="46.547743" lon="11.872100"><ele>1547.090</ele><time>2021-09-02T12:16:45Z</time></trkpt><trkpt lat="46.547777" lon="11.872042"><ele>1546.819</ele><time>2021-09-02T12:16:48Z</time></trkpt><trkpt lat="46.547789" lon="11.871953"><ele>1546.308</ele><time>2021-09-02T12:16:53Z</time></trkpt><trkpt lat="46.547769" lon="11.871876"><ele>1546.385</ele><time>2021-09-02T12:16:58Z</time></trkpt><trkpt lat="46.547757" lon="11.871800"><ele>1546.369</ele><time>2021-09-02T12:17:05Z</time></trkpt><trkpt lat="46.547765" lon="11.871722"><ele>1546.244</ele><time>2021-09-02T12:17:09Z</time></trkpt><trkpt lat="46.547779" lon="11.871656"><ele>1546.165</ele><time>2021-09-02T12:17:13Z</time></trkpt><trkpt lat="46.547795" lon="11.871576"><ele>1546.119</ele><time>2021-09-02T12:17:17Z</time></trkpt><trkpt lat="46.547813" lon="11.871508"><ele>1546.363</ele><time>2021-09-02T12:17:21Z</time></trkpt><trkpt lat="46.547834" lon="11.871432"><ele>1546.594</ele><time>2021-09-02T12:17:25Z</time></trkpt><trkpt lat="46.547848" lon="11.871355"><ele>1546.339</ele><time>2021-09-02T12:17:29Z</time></trkpt><trkpt lat="46.547856" lon="11.871279"><ele>1546.287</ele><time>2021-09-02T12:17:33Z</time></trkpt><trkpt lat="46.547874" lon="11.871192"><ele>1546.442</ele><time>2021-09-02T12:17:37Z</time></trkpt><trkpt lat="46.547885" lon="11.871126"><ele>1546.726</ele><time>2021-09-02T12:17:40Z</time></trkpt><trkpt lat="46.547906" lon="11.871061"><ele>1547.108</ele><time>2021-09-02T12:17:44Z</time></trkpt><trkpt lat="46.547929" lon="11.870984"><ele>1547.366</ele><time>2021-09-02T12:17:48Z</time></trkpt><trkpt lat="46.547958" lon="11.870918"><ele>1547.680</ele><time>2021-09-02T12:17:52Z</time></trkpt><trkpt lat="46.547986" lon="11.870849"><ele>1547.985</ele><time>2021-09-02T12:17:56Z</time></trkpt><trkpt lat="46.548002" lon="11.870782"><ele>1548.156</ele><time>2021-09-02T12:17:59Z</time></trkpt><trkpt lat="46.548011" lon="11.870711"><ele>1548.520</ele><time>2021-09-02T12:18:02Z</time></trkpt><trkpt lat="46.548022" lon="11.870642"><ele>1548.924</ele><time>2021-09-02T12:18:05Z</time></trkpt><trkpt lat="46.548035" lon="11.870567"><ele>1549.485</ele><time>2021-09-02T12:18:09Z</time></trkpt><trkpt lat="46.548034" lon="11.870487"><ele>1549.810</ele><time>2021-09-02T12:18:13Z</time></trkpt><trkpt lat="46.548044" lon="11.870402"><ele>1550.147</ele><time>2021-09-02T12:18:18Z</time></trkpt><trkpt lat="46.548066" lon="11.870341"><ele>1550.529</ele><time>2021-09-02T12:18:22Z</time></trkpt><trkpt lat="46.548107" lon="11.870287"><ele>1551.321</ele><time>2021-09-02T12:18:27Z</time></trkpt><trkpt lat="46.548142" lon="11.870243"><ele>1551.908</ele><time>2021-09-02T12:18:30Z</time></trkpt><trkpt lat="46.548175" lon="11.870182"><ele>1552.752</ele><time>2021-09-02T12:18:34Z</time></trkpt><trkpt lat="46.548191" lon="11.870117"><ele>1553.386</ele><time>2021-09-02T12:18:38Z</time></trkpt><trkpt lat="46.548218" lon="11.870047"><ele>1553.741</ele><time>2021-09-02T12:18:42Z</time></trkpt><trkpt lat="46.548223" lon="11.869975"><ele>1554.132</ele><time>2021-09-02T12:18:50Z</time></trkpt><trkpt lat="46.548222" lon="11.869904"><ele>1554.536</ele><time>2021-09-02T12:18:54Z</time></trkpt><trkpt lat="46.548228" lon="11.869832"><ele>1554.890</ele><time>2021-09-02T12:18:57Z</time></trkpt><trkpt lat="46.548241" lon="11.869770"><ele>1555.141</ele><time>2021-09-02T12:19:00Z</time></trkpt><trkpt lat="46.548258" lon="11.869688"><ele>1555.786</ele><time>2021-09-02T12:19:04Z</time></trkpt><trkpt lat="46.548265" lon="11.869613"><ele>1556.134</ele><time>2021-09-02T12:19:08Z</time></trkpt><trkpt lat="46.548275" lon="11.869533"><ele>1556.455</ele><time>2021-09-02T12:19:12Z</time></trkpt><trkpt lat="46.548274" lon="11.869436"><ele>1556.610</ele><time>2021-09-02T12:19:16Z</time></trkpt><trkpt lat="46.548285" lon="11.869358"><ele>1556.808</ele><time>2021-09-02T12:19:19Z</time></trkpt><trkpt lat="46.548291" lon="11.869280"><ele>1556.891</ele><time>2021-09-02T12:19:22Z</time></trkpt><trkpt lat="46.548291" lon="11.869206"><ele>1556.875</ele><time>2021-09-02T12:19:25Z</time></trkpt><trkpt lat="46.548293" lon="11.869140"><ele>1557.080</ele><time>2021-09-02T12:19:28Z</time></trkpt><trkpt lat="46.548291" lon="11.869063"><ele>1557.591</ele><time>2021-09-02T12:20:15Z</time></trkpt><trkpt lat="46.548278" lon="11.868996"><ele>1557.665</ele><time>2021-09-02T12:20:18Z</time></trkpt><trkpt lat="46.548258" lon="11.868931"><ele>1557.359</ele><time>2021-09-02T12:20:31Z</time></trkpt><trkpt lat="46.548245" lon="11.868854"><ele>1557.430</ele><time>2021-09-02T12:20:35Z</time></trkpt><trkpt lat="46.548242" lon="11.868777"><ele>1557.695</ele><time>2021-09-02T12:20:38Z</time></trkpt><trkpt lat="46.548248" lon="11.868704"><ele>1557.933</ele><time>2021-09-02T12:20:42Z</time></trkpt><trkpt lat="46.548260" lon="11.868627"><ele>1558.523</ele><time>2021-09-02T12:20:48Z</time></trkpt><trkpt lat="46.548279" lon="11.868553"><ele>1558.915</ele><time>2021-09-02T12:20:51Z</time></trkpt><trkpt lat="46.548301" lon="11.868480"><ele>1559.608</ele><time>2021-09-02T12:20:55Z</time></trkpt><trkpt lat="46.548323" lon="11.868415"><ele>1560.081</ele><time>2021-09-02T12:20:58Z</time></trkpt><trkpt lat="46.548345" lon="11.868349"><ele>1560.695</ele><time>2021-09-02T12:21:01Z</time></trkpt><trkpt lat="46.548363" lon="11.868284"><ele>1561.230</ele><time>2021-09-02T12:21:05Z</time></trkpt><trkpt lat="46.548392" lon="11.868214"><ele>1561.871</ele><time>2021-09-02T12:21:09Z</time></trkpt><trkpt lat="46.548420" lon="11.868147"><ele>1562.665</ele><time>2021-09-02T12:21:14Z</time></trkpt><trkpt lat="46.548476" lon="11.868116"><ele>1563.489</ele><time>2021-09-02T12:21:24Z</time></trkpt><trkpt lat="46.548491" lon="11.868051"><ele>1563.350</ele><time>2021-09-02T12:21:36Z</time></trkpt><trkpt lat="46.548487" lon="11.867973"><ele>1563.845</ele><time>2021-09-02T12:21:41Z</time></trkpt><trkpt lat="46.548465" lon="11.867907"><ele>1564.618</ele><time>2021-09-02T12:21:46Z</time></trkpt><trkpt lat="46.548420" lon="11.867911"><ele>1565.698</ele><time>2021-09-02T12:21:52Z</time></trkpt><trkpt lat="46.548409" lon="11.867976"><ele>1566.417</ele><time>2021-09-02T12:21:57Z</time></trkpt><trkpt lat="46.548373" lon="11.867913"><ele>1568.508</ele><time>2021-09-02T12:22:10Z</time></trkpt><trkpt lat="46.548387" lon="11.867845"><ele>1569.569</ele><time>2021-09-02T12:22:15Z</time></trkpt><trkpt lat="46.548375" lon="11.867773"><ele>1570.593</ele><time>2021-09-02T12:22:20Z</time></trkpt><trkpt lat="46.548389" lon="11.867700"><ele>1571.378</ele><time>2021-09-02T12:22:24Z</time></trkpt><trkpt lat="46.548406" lon="11.867636"><ele>1572.179</ele><time>2021-09-02T12:22:29Z</time></trkpt><trkpt lat="46.548451" lon="11.867584"><ele>1572.853</ele><time>2021-09-02T12:22:34Z</time></trkpt><trkpt lat="46.548467" lon="11.867523"><ele>1573.227</ele><time>2021-09-02T12:22:51Z</time></trkpt><trkpt lat="46.548478" lon="11.867448"><ele>1573.198</ele><time>2021-09-02T12:22:56Z</time></trkpt><trkpt lat="46.548491" lon="11.867382"><ele>1573.723</ele><time>2021-09-02T12:23:00Z</time></trkpt><trkpt lat="46.548503" lon="11.867315"><ele>1574.536</ele><time>2021-09-02T12:23:04Z</time></trkpt><trkpt lat="46.548523" lon="11.867254"><ele>1575.217</ele><time>2021-09-02T12:23:08Z</time></trkpt><trkpt lat="46.548535" lon="11.867180"><ele>1575.818</ele><time>2021-09-02T12:23:13Z</time></trkpt><trkpt lat="46.548549" lon="11.867102"><ele>1576.308</ele><time>2021-09-02T12:23:20Z</time></trkpt><trkpt lat="46.548567" lon="11.867035"><ele>1578.081</ele><time>2021-09-02T12:23:26Z</time></trkpt><trkpt lat="46.548585" lon="11.866961"><ele>1579.115</ele><time>2021-09-02T12:23:30Z</time></trkpt><trkpt lat="46.548590" lon="11.866895"><ele>1579.780</ele><time>2021-09-02T12:23:34Z</time></trkpt><trkpt lat="46.548600" lon="11.866831"><ele>1580.321</ele><time>2021-09-02T12:23:38Z</time></trkpt><trkpt lat="46.548599" lon="11.866760"><ele>1580.815</ele><time>2021-09-02T12:23:42Z</time></trkpt><trkpt lat="46.548602" lon="11.866692"><ele>1581.019</ele><time>2021-09-02T12:23:46Z</time></trkpt><trkpt lat="46.548612" lon="11.866620"><ele>1581.330</ele><time>2021-09-02T12:23:50Z</time></trkpt><trkpt lat="46.548627" lon="11.866549"><ele>1581.665</ele><time>2021-09-02T12:23:54Z</time></trkpt><trkpt lat="46.548635" lon="11.866473"><ele>1581.989</ele><time>2021-09-02T12:23:57Z</time></trkpt><trkpt lat="46.548641" lon="11.866399"><ele>1582.206</ele><time>2021-09-02T12:24:01Z</time></trkpt><trkpt lat="46.548645" lon="11.866329"><ele>1582.426</ele><time>2021-09-02T12:24:04Z</time></trkpt><trkpt lat="46.548634" lon="11.866262"><ele>1582.808</ele><time>2021-09-02T12:24:07Z</time></trkpt><trkpt lat="46.548647" lon="11.866187"><ele>1583.226</ele><time>2021-09-02T12:24:10Z</time></trkpt><trkpt lat="46.548654" lon="11.866110"><ele>1583.850</ele><time>2021-09-02T12:24:13Z</time></trkpt><trkpt lat="46.548663" lon="11.866032"><ele>1584.255</ele><time>2021-09-02T12:24:16Z</time></trkpt><trkpt lat="46.548676" lon="11.865947"><ele>1584.346</ele><time>2021-09-02T12:24:19Z</time></trkpt><trkpt lat="46.548675" lon="11.865874"><ele>1584.220</ele><time>2021-09-02T12:24:21Z</time></trkpt><trkpt lat="46.548681" lon="11.865805"><ele>1583.794</ele><time>2021-09-02T12:24:24Z</time></trkpt><trkpt lat="46.548678" lon="11.865722"><ele>1583.015</ele><time>2021-09-02T12:24:26Z</time></trkpt><trkpt lat="46.548675" lon="11.865646"><ele>1582.520</ele><time>2021-09-02T12:24:28Z</time></trkpt><trkpt lat="46.548669" lon="11.865574"><ele>1581.995</ele><time>2021-09-02T12:24:30Z</time></trkpt><trkpt lat="46.548666" lon="11.865502"><ele>1581.549</ele><time>2021-09-02T12:24:32Z</time></trkpt><trkpt lat="46.548668" lon="11.865416"><ele>1581.223</ele><time>2021-09-02T12:24:35Z</time></trkpt><trkpt lat="46.548685" lon="11.865340"><ele>1580.808</ele><time>2021-09-02T12:24:38Z</time></trkpt><trkpt lat="46.548698" lon="11.865266"><ele>1580.377</ele><time>2021-09-02T12:24:41Z</time></trkpt><trkpt lat="46.548711" lon="11.865190"><ele>1579.911</ele><time>2021-09-02T12:24:45Z</time></trkpt><trkpt lat="46.548751" lon="11.865221"><ele>1580.136</ele><time>2021-09-02T12:25:28Z</time></trkpt><trkpt lat="46.548773" lon="11.865143"><ele>1579.947</ele><time>2021-09-02T12:26:25Z</time></trkpt><trkpt lat="46.548793" lon="11.865051"><ele>1579.651</ele><time>2021-09-02T12:26:28Z</time></trkpt><trkpt lat="46.548816" lon="11.864982"><ele>1579.475</ele><time>2021-09-02T12:26:30Z</time></trkpt><trkpt lat="46.548836" lon="11.864889"><ele>1579.236</ele><time>2021-09-02T12:26:33Z</time></trkpt><trkpt lat="46.548856" lon="11.864813"><ele>1579.141</ele><time>2021-09-02T12:26:35Z</time></trkpt><trkpt lat="46.548869" lon="11.864720"><ele>1578.896</ele><time>2021-09-02T12:26:38Z</time></trkpt><trkpt lat="46.548878" lon="11.864655"><ele>1578.631</ele><time>2021-09-02T12:26:40Z</time></trkpt><trkpt lat="46.548896" lon="11.864559"><ele>1578.724</ele><time>2021-09-02T12:26:43Z</time></trkpt><trkpt lat="46.548915" lon="11.864495"><ele>1578.808</ele><time>2021-09-02T12:26:45Z</time></trkpt><trkpt lat="46.548917" lon="11.864415"><ele>1578.977</ele><time>2021-09-02T12:26:48Z</time></trkpt><trkpt lat="46.548938" lon="11.864354"><ele>1578.711</ele><time>2021-09-02T12:26:50Z</time></trkpt><trkpt lat="46.548970" lon="11.864283"><ele>1578.216</ele><time>2021-09-02T12:26:53Z</time></trkpt><trkpt lat="46.549002" lon="11.864219"><ele>1578.177</ele><time>2021-09-02T12:26:57Z</time></trkpt><trkpt lat="46.549034" lon="11.864163"><ele>1578.121</ele><time>2021-09-02T12:27:00Z</time></trkpt><trkpt lat="46.549056" lon="11.864102"><ele>1577.925</ele><time>2021-09-02T12:27:03Z</time></trkpt><trkpt lat="46.549056" lon="11.864035"><ele>1577.736</ele><time>2021-09-02T12:27:05Z</time></trkpt><trkpt lat="46.549057" lon="11.863966"><ele>1577.481</ele><time>2021-09-02T12:27:08Z</time></trkpt><trkpt lat="46.549068" lon="11.863897"><ele>1577.281</ele><time>2021-09-02T12:27:12Z</time></trkpt><trkpt lat="46.549075" lon="11.863832"><ele>1577.261</ele><time>2021-09-02T12:27:15Z</time></trkpt><trkpt lat="46.549073" lon="11.863739"><ele>1577.017</ele><time>2021-09-02T12:27:19Z</time></trkpt><trkpt lat="46.549072" lon="11.863657"><ele>1577.008</ele><time>2021-09-02T12:27:23Z</time></trkpt><trkpt lat="46.549070" lon="11.863577"><ele>1576.826</ele><time>2021-09-02T12:27:26Z</time></trkpt><trkpt lat="46.549077" lon="11.863511"><ele>1576.740</ele><time>2021-09-02T12:27:30Z</time></trkpt><trkpt lat="46.549083" lon="11.863444"><ele>1576.635</ele><time>2021-09-02T12:27:33Z</time></trkpt><trkpt lat="46.549099" lon="11.863374"><ele>1576.376</ele><time>2021-09-02T12:27:36Z</time></trkpt><trkpt lat="46.549099" lon="11.863288"><ele>1576.020</ele><time>2021-09-02T12:27:40Z</time></trkpt><trkpt lat="46.549119" lon="11.863213"><ele>1575.484</ele><time>2021-09-02T12:27:43Z</time></trkpt><trkpt lat="46.549116" lon="11.863148"><ele>1575.185</ele><time>2021-09-02T12:27:45Z</time></trkpt><trkpt lat="46.549114" lon="11.863071"><ele>1574.890</ele><time>2021-09-02T12:27:47Z</time></trkpt><trkpt lat="46.549110" lon="11.862995"><ele>1574.673</ele><time>2021-09-02T12:27:49Z</time></trkpt><trkpt lat="46.549110" lon="11.862918"><ele>1574.385</ele><time>2021-09-02T12:27:51Z</time></trkpt><trkpt lat="46.549108" lon="11.862832"><ele>1574.213</ele><time>2021-09-02T12:27:53Z</time></trkpt><trkpt lat="46.549099" lon="11.862757"><ele>1574.108</ele><time>2021-09-02T12:27:55Z</time></trkpt><trkpt lat="46.549091" lon="11.862659"><ele>1573.885</ele><time>2021-09-02T12:27:58Z</time></trkpt><trkpt lat="46.549095" lon="11.862562"><ele>1573.769</ele><time>2021-09-02T12:28:01Z</time></trkpt><trkpt lat="46.549103" lon="11.862481"><ele>1573.514</ele><time>2021-09-02T12:28:03Z</time></trkpt><trkpt lat="46.549108" lon="11.862414"><ele>1573.285</ele><time>2021-09-02T12:28:05Z</time></trkpt><trkpt lat="46.549122" lon="11.862348"><ele>1572.949</ele><time>2021-09-02T12:28:07Z</time></trkpt><trkpt lat="46.549135" lon="11.862256"><ele>1572.553</ele><time>2021-09-02T12:28:10Z</time></trkpt><trkpt lat="46.549137" lon="11.862182"><ele>1572.234</ele><time>2021-09-02T12:28:12Z</time></trkpt><trkpt lat="46.549152" lon="11.862111"><ele>1572.049</ele><time>2021-09-02T12:28:14Z</time></trkpt><trkpt lat="46.549169" lon="11.862041"><ele>1571.977</ele><time>2021-09-02T12:28:16Z</time></trkpt><trkpt lat="46.549185" lon="11.861972"><ele>1571.861</ele><time>2021-09-02T12:28:18Z</time></trkpt><trkpt lat="46.549203" lon="11.861900"><ele>1571.927</ele><time>2021-09-02T12:28:20Z</time></trkpt><trkpt lat="46.549213" lon="11.861823"><ele>1572.008</ele><time>2021-09-02T12:28:22Z</time></trkpt><trkpt lat="46.549238" lon="11.861750"><ele>1572.175</ele><time>2021-09-02T12:28:24Z</time></trkpt><trkpt lat="46.549254" lon="11.861684"><ele>1572.279</ele><time>2021-09-02T12:28:26Z</time></trkpt><trkpt lat="46.549267" lon="11.861615"><ele>1572.484</ele><time>2021-09-02T12:28:28Z</time></trkpt><trkpt lat="46.549289" lon="11.861552"><ele>1572.575</ele><time>2021-09-02T12:28:30Z</time></trkpt><trkpt lat="46.549292" lon="11.861479"><ele>1572.439</ele><time>2021-09-02T12:28:32Z</time></trkpt><trkpt lat="46.549300" lon="11.861403"><ele>1572.373</ele><time>2021-09-02T12:28:34Z</time></trkpt><trkpt lat="46.549300" lon="11.861336"><ele>1572.074</ele><time>2021-09-02T12:28:36Z</time></trkpt><trkpt lat="46.549308" lon="11.861265"><ele>1571.619</ele><time>2021-09-02T12:28:38Z</time></trkpt><trkpt lat="46.549316" lon="11.861188"><ele>1571.213</ele><time>2021-09-02T12:28:40Z</time></trkpt><trkpt lat="46.549332" lon="11.861112"><ele>1570.843</ele><time>2021-09-02T12:28:42Z</time></trkpt><trkpt lat="46.549343" lon="11.861045"><ele>1570.507</ele><time>2021-09-02T12:28:44Z</time></trkpt><trkpt lat="46.549358" lon="11.860979"><ele>1570.308</ele><time>2021-09-02T12:28:46Z</time></trkpt><trkpt lat="46.549370" lon="11.860915"><ele>1570.059</ele><time>2021-09-02T12:28:48Z</time></trkpt><trkpt lat="46.549384" lon="11.860848"><ele>1569.813</ele><time>2021-09-02T12:28:50Z</time></trkpt><trkpt lat="46.549404" lon="11.860787"><ele>1569.538</ele><time>2021-09-02T12:28:52Z</time></trkpt><trkpt lat="46.549423" lon="11.860720"><ele>1569.149</ele><time>2021-09-02T12:28:55Z</time></trkpt><trkpt lat="46.549484" lon="11.860687"><ele>1568.773</ele><time>2021-09-02T12:29:24Z</time></trkpt><trkpt lat="46.549452" lon="11.860605"><ele>1568.517</ele><time>2021-09-02T12:31:02Z</time></trkpt><trkpt lat="46.549432" lon="11.860534"><ele>1568.428</ele><time>2021-09-02T12:31:06Z</time></trkpt><trkpt lat="46.549425" lon="11.860468"><ele>1567.813</ele><time>2021-09-02T12:31:12Z</time></trkpt><trkpt lat="46.549423" lon="11.860394"><ele>1567.446</ele><time>2021-09-02T12:31:16Z</time></trkpt><trkpt lat="46.549425" lon="11.860323"><ele>1567.388</ele><time>2021-09-02T12:31:19Z</time></trkpt><trkpt lat="46.549436" lon="11.860249"><ele>1567.116</ele><time>2021-09-02T12:31:23Z</time></trkpt><trkpt lat="46.549440" lon="11.860181"><ele>1567.008</ele><time>2021-09-02T12:31:26Z</time></trkpt><trkpt lat="46.549441" lon="11.860104"><ele>1566.892</ele><time>2021-09-02T12:31:29Z</time></trkpt><trkpt lat="46.549455" lon="11.860033"><ele>1566.666</ele><time>2021-09-02T12:31:33Z</time></trkpt><trkpt lat="46.549470" lon="11.859955"><ele>1566.351</ele><time>2021-09-02T12:31:37Z</time></trkpt><trkpt lat="46.549505" lon="11.859892"><ele>1566.212</ele><time>2021-09-02T12:31:56Z</time></trkpt><trkpt lat="46.549528" lon="11.859827"><ele>1566.096</ele><time>2021-09-02T12:31:59Z</time></trkpt><trkpt lat="46.549555" lon="11.859748"><ele>1566.190</ele><time>2021-09-02T12:32:03Z</time></trkpt><trkpt lat="46.549581" lon="11.859690"><ele>1566.081</ele><time>2021-09-02T12:32:06Z</time></trkpt><trkpt lat="46.549592" lon="11.859590"><ele>1565.846</ele><time>2021-09-02T12:32:10Z</time></trkpt><trkpt lat="46.549590" lon="11.859511"><ele>1565.856</ele><time>2021-09-02T12:32:13Z</time></trkpt><trkpt lat="46.549607" lon="11.859423"><ele>1565.759</ele><time>2021-09-02T12:32:15Z</time></trkpt><trkpt lat="46.549629" lon="11.859365"><ele>1565.514</ele><time>2021-09-02T12:32:17Z</time></trkpt><trkpt lat="46.549645" lon="11.859301"><ele>1565.408</ele><time>2021-09-02T12:32:19Z</time></trkpt><trkpt lat="46.549656" lon="11.859228"><ele>1565.433</ele><time>2021-09-02T12:32:21Z</time></trkpt><trkpt lat="46.549662" lon="11.859159"><ele>1565.517</ele><time>2021-09-02T12:32:23Z</time></trkpt><trkpt lat="46.549664" lon="11.859067"><ele>1565.962</ele><time>2021-09-02T12:32:26Z</time></trkpt><trkpt lat="46.549644" lon="11.859007"><ele>1566.293</ele><time>2021-09-02T12:32:28Z</time></trkpt><trkpt lat="46.549624" lon="11.858948"><ele>1566.797</ele><time>2021-09-02T12:32:30Z</time></trkpt><trkpt lat="46.549589" lon="11.858862"><ele>1567.541</ele><time>2021-09-02T12:32:33Z</time></trkpt><trkpt lat="46.549569" lon="11.858775"><ele>1567.982</ele><time>2021-09-02T12:32:36Z</time></trkpt><trkpt lat="46.549540" lon="11.858722"><ele>1568.127</ele><time>2021-09-02T12:32:38Z</time></trkpt><trkpt lat="46.549531" lon="11.858654"><ele>1568.316</ele><time>2021-09-02T12:32:40Z</time></trkpt><trkpt lat="46.549521" lon="11.858585"><ele>1568.476</ele><time>2021-09-02T12:32:42Z</time></trkpt><trkpt lat="46.549502" lon="11.858523"><ele>1568.513</ele><time>2021-09-02T12:32:44Z</time></trkpt><trkpt lat="46.549487" lon="11.858459"><ele>1568.708</ele><time>2021-09-02T12:32:46Z</time></trkpt><trkpt lat="46.549465" lon="11.858399"><ele>1569.079</ele><time>2021-09-02T12:32:48Z</time></trkpt><trkpt lat="46.549447" lon="11.858334"><ele>1569.123</ele><time>2021-09-02T12:32:50Z</time></trkpt><trkpt lat="46.549420" lon="11.858270"><ele>1569.468</ele><time>2021-09-02T12:32:52Z</time></trkpt><trkpt lat="46.549396" lon="11.858212"><ele>1569.719</ele><time>2021-09-02T12:32:54Z</time></trkpt><trkpt lat="46.549369" lon="11.858147"><ele>1570.023</ele><time>2021-09-02T12:32:56Z</time></trkpt><trkpt lat="46.549350" lon="11.858083"><ele>1570.317</ele><time>2021-09-02T12:32:58Z</time></trkpt><trkpt lat="46.549331" lon="11.858020"><ele>1570.538</ele><time>2021-09-02T12:33:00Z</time></trkpt><trkpt lat="46.549309" lon="11.857962"><ele>1570.783</ele><time>2021-09-02T12:33:02Z</time></trkpt><trkpt lat="46.549290" lon="11.857901"><ele>1571.076</ele><time>2021-09-02T12:33:04Z</time></trkpt><trkpt lat="46.549265" lon="11.857842"><ele>1571.390</ele><time>2021-09-02T12:33:06Z</time></trkpt><trkpt lat="46.549237" lon="11.857753"><ele>1571.819</ele><time>2021-09-02T12:33:08Z</time></trkpt><trkpt lat="46.549218" lon="11.857666"><ele>1572.108</ele><time>2021-09-02T12:33:11Z</time></trkpt><trkpt lat="46.549193" lon="11.857594"><ele>1572.335</ele><time>2021-09-02T12:33:14Z</time></trkpt><trkpt lat="46.549161" lon="11.857523"><ele>1572.519</ele><time>2021-09-02T12:33:18Z</time></trkpt><trkpt lat="46.549146" lon="11.857459"><ele>1572.744</ele><time>2021-09-02T12:33:22Z</time></trkpt><trkpt lat="46.549132" lon="11.857376"><ele>1573.075</ele><time>2021-09-02T12:33:26Z</time></trkpt><trkpt lat="46.549113" lon="11.857309"><ele>1573.319</ele><time>2021-09-02T12:33:29Z</time></trkpt><trkpt lat="46.549088" lon="11.857249"><ele>1573.653</ele><time>2021-09-02T12:33:33Z</time></trkpt><trkpt lat="46.549053" lon="11.857194"><ele>1574.114</ele><time>2021-09-02T12:33:37Z</time></trkpt><trkpt lat="46.549028" lon="11.857127"><ele>1574.589</ele><time>2021-09-02T12:33:42Z</time></trkpt><trkpt lat="46.548999" lon="11.857057"><ele>1574.724</ele><time>2021-09-02T12:33:46Z</time></trkpt><trkpt lat="46.548986" lon="11.856990"><ele>1574.404</ele><time>2021-09-02T12:35:50Z</time></trkpt><trkpt lat="46.549018" lon="11.856875"><ele>1575.314</ele><time>2021-09-02T12:36:52Z</time></trkpt><trkpt lat="46.549019" lon="11.856777"><ele>1575.608</ele><time>2021-09-02T12:36:55Z</time></trkpt><trkpt lat="46.549007" lon="11.856687"><ele>1575.970</ele><time>2021-09-02T12:36:58Z</time></trkpt><trkpt lat="46.548998" lon="11.856620"><ele>1576.534</ele><time>2021-09-02T12:37:01Z</time></trkpt><trkpt lat="46.548982" lon="11.856554"><ele>1577.419</ele><time>2021-09-02T12:37:04Z</time></trkpt><trkpt lat="46.548964" lon="11.856476"><ele>1578.850</ele><time>2021-09-02T12:37:09Z</time></trkpt><trkpt lat="46.548955" lon="11.856399"><ele>1579.584</ele><time>2021-09-02T12:37:13Z</time></trkpt><trkpt lat="46.548954" lon="11.856333"><ele>1580.218</ele><time>2021-09-02T12:37:17Z</time></trkpt><trkpt lat="46.548965" lon="11.856249"><ele>1580.959</ele><time>2021-09-02T12:37:21Z</time></trkpt><trkpt lat="46.548954" lon="11.856156"><ele>1581.424</ele><time>2021-09-02T12:37:25Z</time></trkpt><trkpt lat="46.548931" lon="11.856089"><ele>1581.788</ele><time>2021-09-02T12:37:28Z</time></trkpt><trkpt lat="46.548923" lon="11.856021"><ele>1582.024</ele><time>2021-09-02T12:37:31Z</time></trkpt><trkpt lat="46.548903" lon="11.855958"><ele>1582.426</ele><time>2021-09-02T12:37:35Z</time></trkpt><trkpt lat="46.548890" lon="11.855892"><ele>1582.608</ele><time>2021-09-02T12:37:37Z</time></trkpt><trkpt lat="46.548859" lon="11.855815"><ele>1582.976</ele><time>2021-09-02T12:37:41Z</time></trkpt><trkpt lat="46.548820" lon="11.855755"><ele>1583.470</ele><time>2021-09-02T12:37:47Z</time></trkpt><trkpt lat="46.548803" lon="11.855688"><ele>1583.625</ele><time>2021-09-02T12:37:50Z</time></trkpt><trkpt lat="46.548792" lon="11.855604"><ele>1584.076</ele><time>2021-09-02T12:37:55Z</time></trkpt><trkpt lat="46.548790" lon="11.855536"><ele>1584.260</ele><time>2021-09-02T12:37:58Z</time></trkpt><trkpt lat="46.548789" lon="11.855450"><ele>1584.734</ele><time>2021-09-02T12:38:03Z</time></trkpt><trkpt lat="46.548787" lon="11.855374"><ele>1585.045</ele><time>2021-09-02T12:38:07Z</time></trkpt><trkpt lat="46.548787" lon="11.855305"><ele>1585.270</ele><time>2021-09-02T12:38:09Z</time></trkpt><trkpt lat="46.548782" lon="11.855214"><ele>1585.749</ele><time>2021-09-02T12:38:12Z</time></trkpt><trkpt lat="46.548780" lon="11.855146"><ele>1586.002</ele><time>2021-09-02T12:38:14Z</time></trkpt><trkpt lat="46.548766" lon="11.855069"><ele>1586.422</ele><time>2021-09-02T12:38:17Z</time></trkpt><trkpt lat="46.548750" lon="11.855007"><ele>1586.708</ele><time>2021-09-02T12:38:19Z</time></trkpt><trkpt lat="46.548744" lon="11.854932"><ele>1587.052</ele><time>2021-09-02T12:38:21Z</time></trkpt><trkpt lat="46.548731" lon="11.854833"><ele>1587.236</ele><time>2021-09-02T12:38:24Z</time></trkpt><trkpt lat="46.548698" lon="11.854747"><ele>1587.441</ele><time>2021-09-02T12:38:27Z</time></trkpt><trkpt lat="46.548692" lon="11.854676"><ele>1587.562</ele><time>2021-09-02T12:38:29Z</time></trkpt><trkpt lat="46.548679" lon="11.854583"><ele>1587.896</ele><time>2021-09-02T12:38:32Z</time></trkpt><trkpt lat="46.548676" lon="11.854511"><ele>1588.160</ele><time>2021-09-02T12:38:34Z</time></trkpt><trkpt lat="46.548668" lon="11.854444"><ele>1588.491</ele><time>2021-09-02T12:38:36Z</time></trkpt><trkpt lat="46.548647" lon="11.854359"><ele>1589.066</ele><time>2021-09-02T12:38:39Z</time></trkpt><trkpt lat="46.548619" lon="11.854293"><ele>1589.679</ele><time>2021-09-02T12:38:42Z</time></trkpt><trkpt lat="46.548625" lon="11.854212"><ele>1590.205</ele><time>2021-09-02T12:38:47Z</time></trkpt><trkpt lat="46.548624" lon="11.854138"><ele>1590.825</ele><time>2021-09-02T12:38:51Z</time></trkpt><trkpt lat="46.548634" lon="11.854065"><ele>1591.308</ele><time>2021-09-02T12:38:55Z</time></trkpt><trkpt lat="46.548646" lon="11.853995"><ele>1591.745</ele><time>2021-09-02T12:38:59Z</time></trkpt><trkpt lat="46.548651" lon="11.853929"><ele>1592.069</ele><time>2021-09-02T12:39:03Z</time></trkpt><trkpt lat="46.548668" lon="11.853858"><ele>1592.284</ele><time>2021-09-02T12:39:06Z</time></trkpt><trkpt lat="46.548689" lon="11.853797"><ele>1592.535</ele><time>2021-09-02T12:39:10Z</time></trkpt><trkpt lat="46.548704" lon="11.853727"><ele>1592.859</ele><time>2021-09-02T12:39:14Z</time></trkpt><trkpt lat="46.548712" lon="11.853659"><ele>1593.283</ele><time>2021-09-02T12:39:18Z</time></trkpt><trkpt lat="46.548741" lon="11.853597"><ele>1593.564</ele><time>2021-09-02T12:39:22Z</time></trkpt><trkpt lat="46.548759" lon="11.853522"><ele>1593.649</ele><time>2021-09-02T12:39:26Z</time></trkpt><trkpt lat="46.548804" lon="11.853467"><ele>1593.958</ele><time>2021-09-02T12:39:31Z</time></trkpt><trkpt lat="46.548847" lon="11.853432"><ele>1594.152</ele><time>2021-09-02T12:39:34Z</time></trkpt><trkpt lat="46.548885" lon="11.853387"><ele>1594.217</ele><time>2021-09-02T12:39:38Z</time></trkpt><trkpt lat="46.548919" lon="11.853319"><ele>1594.308</ele><time>2021-09-02T12:39:42Z</time></trkpt><trkpt lat="46.548957" lon="11.853269"><ele>1594.393</ele><time>2021-09-02T12:39:45Z</time></trkpt><trkpt lat="46.548978" lon="11.853207"><ele>1594.517</ele><time>2021-09-02T12:39:49Z</time></trkpt><trkpt lat="46.549008" lon="11.853157"><ele>1594.812</ele><time>2021-09-02T12:39:52Z</time></trkpt><trkpt lat="46.549048" lon="11.853102"><ele>1595.223</ele><time>2021-09-02T12:39:56Z</time></trkpt><trkpt lat="46.549061" lon="11.853019"><ele>1595.627</ele><time>2021-09-02T12:40:00Z</time></trkpt><trkpt lat="46.549074" lon="11.852951"><ele>1595.991</ele><time>2021-09-02T12:40:03Z</time></trkpt><trkpt lat="46.549076" lon="11.852861"><ele>1596.472</ele><time>2021-09-02T12:40:06Z</time></trkpt><trkpt lat="46.549066" lon="11.852780"><ele>1597.047</ele><time>2021-09-02T12:40:09Z</time></trkpt><trkpt lat="46.549053" lon="11.852704"><ele>1597.585</ele><time>2021-09-02T12:40:12Z</time></trkpt><trkpt lat="46.549051" lon="11.852634"><ele>1597.989</ele><time>2021-09-02T12:40:14Z</time></trkpt><trkpt lat="46.549056" lon="11.852566"><ele>1598.117</ele><time>2021-09-02T12:40:16Z</time></trkpt><trkpt lat="46.549077" lon="11.852489"><ele>1598.508</ele><time>2021-09-02T12:40:19Z</time></trkpt><trkpt lat="46.549096" lon="11.852421"><ele>1599.036</ele><time>2021-09-02T12:40:22Z</time></trkpt><trkpt lat="46.549116" lon="11.852344"><ele>1599.670</ele><time>2021-09-02T12:40:25Z</time></trkpt><trkpt lat="46.549153" lon="11.852282"><ele>1600.335</ele><time>2021-09-02T12:40:28Z</time></trkpt><trkpt lat="46.549174" lon="11.852219"><ele>1600.986</ele><time>2021-09-02T12:40:31Z</time></trkpt><trkpt lat="46.549183" lon="11.852130"><ele>1602.060</ele><time>2021-09-02T12:40:35Z</time></trkpt><trkpt lat="46.549194" lon="11.852060"><ele>1602.824</ele><time>2021-09-02T12:40:38Z</time></trkpt><trkpt lat="46.549219" lon="11.851963"><ele>1603.655</ele><time>2021-09-02T12:40:41Z</time></trkpt><trkpt lat="46.549228" lon="11.851886"><ele>1604.340</ele><time>2021-09-02T12:40:44Z</time></trkpt><trkpt lat="46.549244" lon="11.851815"><ele>1605.022</ele><time>2021-09-02T12:40:47Z</time></trkpt><trkpt lat="46.549272" lon="11.851757"><ele>1605.362</ele><time>2021-09-02T12:40:49Z</time></trkpt><trkpt lat="46.549296" lon="11.851701"><ele>1605.708</ele><time>2021-09-02T12:40:52Z</time></trkpt><trkpt lat="46.549327" lon="11.851620"><ele>1606.208</ele><time>2021-09-02T12:40:55Z</time></trkpt><trkpt lat="46.549344" lon="11.851540"><ele>1606.610</ele><time>2021-09-02T12:40:58Z</time></trkpt><trkpt lat="46.549350" lon="11.851456"><ele>1607.154</ele><time>2021-09-02T12:41:03Z</time></trkpt><trkpt lat="46.549351" lon="11.851383"><ele>1607.699</ele><time>2021-09-02T12:41:07Z</time></trkpt><trkpt lat="46.549366" lon="11.851306"><ele>1608.010</ele><time>2021-09-02T12:41:10Z</time></trkpt><trkpt lat="46.549386" lon="11.851222"><ele>1608.894</ele><time>2021-09-02T12:41:15Z</time></trkpt><trkpt lat="46.549403" lon="11.851142"><ele>1609.468</ele><time>2021-09-02T12:41:19Z</time></trkpt><trkpt lat="46.549407" lon="11.851071"><ele>1610.069</ele><time>2021-09-02T12:41:23Z</time></trkpt><trkpt lat="46.549401" lon="11.850997"><ele>1610.514</ele><time>2021-09-02T12:41:26Z</time></trkpt><trkpt lat="46.549367" lon="11.850941"><ele>1610.961</ele><time>2021-09-02T12:41:29Z</time></trkpt><trkpt lat="46.549340" lon="11.850862"><ele>1611.321</ele><time>2021-09-02T12:41:32Z</time></trkpt><trkpt lat="46.549308" lon="11.850809"><ele>1612.113</ele><time>2021-09-02T12:41:38Z</time></trkpt><trkpt lat="46.549278" lon="11.850746"><ele>1612.308</ele><time>2021-09-02T12:41:43Z</time></trkpt><trkpt lat="46.549243" lon="11.850687"><ele>1613.294</ele><time>2021-09-02T12:41:48Z</time></trkpt><trkpt lat="46.549230" lon="11.850619"><ele>1613.988</ele><time>2021-09-02T12:41:52Z</time></trkpt><trkpt lat="46.549219" lon="11.850542"><ele>1615.283</ele><time>2021-09-02T12:41:58Z</time></trkpt><trkpt lat="46.549218" lon="11.850473"><ele>1616.434</ele><time>2021-09-02T12:42:04Z</time></trkpt><trkpt lat="46.549197" lon="11.850414"><ele>1617.298</ele><time>2021-09-02T12:42:08Z</time></trkpt><trkpt lat="46.549160" lon="11.850363"><ele>1617.952</ele><time>2021-09-02T12:42:11Z</time></trkpt><trkpt lat="46.549122" lon="11.850318"><ele>1618.573</ele><time>2021-09-02T12:42:14Z</time></trkpt><trkpt lat="46.549089" lon="11.850264"><ele>1619.088</ele><time>2021-09-02T12:42:17Z</time></trkpt><trkpt lat="46.549052" lon="11.850215"><ele>1619.675</ele><time>2021-09-02T12:42:20Z</time></trkpt><trkpt lat="46.549031" lon="11.850153"><ele>1620.128</ele><time>2021-09-02T12:42:23Z</time></trkpt><trkpt lat="46.548997" lon="11.850092"><ele>1620.720</ele><time>2021-09-02T12:42:27Z</time></trkpt><trkpt lat="46.548956" lon="11.850039"><ele>1621.008</ele><time>2021-09-02T12:42:30Z</time></trkpt><trkpt lat="46.548919" lon="11.849979"><ele>1621.315</ele><time>2021-09-02T12:42:33Z</time></trkpt><trkpt lat="46.548873" lon="11.849915"><ele>1621.779</ele><time>2021-09-02T12:42:36Z</time></trkpt><trkpt lat="46.548826" lon="11.849857"><ele>1621.944</ele><time>2021-09-02T12:42:39Z</time></trkpt><trkpt lat="46.548783" lon="11.849822"><ele>1622.125</ele><time>2021-09-02T12:42:41Z</time></trkpt><trkpt lat="46.548748" lon="11.849771"><ele>1622.329</ele><time>2021-09-02T12:42:43Z</time></trkpt><trkpt lat="46.548715" lon="11.849724"><ele>1622.583</ele><time>2021-09-02T12:42:45Z</time></trkpt><trkpt lat="46.548688" lon="11.849659"><ele>1622.794</ele><time>2021-09-02T12:42:47Z</time></trkpt><trkpt lat="46.548666" lon="11.849603"><ele>1622.999</ele><time>2021-09-02T12:42:49Z</time></trkpt><trkpt lat="46.548643" lon="11.849545"><ele>1623.162</ele><time>2021-09-02T12:42:51Z</time></trkpt><trkpt lat="46.548607" lon="11.849471"><ele>1623.383</ele><time>2021-09-02T12:42:54Z</time></trkpt><trkpt lat="46.548582" lon="11.849396"><ele>1623.611</ele><time>2021-09-02T12:42:57Z</time></trkpt><trkpt lat="46.548549" lon="11.849330"><ele>1624.108</ele><time>2021-09-02T12:43:02Z</time></trkpt><trkpt lat="46.548530" lon="11.849258"><ele>1624.634</ele><time>2021-09-02T12:43:06Z</time></trkpt><trkpt lat="46.548507" lon="11.849197"><ele>1625.218</ele><time>2021-09-02T12:43:10Z</time></trkpt><trkpt lat="46.548469" lon="11.849157"><ele>1625.813</ele><time>2021-09-02T12:43:14Z</time></trkpt><trkpt lat="46.548424" lon="11.849099"><ele>1626.584</ele><time>2021-09-02T12:43:18Z</time></trkpt><trkpt lat="46.548386" lon="11.849051"><ele>1627.168</ele><time>2021-09-02T12:43:22Z</time></trkpt><trkpt lat="46.548347" lon="11.848992"><ele>1628.062</ele><time>2021-09-02T12:43:27Z</time></trkpt><trkpt lat="46.548305" lon="11.848947"><ele>1628.673</ele><time>2021-09-02T12:43:31Z</time></trkpt><trkpt lat="46.548275" lon="11.848898"><ele>1629.338</ele><time>2021-09-02T12:43:35Z</time></trkpt><trkpt lat="46.548248" lon="11.848835"><ele>1629.761</ele><time>2021-09-02T12:43:38Z</time></trkpt><trkpt lat="46.548236" lon="11.848763"><ele>1630.321</ele><time>2021-09-02T12:43:42Z</time></trkpt><trkpt lat="46.548198" lon="11.848709"><ele>1631.013</ele><time>2021-09-02T12:43:46Z</time></trkpt><trkpt lat="46.548156" lon="11.848636"><ele>1632.008</ele><time>2021-09-02T12:43:51Z</time></trkpt><trkpt lat="46.548132" lon="11.848569"><ele>1632.924</ele><time>2021-09-02T12:43:55Z</time></trkpt><trkpt lat="46.548108" lon="11.848505"><ele>1633.678</ele><time>2021-09-02T12:43:59Z</time></trkpt><trkpt lat="46.548068" lon="11.848444"><ele>1634.313</ele><time>2021-09-02T12:44:03Z</time></trkpt><trkpt lat="46.548037" lon="11.848390"><ele>1635.044</ele><time>2021-09-02T12:44:07Z</time></trkpt><trkpt lat="46.547993" lon="11.848340"><ele>1635.858</ele><time>2021-09-02T12:44:11Z</time></trkpt><trkpt lat="46.547954" lon="11.848282"><ele>1636.782</ele><time>2021-09-02T12:44:16Z</time></trkpt><trkpt lat="46.547915" lon="11.848227"><ele>1637.553</ele><time>2021-09-02T12:44:21Z</time></trkpt><trkpt lat="46.547885" lon="11.848176"><ele>1638.128</ele><time>2021-09-02T12:44:24Z</time></trkpt><trkpt lat="46.547851" lon="11.848128"><ele>1638.598</ele><time>2021-09-02T12:44:27Z</time></trkpt><trkpt lat="46.547808" lon="11.848082"><ele>1639.015</ele><time>2021-09-02T12:44:31Z</time></trkpt><trkpt lat="46.547769" lon="11.848020"><ele>1639.526</ele><time>2021-09-02T12:44:36Z</time></trkpt><trkpt lat="46.547745" lon="11.847964"><ele>1639.808</ele><time>2021-09-02T12:44:39Z</time></trkpt><trkpt lat="46.547712" lon="11.847903"><ele>1640.337</ele><time>2021-09-02T12:44:43Z</time></trkpt><trkpt lat="46.547684" lon="11.847843"><ele>1640.881</ele><time>2021-09-02T12:44:47Z</time></trkpt><trkpt lat="46.547664" lon="11.847776"><ele>1641.386</ele><time>2021-09-02T12:44:50Z</time></trkpt><trkpt lat="46.547624" lon="11.847729"><ele>1642.077</ele><time>2021-09-02T12:44:53Z</time></trkpt><trkpt lat="46.547592" lon="11.847681"><ele>1642.771</ele><time>2021-09-02T12:44:56Z</time></trkpt><trkpt lat="46.547564" lon="11.847609"><ele>1643.545</ele><time>2021-09-02T12:44:59Z</time></trkpt><trkpt lat="46.547533" lon="11.847550"><ele>1644.056</ele><time>2021-09-02T12:45:02Z</time></trkpt><trkpt lat="46.547502" lon="11.847494"><ele>1644.561</ele><time>2021-09-02T12:45:05Z</time></trkpt><trkpt lat="46.547466" lon="11.847443"><ele>1645.096</ele><time>2021-09-02T12:45:08Z</time></trkpt><trkpt lat="46.547430" lon="11.847386"><ele>1645.531</ele><time>2021-09-02T12:45:11Z</time></trkpt><trkpt lat="46.547410" lon="11.847320"><ele>1646.024</ele><time>2021-09-02T12:45:14Z</time></trkpt><trkpt lat="46.547385" lon="11.847263"><ele>1646.408</ele><time>2021-09-02T12:45:17Z</time></trkpt><trkpt lat="46.547341" lon="11.847221"><ele>1646.897</ele><time>2021-09-02T12:45:22Z</time></trkpt><trkpt lat="46.547293" lon="11.847177"><ele>1647.291</ele><time>2021-09-02T12:45:26Z</time></trkpt><trkpt lat="46.547249" lon="11.847124"><ele>1647.626</ele><time>2021-09-02T12:45:30Z</time></trkpt><trkpt lat="46.547206" lon="11.847064"><ele>1648.047</ele><time>2021-09-02T12:45:34Z</time></trkpt><trkpt lat="46.547164" lon="11.847015"><ele>1648.321</ele><time>2021-09-02T12:45:37Z</time></trkpt><trkpt lat="46.547118" lon="11.846996"><ele>1648.875</ele><time>2021-09-02T12:45:40Z</time></trkpt><trkpt lat="46.547063" lon="11.846973"><ele>1649.516</ele><time>2021-09-02T12:45:44Z</time></trkpt><trkpt lat="46.547017" lon="11.846968"><ele>1650.441</ele><time>2021-09-02T12:45:48Z</time></trkpt><trkpt lat="46.546959" lon="11.846942"><ele>1651.235</ele><time>2021-09-02T12:45:52Z</time></trkpt><trkpt lat="46.546912" lon="11.846906"><ele>1651.886</ele><time>2021-09-02T12:45:56Z</time></trkpt><trkpt lat="46.546868" lon="11.846848"><ele>1652.414</ele><time>2021-09-02T12:46:00Z</time></trkpt><trkpt lat="46.546835" lon="11.846788"><ele>1652.808</ele><time>2021-09-02T12:46:03Z</time></trkpt><trkpt lat="46.546804" lon="11.846733"><ele>1653.011</ele><time>2021-09-02T12:46:06Z</time></trkpt><trkpt lat="46.546766" lon="11.846665"><ele>1653.185</ele><time>2021-09-02T12:46:09Z</time></trkpt><trkpt lat="46.546735" lon="11.846606"><ele>1653.090</ele><time>2021-09-02T12:46:12Z</time></trkpt><trkpt lat="46.546695" lon="11.846547"><ele>1652.731</ele><time>2021-09-02T12:46:15Z</time></trkpt><trkpt lat="46.546646" lon="11.846468"><ele>1652.545</ele><time>2021-09-02T12:46:18Z</time></trkpt><trkpt lat="46.546609" lon="11.846413"><ele>1652.489</ele><time>2021-09-02T12:46:20Z</time></trkpt><trkpt lat="46.546581" lon="11.846347"><ele>1652.440</ele><time>2021-09-02T12:46:22Z</time></trkpt><trkpt lat="46.546550" lon="11.846284"><ele>1652.545</ele><time>2021-09-02T12:46:24Z</time></trkpt><trkpt lat="46.546525" lon="11.846218"><ele>1652.591</ele><time>2021-09-02T12:46:26Z</time></trkpt><trkpt lat="46.546497" lon="11.846162"><ele>1652.681</ele><time>2021-09-02T12:46:28Z</time></trkpt><trkpt lat="46.546466" lon="11.846111"><ele>1652.619</ele><time>2021-09-02T12:46:30Z</time></trkpt><trkpt lat="46.546449" lon="11.846044"><ele>1652.708</ele><time>2021-09-02T12:46:32Z</time></trkpt><trkpt lat="46.546428" lon="11.845966"><ele>1652.757</ele><time>2021-09-02T12:46:35Z</time></trkpt><trkpt lat="46.546413" lon="11.845882"><ele>1652.731</ele><time>2021-09-02T12:46:38Z</time></trkpt><trkpt lat="46.546392" lon="11.845816"><ele>1652.816</ele><time>2021-09-02T12:46:41Z</time></trkpt><trkpt lat="46.546362" lon="11.845759"><ele>1652.817</ele><time>2021-09-02T12:46:44Z</time></trkpt><trkpt lat="46.546319" lon="11.845698"><ele>1652.951</ele><time>2021-09-02T12:46:47Z</time></trkpt><trkpt lat="46.546277" lon="11.845628"><ele>1653.295</ele><time>2021-09-02T12:46:50Z</time></trkpt><trkpt lat="46.546242" lon="11.845559"><ele>1653.656</ele><time>2021-09-02T12:46:54Z</time></trkpt><trkpt lat="46.546228" lon="11.845490"><ele>1653.811</ele><time>2021-09-02T12:46:57Z</time></trkpt><trkpt lat="46.546205" lon="11.845424"><ele>1654.232</ele><time>2021-09-02T12:47:01Z</time></trkpt><trkpt lat="46.546201" lon="11.845345"><ele>1654.692</ele><time>2021-09-02T12:47:05Z</time></trkpt><trkpt lat="46.546193" lon="11.845268"><ele>1654.911</ele><time>2021-09-02T12:47:09Z</time></trkpt><trkpt lat="46.546196" lon="11.845201"><ele>1655.108</ele><time>2021-09-02T12:47:12Z</time></trkpt><trkpt lat="46.546202" lon="11.845136"><ele>1655.271</ele><time>2021-09-02T12:47:15Z</time></trkpt><trkpt lat="46.546214" lon="11.845065"><ele>1655.355</ele><time>2021-09-02T12:47:18Z</time></trkpt><trkpt lat="46.546210" lon="11.844986"><ele>1655.520</ele><time>2021-09-02T12:47:22Z</time></trkpt><trkpt lat="46.546212" lon="11.844909"><ele>1655.761</ele><time>2021-09-02T12:47:25Z</time></trkpt><trkpt lat="46.546216" lon="11.844813"><ele>1656.065</ele><time>2021-09-02T12:47:28Z</time></trkpt><trkpt lat="46.546205" lon="11.844734"><ele>1656.539</ele><time>2021-09-02T12:47:31Z</time></trkpt><trkpt lat="46.546182" lon="11.844638"><ele>1657.170</ele><time>2021-09-02T12:47:34Z</time></trkpt><trkpt lat="46.546166" lon="11.844554"><ele>1657.855</ele><time>2021-09-02T12:47:37Z</time></trkpt><trkpt lat="46.546160" lon="11.844487"><ele>1658.232</ele><time>2021-09-02T12:47:39Z</time></trkpt><trkpt lat="46.546142" lon="11.844409"><ele>1658.692</ele><time>2021-09-02T12:47:42Z</time></trkpt><trkpt lat="46.546137" lon="11.844316"><ele>1659.211</ele><time>2021-09-02T12:47:45Z</time></trkpt><trkpt lat="46.546120" lon="11.844235"><ele>1659.808</ele><time>2021-09-02T12:47:48Z</time></trkpt><trkpt lat="46.546091" lon="11.844158"><ele>1660.551</ele><time>2021-09-02T12:47:51Z</time></trkpt><trkpt lat="46.546063" lon="11.844083"><ele>1661.185</ele><time>2021-09-02T12:47:54Z</time></trkpt><trkpt lat="46.546032" lon="11.844011"><ele>1661.850</ele><time>2021-09-02T12:47:57Z</time></trkpt><trkpt lat="46.546016" lon="11.843929"><ele>1662.621</ele><time>2021-09-02T12:48:00Z</time></trkpt><trkpt lat="46.545973" lon="11.843872"><ele>1663.425</ele><time>2021-09-02T12:48:03Z</time></trkpt><trkpt lat="46.545939" lon="11.843812"><ele>1664.079</ele><time>2021-09-02T12:48:06Z</time></trkpt><trkpt lat="46.545900" lon="11.843769"><ele>1664.730</ele><time>2021-09-02T12:48:10Z</time></trkpt><trkpt lat="46.545862" lon="11.843719"><ele>1666.255</ele><time>2021-09-02T12:48:17Z</time></trkpt><trkpt lat="46.545837" lon="11.843664"><ele>1667.244</ele><time>2021-09-02T12:48:22Z</time></trkpt><trkpt lat="46.545802" lon="11.843620"><ele>1667.805</ele><time>2021-09-02T12:48:25Z</time></trkpt><trkpt lat="46.545777" lon="11.843565"><ele>1668.515</ele><time>2021-09-02T12:48:29Z</time></trkpt><trkpt lat="46.545736" lon="11.843525"><ele>1669.708</ele><time>2021-09-02T12:48:35Z</time></trkpt><trkpt lat="46.545709" lon="11.843472"><ele>1670.742</ele><time>2021-09-02T12:48:40Z</time></trkpt><trkpt lat="46.545677" lon="11.843419"><ele>1671.486</ele><time>2021-09-02T12:48:44Z</time></trkpt><trkpt lat="46.545640" lon="11.843363"><ele>1672.521</ele><time>2021-09-02T12:48:50Z</time></trkpt><trkpt lat="46.545613" lon="11.843291"><ele>1673.252</ele><time>2021-09-02T12:48:55Z</time></trkpt><trkpt lat="46.545576" lon="11.843251"><ele>1673.646</ele><time>2021-09-02T12:48:58Z</time></trkpt><trkpt lat="46.545542" lon="11.843205"><ele>1674.380</ele><time>2021-09-02T12:49:02Z</time></trkpt><trkpt lat="46.545499" lon="11.843164"><ele>1674.951</ele><time>2021-09-02T12:49:06Z</time></trkpt><trkpt lat="46.545460" lon="11.843128"><ele>1675.216</ele><time>2021-09-02T12:49:08Z</time></trkpt><trkpt lat="46.545426" lon="11.843071"><ele>1675.741</ele><time>2021-09-02T12:49:11Z</time></trkpt><trkpt lat="46.545374" lon="11.843013"><ele>1676.281</ele><time>2021-09-02T12:49:14Z</time></trkpt><trkpt lat="46.545327" lon="11.842976"><ele>1676.809</ele><time>2021-09-02T12:49:17Z</time></trkpt><trkpt lat="46.545284" lon="11.842925"><ele>1677.508</ele><time>2021-09-02T12:49:20Z</time></trkpt><trkpt lat="46.545239" lon="11.842885"><ele>1678.482</ele><time>2021-09-02T12:49:24Z</time></trkpt><trkpt lat="46.545208" lon="11.842834"><ele>1679.036</ele><time>2021-09-02T12:49:27Z</time></trkpt><trkpt lat="46.545169" lon="11.842788"><ele>1679.991</ele><time>2021-09-02T12:49:31Z</time></trkpt><trkpt lat="46.545134" lon="11.842740"><ele>1680.532</ele><time>2021-09-02T12:49:34Z</time></trkpt><trkpt lat="46.545095" lon="11.842664"><ele>1680.886</ele><time>2021-09-02T12:49:37Z</time></trkpt><trkpt lat="46.545064" lon="11.842597"><ele>1681.160</ele><time>2021-09-02T12:49:40Z</time></trkpt><trkpt lat="46.545042" lon="11.842540"><ele>1681.491</ele><time>2021-09-02T12:49:43Z</time></trkpt><trkpt lat="46.545000" lon="11.842491"><ele>1681.646</ele><time>2021-09-02T12:49:45Z</time></trkpt><trkpt lat="46.544960" lon="11.842436"><ele>1681.827</ele><time>2021-09-02T12:49:48Z</time></trkpt><trkpt lat="46.544922" lon="11.842380"><ele>1682.168</ele><time>2021-09-02T12:49:51Z</time></trkpt><trkpt lat="46.544876" lon="11.842353"><ele>1682.314</ele><time>2021-09-02T12:49:54Z</time></trkpt><trkpt lat="46.544828" lon="11.842321"><ele>1682.808</ele><time>2021-09-02T12:49:58Z</time></trkpt><trkpt lat="46.544791" lon="11.842276"><ele>1683.020</ele><time>2021-09-02T12:50:00Z</time></trkpt><trkpt lat="46.544743" lon="11.842241"><ele>1683.494</ele><time>2021-09-02T12:50:03Z</time></trkpt><trkpt lat="46.544692" lon="11.842213"><ele>1683.729</ele><time>2021-09-02T12:50:06Z</time></trkpt><trkpt lat="46.544647" lon="11.842198"><ele>1684.150</ele><time>2021-09-02T12:50:09Z</time></trkpt><trkpt lat="46.544585" lon="11.842174"><ele>1684.944</ele><time>2021-09-02T12:50:15Z</time></trkpt><trkpt lat="46.544538" lon="11.842145"><ele>1685.338</ele><time>2021-09-02T12:50:19Z</time></trkpt><trkpt lat="46.544495" lon="11.842103"><ele>1685.779</ele><time>2021-09-02T12:50:22Z</time></trkpt><trkpt lat="46.544450" lon="11.842062"><ele>1686.454</ele><time>2021-09-02T12:50:26Z</time></trkpt><trkpt lat="46.544415" lon="11.842010"><ele>1687.064</ele><time>2021-09-02T12:50:30Z</time></trkpt><trkpt lat="46.544369" lon="11.841934"><ele>1687.606</ele><time>2021-09-02T12:50:34Z</time></trkpt><trkpt lat="46.544338" lon="11.841880"><ele>1688.116</ele><time>2021-09-02T12:50:37Z</time></trkpt><trkpt lat="46.544301" lon="11.841811"><ele>1688.508</ele><time>2021-09-02T12:50:40Z</time></trkpt><trkpt lat="46.544261" lon="11.841771"><ele>1688.864</ele><time>2021-09-02T12:50:43Z</time></trkpt><trkpt lat="46.544224" lon="11.841731"><ele>1689.058</ele><time>2021-09-02T12:50:45Z</time></trkpt><trkpt lat="46.544184" lon="11.841699"><ele>1689.273</ele><time>2021-09-02T12:50:47Z</time></trkpt><trkpt lat="46.544130" lon="11.841657"><ele>1689.354</ele><time>2021-09-02T12:50:50Z</time></trkpt><trkpt lat="46.544067" lon="11.841622"><ele>1689.648</ele><time>2021-09-02T12:50:53Z</time></trkpt><trkpt lat="46.544008" lon="11.841615"><ele>1689.952</ele><time>2021-09-02T12:50:56Z</time></trkpt><trkpt lat="46.543944" lon="11.841621"><ele>1690.273</ele><time>2021-09-02T12:50:59Z</time></trkpt><trkpt lat="46.543889" lon="11.841624"><ele>1690.638</ele><time>2021-09-02T12:51:02Z</time></trkpt><trkpt lat="46.543830" lon="11.841614"><ele>1690.986</ele><time>2021-09-02T12:51:05Z</time></trkpt><trkpt lat="46.543779" lon="11.841617"><ele>1691.260</ele><time>2021-09-02T12:51:08Z</time></trkpt><trkpt lat="46.543727" lon="11.841618"><ele>1691.726</ele><time>2021-09-02T12:51:11Z</time></trkpt><trkpt lat="46.543681" lon="11.841596"><ele>1692.508</ele><time>2021-09-02T12:51:16Z</time></trkpt><trkpt lat="46.543631" lon="11.841583"><ele>1692.966</ele><time>2021-09-02T12:51:20Z</time></trkpt><trkpt lat="46.543577" lon="11.841584"><ele>1693.240</ele><time>2021-09-02T12:51:24Z</time></trkpt><trkpt lat="46.543524" lon="11.841601"><ele>1693.545</ele><time>2021-09-02T12:51:28Z</time></trkpt><trkpt lat="46.543477" lon="11.841608"><ele>1693.526</ele><time>2021-09-02T12:51:31Z</time></trkpt><trkpt lat="46.543430" lon="11.841583"><ele>1693.330</ele><time>2021-09-02T12:51:34Z</time></trkpt><trkpt lat="46.543381" lon="11.841525"><ele>1693.154</ele><time>2021-09-02T12:51:37Z</time></trkpt><trkpt lat="46.543363" lon="11.841447"><ele>1692.815</ele><time>2021-09-02T12:51:40Z</time></trkpt><trkpt lat="46.543363" lon="11.841380"><ele>1692.890</ele><time>2021-09-02T12:51:42Z</time></trkpt><trkpt lat="46.543354" lon="11.841316"><ele>1693.019</ele><time>2021-09-02T12:51:44Z</time></trkpt><trkpt lat="46.543344" lon="11.841243"><ele>1693.509</ele><time>2021-09-02T12:51:47Z</time></trkpt><trkpt lat="46.543333" lon="11.841172"><ele>1693.819</ele><time>2021-09-02T12:51:50Z</time></trkpt><trkpt lat="46.543335" lon="11.841091"><ele>1694.108</ele><time>2021-09-02T12:51:54Z</time></trkpt><trkpt lat="46.543347" lon="11.841020"><ele>1694.319</ele><time>2021-09-02T12:51:58Z</time></trkpt><trkpt lat="46.543339" lon="11.840938"><ele>1694.533</ele><time>2021-09-02T12:52:02Z</time></trkpt><trkpt lat="46.543318" lon="11.840873"><ele>1694.878</ele><time>2021-09-02T12:52:10Z</time></trkpt><trkpt lat="46.543301" lon="11.840807"><ele>1695.069</ele><time>2021-09-02T12:52:12Z</time></trkpt><trkpt lat="46.543272" lon="11.840746"><ele>1695.363</ele><time>2021-09-02T12:52:15Z</time></trkpt><trkpt lat="46.543242" lon="11.840671"><ele>1695.547</ele><time>2021-09-02T12:52:20Z</time></trkpt><trkpt lat="46.543214" lon="11.840614"><ele>1695.738</ele><time>2021-09-02T12:52:22Z</time></trkpt><trkpt lat="46.543189" lon="11.840525"><ele>1696.323</ele><time>2021-09-02T12:52:25Z</time></trkpt><trkpt lat="46.543172" lon="11.840438"><ele>1697.081</ele><time>2021-09-02T12:52:28Z</time></trkpt><trkpt lat="46.543140" lon="11.840366"><ele>1697.661</ele><time>2021-09-02T12:52:31Z</time></trkpt><trkpt lat="46.543111" lon="11.840308"><ele>1697.917</ele><time>2021-09-02T12:52:34Z</time></trkpt><trkpt lat="46.543082" lon="11.840251"><ele>1698.208</ele><time>2021-09-02T12:52:37Z</time></trkpt><trkpt lat="46.543053" lon="11.840180"><ele>1698.526</ele><time>2021-09-02T12:52:41Z</time></trkpt><trkpt lat="46.543025" lon="11.840122"><ele>1698.790</ele><time>2021-09-02T12:52:44Z</time></trkpt><trkpt lat="46.542988" lon="11.840075"><ele>1699.395</ele><time>2021-09-02T12:52:48Z</time></trkpt><trkpt lat="46.542958" lon="11.840020"><ele>1700.186</ele><time>2021-09-02T12:52:52Z</time></trkpt><trkpt lat="46.542928" lon="11.839952"><ele>1700.660</ele><time>2021-09-02T12:52:55Z</time></trkpt><trkpt lat="46.542900" lon="11.839880"><ele>1701.154</ele><time>2021-09-02T12:52:58Z</time></trkpt><trkpt lat="46.542858" lon="11.839811"><ele>1701.485</ele><time>2021-09-02T12:53:01Z</time></trkpt><trkpt lat="46.542826" lon="11.839766"><ele>1701.640</ele><time>2021-09-02T12:53:03Z</time></trkpt><trkpt lat="46.542794" lon="11.839719"><ele>1701.737</ele><time>2021-09-02T12:53:05Z</time></trkpt><trkpt lat="46.542755" lon="11.839679"><ele>1701.949</ele><time>2021-09-02T12:53:07Z</time></trkpt><trkpt lat="46.542702" lon="11.839620"><ele>1702.113</ele><time>2021-09-02T12:53:10Z</time></trkpt><trkpt lat="46.542665" lon="11.839548"><ele>1702.308</ele><time>2021-09-02T12:53:13Z</time></trkpt><trkpt lat="46.542633" lon="11.839483"><ele>1702.711</ele><time>2021-09-02T12:53:16Z</time></trkpt><trkpt lat="46.542608" lon="11.839418"><ele>1702.965</ele><time>2021-09-02T12:53:19Z</time></trkpt><trkpt lat="46.542581" lon="11.839364"><ele>1703.010</ele><time>2021-09-02T12:53:22Z</time></trkpt><trkpt lat="46.542539" lon="11.839320"><ele>1702.841</ele><time>2021-09-02T12:53:25Z</time></trkpt><trkpt lat="46.542515" lon="11.839253"><ele>1702.415</ele><time>2021-09-02T12:53:28Z</time></trkpt><trkpt lat="46.542474" lon="11.839192"><ele>1702.039</ele><time>2021-09-02T12:53:32Z</time></trkpt><trkpt lat="46.542481" lon="11.839110"><ele>1702.070</ele><time>2021-09-02T12:53:38Z</time></trkpt><trkpt lat="46.542468" lon="11.839044"><ele>1702.585</ele><time>2021-09-02T12:53:42Z</time></trkpt><trkpt lat="46.542458" lon="11.838964"><ele>1702.991</ele><time>2021-09-02T12:53:46Z</time></trkpt><trkpt lat="46.542454" lon="11.838886"><ele>1703.081</ele><time>2021-09-02T12:53:49Z</time></trkpt><trkpt lat="46.542442" lon="11.838812"><ele>1703.019</ele><time>2021-09-02T12:53:52Z</time></trkpt><trkpt lat="46.542424" lon="11.838739"><ele>1703.008</ele><time>2021-09-02T12:53:55Z</time></trkpt><trkpt lat="46.542411" lon="11.838666"><ele>1703.037</ele><time>2021-09-02T12:53:57Z</time></trkpt><trkpt lat="46.542394" lon="11.838603"><ele>1702.991</ele><time>2021-09-02T12:53:59Z</time></trkpt><trkpt lat="46.542384" lon="11.838538"><ele>1702.956</ele><time>2021-09-02T12:54:01Z</time></trkpt><trkpt lat="46.542382" lon="11.838461"><ele>1702.847</ele><time>2021-09-02T12:54:03Z</time></trkpt><trkpt lat="46.542365" lon="11.838392"><ele>1702.681</ele><time>2021-09-02T12:54:05Z</time></trkpt><trkpt lat="46.542354" lon="11.838323"><ele>1702.555</ele><time>2021-09-02T12:54:07Z</time></trkpt><trkpt lat="46.542331" lon="11.838252"><ele>1702.496</ele><time>2021-09-02T12:54:09Z</time></trkpt><trkpt lat="46.542326" lon="11.838172"><ele>1702.231</ele><time>2021-09-02T12:54:11Z</time></trkpt><trkpt lat="46.542304" lon="11.838104"><ele>1702.069</ele><time>2021-09-02T12:54:13Z</time></trkpt><trkpt lat="46.542283" lon="11.838025"><ele>1702.004</ele><time>2021-09-02T12:54:15Z</time></trkpt><trkpt lat="46.542270" lon="11.837955"><ele>1701.924</ele><time>2021-09-02T12:54:17Z</time></trkpt><trkpt lat="46.542259" lon="11.837880"><ele>1701.808</ele><time>2021-09-02T12:54:19Z</time></trkpt><trkpt lat="46.542246" lon="11.837809"><ele>1701.634</ele><time>2021-09-02T12:54:21Z</time></trkpt><trkpt lat="46.542224" lon="11.837748"><ele>1701.478</ele><time>2021-09-02T12:54:23Z</time></trkpt><trkpt lat="46.542200" lon="11.837679"><ele>1701.313</ele><time>2021-09-02T12:54:25Z</time></trkpt><trkpt lat="46.542180" lon="11.837605"><ele>1701.144</ele><time>2021-09-02T12:54:26Z</time></trkpt><trkpt lat="46.542169" lon="11.837521"><ele>1701.038</ele><time>2021-09-02T12:54:28Z</time></trkpt><trkpt lat="46.542156" lon="11.837444"><ele>1700.932</ele><time>2021-09-02T12:54:30Z</time></trkpt><trkpt lat="46.542144" lon="11.837370"><ele>1700.863</ele><time>2021-09-02T12:54:32Z</time></trkpt><trkpt lat="46.542144" lon="11.837281"><ele>1700.778</ele><time>2021-09-02T12:54:35Z</time></trkpt><trkpt lat="46.542149" lon="11.837195"><ele>1700.624</ele><time>2021-09-02T12:54:38Z</time></trkpt><trkpt lat="46.542161" lon="11.837099"><ele>1700.604</ele><time>2021-09-02T12:54:41Z</time></trkpt><trkpt lat="46.542161" lon="11.837015"><ele>1700.714</ele><time>2021-09-02T12:54:44Z</time></trkpt><trkpt lat="46.542168" lon="11.836946"><ele>1700.908</ele><time>2021-09-02T12:54:49Z</time></trkpt><trkpt lat="46.542193" lon="11.836878"><ele>1701.060</ele><time>2021-09-02T12:54:54Z</time></trkpt><trkpt lat="46.542220" lon="11.836805"><ele>1701.284</ele><time>2021-09-02T12:54:57Z</time></trkpt><trkpt lat="46.542234" lon="11.836731"><ele>1701.699</ele><time>2021-09-02T12:55:00Z</time></trkpt><trkpt lat="46.542233" lon="11.836637"><ele>1702.120</ele><time>2021-09-02T12:55:03Z</time></trkpt><trkpt lat="46.542246" lon="11.836544"><ele>1702.654</ele><time>2021-09-02T12:55:06Z</time></trkpt><trkpt lat="46.542256" lon="11.836478"><ele>1702.888</ele><time>2021-09-02T12:55:08Z</time></trkpt><trkpt lat="46.542263" lon="11.836407"><ele>1703.089</ele><time>2021-09-02T12:55:10Z</time></trkpt><trkpt lat="46.542268" lon="11.836341"><ele>1703.224</ele><time>2021-09-02T12:55:12Z</time></trkpt><trkpt lat="46.542277" lon="11.836274"><ele>1703.494</ele><time>2021-09-02T12:55:14Z</time></trkpt><trkpt lat="46.542282" lon="11.836199"><ele>1703.557</ele><time>2021-09-02T12:55:16Z</time></trkpt><trkpt lat="46.542286" lon="11.836129"><ele>1703.622</ele><time>2021-09-02T12:55:18Z</time></trkpt><trkpt lat="46.542294" lon="11.836059"><ele>1703.908</ele><time>2021-09-02T12:55:20Z</time></trkpt><trkpt lat="46.542300" lon="11.835992"><ele>1704.167</ele><time>2021-09-02T12:55:22Z</time></trkpt><trkpt lat="46.542304" lon="11.835899"><ele>1704.491</ele><time>2021-09-02T12:55:25Z</time></trkpt><trkpt lat="46.542320" lon="11.835832"><ele>1704.636</ele><time>2021-09-02T12:55:28Z</time></trkpt><trkpt lat="46.542334" lon="11.835766"><ele>1704.857</ele><time>2021-09-02T12:55:32Z</time></trkpt><trkpt lat="46.542394" lon="11.835763"><ele>1704.981</ele><time>2021-09-02T12:55:48Z</time></trkpt><trkpt lat="46.542436" lon="11.835735"><ele>1705.155</ele><time>2021-09-02T12:55:52Z</time></trkpt><trkpt lat="46.542456" lon="11.835657"><ele>1705.316</ele><time>2021-09-02T12:55:56Z</time></trkpt><trkpt lat="46.542445" lon="11.835580"><ele>1705.541</ele><time>2021-09-02T12:56:00Z</time></trkpt><trkpt lat="46.542458" lon="11.835516"><ele>1705.882</ele><time>2021-09-02T12:56:04Z</time></trkpt><trkpt lat="46.542477" lon="11.835431"><ele>1706.143</ele><time>2021-09-02T12:56:08Z</time></trkpt><trkpt lat="46.542465" lon="11.835355"><ele>1706.417</ele><time>2021-09-02T12:56:11Z</time></trkpt><trkpt lat="46.542452" lon="11.835275"><ele>1706.708</ele><time>2021-09-02T12:56:14Z</time></trkpt><trkpt lat="46.542459" lon="11.835203"><ele>1706.856</ele><time>2021-09-02T12:56:17Z</time></trkpt><trkpt lat="46.542488" lon="11.835118"><ele>1707.050</ele><time>2021-09-02T12:56:20Z</time></trkpt><trkpt lat="46.542521" lon="11.835067"><ele>1707.115</ele><time>2021-09-02T12:56:22Z</time></trkpt><trkpt lat="46.542546" lon="11.835000"><ele>1707.276</ele><time>2021-09-02T12:56:24Z</time></trkpt><trkpt lat="46.542564" lon="11.834929"><ele>1707.420</ele><time>2021-09-02T12:56:26Z</time></trkpt><trkpt lat="46.542592" lon="11.834866"><ele>1707.574</ele><time>2021-09-02T12:56:28Z</time></trkpt><trkpt lat="46.542605" lon="11.834797"><ele>1707.715</ele><time>2021-09-02T12:56:29Z</time></trkpt><trkpt lat="46.542617" lon="11.834726"><ele>1707.940</ele><time>2021-09-02T12:56:31Z</time></trkpt><trkpt lat="46.542637" lon="11.834627"><ele>1708.128</ele><time>2021-09-02T12:56:34Z</time></trkpt><trkpt lat="46.542640" lon="11.834559"><ele>1708.389</ele><time>2021-09-02T12:56:36Z</time></trkpt><trkpt lat="46.542659" lon="11.834488"><ele>1708.617</ele><time>2021-09-02T12:56:39Z</time></trkpt><trkpt lat="46.542676" lon="11.834411"><ele>1708.808</ele><time>2021-09-02T12:56:42Z</time></trkpt><trkpt lat="46.542713" lon="11.834352"><ele>1708.990</ele><time>2021-09-02T12:56:46Z</time></trkpt><trkpt lat="46.542738" lon="11.834292"><ele>1709.154</ele><time>2021-09-02T12:56:50Z</time></trkpt><trkpt lat="46.542762" lon="11.834234"><ele>1709.449</ele><time>2021-09-02T12:56:55Z</time></trkpt><trkpt lat="46.542780" lon="11.834156"><ele>1709.610</ele><time>2021-09-02T12:56:58Z</time></trkpt><trkpt lat="46.542815" lon="11.834108"><ele>1709.954</ele><time>2021-09-02T12:57:01Z</time></trkpt><trkpt lat="46.542841" lon="11.834032"><ele>1710.228</ele><time>2021-09-02T12:57:05Z</time></trkpt><trkpt lat="46.542859" lon="11.833953"><ele>1710.519</ele><time>2021-09-02T12:57:09Z</time></trkpt><trkpt lat="46.542882" lon="11.833883"><ele>1710.844</ele><time>2021-09-02T12:57:12Z</time></trkpt><trkpt lat="46.542911" lon="11.833812"><ele>1711.232</ele><time>2021-09-02T12:57:15Z</time></trkpt><trkpt lat="46.542944" lon="11.833759"><ele>1711.592</ele><time>2021-09-02T12:57:18Z</time></trkpt><trkpt lat="46.542976" lon="11.833712"><ele>1711.511</ele><time>2021-09-02T12:57:21Z</time></trkpt><trkpt lat="46.543021" lon="11.833675"><ele>1711.708</ele><time>2021-09-02T12:57:23Z</time></trkpt><trkpt lat="46.543058" lon="11.833636"><ele>1712.031</ele><time>2021-09-02T12:57:25Z</time></trkpt><trkpt lat="46.543095" lon="11.833591"><ele>1712.375</ele><time>2021-09-02T12:57:27Z</time></trkpt><trkpt lat="46.543139" lon="11.833522"><ele>1712.770</ele><time>2021-09-02T12:57:30Z</time></trkpt><trkpt lat="46.543195" lon="11.833465"><ele>1713.441</ele><time>2021-09-02T12:57:33Z</time></trkpt><trkpt lat="46.543248" lon="11.833418"><ele>1714.175</ele><time>2021-09-02T12:57:36Z</time></trkpt><trkpt lat="46.543298" lon="11.833388"><ele>1714.689</ele><time>2021-09-02T12:57:39Z</time></trkpt><trkpt lat="46.543352" lon="11.833378"><ele>1715.050</ele><time>2021-09-02T12:57:42Z</time></trkpt><trkpt lat="46.543400" lon="11.833356"><ele>1715.435</ele><time>2021-09-02T12:57:46Z</time></trkpt><trkpt lat="46.543449" lon="11.833329"><ele>1715.721</ele><time>2021-09-02T12:57:50Z</time></trkpt><trkpt lat="46.543502" lon="11.833338"><ele>1715.941</ele><time>2021-09-02T12:57:54Z</time></trkpt><trkpt lat="46.543559" lon="11.833353"><ele>1716.005</ele><time>2021-09-02T12:57:58Z</time></trkpt><trkpt lat="46.543605" lon="11.833364"><ele>1716.208</ele><time>2021-09-02T12:58:01Z</time></trkpt><trkpt lat="46.543655" lon="11.833339"><ele>1716.390</ele><time>2021-09-02T12:58:04Z</time></trkpt><trkpt lat="46.543705" lon="11.833284"><ele>1716.564</ele><time>2021-09-02T12:58:07Z</time></trkpt><trkpt lat="46.543748" lon="11.833246"><ele>1716.739</ele><time>2021-09-02T12:58:10Z</time></trkpt><trkpt lat="46.543789" lon="11.833184"><ele>1717.050</ele><time>2021-09-02T12:58:13Z</time></trkpt><trkpt lat="46.543831" lon="11.833112"><ele>1717.444</ele><time>2021-09-02T12:58:16Z</time></trkpt><trkpt lat="46.543867" lon="11.833064"><ele>1717.738</ele><time>2021-09-02T12:58:18Z</time></trkpt><trkpt lat="46.543895" lon="11.833013"><ele>1717.999</ele><time>2021-09-02T12:58:20Z</time></trkpt><trkpt lat="46.543920" lon="11.832958"><ele>1718.174</ele><time>2021-09-02T12:58:22Z</time></trkpt><trkpt lat="46.543955" lon="11.832914"><ele>1718.334</ele><time>2021-09-02T12:58:24Z</time></trkpt><trkpt lat="46.544012" lon="11.832893"><ele>1718.655</ele><time>2021-09-02T12:58:27Z</time></trkpt><trkpt lat="46.544061" lon="11.832856"><ele>1718.810</ele><time>2021-09-02T12:58:30Z</time></trkpt><trkpt lat="46.544107" lon="11.832810"><ele>1719.008</ele><time>2021-09-02T12:58:32Z</time></trkpt><trkpt lat="46.544144" lon="11.832754"><ele>1719.421</ele><time>2021-09-02T12:58:37Z</time></trkpt><trkpt lat="46.544178" lon="11.832707"><ele>1719.915</ele><time>2021-09-02T12:58:41Z</time></trkpt><trkpt lat="46.544212" lon="11.832645"><ele>1720.340</ele><time>2021-09-02T12:58:45Z</time></trkpt><trkpt lat="46.544245" lon="11.832600"><ele>1720.761</ele><time>2021-09-02T12:58:49Z</time></trkpt><trkpt lat="46.544273" lon="11.832548"><ele>1720.745</ele><time>2021-09-02T12:58:51Z</time></trkpt><trkpt lat="46.544287" lon="11.832483"><ele>1720.889</ele><time>2021-09-02T12:58:54Z</time></trkpt><trkpt lat="46.544328" lon="11.832429"><ele>1721.060</ele><time>2021-09-02T12:58:57Z</time></trkpt><trkpt lat="46.544342" lon="11.832364"><ele>1721.695</ele><time>2021-09-02T12:59:00Z</time></trkpt><trkpt lat="46.544380" lon="11.832317"><ele>1722.143</ele><time>2021-09-02T12:59:02Z</time></trkpt><trkpt lat="46.544433" lon="11.832267"><ele>1722.864</ele><time>2021-09-02T12:59:05Z</time></trkpt><trkpt lat="46.544481" lon="11.832209"><ele>1723.710</ele><time>2021-09-02T12:59:08Z</time></trkpt><trkpt lat="46.544527" lon="11.832154"><ele>1724.508</ele><time>2021-09-02T12:59:11Z</time></trkpt><trkpt lat="46.544557" lon="11.832097"><ele>1725.372</ele><time>2021-09-02T12:59:14Z</time></trkpt><trkpt lat="46.544593" lon="11.832052"><ele>1726.256</ele><time>2021-09-02T12:59:18Z</time></trkpt><trkpt lat="46.544623" lon="11.831995"><ele>1727.331</ele><time>2021-09-02T12:59:24Z</time></trkpt><trkpt lat="46.544654" lon="11.831932"><ele>1728.152</ele><time>2021-09-02T12:59:29Z</time></trkpt><trkpt lat="46.544694" lon="11.831890"><ele>1729.066</ele><time>2021-09-02T12:59:34Z</time></trkpt><trkpt lat="46.544741" lon="11.831856"><ele>1729.880</ele><time>2021-09-02T12:59:38Z</time></trkpt><trkpt lat="46.544787" lon="11.831832"><ele>1730.811</ele><time>2021-09-02T12:59:43Z</time></trkpt><trkpt lat="46.544837" lon="11.831816"><ele>1732.056</ele><time>2021-09-02T12:59:48Z</time></trkpt><trkpt lat="46.544881" lon="11.831792"><ele>1733.153</ele><time>2021-09-02T12:59:53Z</time></trkpt><trkpt lat="46.544932" lon="11.831761"><ele>1733.704</ele><time>2021-09-02T12:59:57Z</time></trkpt><trkpt lat="46.544976" lon="11.831725"><ele>1734.614</ele><time>2021-09-02T13:00:01Z</time></trkpt><trkpt lat="46.545027" lon="11.831693"><ele>1735.208</ele><time>2021-09-02T13:00:05Z</time></trkpt><trkpt lat="46.545062" lon="11.831643"><ele>1736.883</ele><time>2021-09-02T13:00:14Z</time></trkpt><trkpt lat="46.545095" lon="11.831597"><ele>1737.417</ele><time>2021-09-02T13:00:20Z</time></trkpt><trkpt lat="46.545131" lon="11.831543"><ele>1738.462</ele><time>2021-09-02T13:00:25Z</time></trkpt><trkpt lat="46.545175" lon="11.831499"><ele>1739.433</ele><time>2021-09-02T13:00:30Z</time></trkpt><trkpt lat="46.545216" lon="11.831451"><ele>1740.567</ele><time>2021-09-02T13:00:35Z</time></trkpt><trkpt lat="46.545251" lon="11.831396"><ele>1741.681</ele><time>2021-09-02T13:00:41Z</time></trkpt><trkpt lat="46.545265" lon="11.831317"><ele>1742.882</ele><time>2021-09-02T13:00:46Z</time></trkpt><trkpt lat="46.545282" lon="11.831247"><ele>1744.067</ele><time>2021-09-02T13:00:52Z</time></trkpt><trkpt lat="46.545297" lon="11.831181"><ele>1744.818</ele><time>2021-09-02T13:00:57Z</time></trkpt><trkpt lat="46.545332" lon="11.831138"><ele>1746.098</ele><time>2021-09-02T13:01:03Z</time></trkpt><trkpt lat="46.545375" lon="11.831123"><ele>1747.017</ele><time>2021-09-02T13:01:09Z</time></trkpt><trkpt lat="46.545424" lon="11.831080"><ele>1748.408</ele><time>2021-09-02T13:01:16Z</time></trkpt><trkpt lat="46.545468" lon="11.831043"><ele>1749.819</ele><time>2021-09-02T13:01:22Z</time></trkpt><trkpt lat="46.545512" lon="11.830998"><ele>1751.433</ele><time>2021-09-02T13:01:29Z</time></trkpt><trkpt lat="46.545562" lon="11.830988"><ele>1752.278</ele><time>2021-09-02T13:01:34Z</time></trkpt><trkpt lat="46.545608" lon="11.830995"><ele>1752.819</ele><time>2021-09-02T13:01:39Z</time></trkpt><trkpt lat="46.545655" lon="11.831029"><ele>1753.223</ele><time>2021-09-02T13:01:43Z</time></trkpt><trkpt lat="46.545704" lon="11.831052"><ele>1754.177</ele><time>2021-09-02T13:01:49Z</time></trkpt><trkpt lat="46.545754" lon="11.831068"><ele>1754.968</ele><time>2021-09-02T13:01:53Z</time></trkpt><trkpt lat="46.545788" lon="11.831116"><ele>1755.933</ele><time>2021-09-02T13:01:58Z</time></trkpt><trkpt lat="46.545841" lon="11.831117"><ele>1756.752</ele><time>2021-09-02T13:02:03Z</time></trkpt><trkpt lat="46.545873" lon="11.831071"><ele>1757.753</ele><time>2021-09-02T13:02:08Z</time></trkpt><trkpt lat="46.545869" lon="11.831006"><ele>1758.708</ele><time>2021-09-02T13:02:12Z</time></trkpt><trkpt lat="46.545849" lon="11.830944"><ele>1759.908</ele><time>2021-09-02T13:02:16Z</time></trkpt><trkpt lat="46.545853" lon="11.830870"><ele>1760.833</ele><time>2021-09-02T13:02:20Z</time></trkpt><trkpt lat="46.545860" lon="11.830792"><ele>1761.897</ele><time>2021-09-02T13:02:25Z</time></trkpt><trkpt lat="46.545859" lon="11.830710"><ele>1762.832</ele><time>2021-09-02T13:02:30Z</time></trkpt><trkpt lat="46.545881" lon="11.830640"><ele>1764.043</ele><time>2021-09-02T13:02:36Z</time></trkpt><trkpt lat="46.545925" lon="11.830598"><ele>1765.167</ele><time>2021-09-02T13:02:44Z</time></trkpt><trkpt lat="46.545973" lon="11.830599"><ele>1765.711</ele><time>2021-09-02T13:02:49Z</time></trkpt><trkpt lat="46.546007" lon="11.830546"><ele>1766.742</ele><time>2021-09-02T13:02:54Z</time></trkpt><trkpt lat="46.546046" lon="11.830485"><ele>1768.087</ele><time>2021-09-02T13:03:00Z</time></trkpt><trkpt lat="46.546088" lon="11.830447"><ele>1769.054</ele><time>2021-09-02T13:03:05Z</time></trkpt><trkpt lat="46.546127" lon="11.830397"><ele>1769.956</ele><time>2021-09-02T13:03:10Z</time></trkpt><trkpt lat="46.546170" lon="11.830362"><ele>1770.411</ele><time>2021-09-02T13:03:14Z</time></trkpt><trkpt lat="46.546201" lon="11.830307"><ele>1771.308</ele><time>2021-09-02T13:03:19Z</time></trkpt><trkpt lat="46.546241" lon="11.830263"><ele>1772.073</ele><time>2021-09-02T13:03:24Z</time></trkpt><trkpt lat="46.546286" lon="11.830215"><ele>1773.197</ele><time>2021-09-02T13:03:30Z</time></trkpt><trkpt lat="46.546339" lon="11.830184"><ele>1774.222</ele><time>2021-09-02T13:03:35Z</time></trkpt><trkpt lat="46.546379" lon="11.830143"><ele>1775.243</ele><time>2021-09-02T13:03:40Z</time></trkpt><trkpt lat="46.546410" lon="11.830086"><ele>1776.167</ele><time>2021-09-02T13:03:45Z</time></trkpt><trkpt lat="46.546395" lon="11.830015"><ele>1776.861</ele><time>2021-09-02T13:03:50Z</time></trkpt><trkpt lat="46.546424" lon="11.829965"><ele>1777.622</ele><time>2021-09-02T13:04:00Z</time></trkpt><trkpt lat="46.546406" lon="11.829893"><ele>1778.017</ele><time>2021-09-02T13:04:04Z</time></trkpt><trkpt lat="46.546389" lon="11.829823"><ele>1778.934</ele><time>2021-09-02T13:04:09Z</time></trkpt><trkpt lat="46.546370" lon="11.829750"><ele>1779.755</ele><time>2021-09-02T13:04:13Z</time></trkpt><trkpt lat="46.546349" lon="11.829687"><ele>1780.810</ele><time>2021-09-02T13:04:18Z</time></trkpt><trkpt lat="46.546335" lon="11.829612"><ele>1781.908</ele><time>2021-09-02T13:04:24Z</time></trkpt><trkpt lat="46.546347" lon="11.829543"><ele>1782.931</ele><time>2021-09-02T13:04:29Z</time></trkpt><trkpt lat="46.546373" lon="11.829484"><ele>1783.865</ele><time>2021-09-02T13:04:34Z</time></trkpt><trkpt lat="46.546415" lon="11.829449"><ele>1784.940</ele><time>2021-09-02T13:04:39Z</time></trkpt><trkpt lat="46.546433" lon="11.829384"><ele>1787.181</ele><time>2021-09-02T13:04:45Z</time></trkpt><trkpt lat="46.546460" lon="11.829329"><ele>1788.025</ele><time>2021-09-02T13:04:50Z</time></trkpt><trkpt lat="46.546497" lon="11.829281"><ele>1789.529</ele><time>2021-09-02T13:04:57Z</time></trkpt><trkpt lat="46.546541" lon="11.829256"><ele>1790.280</ele><time>2021-09-02T13:05:01Z</time></trkpt><trkpt lat="46.546568" lon="11.829204"><ele>1791.345</ele><time>2021-09-02T13:05:07Z</time></trkpt><trkpt lat="46.546592" lon="11.829136"><ele>1792.939</ele><time>2021-09-02T13:05:14Z</time></trkpt><trkpt lat="46.546533" lon="11.829116"><ele>1794.801</ele><time>2021-09-02T13:05:26Z</time></trkpt><trkpt lat="46.546487" lon="11.829091"><ele>1796.021</ele><time>2021-09-02T13:05:33Z</time></trkpt><trkpt lat="46.546441" lon="11.829083"><ele>1796.908</ele><time>2021-09-02T13:05:37Z</time></trkpt><trkpt lat="46.546392" lon="11.829050"><ele>1798.171</ele><time>2021-09-02T13:05:42Z</time></trkpt><trkpt lat="46.546357" lon="11.828997"><ele>1799.095</ele><time>2021-09-02T13:05:46Z</time></trkpt><trkpt lat="46.546360" lon="11.828917"><ele>1800.220</ele><time>2021-09-02T13:05:50Z</time></trkpt><trkpt lat="46.546378" lon="11.828856"><ele>1801.251</ele><time>2021-09-02T13:05:54Z</time></trkpt><trkpt lat="46.546392" lon="11.828789"><ele>1802.135</ele><time>2021-09-02T13:05:59Z</time></trkpt><trkpt lat="46.546432" lon="11.828752"><ele>1803.699</ele><time>2021-09-02T13:06:10Z</time></trkpt><trkpt lat="46.546449" lon="11.828675"><ele>1804.330</ele><time>2021-09-02T13:06:15Z</time></trkpt><trkpt lat="46.546478" lon="11.828601"><ele>1804.835</ele><time>2021-09-02T13:06:19Z</time></trkpt><trkpt lat="46.546494" lon="11.828539"><ele>1805.217</ele><time>2021-09-02T13:06:23Z</time></trkpt><trkpt lat="46.546495" lon="11.828470"><ele>1805.887</ele><time>2021-09-02T13:06:27Z</time></trkpt><trkpt lat="46.546511" lon="11.828403"><ele>1806.115</ele><time>2021-09-02T13:06:30Z</time></trkpt><trkpt lat="46.546525" lon="11.828322"><ele>1806.408</ele><time>2021-09-02T13:06:34Z</time></trkpt><trkpt lat="46.546544" lon="11.828244"><ele>1806.779</ele><time>2021-09-02T13:06:38Z</time></trkpt><trkpt lat="46.546559" lon="11.828180"><ele>1807.293</ele><time>2021-09-02T13:06:42Z</time></trkpt><trkpt lat="46.546567" lon="11.828106"><ele>1808.258</ele><time>2021-09-02T13:06:47Z</time></trkpt><trkpt lat="46.546582" lon="11.828039"><ele>1809.279</ele><time>2021-09-02T13:06:52Z</time></trkpt><trkpt lat="46.546602" lon="11.827977"><ele>1810.663</ele><time>2021-09-02T13:06:57Z</time></trkpt><trkpt lat="46.546634" lon="11.827928"><ele>1812.137</ele><time>2021-09-02T13:07:04Z</time></trkpt><trkpt lat="46.546660" lon="11.827871"><ele>1813.858</ele><time>2021-09-02T13:07:09Z</time></trkpt><trkpt lat="46.546690" lon="11.827800"><ele>1815.133</ele><time>2021-09-02T13:07:15Z</time></trkpt><trkpt lat="46.546736" lon="11.827842"><ele>1817.364</ele><time>2021-09-02T13:07:26Z</time></trkpt><trkpt lat="46.546772" lon="11.827788"><ele>1817.906</ele><time>2021-09-02T13:07:33Z</time></trkpt><trkpt lat="46.546817" lon="11.827760"><ele>1819.216</ele><time>2021-09-02T13:07:39Z</time></trkpt><trkpt lat="46.546926" lon="11.827086"><ele>1832.108</ele><time>2021-09-02T13:09:45Z</time></trkpt><trkpt lat="46.546966" lon="11.827034"><ele>1833.294</ele><time>2021-09-02T13:09:50Z</time></trkpt><trkpt lat="46.546999" lon="11.826985"><ele>1834.818</ele><time>2021-09-02T13:09:57Z</time></trkpt><trkpt lat="46.546852" lon="11.826850"><ele>1838.623</ele><time>2021-09-02T13:10:14Z</time></trkpt><trkpt lat="46.546874" lon="11.826778"><ele>1840.314</ele><time>2021-09-02T13:10:22Z</time></trkpt><trkpt lat="46.546901" lon="11.826723"><ele>1841.458</ele><time>2021-09-02T13:10:27Z</time></trkpt><trkpt lat="46.546925" lon="11.826655"><ele>1842.852</ele><time>2021-09-02T13:10:34Z</time></trkpt><trkpt lat="46.546942" lon="11.826586"><ele>1844.123</ele><time>2021-09-02T13:10:40Z</time></trkpt><trkpt lat="46.546989" lon="11.826547"><ele>1845.378</ele><time>2021-09-02T13:10:47Z</time></trkpt><trkpt lat="46.547024" lon="11.826506"><ele>1845.993</ele><time>2021-09-02T13:10:51Z</time></trkpt><trkpt lat="46.547061" lon="11.826467"><ele>1847.165</ele><time>2021-09-02T13:10:57Z</time></trkpt><trkpt lat="46.547036" lon="11.826395"><ele>1848.721</ele><time>2021-09-02T13:11:03Z</time></trkpt><trkpt lat="46.547021" lon="11.826321"><ele>1849.808</ele><time>2021-09-02T13:11:08Z</time></trkpt><trkpt lat="46.547002" lon="11.826249"><ele>1851.937</ele><time>2021-09-02T13:11:16Z</time></trkpt><trkpt lat="46.546992" lon="11.826173"><ele>1853.281</ele><time>2021-09-02T13:11:22Z</time></trkpt><trkpt lat="46.546963" lon="11.826082"><ele>1855.486</ele><time>2021-09-02T13:11:34Z</time></trkpt><trkpt lat="46.546924" lon="11.826030"><ele>1857.297</ele><time>2021-09-02T13:11:42Z</time></trkpt><trkpt lat="46.546930" lon="11.825964"><ele>1858.421</ele><time>2021-09-02T13:11:47Z</time></trkpt><trkpt lat="46.546930" lon="11.825891"><ele>1859.475</ele><time>2021-09-02T13:11:52Z</time></trkpt><trkpt lat="46.546572" lon="11.826025"><ele>1870.876</ele><time>2021-09-02T13:12:55Z</time></trkpt><trkpt lat="46.546603" lon="11.825974"><ele>1871.171</ele><time>2021-09-02T13:13:00Z</time></trkpt><trkpt lat="46.546634" lon="11.825921"><ele>1872.015</ele><time>2021-09-02T13:13:04Z</time></trkpt><trkpt lat="46.546616" lon="11.825858"><ele>1873.465</ele><time>2021-09-02T13:13:12Z</time></trkpt><trkpt lat="46.546651" lon="11.825797"><ele>1873.911</ele><time>2021-09-02T13:13:17Z</time></trkpt><trkpt lat="46.546678" lon="11.825732"><ele>1874.708</ele><time>2021-09-02T13:13:23Z</time></trkpt><trkpt lat="46.546692" lon="11.825657"><ele>1875.839</ele><time>2021-09-02T13:13:29Z</time></trkpt><trkpt lat="46.546732" lon="11.825606"><ele>1877.443</ele><time>2021-09-02T13:13:36Z</time></trkpt><trkpt lat="46.546769" lon="11.825549"><ele>1878.528</ele><time>2021-09-02T13:13:40Z</time></trkpt><trkpt lat="46.546801" lon="11.825504"><ele>1879.419</ele><time>2021-09-02T13:13:44Z</time></trkpt><trkpt lat="46.546508" lon="11.825652"><ele>1886.573</ele><time>2021-09-02T13:14:22Z</time></trkpt><trkpt lat="46.546555" lon="11.825608"><ele>1887.437</ele><time>2021-09-02T13:14:26Z</time></trkpt><trkpt lat="46.546586" lon="11.825545"><ele>1888.518</ele><time>2021-09-02T13:14:31Z</time></trkpt><trkpt lat="46.546596" lon="11.825469"><ele>1889.693</ele><time>2021-09-02T13:14:36Z</time></trkpt><trkpt lat="46.546623" lon="11.825409"><ele>1890.491</ele><time>2021-09-02T13:14:40Z</time></trkpt><trkpt lat="46.546604" lon="11.825345"><ele>1891.281</ele><time>2021-09-02T13:14:44Z</time></trkpt><trkpt lat="46.546585" lon="11.825271"><ele>1892.119</ele><time>2021-09-02T13:14:48Z</time></trkpt><trkpt lat="46.546581" lon="11.825202"><ele>1893.808</ele><time>2021-09-02T13:14:55Z</time></trkpt><trkpt lat="46.546576" lon="11.825129"><ele>1895.667</ele><time>2021-09-02T13:15:01Z</time></trkpt><trkpt lat="46.546578" lon="11.825022"><ele>1897.241</ele><time>2021-09-02T13:15:10Z</time></trkpt><trkpt lat="46.546598" lon="11.824958"><ele>1898.186</ele><time>2021-09-02T13:15:15Z</time></trkpt><trkpt lat="46.546616" lon="11.824895"><ele>1899.247</ele><time>2021-09-02T13:15:20Z</time></trkpt><trkpt lat="46.546613" lon="11.824804"><ele>1900.461</ele><time>2021-09-02T13:15:26Z</time></trkpt><trkpt lat="46.546601" lon="11.824738"><ele>1901.215</ele><time>2021-09-02T13:15:30Z</time></trkpt><trkpt lat="46.546609" lon="11.824668"><ele>1901.996</ele><time>2021-09-02T13:15:35Z</time></trkpt><trkpt lat="46.546602" lon="11.824594"><ele>1901.941</ele><time>2021-09-02T13:15:40Z</time></trkpt><trkpt lat="46.546581" lon="11.824532"><ele>1902.197</ele><time>2021-09-02T13:15:44Z</time></trkpt><trkpt lat="46.546597" lon="11.824462"><ele>1902.823</ele><time>2021-09-02T13:15:49Z</time></trkpt><trkpt lat="46.546603" lon="11.824382"><ele>1903.425</ele><time>2021-09-02T13:15:53Z</time></trkpt><trkpt lat="46.546601" lon="11.824317"><ele>1904.008</ele><time>2021-09-02T13:15:57Z</time></trkpt><trkpt lat="46.546619" lon="11.824252"><ele>1905.057</ele><time>2021-09-02T13:16:02Z</time></trkpt><trkpt lat="46.546637" lon="11.824182"><ele>1906.671</ele><time>2021-09-02T13:16:09Z</time></trkpt><trkpt lat="46.546596" lon="11.824140"><ele>1908.166</ele><time>2021-09-02T13:16:16Z</time></trkpt><trkpt lat="46.546562" lon="11.824088"><ele>1909.057</ele><time>2021-09-02T13:16:21Z</time></trkpt><trkpt lat="46.546599" lon="11.824024"><ele>1910.451</ele><time>2021-09-02T13:16:31Z</time></trkpt><trkpt lat="46.546629" lon="11.823968"><ele>1911.235</ele><time>2021-09-02T13:16:35Z</time></trkpt><trkpt lat="46.546622" lon="11.823890"><ele>1912.156</ele><time>2021-09-02T13:16:40Z</time></trkpt><trkpt lat="46.546611" lon="11.823822"><ele>1912.781</ele><time>2021-09-02T13:16:44Z</time></trkpt><trkpt lat="46.546601" lon="11.823745"><ele>1913.865</ele><time>2021-09-02T13:16:50Z</time></trkpt><trkpt lat="46.546570" lon="11.823680"><ele>1914.868</ele><time>2021-09-02T13:16:55Z</time></trkpt><trkpt lat="46.546551" lon="11.823605"><ele>1915.814</ele><time>2021-09-02T13:17:00Z</time></trkpt><trkpt lat="46.546514" lon="11.823550"><ele>1916.608</ele><time>2021-09-02T13:17:05Z</time></trkpt><trkpt lat="46.546497" lon="11.823485"><ele>1917.554</ele><time>2021-09-02T13:17:09Z</time></trkpt><trkpt lat="46.546511" lon="11.823420"><ele>1918.878</ele><time>2021-09-02T13:17:14Z</time></trkpt><trkpt lat="46.546499" lon="11.823355"><ele>1919.983</ele><time>2021-09-02T13:17:22Z</time></trkpt><trkpt lat="46.546475" lon="11.823278"><ele>1921.534</ele><time>2021-09-02T13:17:41Z</time></trkpt><trkpt lat="46.546501" lon="11.823215"><ele>1923.138</ele><time>2021-09-02T13:17:48Z</time></trkpt><trkpt lat="46.546489" lon="11.823149"><ele>1924.892</ele><time>2021-09-02T13:17:56Z</time></trkpt><trkpt lat="46.546524" lon="11.823106"><ele>1926.043</ele><time>2021-09-02T13:18:02Z</time></trkpt><trkpt lat="46.546505" lon="11.823043"><ele>1927.258</ele><time>2021-09-02T13:18:08Z</time></trkpt><trkpt lat="46.546507" lon="11.822975"><ele>1928.363</ele><time>2021-09-02T13:18:15Z</time></trkpt><trkpt lat="46.546516" lon="11.822895"><ele>1928.744</ele><time>2021-09-02T13:18:19Z</time></trkpt><trkpt lat="46.546508" lon="11.822816"><ele>1929.018</ele><time>2021-09-02T13:18:22Z</time></trkpt><trkpt lat="46.546508" lon="11.822743"><ele>1929.308</ele><time>2021-09-02T13:18:25Z</time></trkpt><trkpt lat="46.546525" lon="11.822675"><ele>1929.524</ele><time>2021-09-02T13:18:28Z</time></trkpt><trkpt lat="46.546548" lon="11.822589"><ele>1929.888</ele><time>2021-09-02T13:18:31Z</time></trkpt><trkpt lat="46.546562" lon="11.822504"><ele>1930.163</ele><time>2021-09-02T13:18:34Z</time></trkpt><trkpt lat="46.546586" lon="11.822419"><ele>1930.454</ele><time>2021-09-02T13:18:37Z</time></trkpt><trkpt lat="46.546629" lon="11.822372"><ele>1930.888</ele><time>2021-09-02T13:18:40Z</time></trkpt><trkpt lat="46.546671" lon="11.822335"><ele>1931.382</ele><time>2021-09-02T13:18:43Z</time></trkpt><trkpt lat="46.546724" lon="11.822309"><ele>1931.793</ele><time>2021-09-02T13:18:46Z</time></trkpt><trkpt lat="46.546708" lon="11.822240"><ele>1933.118</ele><time>2021-09-02T13:18:56Z</time></trkpt><trkpt lat="46.546709" lon="11.822170"><ele>1934.545</ele><time>2021-09-02T13:19:04Z</time></trkpt><trkpt lat="46.546706" lon="11.822098"><ele>1936.047</ele><time>2021-09-02T13:19:12Z</time></trkpt><trkpt lat="46.546695" lon="11.822020"><ele>1937.311</ele><time>2021-09-02T13:19:19Z</time></trkpt><trkpt lat="46.546703" lon="11.821951"><ele>1937.908</ele><time>2021-09-02T13:19:23Z</time></trkpt><trkpt lat="46.546700" lon="11.821877"><ele>1938.942</ele><time>2021-09-02T13:19:29Z</time></trkpt><trkpt lat="46.546704" lon="11.821803"><ele>1940.236</ele><time>2021-09-02T13:19:36Z</time></trkpt><trkpt lat="46.546695" lon="11.821736"><ele>1941.061</ele><time>2021-09-02T13:19:41Z</time></trkpt><trkpt lat="46.546702" lon="11.821671"><ele>1941.792</ele><time>2021-09-02T13:19:45Z</time></trkpt><trkpt lat="46.546702" lon="11.821603"><ele>1943.216</ele><time>2021-09-02T13:19:52Z</time></trkpt><trkpt lat="46.546696" lon="11.821538"><ele>1944.570</ele><time>2021-09-02T13:19:59Z</time></trkpt><trkpt lat="46.546649" lon="11.821464"><ele>1947.191</ele><time>2021-09-02T13:20:12Z</time></trkpt><trkpt lat="46.546611" lon="11.821401"><ele>1949.336</ele><time>2021-09-02T13:20:22Z</time></trkpt><trkpt lat="46.546626" lon="11.821331"><ele>1950.534</ele><time>2021-09-02T13:20:28Z</time></trkpt><trkpt lat="46.546668" lon="11.821306"><ele>1951.355</ele><time>2021-09-02T13:20:34Z</time></trkpt><trkpt lat="46.546712" lon="11.821287"><ele>1950.910</ele><time>2021-09-02T13:20:39Z</time></trkpt><trkpt lat="46.546723" lon="11.821213"><ele>1951.408</ele><time>2021-09-02T13:20:46Z</time></trkpt><trkpt lat="46.546747" lon="11.821148"><ele>1952.051</ele><time>2021-09-02T13:20:51Z</time></trkpt><trkpt lat="46.546768" lon="11.821076"><ele>1951.825</ele><time>2021-09-02T13:20:57Z</time></trkpt><trkpt lat="46.546781" lon="11.821006"><ele>1951.780</ele><time>2021-09-02T13:21:01Z</time></trkpt><trkpt lat="46.546737" lon="11.820948"><ele>1951.211</ele><time>2021-09-02T13:21:11Z</time></trkpt><trkpt lat="46.546720" lon="11.820885"><ele>1951.335</ele><time>2021-09-02T13:21:40Z</time></trkpt><trkpt lat="46.546795" lon="11.820925"><ele>1950.979</ele><time>2021-09-02T13:22:11Z</time></trkpt><trkpt lat="46.546811" lon="11.820860"><ele>1950.890</ele><time>2021-09-02T13:22:15Z</time></trkpt><trkpt lat="46.546797" lon="11.820779"><ele>1951.055</ele><time>2021-09-02T13:22:19Z</time></trkpt><trkpt lat="46.546779" lon="11.820718"><ele>1951.493</ele><time>2021-09-02T13:22:23Z</time></trkpt><trkpt lat="46.546784" lon="11.820647"><ele>1952.365</ele><time>2021-09-02T13:22:31Z</time></trkpt><trkpt lat="46.546766" lon="11.820575"><ele>1952.421</ele><time>2021-09-02T13:22:35Z</time></trkpt><trkpt lat="46.546757" lon="11.820503"><ele>1952.408</ele><time>2021-09-02T13:22:38Z</time></trkpt><trkpt lat="46.546736" lon="11.820421"><ele>1952.537</ele><time>2021-09-02T13:22:42Z</time></trkpt><trkpt lat="46.546746" lon="11.820349"><ele>1952.611</ele><time>2021-09-02T13:22:45Z</time></trkpt><trkpt lat="46.546746" lon="11.820281"><ele>1952.826</ele><time>2021-09-02T13:22:48Z</time></trkpt><trkpt lat="46.546753" lon="11.820207"><ele>1952.937</ele><time>2021-09-02T13:22:50Z</time></trkpt><trkpt lat="46.546756" lon="11.820125"><ele>1953.111</ele><time>2021-09-02T13:22:53Z</time></trkpt><trkpt lat="46.546764" lon="11.820051"><ele>1953.215</ele><time>2021-09-02T13:22:55Z</time></trkpt><trkpt lat="46.546786" lon="11.819985"><ele>1953.376</ele><time>2021-09-02T13:22:57Z</time></trkpt><trkpt lat="46.546814" lon="11.819922"><ele>1953.541</ele><time>2021-09-02T13:22:59Z</time></trkpt><trkpt lat="46.546836" lon="11.819852"><ele>1953.615</ele><time>2021-09-02T13:23:01Z</time></trkpt><trkpt lat="46.546878" lon="11.819777"><ele>1953.965</ele><time>2021-09-02T13:23:04Z</time></trkpt><trkpt lat="46.546911" lon="11.819691"><ele>1954.111</ele><time>2021-09-02T13:23:07Z</time></trkpt><trkpt lat="46.546960" lon="11.819632"><ele>1954.408</ele><time>2021-09-02T13:23:10Z</time></trkpt><trkpt lat="46.546988" lon="11.819567"><ele>1954.859</ele><time>2021-09-02T13:23:13Z</time></trkpt><trkpt lat="46.546981" lon="11.819480"><ele>1955.493</ele><time>2021-09-02T13:23:16Z</time></trkpt><trkpt lat="46.546977" lon="11.819414"><ele>1956.478</ele><time>2021-09-02T13:23:21Z</time></trkpt><trkpt lat="46.547027" lon="11.819395"><ele>1957.519</ele><time>2021-09-02T13:23:27Z</time></trkpt><trkpt lat="46.547065" lon="11.819353"><ele>1958.233</ele><time>2021-09-02T13:23:31Z</time></trkpt><trkpt lat="46.547062" lon="11.819266"><ele>1958.687</ele><time>2021-09-02T13:23:34Z</time></trkpt><trkpt lat="46.547090" lon="11.819180"><ele>1959.038</ele><time>2021-09-02T13:23:38Z</time></trkpt><trkpt lat="46.547117" lon="11.819124"><ele>1959.333</ele><time>2021-09-02T13:23:41Z</time></trkpt><trkpt lat="46.547142" lon="11.819034"><ele>1959.238</ele><time>2021-09-02T13:23:43Z</time></trkpt><trkpt lat="46.547165" lon="11.818971"><ele>1958.870</ele><time>2021-09-02T13:23:46Z</time></trkpt><trkpt lat="46.547185" lon="11.818909"><ele>1958.417</ele><time>2021-09-02T13:23:48Z</time></trkpt><trkpt lat="46.547207" lon="11.818851"><ele>1958.108</ele><time>2021-09-02T13:23:50Z</time></trkpt><trkpt lat="46.547234" lon="11.818795"><ele>1957.741</ele><time>2021-09-02T13:23:51Z</time></trkpt><trkpt lat="46.547281" lon="11.818726"><ele>1957.185</ele><time>2021-09-02T13:23:54Z</time></trkpt><trkpt lat="46.547326" lon="11.818700"><ele>1956.660</ele><time>2021-09-02T13:23:56Z</time></trkpt><trkpt lat="46.547378" lon="11.818645"><ele>1956.271</ele><time>2021-09-02T13:23:59Z</time></trkpt><trkpt lat="46.547433" lon="11.818593"><ele>1956.385</ele><time>2021-09-02T13:24:03Z</time></trkpt><trkpt lat="46.547477" lon="11.818538"><ele>1956.819</ele><time>2021-09-02T13:24:06Z</time></trkpt><trkpt lat="46.547531" lon="11.818483"><ele>1957.550</ele><time>2021-09-02T13:24:09Z</time></trkpt><trkpt lat="46.547575" lon="11.818418"><ele>1958.175</ele><time>2021-09-02T13:24:12Z</time></trkpt><trkpt lat="46.547620" lon="11.818383"><ele>1958.824</ele><time>2021-09-02T13:24:15Z</time></trkpt><trkpt lat="46.547664" lon="11.818348"><ele>1959.604</ele><time>2021-09-02T13:24:18Z</time></trkpt><trkpt lat="46.547691" lon="11.818290"><ele>1960.914</ele><time>2021-09-02T13:24:24Z</time></trkpt><trkpt lat="46.547706" lon="11.818223"><ele>1961.808</ele><time>2021-09-02T13:24:30Z</time></trkpt><trkpt lat="46.547705" lon="11.818152"><ele>1962.930</ele><time>2021-09-02T13:24:46Z</time></trkpt><trkpt lat="46.547737" lon="11.818101"><ele>1963.154</ele><time>2021-09-02T13:24:51Z</time></trkpt><trkpt lat="46.547787" lon="11.818013"><ele>1964.539</ele><time>2021-09-02T13:25:02Z</time></trkpt><trkpt lat="46.547787" lon="11.817931"><ele>1965.860</ele><time>2021-09-02T13:25:09Z</time></trkpt><trkpt lat="46.547785" lon="11.817865"><ele>1966.684</ele><time>2021-09-02T13:25:14Z</time></trkpt><trkpt lat="46.547780" lon="11.817794"><ele>1968.098</ele><time>2021-09-02T13:25:20Z</time></trkpt><trkpt lat="46.547796" lon="11.817728"><ele>1969.339</ele><time>2021-09-02T13:25:27Z</time></trkpt><trkpt lat="46.547807" lon="11.817650"><ele>1970.744</ele><time>2021-09-02T13:25:34Z</time></trkpt><trkpt lat="46.547807" lon="11.817584"><ele>1971.546</ele><time>2021-09-02T13:25:39Z</time></trkpt><trkpt lat="46.547805" lon="11.817515"><ele>1972.388</ele><time>2021-09-02T13:25:43Z</time></trkpt><trkpt lat="46.547804" lon="11.817445"><ele>1973.116</ele><time>2021-09-02T13:25:47Z</time></trkpt><trkpt lat="46.547814" lon="11.817379"><ele>1974.008</ele><time>2021-09-02T13:25:53Z</time></trkpt><trkpt lat="46.547801" lon="11.817308"><ele>1975.592</ele><time>2021-09-02T13:26:00Z</time></trkpt><trkpt lat="46.547815" lon="11.817238"><ele>1976.436</ele><time>2021-09-02T13:26:05Z</time></trkpt><trkpt lat="46.547849" lon="11.817184"><ele>1976.711</ele><time>2021-09-02T13:26:10Z</time></trkpt><trkpt lat="46.547893" lon="11.817152"><ele>1977.032</ele><time>2021-09-02T13:26:16Z</time></trkpt><trkpt lat="46.547945" lon="11.817121"><ele>1977.616</ele><time>2021-09-02T13:26:21Z</time></trkpt><trkpt lat="46.547998" lon="11.817125"><ele>1978.840</ele><time>2021-09-02T13:26:29Z</time></trkpt><trkpt lat="46.548053" lon="11.817040"><ele>1981.741</ele><time>2021-09-02T13:26:44Z</time></trkpt><trkpt lat="46.548098" lon="11.817046"><ele>1984.416</ele><time>2021-09-02T13:26:55Z</time></trkpt><trkpt lat="46.548117" lon="11.817107"><ele>1986.153</ele><time>2021-09-02T13:27:01Z</time></trkpt><trkpt lat="46.548167" lon="11.817099"><ele>1987.604</ele><time>2021-09-02T13:27:07Z</time></trkpt><trkpt lat="46.548212" lon="11.817093"><ele>1988.314</ele><time>2021-09-02T13:27:10Z</time></trkpt><trkpt lat="46.548252" lon="11.817025"><ele>1990.008</ele><time>2021-09-02T13:27:19Z</time></trkpt><trkpt lat="46.548287" lon="11.816965"><ele>1991.533</ele><time>2021-09-02T13:27:26Z</time></trkpt><trkpt lat="46.548319" lon="11.816915"><ele>1992.177</ele><time>2021-09-02T13:27:31Z</time></trkpt><trkpt lat="46.548362" lon="11.816887"><ele>1992.972</ele><time>2021-09-02T13:27:36Z</time></trkpt><trkpt lat="46.548414" lon="11.816873"><ele>1994.413</ele><time>2021-09-02T13:27:42Z</time></trkpt><trkpt lat="46.548461" lon="11.816833"><ele>1995.657</ele><time>2021-09-02T13:27:48Z</time></trkpt><trkpt lat="46.548461" lon="11.816759"><ele>1996.111</ele><time>2021-09-02T13:27:52Z</time></trkpt><trkpt lat="46.548457" lon="11.816678"><ele>1996.482</ele><time>2021-09-02T13:27:58Z</time></trkpt><trkpt lat="46.548467" lon="11.816612"><ele>1996.627</ele><time>2021-09-02T13:28:01Z</time></trkpt><trkpt lat="46.548488" lon="11.816538"><ele>1997.078</ele><time>2021-09-02T13:28:06Z</time></trkpt><trkpt lat="46.548511" lon="11.816482"><ele>1997.233</ele><time>2021-09-02T13:28:09Z</time></trkpt><trkpt lat="46.548538" lon="11.816420"><ele>1997.826</ele><time>2021-09-02T13:28:13Z</time></trkpt><trkpt lat="46.548545" lon="11.816347"><ele>1998.408</ele><time>2021-09-02T13:28:17Z</time></trkpt><trkpt lat="46.548556" lon="11.816278"><ele>1998.655</ele><time>2021-09-02T13:28:20Z</time></trkpt><trkpt lat="46.548579" lon="11.816219"><ele>1998.999</ele><time>2021-09-02T13:28:23Z</time></trkpt><trkpt lat="46.548599" lon="11.816151"><ele>1999.164</ele><time>2021-09-02T13:28:25Z</time></trkpt><trkpt lat="46.548618" lon="11.816092"><ele>1999.395</ele><time>2021-09-02T13:28:27Z</time></trkpt><trkpt lat="46.548656" lon="11.816020"><ele>1999.819</ele><time>2021-09-02T13:28:30Z</time></trkpt><trkpt lat="46.548685" lon="11.815964"><ele>2000.513</ele><time>2021-09-02T13:28:33Z</time></trkpt><trkpt lat="46.548725" lon="11.815919"><ele>2001.234</ele><time>2021-09-02T13:28:36Z</time></trkpt><trkpt lat="46.548756" lon="11.815869"><ele>2001.819</ele><time>2021-09-02T13:28:39Z</time></trkpt><trkpt lat="46.548760" lon="11.815796"><ele>2002.736</ele><time>2021-09-02T13:28:45Z</time></trkpt><trkpt lat="46.548779" lon="11.815733"><ele>2004.417</ele><time>2021-09-02T13:28:56Z</time></trkpt><trkpt lat="46.548764" lon="11.815640"><ele>2005.518</ele><time>2021-09-02T13:29:09Z</time></trkpt><trkpt lat="46.548754" lon="11.815572"><ele>2006.108</ele><time>2021-09-02T13:29:15Z</time></trkpt><trkpt lat="46.548769" lon="11.815508"><ele>2007.051</ele><time>2021-09-02T13:29:20Z</time></trkpt><trkpt lat="46.548777" lon="11.815442"><ele>2008.365</ele><time>2021-09-02T13:29:27Z</time></trkpt><trkpt lat="46.548800" lon="11.815373"><ele>2009.660</ele><time>2021-09-02T13:29:33Z</time></trkpt><trkpt lat="46.548808" lon="11.815291"><ele>2010.821</ele><time>2021-09-02T13:29:39Z</time></trkpt><trkpt lat="46.548813" lon="11.815224"><ele>2012.485</ele><time>2021-09-02T13:29:47Z</time></trkpt><trkpt lat="46.548828" lon="11.815158"><ele>2014.089</ele><time>2021-09-02T13:29:54Z</time></trkpt><trkpt lat="46.548838" lon="11.815092"><ele>2014.930</ele><time>2021-09-02T13:29:59Z</time></trkpt><trkpt lat="46.548833" lon="11.815014"><ele>2015.775</ele><time>2021-09-02T13:30:03Z</time></trkpt><trkpt lat="46.548831" lon="11.814942"><ele>2017.264</ele><time>2021-09-02T13:30:18Z</time></trkpt><trkpt lat="46.548829" lon="11.814869"><ele>2018.006</ele><time>2021-09-02T13:30:23Z</time></trkpt><trkpt lat="46.548855" lon="11.814802"><ele>2019.716</ele><time>2021-09-02T13:30:31Z</time></trkpt><trkpt lat="46.548881" lon="11.814747"><ele>2020.508</ele><time>2021-09-02T13:30:35Z</time></trkpt><trkpt lat="46.548916" lon="11.814685"><ele>2021.714</ele><time>2021-09-02T13:30:40Z</time></trkpt><trkpt lat="46.548907" lon="11.814616"><ele>2022.898</ele><time>2021-09-02T13:30:45Z</time></trkpt><trkpt lat="46.548901" lon="11.814539"><ele>2023.743</ele><time>2021-09-02T13:30:49Z</time></trkpt><trkpt lat="46.548897" lon="11.814471"><ele>2024.934</ele><time>2021-09-02T13:30:55Z</time></trkpt><trkpt lat="46.548909" lon="11.814407"><ele>2025.578</ele><time>2021-09-02T13:30:58Z</time></trkpt><trkpt lat="46.548911" lon="11.814341"><ele>2026.152</ele><time>2021-09-02T13:31:03Z</time></trkpt><trkpt lat="46.548925" lon="11.814268"><ele>2026.773</ele><time>2021-09-02T13:31:08Z</time></trkpt><trkpt lat="46.548922" lon="11.814195"><ele>2027.158</ele><time>2021-09-02T13:31:13Z</time></trkpt><trkpt lat="46.548946" lon="11.814126"><ele>2027.757</ele><time>2021-09-02T13:31:18Z</time></trkpt><trkpt lat="46.548960" lon="11.814056"><ele>2028.600</ele><time>2021-09-02T13:31:25Z</time></trkpt><trkpt lat="46.548989" lon="11.814003"><ele>2029.320</ele><time>2021-09-02T13:31:29Z</time></trkpt><trkpt lat="46.549007" lon="11.813941"><ele>2030.208</ele><time>2021-09-02T13:31:33Z</time></trkpt><trkpt lat="46.549020" lon="11.813870"><ele>2031.143</ele><time>2021-09-02T13:31:38Z</time></trkpt><trkpt lat="46.549045" lon="11.813811"><ele>2031.967</ele><time>2021-09-02T13:31:42Z</time></trkpt><trkpt lat="46.549079" lon="11.813753"><ele>2033.132</ele><time>2021-09-02T13:31:48Z</time></trkpt><trkpt lat="46.549089" lon="11.813682"><ele>2034.223</ele><time>2021-09-02T13:31:53Z</time></trkpt><trkpt lat="46.549093" lon="11.813614"><ele>2035.177</ele><time>2021-09-02T13:31:57Z</time></trkpt><trkpt lat="46.549126" lon="11.813538"><ele>2036.661</ele><time>2021-09-02T13:32:04Z</time></trkpt><trkpt lat="46.549139" lon="11.813471"><ele>2037.922</ele><time>2021-09-02T13:32:09Z</time></trkpt><trkpt lat="46.549151" lon="11.813403"><ele>2039.357</ele><time>2021-09-02T13:32:16Z</time></trkpt><trkpt lat="46.549167" lon="11.813334"><ele>2040.678</ele><time>2021-09-02T13:32:22Z</time></trkpt><trkpt lat="46.549178" lon="11.813258"><ele>2041.833</ele><time>2021-09-02T13:32:29Z</time></trkpt><trkpt lat="46.549209" lon="11.813199"><ele>2043.126</ele><time>2021-09-02T13:32:35Z</time></trkpt><trkpt lat="46.549240" lon="11.813139"><ele>2044.608</ele><time>2021-09-02T13:32:42Z</time></trkpt><trkpt lat="46.549264" lon="11.813068"><ele>2045.525</ele><time>2021-09-02T13:32:47Z</time></trkpt><trkpt lat="46.549292" lon="11.813001"><ele>2046.319</ele><time>2021-09-02T13:32:52Z</time></trkpt><trkpt lat="46.549320" lon="11.812949"><ele>2047.124</ele><time>2021-09-02T13:32:56Z</time></trkpt><trkpt lat="46.549344" lon="11.812879"><ele>2047.955</ele><time>2021-09-02T13:33:01Z</time></trkpt><trkpt lat="46.549380" lon="11.812804"><ele>2048.719</ele><time>2021-09-02T13:33:06Z</time></trkpt><trkpt lat="46.549408" lon="11.812748"><ele>2049.553</ele><time>2021-09-02T13:33:11Z</time></trkpt><trkpt lat="46.549433" lon="11.812692"><ele>2050.454</ele><time>2021-09-02T13:33:17Z</time></trkpt><trkpt lat="46.549479" lon="11.812629"><ele>2050.789</ele><time>2021-09-02T13:33:45Z</time></trkpt><trkpt lat="46.549506" lon="11.812564"><ele>2050.966</ele><time>2021-09-02T13:33:50Z</time></trkpt><trkpt lat="46.549556" lon="11.812526"><ele>2052.929</ele><time>2021-09-02T13:34:00Z</time></trkpt><trkpt lat="46.549588" lon="11.812478"><ele>2053.921</ele><time>2021-09-02T13:34:06Z</time></trkpt><trkpt lat="46.549610" lon="11.812405"><ele>2054.708</ele><time>2021-09-02T13:34:11Z</time></trkpt><trkpt lat="46.549593" lon="11.812334"><ele>2056.094</ele><time>2021-09-02T13:34:17Z</time></trkpt><trkpt lat="46.549610" lon="11.812260"><ele>2057.368</ele><time>2021-09-02T13:34:22Z</time></trkpt><trkpt lat="46.549631" lon="11.812193"><ele>2058.783</ele><time>2021-09-02T13:34:28Z</time></trkpt><trkpt lat="46.549671" lon="11.812127"><ele>2060.874</ele><time>2021-09-02T13:34:36Z</time></trkpt><trkpt lat="46.549694" lon="11.812046"><ele>2062.388</ele><time>2021-09-02T13:34:43Z</time></trkpt><trkpt lat="46.549699" lon="11.811977"><ele>2063.022</ele><time>2021-09-02T13:34:47Z</time></trkpt><trkpt lat="46.549656" lon="11.811938"><ele>2064.993</ele><time>2021-09-02T13:34:59Z</time></trkpt><trkpt lat="46.549620" lon="11.811896"><ele>2065.778</ele><time>2021-09-02T13:35:05Z</time></trkpt><trkpt lat="46.549579" lon="11.811861"><ele>2066.616</ele><time>2021-09-02T13:35:10Z</time></trkpt><trkpt lat="46.549545" lon="11.811795"><ele>2067.376</ele><time>2021-09-02T13:35:14Z</time></trkpt><trkpt lat="46.549552" lon="11.811715"><ele>2068.413</ele><time>2021-09-02T13:35:20Z</time></trkpt><trkpt lat="46.549559" lon="11.811639"><ele>2070.308</ele><time>2021-09-02T13:35:28Z</time></trkpt><trkpt lat="46.549588" lon="11.811587"><ele>2071.449</ele><time>2021-09-02T13:35:33Z</time></trkpt><trkpt lat="46.549606" lon="11.811527"><ele>2072.083</ele><time>2021-09-02T13:35:37Z</time></trkpt><trkpt lat="46.549647" lon="11.811556"><ele>2073.168</ele><time>2021-09-02T13:35:45Z</time></trkpt><trkpt lat="46.549663" lon="11.811479"><ele>2073.529</ele><time>2021-09-02T13:36:01Z</time></trkpt><trkpt lat="46.549701" lon="11.811419"><ele>2074.123</ele><time>2021-09-02T13:36:06Z</time></trkpt><trkpt lat="46.549730" lon="11.811352"><ele>2074.947</ele><time>2021-09-02T13:36:11Z</time></trkpt><trkpt lat="46.549739" lon="11.811281"><ele>2075.518</ele><time>2021-09-02T13:36:15Z</time></trkpt><trkpt lat="46.549752" lon="11.811208"><ele>2076.393</ele><time>2021-09-02T13:36:20Z</time></trkpt><trkpt lat="46.549757" lon="11.811131"><ele>2076.531</ele><time>2021-09-02T13:36:25Z</time></trkpt><trkpt lat="46.549772" lon="11.811065"><ele>2076.961</ele><time>2021-09-02T13:36:29Z</time></trkpt><trkpt lat="46.549800" lon="11.811008"><ele>2077.707</ele><time>2021-09-02T13:36:34Z</time></trkpt><trkpt lat="46.549820" lon="11.810943"><ele>2078.408</ele><time>2021-09-02T13:36:39Z</time></trkpt><trkpt lat="46.549837" lon="11.810859"><ele>2079.371</ele><time>2021-09-02T13:36:45Z</time></trkpt><trkpt lat="46.549848" lon="11.810788"><ele>2079.865</ele><time>2021-09-02T13:36:49Z</time></trkpt><trkpt lat="46.549875" lon="11.810709"><ele>2080.660</ele><time>2021-09-02T13:36:54Z</time></trkpt><trkpt lat="46.549911" lon="11.810664"><ele>2081.211</ele><time>2021-09-02T13:36:58Z</time></trkpt><trkpt lat="46.549958" lon="11.810637"><ele>2081.745</ele><time>2021-09-02T13:37:02Z</time></trkpt><trkpt lat="46.549998" lon="11.810602"><ele>2082.759</ele><time>2021-09-02T13:37:06Z</time></trkpt><trkpt lat="46.550040" lon="11.810565"><ele>2083.680</ele><time>2021-09-02T13:37:10Z</time></trkpt><trkpt lat="46.550084" lon="11.810535"><ele>2084.535</ele><time>2021-09-02T13:37:15Z</time></trkpt><trkpt lat="46.550132" lon="11.810494"><ele>2085.162</ele><time>2021-09-02T13:37:19Z</time></trkpt><trkpt lat="46.550165" lon="11.810443"><ele>2086.483</ele><time>2021-09-02T13:37:24Z</time></trkpt><trkpt lat="46.550208" lon="11.810397"><ele>2087.311</ele><time>2021-09-02T13:37:29Z</time></trkpt><trkpt lat="46.550246" lon="11.810355"><ele>2088.008</ele><time>2021-09-02T13:37:33Z</time></trkpt><trkpt lat="46.550283" lon="11.810302"><ele>2088.994</ele><time>2021-09-02T13:37:38Z</time></trkpt><trkpt lat="46.550327" lon="11.810275"><ele>2090.098</ele><time>2021-09-02T13:37:43Z</time></trkpt><trkpt lat="46.550362" lon="11.810229"><ele>2090.833</ele><time>2021-09-02T13:37:47Z</time></trkpt><trkpt lat="46.550408" lon="11.810185"><ele>2091.514</ele><time>2021-09-02T13:37:52Z</time></trkpt><trkpt lat="46.550458" lon="11.810141"><ele>2092.278</ele><time>2021-09-02T13:37:57Z</time></trkpt><trkpt lat="46.550488" lon="11.810082"><ele>2093.392</ele><time>2021-09-02T13:38:03Z</time></trkpt><trkpt lat="46.550520" lon="11.810019"><ele>2094.483</ele><time>2021-09-02T13:38:09Z</time></trkpt><trkpt lat="46.550545" lon="11.809961"><ele>2095.268</ele><time>2021-09-02T13:38:13Z</time></trkpt><trkpt lat="46.550571" lon="11.809896"><ele>2096.091</ele><time>2021-09-02T13:38:18Z</time></trkpt><trkpt lat="46.550575" lon="11.809827"><ele>2098.581</ele><time>2021-09-02T13:38:29Z</time></trkpt><trkpt lat="46.550544" lon="11.809778"><ele>2099.319</ele><time>2021-09-02T13:38:33Z</time></trkpt><trkpt lat="46.550505" lon="11.809734"><ele>2099.708</ele><time>2021-09-02T13:38:37Z</time></trkpt><trkpt lat="46.550465" lon="11.809702"><ele>2100.277</ele><time>2021-09-02T13:38:40Z</time></trkpt><trkpt lat="46.550412" lon="11.809640"><ele>2100.981</ele><time>2021-09-02T13:38:44Z</time></trkpt><trkpt lat="46.550379" lon="11.809588"><ele>2101.476</ele><time>2021-09-02T13:38:48Z</time></trkpt><trkpt lat="46.550338" lon="11.809542"><ele>2101.947</ele><time>2021-09-02T13:38:52Z</time></trkpt><trkpt lat="46.550302" lon="11.809494"><ele>2102.251</ele><time>2021-09-02T13:38:56Z</time></trkpt><trkpt lat="46.550265" lon="11.809442"><ele>2102.765</ele><time>2021-09-02T13:39:00Z</time></trkpt><trkpt lat="46.550236" lon="11.809392"><ele>2103.246</ele><time>2021-09-02T13:39:03Z</time></trkpt><trkpt lat="46.550205" lon="11.809330"><ele>2103.411</ele><time>2021-09-02T13:39:06Z</time></trkpt><trkpt lat="46.550162" lon="11.809277"><ele>2103.872</ele><time>2021-09-02T13:39:10Z</time></trkpt><trkpt lat="46.550119" lon="11.809233"><ele>2104.213</ele><time>2021-09-02T13:39:14Z</time></trkpt><trkpt lat="46.550074" lon="11.809181"><ele>2104.814</ele><time>2021-09-02T13:39:18Z</time></trkpt><trkpt lat="46.550031" lon="11.809140"><ele>2105.208</ele><time>2021-09-02T13:39:22Z</time></trkpt><trkpt lat="46.549991" lon="11.809073"><ele>2105.555</ele><time>2021-09-02T13:39:26Z</time></trkpt><trkpt lat="46.549944" lon="11.809026"><ele>2105.989</ele><time>2021-09-02T13:39:31Z</time></trkpt><trkpt lat="46.549913" lon="11.808966"><ele>2106.054</ele><time>2021-09-02T13:39:34Z</time></trkpt><trkpt lat="46.549884" lon="11.808907"><ele>2106.455</ele><time>2021-09-02T13:39:37Z</time></trkpt><trkpt lat="46.549849" lon="11.808858"><ele>2106.649</ele><time>2021-09-02T13:39:39Z</time></trkpt><trkpt lat="46.549820" lon="11.808784"><ele>2106.913</ele><time>2021-09-02T13:39:43Z</time></trkpt><trkpt lat="46.549809" lon="11.808708"><ele>2107.274</ele><time>2021-09-02T13:39:45Z</time></trkpt><trkpt lat="46.549796" lon="11.808614"><ele>2107.969</ele><time>2021-09-02T13:39:48Z</time></trkpt><trkpt lat="46.549789" lon="11.808519"><ele>2108.278</ele><time>2021-09-02T13:39:51Z</time></trkpt><trkpt lat="46.549796" lon="11.808442"><ele>2108.333</ele><time>2021-09-02T13:39:53Z</time></trkpt><trkpt lat="46.549816" lon="11.808352"><ele>2108.126</ele><time>2021-09-02T13:39:56Z</time></trkpt><trkpt lat="46.549843" lon="11.808293"><ele>2107.608</ele><time>2021-09-02T13:39:59Z</time></trkpt><trkpt lat="46.549893" lon="11.808270"><ele>2107.265</ele><time>2021-09-02T13:40:02Z</time></trkpt><trkpt lat="46.549938" lon="11.808229"><ele>2107.149</ele><time>2021-09-02T13:40:05Z</time></trkpt><trkpt lat="46.549979" lon="11.808184"><ele>2106.934</ele><time>2021-09-02T13:40:08Z</time></trkpt><trkpt lat="46.550004" lon="11.808115"><ele>2106.875</ele><time>2021-09-02T13:40:12Z</time></trkpt><trkpt lat="46.550049" lon="11.808074"><ele>2106.589</ele><time>2021-09-02T13:40:17Z</time></trkpt><trkpt lat="46.550081" lon="11.808007"><ele>2106.343</ele><time>2021-09-02T13:40:21Z</time></trkpt><trkpt lat="46.550067" lon="11.807925"><ele>2106.814</ele><time>2021-09-02T13:41:41Z</time></trkpt><trkpt lat="46.550071" lon="11.807991"><ele>2107.369</ele><time>2021-09-02T13:44:11Z</time></trkpt><trkpt lat="46.550057" lon="11.807907"><ele>2106.129</ele><time>2021-09-02T13:45:19Z</time></trkpt><trkpt lat="46.550038" lon="11.807818"><ele>2106.200</ele><time>2021-09-02T13:45:23Z</time></trkpt><trkpt lat="46.550057" lon="11.807747"><ele>2105.920</ele><time>2021-09-02T13:45:26Z</time></trkpt><trkpt lat="46.550059" lon="11.807671"><ele>2105.508</ele><time>2021-09-02T13:45:30Z</time></trkpt><trkpt lat="46.550061" lon="11.807583"><ele>2105.130</ele><time>2021-09-02T13:45:34Z</time></trkpt><trkpt lat="46.550065" lon="11.807518"><ele>2104.844</ele><time>2021-09-02T13:45:39Z</time></trkpt><trkpt lat="46.550064" lon="11.807441"><ele>2105.139</ele><time>2021-09-02T13:45:43Z</time></trkpt><trkpt lat="46.550058" lon="11.807357"><ele>2104.860</ele><time>2021-09-02T13:45:47Z</time></trkpt><trkpt lat="46.550052" lon="11.807280"><ele>2104.354</ele><time>2021-09-02T13:45:50Z</time></trkpt><trkpt lat="46.550043" lon="11.807208"><ele>2103.968</ele><time>2021-09-02T13:45:53Z</time></trkpt><trkpt lat="46.550012" lon="11.807150"><ele>2103.779</ele><time>2021-09-02T13:45:56Z</time></trkpt><trkpt lat="46.549992" lon="11.807092"><ele>2103.624</ele><time>2021-09-02T13:45:59Z</time></trkpt><trkpt lat="46.549956" lon="11.807044"><ele>2103.488</ele><time>2021-09-02T13:46:02Z</time></trkpt><trkpt lat="46.549910" lon="11.806986"><ele>2103.024</ele><time>2021-09-02T13:46:05Z</time></trkpt><trkpt lat="46.549861" lon="11.806935"><ele>2102.726</ele><time>2021-09-02T13:46:07Z</time></trkpt><trkpt lat="46.549818" lon="11.806882"><ele>2102.508</ele><time>2021-09-02T13:46:09Z</time></trkpt><trkpt lat="46.549781" lon="11.806820"><ele>2102.386</ele><time>2021-09-02T13:46:11Z</time></trkpt><trkpt lat="46.549749" lon="11.806763"><ele>2102.130</ele><time>2021-09-02T13:46:13Z</time></trkpt><trkpt lat="46.549710" lon="11.806719"><ele>2101.915</ele><time>2021-09-02T13:46:15Z</time></trkpt><trkpt lat="46.549674" lon="11.806675"><ele>2101.696</ele><time>2021-09-02T13:46:17Z</time></trkpt><trkpt lat="46.549650" lon="11.806617"><ele>2101.390</ele><time>2021-09-02T13:46:19Z</time></trkpt><trkpt lat="46.549604" lon="11.806546"><ele>2101.044</ele><time>2021-09-02T13:46:22Z</time></trkpt><trkpt lat="46.549578" lon="11.806489"><ele>2100.875</ele><time>2021-09-02T13:46:24Z</time></trkpt><trkpt lat="46.549551" lon="11.806402"><ele>2100.690</ele><time>2021-09-02T13:46:27Z</time></trkpt><trkpt lat="46.549520" lon="11.806332"><ele>2100.628</ele><time>2021-09-02T13:46:30Z</time></trkpt><trkpt lat="46.549470" lon="11.806320"><ele>2100.489</ele><time>2021-09-02T13:46:33Z</time></trkpt><trkpt lat="46.549418" lon="11.806294"><ele>2099.717</ele><time>2021-09-02T13:46:38Z</time></trkpt><trkpt lat="46.549372" lon="11.806290"><ele>2098.908</ele><time>2021-09-02T13:47:01Z</time></trkpt><trkpt lat="46.549342" lon="11.806229"><ele>2098.630</ele><time>2021-09-02T13:47:05Z</time></trkpt><trkpt lat="46.549325" lon="11.806158"><ele>2098.214</ele><time>2021-09-02T13:47:09Z</time></trkpt><trkpt lat="46.549299" lon="11.806096"><ele>2097.129</ele><time>2021-09-02T13:47:13Z</time></trkpt><trkpt lat="46.549254" lon="11.806055"><ele>2096.130</ele><time>2021-09-02T13:47:16Z</time></trkpt><trkpt lat="46.549192" lon="11.806020"><ele>2095.154</ele><time>2021-09-02T13:47:20Z</time></trkpt><trkpt lat="46.549157" lon="11.805977"><ele>2094.668</ele><time>2021-09-02T13:47:22Z</time></trkpt><trkpt lat="46.549099" lon="11.805914"><ele>2094.029</ele><time>2021-09-02T13:47:25Z</time></trkpt><trkpt lat="46.549072" lon="11.805855"><ele>2093.484</ele><time>2021-09-02T13:47:27Z</time></trkpt><trkpt lat="46.549012" lon="11.805832"><ele>2092.559</ele><time>2021-09-02T13:47:30Z</time></trkpt><trkpt lat="46.548956" lon="11.805855"><ele>2091.903</ele><time>2021-09-02T13:47:33Z</time></trkpt><trkpt lat="46.548908" lon="11.805859"><ele>2091.523</ele><time>2021-09-02T13:47:36Z</time></trkpt><trkpt lat="46.548910" lon="11.805779"><ele>2091.308</ele><time>2021-09-02T13:47:39Z</time></trkpt><trkpt lat="46.548866" lon="11.805723"><ele>2090.213</ele><time>2021-09-02T13:47:43Z</time></trkpt><trkpt lat="46.548841" lon="11.805641"><ele>2088.697</ele><time>2021-09-02T13:47:48Z</time></trkpt><trkpt lat="46.548820" lon="11.805567"><ele>2087.832</ele><time>2021-09-02T13:47:51Z</time></trkpt><trkpt lat="46.548795" lon="11.805495"><ele>2086.973</ele><time>2021-09-02T13:47:54Z</time></trkpt><trkpt lat="46.548775" lon="11.805434"><ele>2086.247</ele><time>2021-09-02T13:47:56Z</time></trkpt><trkpt lat="46.548756" lon="11.805369"><ele>2085.661</ele><time>2021-09-02T13:47:58Z</time></trkpt><trkpt lat="46.548734" lon="11.805280"><ele>2085.052</ele><time>2021-09-02T13:48:01Z</time></trkpt><trkpt lat="46.548749" lon="11.805210"><ele>2084.587</ele><time>2021-09-02T13:48:03Z</time></trkpt><trkpt lat="46.548772" lon="11.805121"><ele>2083.564</ele><time>2021-09-02T13:48:06Z</time></trkpt><trkpt lat="46.548789" lon="11.805058"><ele>2082.606</ele><time>2021-09-02T13:48:08Z</time></trkpt><trkpt lat="46.548811" lon="11.804968"><ele>2081.716</ele><time>2021-09-02T13:48:11Z</time></trkpt><trkpt lat="46.548818" lon="11.804895"><ele>2081.208</ele><time>2021-09-02T13:48:13Z</time></trkpt><trkpt lat="46.548819" lon="11.804828"><ele>2080.834</ele><time>2021-09-02T13:48:15Z</time></trkpt><trkpt lat="46.548792" lon="11.804738"><ele>2080.618</ele><time>2021-09-02T13:48:18Z</time></trkpt><trkpt lat="46.548759" lon="11.804690"><ele>2080.393</ele><time>2021-09-02T13:48:20Z</time></trkpt><trkpt lat="46.548716" lon="11.804635"><ele>2079.674</ele><time>2021-09-02T13:48:23Z</time></trkpt><trkpt lat="46.548650" lon="11.804652"><ele>2078.638</ele><time>2021-09-02T13:48:26Z</time></trkpt><trkpt lat="46.548600" lon="11.804694"><ele>2077.372</ele><time>2021-09-02T13:48:29Z</time></trkpt><trkpt lat="46.548546" lon="11.804681"><ele>2076.123</ele><time>2021-09-02T13:48:32Z</time></trkpt><trkpt lat="46.548530" lon="11.804611"><ele>2075.628</ele><time>2021-09-02T13:48:34Z</time></trkpt><trkpt lat="46.548516" lon="11.804518"><ele>2074.646</ele><time>2021-09-02T13:48:37Z</time></trkpt><trkpt lat="46.548521" lon="11.804451"><ele>2073.988</ele><time>2021-09-02T13:48:39Z</time></trkpt><trkpt lat="46.548508" lon="11.804359"><ele>2072.916</ele><time>2021-09-02T13:48:42Z</time></trkpt><trkpt lat="46.548503" lon="11.804265"><ele>2072.208</ele><time>2021-09-02T13:48:44Z</time></trkpt><trkpt lat="46.548525" lon="11.804203"><ele>2072.092</ele><time>2021-09-02T13:48:46Z</time></trkpt><trkpt lat="46.548537" lon="11.804133"><ele>2071.886</ele><time>2021-09-02T13:48:48Z</time></trkpt><trkpt lat="46.548546" lon="11.804054"><ele>2071.771</ele><time>2021-09-02T13:48:51Z</time></trkpt><trkpt lat="46.548548" lon="11.803971"><ele>2071.692</ele><time>2021-09-02T13:48:54Z</time></trkpt><trkpt lat="46.548549" lon="11.803881"><ele>2071.296</ele><time>2021-09-02T13:48:57Z</time></trkpt><trkpt lat="46.548537" lon="11.803804"><ele>2070.580</ele><time>2021-09-02T13:49:00Z</time></trkpt><trkpt lat="46.548544" lon="11.803738"><ele>2069.871</ele><time>2021-09-02T13:49:03Z</time></trkpt><trkpt lat="46.548564" lon="11.803664"><ele>2069.536</ele><time>2021-09-02T13:49:06Z</time></trkpt><trkpt lat="46.548520" lon="11.803610"><ele>2069.151</ele><time>2021-09-02T13:49:09Z</time></trkpt><trkpt lat="46.548469" lon="11.803570"><ele>2068.001</ele><time>2021-09-02T13:49:12Z</time></trkpt><trkpt lat="46.548423" lon="11.803530"><ele>2066.711</ele><time>2021-09-02T13:49:15Z</time></trkpt><trkpt lat="46.548373" lon="11.803507"><ele>2065.608</ele><time>2021-09-02T13:49:18Z</time></trkpt><trkpt lat="46.548345" lon="11.803450"><ele>2064.493</ele><time>2021-09-02T13:49:21Z</time></trkpt><trkpt lat="46.548306" lon="11.803403"><ele>2063.147</ele><time>2021-09-02T13:49:25Z</time></trkpt><trkpt lat="46.548264" lon="11.803355"><ele>2062.242</ele><time>2021-09-02T13:49:28Z</time></trkpt><trkpt lat="46.548209" lon="11.803332"><ele>2061.213</ele><time>2021-09-02T13:49:31Z</time></trkpt><trkpt lat="46.548164" lon="11.803299"><ele>2059.897</ele><time>2021-09-02T13:49:34Z</time></trkpt><trkpt lat="46.548116" lon="11.803261"><ele>2058.311</ele><time>2021-09-02T13:49:37Z</time></trkpt><trkpt lat="46.548066" lon="11.803226"><ele>2056.852</ele><time>2021-09-02T13:49:40Z</time></trkpt><trkpt lat="46.548032" lon="11.803181"><ele>2055.517</ele><time>2021-09-02T13:49:43Z</time></trkpt><trkpt lat="46.547987" lon="11.803139"><ele>2054.398</ele><time>2021-09-02T13:49:46Z</time></trkpt><trkpt lat="46.547935" lon="11.803129"><ele>2053.015</ele><time>2021-09-02T13:49:49Z</time></trkpt><trkpt lat="46.547882" lon="11.803123"><ele>2052.026</ele><time>2021-09-02T13:49:52Z</time></trkpt><trkpt lat="46.547835" lon="11.803113"><ele>2050.708</ele><time>2021-09-02T13:49:55Z</time></trkpt><trkpt lat="46.547788" lon="11.803089"><ele>2049.587</ele><time>2021-09-02T13:49:58Z</time></trkpt><trkpt lat="46.547751" lon="11.803041"><ele>2048.441</ele><time>2021-09-02T13:50:01Z</time></trkpt><trkpt lat="46.547717" lon="11.802990"><ele>2047.336</ele><time>2021-09-02T13:50:04Z</time></trkpt><trkpt lat="46.547685" lon="11.802938"><ele>2046.167</ele><time>2021-09-02T13:50:07Z</time></trkpt><trkpt lat="46.547633" lon="11.802904"><ele>2044.821</ele><time>2021-09-02T13:50:11Z</time></trkpt><trkpt lat="46.547594" lon="11.802862"><ele>2043.645</ele><time>2021-09-02T13:50:14Z</time></trkpt><trkpt lat="46.547551" lon="11.802818"><ele>2041.856</ele><time>2021-09-02T13:50:18Z</time></trkpt><trkpt lat="46.547491" lon="11.802803"><ele>2040.191</ele><time>2021-09-02T13:50:22Z</time></trkpt><trkpt lat="46.547443" lon="11.802760"><ele>2038.588</ele><time>2021-09-02T13:50:26Z</time></trkpt><trkpt lat="46.547394" lon="11.802745"><ele>2037.124</ele><time>2021-09-02T13:50:29Z</time></trkpt><trkpt lat="46.547348" lon="11.802726"><ele>2035.826</ele><time>2021-09-02T13:50:32Z</time></trkpt><trkpt lat="46.547289" lon="11.802728"><ele>2034.308</ele><time>2021-09-02T13:50:36Z</time></trkpt><trkpt lat="46.547236" lon="11.802746"><ele>2033.246</ele><time>2021-09-02T13:50:39Z</time></trkpt><trkpt lat="46.547185" lon="11.802750"><ele>2031.970</ele><time>2021-09-02T13:50:42Z</time></trkpt><trkpt lat="46.547133" lon="11.802750"><ele>2031.025</ele><time>2021-09-02T13:50:45Z</time></trkpt><trkpt lat="46.547087" lon="11.802737"><ele>2030.066</ele><time>2021-09-02T13:50:48Z</time></trkpt><trkpt lat="46.547036" lon="11.802733"><ele>2028.870</ele><time>2021-09-02T13:50:51Z</time></trkpt><trkpt lat="46.546979" lon="11.802713"><ele>2027.844</ele><time>2021-09-02T13:50:54Z</time></trkpt><trkpt lat="46.546926" lon="11.802688"><ele>2026.855</ele><time>2021-09-02T13:50:57Z</time></trkpt><trkpt lat="46.546882" lon="11.802628"><ele>2025.750</ele><time>2021-09-02T13:51:00Z</time></trkpt><trkpt lat="46.546837" lon="11.802592"><ele>2024.753</ele><time>2021-09-02T13:51:03Z</time></trkpt><trkpt lat="46.546782" lon="11.802544"><ele>2023.604</ele><time>2021-09-02T13:51:06Z</time></trkpt><trkpt lat="46.546732" lon="11.802489"><ele>2022.714</ele><time>2021-09-02T13:51:09Z</time></trkpt><trkpt lat="46.546670" lon="11.802474"><ele>2022.008</ele><time>2021-09-02T13:51:12Z</time></trkpt><trkpt lat="46.546605" lon="11.802484"><ele>2021.333</ele><time>2021-09-02T13:51:15Z</time></trkpt><trkpt lat="46.546546" lon="11.802456"><ele>2020.477</ele><time>2021-09-02T13:51:18Z</time></trkpt><trkpt lat="46.546499" lon="11.802408"><ele>2019.722</ele><time>2021-09-02T13:51:21Z</time></trkpt><trkpt lat="46.546454" lon="11.802353"><ele>2018.693</ele><time>2021-09-02T13:51:24Z</time></trkpt><trkpt lat="46.546397" lon="11.802310"><ele>2017.587</ele><time>2021-09-02T13:51:27Z</time></trkpt><trkpt lat="46.546333" lon="11.802306"><ele>2016.691</ele><time>2021-09-02T13:51:30Z</time></trkpt><trkpt lat="46.546286" lon="11.802294"><ele>2016.122</ele><time>2021-09-02T13:51:32Z</time></trkpt><trkpt lat="46.546224" lon="11.802280"><ele>2015.387</ele><time>2021-09-02T13:51:35Z</time></trkpt><trkpt lat="46.546165" lon="11.802271"><ele>2014.554</ele><time>2021-09-02T13:51:38Z</time></trkpt><trkpt lat="46.546104" lon="11.802282"><ele>2013.656</ele><time>2021-09-02T13:51:41Z</time></trkpt><trkpt lat="46.546042" lon="11.802295"><ele>2012.511</ele><time>2021-09-02T13:51:44Z</time></trkpt><trkpt lat="46.545978" lon="11.802278"><ele>2011.408</ele><time>2021-09-02T13:51:47Z</time></trkpt><trkpt lat="46.545934" lon="11.802299"><ele>2010.663</ele><time>2021-09-02T13:51:49Z</time></trkpt><trkpt lat="46.545869" lon="11.802292"><ele>2009.677</ele><time>2021-09-02T13:51:52Z</time></trkpt><trkpt lat="46.545810" lon="11.802237"><ele>2008.412</ele><time>2021-09-02T13:51:55Z</time></trkpt><trkpt lat="46.545757" lon="11.802194"><ele>2007.583</ele><time>2021-09-02T13:51:58Z</time></trkpt><trkpt lat="46.545715" lon="11.802135"><ele>2007.127</ele><time>2021-09-02T13:52:01Z</time></trkpt><trkpt lat="46.545672" lon="11.802065"><ele>2006.221</ele><time>2021-09-02T13:52:04Z</time></trkpt><trkpt lat="46.545632" lon="11.802000"><ele>2004.752</ele><time>2021-09-02T13:52:07Z</time></trkpt><trkpt lat="46.545590" lon="11.801922"><ele>2003.687</ele><time>2021-09-02T13:52:10Z</time></trkpt><trkpt lat="46.545561" lon="11.801846"><ele>2002.944</ele><time>2021-09-02T13:52:13Z</time></trkpt><trkpt lat="46.545519" lon="11.801779"><ele>2002.305</ele><time>2021-09-02T13:52:16Z</time></trkpt><trkpt lat="46.545487" lon="11.801694"><ele>2001.515</ele><time>2021-09-02T13:52:19Z</time></trkpt><trkpt lat="46.545473" lon="11.801630"><ele>2000.708</ele><time>2021-09-02T13:52:21Z</time></trkpt><trkpt lat="46.545451" lon="11.801570"><ele>2000.072</ele><time>2021-09-02T13:52:23Z</time></trkpt><trkpt lat="46.545434" lon="11.801485"><ele>1999.246</ele><time>2021-09-02T13:52:26Z</time></trkpt><trkpt lat="46.545430" lon="11.801415"><ele>1998.961</ele><time>2021-09-02T13:52:28Z</time></trkpt><trkpt lat="46.545429" lon="11.801322"><ele>1998.422</ele><time>2021-09-02T13:52:31Z</time></trkpt><trkpt lat="46.545435" lon="11.801234"><ele>1997.746</ele><time>2021-09-02T13:52:34Z</time></trkpt><trkpt lat="46.545452" lon="11.801140"><ele>1997.050</ele><time>2021-09-02T13:52:37Z</time></trkpt><trkpt lat="46.545457" lon="11.801049"><ele>1996.231</ele><time>2021-09-02T13:52:40Z</time></trkpt><trkpt lat="46.545455" lon="11.800983"><ele>1995.836</ele><time>2021-09-02T13:52:42Z</time></trkpt><trkpt lat="46.545469" lon="11.800898"><ele>1995.128</ele><time>2021-09-02T13:52:45Z</time></trkpt><trkpt lat="46.545455" lon="11.800824"><ele>1993.989</ele><time>2021-09-02T13:52:48Z</time></trkpt><trkpt lat="46.545443" lon="11.800745"><ele>1992.517</ele><time>2021-09-02T13:52:51Z</time></trkpt><trkpt lat="46.545415" lon="11.800682"><ele>1991.608</ele><time>2021-09-02T13:52:54Z</time></trkpt><trkpt lat="46.545393" lon="11.800615"><ele>1990.760</ele><time>2021-09-02T13:52:58Z</time></trkpt><trkpt lat="46.545372" lon="11.800533"><ele>1989.914</ele><time>2021-09-02T13:53:02Z</time></trkpt><trkpt lat="46.545400" lon="11.800703"><ele>1990.119</ele><time>2021-09-02T13:53:32Z</time></trkpt><trkpt lat="46.545352" lon="11.800659"><ele>1989.610</ele><time>2021-09-02T13:53:35Z</time></trkpt><trkpt lat="46.545335" lon="11.800598"><ele>1988.754</ele><time>2021-09-02T13:53:38Z</time></trkpt><trkpt lat="46.545305" lon="11.800526"><ele>1987.638</ele><time>2021-09-02T13:53:41Z</time></trkpt><trkpt lat="46.545282" lon="11.800446"><ele>1986.699</ele><time>2021-09-02T13:53:44Z</time></trkpt><trkpt lat="46.545251" lon="11.800369"><ele>1985.324</ele><time>2021-09-02T13:53:47Z</time></trkpt><trkpt lat="46.545213" lon="11.800289"><ele>1984.376</ele><time>2021-09-02T13:53:50Z</time></trkpt><trkpt lat="46.545188" lon="11.800230"><ele>1983.690</ele><time>2021-09-02T13:53:52Z</time></trkpt><trkpt lat="46.545152" lon="11.800150"><ele>1982.619</ele><time>2021-09-02T13:53:55Z</time></trkpt><trkpt lat="46.545132" lon="11.800092"><ele>1982.008</ele><time>2021-09-02T13:53:57Z</time></trkpt><trkpt lat="46.545107" lon="11.800036"><ele>1981.475</ele><time>2021-09-02T13:53:59Z</time></trkpt><trkpt lat="46.545079" lon="11.799949"><ele>1980.539</ele><time>2021-09-02T13:54:02Z</time></trkpt><trkpt lat="46.545053" lon="11.799891"><ele>1979.754</ele><time>2021-09-02T13:54:04Z</time></trkpt><trkpt lat="46.545033" lon="11.799829"><ele>1978.945</ele><time>2021-09-02T13:54:06Z</time></trkpt><trkpt lat="46.545008" lon="11.799771"><ele>1978.279</ele><time>2021-09-02T13:54:08Z</time></trkpt><trkpt lat="46.544988" lon="11.799708"><ele>1977.553</ele><time>2021-09-02T13:54:10Z</time></trkpt><trkpt lat="46.544958" lon="11.799656"><ele>1976.864</ele><time>2021-09-02T13:54:12Z</time></trkpt><trkpt lat="46.544924" lon="11.799613"><ele>1976.589</ele><time>2021-09-02T13:54:14Z</time></trkpt><trkpt lat="46.544898" lon="11.799545"><ele>1976.276</ele><time>2021-09-02T13:54:16Z</time></trkpt><trkpt lat="46.544872" lon="11.799489"><ele>1975.990</ele><time>2021-09-02T13:54:18Z</time></trkpt><trkpt lat="46.544841" lon="11.799431"><ele>1975.619</ele><time>2021-09-02T13:54:20Z</time></trkpt><trkpt lat="46.544808" lon="11.799352"><ele>1975.108</ele><time>2021-09-02T13:54:23Z</time></trkpt><trkpt lat="46.544792" lon="11.799287"><ele>1974.565</ele><time>2021-09-02T13:54:25Z</time></trkpt><trkpt lat="46.544768" lon="11.799230"><ele>1973.649</ele><time>2021-09-02T13:54:27Z</time></trkpt><trkpt lat="46.544744" lon="11.799167"><ele>1972.744</ele><time>2021-09-02T13:54:29Z</time></trkpt><trkpt lat="46.544711" lon="11.799089"><ele>1971.745</ele><time>2021-09-02T13:54:32Z</time></trkpt><trkpt lat="46.544682" lon="11.799027"><ele>1971.329</ele><time>2021-09-02T13:54:34Z</time></trkpt><trkpt lat="46.544662" lon="11.798962"><ele>1970.963</ele><time>2021-09-02T13:54:36Z</time></trkpt><trkpt lat="46.544637" lon="11.798901"><ele>1970.524</ele><time>2021-09-02T13:54:38Z</time></trkpt><trkpt lat="46.544614" lon="11.798842"><ele>1970.089</ele><time>2021-09-02T13:54:40Z</time></trkpt><trkpt lat="46.544584" lon="11.798784"><ele>1969.724</ele><time>2021-09-02T13:54:42Z</time></trkpt><trkpt lat="46.544565" lon="11.798722"><ele>1969.304</ele><time>2021-09-02T13:54:44Z</time></trkpt><trkpt lat="46.544544" lon="11.798640"><ele>1968.614</ele><time>2021-09-02T13:54:47Z</time></trkpt><trkpt lat="46.544525" lon="11.798559"><ele>1968.108</ele><time>2021-09-02T13:54:50Z</time></trkpt><trkpt lat="46.544499" lon="11.798497"><ele>1967.620</ele><time>2021-09-02T13:54:53Z</time></trkpt><trkpt lat="46.544484" lon="11.798434"><ele>1967.294</ele><time>2021-09-02T13:54:56Z</time></trkpt><trkpt lat="46.544448" lon="11.798393"><ele>1966.579</ele><time>2021-09-02T13:55:00Z</time></trkpt><trkpt lat="46.544415" lon="11.798332"><ele>1966.180</ele><time>2021-09-02T13:55:04Z</time></trkpt><trkpt lat="46.544376" lon="11.798292"><ele>1965.734</ele><time>2021-09-02T13:55:08Z</time></trkpt><trkpt lat="46.544346" lon="11.798238"><ele>1965.148</ele><time>2021-09-02T13:55:11Z</time></trkpt><trkpt lat="46.544308" lon="11.798190"><ele>1964.759</ele><time>2021-09-02T13:55:14Z</time></trkpt><trkpt lat="46.544279" lon="11.798129"><ele>1964.464</ele><time>2021-09-02T13:55:17Z</time></trkpt><trkpt lat="46.544261" lon="11.798040"><ele>1963.944</ele><time>2021-09-02T13:55:20Z</time></trkpt><trkpt lat="46.544235" lon="11.797986"><ele>1963.505</ele><time>2021-09-02T13:55:22Z</time></trkpt><trkpt lat="46.544214" lon="11.797910"><ele>1963.215</ele><time>2021-09-02T13:55:24Z</time></trkpt><trkpt lat="46.544202" lon="11.797836"><ele>1962.908</ele><time>2021-09-02T13:55:26Z</time></trkpt><trkpt lat="46.544173" lon="11.797777"><ele>1962.642</ele><time>2021-09-02T13:55:28Z</time></trkpt><trkpt lat="46.544147" lon="11.797715"><ele>1962.326</ele><time>2021-09-02T13:55:30Z</time></trkpt><trkpt lat="46.544132" lon="11.797634"><ele>1962.121</ele><time>2021-09-02T13:55:32Z</time></trkpt><trkpt lat="46.544113" lon="11.797571"><ele>1961.972</ele><time>2021-09-02T13:55:34Z</time></trkpt><trkpt lat="46.544093" lon="11.797501"><ele>1961.986</ele><time>2021-09-02T13:55:36Z</time></trkpt><trkpt lat="46.544067" lon="11.797437"><ele>1961.980</ele><time>2021-09-02T13:55:38Z</time></trkpt><trkpt lat="46.544050" lon="11.797367"><ele>1961.911</ele><time>2021-09-02T13:55:40Z</time></trkpt><trkpt lat="46.544028" lon="11.797302"><ele>1961.846</ele><time>2021-09-02T13:55:42Z</time></trkpt><trkpt lat="46.544013" lon="11.797239"><ele>1961.889</ele><time>2021-09-02T13:55:44Z</time></trkpt><trkpt lat="46.543994" lon="11.797168"><ele>1961.706</ele><time>2021-09-02T13:55:46Z</time></trkpt><trkpt lat="46.543967" lon="11.797088"><ele>1961.726</ele><time>2021-09-02T13:55:49Z</time></trkpt><trkpt lat="46.543985" lon="11.797026"><ele>1961.708</ele><time>2021-09-02T13:55:52Z</time></trkpt><trkpt lat="46.543938" lon="11.797011"><ele>1961.846</ele><time>2021-09-02T13:56:14Z</time></trkpt><trkpt lat="46.543933" lon="11.796936"><ele>1961.630</ele><time>2021-09-02T13:56:17Z</time></trkpt><trkpt lat="46.543908" lon="11.796854"><ele>1961.445</ele><time>2021-09-02T13:56:21Z</time></trkpt><trkpt lat="46.543883" lon="11.796779"><ele>1961.486</ele><time>2021-09-02T13:56:25Z</time></trkpt><trkpt lat="46.543870" lon="11.796714"><ele>1961.450</ele><time>2021-09-02T13:56:28Z</time></trkpt><trkpt lat="46.543852" lon="11.796653"><ele>1961.444</ele><time>2021-09-02T13:56:31Z</time></trkpt><trkpt lat="46.543830" lon="11.796584"><ele>1961.425</ele><time>2021-09-02T13:56:35Z</time></trkpt><trkpt lat="46.543806" lon="11.796507"><ele>1961.230</ele><time>2021-09-02T13:56:39Z</time></trkpt><trkpt lat="46.543783" lon="11.796426"><ele>1961.386</ele><time>2021-09-02T13:56:43Z</time></trkpt><trkpt lat="46.543775" lon="11.796348"><ele>1961.460</ele><time>2021-09-02T13:56:47Z</time></trkpt><trkpt lat="46.543762" lon="11.796273"><ele>1961.226</ele><time>2021-09-02T13:56:51Z</time></trkpt><trkpt lat="46.543753" lon="11.796188"><ele>1960.908</ele><time>2021-09-02T13:56:55Z</time></trkpt><trkpt lat="46.543723" lon="11.796126"><ele>1960.946</ele><time>2021-09-02T13:56:59Z</time></trkpt><trkpt lat="46.543681" lon="11.796080"><ele>1960.810</ele><time>2021-09-02T13:57:02Z</time></trkpt><trkpt lat="46.543648" lon="11.796025"><ele>1960.685</ele><time>2021-09-02T13:57:05Z</time></trkpt><trkpt lat="46.543630" lon="11.795942"><ele>1960.266</ele><time>2021-09-02T13:57:08Z</time></trkpt><trkpt lat="46.543605" lon="11.795855"><ele>1959.950</ele><time>2021-09-02T13:57:11Z</time></trkpt><trkpt lat="46.543598" lon="11.795764"><ele>1959.794</ele><time>2021-09-02T13:57:13Z</time></trkpt><trkpt lat="46.543584" lon="11.795687"><ele>1959.645</ele><time>2021-09-02T13:57:15Z</time></trkpt><trkpt lat="46.543575" lon="11.795614"><ele>1959.250</ele><time>2021-09-02T13:57:17Z</time></trkpt><trkpt lat="46.543562" lon="11.795544"><ele>1959.168</ele><time>2021-09-02T13:57:19Z</time></trkpt><trkpt lat="46.543553" lon="11.795471"><ele>1958.742</ele><time>2021-09-02T13:57:21Z</time></trkpt><trkpt lat="46.543530" lon="11.795409"><ele>1958.326</ele><time>2021-09-02T13:57:23Z</time></trkpt><trkpt lat="46.543520" lon="11.795344"><ele>1957.808</ele><time>2021-09-02T13:57:25Z</time></trkpt><trkpt lat="46.543501" lon="11.795278"><ele>1957.344</ele><time>2021-09-02T13:57:27Z</time></trkpt><trkpt lat="46.543477" lon="11.795219"><ele>1956.748</ele><time>2021-09-02T13:57:29Z</time></trkpt><trkpt lat="46.543439" lon="11.795177"><ele>1956.093</ele><time>2021-09-02T13:57:31Z</time></trkpt><trkpt lat="46.543397" lon="11.795150"><ele>1955.224</ele><time>2021-09-02T13:57:33Z</time></trkpt><trkpt lat="46.543338" lon="11.795147"><ele>1954.268</ele><time>2021-09-02T13:57:36Z</time></trkpt><trkpt lat="46.543294" lon="11.795201"><ele>1953.932</ele><time>2021-09-02T13:57:39Z</time></trkpt><trkpt lat="46.543260" lon="11.795262"><ele>1954.183</ele><time>2021-09-02T13:57:42Z</time></trkpt><trkpt lat="46.543237" lon="11.795322"><ele>1954.738</ele><time>2021-09-02T13:57:47Z</time></trkpt><trkpt lat="46.543198" lon="11.795356"><ele>1954.754</ele><time>2021-09-02T13:57:51Z</time></trkpt><trkpt lat="46.543143" lon="11.795376"><ele>1954.556</ele><time>2021-09-02T13:57:55Z</time></trkpt><trkpt lat="46.543090" lon="11.795395"><ele>1954.411</ele><time>2021-09-02T13:58:00Z</time></trkpt><trkpt lat="46.543037" lon="11.795419"><ele>1954.408</ele><time>2021-09-02T13:58:03Z</time></trkpt><trkpt lat="46.542977" lon="11.795424"><ele>1954.133</ele><time>2021-09-02T13:58:06Z</time></trkpt><trkpt lat="46.542919" lon="11.795434"><ele>1953.347</ele><time>2021-09-02T13:58:09Z</time></trkpt><trkpt lat="46.542872" lon="11.795441"><ele>1952.992</ele><time>2021-09-02T13:58:11Z</time></trkpt><trkpt lat="46.542801" lon="11.795441"><ele>1952.683</ele><time>2021-09-02T13:58:13Z</time></trkpt><trkpt lat="46.542746" lon="11.795438"><ele>1952.497</ele><time>2021-09-02T13:58:15Z</time></trkpt><trkpt lat="46.542692" lon="11.795431"><ele>1952.271</ele><time>2021-09-02T13:58:17Z</time></trkpt><trkpt lat="46.542636" lon="11.795422"><ele>1951.872</ele><time>2021-09-02T13:58:19Z</time></trkpt><trkpt lat="46.542579" lon="11.795397"><ele>1951.437</ele><time>2021-09-02T13:58:21Z</time></trkpt><trkpt lat="46.542531" lon="11.795383"><ele>1951.125</ele><time>2021-09-02T13:58:23Z</time></trkpt><trkpt lat="46.542474" lon="11.795382"><ele>1950.826</ele><time>2021-09-02T13:58:25Z</time></trkpt><trkpt lat="46.542423" lon="11.795385"><ele>1950.608</ele><time>2021-09-02T13:58:27Z</time></trkpt><trkpt lat="46.542368" lon="11.795370"><ele>1950.308</ele><time>2021-09-02T13:58:29Z</time></trkpt><trkpt lat="46.542319" lon="11.795367"><ele>1950.120</ele><time>2021-09-02T13:58:31Z</time></trkpt><trkpt lat="46.542266" lon="11.795370"><ele>1950.074</ele><time>2021-09-02T13:58:33Z</time></trkpt><trkpt lat="46.542209" lon="11.795362"><ele>1949.919</ele><time>2021-09-02T13:58:35Z</time></trkpt><trkpt lat="46.542158" lon="11.795343"><ele>1950.050</ele><time>2021-09-02T13:58:37Z</time></trkpt><trkpt lat="46.542116" lon="11.795317"><ele>1950.014</ele><time>2021-09-02T13:58:39Z</time></trkpt><trkpt lat="46.542069" lon="11.795292"><ele>1949.938</ele><time>2021-09-02T13:58:41Z</time></trkpt><trkpt lat="46.542026" lon="11.795269"><ele>1949.999</ele><time>2021-09-02T13:58:43Z</time></trkpt><trkpt lat="46.541983" lon="11.795228"><ele>1949.824</ele><time>2021-09-02T13:58:45Z</time></trkpt><trkpt lat="46.541930" lon="11.795172"><ele>1949.837</ele><time>2021-09-02T13:58:48Z</time></trkpt><trkpt lat="46.541892" lon="11.795125"><ele>1949.649</ele><time>2021-09-02T13:58:50Z</time></trkpt><trkpt lat="46.541850" lon="11.795075"><ele>1949.413</ele><time>2021-09-02T13:58:52Z</time></trkpt><trkpt lat="46.541802" lon="11.795039"><ele>1949.308</ele><time>2021-09-02T13:58:54Z</time></trkpt><trkpt lat="46.541753" lon="11.795019"><ele>1949.141</ele><time>2021-09-02T13:58:56Z</time></trkpt><trkpt lat="46.541704" lon="11.795027"><ele>1948.765</ele><time>2021-09-02T13:58:58Z</time></trkpt><trkpt lat="46.541651" lon="11.795085"><ele>1948.170</ele><time>2021-09-02T13:59:01Z</time></trkpt><trkpt lat="46.541613" lon="11.795131"><ele>1947.631</ele><time>2021-09-02T13:59:04Z</time></trkpt><trkpt lat="46.541571" lon="11.795180"><ele>1947.415</ele><time>2021-09-02T13:59:07Z</time></trkpt><trkpt lat="46.541539" lon="11.795233"><ele>1947.389</ele><time>2021-09-02T13:59:10Z</time></trkpt><trkpt lat="46.541525" lon="11.795308"><ele>1947.420</ele><time>2021-09-02T13:59:14Z</time></trkpt><trkpt lat="46.541508" lon="11.795387"><ele>1947.575</ele><time>2021-09-02T13:59:21Z</time></trkpt><trkpt lat="46.541502" lon="11.795463"><ele>1947.591</ele><time>2021-09-02T13:59:25Z</time></trkpt><trkpt lat="46.541479" lon="11.795531"><ele>1947.781</ele><time>2021-09-02T13:59:29Z</time></trkpt><trkpt lat="46.541470" lon="11.795605"><ele>1948.019</ele><time>2021-09-02T13:59:32Z</time></trkpt><trkpt lat="46.541474" lon="11.795670"><ele>1948.308</ele><time>2021-09-02T13:59:37Z</time></trkpt><trkpt lat="46.541470" lon="11.795745"><ele>1948.727</ele><time>2021-09-02T13:59:41Z</time></trkpt><trkpt lat="46.541481" lon="11.795829"><ele>1949.181</ele><time>2021-09-02T13:59:44Z</time></trkpt><trkpt lat="46.541485" lon="11.795912"><ele>1949.356</ele><time>2021-09-02T13:59:47Z</time></trkpt><trkpt lat="46.541482" lon="11.795984"><ele>1949.487</ele><time>2021-09-02T13:59:50Z</time></trkpt><trkpt lat="46.541474" lon="11.796073"><ele>1949.431</ele><time>2021-09-02T13:59:54Z</time></trkpt><trkpt lat="46.541451" lon="11.796148"><ele>1949.555</ele><time>2021-09-02T13:59:58Z</time></trkpt><trkpt lat="46.541398" lon="11.796140"><ele>1949.636</ele><time>2021-09-02T14:00:02Z</time></trkpt><trkpt lat="46.541349" lon="11.796139"><ele>1949.691</ele><time>2021-09-02T14:00:05Z</time></trkpt><trkpt lat="46.541297" lon="11.796139"><ele>1949.656</ele><time>2021-09-02T14:00:09Z</time></trkpt><trkpt lat="46.541253" lon="11.796115"><ele>1949.459</ele><time>2021-09-02T14:00:12Z</time></trkpt><trkpt lat="46.541220" lon="11.796061"><ele>1949.414</ele><time>2021-09-02T14:00:17Z</time></trkpt><trkpt lat="46.541207" lon="11.795993"><ele>1949.608</ele><time>2021-09-02T14:00:20Z</time></trkpt><trkpt lat="46.541197" lon="11.795928"><ele>1949.963</ele><time>2021-09-02T14:00:23Z</time></trkpt><trkpt lat="46.541177" lon="11.795863"><ele>1949.997</ele><time>2021-09-02T14:00:27Z</time></trkpt><trkpt lat="46.541141" lon="11.795816"><ele>1949.712</ele><time>2021-09-02T14:00:30Z</time></trkpt><trkpt lat="46.541102" lon="11.795774"><ele>1949.433</ele><time>2021-09-02T14:00:33Z</time></trkpt><trkpt lat="46.541052" lon="11.795722"><ele>1949.497</ele><time>2021-09-02T14:00:38Z</time></trkpt><trkpt lat="46.541013" lon="11.795651"><ele>1949.631</ele><time>2021-09-02T14:00:42Z</time></trkpt><trkpt lat="46.540992" lon="11.795572"><ele>1949.332</ele><time>2021-09-02T14:00:45Z</time></trkpt><trkpt lat="46.540981" lon="11.795486"><ele>1949.247</ele><time>2021-09-02T14:00:48Z</time></trkpt><trkpt lat="46.540950" lon="11.795414"><ele>1948.913</ele><time>2021-09-02T14:00:51Z</time></trkpt><trkpt lat="46.540910" lon="11.795362"><ele>1948.843</ele><time>2021-09-02T14:00:53Z</time></trkpt><trkpt lat="46.540874" lon="11.795320"><ele>1949.007</ele><time>2021-09-02T14:00:55Z</time></trkpt><trkpt lat="46.540841" lon="11.795269"><ele>1949.208</ele><time>2021-09-02T14:00:57Z</time></trkpt><trkpt lat="46.540786" lon="11.795222"><ele>1949.749</ele><time>2021-09-02T14:01:00Z</time></trkpt><trkpt lat="46.540725" lon="11.795175"><ele>1950.033</ele><time>2021-09-02T14:01:03Z</time></trkpt><trkpt lat="46.540679" lon="11.795148"><ele>1950.088</ele><time>2021-09-02T14:01:05Z</time></trkpt><trkpt lat="46.540622" lon="11.795116"><ele>1950.199</ele><time>2021-09-02T14:01:08Z</time></trkpt><trkpt lat="46.540585" lon="11.795042"><ele>1950.173</ele><time>2021-09-02T14:01:11Z</time></trkpt><trkpt lat="46.540553" lon="11.794980"><ele>1950.287</ele><time>2021-09-02T14:01:14Z</time></trkpt><trkpt lat="46.540517" lon="11.794920"><ele>1950.918</ele><time>2021-09-02T14:01:18Z</time></trkpt><trkpt lat="46.540494" lon="11.794852"><ele>1951.553</ele><time>2021-09-02T14:01:23Z</time></trkpt><trkpt lat="46.540515" lon="11.794785"><ele>1951.641</ele><time>2021-09-02T14:01:26Z</time></trkpt><trkpt lat="46.540565" lon="11.794736"><ele>1951.881</ele><time>2021-09-02T14:01:30Z</time></trkpt><trkpt lat="46.540600" lon="11.794670"><ele>1952.409</ele><time>2021-09-02T14:01:34Z</time></trkpt><trkpt lat="46.540605" lon="11.794605"><ele>1952.608</ele><time>2021-09-02T14:01:37Z</time></trkpt><trkpt lat="46.540584" lon="11.794529"><ele>1952.242</ele><time>2021-09-02T14:01:41Z</time></trkpt><trkpt lat="46.540548" lon="11.794464"><ele>1951.696</ele><time>2021-09-02T14:01:44Z</time></trkpt><trkpt lat="46.540524" lon="11.794399"><ele>1951.061</ele><time>2021-09-02T14:01:47Z</time></trkpt><trkpt lat="46.540502" lon="11.794330"><ele>1950.812</ele><time>2021-09-02T14:01:49Z</time></trkpt><trkpt lat="46.540451" lon="11.794276"><ele>1950.826</ele><time>2021-09-02T14:01:53Z</time></trkpt><trkpt lat="46.540417" lon="11.794220"><ele>1950.970</ele><time>2021-09-02T14:01:55Z</time></trkpt><trkpt lat="46.540389" lon="11.794161"><ele>1950.811</ele><time>2021-09-02T14:01:57Z</time></trkpt><trkpt lat="46.540359" lon="11.794103"><ele>1950.846</ele><time>2021-09-02T14:01:59Z</time></trkpt><trkpt lat="46.540330" lon="11.794042"><ele>1950.738</ele><time>2021-09-02T14:02:01Z</time></trkpt><trkpt lat="46.540306" lon="11.793976"><ele>1950.870</ele><time>2021-09-02T14:02:03Z</time></trkpt><trkpt lat="46.540293" lon="11.793895"><ele>1950.817</ele><time>2021-09-02T14:02:05Z</time></trkpt><trkpt lat="46.540275" lon="11.793820"><ele>1950.908</ele><time>2021-09-02T14:02:07Z</time></trkpt><trkpt lat="46.540255" lon="11.793750"><ele>1950.981</ele><time>2021-09-02T14:02:09Z</time></trkpt><trkpt lat="46.540242" lon="11.793660"><ele>1951.345</ele><time>2021-09-02T14:02:12Z</time></trkpt><trkpt lat="46.540223" lon="11.793574"><ele>1951.680</ele><time>2021-09-02T14:02:15Z</time></trkpt><trkpt lat="46.540204" lon="11.793487"><ele>1951.531</ele><time>2021-09-02T14:02:18Z</time></trkpt><trkpt lat="46.540174" lon="11.793414"><ele>1951.375</ele><time>2021-09-02T14:02:22Z</time></trkpt><trkpt lat="46.540143" lon="11.793356"><ele>1951.019</ele><time>2021-09-02T14:02:25Z</time></trkpt><trkpt lat="46.540104" lon="11.793289"><ele>1950.720</ele><time>2021-09-02T14:02:29Z</time></trkpt><trkpt lat="46.540093" lon="11.793205"><ele>1950.915</ele><time>2021-09-02T14:02:32Z</time></trkpt><trkpt lat="46.540079" lon="11.793134"><ele>1951.162</ele><time>2021-09-02T14:02:34Z</time></trkpt><trkpt lat="46.540070" lon="11.793057"><ele>1951.283</ele><time>2021-09-02T14:02:36Z</time></trkpt><trkpt lat="46.540053" lon="11.792979"><ele>1951.411</ele><time>2021-09-02T14:02:39Z</time></trkpt><trkpt lat="46.540031" lon="11.792922"><ele>1951.708</ele><time>2021-09-02T14:02:42Z</time></trkpt><trkpt lat="46.540047" lon="11.792857"><ele>1951.664</ele><time>2021-09-02T14:02:47Z</time></trkpt><trkpt lat="46.540042" lon="11.792786"><ele>1951.528</ele><time>2021-09-02T14:02:52Z</time></trkpt><trkpt lat="46.540021" lon="11.792723"><ele>1951.443</ele><time>2021-09-02T14:02:54Z</time></trkpt><trkpt lat="46.540003" lon="11.792657"><ele>1951.384</ele><time>2021-09-02T14:02:57Z</time></trkpt><trkpt lat="46.539974" lon="11.792571"><ele>1951.628</ele><time>2021-09-02T14:03:01Z</time></trkpt><trkpt lat="46.539950" lon="11.792498"><ele>1951.832</ele><time>2021-09-02T14:03:05Z</time></trkpt><trkpt lat="46.539933" lon="11.792436"><ele>1952.363</ele><time>2021-09-02T14:03:08Z</time></trkpt><trkpt lat="46.539913" lon="11.792374"><ele>1952.868</ele><time>2021-09-02T14:03:11Z</time></trkpt><trkpt lat="46.539890" lon="11.792305"><ele>1953.342</ele><time>2021-09-02T14:03:15Z</time></trkpt><trkpt lat="46.539854" lon="11.792249"><ele>1953.622</ele><time>2021-09-02T14:03:19Z</time></trkpt><trkpt lat="46.539830" lon="11.792191"><ele>1953.614</ele><time>2021-09-02T14:03:22Z</time></trkpt><trkpt lat="46.539794" lon="11.792132"><ele>1953.908</ele><time>2021-09-02T14:03:25Z</time></trkpt><trkpt lat="46.539761" lon="11.792084"><ele>1953.962</ele><time>2021-09-02T14:03:28Z</time></trkpt><trkpt lat="46.539725" lon="11.792041"><ele>1954.226</ele><time>2021-09-02T14:03:31Z</time></trkpt><trkpt lat="46.539697" lon="11.791940"><ele>1954.481</ele><time>2021-09-02T14:03:34Z</time></trkpt><trkpt lat="46.539699" lon="11.791867"><ele>1954.492</ele><time>2021-09-02T14:03:36Z</time></trkpt><trkpt lat="46.539682" lon="11.791803"><ele>1954.546</ele><time>2021-09-02T14:03:38Z</time></trkpt><trkpt lat="46.539643" lon="11.791758"><ele>1954.710</ele><time>2021-09-02T14:03:40Z</time></trkpt><trkpt lat="46.539606" lon="11.791717"><ele>1955.131</ele><time>2021-09-02T14:03:42Z</time></trkpt><trkpt lat="46.539574" lon="11.791663"><ele>1955.316</ele><time>2021-09-02T14:03:44Z</time></trkpt><trkpt lat="46.539527" lon="11.791592"><ele>1955.519</ele><time>2021-09-02T14:03:47Z</time></trkpt><trkpt lat="46.539488" lon="11.791559"><ele>1955.709</ele><time>2021-09-02T14:03:49Z</time></trkpt><trkpt lat="46.539435" lon="11.791507"><ele>1955.819</ele><time>2021-09-02T14:03:52Z</time></trkpt><trkpt lat="46.539388" lon="11.791459"><ele>1956.108</ele><time>2021-09-02T14:03:55Z</time></trkpt><trkpt lat="46.539367" lon="11.791400"><ele>1956.639</ele><time>2021-09-02T14:03:58Z</time></trkpt><trkpt lat="46.539348" lon="11.791334"><ele>1957.173</ele><time>2021-09-02T14:04:02Z</time></trkpt><trkpt lat="46.539325" lon="11.791253"><ele>1957.088</ele><time>2021-09-02T14:04:05Z</time></trkpt><trkpt lat="46.539323" lon="11.791176"><ele>1956.429</ele><time>2021-09-02T14:04:10Z</time></trkpt><trkpt lat="46.539315" lon="11.791107"><ele>1956.763</ele><time>2021-09-02T14:04:14Z</time></trkpt><trkpt lat="46.539293" lon="11.791040"><ele>1957.147</ele><time>2021-09-02T14:04:18Z</time></trkpt><trkpt lat="46.539264" lon="11.790985"><ele>1957.458</ele><time>2021-09-02T14:04:22Z</time></trkpt><trkpt lat="46.539223" lon="11.790940"><ele>1957.673</ele><time>2021-09-02T14:04:26Z</time></trkpt><trkpt lat="46.539182" lon="11.790899"><ele>1957.754</ele><time>2021-09-02T14:04:29Z</time></trkpt><trkpt lat="46.539147" lon="11.790855"><ele>1957.956</ele><time>2021-09-02T14:04:32Z</time></trkpt><trkpt lat="46.539112" lon="11.790812"><ele>1958.211</ele><time>2021-09-02T14:04:35Z</time></trkpt><trkpt lat="46.539092" lon="11.790746"><ele>1958.308</ele><time>2021-09-02T14:04:37Z</time></trkpt><trkpt lat="46.539058" lon="11.790690"><ele>1958.413</ele><time>2021-09-02T14:04:40Z</time></trkpt><trkpt lat="46.539021" lon="11.790625"><ele>1958.957</ele><time>2021-09-02T14:04:43Z</time></trkpt><trkpt lat="46.539000" lon="11.790562"><ele>1959.582</ele><time>2021-09-02T14:04:46Z</time></trkpt><trkpt lat="46.538984" lon="11.790493"><ele>1959.773</ele><time>2021-09-02T14:04:48Z</time></trkpt><trkpt lat="46.538956" lon="11.790430"><ele>1959.797</ele><time>2021-09-02T14:04:50Z</time></trkpt><trkpt lat="46.538921" lon="11.790344"><ele>1959.961</ele><time>2021-09-02T14:04:53Z</time></trkpt><trkpt lat="46.538908" lon="11.790258"><ele>1960.332</ele><time>2021-09-02T14:04:56Z</time></trkpt><trkpt lat="46.538895" lon="11.790181"><ele>1960.447</ele><time>2021-09-02T14:04:59Z</time></trkpt><trkpt lat="46.538862" lon="11.790113"><ele>1960.423</ele><time>2021-09-02T14:05:02Z</time></trkpt><trkpt lat="46.538836" lon="11.790057"><ele>1960.583</ele><time>2021-09-02T14:05:06Z</time></trkpt><trkpt lat="46.538817" lon="11.789988"><ele>1961.411</ele><time>2021-09-02T14:05:11Z</time></trkpt><trkpt lat="46.538798" lon="11.789912"><ele>1961.708</ele><time>2021-09-02T14:05:15Z</time></trkpt><trkpt lat="46.538795" lon="11.789830"><ele>1961.760</ele><time>2021-09-02T14:05:19Z</time></trkpt><trkpt lat="46.538789" lon="11.789744"><ele>1962.064</ele><time>2021-09-02T14:05:23Z</time></trkpt><trkpt lat="46.538770" lon="11.789669"><ele>1962.719</ele><time>2021-09-02T14:05:28Z</time></trkpt><trkpt lat="46.538754" lon="11.789599"><ele>1962.820</ele><time>2021-09-02T14:05:31Z</time></trkpt><trkpt lat="46.538728" lon="11.789524"><ele>1963.054</ele><time>2021-09-02T14:05:35Z</time></trkpt><trkpt lat="46.538703" lon="11.789460"><ele>1963.418</ele><time>2021-09-02T14:05:39Z</time></trkpt><trkpt lat="46.538689" lon="11.789397"><ele>1963.989</ele><time>2021-09-02T14:05:42Z</time></trkpt><trkpt lat="46.538662" lon="11.789313"><ele>1964.334</ele><time>2021-09-02T14:05:47Z</time></trkpt><trkpt lat="46.538652" lon="11.789238"><ele>1964.574</ele><time>2021-09-02T14:05:51Z</time></trkpt><trkpt lat="46.538643" lon="11.789160"><ele>1964.956</ele><time>2021-09-02T14:05:55Z</time></trkpt><trkpt lat="46.538626" lon="11.789093"><ele>1965.721</ele><time>2021-09-02T14:06:01Z</time></trkpt><trkpt lat="46.538612" lon="11.789023"><ele>1966.208</ele><time>2021-09-02T14:06:05Z</time></trkpt><trkpt lat="46.538583" lon="11.788967"><ele>1967.015</ele><time>2021-09-02T14:06:11Z</time></trkpt><trkpt lat="46.538545" lon="11.788891"><ele>1967.339</ele><time>2021-09-02T14:06:15Z</time></trkpt><trkpt lat="46.538514" lon="11.788837"><ele>1967.614</ele><time>2021-09-02T14:06:18Z</time></trkpt><trkpt lat="46.538481" lon="11.788779"><ele>1968.335</ele><time>2021-09-02T14:06:23Z</time></trkpt><trkpt lat="46.538448" lon="11.788727"><ele>1968.999</ele><time>2021-09-02T14:06:27Z</time></trkpt><trkpt lat="46.538417" lon="11.788663"><ele>1968.983</ele><time>2021-09-02T14:06:30Z</time></trkpt><trkpt lat="46.538398" lon="11.788590"><ele>1968.974</ele><time>2021-09-02T14:06:34Z</time></trkpt><trkpt lat="46.538380" lon="11.788528"><ele>1968.889</ele><time>2021-09-02T14:06:36Z</time></trkpt><trkpt lat="46.538341" lon="11.788457"><ele>1968.929</ele><time>2021-09-02T14:06:39Z</time></trkpt><trkpt lat="46.538314" lon="11.788402"><ele>1969.200</ele><time>2021-09-02T14:06:42Z</time></trkpt><trkpt lat="46.538288" lon="11.788335"><ele>1969.220</ele><time>2021-09-02T14:06:44Z</time></trkpt><trkpt lat="46.538262" lon="11.788267"><ele>1969.108</ele><time>2021-09-02T14:06:47Z</time></trkpt><trkpt lat="46.538239" lon="11.788208"><ele>1969.320</ele><time>2021-09-02T14:06:49Z</time></trkpt><trkpt lat="46.538205" lon="11.788152"><ele>1969.684</ele><time>2021-09-02T14:06:51Z</time></trkpt><trkpt lat="46.538185" lon="11.788080"><ele>1970.029</ele><time>2021-09-02T14:06:53Z</time></trkpt><trkpt lat="46.538181" lon="11.788010"><ele>1970.260</ele><time>2021-09-02T14:06:55Z</time></trkpt><trkpt lat="46.538202" lon="11.787951"><ele>1970.684</ele><time>2021-09-02T14:06:58Z</time></trkpt><trkpt lat="46.538233" lon="11.787892"><ele>1971.298</ele><time>2021-09-02T14:07:01Z</time></trkpt><trkpt lat="46.538253" lon="11.787830"><ele>1971.969</ele><time>2021-09-02T14:07:06Z</time></trkpt><trkpt lat="46.538273" lon="11.787758"><ele>1972.524</ele><time>2021-09-02T14:07:10Z</time></trkpt><trkpt lat="46.538309" lon="11.787700"><ele>1973.614</ele><time>2021-09-02T14:07:15Z</time></trkpt><trkpt lat="46.538321" lon="11.787635"><ele>1974.554</ele><time>2021-09-02T14:07:19Z</time></trkpt><trkpt lat="46.538321" lon="11.787563"><ele>1975.109</ele><time>2021-09-02T14:07:23Z</time></trkpt><trkpt lat="46.538295" lon="11.787491"><ele>1975.908</ele><time>2021-09-02T14:07:28Z</time></trkpt><trkpt lat="46.538300" lon="11.787421"><ele>1976.129</ele><time>2021-09-02T14:07:31Z</time></trkpt><trkpt lat="46.538281" lon="11.787337"><ele>1976.483</ele><time>2021-09-02T14:07:35Z</time></trkpt><trkpt lat="46.538273" lon="11.787245"><ele>1976.148</ele><time>2021-09-02T14:07:38Z</time></trkpt><trkpt lat="46.538265" lon="11.787169"><ele>1975.529</ele><time>2021-09-02T14:07:41Z</time></trkpt><trkpt lat="46.538211" lon="11.787117"><ele>1975.693</ele><time>2021-09-02T14:07:44Z</time></trkpt><trkpt lat="46.538163" lon="11.787097"><ele>1975.887</ele><time>2021-09-02T14:07:46Z</time></trkpt><trkpt lat="46.538130" lon="11.787040"><ele>1975.728</ele><time>2021-09-02T14:07:48Z</time></trkpt><trkpt lat="46.538062" lon="11.786990"><ele>1975.293</ele><time>2021-09-02T14:07:51Z</time></trkpt><trkpt lat="46.538009" lon="11.786953"><ele>1975.075</ele><time>2021-09-02T14:07:53Z</time></trkpt><trkpt lat="46.537954" lon="11.786928"><ele>1975.128</ele><time>2021-09-02T14:07:56Z</time></trkpt><trkpt lat="46.537906" lon="11.786912"><ele>1975.620</ele><time>2021-09-02T14:07:59Z</time></trkpt><trkpt lat="46.537860" lon="11.786892"><ele>1975.708</ele><time>2021-09-02T14:08:04Z</time></trkpt><trkpt lat="46.537800" lon="11.786813"><ele>1977.435</ele><time>2021-09-02T14:08:13Z</time></trkpt><trkpt lat="46.537751" lon="11.786764"><ele>1978.219</ele><time>2021-09-02T14:08:17Z</time></trkpt><trkpt lat="46.537716" lon="11.786713"><ele>1978.474</ele><time>2021-09-02T14:08:20Z</time></trkpt><trkpt lat="46.537673" lon="11.786671"><ele>1979.225</ele><time>2021-09-02T14:08:25Z</time></trkpt><trkpt lat="46.537642" lon="11.786613"><ele>1980.469</ele><time>2021-09-02T14:08:30Z</time></trkpt><trkpt lat="46.537627" lon="11.786530"><ele>1981.113</ele><time>2021-09-02T14:08:34Z</time></trkpt><trkpt lat="46.537623" lon="11.786458"><ele>1981.544</ele><time>2021-09-02T14:08:39Z</time></trkpt><trkpt lat="46.537620" lon="11.786383"><ele>1981.849</ele><time>2021-09-02T14:08:44Z</time></trkpt><trkpt lat="46.537639" lon="11.786316"><ele>1982.194</ele><time>2021-09-02T14:08:47Z</time></trkpt><trkpt lat="46.537676" lon="11.786255"><ele>1982.557</ele><time>2021-09-02T14:08:50Z</time></trkpt><trkpt lat="46.537713" lon="11.786217"><ele>1983.122</ele><time>2021-09-02T14:08:54Z</time></trkpt><trkpt lat="46.537742" lon="11.786160"><ele>1983.608</ele><time>2021-09-02T14:08:57Z</time></trkpt><trkpt lat="46.537763" lon="11.786092"><ele>1983.937</ele><time>2021-09-02T14:09:00Z</time></trkpt><trkpt lat="46.537765" lon="11.786003"><ele>1983.551</ele><time>2021-09-02T14:09:03Z</time></trkpt><trkpt lat="46.537777" lon="11.785915"><ele>1982.826</ele><time>2021-09-02T14:09:06Z</time></trkpt><trkpt lat="46.537811" lon="11.785832"><ele>1982.747</ele><time>2021-09-02T14:09:09Z</time></trkpt><trkpt lat="46.537856" lon="11.785757"><ele>1982.541</ele><time>2021-09-02T14:09:12Z</time></trkpt><trkpt lat="46.537883" lon="11.785692"><ele>1982.425</ele><time>2021-09-02T14:09:14Z</time></trkpt><trkpt lat="46.537911" lon="11.785603"><ele>1982.546</ele><time>2021-09-02T14:09:17Z</time></trkpt><trkpt lat="46.537937" lon="11.785508"><ele>1982.251</ele><time>2021-09-02T14:09:20Z</time></trkpt><trkpt lat="46.537947" lon="11.785445"><ele>1981.954</ele><time>2021-09-02T14:09:22Z</time></trkpt><trkpt lat="46.537976" lon="11.785365"><ele>1982.056</ele><time>2021-09-02T14:09:25Z</time></trkpt><trkpt lat="46.538024" lon="11.785312"><ele>1982.711</ele><time>2021-09-02T14:09:28Z</time></trkpt><trkpt lat="46.538048" lon="11.785239"><ele>1983.308</ele><time>2021-09-02T14:09:31Z</time></trkpt><trkpt lat="46.538040" lon="11.785171"><ele>1984.023</ele><time>2021-09-02T14:09:35Z</time></trkpt><trkpt lat="46.538019" lon="11.785100"><ele>1984.797</ele><time>2021-09-02T14:09:40Z</time></trkpt><trkpt lat="46.537990" lon="11.785028"><ele>1985.052</ele><time>2021-09-02T14:09:44Z</time></trkpt><trkpt lat="46.537978" lon="11.784958"><ele>1985.493</ele><time>2021-09-02T14:09:49Z</time></trkpt><trkpt lat="46.538004" lon="11.784899"><ele>1985.937</ele><time>2021-09-02T14:09:54Z</time></trkpt><trkpt lat="46.538052" lon="11.784898"><ele>1987.671</ele><time>2021-09-02T14:10:15Z</time></trkpt><trkpt lat="46.538131" lon="11.784855"><ele>1989.962</ele><time>2021-09-02T14:10:25Z</time></trkpt><trkpt lat="46.538172" lon="11.784804"><ele>1990.447</ele><time>2021-09-02T14:10:28Z</time></trkpt><trkpt lat="46.538180" lon="11.784737"><ele>1991.073</ele><time>2021-09-02T14:10:32Z</time></trkpt><trkpt lat="46.538183" lon="11.784672"><ele>1991.685</ele><time>2021-09-02T14:10:37Z</time></trkpt><trkpt lat="46.538213" lon="11.784614"><ele>1992.113</ele><time>2021-09-02T14:10:41Z</time></trkpt><trkpt lat="46.538231" lon="11.784546"><ele>1992.508</ele><time>2021-09-02T14:10:45Z</time></trkpt><trkpt lat="46.538237" lon="11.784458"><ele>1993.285</ele><time>2021-09-02T14:10:52Z</time></trkpt><trkpt lat="46.538241" lon="11.784386"><ele>1994.299</ele><time>2021-09-02T14:10:56Z</time></trkpt><trkpt lat="46.538261" lon="11.784319"><ele>1995.054</ele><time>2021-09-02T14:11:00Z</time></trkpt><trkpt lat="46.538287" lon="11.784234"><ele>1995.365</ele><time>2021-09-02T14:11:03Z</time></trkpt><trkpt lat="46.538320" lon="11.784168"><ele>1995.319</ele><time>2021-09-02T14:11:06Z</time></trkpt><trkpt lat="46.538339" lon="11.784097"><ele>1995.353</ele><time>2021-09-02T14:11:09Z</time></trkpt><trkpt lat="46.538370" lon="11.784034"><ele>1996.144</ele><time>2021-09-02T14:11:13Z</time></trkpt><trkpt lat="46.538418" lon="11.783987"><ele>1997.729</ele><time>2021-09-02T14:11:19Z</time></trkpt><trkpt lat="46.538453" lon="11.783933"><ele>1999.175</ele><time>2021-09-02T14:11:25Z</time></trkpt><trkpt lat="46.538486" lon="11.783862"><ele>2000.028</ele><time>2021-09-02T14:11:29Z</time></trkpt><trkpt lat="46.538499" lon="11.783797"><ele>2001.520</ele><time>2021-09-02T14:11:35Z</time></trkpt><trkpt lat="46.538521" lon="11.783732"><ele>2002.708</ele><time>2021-09-02T14:11:40Z</time></trkpt><trkpt lat="46.538552" lon="11.783679"><ele>2003.535</ele><time>2021-09-02T14:11:44Z</time></trkpt><trkpt lat="46.538571" lon="11.783618"><ele>2004.179</ele><time>2021-09-02T14:11:48Z</time></trkpt><trkpt lat="46.538577" lon="11.783547"><ele>2004.944</ele><time>2021-09-02T14:11:53Z</time></trkpt><trkpt lat="46.538592" lon="11.783481"><ele>2006.015</ele><time>2021-09-02T14:11:59Z</time></trkpt><trkpt lat="46.538587" lon="11.783409"><ele>2006.649</ele><time>2021-09-02T14:12:03Z</time></trkpt><trkpt lat="46.538599" lon="11.783329"><ele>2007.083</ele><time>2021-09-02T14:12:07Z</time></trkpt><trkpt lat="46.538586" lon="11.783259"><ele>2007.284</ele><time>2021-09-02T14:12:10Z</time></trkpt><trkpt lat="46.538575" lon="11.783192"><ele>2007.289</ele><time>2021-09-02T14:12:14Z</time></trkpt><trkpt lat="46.538567" lon="11.783126"><ele>2007.178</ele><time>2021-09-02T14:12:20Z</time></trkpt><trkpt lat="46.538580" lon="11.783051"><ele>2007.633</ele><time>2021-09-02T14:12:24Z</time></trkpt><trkpt lat="46.538535" lon="11.783005"><ele>2007.726</ele><time>2021-09-02T14:12:29Z</time></trkpt><trkpt lat="46.538490" lon="11.782979"><ele>2007.208</ele><time>2021-09-02T14:12:33Z</time></trkpt><trkpt lat="46.538467" lon="11.782915"><ele>2006.525</ele><time>2021-09-02T14:12:38Z</time></trkpt><trkpt lat="46.538453" lon="11.782840"><ele>2006.369</ele><time>2021-09-02T14:12:42Z</time></trkpt><trkpt lat="46.538464" lon="11.782764"><ele>2006.254</ele><time>2021-09-02T14:12:46Z</time></trkpt><trkpt lat="46.538472" lon="11.782694"><ele>2005.495</ele><time>2021-09-02T14:12:53Z</time></trkpt><trkpt lat="46.538475" lon="11.782615"><ele>2005.019</ele><time>2021-09-02T14:12:56Z</time></trkpt><trkpt lat="46.538439" lon="11.782569"><ele>2004.313</ele><time>2021-09-02T14:13:00Z</time></trkpt><trkpt lat="46.538407" lon="11.782518"><ele>2002.974</ele><time>2021-09-02T14:13:03Z</time></trkpt><trkpt lat="46.538355" lon="11.782537"><ele>2001.359</ele><time>2021-09-02T14:13:06Z</time></trkpt><trkpt lat="46.538304" lon="11.782573"><ele>2000.482</ele><time>2021-09-02T14:13:08Z</time></trkpt><trkpt lat="46.538254" lon="11.782580"><ele>1999.743</ele><time>2021-09-02T14:13:10Z</time></trkpt><trkpt lat="46.538204" lon="11.782588"><ele>1999.117</ele><time>2021-09-02T14:13:12Z</time></trkpt><trkpt lat="46.538154" lon="11.782582"><ele>1998.708</ele><time>2021-09-02T14:13:14Z</time></trkpt><trkpt lat="46.538106" lon="11.782557"><ele>1998.126</ele><time>2021-09-02T14:13:16Z</time></trkpt><trkpt lat="46.538057" lon="11.782514"><ele>1997.060</ele><time>2021-09-02T14:13:19Z</time></trkpt><trkpt lat="46.538027" lon="11.782457"><ele>1995.555</ele><time>2021-09-02T14:13:23Z</time></trkpt><trkpt lat="46.537978" lon="11.782413"><ele>1993.336</ele><time>2021-09-02T14:13:28Z</time></trkpt><trkpt lat="46.537949" lon="11.782357"><ele>1991.590</ele><time>2021-09-02T14:13:31Z</time></trkpt><trkpt lat="46.537904" lon="11.782316"><ele>1989.924</ele><time>2021-09-02T14:13:34Z</time></trkpt><trkpt lat="46.537867" lon="11.782269"><ele>1989.095</ele><time>2021-09-02T14:13:36Z</time></trkpt><trkpt lat="46.537831" lon="11.782227"><ele>1988.580</ele><time>2021-09-02T14:13:38Z</time></trkpt><trkpt lat="46.537793" lon="11.782189"><ele>1988.236</ele><time>2021-09-02T14:13:41Z</time></trkpt><trkpt lat="46.537780" lon="11.782119"><ele>1987.417</ele><time>2021-09-02T14:13:44Z</time></trkpt><trkpt lat="46.537754" lon="11.782040"><ele>1986.218</ele><time>2021-09-02T14:13:47Z</time></trkpt><trkpt lat="46.537708" lon="11.781990"><ele>1984.808</ele><time>2021-09-02T14:13:50Z</time></trkpt><trkpt lat="46.537656" lon="11.781943"><ele>1983.431</ele><time>2021-09-02T14:13:53Z</time></trkpt><trkpt lat="46.537599" lon="11.781904"><ele>1982.175</ele><time>2021-09-02T14:13:56Z</time></trkpt><trkpt lat="46.537572" lon="11.781827"><ele>1981.220</ele><time>2021-09-02T14:13:59Z</time></trkpt><trkpt lat="46.537530" lon="11.781764"><ele>1980.171</ele><time>2021-09-02T14:14:02Z</time></trkpt><trkpt lat="46.537497" lon="11.781717"><ele>1979.445</ele><time>2021-09-02T14:14:04Z</time></trkpt><trkpt lat="46.537467" lon="11.781661"><ele>1978.689</ele><time>2021-09-02T14:14:06Z</time></trkpt><trkpt lat="46.537442" lon="11.781606"><ele>1977.950</ele><time>2021-09-02T14:14:07Z</time></trkpt><trkpt lat="46.537394" lon="11.781537"><ele>1976.915</ele><time>2021-09-02T14:14:10Z</time></trkpt><trkpt lat="46.537357" lon="11.781493"><ele>1976.321</ele><time>2021-09-02T14:14:12Z</time></trkpt><trkpt lat="46.537316" lon="11.781444"><ele>1975.541</ele><time>2021-09-02T14:14:14Z</time></trkpt><trkpt lat="46.537278" lon="11.781404"><ele>1974.805</ele><time>2021-09-02T14:14:16Z</time></trkpt><trkpt lat="46.537238" lon="11.781364"><ele>1974.208</ele><time>2021-09-02T14:14:19Z</time></trkpt><trkpt lat="46.537195" lon="11.781291"><ele>1973.510</ele><time>2021-09-02T14:14:22Z</time></trkpt><trkpt lat="46.537152" lon="11.781218"><ele>1972.884</ele><time>2021-09-02T14:14:25Z</time></trkpt><trkpt lat="46.537113" lon="11.781168"><ele>1972.319</ele><time>2021-09-02T14:14:27Z</time></trkpt><trkpt lat="46.537084" lon="11.781114"><ele>1971.870</ele><time>2021-09-02T14:14:29Z</time></trkpt><trkpt lat="46.537047" lon="11.781064"><ele>1971.314</ele><time>2021-09-02T14:14:31Z</time></trkpt><trkpt lat="46.537014" lon="11.781006"><ele>1970.788</ele><time>2021-09-02T14:14:33Z</time></trkpt><trkpt lat="46.536985" lon="11.780953"><ele>1970.189</ele><time>2021-09-02T14:14:35Z</time></trkpt><trkpt lat="46.536954" lon="11.780902"><ele>1969.794</ele><time>2021-09-02T14:14:37Z</time></trkpt><trkpt lat="46.536918" lon="11.780860"><ele>1969.339</ele><time>2021-09-02T14:14:39Z</time></trkpt><trkpt lat="46.536890" lon="11.780801"><ele>1968.801</ele><time>2021-09-02T14:14:41Z</time></trkpt><trkpt lat="46.536865" lon="11.780739"><ele>1968.521</ele><time>2021-09-02T14:14:43Z</time></trkpt><trkpt lat="46.536839" lon="11.780678"><ele>1968.308</ele><time>2021-09-02T14:14:45Z</time></trkpt><trkpt lat="46.536805" lon="11.780623"><ele>1968.111</ele><time>2021-09-02T14:14:47Z</time></trkpt><trkpt lat="46.536776" lon="11.780572"><ele>1967.755</ele><time>2021-09-02T14:14:49Z</time></trkpt><trkpt lat="46.536740" lon="11.780527"><ele>1966.990</ele><time>2021-09-02T14:14:51Z</time></trkpt><trkpt lat="46.536701" lon="11.780477"><ele>1966.081</ele><time>2021-09-02T14:14:53Z</time></trkpt><trkpt lat="46.536666" lon="11.780421"><ele>1965.345</ele><time>2021-09-02T14:14:55Z</time></trkpt><trkpt lat="46.536632" lon="11.780366"><ele>1964.949</ele><time>2021-09-02T14:14:57Z</time></trkpt><trkpt lat="46.536602" lon="11.780307"><ele>1964.410</ele><time>2021-09-02T14:14:59Z</time></trkpt><trkpt lat="46.536575" lon="11.780235"><ele>1963.945</ele><time>2021-09-02T14:15:01Z</time></trkpt><trkpt lat="46.536546" lon="11.780177"><ele>1963.378</ele><time>2021-09-02T14:15:03Z</time></trkpt><trkpt lat="46.536514" lon="11.780123"><ele>1962.833</ele><time>2021-09-02T14:15:05Z</time></trkpt><trkpt lat="46.536481" lon="11.780061"><ele>1962.226</ele><time>2021-09-02T14:15:07Z</time></trkpt><trkpt lat="46.536450" lon="11.779997"><ele>1961.408</ele><time>2021-09-02T14:15:09Z</time></trkpt><trkpt lat="46.536429" lon="11.779931"><ele>1960.865</ele><time>2021-09-02T14:15:11Z</time></trkpt><trkpt lat="46.536399" lon="11.779869"><ele>1960.339</ele><time>2021-09-02T14:15:13Z</time></trkpt><trkpt lat="46.536338" lon="11.779824"><ele>1959.674</ele><time>2021-09-02T14:15:16Z</time></trkpt><trkpt lat="46.536288" lon="11.779816"><ele>1959.095</ele><time>2021-09-02T14:15:18Z</time></trkpt><trkpt lat="46.536240" lon="11.779822"><ele>1958.539</ele><time>2021-09-02T14:15:20Z</time></trkpt><trkpt lat="46.536183" lon="11.779783"><ele>1957.853</ele><time>2021-09-02T14:15:23Z</time></trkpt><trkpt lat="46.536185" lon="11.779701"><ele>1957.464</ele><time>2021-09-02T14:15:25Z</time></trkpt><trkpt lat="46.536205" lon="11.779628"><ele>1956.999</ele><time>2021-09-02T14:15:27Z</time></trkpt><trkpt lat="46.536224" lon="11.779566"><ele>1956.426</ele><time>2021-09-02T14:15:29Z</time></trkpt><trkpt lat="46.536244" lon="11.779476"><ele>1955.247</ele><time>2021-09-02T14:15:32Z</time></trkpt><trkpt lat="46.536249" lon="11.779401"><ele>1953.811</ele><time>2021-09-02T14:15:36Z</time></trkpt><trkpt lat="46.536198" lon="11.779382"><ele>1953.208</ele><time>2021-09-02T14:15:40Z</time></trkpt><trkpt lat="46.536146" lon="11.779334"><ele>1953.250</ele><time>2021-09-02T14:15:50Z</time></trkpt><trkpt lat="46.536098" lon="11.779353"><ele>1952.934</ele><time>2021-09-02T14:15:54Z</time></trkpt><trkpt lat="46.536035" lon="11.779378"><ele>1952.079</ele><time>2021-09-02T14:15:57Z</time></trkpt><trkpt lat="46.535973" lon="11.779354"><ele>1951.090</ele><time>2021-09-02T14:16:00Z</time></trkpt><trkpt lat="46.535917" lon="11.779325"><ele>1950.284</ele><time>2021-09-02T14:16:03Z</time></trkpt><trkpt lat="46.535888" lon="11.779274"><ele>1949.778</ele><time>2021-09-02T14:16:05Z</time></trkpt><trkpt lat="46.535832" lon="11.779221"><ele>1948.259</ele><time>2021-09-02T14:16:08Z</time></trkpt><trkpt lat="46.535785" lon="11.779173"><ele>1946.814</ele><time>2021-09-02T14:16:11Z</time></trkpt><trkpt lat="46.535739" lon="11.779158"><ele>1946.035</ele><time>2021-09-02T14:16:13Z</time></trkpt><trkpt lat="46.535682" lon="11.779095"><ele>1944.986</ele><time>2021-09-02T14:16:16Z</time></trkpt><trkpt lat="46.535621" lon="11.779070"><ele>1944.014</ele><time>2021-09-02T14:16:19Z</time></trkpt><trkpt lat="46.535575" lon="11.779052"><ele>1943.508</ele><time>2021-09-02T14:16:21Z</time></trkpt><trkpt lat="46.535534" lon="11.779007"><ele>1943.051</ele><time>2021-09-02T14:16:24Z</time></trkpt><trkpt lat="46.535487" lon="11.778969"><ele>1942.575</ele><time>2021-09-02T14:16:27Z</time></trkpt><trkpt lat="46.535447" lon="11.778917"><ele>1942.140</ele><time>2021-09-02T14:16:30Z</time></trkpt><trkpt lat="46.535399" lon="11.778864"><ele>1941.771</ele><time>2021-09-02T14:16:33Z</time></trkpt><trkpt lat="46.535354" lon="11.778848"><ele>1941.325</ele><time>2021-09-02T14:16:35Z</time></trkpt><trkpt lat="46.535300" lon="11.778798"><ele>1940.669</ele><time>2021-09-02T14:16:38Z</time></trkpt><trkpt lat="46.535254" lon="11.778741"><ele>1939.630</ele><time>2021-09-02T14:16:41Z</time></trkpt><trkpt lat="46.535225" lon="11.778657"><ele>1938.455</ele><time>2021-09-02T14:16:44Z</time></trkpt><trkpt lat="46.535200" lon="11.778595"><ele>1937.283</ele><time>2021-09-02T14:16:47Z</time></trkpt><trkpt lat="46.535192" lon="11.778507"><ele>1936.025</ele><time>2021-09-02T14:16:50Z</time></trkpt><trkpt lat="46.535158" lon="11.778446"><ele>1934.717</ele><time>2021-09-02T14:16:53Z</time></trkpt><trkpt lat="46.535099" lon="11.778429"><ele>1933.608</ele><time>2021-09-02T14:16:56Z</time></trkpt><trkpt lat="46.535049" lon="11.778450"><ele>1932.656</ele><time>2021-09-02T14:16:59Z</time></trkpt><trkpt lat="46.535008" lon="11.778507"><ele>1931.690</ele><time>2021-09-02T14:17:02Z</time></trkpt><trkpt lat="46.534977" lon="11.778563"><ele>1930.685</ele><time>2021-09-02T14:17:05Z</time></trkpt><trkpt lat="46.534949" lon="11.778615"><ele>1929.416</ele><time>2021-09-02T14:17:08Z</time></trkpt><trkpt lat="46.534913" lon="11.778683"><ele>1927.930</ele><time>2021-09-02T14:17:12Z</time></trkpt><trkpt lat="46.534895" lon="11.778754"><ele>1926.434</ele><time>2021-09-02T14:17:16Z</time></trkpt><trkpt lat="46.534879" lon="11.778819"><ele>1923.635</ele><time>2021-09-02T14:17:23Z</time></trkpt><trkpt lat="46.534845" lon="11.778865"><ele>1921.220</ele><time>2021-09-02T14:17:28Z</time></trkpt><trkpt lat="46.534804" lon="11.778912"><ele>1919.568</ele><time>2021-09-02T14:17:33Z</time></trkpt><trkpt lat="46.534761" lon="11.778952"><ele>1917.742</ele><time>2021-09-02T14:17:38Z</time></trkpt><trkpt lat="46.534717" lon="11.778994"><ele>1916.326</ele><time>2021-09-02T14:17:42Z</time></trkpt><trkpt lat="46.534665" lon="11.779017"><ele>1914.708</ele><time>2021-09-02T14:17:47Z</time></trkpt><trkpt lat="46.534616" lon="11.779065"><ele>1913.274</ele><time>2021-09-02T14:17:51Z</time></trkpt><trkpt lat="46.534573" lon="11.779116"><ele>1911.888</ele><time>2021-09-02T14:17:54Z</time></trkpt><trkpt lat="46.534515" lon="11.779128"><ele>1910.533</ele><time>2021-09-02T14:17:57Z</time></trkpt><trkpt lat="46.534463" lon="11.779166"><ele>1909.474</ele><time>2021-09-02T14:18:00Z</time></trkpt><trkpt lat="46.534417" lon="11.779198"><ele>1908.688</ele><time>2021-09-02T14:18:02Z</time></trkpt><trkpt lat="46.534341" lon="11.779194"><ele>1907.832</ele><time>2021-09-02T14:18:05Z</time></trkpt><trkpt lat="46.534299" lon="11.779237"><ele>1907.493</ele><time>2021-09-02T14:18:07Z</time></trkpt><trkpt lat="46.534239" lon="11.779271"><ele>1906.788</ele><time>2021-09-02T14:18:10Z</time></trkpt><trkpt lat="46.534197" lon="11.779309"><ele>1906.264</ele><time>2021-09-02T14:18:12Z</time></trkpt><trkpt lat="46.534156" lon="11.779347"><ele>1905.706</ele><time>2021-09-02T14:18:14Z</time></trkpt><trkpt lat="46.534122" lon="11.779400"><ele>1905.116</ele><time>2021-09-02T14:18:16Z</time></trkpt><trkpt lat="46.534078" lon="11.779433"><ele>1904.608</ele><time>2021-09-02T14:18:18Z</time></trkpt><trkpt lat="46.534040" lon="11.779483"><ele>1904.264</ele><time>2021-09-02T14:18:20Z</time></trkpt><trkpt lat="46.534000" lon="11.779518"><ele>1903.778</ele><time>2021-09-02T14:18:22Z</time></trkpt><trkpt lat="46.533966" lon="11.779566"><ele>1903.593</ele><time>2021-09-02T14:18:24Z</time></trkpt><trkpt lat="46.533922" lon="11.779586"><ele>1903.254</ele><time>2021-09-02T14:18:26Z</time></trkpt><trkpt lat="46.533878" lon="11.779621"><ele>1903.138</ele><time>2021-09-02T14:18:28Z</time></trkpt><trkpt lat="46.533827" lon="11.779675"><ele>1903.222</ele><time>2021-09-02T14:18:31Z</time></trkpt><trkpt lat="46.533788" lon="11.779712"><ele>1903.523</ele><time>2021-09-02T14:18:33Z</time></trkpt><trkpt lat="46.533740" lon="11.779763"><ele>1903.818</ele><time>2021-09-02T14:18:36Z</time></trkpt><trkpt lat="46.533688" lon="11.779816"><ele>1903.528</ele><time>2021-09-02T14:18:39Z</time></trkpt><trkpt lat="46.533635" lon="11.779847"><ele>1902.589</ele><time>2021-09-02T14:18:42Z</time></trkpt><trkpt lat="46.533599" lon="11.779891"><ele>1901.917</ele><time>2021-09-02T14:18:44Z</time></trkpt><trkpt lat="46.533548" lon="11.779943"><ele>1900.908</ele><time>2021-09-02T14:18:47Z</time></trkpt><trkpt lat="46.533492" lon="11.779983"><ele>1899.850</ele><time>2021-09-02T14:18:50Z</time></trkpt><trkpt lat="46.533441" lon="11.780036"><ele>1898.714</ele><time>2021-09-02T14:18:53Z</time></trkpt><trkpt lat="46.533403" lon="11.780075"><ele>1898.129</ele><time>2021-09-02T14:18:55Z</time></trkpt><trkpt lat="46.533344" lon="11.780107"><ele>1897.580</ele><time>2021-09-02T14:18:58Z</time></trkpt><trkpt lat="46.533307" lon="11.780149"><ele>1897.034</ele><time>2021-09-02T14:19:00Z</time></trkpt><trkpt lat="46.533265" lon="11.780193"><ele>1896.468</ele><time>2021-09-02T14:19:02Z</time></trkpt><trkpt lat="46.533231" lon="11.780245"><ele>1895.929</ele><time>2021-09-02T14:19:04Z</time></trkpt><trkpt lat="46.533199" lon="11.780304"><ele>1895.474</ele><time>2021-09-02T14:19:06Z</time></trkpt><trkpt lat="46.533178" lon="11.780364"><ele>1894.913</ele><time>2021-09-02T14:19:08Z</time></trkpt><trkpt lat="46.533157" lon="11.780428"><ele>1894.643</ele><time>2021-09-02T14:19:10Z</time></trkpt><trkpt lat="46.533122" lon="11.780510"><ele>1893.907</ele><time>2021-09-02T14:19:13Z</time></trkpt><trkpt lat="46.533096" lon="11.780571"><ele>1893.408</ele><time>2021-09-02T14:19:15Z</time></trkpt><trkpt lat="46.533065" lon="11.780627"><ele>1892.899</ele><time>2021-09-02T14:19:17Z</time></trkpt><trkpt lat="46.533003" lon="11.780675"><ele>1892.653</ele><time>2021-09-02T14:19:20Z</time></trkpt><trkpt lat="46.532972" lon="11.780729"><ele>1892.668</ele><time>2021-09-02T14:19:22Z</time></trkpt><trkpt lat="46.532941" lon="11.780784"><ele>1892.599</ele><time>2021-09-02T14:19:24Z</time></trkpt><trkpt lat="46.532907" lon="11.780835"><ele>1892.383</ele><time>2021-09-02T14:19:26Z</time></trkpt><trkpt lat="46.532868" lon="11.780883"><ele>1892.157</ele><time>2021-09-02T14:19:28Z</time></trkpt><trkpt lat="46.532809" lon="11.780936"><ele>1891.968</ele><time>2021-09-02T14:19:31Z</time></trkpt><trkpt lat="46.532749" lon="11.780967"><ele>1891.333</ele><time>2021-09-02T14:19:34Z</time></trkpt><trkpt lat="46.532694" lon="11.780978"><ele>1890.946</ele><time>2021-09-02T14:19:36Z</time></trkpt><trkpt lat="46.532632" lon="11.780981"><ele>1890.388</ele><time>2021-09-02T14:19:39Z</time></trkpt><trkpt lat="46.532575" lon="11.780970"><ele>1889.816</ele><time>2021-09-02T14:19:42Z</time></trkpt><trkpt lat="46.532515" lon="11.780966"><ele>1889.508</ele><time>2021-09-02T14:19:45Z</time></trkpt><trkpt lat="46.532468" lon="11.780943"><ele>1889.062</ele><time>2021-09-02T14:19:48Z</time></trkpt><trkpt lat="46.532426" lon="11.780912"><ele>1888.616</ele><time>2021-09-02T14:19:51Z</time></trkpt><trkpt lat="46.532380" lon="11.780890"><ele>1888.491</ele><time>2021-09-02T14:19:55Z</time></trkpt><trkpt lat="46.532320" lon="11.780875"><ele>1888.382</ele><time>2021-09-02T14:19:59Z</time></trkpt><trkpt lat="46.532265" lon="11.780896"><ele>1888.386</ele><time>2021-09-02T14:20:02Z</time></trkpt><trkpt lat="46.532229" lon="11.780951"><ele>1888.340</ele><time>2021-09-02T14:20:05Z</time></trkpt><trkpt lat="46.532199" lon="11.781020"><ele>1888.441</ele><time>2021-09-02T14:20:08Z</time></trkpt><trkpt lat="46.532180" lon="11.781080"><ele>1888.486</ele><time>2021-09-02T14:20:10Z</time></trkpt><trkpt lat="46.532169" lon="11.781152"><ele>1888.584</ele><time>2021-09-02T14:20:12Z</time></trkpt><trkpt lat="46.532161" lon="11.781222"><ele>1888.507</ele><time>2021-09-02T14:20:14Z</time></trkpt><trkpt lat="46.532155" lon="11.781310"><ele>1888.517</ele><time>2021-09-02T14:20:17Z</time></trkpt><trkpt lat="46.532130" lon="11.781391"><ele>1888.508</ele><time>2021-09-02T14:20:20Z</time></trkpt><trkpt lat="46.532124" lon="11.781472"><ele>1888.556</ele><time>2021-09-02T14:20:23Z</time></trkpt><trkpt lat="46.532123" lon="11.781550"><ele>1888.540</ele><time>2021-09-02T14:20:35Z</time></trkpt><trkpt lat="46.532105" lon="11.781614"><ele>1888.485</ele><time>2021-09-02T14:20:38Z</time></trkpt><trkpt lat="46.532096" lon="11.781706"><ele>1888.096</ele><time>2021-09-02T14:20:43Z</time></trkpt><trkpt lat="46.532081" lon="11.781783"><ele>1887.910</ele><time>2021-09-02T14:20:46Z</time></trkpt><trkpt lat="46.532062" lon="11.781856"><ele>1887.624</ele><time>2021-09-02T14:20:49Z</time></trkpt><trkpt lat="46.532048" lon="11.781937"><ele>1887.215</ele><time>2021-09-02T14:20:53Z</time></trkpt><trkpt lat="46.532060" lon="11.782016"><ele>1886.810</ele><time>2021-09-02T14:20:58Z</time></trkpt><trkpt lat="46.532057" lon="11.782098"><ele>1886.557</ele><time>2021-09-02T14:21:01Z</time></trkpt><trkpt lat="46.532051" lon="11.782173"><ele>1886.100</ele><time>2021-09-02T14:21:04Z</time></trkpt><trkpt lat="46.532008" lon="11.782200"><ele>1885.820</ele><time>2021-09-02T14:21:07Z</time></trkpt><trkpt lat="46.531957" lon="11.782168"><ele>1885.708</ele><time>2021-09-02T14:21:10Z</time></trkpt><trkpt lat="46.531924" lon="11.782103"><ele>1885.153</ele><time>2021-09-02T14:21:14Z</time></trkpt><trkpt lat="46.531898" lon="11.782034"><ele>1884.587</ele><time>2021-09-02T14:21:18Z</time></trkpt><trkpt lat="46.531870" lon="11.781973"><ele>1884.052</ele><time>2021-09-02T14:21:21Z</time></trkpt><trkpt lat="46.531828" lon="11.781935"><ele>1882.973</ele><time>2021-09-02T14:21:25Z</time></trkpt><trkpt lat="46.531795" lon="11.781883"><ele>1881.257</ele><time>2021-09-02T14:21:30Z</time></trkpt><trkpt lat="46.531763" lon="11.781812"><ele>1879.531</ele><time>2021-09-02T14:21:35Z</time></trkpt><trkpt lat="46.531728" lon="11.781736"><ele>1878.032</ele><time>2021-09-02T14:21:39Z</time></trkpt><trkpt lat="46.531689" lon="11.781666"><ele>1876.757</ele><time>2021-09-02T14:21:42Z</time></trkpt><trkpt lat="46.531672" lon="11.781597"><ele>1875.865</ele><time>2021-09-02T14:21:44Z</time></trkpt><trkpt lat="46.531664" lon="11.781511"><ele>1874.468</ele><time>2021-09-02T14:21:47Z</time></trkpt><trkpt lat="46.531645" lon="11.781451"><ele>1873.614</ele><time>2021-09-02T14:21:49Z</time></trkpt><trkpt lat="46.531640" lon="11.781384"><ele>1873.008</ele><time>2021-09-02T14:21:51Z</time></trkpt><trkpt lat="46.531649" lon="11.781318"><ele>1872.764</ele><time>2021-09-02T14:21:53Z</time></trkpt><trkpt lat="46.531657" lon="11.781253"><ele>1872.648</ele><time>2021-09-02T14:21:55Z</time></trkpt><trkpt lat="46.531634" lon="11.781184"><ele>1872.453</ele><time>2021-09-02T14:21:57Z</time></trkpt><trkpt lat="46.531575" lon="11.781138"><ele>1871.594</ele><time>2021-09-02T14:22:00Z</time></trkpt><trkpt lat="46.531514" lon="11.781099"><ele>1870.478</ele><time>2021-09-02T14:22:03Z</time></trkpt><trkpt lat="46.531467" lon="11.781057"><ele>1869.772</ele><time>2021-09-02T14:22:06Z</time></trkpt><trkpt lat="46.531439" lon="11.780985"><ele>1869.663</ele><time>2021-09-02T14:22:09Z</time></trkpt><trkpt lat="46.531431" lon="11.780906"><ele>1869.668</ele><time>2021-09-02T14:22:12Z</time></trkpt><trkpt lat="46.531432" lon="11.780829"><ele>1869.233</ele><time>2021-09-02T14:22:16Z</time></trkpt><trkpt lat="46.531436" lon="11.780756"><ele>1868.323</ele><time>2021-09-02T14:22:20Z</time></trkpt><trkpt lat="46.531443" lon="11.780686"><ele>1867.015</ele><time>2021-09-02T14:22:24Z</time></trkpt><trkpt lat="46.531449" lon="11.780604"><ele>1865.908</ele><time>2021-09-02T14:22:27Z</time></trkpt><trkpt lat="46.531472" lon="11.780515"><ele>1864.621</ele><time>2021-09-02T14:22:30Z</time></trkpt><trkpt lat="46.531491" lon="11.780419"><ele>1863.675</ele><time>2021-09-02T14:22:33Z</time></trkpt><trkpt lat="46.531501" lon="11.780353"><ele>1863.040</ele><time>2021-09-02T14:22:35Z</time></trkpt><trkpt lat="46.531518" lon="11.780281"><ele>1862.481</ele><time>2021-09-02T14:22:37Z</time></trkpt><trkpt lat="46.531538" lon="11.780213"><ele>1861.865</ele><time>2021-09-02T14:22:39Z</time></trkpt><trkpt lat="46.531548" lon="11.780146"><ele>1861.489</ele><time>2021-09-02T14:22:41Z</time></trkpt><trkpt lat="46.531567" lon="11.780079"><ele>1860.940</ele><time>2021-09-02T14:22:43Z</time></trkpt><trkpt lat="46.531582" lon="11.780010"><ele>1860.675</ele><time>2021-09-02T14:22:45Z</time></trkpt><trkpt lat="46.531595" lon="11.779935"><ele>1860.317</ele><time>2021-09-02T14:22:47Z</time></trkpt><trkpt lat="46.531620" lon="11.779866"><ele>1860.287</ele><time>2021-09-02T14:22:50Z</time></trkpt><trkpt lat="46.531654" lon="11.779802"><ele>1860.215</ele><time>2021-09-02T14:22:53Z</time></trkpt><trkpt lat="46.531674" lon="11.779731"><ele>1859.908</ele><time>2021-09-02T14:22:56Z</time></trkpt><trkpt lat="46.531691" lon="11.779669"><ele>1859.239</ele><time>2021-09-02T14:22:59Z</time></trkpt><trkpt lat="46.531714" lon="11.779604"><ele>1858.213</ele><time>2021-09-02T14:23:02Z</time></trkpt><trkpt lat="46.531736" lon="11.779521"><ele>1857.318</ele><time>2021-09-02T14:23:05Z</time></trkpt><trkpt lat="46.531756" lon="11.779426"><ele>1856.419</ele><time>2021-09-02T14:23:08Z</time></trkpt><trkpt lat="46.531760" lon="11.779356"><ele>1855.743</ele><time>2021-09-02T14:23:10Z</time></trkpt><trkpt lat="46.531761" lon="11.779281"><ele>1854.827</ele><time>2021-09-02T14:23:12Z</time></trkpt><trkpt lat="46.531769" lon="11.779209"><ele>1854.168</ele><time>2021-09-02T14:23:14Z</time></trkpt><trkpt lat="46.531794" lon="11.779138"><ele>1853.523</ele><time>2021-09-02T14:23:16Z</time></trkpt><trkpt lat="46.531804" lon="11.779071"><ele>1853.074</ele><time>2021-09-02T14:23:18Z</time></trkpt><trkpt lat="46.531820" lon="11.778997"><ele>1852.656</ele><time>2021-09-02T14:23:20Z</time></trkpt><trkpt lat="46.531836" lon="11.778932"><ele>1852.121</ele><time>2021-09-02T14:23:22Z</time></trkpt><trkpt lat="46.531845" lon="11.778863"><ele>1851.608</ele><time>2021-09-02T14:23:24Z</time></trkpt><trkpt lat="46.531860" lon="11.778796"><ele>1851.135</ele><time>2021-09-02T14:23:26Z</time></trkpt><trkpt lat="46.531869" lon="11.778728"><ele>1850.619</ele><time>2021-09-02T14:23:28Z</time></trkpt><trkpt lat="46.531873" lon="11.778657"><ele>1850.054</ele><time>2021-09-02T14:23:30Z</time></trkpt><trkpt lat="46.531878" lon="11.778590"><ele>1849.485</ele><time>2021-09-02T14:23:32Z</time></trkpt><trkpt lat="46.531890" lon="11.778520"><ele>1848.869</ele><time>2021-09-02T14:23:34Z</time></trkpt><trkpt lat="46.531902" lon="11.778416"><ele>1848.033</ele><time>2021-09-02T14:23:37Z</time></trkpt><trkpt lat="46.531903" lon="11.778348"><ele>1847.434</ele><time>2021-09-02T14:23:39Z</time></trkpt><trkpt lat="46.531894" lon="11.778278"><ele>1846.739</ele><time>2021-09-02T14:23:41Z</time></trkpt><trkpt lat="46.531873" lon="11.778211"><ele>1846.145</ele><time>2021-09-02T14:23:43Z</time></trkpt><trkpt lat="46.531849" lon="11.778150"><ele>1845.647</ele><time>2021-09-02T14:23:45Z</time></trkpt><trkpt lat="46.531819" lon="11.778092"><ele>1845.111</ele><time>2021-09-02T14:23:47Z</time></trkpt><trkpt lat="46.531801" lon="11.778029"><ele>1844.708</ele><time>2021-09-02T14:23:49Z</time></trkpt><trkpt lat="46.531776" lon="11.777966"><ele>1844.262</ele><time>2021-09-02T14:23:51Z</time></trkpt><trkpt lat="46.531771" lon="11.777894"><ele>1843.776</ele><time>2021-09-02T14:23:53Z</time></trkpt><trkpt lat="46.531765" lon="11.777819"><ele>1843.281</ele><time>2021-09-02T14:23:55Z</time></trkpt><trkpt lat="46.531758" lon="11.777746"><ele>1842.832</ele><time>2021-09-02T14:23:57Z</time></trkpt><trkpt lat="46.531758" lon="11.777662"><ele>1842.466</ele><time>2021-09-02T14:24:00Z</time></trkpt><trkpt lat="46.531749" lon="11.777582"><ele>1841.920</ele><time>2021-09-02T14:24:03Z</time></trkpt><trkpt lat="46.531734" lon="11.777509"><ele>1841.641</ele><time>2021-09-02T14:24:06Z</time></trkpt><trkpt lat="46.531686" lon="11.777479"><ele>1841.256</ele><time>2021-09-02T14:24:11Z</time></trkpt><trkpt lat="46.531639" lon="11.777475"><ele>1841.235</ele><time>2021-09-02T14:24:14Z</time></trkpt><trkpt lat="46.531581" lon="11.777495"><ele>1841.386</ele><time>2021-09-02T14:24:18Z</time></trkpt><trkpt lat="46.531533" lon="11.777521"><ele>1841.314</ele><time>2021-09-02T14:24:22Z</time></trkpt><trkpt lat="46.531488" lon="11.777533"><ele>1841.408</ele><time>2021-09-02T14:24:25Z</time></trkpt><trkpt lat="46.531436" lon="11.777503"><ele>1842.191</ele><time>2021-09-02T14:24:29Z</time></trkpt><trkpt lat="46.531387" lon="11.777465"><ele>1843.455</ele><time>2021-09-02T14:24:34Z</time></trkpt><trkpt lat="46.531337" lon="11.777439"><ele>1844.470</ele><time>2021-09-02T14:24:39Z</time></trkpt><trkpt lat="46.531292" lon="11.777411"><ele>1845.411</ele><time>2021-09-02T14:24:44Z</time></trkpt><trkpt lat="46.531249" lon="11.777391"><ele>1846.335</ele><time>2021-09-02T14:24:48Z</time></trkpt><trkpt lat="46.531195" lon="11.777398"><ele>1846.379</ele><time>2021-09-02T14:24:52Z</time></trkpt><trkpt lat="46.531146" lon="11.777407"><ele>1845.690</ele><time>2021-09-02T14:26:51Z</time></trkpt><trkpt lat="46.531094" lon="11.777436"><ele>1845.675</ele><time>2021-09-02T14:26:54Z</time></trkpt><trkpt lat="46.531044" lon="11.777468"><ele>1845.099</ele><time>2021-09-02T14:26:59Z</time></trkpt><trkpt lat="46.530998" lon="11.777495"><ele>1844.607</ele><time>2021-09-02T14:27:03Z</time></trkpt><trkpt lat="46.530938" lon="11.777500"><ele>1844.227</ele><time>2021-09-02T14:27:07Z</time></trkpt><trkpt lat="46.530888" lon="11.777524"><ele>1843.908</ele><time>2021-09-02T14:27:12Z</time></trkpt><trkpt lat="46.530836" lon="11.777538"><ele>1844.077</ele><time>2021-09-02T14:27:15Z</time></trkpt><trkpt lat="46.530775" lon="11.777552"><ele>1844.241</ele><time>2021-09-02T14:27:18Z</time></trkpt><trkpt lat="46.530714" lon="11.777562"><ele>1844.416</ele><time>2021-09-02T14:27:21Z</time></trkpt><trkpt lat="46.530649" lon="11.777578"><ele>1844.627</ele><time>2021-09-02T14:27:24Z</time></trkpt><trkpt lat="46.530594" lon="11.777577"><ele>1844.741</ele><time>2021-09-02T14:27:27Z</time></trkpt><trkpt lat="46.530540" lon="11.777611"><ele>1844.885</ele><time>2021-09-02T14:27:29Z</time></trkpt><trkpt lat="46.530492" lon="11.777639"><ele>1844.926</ele><time>2021-09-02T14:27:31Z</time></trkpt><trkpt lat="46.530442" lon="11.777646"><ele>1844.871</ele><time>2021-09-02T14:27:33Z</time></trkpt><trkpt lat="46.530391" lon="11.777660"><ele>1844.713</ele><time>2021-09-02T14:27:35Z</time></trkpt><trkpt lat="46.530343" lon="11.777678"><ele>1844.643</ele><time>2021-09-02T14:27:37Z</time></trkpt><trkpt lat="46.530293" lon="11.777675"><ele>1844.707</ele><time>2021-09-02T14:27:39Z</time></trkpt><trkpt lat="46.530245" lon="11.777686"><ele>1844.808</ele><time>2021-09-02T14:27:41Z</time></trkpt><trkpt lat="46.530185" lon="11.777700"><ele>1845.329</ele><time>2021-09-02T14:27:44Z</time></trkpt><trkpt lat="46.530128" lon="11.777702"><ele>1845.743</ele><time>2021-09-02T14:27:47Z</time></trkpt><trkpt lat="46.530071" lon="11.777698"><ele>1845.848</ele><time>2021-09-02T14:27:50Z</time></trkpt><trkpt lat="46.530012" lon="11.777685"><ele>1845.839</ele><time>2021-09-02T14:27:53Z</time></trkpt><trkpt lat="46.529967" lon="11.777698"><ele>1845.863</ele><time>2021-09-02T14:27:56Z</time></trkpt><trkpt lat="46.529929" lon="11.777742"><ele>1845.637</ele><time>2021-09-02T14:27:58Z</time></trkpt><trkpt lat="46.529880" lon="11.777790"><ele>1845.648</ele><time>2021-09-02T14:28:02Z</time></trkpt><trkpt lat="46.529820" lon="11.777799"><ele>1846.043</ele><time>2021-09-02T14:28:05Z</time></trkpt><trkpt lat="46.529766" lon="11.777792"><ele>1846.517</ele><time>2021-09-02T14:28:08Z</time></trkpt><trkpt lat="46.529715" lon="11.777739"><ele>1847.187</ele><time>2021-09-02T14:28:11Z</time></trkpt><trkpt lat="46.529667" lon="11.777710"><ele>1847.715</ele><time>2021-09-02T14:28:15Z</time></trkpt><trkpt lat="46.529641" lon="11.777656"><ele>1847.908</ele><time>2021-09-02T14:28:19Z</time></trkpt><trkpt lat="46.529617" lon="11.777597"><ele>1848.219</ele><time>2021-09-02T14:28:23Z</time></trkpt><trkpt lat="46.529574" lon="11.777574"><ele>1848.593</ele><time>2021-09-02T14:28:29Z</time></trkpt><trkpt lat="46.529526" lon="11.777547"><ele>1848.778</ele><time>2021-09-02T14:28:33Z</time></trkpt><trkpt lat="46.529498" lon="11.777493"><ele>1849.169</ele><time>2021-09-02T14:28:38Z</time></trkpt><trkpt lat="46.529493" lon="11.777421"><ele>1849.723</ele><time>2021-09-02T14:28:42Z</time></trkpt><trkpt lat="46.529462" lon="11.777350"><ele>1849.967</ele><time>2021-09-02T14:28:46Z</time></trkpt><trkpt lat="46.529459" lon="11.777279"><ele>1850.168</ele><time>2021-09-02T14:28:50Z</time></trkpt><trkpt lat="46.529451" lon="11.777208"><ele>1850.523</ele><time>2021-09-02T14:28:54Z</time></trkpt><trkpt lat="46.529418" lon="11.777147"><ele>1851.317</ele><time>2021-09-02T14:28:59Z</time></trkpt><trkpt lat="46.529376" lon="11.777096"><ele>1851.487</ele><time>2021-09-02T14:29:03Z</time></trkpt><trkpt lat="46.529354" lon="11.777026"><ele>1851.415</ele><time>2021-09-02T14:29:07Z</time></trkpt><trkpt lat="46.529297" lon="11.777023"><ele>1851.508</ele><time>2021-09-02T14:29:10Z</time></trkpt><trkpt lat="46.529253" lon="11.776998"><ele>1852.059</ele><time>2021-09-02T14:29:13Z</time></trkpt><trkpt lat="46.529207" lon="11.776963"><ele>1852.553</ele><time>2021-09-02T14:29:16Z</time></trkpt><trkpt lat="46.529149" lon="11.776952"><ele>1852.878</ele><time>2021-09-02T14:29:19Z</time></trkpt><trkpt lat="46.529096" lon="11.776917"><ele>1852.729</ele><time>2021-09-02T14:29:22Z</time></trkpt><trkpt lat="46.529075" lon="11.776846"><ele>1852.763</ele><time>2021-09-02T14:29:24Z</time></trkpt><trkpt lat="46.529067" lon="11.776771"><ele>1852.927</ele><time>2021-09-02T14:29:27Z</time></trkpt><trkpt lat="46.529032" lon="11.776727"><ele>1853.688</ele><time>2021-09-02T14:29:31Z</time></trkpt><trkpt lat="46.528979" lon="11.776707"><ele>1853.593</ele><time>2021-09-02T14:29:35Z</time></trkpt><trkpt lat="46.528926" lon="11.776679"><ele>1853.339</ele><time>2021-09-02T14:29:38Z</time></trkpt><trkpt lat="46.528891" lon="11.776635"><ele>1853.101</ele><time>2021-09-02T14:29:40Z</time></trkpt><trkpt lat="46.528849" lon="11.776577"><ele>1853.421</ele><time>2021-09-02T14:29:43Z</time></trkpt><trkpt lat="46.528812" lon="11.776536"><ele>1854.008</ele><time>2021-09-02T14:29:46Z</time></trkpt><trkpt lat="46.528772" lon="11.776480"><ele>1854.841</ele><time>2021-09-02T14:29:50Z</time></trkpt><trkpt lat="46.528746" lon="11.776423"><ele>1856.075</ele><time>2021-09-02T14:29:59Z</time></trkpt><trkpt lat="46.528695" lon="11.776384"><ele>1856.680</ele><time>2021-09-02T14:30:04Z</time></trkpt><trkpt lat="46.528661" lon="11.776342"><ele>1857.221</ele><time>2021-09-02T14:30:09Z</time></trkpt><trkpt lat="46.528617" lon="11.776293"><ele>1858.245</ele><time>2021-09-02T14:30:15Z</time></trkpt><trkpt lat="46.528567" lon="11.776267"><ele>1859.119</ele><time>2021-09-02T14:30:20Z</time></trkpt><trkpt lat="46.528525" lon="11.776215"><ele>1860.140</ele><time>2021-09-02T14:30:26Z</time></trkpt><trkpt lat="46.528501" lon="11.776157"><ele>1860.345</ele><time>2021-09-02T14:30:30Z</time></trkpt><trkpt lat="46.528469" lon="11.776104"><ele>1860.742</ele><time>2021-09-02T14:30:35Z</time></trkpt><trkpt lat="46.528426" lon="11.776055"><ele>1861.522</ele><time>2021-09-02T14:30:40Z</time></trkpt><trkpt lat="46.528385" lon="11.776020"><ele>1862.414</ele><time>2021-09-02T14:30:45Z</time></trkpt><trkpt lat="46.528345" lon="11.775980"><ele>1863.008</ele><time>2021-09-02T14:30:49Z</time></trkpt><trkpt lat="46.528313" lon="11.775927"><ele>1863.552</ele><time>2021-09-02T14:30:53Z</time></trkpt><trkpt lat="46.528282" lon="11.775856"><ele>1864.136</ele><time>2021-09-02T14:30:57Z</time></trkpt><trkpt lat="46.528253" lon="11.775782"><ele>1864.611</ele><time>2021-09-02T14:31:01Z</time></trkpt><trkpt lat="46.528219" lon="11.775731"><ele>1864.882</ele><time>2021-09-02T14:31:04Z</time></trkpt><trkpt lat="46.528186" lon="11.775685"><ele>1864.876</ele><time>2021-09-02T14:31:07Z</time></trkpt><trkpt lat="46.528161" lon="11.775627"><ele>1864.960</ele><time>2021-09-02T14:31:10Z</time></trkpt><trkpt lat="46.528121" lon="11.775589"><ele>1865.241</ele><time>2021-09-02T14:31:14Z</time></trkpt><trkpt lat="46.528068" lon="11.775600"><ele>1865.776</ele><time>2021-09-02T14:31:18Z</time></trkpt><trkpt lat="46.528015" lon="11.775617"><ele>1866.622</ele><time>2021-09-02T14:31:23Z</time></trkpt><trkpt lat="46.527956" lon="11.775631"><ele>1867.162</ele><time>2021-09-02T14:31:27Z</time></trkpt><trkpt lat="46.527908" lon="11.775634"><ele>1867.708</ele><time>2021-09-02T14:31:31Z</time></trkpt><trkpt lat="46.527856" lon="11.775627"><ele>1868.408</ele><time>2021-09-02T14:31:35Z</time></trkpt><trkpt lat="46.527808" lon="11.775604"><ele>1869.160</ele><time>2021-09-02T14:31:39Z</time></trkpt><trkpt lat="46.527759" lon="11.775584"><ele>1869.694</ele><time>2021-09-02T14:31:43Z</time></trkpt><trkpt lat="46.527705" lon="11.775557"><ele>1870.099</ele><time>2021-09-02T14:31:47Z</time></trkpt><trkpt lat="46.527660" lon="11.775544"><ele>1870.050</ele><time>2021-09-02T14:31:50Z</time></trkpt><trkpt lat="46.527608" lon="11.775520"><ele>1869.934</ele><time>2021-09-02T14:31:53Z</time></trkpt><trkpt lat="46.527550" lon="11.775503"><ele>1870.348</ele><time>2021-09-02T14:31:57Z</time></trkpt><trkpt lat="46.527502" lon="11.775494"><ele>1870.789</ele><time>2021-09-02T14:32:00Z</time></trkpt><trkpt lat="46.527450" lon="11.775482"><ele>1871.074</ele><time>2021-09-02T14:32:03Z</time></trkpt><trkpt lat="46.527401" lon="11.775469"><ele>1871.243</ele><time>2021-09-02T14:32:05Z</time></trkpt><trkpt lat="46.527346" lon="11.775431"><ele>1871.564</ele><time>2021-09-02T14:32:08Z</time></trkpt><trkpt lat="46.527298" lon="11.775415"><ele>1871.810</ele><time>2021-09-02T14:32:11Z</time></trkpt><trkpt lat="46.527255" lon="11.775393"><ele>1872.408</ele><time>2021-09-02T14:32:15Z</time></trkpt><trkpt lat="46.527208" lon="11.775377"><ele>1872.842</ele><time>2021-09-02T14:32:19Z</time></trkpt><trkpt lat="46.527167" lon="11.775336"><ele>1873.256</ele><time>2021-09-02T14:32:23Z</time></trkpt><trkpt lat="46.527115" lon="11.775299"><ele>1873.271</ele><time>2021-09-02T14:32:27Z</time></trkpt><trkpt lat="46.527054" lon="11.775275"><ele>1873.212</ele><time>2021-09-02T14:32:31Z</time></trkpt><trkpt lat="46.527009" lon="11.775255"><ele>1873.546</ele><time>2021-09-02T14:32:35Z</time></trkpt><trkpt lat="46.526961" lon="11.775227"><ele>1874.070</ele><time>2021-09-02T14:32:39Z</time></trkpt><trkpt lat="46.526927" lon="11.775183"><ele>1874.581</ele><time>2021-09-02T14:32:43Z</time></trkpt><trkpt lat="46.526919" lon="11.775096"><ele>1875.226</ele><time>2021-09-02T14:32:49Z</time></trkpt><trkpt lat="46.526905" lon="11.775015"><ele>1875.747</ele><time>2021-09-02T14:32:54Z</time></trkpt><trkpt lat="46.526898" lon="11.774946"><ele>1876.329</ele><time>2021-09-02T14:32:58Z</time></trkpt><trkpt lat="46.526890" lon="11.774868"><ele>1876.921</ele><time>2021-09-02T14:33:02Z</time></trkpt><trkpt lat="46.526865" lon="11.774814"><ele>1877.508</ele><time>2021-09-02T14:33:06Z</time></trkpt><trkpt lat="46.526842" lon="11.774745"><ele>1878.352</ele><time>2021-09-02T14:33:11Z</time></trkpt><trkpt lat="46.526815" lon="11.774684"><ele>1879.066</ele><time>2021-09-02T14:33:15Z</time></trkpt><trkpt lat="46.526786" lon="11.774628"><ele>1879.711</ele><time>2021-09-02T14:33:19Z</time></trkpt><trkpt lat="46.526750" lon="11.774562"><ele>1880.452</ele><time>2021-09-02T14:33:24Z</time></trkpt><trkpt lat="46.526730" lon="11.774502"><ele>1880.946</ele><time>2021-09-02T14:33:28Z</time></trkpt><trkpt lat="46.526706" lon="11.774439"><ele>1881.460</ele><time>2021-09-02T14:33:32Z</time></trkpt><trkpt lat="46.526681" lon="11.774384"><ele>1882.061</ele><time>2021-09-02T14:33:36Z</time></trkpt><trkpt lat="46.526664" lon="11.774319"><ele>1882.546</ele><time>2021-09-02T14:33:40Z</time></trkpt><trkpt lat="46.526648" lon="11.774244"><ele>1883.146</ele><time>2021-09-02T14:33:44Z</time></trkpt><trkpt lat="46.526623" lon="11.774177"><ele>1883.888</ele><time>2021-09-02T14:33:49Z</time></trkpt><trkpt lat="46.526605" lon="11.774112"><ele>1884.816</ele><time>2021-09-02T14:33:54Z</time></trkpt><trkpt lat="46.526577" lon="11.774043"><ele>1885.608</ele><time>2021-09-02T14:33:59Z</time></trkpt><trkpt lat="46.526546" lon="11.773996"><ele>1886.432</ele><time>2021-09-02T14:34:11Z</time></trkpt><trkpt lat="46.526518" lon="11.773934"><ele>1887.136</ele><time>2021-09-02T14:34:16Z</time></trkpt><trkpt lat="46.526503" lon="11.773859"><ele>1888.521</ele><time>2021-09-02T14:34:22Z</time></trkpt><trkpt lat="46.526481" lon="11.773800"><ele>1889.942</ele><time>2021-09-02T14:34:27Z</time></trkpt><trkpt lat="46.526460" lon="11.773742"><ele>1891.126</ele><time>2021-09-02T14:34:32Z</time></trkpt><trkpt lat="46.526436" lon="11.773679"><ele>1892.160</ele><time>2021-09-02T14:34:37Z</time></trkpt><trkpt lat="46.526407" lon="11.773615"><ele>1893.121</ele><time>2021-09-02T14:34:42Z</time></trkpt><trkpt lat="46.526366" lon="11.773569"><ele>1894.246</ele><time>2021-09-02T14:35:03Z</time></trkpt><trkpt lat="46.526347" lon="11.773493"><ele>1895.455</ele><time>2021-09-02T14:35:09Z</time></trkpt><trkpt lat="46.526312" lon="11.773436"><ele>1896.507</ele><time>2021-09-02T14:35:15Z</time></trkpt><trkpt lat="46.526295" lon="11.773362"><ele>1897.417</ele><time>2021-09-02T14:35:21Z</time></trkpt><trkpt lat="46.526259" lon="11.773317"><ele>1898.308</ele><time>2021-09-02T14:35:26Z</time></trkpt><trkpt lat="46.526221" lon="11.773263"><ele>1899.393</ele><time>2021-09-02T14:35:31Z</time></trkpt><trkpt lat="46.526183" lon="11.773223"><ele>1900.257</ele><time>2021-09-02T14:35:35Z</time></trkpt><trkpt lat="46.526144" lon="11.773166"><ele>1901.132</ele><time>2021-09-02T14:35:39Z</time></trkpt><trkpt lat="46.526113" lon="11.773110"><ele>1901.943</ele><time>2021-09-02T14:35:44Z</time></trkpt><trkpt lat="46.526072" lon="11.773065"><ele>1902.687</ele><time>2021-09-02T14:35:49Z</time></trkpt><trkpt lat="46.526036" lon="11.773015"><ele>1903.081</ele><time>2021-09-02T14:35:53Z</time></trkpt><trkpt lat="46.525993" lon="11.772972"><ele>1903.392</ele><time>2021-09-02T14:35:57Z</time></trkpt><trkpt lat="46.525956" lon="11.772933"><ele>1903.557</ele><time>2021-09-02T14:36:00Z</time></trkpt><trkpt lat="46.525908" lon="11.772895"><ele>1903.863</ele><time>2021-09-02T14:36:04Z</time></trkpt><trkpt lat="46.525858" lon="11.772863"><ele>1904.044</ele><time>2021-09-02T14:36:08Z</time></trkpt><trkpt lat="46.525809" lon="11.772831"><ele>1904.218</ele><time>2021-09-02T14:36:12Z</time></trkpt><trkpt lat="46.525763" lon="11.772793"><ele>1904.308</ele><time>2021-09-02T14:36:16Z</time></trkpt><trkpt lat="46.525717" lon="11.772741"><ele>1904.494</ele><time>2021-09-02T14:36:20Z</time></trkpt><trkpt lat="46.525679" lon="11.772699"><ele>1904.668</ele><time>2021-09-02T14:36:24Z</time></trkpt><trkpt lat="46.525638" lon="11.772648"><ele>1904.873</ele><time>2021-09-02T14:36:28Z</time></trkpt><trkpt lat="46.525596" lon="11.772611"><ele>1904.954</ele><time>2021-09-02T14:36:31Z</time></trkpt><trkpt lat="46.525556" lon="11.772558"><ele>1905.258</ele><time>2021-09-02T14:36:35Z</time></trkpt><trkpt lat="46.525509" lon="11.772516"><ele>1905.622</ele><time>2021-09-02T14:36:39Z</time></trkpt><trkpt lat="46.525479" lon="11.772463"><ele>1906.413</ele><time>2021-09-02T14:36:44Z</time></trkpt><trkpt lat="46.525441" lon="11.772413"><ele>1907.178</ele><time>2021-09-02T14:36:48Z</time></trkpt><trkpt lat="46.525409" lon="11.772365"><ele>1907.971</ele><time>2021-09-02T14:36:52Z</time></trkpt><trkpt lat="46.525438" lon="11.772303"><ele>1908.941</ele><time>2021-09-02T14:37:01Z</time></trkpt><trkpt lat="46.525470" lon="11.772243"><ele>1909.415</ele><time>2021-09-02T14:37:32Z</time></trkpt><trkpt lat="46.525425" lon="11.772226"><ele>1909.508</ele><time>2021-09-02T14:37:38Z</time></trkpt><trkpt lat="46.525368" lon="11.772221"><ele>1910.295</ele><time>2021-09-02T14:37:42Z</time></trkpt><trkpt lat="46.525319" lon="11.772225"><ele>1910.819</ele><time>2021-09-02T14:37:47Z</time></trkpt><trkpt lat="46.525272" lon="11.772177"><ele>1911.864</ele><time>2021-09-02T14:37:53Z</time></trkpt><trkpt lat="46.525228" lon="11.772135"><ele>1913.045</ele><time>2021-09-02T14:37:58Z</time></trkpt><trkpt lat="46.525189" lon="11.772036"><ele>1914.419</ele><time>2021-09-02T14:38:31Z</time></trkpt><trkpt lat="46.525146" lon="11.772003"><ele>1915.363</ele><time>2021-09-02T14:38:36Z</time></trkpt><trkpt lat="46.525097" lon="11.771971"><ele>1916.334</ele><time>2021-09-02T14:38:41Z</time></trkpt><trkpt lat="46.525055" lon="11.771932"><ele>1917.369</ele><time>2021-09-02T14:38:46Z</time></trkpt><trkpt lat="46.525021" lon="11.771885"><ele>1918.222</ele><time>2021-09-02T14:38:50Z</time></trkpt><trkpt lat="46.524982" lon="11.771854"><ele>1919.662</ele><time>2021-09-02T14:38:55Z</time></trkpt><trkpt lat="46.524936" lon="11.771814"><ele>1920.908</ele><time>2021-09-02T14:39:08Z</time></trkpt><trkpt lat="46.524891" lon="11.771768"><ele>1921.908</ele><time>2021-09-02T14:39:13Z</time></trkpt><trkpt lat="46.524852" lon="11.771731"><ele>1922.750</ele><time>2021-09-02T14:39:16Z</time></trkpt><trkpt lat="46.524816" lon="11.771692"><ele>1923.664</ele><time>2021-09-02T14:39:21Z</time></trkpt><trkpt lat="46.524772" lon="11.771656"><ele>1924.419</ele><time>2021-09-02T14:39:24Z</time></trkpt><trkpt lat="46.524731" lon="11.771621"><ele>1925.480</ele><time>2021-09-02T14:39:29Z</time></trkpt><trkpt lat="46.524696" lon="11.771575"><ele>1926.394</ele><time>2021-09-02T14:39:33Z</time></trkpt><trkpt lat="46.524657" lon="11.771536"><ele>1927.248</ele><time>2021-09-02T14:39:39Z</time></trkpt><trkpt lat="46.524605" lon="11.771498"><ele>1928.119</ele><time>2021-09-02T14:39:44Z</time></trkpt><trkpt lat="46.524567" lon="11.771460"><ele>1929.164</ele><time>2021-09-02T14:39:49Z</time></trkpt><trkpt lat="46.524523" lon="11.771434"><ele>1929.838</ele><time>2021-09-02T14:39:53Z</time></trkpt><trkpt lat="46.524482" lon="11.771398"><ele>1930.670</ele><time>2021-09-02T14:39:57Z</time></trkpt><trkpt lat="46.524437" lon="11.771378"><ele>1931.417</ele><time>2021-09-02T14:40:02Z</time></trkpt><trkpt lat="46.524392" lon="11.771342"><ele>1932.208</ele><time>2021-09-02T14:40:06Z</time></trkpt><trkpt lat="46.524343" lon="11.771308"><ele>1933.061</ele><time>2021-09-02T14:40:11Z</time></trkpt><trkpt lat="46.524295" lon="11.771285"><ele>1933.825</ele><time>2021-09-02T14:40:16Z</time></trkpt><trkpt lat="46.524254" lon="11.771242"><ele>1934.480</ele><time>2021-09-02T14:40:20Z</time></trkpt><trkpt lat="46.524205" lon="11.771204"><ele>1935.311</ele><time>2021-09-02T14:40:25Z</time></trkpt><trkpt lat="46.524165" lon="11.771165"><ele>1936.455</ele><time>2021-09-02T14:40:31Z</time></trkpt><trkpt lat="46.524126" lon="11.771126"><ele>1937.159</ele><time>2021-09-02T14:40:35Z</time></trkpt><trkpt lat="46.524067" lon="11.771117"><ele>1938.310</ele><time>2021-09-02T14:40:57Z</time></trkpt><trkpt lat="46.524032" lon="11.771064"><ele>1939.125</ele><time>2021-09-02T14:41:01Z</time></trkpt><trkpt lat="46.523984" lon="11.771053"><ele>1939.796</ele><time>2021-09-02T14:41:05Z</time></trkpt><trkpt lat="46.523932" lon="11.771018"><ele>1940.431</ele><time>2021-09-02T14:41:10Z</time></trkpt><trkpt lat="46.523890" lon="11.770990"><ele>1941.124</ele><time>2021-09-02T14:41:20Z</time></trkpt><trkpt lat="46.523858" lon="11.770931"><ele>1941.608</ele><time>2021-09-02T14:41:25Z</time></trkpt><trkpt lat="46.523812" lon="11.770891"><ele>1942.387</ele><time>2021-09-02T14:41:30Z</time></trkpt><trkpt lat="46.523756" lon="11.770879"><ele>1943.041</ele><time>2021-09-02T14:41:35Z</time></trkpt><trkpt lat="46.523697" lon="11.770862"><ele>1943.856</ele><time>2021-09-02T14:41:40Z</time></trkpt><trkpt lat="46.523654" lon="11.770833"><ele>1944.317</ele><time>2021-09-02T14:41:44Z</time></trkpt><trkpt lat="46.523608" lon="11.770805"><ele>1945.041</ele><time>2021-09-02T14:41:48Z</time></trkpt><trkpt lat="46.523558" lon="11.770789"><ele>1946.155</ele><time>2021-09-02T14:41:53Z</time></trkpt><trkpt lat="46.523510" lon="11.770767"><ele>1947.356</ele><time>2021-09-02T14:41:57Z</time></trkpt><trkpt lat="46.523465" lon="11.770739"><ele>1948.591</ele><time>2021-09-02T14:42:02Z</time></trkpt><trkpt lat="46.523426" lon="11.770704"><ele>1949.779</ele><time>2021-09-02T14:42:07Z</time></trkpt><trkpt lat="46.523385" lon="11.770677"><ele>1950.705</ele><time>2021-09-02T14:42:11Z</time></trkpt><trkpt lat="46.523336" lon="11.770662"><ele>1951.725</ele><time>2021-09-02T14:42:16Z</time></trkpt><trkpt lat="46.523294" lon="11.770610"><ele>1953.408</ele><time>2021-09-02T14:42:41Z</time></trkpt><trkpt lat="46.523253" lon="11.770572"><ele>1954.375</ele><time>2021-09-02T14:42:47Z</time></trkpt><trkpt lat="46.523212" lon="11.770542"><ele>1954.719</ele><time>2021-09-02T14:42:51Z</time></trkpt><trkpt lat="46.523167" lon="11.770515"><ele>1955.124</ele><time>2021-09-02T14:42:56Z</time></trkpt><trkpt lat="46.523125" lon="11.770470"><ele>1955.575</ele><time>2021-09-02T14:43:00Z</time></trkpt><trkpt lat="46.523090" lon="11.770416"><ele>1955.839</ele><time>2021-09-02T14:43:04Z</time></trkpt><trkpt lat="46.523054" lon="11.770367"><ele>1956.143</ele><time>2021-09-02T14:43:08Z</time></trkpt><trkpt lat="46.523007" lon="11.770319"><ele>1956.464</ele><time>2021-09-02T14:43:12Z</time></trkpt><trkpt lat="46.522956" lon="11.770273"><ele>1956.899</ele><time>2021-09-02T14:43:16Z</time></trkpt><trkpt lat="46.522921" lon="11.770219"><ele>1957.226</ele><time>2021-09-02T14:43:20Z</time></trkpt><trkpt lat="46.522891" lon="11.770148"><ele>1957.747</ele><time>2021-09-02T14:43:22Z</time></trkpt><trkpt lat="46.522863" lon="11.770071"><ele>1958.211</ele><time>2021-09-02T14:43:25Z</time></trkpt><trkpt lat="46.522848" lon="11.770008"><ele>1958.408</ele><time>2021-09-02T14:43:27Z</time></trkpt><trkpt lat="46.522822" lon="11.769942"><ele>1959.010</ele><time>2021-09-02T14:43:31Z</time></trkpt><trkpt lat="46.522790" lon="11.769883"><ele>1959.444</ele><time>2021-09-02T14:43:34Z</time></trkpt><trkpt lat="46.522762" lon="11.769807"><ele>1960.089</ele><time>2021-09-02T14:43:38Z</time></trkpt><trkpt lat="46.522738" lon="11.769724"><ele>1960.470</ele><time>2021-09-02T14:43:41Z</time></trkpt><trkpt lat="46.522724" lon="11.769649"><ele>1960.654</ele><time>2021-09-02T14:43:43Z</time></trkpt><trkpt lat="46.522713" lon="11.769573"><ele>1960.978</ele><time>2021-09-02T14:43:45Z</time></trkpt><trkpt lat="46.522716" lon="11.769504"><ele>1961.279</ele><time>2021-09-02T14:43:47Z</time></trkpt><trkpt lat="46.522704" lon="11.769435"><ele>1961.414</ele><time>2021-09-02T14:43:49Z</time></trkpt><trkpt lat="46.522701" lon="11.769349"><ele>1961.583</ele><time>2021-09-02T14:43:52Z</time></trkpt><trkpt lat="46.522679" lon="11.769279"><ele>1961.725</ele><time>2021-09-02T14:43:55Z</time></trkpt><trkpt lat="46.522668" lon="11.769201"><ele>1961.917</ele><time>2021-09-02T14:43:59Z</time></trkpt><trkpt lat="46.522658" lon="11.769124"><ele>1962.108</ele><time>2021-09-02T14:44:03Z</time></trkpt><trkpt lat="46.522640" lon="11.769056"><ele>1962.486</ele><time>2021-09-02T14:44:08Z</time></trkpt><trkpt lat="46.522605" lon="11.769001"><ele>1962.750</ele><time>2021-09-02T14:44:12Z</time></trkpt><trkpt lat="46.522575" lon="11.768938"><ele>1962.935</ele><time>2021-09-02T14:44:17Z</time></trkpt><trkpt lat="46.522558" lon="11.768863"><ele>1963.296</ele><time>2021-09-02T14:44:21Z</time></trkpt><trkpt lat="46.522520" lon="11.768817"><ele>1963.550</ele><time>2021-09-02T14:44:26Z</time></trkpt><trkpt lat="46.522486" lon="11.768756"><ele>1963.834</ele><time>2021-09-02T14:44:30Z</time></trkpt><trkpt lat="46.522455" lon="11.768683"><ele>1964.085</ele><time>2021-09-02T14:44:34Z</time></trkpt><trkpt lat="46.522424" lon="11.768626"><ele>1964.290</ele><time>2021-09-02T14:44:37Z</time></trkpt><trkpt lat="46.522393" lon="11.768571"><ele>1964.835</ele><time>2021-09-02T14:44:40Z</time></trkpt><trkpt lat="46.522355" lon="11.768519"><ele>1965.186</ele><time>2021-09-02T14:44:42Z</time></trkpt><trkpt lat="46.522314" lon="11.768492"><ele>1965.514</ele><time>2021-09-02T14:44:45Z</time></trkpt><trkpt lat="46.522271" lon="11.768445"><ele>1965.808</ele><time>2021-09-02T14:44:47Z</time></trkpt><trkpt lat="46.522255" lon="11.768370"><ele>1966.041</ele><time>2021-09-02T14:44:49Z</time></trkpt><trkpt lat="46.522225" lon="11.768320"><ele>1966.445</ele><time>2021-09-02T14:44:51Z</time></trkpt><trkpt lat="46.522179" lon="11.768270"><ele>1967.080</ele><time>2021-09-02T14:44:54Z</time></trkpt><trkpt lat="46.522120" lon="11.768257"><ele>1967.581</ele><time>2021-09-02T14:44:57Z</time></trkpt><trkpt lat="46.522068" lon="11.768253"><ele>1968.065</ele><time>2021-09-02T14:45:01Z</time></trkpt><trkpt lat="46.522015" lon="11.768247"><ele>1968.589</ele><time>2021-09-02T14:45:04Z</time></trkpt><trkpt lat="46.521963" lon="11.768210"><ele>1969.520</ele><time>2021-09-02T14:45:10Z</time></trkpt><trkpt lat="46.521906" lon="11.768195"><ele>1970.975</ele><time>2021-09-02T14:45:16Z</time></trkpt><trkpt lat="46.521861" lon="11.768168"><ele>1971.981</ele><time>2021-09-02T14:45:21Z</time></trkpt><trkpt lat="46.521811" lon="11.768147"><ele>1972.461</ele><time>2021-09-02T14:45:24Z</time></trkpt><trkpt lat="46.521764" lon="11.768149"><ele>1973.117</ele><time>2021-09-02T14:45:28Z</time></trkpt><trkpt lat="46.521714" lon="11.768125"><ele>1973.808</ele><time>2021-09-02T14:45:33Z</time></trkpt><trkpt lat="46.521660" lon="11.768114"><ele>1975.096</ele><time>2021-09-02T14:45:40Z</time></trkpt><trkpt lat="46.521610" lon="11.768127"><ele>1975.660</ele><time>2021-09-02T14:45:44Z</time></trkpt><trkpt lat="46.521557" lon="11.768130"><ele>1976.375</ele><time>2021-09-02T14:45:50Z</time></trkpt><trkpt lat="46.521505" lon="11.768114"><ele>1977.156</ele><time>2021-09-02T14:45:55Z</time></trkpt><trkpt lat="46.521458" lon="11.768070"><ele>1977.840</ele><time>2021-09-02T14:45:59Z</time></trkpt><trkpt lat="46.521400" lon="11.768072"><ele>1978.584</ele><time>2021-09-02T14:46:03Z</time></trkpt><trkpt lat="46.521346" lon="11.768077"><ele>1979.455</ele><time>2021-09-02T14:46:08Z</time></trkpt><trkpt lat="46.521299" lon="11.768084"><ele>1980.320</ele><time>2021-09-02T14:46:13Z</time></trkpt><trkpt lat="46.521243" lon="11.768105"><ele>1981.183</ele><time>2021-09-02T14:46:18Z</time></trkpt><trkpt lat="46.521193" lon="11.768122"><ele>1982.425</ele><time>2021-09-02T14:46:24Z</time></trkpt><trkpt lat="46.521144" lon="11.768133"><ele>1983.517</ele><time>2021-09-02T14:46:29Z</time></trkpt><trkpt lat="46.521097" lon="11.768136"><ele>1984.208</ele><time>2021-09-02T14:46:33Z</time></trkpt><trkpt lat="46.521048" lon="11.768148"><ele>1984.986</ele><time>2021-09-02T14:46:37Z</time></trkpt><trkpt lat="46.520990" lon="11.768164"><ele>1985.840</ele><time>2021-09-02T14:46:42Z</time></trkpt><trkpt lat="46.520944" lon="11.768187"><ele>1986.575</ele><time>2021-09-02T14:46:47Z</time></trkpt><trkpt lat="46.520898" lon="11.768205"><ele>1986.946</ele><time>2021-09-02T14:46:50Z</time></trkpt><trkpt lat="46.520844" lon="11.768238"><ele>1987.440</ele><time>2021-09-02T14:46:54Z</time></trkpt><trkpt lat="46.520801" lon="11.768266"><ele>1987.784</ele><time>2021-09-02T14:46:57Z</time></trkpt><trkpt lat="46.520755" lon="11.768258"><ele>1987.955</ele><time>2021-09-02T14:47:00Z</time></trkpt><trkpt lat="46.520699" lon="11.768261"><ele>1988.110</ele><time>2021-09-02T14:47:04Z</time></trkpt><trkpt lat="46.520642" lon="11.768263"><ele>1988.412</ele><time>2021-09-02T14:47:08Z</time></trkpt><trkpt lat="46.520594" lon="11.768266"><ele>1988.632</ele><time>2021-09-02T14:47:10Z</time></trkpt><trkpt lat="46.520532" lon="11.768276"><ele>1989.405</ele><time>2021-09-02T14:47:14Z</time></trkpt><trkpt lat="46.520470" lon="11.768286"><ele>1990.308</ele><time>2021-09-02T14:47:18Z</time></trkpt><trkpt lat="46.520412" lon="11.768299"><ele>1991.589</ele><time>2021-09-02T14:47:22Z</time></trkpt><trkpt lat="46.520362" lon="11.768318"><ele>1992.153</ele><time>2021-09-02T14:47:25Z</time></trkpt><trkpt lat="46.520305" lon="11.768344"><ele>1992.558</ele><time>2021-09-02T14:47:28Z</time></trkpt><trkpt lat="46.520250" lon="11.768363"><ele>1992.859</ele><time>2021-09-02T14:47:31Z</time></trkpt><trkpt lat="46.520197" lon="11.768376"><ele>1993.043</ele><time>2021-09-02T14:47:33Z</time></trkpt><trkpt lat="46.520141" lon="11.768385"><ele>1993.237</ele><time>2021-09-02T14:47:36Z</time></trkpt><trkpt lat="46.520088" lon="11.768408"><ele>1993.458</ele><time>2021-09-02T14:47:40Z</time></trkpt><trkpt lat="46.520034" lon="11.768436"><ele>1993.683</ele><time>2021-09-02T14:47:45Z</time></trkpt><trkpt lat="46.519988" lon="11.768443"><ele>1993.899</ele><time>2021-09-02T14:47:48Z</time></trkpt><trkpt lat="46.519938" lon="11.768460"><ele>1994.007</ele><time>2021-09-02T14:47:52Z</time></trkpt><trkpt lat="46.519890" lon="11.768479"><ele>1994.327</ele><time>2021-09-02T14:47:55Z</time></trkpt><trkpt lat="46.519845" lon="11.768499"><ele>1994.608</ele><time>2021-09-02T14:47:58Z</time></trkpt><trkpt lat="46.519795" lon="11.768491"><ele>1994.967</ele><time>2021-09-02T14:48:01Z</time></trkpt><trkpt lat="46.519746" lon="11.768503"><ele>1995.491</ele><time>2021-09-02T14:48:05Z</time></trkpt><trkpt lat="46.519694" lon="11.768507"><ele>1995.966</ele><time>2021-09-02T14:48:09Z</time></trkpt><trkpt lat="46.519649" lon="11.768536"><ele>1996.417</ele><time>2021-09-02T14:48:20Z</time></trkpt><trkpt lat="46.519600" lon="11.768543"><ele>1997.031</ele><time>2021-09-02T14:48:25Z</time></trkpt><trkpt lat="46.519553" lon="11.768539"><ele>1997.565</ele><time>2021-09-02T14:48:29Z</time></trkpt><trkpt lat="46.519500" lon="11.768544"><ele>1998.396</ele><time>2021-09-02T14:48:34Z</time></trkpt><trkpt lat="46.519455" lon="11.768525"><ele>1999.051</ele><time>2021-09-02T14:48:38Z</time></trkpt><trkpt lat="46.519402" lon="11.768517"><ele>2000.139</ele><time>2021-09-02T14:48:49Z</time></trkpt><trkpt lat="46.519362" lon="11.768483"><ele>2000.901</ele><time>2021-09-02T14:48:54Z</time></trkpt><trkpt lat="46.519316" lon="11.768463"><ele>2002.021</ele><time>2021-09-02T14:49:00Z</time></trkpt><trkpt lat="46.519273" lon="11.768428"><ele>2002.708</ele><time>2021-09-02T14:49:06Z</time></trkpt><trkpt lat="46.519237" lon="11.768378"><ele>2003.581</ele><time>2021-09-02T14:49:15Z</time></trkpt><trkpt lat="46.519199" lon="11.768328"><ele>2004.355</ele><time>2021-09-02T14:49:20Z</time></trkpt><trkpt lat="46.519155" lon="11.768284"><ele>2005.260</ele><time>2021-09-02T14:49:25Z</time></trkpt><trkpt lat="46.519115" lon="11.768239"><ele>2006.471</ele><time>2021-09-02T14:49:31Z</time></trkpt><trkpt lat="46.519065" lon="11.768209"><ele>2007.765</ele><time>2021-09-02T14:49:37Z</time></trkpt><trkpt lat="46.519025" lon="11.768169"><ele>2008.469</ele><time>2021-09-02T14:49:41Z</time></trkpt><trkpt lat="46.518980" lon="11.768128"><ele>2009.570</ele><time>2021-09-02T14:49:46Z</time></trkpt><trkpt lat="46.518935" lon="11.768097"><ele>2010.145</ele><time>2021-09-02T14:49:50Z</time></trkpt><trkpt lat="46.518890" lon="11.768073"><ele>2010.735</ele><time>2021-09-02T14:49:54Z</time></trkpt><trkpt lat="46.518837" lon="11.768063"><ele>2011.386</ele><time>2021-09-02T14:49:59Z</time></trkpt><trkpt lat="46.518791" lon="11.768064"><ele>2011.814</ele><time>2021-09-02T14:50:03Z</time></trkpt><trkpt lat="46.518738" lon="11.768046"><ele>2012.508</ele><time>2021-09-02T14:50:08Z</time></trkpt><trkpt lat="46.518686" lon="11.768032"><ele>2013.251</ele><time>2021-09-02T14:50:13Z</time></trkpt><trkpt lat="46.518641" lon="11.768023"><ele>2013.735</ele><time>2021-09-02T14:50:16Z</time></trkpt><trkpt lat="46.518596" lon="11.767993"><ele>2014.330</ele><time>2021-09-02T14:50:19Z</time></trkpt><trkpt lat="46.518547" lon="11.767960"><ele>2015.111</ele><time>2021-09-02T14:50:24Z</time></trkpt><trkpt lat="46.518493" lon="11.767937"><ele>2015.895</ele><time>2021-09-02T14:50:28Z</time></trkpt><trkpt lat="46.518442" lon="11.767930"><ele>2016.739</ele><time>2021-09-02T14:50:33Z</time></trkpt><trkpt lat="46.518387" lon="11.767909"><ele>2017.340</ele><time>2021-09-02T14:50:37Z</time></trkpt><trkpt lat="46.518331" lon="11.767900"><ele>2017.815</ele><time>2021-09-02T14:50:41Z</time></trkpt><trkpt lat="46.518276" lon="11.767893"><ele>2018.127</ele><time>2021-09-02T14:50:44Z</time></trkpt><trkpt lat="46.518219" lon="11.767889"><ele>2018.768</ele><time>2021-09-02T14:50:49Z</time></trkpt><trkpt lat="46.518176" lon="11.767848"><ele>2019.114</ele><time>2021-09-02T14:50:54Z</time></trkpt><trkpt lat="46.518114" lon="11.767847"><ele>2019.508</ele><time>2021-09-02T14:50:58Z</time></trkpt><trkpt lat="46.518068" lon="11.767838"><ele>2020.150</ele><time>2021-09-02T14:51:03Z</time></trkpt><trkpt lat="46.518012" lon="11.767822"><ele>2021.214</ele><time>2021-09-02T14:51:09Z</time></trkpt><trkpt lat="46.517966" lon="11.767810"><ele>2021.779</ele><time>2021-09-02T14:51:12Z</time></trkpt><trkpt lat="46.517911" lon="11.767785"><ele>2022.440</ele><time>2021-09-02T14:51:17Z</time></trkpt><trkpt lat="46.517860" lon="11.767754"><ele>2023.044</ele><time>2021-09-02T14:51:21Z</time></trkpt><trkpt lat="46.517813" lon="11.767725"><ele>2023.568</ele><time>2021-09-02T14:51:24Z</time></trkpt><trkpt lat="46.517759" lon="11.767711"><ele>2024.019</ele><time>2021-09-02T14:51:28Z</time></trkpt><trkpt lat="46.517700" lon="11.767731"><ele>2024.674</ele><time>2021-09-02T14:51:32Z</time></trkpt><trkpt lat="46.517650" lon="11.767728"><ele>2025.181</ele><time>2021-09-02T14:51:36Z</time></trkpt><trkpt lat="46.517601" lon="11.767726"><ele>2025.961</ele><time>2021-09-02T14:51:41Z</time></trkpt><trkpt lat="46.517548" lon="11.767714"><ele>2026.317</ele><time>2021-09-02T14:51:44Z</time></trkpt><trkpt lat="46.517499" lon="11.767691"><ele>2026.908</ele><time>2021-09-02T14:51:49Z</time></trkpt><trkpt lat="46.517455" lon="11.767649"><ele>2027.356</ele><time>2021-09-02T14:51:53Z</time></trkpt><trkpt lat="46.517412" lon="11.767605"><ele>2027.880</ele><time>2021-09-02T14:51:57Z</time></trkpt><trkpt lat="46.517366" lon="11.767555"><ele>2028.385</ele><time>2021-09-02T14:52:01Z</time></trkpt><trkpt lat="46.517327" lon="11.767512"><ele>2028.976</ele><time>2021-09-02T14:52:05Z</time></trkpt><trkpt lat="46.517285" lon="11.767474"><ele>2029.610</ele><time>2021-09-02T14:52:09Z</time></trkpt><trkpt lat="46.517251" lon="11.767422"><ele>2030.674</ele><time>2021-09-02T14:52:14Z</time></trkpt><trkpt lat="46.517208" lon="11.767389"><ele>2031.195</ele><time>2021-09-02T14:52:17Z</time></trkpt><trkpt lat="46.517162" lon="11.767356"><ele>2032.020</ele><time>2021-09-02T14:52:22Z</time></trkpt><trkpt lat="46.517119" lon="11.767315"><ele>2032.824</ele><time>2021-09-02T14:52:26Z</time></trkpt><trkpt lat="46.517088" lon="11.767246"><ele>2033.904</ele><time>2021-09-02T14:52:32Z</time></trkpt><trkpt lat="46.517043" lon="11.767205"><ele>2034.714</ele><time>2021-09-02T14:52:37Z</time></trkpt><trkpt lat="46.517007" lon="11.767133"><ele>2035.308</ele><time>2021-09-02T14:52:41Z</time></trkpt><trkpt lat="46.516965" lon="11.767076"><ele>2035.940</ele><time>2021-09-02T14:52:45Z</time></trkpt><trkpt lat="46.516923" lon="11.767030"><ele>2036.594</ele><time>2021-09-02T14:52:49Z</time></trkpt><trkpt lat="46.516877" lon="11.767003"><ele>2037.159</ele><time>2021-09-02T14:52:53Z</time></trkpt><trkpt lat="46.516825" lon="11.766971"><ele>2037.550</ele><time>2021-09-02T14:52:59Z</time></trkpt><trkpt lat="46.516780" lon="11.766920"><ele>2037.794</ele><time>2021-09-02T14:53:03Z</time></trkpt><trkpt lat="46.516740" lon="11.766880"><ele>2038.038</ele><time>2021-09-02T14:53:07Z</time></trkpt><trkpt lat="46.516703" lon="11.766820"><ele>2038.969</ele><time>2021-09-02T14:53:15Z</time></trkpt><trkpt lat="46.516677" lon="11.766758"><ele>2039.494</ele><time>2021-09-02T14:53:20Z</time></trkpt><trkpt lat="46.516645" lon="11.766704"><ele>2039.988</ele><time>2021-09-02T14:53:24Z</time></trkpt><trkpt lat="46.516610" lon="11.766653"><ele>2040.624</ele><time>2021-09-02T14:53:29Z</time></trkpt><trkpt lat="46.516570" lon="11.766599"><ele>2041.026</ele><time>2021-09-02T14:53:32Z</time></trkpt><trkpt lat="46.516533" lon="11.766549"><ele>2041.508</ele><time>2021-09-02T14:53:36Z</time></trkpt><trkpt lat="46.516491" lon="11.766489"><ele>2042.436</ele><time>2021-09-02T14:53:41Z</time></trkpt><trkpt lat="46.516453" lon="11.766435"><ele>2042.840</ele><time>2021-09-02T14:53:45Z</time></trkpt><trkpt lat="46.516419" lon="11.766384"><ele>2043.325</ele><time>2021-09-02T14:53:49Z</time></trkpt><trkpt lat="46.516383" lon="11.766337"><ele>2043.966</ele><time>2021-09-02T14:53:53Z</time></trkpt><trkpt lat="46.516357" lon="11.766276"><ele>2044.670</ele><time>2021-09-02T14:53:58Z</time></trkpt><trkpt lat="46.516319" lon="11.766222"><ele>2045.354</ele><time>2021-09-02T14:54:02Z</time></trkpt><trkpt lat="46.516282" lon="11.766180"><ele>2046.245</ele><time>2021-09-02T14:54:06Z</time></trkpt><trkpt lat="46.516258" lon="11.766108"><ele>2046.690</ele><time>2021-09-02T14:54:09Z</time></trkpt><trkpt lat="46.516230" lon="11.766048"><ele>2048.019</ele><time>2021-09-02T14:54:14Z</time></trkpt><trkpt lat="46.516196" lon="11.765992"><ele>2049.209</ele><time>2021-09-02T14:54:20Z</time></trkpt><trkpt lat="46.516156" lon="11.765948"><ele>2049.619</ele><time>2021-09-02T14:54:23Z</time></trkpt><trkpt lat="46.516123" lon="11.765885"><ele>2050.508</ele><time>2021-09-02T14:54:28Z</time></trkpt><trkpt lat="46.516084" lon="11.765851"><ele>2051.679</ele><time>2021-09-02T14:54:33Z</time></trkpt><trkpt lat="46.516048" lon="11.765792"><ele>2052.683</ele><time>2021-09-02T14:54:37Z</time></trkpt><trkpt lat="46.516024" lon="11.765734"><ele>2053.518</ele><time>2021-09-02T14:54:48Z</time></trkpt><trkpt lat="46.516002" lon="11.765658"><ele>2054.439</ele><time>2021-09-02T14:54:55Z</time></trkpt><trkpt lat="46.515957" lon="11.765607"><ele>2055.193</ele><time>2021-09-02T14:54:59Z</time></trkpt><trkpt lat="46.515914" lon="11.765560"><ele>2055.787</ele><time>2021-09-02T14:55:03Z</time></trkpt><trkpt lat="46.515877" lon="11.765493"><ele>2056.228</ele><time>2021-09-02T14:55:07Z</time></trkpt><trkpt lat="46.515826" lon="11.765445"><ele>2056.733</ele><time>2021-09-02T14:55:11Z</time></trkpt><trkpt lat="46.515796" lon="11.765393"><ele>2057.371</ele><time>2021-09-02T14:55:15Z</time></trkpt><trkpt lat="46.515767" lon="11.765337"><ele>2058.041</ele><time>2021-09-02T14:55:19Z</time></trkpt><trkpt lat="46.515729" lon="11.765293"><ele>2058.615</ele><time>2021-09-02T14:55:23Z</time></trkpt><trkpt lat="46.515692" lon="11.765255"><ele>2059.308</ele><time>2021-09-02T14:55:27Z</time></trkpt><trkpt lat="46.515650" lon="11.765211"><ele>2060.245</ele><time>2021-09-02T14:55:32Z</time></trkpt><trkpt lat="46.515606" lon="11.765171"><ele>2061.419</ele><time>2021-09-02T14:55:37Z</time></trkpt><trkpt lat="46.515559" lon="11.765179"><ele>2062.334</ele><time>2021-09-02T14:55:41Z</time></trkpt><trkpt lat="46.515526" lon="11.765118"><ele>2063.275</ele><time>2021-09-02T14:55:45Z</time></trkpt><trkpt lat="46.515511" lon="11.765047"><ele>2064.219</ele><time>2021-09-02T14:55:50Z</time></trkpt><trkpt lat="46.515487" lon="11.764981"><ele>2064.963</ele><time>2021-09-02T14:56:04Z</time></trkpt><trkpt lat="46.515439" lon="11.764943"><ele>2065.414</ele><time>2021-09-02T14:56:09Z</time></trkpt><trkpt lat="46.515405" lon="11.764887"><ele>2066.079</ele><time>2021-09-02T14:56:14Z</time></trkpt><trkpt lat="46.515375" lon="11.764822"><ele>2066.663</ele><time>2021-09-02T14:56:19Z</time></trkpt><trkpt lat="46.515335" lon="11.764773"><ele>2067.844</ele><time>2021-09-02T14:56:30Z</time></trkpt><trkpt lat="46.515307" lon="11.764718"><ele>2068.118</ele><time>2021-09-02T14:56:35Z</time></trkpt><trkpt lat="46.515278" lon="11.764652"><ele>2069.008</ele><time>2021-09-02T14:56:45Z</time></trkpt><trkpt lat="46.515230" lon="11.764613"><ele>2069.664</ele><time>2021-09-02T14:56:49Z</time></trkpt><trkpt lat="46.515202" lon="11.764553"><ele>2070.438</ele><time>2021-09-02T14:56:53Z</time></trkpt><trkpt lat="46.515162" lon="11.764504"><ele>2071.233</ele><time>2021-09-02T14:56:58Z</time></trkpt><trkpt lat="46.515128" lon="11.764450"><ele>2072.114</ele><time>2021-09-02T14:57:03Z</time></trkpt><trkpt lat="46.515097" lon="11.764399"><ele>2072.818</ele><time>2021-09-02T14:57:07Z</time></trkpt><trkpt lat="46.515063" lon="11.764352"><ele>2074.072</ele><time>2021-09-02T14:57:12Z</time></trkpt><trkpt lat="46.515033" lon="11.764293"><ele>2075.943</ele><time>2021-09-02T14:57:19Z</time></trkpt><trkpt lat="46.514999" lon="11.764243"><ele>2077.978</ele><time>2021-09-02T14:57:25Z</time></trkpt><trkpt lat="46.514963" lon="11.764176"><ele>2079.147</ele><time>2021-09-02T14:57:30Z</time></trkpt><trkpt lat="46.514926" lon="11.764133"><ele>2080.529</ele><time>2021-09-02T14:57:36Z</time></trkpt><trkpt lat="46.514889" lon="11.764084"><ele>2081.721</ele><time>2021-09-02T14:57:41Z</time></trkpt><trkpt lat="46.514868" lon="11.764025"><ele>2083.008</ele><time>2021-09-02T14:57:55Z</time></trkpt><trkpt lat="46.514828" lon="11.763986"><ele>2084.282</ele><time>2021-09-02T14:58:00Z</time></trkpt><trkpt lat="46.514786" lon="11.763948"><ele>2085.516</ele><time>2021-09-02T14:58:06Z</time></trkpt><trkpt lat="46.514755" lon="11.763891"><ele>2086.931</ele><time>2021-09-02T14:58:12Z</time></trkpt><trkpt lat="46.514720" lon="11.763837"><ele>2087.922</ele><time>2021-09-02T14:58:17Z</time></trkpt><trkpt lat="46.514687" lon="11.763790"><ele>2088.926</ele><time>2021-09-02T14:58:21Z</time></trkpt><trkpt lat="46.514656" lon="11.763741"><ele>2089.910</ele><time>2021-09-02T14:58:26Z</time></trkpt><trkpt lat="46.514620" lon="11.763694"><ele>2090.621</ele><time>2021-09-02T14:58:30Z</time></trkpt><trkpt lat="46.514582" lon="11.763641"><ele>2091.586</ele><time>2021-09-02T14:58:35Z</time></trkpt><trkpt lat="46.514546" lon="11.763582"><ele>2092.744</ele><time>2021-09-02T14:58:41Z</time></trkpt><trkpt lat="46.514504" lon="11.763542"><ele>2093.305</ele><time>2021-09-02T14:58:46Z</time></trkpt><trkpt lat="46.514466" lon="11.763499"><ele>2093.715</ele><time>2021-09-02T14:58:50Z</time></trkpt><trkpt lat="46.514436" lon="11.763434"><ele>2094.008</ele><time>2021-09-02T14:58:54Z</time></trkpt><trkpt lat="46.514406" lon="11.763381"><ele>2094.242</ele><time>2021-09-02T14:58:58Z</time></trkpt><trkpt lat="46.514382" lon="11.763316"><ele>2094.416</ele><time>2021-09-02T14:59:02Z</time></trkpt><trkpt lat="46.514348" lon="11.763271"><ele>2094.881</ele><time>2021-09-02T14:59:06Z</time></trkpt><trkpt lat="46.514317" lon="11.763222"><ele>2094.992</ele><time>2021-09-02T14:59:09Z</time></trkpt><trkpt lat="46.514278" lon="11.763165"><ele>2095.086</ele><time>2021-09-02T14:59:13Z</time></trkpt><trkpt lat="46.514242" lon="11.763121"><ele>2095.340</ele><time>2021-09-02T14:59:16Z</time></trkpt><trkpt lat="46.514207" lon="11.763050"><ele>2095.661</ele><time>2021-09-02T14:59:20Z</time></trkpt><trkpt lat="46.514173" lon="11.762989"><ele>2095.876</ele><time>2021-09-02T14:59:24Z</time></trkpt><trkpt lat="46.514137" lon="11.762934"><ele>2096.053</ele><time>2021-09-02T14:59:28Z</time></trkpt><trkpt lat="46.514111" lon="11.762878"><ele>2096.304</ele><time>2021-09-02T14:59:32Z</time></trkpt><trkpt lat="46.514086" lon="11.762822"><ele>2096.514</ele><time>2021-09-02T14:59:36Z</time></trkpt><trkpt lat="46.514051" lon="11.762768"><ele>2096.708</ele><time>2021-09-02T14:59:40Z</time></trkpt><trkpt lat="46.514014" lon="11.762712"><ele>2096.963</ele><time>2021-09-02T14:59:43Z</time></trkpt><trkpt lat="46.513994" lon="11.762653"><ele>2097.017</ele><time>2021-09-02T14:59:46Z</time></trkpt><trkpt lat="46.513957" lon="11.762597"><ele>2097.222</ele><time>2021-09-02T14:59:50Z</time></trkpt><trkpt lat="46.513924" lon="11.762550"><ele>2097.353</ele><time>2021-09-02T14:59:53Z</time></trkpt><trkpt lat="46.513889" lon="11.762509"><ele>2097.587</ele><time>2021-09-02T14:59:56Z</time></trkpt><trkpt lat="46.513847" lon="11.762472"><ele>2097.681</ele><time>2021-09-02T14:59:59Z</time></trkpt><trkpt lat="46.513813" lon="11.762420"><ele>2097.682</ele><time>2021-09-02T15:00:03Z</time></trkpt><trkpt lat="46.513770" lon="11.762397"><ele>2097.697</ele><time>2021-09-02T15:00:06Z</time></trkpt><trkpt lat="46.513725" lon="11.762353"><ele>2097.455</ele><time>2021-09-02T15:00:10Z</time></trkpt><trkpt lat="46.513682" lon="11.762298"><ele>2097.107</ele><time>2021-09-02T15:00:14Z</time></trkpt><trkpt lat="46.513641" lon="11.762268"><ele>2096.917</ele><time>2021-09-02T15:00:17Z</time></trkpt><trkpt lat="46.513595" lon="11.762230"><ele>2096.508</ele><time>2021-09-02T15:00:20Z</time></trkpt><trkpt lat="46.513570" lon="11.762163"><ele>2096.363</ele><time>2021-09-02T15:00:23Z</time></trkpt><trkpt lat="46.513522" lon="11.762090"><ele>2096.467</ele><time>2021-09-02T15:00:26Z</time></trkpt><trkpt lat="46.513495" lon="11.762023"><ele>2096.632</ele><time>2021-09-02T15:00:28Z</time></trkpt><trkpt lat="46.513469" lon="11.761969"><ele>2096.743</ele><time>2021-09-02T15:00:30Z</time></trkpt><trkpt lat="46.513440" lon="11.761914"><ele>2096.947</ele><time>2021-09-02T15:00:32Z</time></trkpt><trkpt lat="46.513402" lon="11.761845"><ele>2097.311</ele><time>2021-09-02T15:00:35Z</time></trkpt><trkpt lat="46.513367" lon="11.761785"><ele>2097.632</ele><time>2021-09-02T15:00:38Z</time></trkpt><trkpt lat="46.513330" lon="11.761717"><ele>2097.957</ele><time>2021-09-02T15:00:42Z</time></trkpt><trkpt lat="46.513272" lon="11.761683"><ele>2098.462</ele><time>2021-09-02T15:00:49Z</time></trkpt><trkpt lat="46.513253" lon="11.761612"><ele>2098.683</ele><time>2021-09-02T15:00:53Z</time></trkpt><trkpt lat="46.513241" lon="11.761545"><ele>2098.911</ele><time>2021-09-02T15:00:57Z</time></trkpt><trkpt lat="46.513227" lon="11.761470"><ele>2099.508</ele><time>2021-09-02T15:01:02Z</time></trkpt><trkpt lat="46.513232" lon="11.761387"><ele>2099.744</ele><time>2021-09-02T15:01:06Z</time></trkpt><trkpt lat="46.513266" lon="11.761334"><ele>2099.198</ele><time>2021-09-02T15:01:10Z</time></trkpt><trkpt lat="46.513286" lon="11.761257"><ele>2098.743</ele><time>2021-09-02T15:01:19Z</time></trkpt><trkpt lat="46.513198" lon="11.761348"><ele>2099.594</ele><time>2021-09-02T15:05:01Z</time></trkpt><trkpt lat="46.513162" lon="11.761306"><ele>2099.968</ele><time>2021-09-02T15:05:05Z</time></trkpt><trkpt lat="46.513111" lon="11.761285"><ele>2100.822</ele><time>2021-09-02T15:05:10Z</time></trkpt><trkpt lat="46.513080" lon="11.761224"><ele>2101.283</ele><time>2021-09-02T15:05:18Z</time></trkpt><trkpt lat="46.513062" lon="11.761162"><ele>2101.568</ele><time>2021-09-02T15:05:23Z</time></trkpt><trkpt lat="46.513032" lon="11.761107"><ele>2102.472</ele><time>2021-09-02T15:05:28Z</time></trkpt><trkpt lat="46.512997" lon="11.761063"><ele>2103.613</ele><time>2021-09-02T15:05:33Z</time></trkpt><trkpt lat="46.512970" lon="11.761008"><ele>2104.914</ele><time>2021-09-02T15:05:57Z</time></trkpt><trkpt lat="46.512969" lon="11.760938"><ele>2106.208</ele><time>2021-09-02T15:06:04Z</time></trkpt><trkpt lat="46.512991" lon="11.760871"><ele>2107.095</ele><time>2021-09-02T15:06:09Z</time></trkpt><trkpt lat="46.513003" lon="11.760802"><ele>2107.279</ele><time>2021-09-02T15:06:15Z</time></trkpt><trkpt lat="46.513020" lon="11.760736"><ele>2107.394</ele><time>2021-09-02T15:06:19Z</time></trkpt><trkpt lat="46.512993" lon="11.760667"><ele>2107.595</ele><time>2021-09-02T15:06:30Z</time></trkpt><trkpt lat="46.512970" lon="11.760597"><ele>2107.319</ele><time>2021-09-02T15:06:34Z</time></trkpt><trkpt lat="46.512972" lon="11.760530"><ele>2107.093</ele><time>2021-09-02T15:06:38Z</time></trkpt><trkpt lat="46.512962" lon="11.760460"><ele>2106.684</ele><time>2021-09-02T15:06:42Z</time></trkpt><trkpt lat="46.512912" lon="11.760370"><ele>2105.849</ele><time>2021-09-02T15:06:46Z</time></trkpt><trkpt lat="46.512876" lon="11.760313"><ele>2105.128</ele><time>2021-09-02T15:06:49Z</time></trkpt><trkpt lat="46.512851" lon="11.760235"><ele>2104.889</ele><time>2021-09-02T15:06:51Z</time></trkpt><trkpt lat="46.512826" lon="11.760162"><ele>2104.617</ele><time>2021-09-02T15:06:53Z</time></trkpt><trkpt lat="46.512798" lon="11.760101"><ele>2104.508</ele><time>2021-09-02T15:06:55Z</time></trkpt><trkpt lat="46.512771" lon="11.760044"><ele>2104.520</ele><time>2021-09-02T15:06:57Z</time></trkpt><trkpt lat="46.512742" lon="11.759993"><ele>2104.674</ele><time>2021-09-02T15:06:59Z</time></trkpt><trkpt lat="46.512705" lon="11.759951"><ele>2104.879</ele><time>2021-09-02T15:07:01Z</time></trkpt><trkpt lat="46.512665" lon="11.759871"><ele>2105.440</ele><time>2021-09-02T15:07:04Z</time></trkpt><trkpt lat="46.512620" lon="11.759805"><ele>2105.674</ele><time>2021-09-02T15:07:07Z</time></trkpt><trkpt lat="46.512563" lon="11.759751"><ele>2105.928</ele><time>2021-09-02T15:07:10Z</time></trkpt><trkpt lat="46.512531" lon="11.759700"><ele>2106.529</ele><time>2021-09-02T15:07:13Z</time></trkpt><trkpt lat="46.512499" lon="11.759649"><ele>2107.194</ele><time>2021-09-02T15:07:16Z</time></trkpt><trkpt lat="46.512463" lon="11.759608"><ele>2107.665</ele><time>2021-09-02T15:07:19Z</time></trkpt><trkpt lat="46.512418" lon="11.759589"><ele>2108.668</ele><time>2021-09-02T15:07:25Z</time></trkpt><trkpt lat="46.512379" lon="11.759550"><ele>2109.914</ele><time>2021-09-02T15:07:31Z</time></trkpt><trkpt lat="46.512339" lon="11.759507"><ele>2111.008</ele><time>2021-09-02T15:07:38Z</time></trkpt><trkpt lat="46.512297" lon="11.759475"><ele>2112.384</ele><time>2021-09-02T15:07:44Z</time></trkpt><trkpt lat="46.512298" lon="11.759406"><ele>2113.648</ele><time>2021-09-02T15:07:51Z</time></trkpt><trkpt lat="46.512259" lon="11.759372"><ele>2114.483</ele><time>2021-09-02T15:07:56Z</time></trkpt><trkpt lat="46.512206" lon="11.759356"><ele>2115.484</ele><time>2021-09-02T15:08:02Z</time></trkpt><trkpt lat="46.512160" lon="11.759360"><ele>2116.198</ele><time>2021-09-02T15:08:07Z</time></trkpt><trkpt lat="46.512111" lon="11.759357"><ele>2117.332</ele><time>2021-09-02T15:08:15Z</time></trkpt><trkpt lat="46.512062" lon="11.759364"><ele>2118.083</ele><time>2021-09-02T15:08:20Z</time></trkpt><trkpt lat="46.512019" lon="11.759341"><ele>2118.798</ele><time>2021-09-02T15:08:25Z</time></trkpt><trkpt lat="46.511988" lon="11.759292"><ele>2119.599</ele><time>2021-09-02T15:08:30Z</time></trkpt><trkpt lat="46.511941" lon="11.759256"><ele>2120.207</ele><time>2021-09-02T15:08:34Z</time></trkpt><trkpt lat="46.511902" lon="11.759215"><ele>2121.027</ele><time>2021-09-02T15:08:38Z</time></trkpt><trkpt lat="46.511852" lon="11.759203"><ele>2121.608</ele><time>2021-09-02T15:08:42Z</time></trkpt><trkpt lat="46.511803" lon="11.759209"><ele>2122.137</ele><time>2021-09-02T15:08:46Z</time></trkpt><trkpt lat="46.511752" lon="11.759206"><ele>2122.751</ele><time>2021-09-02T15:08:50Z</time></trkpt><trkpt lat="46.511704" lon="11.759202"><ele>2123.346</ele><time>2021-09-02T15:08:54Z</time></trkpt><trkpt lat="46.511659" lon="11.759189"><ele>2124.037</ele><time>2021-09-02T15:08:58Z</time></trkpt><trkpt lat="46.511608" lon="11.759153"><ele>2125.331</ele><time>2021-09-02T15:09:04Z</time></trkpt><trkpt lat="46.511561" lon="11.759114"><ele>2126.345</ele><time>2021-09-02T15:09:09Z</time></trkpt><trkpt lat="46.511522" lon="11.759065"><ele>2127.016</ele><time>2021-09-02T15:09:14Z</time></trkpt><trkpt lat="46.511480" lon="11.759018"><ele>2127.831</ele><time>2021-09-02T15:09:19Z</time></trkpt><trkpt lat="46.511434" lon="11.758978"><ele>2128.878</ele><time>2021-09-02T15:09:25Z</time></trkpt><trkpt lat="46.511392" lon="11.758949"><ele>2129.933</ele><time>2021-09-02T15:09:30Z</time></trkpt><trkpt lat="46.511348" lon="11.758921"><ele>2131.126</ele><time>2021-09-02T15:09:36Z</time></trkpt><trkpt lat="46.511315" lon="11.758876"><ele>2132.208</ele><time>2021-09-02T15:09:42Z</time></trkpt><trkpt lat="46.511290" lon="11.758814"><ele>2133.815</ele><time>2021-09-02T15:09:50Z</time></trkpt><trkpt lat="46.511247" lon="11.758792"><ele>2134.899</ele><time>2021-09-02T15:09:55Z</time></trkpt><trkpt lat="46.511235" lon="11.758724"><ele>2137.044</ele><time>2021-09-02T15:10:06Z</time></trkpt><trkpt lat="46.511202" lon="11.758673"><ele>2138.475</ele><time>2021-09-02T15:10:14Z</time></trkpt><trkpt lat="46.511160" lon="11.758646"><ele>2140.029</ele><time>2021-09-02T15:10:23Z</time></trkpt><trkpt lat="46.511139" lon="11.758587"><ele>2141.183</ele><time>2021-09-02T15:10:30Z</time></trkpt><trkpt lat="46.511091" lon="11.758575"><ele>2142.064</ele><time>2021-09-02T15:10:38Z</time></trkpt><trkpt lat="46.511044" lon="11.758569"><ele>2142.669</ele><time>2021-09-02T15:10:47Z</time></trkpt><trkpt lat="46.511014" lon="11.758514"><ele>2143.266</ele><time>2021-09-02T15:10:52Z</time></trkpt><trkpt lat="46.510980" lon="11.758467"><ele>2144.229</ele><time>2021-09-02T15:10:58Z</time></trkpt><trkpt lat="46.510939" lon="11.758419"><ele>2145.421</ele><time>2021-09-02T15:11:04Z</time></trkpt><trkpt lat="46.510890" lon="11.758418"><ele>2146.908</ele><time>2021-09-02T15:11:11Z</time></trkpt><trkpt lat="46.510862" lon="11.758343"><ele>2148.424</ele><time>2021-09-02T15:11:20Z</time></trkpt><trkpt lat="46.510891" lon="11.758291"><ele>2149.568</ele><time>2021-09-02T15:11:25Z</time></trkpt><trkpt lat="46.510843" lon="11.758270"><ele>2150.253</ele><time>2021-09-02T15:11:29Z</time></trkpt><trkpt lat="46.510795" lon="11.758267"><ele>2150.984</ele><time>2021-09-02T15:11:34Z</time></trkpt><trkpt lat="46.510748" lon="11.758260"><ele>2151.198</ele><time>2021-09-02T15:11:38Z</time></trkpt><trkpt lat="46.510720" lon="11.758206"><ele>2151.232</ele><time>2021-09-02T15:11:42Z</time></trkpt><trkpt lat="46.510689" lon="11.758156"><ele>2151.963</ele><time>2021-09-02T15:12:00Z</time></trkpt><trkpt lat="46.510647" lon="11.758120"><ele>2152.418</ele><time>2021-09-02T15:12:05Z</time></trkpt><trkpt lat="46.510610" lon="11.758063"><ele>2153.171</ele><time>2021-09-02T15:12:10Z</time></trkpt><trkpt lat="46.510559" lon="11.758034"><ele>2153.641</ele><time>2021-09-02T15:12:14Z</time></trkpt><trkpt lat="46.510519" lon="11.757991"><ele>2153.815</ele><time>2021-09-02T15:12:18Z</time></trkpt><trkpt lat="46.510477" lon="11.757941"><ele>2154.508</ele><time>2021-09-02T15:12:23Z</time></trkpt><trkpt lat="46.510441" lon="11.757899"><ele>2154.945</ele><time>2021-09-02T15:12:27Z</time></trkpt><trkpt lat="46.510427" lon="11.757835"><ele>2155.719</ele><time>2021-09-02T15:12:50Z</time></trkpt><trkpt lat="46.510400" lon="11.757779"><ele>2155.914</ele><time>2021-09-02T15:12:54Z</time></trkpt><trkpt lat="46.510368" lon="11.757713"><ele>2156.395</ele><time>2021-09-02T15:12:58Z</time></trkpt><trkpt lat="46.510334" lon="11.757670"><ele>2156.659</ele><time>2021-09-02T15:13:02Z</time></trkpt><trkpt lat="46.510294" lon="11.757633"><ele>2157.263</ele><time>2021-09-02T15:13:06Z</time></trkpt><trkpt lat="46.510256" lon="11.757593"><ele>2157.664</ele><time>2021-09-02T15:13:10Z</time></trkpt><trkpt lat="46.510227" lon="11.757542"><ele>2157.829</ele><time>2021-09-02T15:13:14Z</time></trkpt><trkpt lat="46.510178" lon="11.757517"><ele>2158.687</ele><time>2021-09-02T15:13:19Z</time></trkpt><trkpt lat="46.510119" lon="11.757516"><ele>2159.042</ele><time>2021-09-02T15:13:23Z</time></trkpt><trkpt lat="46.510065" lon="11.757514"><ele>2159.026</ele><time>2021-09-02T15:13:27Z</time></trkpt><trkpt lat="46.510020" lon="11.757486"><ele>2159.108</ele><time>2021-09-02T15:13:31Z</time></trkpt><trkpt lat="46.509983" lon="11.757427"><ele>2159.326</ele><time>2021-09-02T15:13:35Z</time></trkpt><trkpt lat="46.509942" lon="11.757469"><ele>2159.740</ele><time>2021-09-02T15:13:39Z</time></trkpt><trkpt lat="46.509902" lon="11.757503"><ele>2159.975</ele><time>2021-09-02T15:13:42Z</time></trkpt><trkpt lat="46.509856" lon="11.757530"><ele>2160.236</ele><time>2021-09-02T15:13:46Z</time></trkpt><trkpt lat="46.509816" lon="11.757500"><ele>2160.650</ele><time>2021-09-02T15:13:49Z</time></trkpt><trkpt lat="46.509766" lon="11.757481"><ele>2161.194</ele><time>2021-09-02T15:13:53Z</time></trkpt><trkpt lat="46.509725" lon="11.757453"><ele>2161.675</ele><time>2021-09-02T15:13:57Z</time></trkpt><trkpt lat="46.509683" lon="11.757424"><ele>2161.990</ele><time>2021-09-02T15:14:01Z</time></trkpt><trkpt lat="46.509649" lon="11.757359"><ele>2161.979</ele><time>2021-09-02T15:14:05Z</time></trkpt><trkpt lat="46.509602" lon="11.757381"><ele>2161.805</ele><time>2021-09-02T15:14:09Z</time></trkpt><trkpt lat="46.509573" lon="11.757452"><ele>2161.825</ele><time>2021-09-02T15:14:13Z</time></trkpt><trkpt lat="46.509527" lon="11.757443"><ele>2161.908</ele><time>2021-09-02T15:14:16Z</time></trkpt><trkpt lat="46.509480" lon="11.757428"><ele>2162.125</ele><time>2021-09-02T15:14:19Z</time></trkpt><trkpt lat="46.509423" lon="11.757421"><ele>2162.439</ele><time>2021-09-02T15:14:23Z</time></trkpt><trkpt lat="46.509373" lon="11.757395"><ele>2162.724</ele><time>2021-09-02T15:14:27Z</time></trkpt><trkpt lat="46.509330" lon="11.757365"><ele>2162.855</ele><time>2021-09-02T15:14:30Z</time></trkpt><trkpt lat="46.509282" lon="11.757362"><ele>2163.269</ele><time>2021-09-02T15:14:33Z</time></trkpt><trkpt lat="46.509244" lon="11.757313"><ele>2163.733</ele><time>2021-09-02T15:14:38Z</time></trkpt><trkpt lat="46.509204" lon="11.757278"><ele>2164.134</ele><time>2021-09-02T15:14:41Z</time></trkpt><trkpt lat="46.509177" lon="11.757217"><ele>2164.429</ele><time>2021-09-02T15:14:45Z</time></trkpt><trkpt lat="46.509153" lon="11.757160"><ele>2164.431</ele><time>2021-09-02T15:14:48Z</time></trkpt><trkpt lat="46.509118" lon="11.757099"><ele>2164.461</ele><time>2021-09-02T15:14:52Z</time></trkpt><trkpt lat="46.509084" lon="11.757029"><ele>2164.607</ele><time>2021-09-02T15:14:56Z</time></trkpt><trkpt lat="46.509049" lon="11.756976"><ele>2164.908</ele><time>2021-09-02T15:15:01Z</time></trkpt><trkpt lat="46.509036" lon="11.756909"><ele>2165.731</ele><time>2021-09-02T15:15:05Z</time></trkpt><trkpt lat="46.509042" lon="11.756842"><ele>2167.025</ele><time>2021-09-02T15:15:11Z</time></trkpt><trkpt lat="46.509021" lon="11.756781"><ele>2168.230</ele><time>2021-09-02T15:15:18Z</time></trkpt><trkpt lat="46.508977" lon="11.756756"><ele>2168.731</ele><time>2021-09-02T15:15:23Z</time></trkpt><trkpt lat="46.508952" lon="11.756689"><ele>2169.565</ele><time>2021-09-02T15:15:27Z</time></trkpt><trkpt lat="46.508957" lon="11.756600"><ele>2170.129</ele><time>2021-09-02T15:15:31Z</time></trkpt><trkpt lat="46.508935" lon="11.756680"><ele>2170.330</ele><time>2021-09-02T15:16:06Z</time></trkpt><trkpt lat="46.508912" lon="11.756740"><ele>2170.385</ele><time>2021-09-02T15:16:10Z</time></trkpt><trkpt lat="46.508877" lon="11.756784"><ele>2170.166</ele><time>2021-09-02T15:16:14Z</time></trkpt><trkpt lat="46.508845" lon="11.756834"><ele>2169.729</ele><time>2021-09-02T15:16:30Z</time></trkpt><trkpt lat="46.508803" lon="11.756871"><ele>2169.921</ele><time>2021-09-02T15:17:33Z</time></trkpt><trkpt lat="46.508797" lon="11.756804"><ele>2169.608</ele><time>2021-09-02T15:17:45Z</time></trkpt><trkpt lat="46.508761" lon="11.756754"><ele>2169.734</ele><time>2021-09-02T15:17:51Z</time></trkpt><trkpt lat="46.508802" lon="11.756875"><ele>2169.898</ele><time>2021-09-02T15:18:13Z</time></trkpt><trkpt lat="46.508751" lon="11.756896"><ele>2169.583</ele><time>2021-09-02T15:18:18Z</time></trkpt><trkpt lat="46.508711" lon="11.756863"><ele>2169.624</ele><time>2021-09-02T15:18:21Z</time></trkpt><trkpt lat="46.508667" lon="11.756819"><ele>2169.678</ele><time>2021-09-02T15:18:24Z</time></trkpt><trkpt lat="46.508617" lon="11.756791"><ele>2169.852</ele><time>2021-09-02T15:18:27Z</time></trkpt><trkpt lat="46.508577" lon="11.756763"><ele>2170.043</ele><time>2021-09-02T15:18:30Z</time></trkpt><trkpt lat="46.508533" lon="11.756709"><ele>2170.528</ele><time>2021-09-02T15:18:34Z</time></trkpt><trkpt lat="46.508490" lon="11.756686"><ele>2170.961</ele><time>2021-09-02T15:18:37Z</time></trkpt><trkpt lat="46.508450" lon="11.756642"><ele>2171.621</ele><time>2021-09-02T15:18:44Z</time></trkpt><trkpt lat="46.508406" lon="11.756605"><ele>2172.013</ele><time>2021-09-02T15:18:49Z</time></trkpt><trkpt lat="46.508361" lon="11.756559"><ele>2173.008</ele><time>2021-09-02T15:18:55Z</time></trkpt><trkpt lat="46.508310" lon="11.756561"><ele>2174.324</ele><time>2021-09-02T15:19:02Z</time></trkpt><trkpt lat="46.508264" lon="11.756553"><ele>2175.228</ele><time>2021-09-02T15:19:08Z</time></trkpt><trkpt lat="46.508206" lon="11.756546"><ele>2176.213</ele><time>2021-09-02T15:19:15Z</time></trkpt><trkpt lat="46.508161" lon="11.756557"><ele>2176.964</ele><time>2021-09-02T15:19:19Z</time></trkpt><trkpt lat="46.508107" lon="11.756568"><ele>2177.718</ele><time>2021-09-02T15:19:25Z</time></trkpt><trkpt lat="46.508061" lon="11.756582"><ele>2178.452</ele><time>2021-09-02T15:19:31Z</time></trkpt><trkpt lat="46.508012" lon="11.756591"><ele>2178.873</ele><time>2021-09-02T15:19:34Z</time></trkpt><trkpt lat="46.507958" lon="11.756597"><ele>2179.668</ele><time>2021-09-02T15:19:39Z</time></trkpt><trkpt lat="46.507915" lon="11.756618"><ele>2180.223</ele><time>2021-09-02T15:19:44Z</time></trkpt><trkpt lat="46.507867" lon="11.756644"><ele>2180.883</ele><time>2021-09-02T15:19:49Z</time></trkpt><trkpt lat="46.507821" lon="11.756657"><ele>2181.411</ele><time>2021-09-02T15:19:53Z</time></trkpt><trkpt lat="46.507777" lon="11.756682"><ele>2182.108</ele><time>2021-09-02T15:19:58Z</time></trkpt><trkpt lat="46.507732" lon="11.756697"><ele>2182.610</ele><time>2021-09-02T15:20:01Z</time></trkpt><trkpt lat="46.507677" lon="11.756696"><ele>2183.264</ele><time>2021-09-02T15:20:05Z</time></trkpt><trkpt lat="46.507628" lon="11.756728"><ele>2184.139</ele><time>2021-09-02T15:20:11Z</time></trkpt><trkpt lat="46.507572" lon="11.756744"><ele>2185.240</ele><time>2021-09-02T15:20:17Z</time></trkpt><trkpt lat="46.507528" lon="11.756763"><ele>2186.064</ele><time>2021-09-02T15:20:22Z</time></trkpt><trkpt lat="46.507479" lon="11.756792"><ele>2187.288</ele><time>2021-09-02T15:20:28Z</time></trkpt><trkpt lat="46.507440" lon="11.756827"><ele>2187.889</ele><time>2021-09-02T15:20:32Z</time></trkpt><trkpt lat="46.507395" lon="11.756861"><ele>2188.764</ele><time>2021-09-02T15:20:37Z</time></trkpt><trkpt lat="46.507356" lon="11.756898"><ele>2189.699</ele><time>2021-09-02T15:20:42Z</time></trkpt><trkpt lat="46.507306" lon="11.756925"><ele>2190.607</ele><time>2021-09-02T15:20:47Z</time></trkpt><trkpt lat="46.507256" lon="11.756949"><ele>2192.327</ele><time>2021-09-02T15:20:53Z</time></trkpt><trkpt lat="46.507211" lon="11.756973"><ele>2193.308</ele><time>2021-09-02T15:20:58Z</time></trkpt><trkpt lat="46.507165" lon="11.757005"><ele>2194.367</ele><time>2021-09-02T15:21:03Z</time></trkpt><trkpt lat="46.507114" lon="11.757031"><ele>2195.241</ele><time>2021-09-02T15:21:08Z</time></trkpt><trkpt lat="46.507062" lon="11.757063"><ele>2196.136</ele><time>2021-09-02T15:21:13Z</time></trkpt><trkpt lat="46.507016" lon="11.757104"><ele>2196.917</ele><time>2021-09-02T15:21:18Z</time></trkpt><trkpt lat="46.506963" lon="11.757120"><ele>2197.411</ele><time>2021-09-02T15:21:22Z</time></trkpt><trkpt lat="46.506910" lon="11.757132"><ele>2198.395</ele><time>2021-09-02T15:21:27Z</time></trkpt><trkpt lat="46.506850" lon="11.757144"><ele>2199.046</ele><time>2021-09-02T15:21:33Z</time></trkpt><trkpt lat="46.506799" lon="11.757154"><ele>2199.451</ele><time>2021-09-02T15:21:37Z</time></trkpt><trkpt lat="46.506752" lon="11.757172"><ele>2200.056</ele><time>2021-09-02T15:21:41Z</time></trkpt><trkpt lat="46.506709" lon="11.757203"><ele>2200.659</ele><time>2021-09-02T15:21:46Z</time></trkpt><trkpt lat="46.506771" lon="11.757245"><ele>2202.514</ele><time>2021-09-02T15:21:55Z</time></trkpt><trkpt lat="46.506785" lon="11.757316"><ele>2202.908</ele><time>2021-09-02T15:21:59Z</time></trkpt><trkpt lat="46.506800" lon="11.757396"><ele>2203.033</ele><time>2021-09-02T15:22:03Z</time></trkpt><trkpt lat="46.506821" lon="11.757459"><ele>2203.487</ele><time>2021-09-02T15:22:07Z</time></trkpt><trkpt lat="46.506837" lon="11.757533"><ele>2203.772</ele><time>2021-09-02T15:22:12Z</time></trkpt><trkpt lat="46.506859" lon="11.757590"><ele>2204.383</ele><time>2021-09-02T15:22:16Z</time></trkpt><trkpt lat="46.506886" lon="11.757662"><ele>2205.257</ele><time>2021-09-02T15:22:21Z</time></trkpt><trkpt lat="46.506934" lon="11.757714"><ele>2206.271</ele><time>2021-09-02T15:22:25Z</time></trkpt><trkpt lat="46.506970" lon="11.757754"><ele>2206.642</ele><time>2021-09-02T15:22:29Z</time></trkpt><trkpt lat="46.507014" lon="11.757800"><ele>2206.847</ele><time>2021-09-02T15:22:33Z</time></trkpt><trkpt lat="46.507053" lon="11.757839"><ele>2206.933</ele><time>2021-09-02T15:22:37Z</time></trkpt><trkpt lat="46.507087" lon="11.757891"><ele>2206.923</ele><time>2021-09-02T15:22:41Z</time></trkpt><trkpt lat="46.507115" lon="11.757948"><ele>2207.215</ele><time>2021-09-02T15:22:45Z</time></trkpt><trkpt lat="46.507144" lon="11.758012"><ele>2207.008</ele><time>2021-09-02T15:23:28Z</time></trkpt><trkpt lat="46.507177" lon="11.758075"><ele>2207.791</ele><time>2021-09-02T15:23:32Z</time></trkpt><trkpt lat="46.507213" lon="11.758131"><ele>2207.725</ele><time>2021-09-02T15:23:36Z</time></trkpt><trkpt lat="46.507213" lon="11.758213"><ele>2208.290</ele><time>2021-09-02T15:23:40Z</time></trkpt><trkpt lat="46.507232" lon="11.758286"><ele>2208.551</ele><time>2021-09-02T15:23:44Z</time></trkpt><trkpt lat="46.507272" lon="11.758322"><ele>2208.135</ele><time>2021-09-02T15:24:02Z</time></trkpt><trkpt lat="46.507298" lon="11.758409"><ele>2208.289</ele><time>2021-09-02T15:24:05Z</time></trkpt><trkpt lat="46.507324" lon="11.758492"><ele>2208.590</ele><time>2021-09-02T15:24:08Z</time></trkpt><trkpt lat="46.507352" lon="11.758567"><ele>2208.665</ele><time>2021-09-02T15:24:11Z</time></trkpt><trkpt lat="46.507376" lon="11.758630"><ele>2208.712</ele><time>2021-09-02T15:24:13Z</time></trkpt><trkpt lat="46.507398" lon="11.758716"><ele>2208.732</ele><time>2021-09-02T15:24:16Z</time></trkpt><trkpt lat="46.507422" lon="11.758801"><ele>2208.605</ele><time>2021-09-02T15:24:19Z</time></trkpt><trkpt lat="46.507435" lon="11.758893"><ele>2208.608</ele><time>2021-09-02T15:24:22Z</time></trkpt><trkpt lat="46.507467" lon="11.758968"><ele>2208.589</ele><time>2021-09-02T15:24:25Z</time></trkpt><trkpt lat="46.507495" lon="11.759044"><ele>2208.623</ele><time>2021-09-02T15:24:28Z</time></trkpt><trkpt lat="46.507506" lon="11.759111"><ele>2208.798</ele><time>2021-09-02T15:24:31Z</time></trkpt><trkpt lat="46.507524" lon="11.759181"><ele>2209.419</ele><time>2021-09-02T15:24:37Z</time></trkpt><trkpt lat="46.507532" lon="11.759261"><ele>2209.663</ele><time>2021-09-02T15:24:41Z</time></trkpt><trkpt lat="46.507565" lon="11.759317"><ele>2209.547</ele><time>2021-09-02T15:24:46Z</time></trkpt><trkpt lat="46.507619" lon="11.759378"><ele>2209.638</ele><time>2021-09-02T15:24:50Z</time></trkpt><trkpt lat="46.507664" lon="11.759410"><ele>2208.763</ele><time>2021-09-02T15:24:54Z</time></trkpt><trkpt lat="46.507712" lon="11.759428"><ele>2207.757</ele><time>2021-09-02T15:25:13Z</time></trkpt><trkpt lat="46.507757" lon="11.759459"><ele>2208.200</ele><time>2021-09-02T15:25:17Z</time></trkpt><trkpt lat="46.507790" lon="11.759526"><ele>2208.620</ele><time>2021-09-02T15:25:21Z</time></trkpt><trkpt lat="46.507827" lon="11.759571"><ele>2208.708</ele><time>2021-09-02T15:25:25Z</time></trkpt><trkpt lat="46.507870" lon="11.759607"><ele>2208.863</ele><time>2021-09-02T15:25:29Z</time></trkpt><trkpt lat="46.507911" lon="11.759661"><ele>2209.517</ele><time>2021-09-02T15:25:50Z</time></trkpt><trkpt lat="46.507940" lon="11.759716"><ele>2210.022</ele><time>2021-09-02T15:25:54Z</time></trkpt><trkpt lat="46.507965" lon="11.759782"><ele>2210.443</ele><time>2021-09-02T15:25:58Z</time></trkpt><trkpt lat="46.507983" lon="11.759849"><ele>2210.617</ele><time>2021-09-02T15:26:02Z</time></trkpt><trkpt lat="46.507997" lon="11.759916"><ele>2210.981</ele><time>2021-09-02T15:26:06Z</time></trkpt><trkpt lat="46.508010" lon="11.759992"><ele>2211.212</ele><time>2021-09-02T15:26:10Z</time></trkpt><trkpt lat="46.508004" lon="11.760084"><ele>2210.887</ele><time>2021-09-02T15:26:15Z</time></trkpt><trkpt lat="46.507990" lon="11.760148"><ele>2210.439</ele><time>2021-09-02T15:26:19Z</time></trkpt><trkpt lat="46.507962" lon="11.760219"><ele>2210.501</ele><time>2021-09-02T15:26:23Z</time></trkpt><trkpt lat="46.507959" lon="11.760289"><ele>2210.521</ele><time>2021-09-02T15:26:28Z</time></trkpt><trkpt lat="46.507910" lon="11.760354"><ele>2210.408</ele><time>2021-09-02T15:26:31Z</time></trkpt><trkpt lat="46.507883" lon="11.760408"><ele>2210.481</ele><time>2021-09-02T15:26:34Z</time></trkpt><trkpt lat="46.507850" lon="11.760469"><ele>2210.745</ele><time>2021-09-02T15:26:37Z</time></trkpt><trkpt lat="46.507809" lon="11.760500"><ele>2210.960</ele><time>2021-09-02T15:26:40Z</time></trkpt><trkpt lat="46.507778" lon="11.760551"><ele>2210.991</ele><time>2021-09-02T15:26:44Z</time></trkpt><trkpt lat="46.507750" lon="11.760616"><ele>2211.895</ele><time>2021-09-02T15:26:50Z</time></trkpt><trkpt lat="46.507770" lon="11.760685"><ele>2213.129</ele><time>2021-09-02T15:26:57Z</time></trkpt><trkpt lat="46.507807" lon="11.760733"><ele>2213.530</ele><time>2021-09-02T15:27:02Z</time></trkpt><trkpt lat="46.507852" lon="11.760783"><ele>2214.365</ele><time>2021-09-02T15:27:08Z</time></trkpt><trkpt lat="46.507900" lon="11.760812"><ele>2214.763</ele><time>2021-09-02T15:27:13Z</time></trkpt><trkpt lat="46.507944" lon="11.760847"><ele>2215.544</ele><time>2021-09-02T15:27:18Z</time></trkpt><trkpt lat="46.507963" lon="11.760907"><ele>2216.418</ele><time>2021-09-02T15:27:23Z</time></trkpt><trkpt lat="46.508001" lon="11.760959"><ele>2217.108</ele><time>2021-09-02T15:27:27Z</time></trkpt><trkpt lat="46.508003" lon="11.761041"><ele>2217.834</ele><time>2021-09-02T15:27:32Z</time></trkpt><trkpt lat="46.507992" lon="11.761108"><ele>2218.168</ele><time>2021-09-02T15:27:35Z</time></trkpt><trkpt lat="46.508017" lon="11.761182"><ele>2218.123</ele><time>2021-09-02T15:27:38Z</time></trkpt><trkpt lat="46.508038" lon="11.761240"><ele>2218.464</ele><time>2021-09-02T15:27:41Z</time></trkpt><trkpt lat="46.508059" lon="11.761317"><ele>2218.418</ele><time>2021-09-02T15:27:43Z</time></trkpt><trkpt lat="46.508092" lon="11.761364"><ele>2218.282</ele><time>2021-09-02T15:27:45Z</time></trkpt><trkpt lat="46.508113" lon="11.761426"><ele>2217.993</ele><time>2021-09-02T15:27:47Z</time></trkpt><trkpt lat="46.508140" lon="11.761490"><ele>2217.698</ele><time>2021-09-02T15:27:49Z</time></trkpt><trkpt lat="46.508158" lon="11.761557"><ele>2217.399</ele><time>2021-09-02T15:27:51Z</time></trkpt><trkpt lat="46.508184" lon="11.761620"><ele>2216.807</ele><time>2021-09-02T15:27:53Z</time></trkpt><trkpt lat="46.508200" lon="11.761688"><ele>2216.427</ele><time>2021-09-02T15:27:55Z</time></trkpt><trkpt lat="46.508223" lon="11.761753"><ele>2216.008</ele><time>2021-09-02T15:27:57Z</time></trkpt><trkpt lat="46.508266" lon="11.761789"><ele>2215.527</ele><time>2021-09-02T15:27:59Z</time></trkpt><trkpt lat="46.508292" lon="11.761842"><ele>2214.941</ele><time>2021-09-02T15:28:01Z</time></trkpt><trkpt lat="46.508337" lon="11.761919"><ele>2213.926</ele><time>2021-09-02T15:28:04Z</time></trkpt><trkpt lat="46.508358" lon="11.761993"><ele>2213.277</ele><time>2021-09-02T15:28:07Z</time></trkpt><trkpt lat="46.508393" lon="11.762052"><ele>2213.181</ele><time>2021-09-02T15:28:10Z</time></trkpt><trkpt lat="46.508444" lon="11.762086"><ele>2213.445</ele><time>2021-09-02T15:28:13Z</time></trkpt><trkpt lat="46.508440" lon="11.762161"><ele>2213.726</ele><time>2021-09-02T15:28:16Z</time></trkpt><trkpt lat="46.508454" lon="11.762239"><ele>2213.661</ele><time>2021-09-02T15:28:20Z</time></trkpt><trkpt lat="46.508455" lon="11.762333"><ele>2213.161</ele><time>2021-09-02T15:28:24Z</time></trkpt><trkpt lat="46.508457" lon="11.762421"><ele>2212.821</ele><time>2021-09-02T15:28:28Z</time></trkpt><trkpt lat="46.508478" lon="11.762491"><ele>2212.413</ele><time>2021-09-02T15:28:32Z</time></trkpt><trkpt lat="46.508492" lon="11.762555"><ele>2212.208</ele><time>2021-09-02T15:28:35Z</time></trkpt><trkpt lat="46.508497" lon="11.762625"><ele>2212.054</ele><time>2021-09-02T15:28:38Z</time></trkpt><trkpt lat="46.508515" lon="11.762708"><ele>2211.498</ele><time>2021-09-02T15:28:42Z</time></trkpt><trkpt lat="46.508524" lon="11.762795"><ele>2210.943</ele><time>2021-09-02T15:28:45Z</time></trkpt><trkpt lat="46.508531" lon="11.762880"><ele>2210.594</ele><time>2021-09-02T15:28:49Z</time></trkpt><trkpt lat="46.508518" lon="11.762959"><ele>2210.328</ele><time>2021-09-02T15:28:52Z</time></trkpt><trkpt lat="46.508501" lon="11.763043"><ele>2210.282</ele><time>2021-09-02T15:28:55Z</time></trkpt><trkpt lat="46.508495" lon="11.763119"><ele>2210.173</ele><time>2021-09-02T15:28:58Z</time></trkpt><trkpt lat="46.508485" lon="11.763203"><ele>2210.188</ele><time>2021-09-02T15:29:01Z</time></trkpt><trkpt lat="46.508476" lon="11.763287"><ele>2210.357</ele><time>2021-09-02T15:29:04Z</time></trkpt><trkpt lat="46.508462" lon="11.763354"><ele>2210.600</ele><time>2021-09-02T15:29:07Z</time></trkpt><trkpt lat="46.508425" lon="11.763408"><ele>2211.320</ele><time>2021-09-02T15:29:11Z</time></trkpt><trkpt lat="46.508409" lon="11.763485"><ele>2212.708</ele><time>2021-09-02T15:29:18Z</time></trkpt><trkpt lat="46.508401" lon="11.763565"><ele>2213.683</ele><time>2021-09-02T15:29:23Z</time></trkpt><trkpt lat="46.508402" lon="11.763657"><ele>2213.857</ele><time>2021-09-02T15:29:27Z</time></trkpt><trkpt lat="46.508394" lon="11.763723"><ele>2213.912</ele><time>2021-09-02T15:29:31Z</time></trkpt><trkpt lat="46.508388" lon="11.763796"><ele>2214.693</ele><time>2021-09-02T15:29:35Z</time></trkpt><trkpt lat="46.508385" lon="11.763875"><ele>2215.077</ele><time>2021-09-02T15:29:39Z</time></trkpt><trkpt lat="46.508374" lon="11.763954"><ele>2215.861</ele><time>2021-09-02T15:29:44Z</time></trkpt><trkpt lat="46.508379" lon="11.764036"><ele>2216.552</ele><time>2021-09-02T15:29:49Z</time></trkpt><trkpt lat="46.508367" lon="11.764113"><ele>2216.577</ele><time>2021-09-02T15:29:53Z</time></trkpt><trkpt lat="46.508353" lon="11.764182"><ele>2216.845</ele><time>2021-09-02T15:29:57Z</time></trkpt><trkpt lat="46.508330" lon="11.764249"><ele>2216.947</ele><time>2021-09-02T15:30:00Z</time></trkpt><trkpt lat="46.508309" lon="11.764348"><ele>2216.611</ele><time>2021-09-02T15:30:04Z</time></trkpt><trkpt lat="46.508282" lon="11.764401"><ele>2216.208</ele><time>2021-09-02T15:30:07Z</time></trkpt><trkpt lat="46.508244" lon="11.764472"><ele>2216.052</ele><time>2021-09-02T15:30:10Z</time></trkpt><trkpt lat="46.508217" lon="11.764525"><ele>2215.516</ele><time>2021-09-02T15:30:13Z</time></trkpt><trkpt lat="46.508180" lon="11.764576"><ele>2215.241</ele><time>2021-09-02T15:30:15Z</time></trkpt><trkpt lat="46.508150" lon="11.764654"><ele>2215.262</ele><time>2021-09-02T15:30:18Z</time></trkpt><trkpt lat="46.508131" lon="11.764749"><ele>2215.546</ele><time>2021-09-02T15:30:21Z</time></trkpt><trkpt lat="46.508126" lon="11.764822"><ele>2215.640</ele><time>2021-09-02T15:30:23Z</time></trkpt><trkpt lat="46.508127" lon="11.764890"><ele>2215.721</ele><time>2021-09-02T15:30:25Z</time></trkpt><trkpt lat="46.508136" lon="11.764955"><ele>2215.986</ele><time>2021-09-02T15:30:27Z</time></trkpt><trkpt lat="46.508171" lon="11.765036"><ele>2216.444</ele><time>2021-09-02T15:30:30Z</time></trkpt><trkpt lat="46.508196" lon="11.765097"><ele>2216.705</ele><time>2021-09-02T15:30:32Z</time></trkpt><trkpt lat="46.508236" lon="11.765174"><ele>2217.315</ele><time>2021-09-02T15:30:35Z</time></trkpt><trkpt lat="46.508274" lon="11.765249"><ele>2218.008</ele><time>2021-09-02T15:30:38Z</time></trkpt><trkpt lat="46.508300" lon="11.765304"><ele>2218.592</ele><time>2021-09-02T15:30:40Z</time></trkpt><trkpt lat="46.508335" lon="11.765373"><ele>2219.276</ele><time>2021-09-02T15:30:43Z</time></trkpt><trkpt lat="46.508374" lon="11.765447"><ele>2219.881</ele><time>2021-09-02T15:30:46Z</time></trkpt><trkpt lat="46.508410" lon="11.765527"><ele>2220.432</ele><time>2021-09-02T15:30:49Z</time></trkpt><trkpt lat="46.508449" lon="11.765589"><ele>2220.816</ele><time>2021-09-02T15:30:52Z</time></trkpt><trkpt lat="46.508487" lon="11.765664"><ele>2221.230</ele><time>2021-09-02T15:30:55Z</time></trkpt><trkpt lat="46.508516" lon="11.765724"><ele>2221.761</ele><time>2021-09-02T15:30:58Z</time></trkpt><trkpt lat="46.508555" lon="11.765796"><ele>2222.286</ele><time>2021-09-02T15:31:02Z</time></trkpt><trkpt lat="46.508586" lon="11.765843"><ele>2222.532</ele><time>2021-09-02T15:31:05Z</time></trkpt><trkpt lat="46.508619" lon="11.765893"><ele>2222.992</ele><time>2021-09-02T15:31:09Z</time></trkpt><trkpt lat="46.508648" lon="11.765949"><ele>2223.311</ele><time>2021-09-02T15:31:13Z</time></trkpt><trkpt lat="46.508670" lon="11.766025"><ele>2224.008</ele><time>2021-09-02T15:31:18Z</time></trkpt><trkpt lat="46.508678" lon="11.766101"><ele>2224.221</ele><time>2021-09-02T15:31:21Z</time></trkpt><trkpt lat="46.508692" lon="11.766174"><ele>2224.525</ele><time>2021-09-02T15:31:24Z</time></trkpt><trkpt lat="46.508685" lon="11.766245"><ele>2225.040</ele><time>2021-09-02T15:31:27Z</time></trkpt><trkpt lat="46.508655" lon="11.766324"><ele>2225.411</ele><time>2021-09-02T15:31:30Z</time></trkpt><trkpt lat="46.508619" lon="11.766379"><ele>2225.855</ele><time>2021-09-02T15:31:34Z</time></trkpt><trkpt lat="46.508597" lon="11.766453"><ele>2226.259</ele><time>2021-09-02T15:31:38Z</time></trkpt><trkpt lat="46.508575" lon="11.766515"><ele>2226.790</ele><time>2021-09-02T15:31:42Z</time></trkpt><trkpt lat="46.508547" lon="11.766575"><ele>2227.155</ele><time>2021-09-02T15:31:45Z</time></trkpt><trkpt lat="46.508513" lon="11.766627"><ele>2227.455</ele><time>2021-09-02T15:31:48Z</time></trkpt><trkpt lat="46.508486" lon="11.766680"><ele>2227.807</ele><time>2021-09-02T15:31:51Z</time></trkpt><trkpt lat="46.508461" lon="11.766736"><ele>2228.117</ele><time>2021-09-02T15:31:54Z</time></trkpt><trkpt lat="46.508430" lon="11.766798"><ele>2228.508</ele><time>2021-09-02T15:31:58Z</time></trkpt><trkpt lat="46.508395" lon="11.766859"><ele>2228.833</ele><time>2021-09-02T15:32:01Z</time></trkpt><trkpt lat="46.508357" lon="11.766947"><ele>2229.337</ele><time>2021-09-02T15:32:05Z</time></trkpt><trkpt lat="46.508318" lon="11.767016"><ele>2230.052</ele><time>2021-09-02T15:32:09Z</time></trkpt><trkpt lat="46.508275" lon="11.767089"><ele>2230.333</ele><time>2021-09-02T15:32:12Z</time></trkpt><trkpt lat="46.508233" lon="11.767139"><ele>2230.487</ele><time>2021-09-02T15:32:14Z</time></trkpt><trkpt lat="46.508189" lon="11.767186"><ele>2230.421</ele><time>2021-09-02T15:32:16Z</time></trkpt><trkpt lat="46.508136" lon="11.767238"><ele>2230.432</ele><time>2021-09-02T15:32:19Z</time></trkpt><trkpt lat="46.508094" lon="11.767276"><ele>2230.457</ele><time>2021-09-02T15:32:22Z</time></trkpt><trkpt lat="46.508047" lon="11.767307"><ele>2230.393</ele><time>2021-09-02T15:32:25Z</time></trkpt><trkpt lat="46.508022" lon="11.767247"><ele>2229.565</ele><time>2021-09-02T15:33:41Z</time></trkpt><trkpt lat="46.507986" lon="11.767200"><ele>2229.521</ele><time>2021-09-02T15:33:42Z</time></trkpt><trkpt lat="46.508054" lon="11.767296"><ele>2229.708</ele><time>2021-09-02T15:34:30Z</time></trkpt><trkpt lat="46.508030" lon="11.767363"><ele>2231.067</ele><time>2021-09-02T15:35:24Z</time></trkpt><trkpt lat="46.508150" lon="11.767350"><ele>2230.551</ele><time>2021-09-02T15:36:10Z</time></trkpt><trkpt lat="46.508123" lon="11.767257"><ele>2230.696</ele><time>2021-09-02T15:36:36Z</time></trkpt><trkpt lat="46.508183" lon="11.767223"><ele>2230.687</ele><time>2021-09-02T15:36:39Z</time></trkpt><trkpt lat="46.508236" lon="11.767181"><ele>2230.861</ele><time>2021-09-02T15:36:42Z</time></trkpt><trkpt lat="46.508286" lon="11.767118"><ele>2230.615</ele><time>2021-09-02T15:36:45Z</time></trkpt><trkpt lat="46.508322" lon="11.767061"><ele>2230.516</ele><time>2021-09-02T15:36:48Z</time></trkpt><trkpt lat="46.508354" lon="11.766977"><ele>2230.571</ele><time>2021-09-02T15:36:51Z</time></trkpt><trkpt lat="46.508389" lon="11.766921"><ele>2230.431</ele><time>2021-09-02T15:36:53Z</time></trkpt><trkpt lat="46.508422" lon="11.766842"><ele>2230.161</ele><time>2021-09-02T15:36:56Z</time></trkpt><trkpt lat="46.508445" lon="11.766784"><ele>2229.607</ele><time>2021-09-02T15:36:58Z</time></trkpt><trkpt lat="46.508477" lon="11.766729"><ele>2229.408</ele><time>2021-09-02T15:37:00Z</time></trkpt><trkpt lat="46.508503" lon="11.766674"><ele>2229.081</ele><time>2021-09-02T15:37:02Z</time></trkpt><trkpt lat="46.508539" lon="11.766590"><ele>2228.495</ele><time>2021-09-02T15:37:05Z</time></trkpt><trkpt lat="46.508569" lon="11.766533"><ele>2228.060</ele><time>2021-09-02T15:37:07Z</time></trkpt><trkpt lat="46.508605" lon="11.766475"><ele>2227.571</ele><time>2021-09-02T15:37:09Z</time></trkpt><trkpt lat="46.508627" lon="11.766412"><ele>2227.075</ele><time>2021-09-02T15:37:11Z</time></trkpt><trkpt lat="46.508648" lon="11.766351"><ele>2226.469</ele><time>2021-09-02T15:37:13Z</time></trkpt><trkpt lat="46.508667" lon="11.766279"><ele>2225.850</ele><time>2021-09-02T15:37:15Z</time></trkpt><trkpt lat="46.508672" lon="11.766210"><ele>2225.385</ele><time>2021-09-02T15:37:17Z</time></trkpt><trkpt lat="46.508671" lon="11.766137"><ele>2225.027</ele><time>2021-09-02T15:37:19Z</time></trkpt><trkpt lat="46.508665" lon="11.766065"><ele>2224.568</ele><time>2021-09-02T15:37:21Z</time></trkpt><trkpt lat="46.508659" lon="11.765996"><ele>2224.214</ele><time>2021-09-02T15:37:23Z</time></trkpt><trkpt lat="46.508639" lon="11.765936"><ele>2224.008</ele><time>2021-09-02T15:37:25Z</time></trkpt><trkpt lat="46.508608" lon="11.765863"><ele>2223.640</ele><time>2021-09-02T15:37:27Z</time></trkpt><trkpt lat="46.508573" lon="11.765804"><ele>2223.364</ele><time>2021-09-02T15:37:29Z</time></trkpt><trkpt lat="46.508544" lon="11.765752"><ele>2222.879</ele><time>2021-09-02T15:37:31Z</time></trkpt><trkpt lat="46.508511" lon="11.765694"><ele>2222.330</ele><time>2021-09-02T15:37:33Z</time></trkpt><trkpt lat="46.508478" lon="11.765637"><ele>2221.744</ele><time>2021-09-02T15:37:35Z</time></trkpt><trkpt lat="46.508447" lon="11.765584"><ele>2221.218</ele><time>2021-09-02T15:37:37Z</time></trkpt><trkpt lat="46.508412" lon="11.765529"><ele>2221.059</ele><time>2021-09-02T15:37:39Z</time></trkpt><trkpt lat="46.508385" lon="11.765476"><ele>2220.674</ele><time>2021-09-02T15:37:41Z</time></trkpt><trkpt lat="46.508355" lon="11.765422"><ele>2220.266</ele><time>2021-09-02T15:37:43Z</time></trkpt><trkpt lat="46.508320" lon="11.765367"><ele>2219.829</ele><time>2021-09-02T15:37:45Z</time></trkpt><trkpt lat="46.508289" lon="11.765317"><ele>2219.321</ele><time>2021-09-02T15:37:47Z</time></trkpt><trkpt lat="46.508256" lon="11.765264"><ele>2218.908</ele><time>2021-09-02T15:37:49Z</time></trkpt><trkpt lat="46.508228" lon="11.765213"><ele>2218.484</ele><time>2021-09-02T15:37:51Z</time></trkpt><trkpt lat="46.508196" lon="11.765157"><ele>2218.058</ele><time>2021-09-02T15:37:53Z</time></trkpt><trkpt lat="46.508164" lon="11.765102"><ele>2217.613</ele><time>2021-09-02T15:37:55Z</time></trkpt><trkpt lat="46.508142" lon="11.765041"><ele>2217.194</ele><time>2021-09-02T15:37:57Z</time></trkpt><trkpt lat="46.508117" lon="11.764980"><ele>2216.628</ele><time>2021-09-02T15:37:59Z</time></trkpt><trkpt lat="46.508109" lon="11.764911"><ele>2216.312</ele><time>2021-09-02T15:38:01Z</time></trkpt><trkpt lat="46.508114" lon="11.764839"><ele>2215.993</ele><time>2021-09-02T15:38:03Z</time></trkpt><trkpt lat="46.508121" lon="11.764772"><ele>2215.878</ele><time>2021-09-02T15:38:05Z</time></trkpt><trkpt lat="46.508142" lon="11.764708"><ele>2215.824</ele><time>2021-09-02T15:38:07Z</time></trkpt><trkpt lat="46.508168" lon="11.764651"><ele>2215.604</ele><time>2021-09-02T15:38:09Z</time></trkpt><trkpt lat="46.508200" lon="11.764590"><ele>2215.314</ele><time>2021-09-02T15:38:11Z</time></trkpt><trkpt lat="46.508226" lon="11.764528"><ele>2215.208</ele><time>2021-09-02T15:38:13Z</time></trkpt><trkpt lat="46.508250" lon="11.764470"><ele>2215.270</ele><time>2021-09-02T15:38:15Z</time></trkpt><trkpt lat="46.508283" lon="11.764417"><ele>2215.524</ele><time>2021-09-02T15:38:18Z</time></trkpt><trkpt lat="46.508309" lon="11.764352"><ele>2215.999</ele><time>2021-09-02T15:38:22Z</time></trkpt><trkpt lat="46.508326" lon="11.764290"><ele>2215.850</ele><time>2021-09-02T15:38:27Z</time></trkpt><trkpt lat="46.508335" lon="11.764222"><ele>2216.324</ele><time>2021-09-02T15:38:32Z</time></trkpt><trkpt lat="46.508353" lon="11.764145"><ele>2216.628</ele><time>2021-09-02T15:38:37Z</time></trkpt><trkpt lat="46.508365" lon="11.764081"><ele>2216.949</ele><time>2021-09-02T15:38:41Z</time></trkpt><trkpt lat="46.508373" lon="11.764002"><ele>2216.424</ele><time>2021-09-02T15:38:45Z</time></trkpt><trkpt lat="46.508378" lon="11.763927"><ele>2216.374</ele><time>2021-09-02T15:38:49Z</time></trkpt><trkpt lat="46.508386" lon="11.763835"><ele>2215.856</ele><time>2021-09-02T15:38:53Z</time></trkpt><trkpt lat="46.508396" lon="11.763768"><ele>2215.121</ele><time>2021-09-02T15:38:56Z</time></trkpt><trkpt lat="46.508409" lon="11.763691"><ele>2214.508</ele><time>2021-09-02T15:38:59Z</time></trkpt><trkpt lat="46.508422" lon="11.763613"><ele>2214.145</ele><time>2021-09-02T15:39:01Z</time></trkpt><trkpt lat="46.508427" lon="11.763542"><ele>2213.839</ele><time>2021-09-02T15:39:03Z</time></trkpt><trkpt lat="46.508444" lon="11.763455"><ele>2213.854</ele><time>2021-09-02T15:39:06Z</time></trkpt><trkpt lat="46.508466" lon="11.763388"><ele>2213.465</ele><time>2021-09-02T15:39:09Z</time></trkpt><trkpt lat="46.508486" lon="11.763326"><ele>2212.749</ele><time>2021-09-02T15:39:12Z</time></trkpt><trkpt lat="46.508515" lon="11.763248"><ele>2211.973</ele><time>2021-09-02T15:39:16Z</time></trkpt><trkpt lat="46.508531" lon="11.763173"><ele>2211.164</ele><time>2021-09-02T15:39:19Z</time></trkpt><trkpt lat="46.508540" lon="11.763106"><ele>2210.749</ele><time>2021-09-02T15:39:21Z</time></trkpt><trkpt lat="46.508544" lon="11.763022"><ele>2210.446</ele><time>2021-09-02T15:39:24Z</time></trkpt><trkpt lat="46.508544" lon="11.762931"><ele>2210.188</ele><time>2021-09-02T15:39:27Z</time></trkpt><trkpt lat="46.508559" lon="11.762857"><ele>2210.216</ele><time>2021-09-02T15:39:30Z</time></trkpt><trkpt lat="46.508568" lon="11.762786"><ele>2210.308</ele><time>2021-09-02T15:39:33Z</time></trkpt><trkpt lat="46.508556" lon="11.762704"><ele>2210.462</ele><time>2021-09-02T15:39:37Z</time></trkpt><trkpt lat="46.508547" lon="11.762623"><ele>2210.726</ele><time>2021-09-02T15:39:41Z</time></trkpt><trkpt lat="46.508531" lon="11.762561"><ele>2211.021</ele><time>2021-09-02T15:39:45Z</time></trkpt><trkpt lat="46.508516" lon="11.762492"><ele>2211.912</ele><time>2021-09-02T15:39:51Z</time></trkpt><trkpt lat="46.508489" lon="11.762438"><ele>2212.116</ele><time>2021-09-02T15:39:55Z</time></trkpt><trkpt lat="46.508468" lon="11.762379"><ele>2212.360</ele><time>2021-09-02T15:39:59Z</time></trkpt><trkpt lat="46.508462" lon="11.762288"><ele>2212.771</ele><time>2021-09-02T15:40:04Z</time></trkpt><trkpt lat="46.508438" lon="11.762216"><ele>2213.016</ele><time>2021-09-02T15:40:08Z</time></trkpt><trkpt lat="46.508425" lon="11.762136"><ele>2213.315</ele><time>2021-09-02T15:40:12Z</time></trkpt><trkpt lat="46.508406" lon="11.762074"><ele>2213.765</ele><time>2021-09-02T15:40:16Z</time></trkpt><trkpt lat="46.508374" lon="11.762006"><ele>2213.611</ele><time>2021-09-02T15:40:22Z</time></trkpt><trkpt lat="46.508348" lon="11.761938"><ele>2213.308</ele><time>2021-09-02T15:40:26Z</time></trkpt><trkpt lat="46.508308" lon="11.761879"><ele>2213.299</ele><time>2021-09-02T15:40:30Z</time></trkpt><trkpt lat="46.508272" lon="11.761830"><ele>2213.623</ele><time>2021-09-02T15:40:34Z</time></trkpt><trkpt lat="46.508238" lon="11.761751"><ele>2214.488</ele><time>2021-09-02T15:40:38Z</time></trkpt><trkpt lat="46.508209" lon="11.761696"><ele>2215.239</ele><time>2021-09-02T15:40:41Z</time></trkpt><trkpt lat="46.508172" lon="11.761629"><ele>2216.013</ele><time>2021-09-02T15:40:45Z</time></trkpt><trkpt lat="46.508137" lon="11.761551"><ele>2216.677</ele><time>2021-09-02T15:40:49Z</time></trkpt><trkpt lat="46.508116" lon="11.761470"><ele>2217.158</ele><time>2021-09-02T15:40:52Z</time></trkpt><trkpt lat="46.508089" lon="11.761395"><ele>2217.553</ele><time>2021-09-02T15:40:56Z</time></trkpt><trkpt lat="46.508059" lon="11.761343"><ele>2217.661</ele><time>2021-09-02T15:40:59Z</time></trkpt><trkpt lat="46.508036" lon="11.761268"><ele>2218.021</ele><time>2021-09-02T15:41:03Z</time></trkpt><trkpt lat="46.508012" lon="11.761192"><ele>2218.213</ele><time>2021-09-02T15:41:07Z</time></trkpt><trkpt lat="46.508003" lon="11.761117"><ele>2218.208</ele><time>2021-09-02T15:41:10Z</time></trkpt><trkpt lat="46.508015" lon="11.761042"><ele>2218.094</ele><time>2021-09-02T15:41:13Z</time></trkpt><trkpt lat="46.508022" lon="11.760968"><ele>2218.068</ele><time>2021-09-02T15:41:17Z</time></trkpt><trkpt lat="46.508002" lon="11.760902"><ele>2217.923</ele><time>2021-09-02T15:41:23Z</time></trkpt><trkpt lat="46.507955" lon="11.760876"><ele>2217.554</ele><time>2021-09-02T15:41:40Z</time></trkpt><trkpt lat="46.507923" lon="11.760819"><ele>2216.778</ele><time>2021-09-02T15:41:46Z</time></trkpt><trkpt lat="46.507874" lon="11.760788"><ele>2215.642</ele><time>2021-09-02T15:41:51Z</time></trkpt><trkpt lat="46.507822" lon="11.760762"><ele>2214.523</ele><time>2021-09-02T15:42:00Z</time></trkpt><trkpt lat="46.507786" lon="11.760704"><ele>2213.898</ele><time>2021-09-02T15:42:05Z</time></trkpt><trkpt lat="46.507738" lon="11.760674"><ele>2213.261</ele><time>2021-09-02T15:42:11Z</time></trkpt><trkpt lat="46.507719" lon="11.760606"><ele>2212.921</ele><time>2021-09-02T15:42:16Z</time></trkpt><trkpt lat="46.507746" lon="11.760534"><ele>2212.713</ele><time>2021-09-02T15:42:19Z</time></trkpt><trkpt lat="46.507767" lon="11.760465"><ele>2213.008</ele><time>2021-09-02T15:42:22Z</time></trkpt><trkpt lat="46.507791" lon="11.760402"><ele>2213.534</ele><time>2021-09-02T15:42:25Z</time></trkpt><trkpt lat="46.507798" lon="11.760325"><ele>2214.328</ele><time>2021-09-02T15:42:30Z</time></trkpt><trkpt lat="46.507814" lon="11.760251"><ele>2214.863</ele><time>2021-09-02T15:42:34Z</time></trkpt><trkpt lat="46.507831" lon="11.760191"><ele>2215.724</ele><time>2021-09-02T15:42:39Z</time></trkpt><trkpt lat="46.507836" lon="11.760117"><ele>2216.148</ele><time>2021-09-02T15:42:43Z</time></trkpt><trkpt lat="46.507823" lon="11.760045"><ele>2216.772</ele><time>2021-09-02T15:42:47Z</time></trkpt><trkpt lat="46.507795" lon="11.759989"><ele>2217.563</ele><time>2021-09-02T15:42:51Z</time></trkpt><trkpt lat="46.507781" lon="11.759919"><ele>2218.188</ele><time>2021-09-02T15:42:55Z</time></trkpt><trkpt lat="46.507752" lon="11.759853"><ele>2218.663</ele><time>2021-09-02T15:42:59Z</time></trkpt><trkpt lat="46.507722" lon="11.759805"><ele>2219.044</ele><time>2021-09-02T15:43:02Z</time></trkpt><trkpt lat="46.507689" lon="11.759760"><ele>2219.118</ele><time>2021-09-02T15:43:05Z</time></trkpt><trkpt lat="46.507652" lon="11.759708"><ele>2218.908</ele><time>2021-09-02T15:43:08Z</time></trkpt><trkpt lat="46.507605" lon="11.759661"><ele>2218.864</ele><time>2021-09-02T15:43:12Z</time></trkpt><trkpt lat="46.507552" lon="11.759604"><ele>2218.398</ele><time>2021-09-02T15:43:15Z</time></trkpt><trkpt lat="46.507501" lon="11.759535"><ele>2217.413</ele><time>2021-09-02T15:43:18Z</time></trkpt><trkpt lat="46.507469" lon="11.759475"><ele>2217.244</ele><time>2021-09-02T15:43:21Z</time></trkpt><trkpt lat="46.507436" lon="11.759402"><ele>2217.328</ele><time>2021-09-02T15:43:24Z</time></trkpt><trkpt lat="46.507405" lon="11.759349"><ele>2217.252</ele><time>2021-09-02T15:43:26Z</time></trkpt><trkpt lat="46.507365" lon="11.759266"><ele>2217.163</ele><time>2021-09-02T15:43:29Z</time></trkpt><trkpt lat="46.507350" lon="11.759198"><ele>2217.088</ele><time>2021-09-02T15:43:31Z</time></trkpt><trkpt lat="46.507333" lon="11.759102"><ele>2217.119</ele><time>2021-09-02T15:43:34Z</time></trkpt><trkpt lat="46.507301" lon="11.759027"><ele>2217.309</ele><time>2021-09-02T15:43:37Z</time></trkpt><trkpt lat="46.507262" lon="11.758955"><ele>2217.519</ele><time>2021-09-02T15:43:40Z</time></trkpt><trkpt lat="46.507242" lon="11.758866"><ele>2217.608</ele><time>2021-09-02T15:43:43Z</time></trkpt><trkpt lat="46.507222" lon="11.758777"><ele>2217.579</ele><time>2021-09-02T15:43:46Z</time></trkpt><trkpt lat="46.507218" lon="11.758689"><ele>2217.253</ele><time>2021-09-02T15:43:49Z</time></trkpt><trkpt lat="46.507199" lon="11.758595"><ele>2216.638</ele><time>2021-09-02T15:43:52Z</time></trkpt><trkpt lat="46.507176" lon="11.758510"><ele>2215.519</ele><time>2021-09-02T15:43:55Z</time></trkpt><trkpt lat="46.507154" lon="11.758433"><ele>2214.573</ele><time>2021-09-02T15:43:58Z</time></trkpt><trkpt lat="46.507139" lon="11.758365"><ele>2213.887</ele><time>2021-09-02T15:44:00Z</time></trkpt><trkpt lat="46.507116" lon="11.758307"><ele>2213.348</ele><time>2021-09-02T15:44:02Z</time></trkpt><trkpt lat="46.507098" lon="11.758224"><ele>2212.823</ele><time>2021-09-02T15:44:05Z</time></trkpt><trkpt lat="46.507051" lon="11.758157"><ele>2212.246</ele><time>2021-09-02T15:44:08Z</time></trkpt><trkpt lat="46.507006" lon="11.758111"><ele>2211.688</ele><time>2021-09-02T15:44:11Z</time></trkpt><trkpt lat="46.506998" lon="11.758039"><ele>2211.216</ele><time>2021-09-02T15:44:13Z</time></trkpt><trkpt lat="46.506975" lon="11.757956"><ele>2210.608</ele><time>2021-09-02T15:44:17Z</time></trkpt><trkpt lat="46.506933" lon="11.757903"><ele>2210.292</ele><time>2021-09-02T15:44:20Z</time></trkpt><trkpt lat="46.506899" lon="11.757852"><ele>2209.886</ele><time>2021-09-02T15:44:23Z</time></trkpt><trkpt lat="46.506877" lon="11.757791"><ele>2209.281</ele><time>2021-09-02T15:44:26Z</time></trkpt><trkpt lat="46.506839" lon="11.757736"><ele>2208.512</ele><time>2021-09-02T15:44:29Z</time></trkpt><trkpt lat="46.506807" lon="11.757682"><ele>2207.756</ele><time>2021-09-02T15:44:32Z</time></trkpt><trkpt lat="46.506828" lon="11.757618"><ele>2206.620</ele><time>2021-09-02T15:44:35Z</time></trkpt><trkpt lat="46.506823" lon="11.757537"><ele>2205.611</ele><time>2021-09-02T15:44:38Z</time></trkpt><trkpt lat="46.506795" lon="11.757472"><ele>2204.866</ele><time>2021-09-02T15:44:41Z</time></trkpt><trkpt lat="46.506798" lon="11.757401"><ele>2203.963</ele><time>2021-09-02T15:44:44Z</time></trkpt><trkpt lat="46.506805" lon="11.757331"><ele>2203.044</ele><time>2021-09-02T15:44:49Z</time></trkpt><trkpt lat="46.506782" lon="11.757255"><ele>2203.018</ele><time>2021-09-02T15:45:04Z</time></trkpt><trkpt lat="46.506731" lon="11.757236"><ele>2202.408</ele><time>2021-09-02T15:45:10Z</time></trkpt><trkpt lat="46.506683" lon="11.757194"><ele>2201.824</ele><time>2021-09-02T15:45:14Z</time></trkpt><trkpt lat="46.506634" lon="11.757204"><ele>2201.858</ele><time>2021-09-02T15:45:17Z</time></trkpt><trkpt lat="46.506587" lon="11.757190"><ele>2201.933</ele><time>2021-09-02T15:45:20Z</time></trkpt><trkpt lat="46.506535" lon="11.757189"><ele>2201.844</ele><time>2021-09-02T15:45:24Z</time></trkpt><trkpt lat="46.506487" lon="11.757178"><ele>2201.548</ele><time>2021-09-02T15:45:28Z</time></trkpt><trkpt lat="46.506443" lon="11.757149"><ele>2201.042</ele><time>2021-09-02T15:45:32Z</time></trkpt><trkpt lat="46.506399" lon="11.757117"><ele>2200.513</ele><time>2021-09-02T15:45:36Z</time></trkpt><trkpt lat="46.506354" lon="11.757079"><ele>2199.688</ele><time>2021-09-02T15:45:40Z</time></trkpt><trkpt lat="46.506303" lon="11.757050"><ele>2198.981</ele><time>2021-09-02T15:45:44Z</time></trkpt><trkpt lat="46.506252" lon="11.757002"><ele>2198.161</ele><time>2021-09-02T15:45:49Z</time></trkpt><trkpt lat="46.506211" lon="11.756955"><ele>2197.517</ele><time>2021-09-02T15:45:52Z</time></trkpt><trkpt lat="46.506166" lon="11.756894"><ele>2196.408</ele><time>2021-09-02T15:45:56Z</time></trkpt><trkpt lat="46.506135" lon="11.756840"><ele>2195.476</ele><time>2021-09-02T15:45:59Z</time></trkpt><trkpt lat="46.506088" lon="11.756792"><ele>2194.410</ele><time>2021-09-02T15:46:02Z</time></trkpt><trkpt lat="46.506049" lon="11.756735"><ele>2193.675</ele><time>2021-09-02T15:46:05Z</time></trkpt><trkpt lat="46.506001" lon="11.756744"><ele>2192.846</ele><time>2021-09-02T15:46:08Z</time></trkpt><trkpt lat="46.505959" lon="11.756772"><ele>2191.850</ele><time>2021-09-02T15:46:11Z</time></trkpt><trkpt lat="46.505920" lon="11.756827"><ele>2190.814</ele><time>2021-09-02T15:46:14Z</time></trkpt><trkpt lat="46.505909" lon="11.756904"><ele>2189.775</ele><time>2021-09-02T15:46:17Z</time></trkpt><trkpt lat="46.505882" lon="11.756961"><ele>2188.150</ele><time>2021-09-02T15:46:20Z</time></trkpt><trkpt lat="46.505855" lon="11.757027"><ele>2186.667</ele><time>2021-09-02T15:46:23Z</time></trkpt><trkpt lat="46.505820" lon="11.757092"><ele>2185.481</ele><time>2021-09-02T15:46:26Z</time></trkpt><trkpt lat="46.505798" lon="11.757161"><ele>2184.219</ele><time>2021-09-02T15:46:29Z</time></trkpt><trkpt lat="46.505766" lon="11.757235"><ele>2183.008</ele><time>2021-09-02T15:46:32Z</time></trkpt><trkpt lat="46.505720" lon="11.757291"><ele>2181.864</ele><time>2021-09-02T15:46:35Z</time></trkpt><trkpt lat="46.505689" lon="11.757363"><ele>2180.728</ele><time>2021-09-02T15:46:38Z</time></trkpt><trkpt lat="46.505659" lon="11.757432"><ele>2179.843</ele><time>2021-09-02T15:46:41Z</time></trkpt><trkpt lat="46.505622" lon="11.757499"><ele>2178.584</ele><time>2021-09-02T15:46:44Z</time></trkpt><trkpt lat="46.505584" lon="11.757563"><ele>2177.248</ele><time>2021-09-02T15:46:47Z</time></trkpt><trkpt lat="46.505522" lon="11.757592"><ele>2176.292</ele><time>2021-09-02T15:46:50Z</time></trkpt><trkpt lat="46.505456" lon="11.757574"><ele>2175.363</ele><time>2021-09-02T15:46:53Z</time></trkpt><trkpt lat="46.505398" lon="11.757579"><ele>2174.178</ele><time>2021-09-02T15:46:56Z</time></trkpt><trkpt lat="46.505354" lon="11.757596"><ele>2173.391</ele><time>2021-09-02T15:46:58Z</time></trkpt><trkpt lat="46.505310" lon="11.757617"><ele>2172.681</ele><time>2021-09-02T15:47:00Z</time></trkpt><trkpt lat="46.505257" lon="11.757655"><ele>2171.419</ele><time>2021-09-02T15:47:03Z</time></trkpt><trkpt lat="46.505199" lon="11.757653"><ele>2169.908</ele><time>2021-09-02T15:47:06Z</time></trkpt><trkpt lat="46.505142" lon="11.757705"><ele>2168.777</ele><time>2021-09-02T15:47:09Z</time></trkpt><trkpt lat="46.505089" lon="11.757742"><ele>2167.531</ele><time>2021-09-02T15:47:12Z</time></trkpt><trkpt lat="46.505030" lon="11.757775"><ele>2166.396</ele><time>2021-09-02T15:47:15Z</time></trkpt><trkpt lat="46.504979" lon="11.757825"><ele>2165.027</ele><time>2021-09-02T15:47:18Z</time></trkpt><trkpt lat="46.504929" lon="11.757877"><ele>2163.881</ele><time>2021-09-02T15:47:21Z</time></trkpt><trkpt lat="46.504885" lon="11.757912"><ele>2163.065</ele><time>2021-09-02T15:47:23Z</time></trkpt><trkpt lat="46.504833" lon="11.757960"><ele>2162.066</ele><time>2021-09-02T15:47:26Z</time></trkpt><trkpt lat="46.504793" lon="11.758000"><ele>2161.281</ele><time>2021-09-02T15:47:28Z</time></trkpt><trkpt lat="46.504734" lon="11.758039"><ele>2160.255</ele><time>2021-09-02T15:47:31Z</time></trkpt><trkpt lat="46.504689" lon="11.758059"><ele>2159.607</ele><time>2021-09-02T15:47:33Z</time></trkpt><trkpt lat="46.504621" lon="11.758088"><ele>2158.817</ele><time>2021-09-02T15:47:36Z</time></trkpt><trkpt lat="46.504560" lon="11.758131"><ele>2158.208</ele><time>2021-09-02T15:47:39Z</time></trkpt><trkpt lat="46.504507" lon="11.758176"><ele>2157.413</ele><time>2021-09-02T15:47:42Z</time></trkpt><trkpt lat="46.504500" lon="11.758255"><ele>2157.017</ele><time>2021-09-02T15:47:44Z</time></trkpt><trkpt lat="46.504520" lon="11.758315"><ele>2156.522</ele><time>2021-09-02T15:47:46Z</time></trkpt><trkpt lat="46.504579" lon="11.758353"><ele>2155.783</ele><time>2021-09-02T15:47:49Z</time></trkpt><trkpt lat="46.504628" lon="11.758345"><ele>2154.657</ele><time>2021-09-02T15:48:04Z</time></trkpt><trkpt lat="46.504659" lon="11.758408"><ele>2154.271</ele><time>2021-09-02T15:48:09Z</time></trkpt><trkpt lat="46.504676" lon="11.758472"><ele>2154.032</ele><time>2021-09-02T15:48:12Z</time></trkpt><trkpt lat="46.504656" lon="11.758547"><ele>2153.497</ele><time>2021-09-02T15:48:17Z</time></trkpt><trkpt lat="46.504646" lon="11.758626"><ele>2153.122</ele><time>2021-09-02T15:48:20Z</time></trkpt><trkpt lat="46.504627" lon="11.758696"><ele>2152.662</ele><time>2021-09-02T15:48:24Z</time></trkpt><trkpt lat="46.504595" lon="11.758759"><ele>2152.108</ele><time>2021-09-02T15:48:28Z</time></trkpt><trkpt lat="46.504545" lon="11.758803"><ele>2151.608</ele><time>2021-09-02T15:48:32Z</time></trkpt><trkpt lat="46.504500" lon="11.758835"><ele>2151.130</ele><time>2021-09-02T15:48:35Z</time></trkpt><trkpt lat="46.504449" lon="11.758855"><ele>2150.144</ele><time>2021-09-02T15:48:38Z</time></trkpt><trkpt lat="46.504403" lon="11.758875"><ele>2149.139</ele><time>2021-09-02T15:48:40Z</time></trkpt><trkpt lat="46.504348" lon="11.758907"><ele>2148.190</ele><time>2021-09-02T15:48:43Z</time></trkpt><trkpt lat="46.504295" lon="11.758920"><ele>2147.594</ele><time>2021-09-02T15:48:46Z</time></trkpt><trkpt lat="46.504236" lon="11.758915"><ele>2147.168</ele><time>2021-09-02T15:48:48Z</time></trkpt><trkpt lat="46.504182" lon="11.758909"><ele>2146.989</ele><time>2021-09-02T15:48:50Z</time></trkpt><trkpt lat="46.504128" lon="11.758913"><ele>2146.534</ele><time>2021-09-02T15:48:52Z</time></trkpt><trkpt lat="46.504070" lon="11.758906"><ele>2146.217</ele><time>2021-09-02T15:48:54Z</time></trkpt><trkpt lat="46.504025" lon="11.758930"><ele>2145.887</ele><time>2021-09-02T15:48:56Z</time></trkpt><trkpt lat="46.503974" lon="11.758955"><ele>2145.515</ele><time>2021-09-02T15:48:58Z</time></trkpt><trkpt lat="46.503927" lon="11.758986"><ele>2145.108</ele><time>2021-09-02T15:49:00Z</time></trkpt><trkpt lat="46.503882" lon="11.759024"><ele>2144.899</ele><time>2021-09-02T15:49:02Z</time></trkpt><trkpt lat="46.503838" lon="11.759054"><ele>2144.413</ele><time>2021-09-02T15:49:04Z</time></trkpt><trkpt lat="46.503779" lon="11.759077"><ele>2143.838</ele><time>2021-09-02T15:49:07Z</time></trkpt><trkpt lat="46.503731" lon="11.759026"><ele>2143.659</ele><time>2021-09-02T15:49:10Z</time></trkpt><trkpt lat="46.503690" lon="11.758981"><ele>2144.133</ele><time>2021-09-02T15:49:14Z</time></trkpt><trkpt lat="46.503722" lon="11.759083"><ele>2144.397</ele><time>2021-09-02T15:50:50Z</time></trkpt><trkpt lat="46.503684" lon="11.759130"><ele>2143.768</ele><time>2021-09-02T15:50:52Z</time></trkpt><trkpt lat="46.503640" lon="11.759167"><ele>2143.023</ele><time>2021-09-02T15:50:54Z</time></trkpt><trkpt lat="46.503606" lon="11.759214"><ele>2142.769</ele><time>2021-09-02T15:50:56Z</time></trkpt><trkpt lat="46.503559" lon="11.759254"><ele>2142.404</ele><time>2021-09-02T15:50:58Z</time></trkpt><trkpt lat="46.503512" lon="11.759289"><ele>2142.224</ele><time>2021-09-02T15:51:00Z</time></trkpt><trkpt lat="46.503474" lon="11.759346"><ele>2141.908</ele><time>2021-09-02T15:51:04Z</time></trkpt><trkpt lat="46.503434" lon="11.759407"><ele>2141.834</ele><time>2021-09-02T15:51:07Z</time></trkpt><trkpt lat="46.503392" lon="11.759451"><ele>2141.818</ele><time>2021-09-02T15:51:10Z</time></trkpt><trkpt lat="46.503366" lon="11.759506"><ele>2141.843</ele><time>2021-09-02T15:51:12Z</time></trkpt><trkpt lat="46.503323" lon="11.759582"><ele>2141.874</ele><time>2021-09-02T15:51:16Z</time></trkpt><trkpt lat="46.503288" lon="11.759633"><ele>2141.568</ele><time>2021-09-02T15:51:19Z</time></trkpt><trkpt lat="46.503240" lon="11.759712"><ele>2141.412</ele><time>2021-09-02T15:51:22Z</time></trkpt><trkpt lat="46.503198" lon="11.759771"><ele>2141.313</ele><time>2021-09-02T15:51:24Z</time></trkpt><trkpt lat="46.503153" lon="11.759810"><ele>2141.258</ele><time>2021-09-02T15:51:26Z</time></trkpt><trkpt lat="46.503118" lon="11.759864"><ele>2141.169</ele><time>2021-09-02T15:51:28Z</time></trkpt><trkpt lat="46.503077" lon="11.759910"><ele>2141.104</ele><time>2021-09-02T15:51:30Z</time></trkpt><trkpt lat="46.503039" lon="11.759958"><ele>2140.924</ele><time>2021-09-02T15:51:32Z</time></trkpt><trkpt lat="46.503001" lon="11.760009"><ele>2140.808</ele><time>2021-09-02T15:51:34Z</time></trkpt><trkpt lat="46.502967" lon="11.760056"><ele>2140.744</ele><time>2021-09-02T15:51:36Z</time></trkpt><trkpt lat="46.502919" lon="11.760091"><ele>2140.738</ele><time>2021-09-02T15:51:38Z</time></trkpt><trkpt lat="46.502883" lon="11.760146"><ele>2140.743</ele><time>2021-09-02T15:51:40Z</time></trkpt><trkpt lat="46.502848" lon="11.760203"><ele>2140.584</ele><time>2021-09-02T15:51:42Z</time></trkpt><trkpt lat="46.502812" lon="11.760255"><ele>2140.528</ele><time>2021-09-02T15:51:44Z</time></trkpt><trkpt lat="46.502782" lon="11.760308"><ele>2140.482</ele><time>2021-09-02T15:51:46Z</time></trkpt><trkpt lat="46.502745" lon="11.760354"><ele>2140.343</ele><time>2021-09-02T15:51:48Z</time></trkpt><trkpt lat="46.502715" lon="11.760426"><ele>2140.148</ele><time>2021-09-02T15:51:50Z</time></trkpt><trkpt lat="46.502684" lon="11.760485"><ele>2139.978</ele><time>2021-09-02T15:51:52Z</time></trkpt><trkpt lat="46.502643" lon="11.760535"><ele>2139.633</ele><time>2021-09-02T15:51:54Z</time></trkpt><trkpt lat="46.502609" lon="11.760590"><ele>2139.226</ele><time>2021-09-02T15:51:56Z</time></trkpt><trkpt lat="46.502580" lon="11.760653"><ele>2139.008</ele><time>2021-09-02T15:51:58Z</time></trkpt><trkpt lat="46.502547" lon="11.760704"><ele>2138.875</ele><time>2021-09-02T15:52:00Z</time></trkpt><trkpt lat="46.502516" lon="11.760764"><ele>2138.639</ele><time>2021-09-02T15:52:02Z</time></trkpt><trkpt lat="46.502474" lon="11.760805"><ele>2138.394</ele><time>2021-09-02T15:52:04Z</time></trkpt><trkpt lat="46.502449" lon="11.760873"><ele>2138.115</ele><time>2021-09-02T15:52:06Z</time></trkpt><trkpt lat="46.502435" lon="11.760943"><ele>2137.869</ele><time>2021-09-02T15:52:08Z</time></trkpt><trkpt lat="46.502405" lon="11.761008"><ele>2137.633</ele><time>2021-09-02T15:52:11Z</time></trkpt><trkpt lat="46.502372" lon="11.761061"><ele>2137.334</ele><time>2021-09-02T15:52:14Z</time></trkpt><trkpt lat="46.502342" lon="11.761123"><ele>2136.979</ele><time>2021-09-02T15:52:17Z</time></trkpt><trkpt lat="46.502312" lon="11.761201"><ele>2136.576</ele><time>2021-09-02T15:52:21Z</time></trkpt><trkpt lat="46.502293" lon="11.761266"><ele>2136.290</ele><time>2021-09-02T15:52:24Z</time></trkpt><trkpt lat="46.502262" lon="11.761340"><ele>2135.719</ele><time>2021-09-02T15:52:27Z</time></trkpt><trkpt lat="46.502242" lon="11.761420"><ele>2135.508</ele><time>2021-09-02T15:52:30Z</time></trkpt><trkpt lat="46.502215" lon="11.761487"><ele>2135.495</ele><time>2021-09-02T15:52:32Z</time></trkpt><trkpt lat="46.502182" lon="11.761563"><ele>2135.129</ele><time>2021-09-02T15:52:34Z</time></trkpt><trkpt lat="46.502159" lon="11.761634"><ele>2135.024</ele><time>2021-09-02T15:52:36Z</time></trkpt><trkpt lat="46.502134" lon="11.761701"><ele>2134.885</ele><time>2021-09-02T15:52:38Z</time></trkpt><trkpt lat="46.502107" lon="11.761768"><ele>2134.799</ele><time>2021-09-02T15:52:40Z</time></trkpt><trkpt lat="46.502082" lon="11.761832"><ele>2134.463</ele><time>2021-09-02T15:52:42Z</time></trkpt><trkpt lat="46.502059" lon="11.761910"><ele>2134.144</ele><time>2021-09-02T15:52:44Z</time></trkpt><trkpt lat="46.502036" lon="11.761977"><ele>2133.829</ele><time>2021-09-02T15:52:46Z</time></trkpt><trkpt lat="46.502010" lon="11.762046"><ele>2133.764</ele><time>2021-09-02T15:52:48Z</time></trkpt><trkpt lat="46.501988" lon="11.762122"><ele>2133.606</ele><time>2021-09-02T15:52:50Z</time></trkpt><trkpt lat="46.501971" lon="11.762188"><ele>2133.616</ele><time>2021-09-02T15:52:52Z</time></trkpt><trkpt lat="46.501960" lon="11.762257"><ele>2133.508</ele><time>2021-09-02T15:52:54Z</time></trkpt><trkpt lat="46.501955" lon="11.762323"><ele>2133.414</ele><time>2021-09-02T15:52:56Z</time></trkpt><trkpt lat="46.501923" lon="11.762385"><ele>2133.168</ele><time>2021-09-02T15:52:58Z</time></trkpt><trkpt lat="46.501883" lon="11.762421"><ele>2132.953</ele><time>2021-09-02T15:53:00Z</time></trkpt><trkpt lat="46.501827" lon="11.762459"><ele>2132.624</ele><time>2021-09-02T15:53:03Z</time></trkpt><trkpt lat="46.501776" lon="11.762503"><ele>2132.528</ele><time>2021-09-02T15:53:06Z</time></trkpt><trkpt lat="46.501730" lon="11.762556"><ele>2132.332</ele><time>2021-09-02T15:53:09Z</time></trkpt><trkpt lat="46.501695" lon="11.762610"><ele>2131.953</ele><time>2021-09-02T15:53:12Z</time></trkpt><trkpt lat="46.501668" lon="11.762694"><ele>2131.668</ele><time>2021-09-02T15:53:15Z</time></trkpt><trkpt lat="46.501657" lon="11.762773"><ele>2131.371</ele><time>2021-09-02T15:53:18Z</time></trkpt><trkpt lat="46.501630" lon="11.762845"><ele>2131.141</ele><time>2021-09-02T15:53:21Z</time></trkpt><trkpt lat="46.501613" lon="11.762926"><ele>2130.915</ele><time>2021-09-02T15:53:23Z</time></trkpt><trkpt lat="46.501607" lon="11.762997"><ele>2130.708</ele><time>2021-09-02T15:53:25Z</time></trkpt><trkpt lat="46.501596" lon="11.763083"><ele>2130.415</ele><time>2021-09-02T15:53:27Z</time></trkpt><trkpt lat="46.501561" lon="11.763141"><ele>2130.119</ele><time>2021-09-02T15:53:29Z</time></trkpt><trkpt lat="46.501522" lon="11.763198"><ele>2129.764</ele><time>2021-09-02T15:53:31Z</time></trkpt><trkpt lat="46.501476" lon="11.763236"><ele>2129.565</ele><time>2021-09-02T15:53:33Z</time></trkpt><trkpt lat="46.501432" lon="11.763272"><ele>2129.429</ele><time>2021-09-02T15:53:35Z</time></trkpt><trkpt lat="46.501391" lon="11.763304"><ele>2129.483</ele><time>2021-09-02T15:53:37Z</time></trkpt><trkpt lat="46.501350" lon="11.763340"><ele>2129.344</ele><time>2021-09-02T15:53:39Z</time></trkpt><trkpt lat="46.501307" lon="11.763385"><ele>2129.289</ele><time>2021-09-02T15:53:41Z</time></trkpt><trkpt lat="46.501265" lon="11.763425"><ele>2128.933</ele><time>2021-09-02T15:53:43Z</time></trkpt><trkpt lat="46.501221" lon="11.763446"><ele>2128.723</ele><time>2021-09-02T15:53:45Z</time></trkpt><trkpt lat="46.501171" lon="11.763462"><ele>2128.415</ele><time>2021-09-02T15:53:47Z</time></trkpt><trkpt lat="46.501105" lon="11.763487"><ele>2127.608</ele><time>2021-09-02T15:53:50Z</time></trkpt><trkpt lat="46.501061" lon="11.763506"><ele>2127.091</ele><time>2021-09-02T15:53:52Z</time></trkpt><trkpt lat="46.501013" lon="11.763529"><ele>2126.385</ele><time>2021-09-02T15:53:54Z</time></trkpt><trkpt lat="46.500967" lon="11.763547"><ele>2125.820</ele><time>2021-09-02T15:53:56Z</time></trkpt><trkpt lat="46.500930" lon="11.763593"><ele>2125.341</ele><time>2021-09-02T15:53:58Z</time></trkpt><trkpt lat="46.500883" lon="11.763642"><ele>2124.755</ele><time>2021-09-02T15:54:00Z</time></trkpt><trkpt lat="46.500840" lon="11.763681"><ele>2124.329</ele><time>2021-09-02T15:54:02Z</time></trkpt><trkpt lat="46.500804" lon="11.763731"><ele>2123.990</ele><time>2021-09-02T15:54:04Z</time></trkpt><trkpt lat="46.500772" lon="11.763785"><ele>2123.655</ele><time>2021-09-02T15:54:06Z</time></trkpt><trkpt lat="46.500722" lon="11.763852"><ele>2123.137</ele><time>2021-09-02T15:54:09Z</time></trkpt><trkpt lat="46.500692" lon="11.763912"><ele>2122.649</ele><time>2021-09-02T15:54:11Z</time></trkpt><trkpt lat="46.500664" lon="11.763994"><ele>2122.113</ele><time>2021-09-02T15:54:14Z</time></trkpt><trkpt lat="46.500643" lon="11.764057"><ele>2121.808</ele><time>2021-09-02T15:54:16Z</time></trkpt><trkpt lat="46.500612" lon="11.764128"><ele>2121.531</ele><time>2021-09-02T15:54:18Z</time></trkpt><trkpt lat="46.500584" lon="11.764181"><ele>2121.225</ele><time>2021-09-02T15:54:20Z</time></trkpt><trkpt lat="46.500559" lon="11.764246"><ele>2121.070</ele><time>2021-09-02T15:54:22Z</time></trkpt><trkpt lat="46.500523" lon="11.764298"><ele>2120.871</ele><time>2021-09-02T15:54:24Z</time></trkpt><trkpt lat="46.500483" lon="11.764338"><ele>2120.765</ele><time>2021-09-02T15:54:26Z</time></trkpt><trkpt lat="46.500444" lon="11.764390"><ele>2120.659</ele><time>2021-09-02T15:54:28Z</time></trkpt><trkpt lat="46.500408" lon="11.764436"><ele>2120.430</ele><time>2021-09-02T15:54:30Z</time></trkpt><trkpt lat="46.500372" lon="11.764482"><ele>2120.225</ele><time>2021-09-02T15:54:32Z</time></trkpt><trkpt lat="46.500324" lon="11.764509"><ele>2119.873</ele><time>2021-09-02T15:54:34Z</time></trkpt><trkpt lat="46.500277" lon="11.764534"><ele>2119.685</ele><time>2021-09-02T15:54:36Z</time></trkpt><trkpt lat="46.500230" lon="11.764567"><ele>2119.313</ele><time>2021-09-02T15:54:38Z</time></trkpt><trkpt lat="46.500186" lon="11.764603"><ele>2119.108</ele><time>2021-09-02T15:54:40Z</time></trkpt><trkpt lat="46.500140" lon="11.764636"><ele>2118.815</ele><time>2021-09-02T15:54:42Z</time></trkpt><trkpt lat="46.500096" lon="11.764673"><ele>2118.589</ele><time>2021-09-02T15:54:44Z</time></trkpt><trkpt lat="46.500056" lon="11.764705"><ele>2118.174</ele><time>2021-09-02T15:54:46Z</time></trkpt><trkpt lat="46.500013" lon="11.764738"><ele>2117.775</ele><time>2021-09-02T15:54:48Z</time></trkpt><trkpt lat="46.499975" lon="11.764786"><ele>2117.189</ele><time>2021-09-02T15:54:50Z</time></trkpt><trkpt lat="46.499939" lon="11.764834"><ele>2116.643</ele><time>2021-09-02T15:54:52Z</time></trkpt><trkpt lat="46.499909" lon="11.764884"><ele>2116.184</ele><time>2021-09-02T15:54:54Z</time></trkpt><trkpt lat="46.499870" lon="11.764925"><ele>2115.459</ele><time>2021-09-02T15:54:56Z</time></trkpt><trkpt lat="46.499825" lon="11.764988"><ele>2114.572</ele><time>2021-09-02T15:54:59Z</time></trkpt><trkpt lat="46.499795" lon="11.765075"><ele>2113.413</ele><time>2021-09-02T15:55:02Z</time></trkpt><trkpt lat="46.499766" lon="11.765127"><ele>2112.614</ele><time>2021-09-02T15:55:04Z</time></trkpt><trkpt lat="46.499722" lon="11.765191"><ele>2111.608</ele><time>2021-09-02T15:55:07Z</time></trkpt><trkpt lat="46.499689" lon="11.765248"><ele>2110.385</ele><time>2021-09-02T15:55:10Z</time></trkpt><trkpt lat="46.499653" lon="11.765291"><ele>2109.299</ele><time>2021-09-02T15:55:12Z</time></trkpt><trkpt lat="46.499619" lon="11.765362"><ele>2107.924</ele><time>2021-09-02T15:55:15Z</time></trkpt><trkpt lat="46.499598" lon="11.765420"><ele>2107.235</ele><time>2021-09-02T15:55:17Z</time></trkpt><trkpt lat="46.499575" lon="11.765477"><ele>2106.599</ele><time>2021-09-02T15:55:19Z</time></trkpt><trkpt lat="46.499576" lon="11.765543"><ele>2105.813</ele><time>2021-09-02T15:55:21Z</time></trkpt><trkpt lat="46.499579" lon="11.765617"><ele>2105.224</ele><time>2021-09-02T15:55:23Z</time></trkpt><trkpt lat="46.499584" lon="11.765682"><ele>2104.669</ele><time>2021-09-02T15:55:25Z</time></trkpt><trkpt lat="46.499573" lon="11.765762"><ele>2103.638</ele><time>2021-09-02T15:55:28Z</time></trkpt><trkpt lat="46.499532" lon="11.765838"><ele>2102.370</ele><time>2021-09-02T15:55:31Z</time></trkpt><trkpt lat="46.499479" lon="11.765894"><ele>2101.017</ele><time>2021-09-02T15:55:34Z</time></trkpt><trkpt lat="46.499439" lon="11.765930"><ele>2100.208</ele><time>2021-09-02T15:55:36Z</time></trkpt><trkpt lat="46.499385" lon="11.765977"><ele>2099.111</ele><time>2021-09-02T15:55:39Z</time></trkpt><trkpt lat="46.499336" lon="11.766034"><ele>2098.055</ele><time>2021-09-02T15:55:42Z</time></trkpt><trkpt lat="46.499307" lon="11.766090"><ele>2097.120</ele><time>2021-09-02T15:55:44Z</time></trkpt><trkpt lat="46.499289" lon="11.766151"><ele>2096.251</ele><time>2021-09-02T15:55:46Z</time></trkpt><trkpt lat="46.499250" lon="11.766196"><ele>2095.595</ele><time>2021-09-02T15:55:48Z</time></trkpt><trkpt lat="46.499215" lon="11.766253"><ele>2094.839</ele><time>2021-09-02T15:55:50Z</time></trkpt><trkpt lat="46.499187" lon="11.766314"><ele>2094.140</ele><time>2021-09-02T15:55:52Z</time></trkpt><trkpt lat="46.499167" lon="11.766385"><ele>2093.535</ele><time>2021-09-02T15:55:54Z</time></trkpt><trkpt lat="46.499164" lon="11.766455"><ele>2093.012</ele><time>2021-09-02T15:55:56Z</time></trkpt><trkpt lat="46.499163" lon="11.766525"><ele>2092.532</ele><time>2021-09-02T15:55:58Z</time></trkpt><trkpt lat="46.499171" lon="11.766610"><ele>2091.705</ele><time>2021-09-02T15:56:01Z</time></trkpt><trkpt lat="46.499154" lon="11.766684"><ele>2090.908</ele><time>2021-09-02T15:56:03Z</time></trkpt><trkpt lat="46.499124" lon="11.766764"><ele>2089.539</ele><time>2021-09-02T15:56:06Z</time></trkpt><trkpt lat="46.499090" lon="11.766831"><ele>2088.493</ele><time>2021-09-02T15:56:09Z</time></trkpt><trkpt lat="46.499047" lon="11.766864"><ele>2087.378</ele><time>2021-09-02T15:56:12Z</time></trkpt><trkpt lat="46.499022" lon="11.766931"><ele>2086.049</ele><time>2021-09-02T15:56:16Z</time></trkpt><trkpt lat="46.498967" lon="11.766966"><ele>2085.043</ele><time>2021-09-02T15:56:22Z</time></trkpt><trkpt lat="46.498925" lon="11.767030"><ele>2084.887</ele><time>2021-09-02T15:56:24Z</time></trkpt><trkpt lat="46.498887" lon="11.767076"><ele>2084.118</ele><time>2021-09-02T15:56:26Z</time></trkpt><trkpt lat="46.498860" lon="11.767130"><ele>2083.413</ele><time>2021-09-02T15:56:28Z</time></trkpt><trkpt lat="46.498828" lon="11.767190"><ele>2082.888</ele><time>2021-09-02T15:56:30Z</time></trkpt><trkpt lat="46.498787" lon="11.767276"><ele>2082.124</ele><time>2021-09-02T15:56:33Z</time></trkpt><trkpt lat="46.498768" lon="11.767341"><ele>2081.626</ele><time>2021-09-02T15:56:35Z</time></trkpt><trkpt lat="46.498758" lon="11.767410"><ele>2081.108</ele><time>2021-09-02T15:56:37Z</time></trkpt><trkpt lat="46.498747" lon="11.767475"><ele>2080.626</ele><time>2021-09-02T15:56:39Z</time></trkpt><trkpt lat="46.498718" lon="11.767540"><ele>2080.390</ele><time>2021-09-02T15:56:41Z</time></trkpt><trkpt lat="46.498691" lon="11.767597"><ele>2080.015</ele><time>2021-09-02T15:56:43Z</time></trkpt><trkpt lat="46.498676" lon="11.767663"><ele>2079.986</ele><time>2021-09-02T15:56:45Z</time></trkpt><trkpt lat="46.498648" lon="11.767755"><ele>2079.210</ele><time>2021-09-02T15:56:48Z</time></trkpt><trkpt lat="46.498629" lon="11.767814"><ele>2078.524</ele><time>2021-09-02T15:56:50Z</time></trkpt><trkpt lat="46.498607" lon="11.767879"><ele>2078.175</ele><time>2021-09-02T15:56:52Z</time></trkpt><trkpt lat="46.498590" lon="11.767941"><ele>2077.820</ele><time>2021-09-02T15:56:54Z</time></trkpt><trkpt lat="46.498567" lon="11.768035"><ele>2077.127</ele><time>2021-09-02T15:56:57Z</time></trkpt><trkpt lat="46.498543" lon="11.768105"><ele>2076.568</ele><time>2021-09-02T15:56:59Z</time></trkpt><trkpt lat="46.498516" lon="11.768163"><ele>2075.914</ele><time>2021-09-02T15:57:01Z</time></trkpt><trkpt lat="46.498487" lon="11.768221"><ele>2075.408</ele><time>2021-09-02T15:57:03Z</time></trkpt><trkpt lat="46.498470" lon="11.768288"><ele>2074.920</ele><time>2021-09-02T15:57:05Z</time></trkpt><trkpt lat="46.498435" lon="11.768377"><ele>2074.244</ele><time>2021-09-02T15:57:08Z</time></trkpt><trkpt lat="46.498415" lon="11.768457"><ele>2073.249</ele><time>2021-09-02T15:57:11Z</time></trkpt><trkpt lat="46.498399" lon="11.768524"><ele>2072.770</ele><time>2021-09-02T15:57:13Z</time></trkpt><trkpt lat="46.498380" lon="11.768584"><ele>2072.264</ele><time>2021-09-02T15:57:15Z</time></trkpt><trkpt lat="46.498351" lon="11.768651"><ele>2070.938</ele><time>2021-09-02T15:57:18Z</time></trkpt><trkpt lat="46.498318" lon="11.768712"><ele>2069.799</ele><time>2021-09-02T15:57:23Z</time></trkpt><trkpt lat="46.498271" lon="11.768769"><ele>2069.244</ele><time>2021-09-02T15:57:26Z</time></trkpt><trkpt lat="46.498234" lon="11.768814"><ele>2068.276</ele><time>2021-09-02T15:57:29Z</time></trkpt><trkpt lat="46.498206" lon="11.768874"><ele>2066.990</ele><time>2021-09-02T15:57:32Z</time></trkpt><trkpt lat="46.498172" lon="11.768931"><ele>2065.619</ele><time>2021-09-02T15:57:35Z</time></trkpt><trkpt lat="46.498134" lon="11.769001"><ele>2064.308</ele><time>2021-09-02T15:57:38Z</time></trkpt><trkpt lat="46.498094" lon="11.769066"><ele>2062.885</ele><time>2021-09-02T15:57:41Z</time></trkpt><trkpt lat="46.498058" lon="11.769153"><ele>2061.199</ele><time>2021-09-02T15:57:44Z</time></trkpt><trkpt lat="46.498023" lon="11.769226"><ele>2059.924</ele><time>2021-09-02T15:57:47Z</time></trkpt><trkpt lat="46.497987" lon="11.769296"><ele>2058.865</ele><time>2021-09-02T15:57:50Z</time></trkpt><trkpt lat="46.497953" lon="11.769379"><ele>2057.669</ele><time>2021-09-02T15:57:53Z</time></trkpt><trkpt lat="46.497912" lon="11.769460"><ele>2056.663</ele><time>2021-09-02T15:57:56Z</time></trkpt><trkpt lat="46.497873" lon="11.769501"><ele>2056.114</ele><time>2021-09-02T15:57:58Z</time></trkpt><trkpt lat="46.497875" lon="11.769583"><ele>2055.159</ele><time>2021-09-02T15:58:01Z</time></trkpt><trkpt lat="46.497838" lon="11.769626"><ele>2054.364</ele><time>2021-09-02T15:58:03Z</time></trkpt><trkpt lat="46.497806" lon="11.769698"><ele>2053.206</ele><time>2021-09-02T15:58:06Z</time></trkpt><trkpt lat="46.497787" lon="11.769775"><ele>2052.016</ele><time>2021-09-02T15:58:09Z</time></trkpt><trkpt lat="46.497753" lon="11.769836"><ele>2050.608</ele><time>2021-09-02T15:58:12Z</time></trkpt><trkpt lat="46.497737" lon="11.769897"><ele>2049.814</ele><time>2021-09-02T15:58:14Z</time></trkpt><trkpt lat="46.497703" lon="11.769973"><ele>2048.698</ele><time>2021-09-02T15:58:17Z</time></trkpt><trkpt lat="46.497658" lon="11.770031"><ele>2047.323</ele><time>2021-09-02T15:58:20Z</time></trkpt><trkpt lat="46.497620" lon="11.770095"><ele>2045.784</ele><time>2021-09-02T15:58:23Z</time></trkpt><trkpt lat="46.497587" lon="11.770143"><ele>2044.538</ele><time>2021-09-02T15:58:25Z</time></trkpt><trkpt lat="46.497522" lon="11.770181"><ele>2042.922</ele><time>2021-09-02T15:58:28Z</time></trkpt><trkpt lat="46.497477" lon="11.770221"><ele>2042.013</ele><time>2021-09-02T15:58:30Z</time></trkpt><trkpt lat="46.497435" lon="11.770255"><ele>2041.378</ele><time>2021-09-02T15:58:32Z</time></trkpt><trkpt lat="46.497392" lon="11.770304"><ele>2040.694</ele><time>2021-09-02T15:58:34Z</time></trkpt><trkpt lat="46.497351" lon="11.770344"><ele>2040.057</ele><time>2021-09-02T15:58:36Z</time></trkpt><trkpt lat="46.497307" lon="11.770377"><ele>2039.322</ele><time>2021-09-02T15:58:38Z</time></trkpt><trkpt lat="46.497277" lon="11.770430"><ele>2038.408</ele><time>2021-09-02T15:58:40Z</time></trkpt><trkpt lat="46.497240" lon="11.770477"><ele>2037.737</ele><time>2021-09-02T15:58:42Z</time></trkpt><trkpt lat="46.497213" lon="11.770532"><ele>2037.091</ele><time>2021-09-02T15:58:44Z</time></trkpt><trkpt lat="46.497183" lon="11.770612"><ele>2036.386</ele><time>2021-09-02T15:58:47Z</time></trkpt><trkpt lat="46.497165" lon="11.770676"><ele>2035.947</ele><time>2021-09-02T15:58:49Z</time></trkpt><trkpt lat="46.497159" lon="11.770754"><ele>2035.411</ele><time>2021-09-02T15:58:51Z</time></trkpt><trkpt lat="46.497156" lon="11.770841"><ele>2034.335</ele><time>2021-09-02T15:58:54Z</time></trkpt><trkpt lat="46.497173" lon="11.770921"><ele>2033.546</ele><time>2021-09-02T15:58:57Z</time></trkpt><trkpt lat="46.497175" lon="11.771017"><ele>2030.911</ele><time>2021-09-02T15:59:19Z</time></trkpt><trkpt lat="46.497186" lon="11.771091"><ele>2029.535</ele><time>2021-09-02T15:59:23Z</time></trkpt><trkpt lat="46.497210" lon="11.771164"><ele>2028.286</ele><time>2021-09-02T15:59:27Z</time></trkpt><trkpt lat="46.497226" lon="11.771245"><ele>2027.214</ele><time>2021-09-02T15:59:30Z</time></trkpt><trkpt lat="46.497251" lon="11.771300"><ele>2026.408</ele><time>2021-09-02T15:59:32Z</time></trkpt><trkpt lat="46.497276" lon="11.771390"><ele>2025.121</ele><time>2021-09-02T15:59:35Z</time></trkpt><trkpt lat="46.497295" lon="11.771462"><ele>2024.425</ele><time>2021-09-02T15:59:37Z</time></trkpt><trkpt lat="46.497314" lon="11.771532"><ele>2023.710</ele><time>2021-09-02T15:59:39Z</time></trkpt><trkpt lat="46.497335" lon="11.771614"><ele>2022.851</ele><time>2021-09-02T15:59:42Z</time></trkpt><trkpt lat="46.497372" lon="11.771690"><ele>2021.785</ele><time>2021-09-02T15:59:46Z</time></trkpt><trkpt lat="46.497393" lon="11.771753"><ele>2021.189</ele><time>2021-09-02T15:59:49Z</time></trkpt><trkpt lat="46.497430" lon="11.771814"><ele>2020.550</ele><time>2021-09-02T15:59:53Z</time></trkpt><trkpt lat="46.497453" lon="11.771876"><ele>2019.725</ele><time>2021-09-02T15:59:57Z</time></trkpt><trkpt lat="46.497463" lon="11.771946"><ele>2019.163</ele><time>2021-09-02T16:00:00Z</time></trkpt><trkpt lat="46.497473" lon="11.772025"><ele>2018.444</ele><time>2021-09-02T16:00:03Z</time></trkpt><trkpt lat="46.497479" lon="11.772095"><ele>2018.018</ele><time>2021-09-02T16:00:05Z</time></trkpt><trkpt lat="46.497503" lon="11.772161"><ele>2017.608</ele><time>2021-09-02T16:00:07Z</time></trkpt><trkpt lat="46.497514" lon="11.772227"><ele>2017.044</ele><time>2021-09-02T16:00:09Z</time></trkpt><trkpt lat="46.497531" lon="11.772298"><ele>2016.598</ele><time>2021-09-02T16:00:11Z</time></trkpt><trkpt lat="46.497550" lon="11.772363"><ele>2016.023</ele><time>2021-09-02T16:00:13Z</time></trkpt><trkpt lat="46.497586" lon="11.772421"><ele>2015.474</ele><time>2021-09-02T16:00:16Z</time></trkpt><trkpt lat="46.497640" lon="11.772406"><ele>2014.978</ele><time>2021-09-02T16:01:44Z</time></trkpt><trkpt lat="46.497601" lon="11.772459"><ele>2014.832</ele><time>2021-09-02T16:02:22Z</time></trkpt><trkpt lat="46.497653" lon="11.772457"><ele>2014.893</ele><time>2021-09-02T16:02:28Z</time></trkpt><trkpt lat="46.497700" lon="11.772440"><ele>2014.998</ele><time>2021-09-02T16:02:31Z</time></trkpt><trkpt lat="46.497742" lon="11.772408"><ele>2014.634</ele><time>2021-09-02T16:02:34Z</time></trkpt><trkpt lat="46.497789" lon="11.772370"><ele>2012.955</ele><time>2021-09-02T16:02:38Z</time></trkpt><trkpt lat="46.497839" lon="11.772308"><ele>2011.110</ele><time>2021-09-02T16:02:41Z</time></trkpt><trkpt lat="46.497900" lon="11.772274"><ele>2009.408</ele><time>2021-09-02T16:02:44Z</time></trkpt><trkpt lat="46.497957" lon="11.772264"><ele>2008.231</ele><time>2021-09-02T16:02:47Z</time></trkpt><trkpt lat="46.498020" lon="11.772284"><ele>2006.735</ele><time>2021-09-02T16:02:56Z</time></trkpt><trkpt lat="46.498068" lon="11.772290"><ele>2006.610</ele><time>2021-09-02T16:02:58Z</time></trkpt><trkpt lat="46.498137" lon="11.772303"><ele>2006.191</ele><time>2021-09-02T16:03:01Z</time></trkpt><trkpt lat="46.498192" lon="11.772245"><ele>2004.775</ele><time>2021-09-02T16:03:05Z</time></trkpt><trkpt lat="46.498243" lon="11.772197"><ele>2003.439</ele><time>2021-09-02T16:03:08Z</time></trkpt><trkpt lat="46.498305" lon="11.772139"><ele>2002.220</ele><time>2021-09-02T16:03:11Z</time></trkpt><trkpt lat="46.498354" lon="11.772105"><ele>2001.595</ele><time>2021-09-02T16:03:13Z</time></trkpt><trkpt lat="46.498404" lon="11.772160"><ele>2000.039</ele><time>2021-09-02T16:03:16Z</time></trkpt><trkpt lat="46.498411" lon="11.772242"><ele>1998.901</ele><time>2021-09-02T16:03:18Z</time></trkpt><trkpt lat="46.498403" lon="11.772326"><ele>1998.121</ele><time>2021-09-02T16:03:20Z</time></trkpt><trkpt lat="46.498410" lon="11.772420"><ele>1997.208</ele><time>2021-09-02T16:03:23Z</time></trkpt><trkpt lat="46.498395" lon="11.772495"><ele>1996.621</ele><time>2021-09-02T16:03:25Z</time></trkpt><trkpt lat="46.498371" lon="11.772582"><ele>1995.955</ele><time>2021-09-02T16:03:28Z</time></trkpt><trkpt lat="46.498309" lon="11.772621"><ele>1995.350</ele><time>2021-09-02T16:03:31Z</time></trkpt><trkpt lat="46.498291" lon="11.772692"><ele>1994.351</ele><time>2021-09-02T16:03:38Z</time></trkpt><trkpt lat="46.498289" lon="11.772761"><ele>1993.385</ele><time>2021-09-02T16:03:42Z</time></trkpt><trkpt lat="46.498260" lon="11.772902"><ele>1991.329</ele><time>2021-09-02T16:03:55Z</time></trkpt><trkpt lat="46.498246" lon="11.772967"><ele>1990.440</ele><time>2021-09-02T16:03:57Z</time></trkpt><trkpt lat="46.498209" lon="11.773019"><ele>1989.475</ele><time>2021-09-02T16:03:59Z</time></trkpt><trkpt lat="46.498212" lon="11.773094"><ele>1988.688</ele><time>2021-09-02T16:04:01Z</time></trkpt><trkpt lat="46.498211" lon="11.773161"><ele>1987.924</ele><time>2021-09-02T16:04:03Z</time></trkpt><trkpt lat="46.498192" lon="11.773246"><ele>1986.826</ele><time>2021-09-02T16:04:06Z</time></trkpt><trkpt lat="46.498172" lon="11.773319"><ele>1986.108</ele><time>2021-09-02T16:04:08Z</time></trkpt><trkpt lat="46.498145" lon="11.773404"><ele>1985.336</ele><time>2021-09-02T16:04:11Z</time></trkpt><trkpt lat="46.498118" lon="11.773494"><ele>1984.630</ele><time>2021-09-02T16:04:13Z</time></trkpt><trkpt lat="46.498092" lon="11.773549"><ele>1983.965</ele><time>2021-09-02T16:04:15Z</time></trkpt><trkpt lat="46.498062" lon="11.773606"><ele>1983.326</ele><time>2021-09-02T16:04:17Z</time></trkpt><trkpt lat="46.498034" lon="11.773663"><ele>1982.840</ele><time>2021-09-02T16:04:19Z</time></trkpt><trkpt lat="46.498002" lon="11.773718"><ele>1982.244</ele><time>2021-09-02T16:04:21Z</time></trkpt><trkpt lat="46.497968" lon="11.773770"><ele>1981.755</ele><time>2021-09-02T16:04:23Z</time></trkpt><trkpt lat="46.497947" lon="11.773849"><ele>1980.950</ele><time>2021-09-02T16:04:26Z</time></trkpt><trkpt lat="46.497937" lon="11.773934"><ele>1980.184</ele><time>2021-09-02T16:04:29Z</time></trkpt><trkpt lat="46.497938" lon="11.774014"><ele>1979.307</ele><time>2021-09-02T16:04:32Z</time></trkpt><trkpt lat="46.497914" lon="11.774099"><ele>1978.117</ele><time>2021-09-02T16:04:36Z</time></trkpt><trkpt lat="46.497898" lon="11.774167"><ele>1977.608</ele><time>2021-09-02T16:04:38Z</time></trkpt><trkpt lat="46.497883" lon="11.774241"><ele>1977.146</ele><time>2021-09-02T16:04:40Z</time></trkpt><trkpt lat="46.497870" lon="11.774315"><ele>1976.410</ele><time>2021-09-02T16:04:42Z</time></trkpt><trkpt lat="46.497839" lon="11.774368"><ele>1975.815</ele><time>2021-09-02T16:04:44Z</time></trkpt><trkpt lat="46.497829" lon="11.774439"><ele>1975.196</ele><time>2021-09-02T16:04:46Z</time></trkpt><trkpt lat="46.497786" lon="11.774491"><ele>1974.670</ele><time>2021-09-02T16:04:48Z</time></trkpt><trkpt lat="46.497745" lon="11.774538"><ele>1973.894</ele><time>2021-09-02T16:04:51Z</time></trkpt><trkpt lat="46.497724" lon="11.774610"><ele>1972.755</ele><time>2021-09-02T16:04:58Z</time></trkpt><trkpt lat="46.497671" lon="11.774664"><ele>1972.370</ele><time>2021-09-02T16:05:06Z</time></trkpt><trkpt lat="46.497625" lon="11.774712"><ele>1971.567</ele><time>2021-09-02T16:05:11Z</time></trkpt><trkpt lat="46.497593" lon="11.774760"><ele>1971.181</ele><time>2021-09-02T16:05:13Z</time></trkpt><trkpt lat="46.497564" lon="11.774824"><ele>1970.219</ele><time>2021-09-02T16:05:17Z</time></trkpt><trkpt lat="46.497536" lon="11.774881"><ele>1969.508</ele><time>2021-09-02T16:05:21Z</time></trkpt><trkpt lat="46.497499" lon="11.774918"><ele>1968.324</ele><time>2021-09-02T16:05:27Z</time></trkpt><trkpt lat="46.497456" lon="11.774958"><ele>1967.658</ele><time>2021-09-02T16:05:30Z</time></trkpt><trkpt lat="46.497413" lon="11.774990"><ele>1967.033</ele><time>2021-09-02T16:05:33Z</time></trkpt><trkpt lat="46.497366" lon="11.774993"><ele>1966.074</ele><time>2021-09-02T16:05:36Z</time></trkpt><trkpt lat="46.497303" lon="11.775012"><ele>1965.168</ele><time>2021-09-02T16:05:39Z</time></trkpt><trkpt lat="46.497257" lon="11.775033"><ele>1963.762</ele><time>2021-09-02T16:05:42Z</time></trkpt><trkpt lat="46.497211" lon="11.775089"><ele>1961.663</ele><time>2021-09-02T16:05:46Z</time></trkpt><trkpt lat="46.497169" lon="11.775154"><ele>1960.268</ele><time>2021-09-02T16:05:49Z</time></trkpt><trkpt lat="46.497119" lon="11.775197"><ele>1958.935</ele><time>2021-09-02T16:05:52Z</time></trkpt><trkpt lat="46.497070" lon="11.775215"><ele>1958.186</ele><time>2021-09-02T16:05:54Z</time></trkpt><trkpt lat="46.497029" lon="11.775250"><ele>1957.314</ele><time>2021-09-02T16:05:56Z</time></trkpt><trkpt lat="46.496984" lon="11.775273"><ele>1956.408</ele><time>2021-09-02T16:05:58Z</time></trkpt><trkpt lat="46.496923" lon="11.775328"><ele>1955.261</ele><time>2021-09-02T16:06:01Z</time></trkpt><trkpt lat="46.496878" lon="11.775357"><ele>1954.595</ele><time>2021-09-02T16:06:03Z</time></trkpt><trkpt lat="46.496838" lon="11.775437"><ele>1953.940</ele><time>2021-09-02T16:06:05Z</time></trkpt><trkpt lat="46.496791" lon="11.775527"><ele>1953.081</ele><time>2021-09-02T16:06:08Z</time></trkpt><trkpt lat="46.496777" lon="11.775594"><ele>1952.685</ele><time>2021-09-02T16:06:10Z</time></trkpt><trkpt lat="46.496752" lon="11.775658"><ele>1952.339</ele><time>2021-09-02T16:06:12Z</time></trkpt><trkpt lat="46.496730" lon="11.775720"><ele>1952.010</ele><time>2021-09-02T16:06:14Z</time></trkpt><trkpt lat="46.496688" lon="11.775772"><ele>1951.415</ele><time>2021-09-02T16:06:16Z</time></trkpt><trkpt lat="46.496637" lon="11.775821"><ele>1950.263</ele><time>2021-09-02T16:06:19Z</time></trkpt><trkpt lat="46.496593" lon="11.775881"><ele>1949.144</ele><time>2021-09-02T16:06:23Z</time></trkpt><trkpt lat="46.496555" lon="11.775924"><ele>1948.518</ele><time>2021-09-02T16:06:25Z</time></trkpt><trkpt lat="46.496514" lon="11.775978"><ele>1947.008</ele><time>2021-09-02T16:06:29Z</time></trkpt><trkpt lat="46.496459" lon="11.775996"><ele>1946.094</ele><time>2021-09-02T16:06:32Z</time></trkpt><trkpt lat="46.496417" lon="11.776026"><ele>1944.948</ele><time>2021-09-02T16:06:35Z</time></trkpt><trkpt lat="46.496370" lon="11.776075"><ele>1943.163</ele><time>2021-09-02T16:06:40Z</time></trkpt><trkpt lat="46.496344" lon="11.776169"><ele>1942.154</ele><time>2021-09-02T16:06:43Z</time></trkpt><trkpt lat="46.496328" lon="11.776230"><ele>1941.428</ele><time>2021-09-02T16:06:45Z</time></trkpt><trkpt lat="46.496332" lon="11.776307"><ele>1940.122</ele><time>2021-09-02T16:06:48Z</time></trkpt><trkpt lat="46.496334" lon="11.776382"><ele>1939.083</ele><time>2021-09-02T16:06:51Z</time></trkpt><trkpt lat="46.496278" lon="11.776432"><ele>1937.868</ele><time>2021-09-02T16:06:54Z</time></trkpt><trkpt lat="46.496225" lon="11.776469"><ele>1936.316</ele><time>2021-09-02T16:06:57Z</time></trkpt><trkpt lat="46.496180" lon="11.776454"><ele>1935.076</ele><time>2021-09-02T16:07:00Z</time></trkpt><trkpt lat="46.496134" lon="11.776476"><ele>1934.313</ele><time>2021-09-02T16:07:03Z</time></trkpt><trkpt lat="46.496086" lon="11.776476"><ele>1933.608</ele><time>2021-09-02T16:07:06Z</time></trkpt><trkpt lat="46.496028" lon="11.776480"><ele>1932.729</ele><time>2021-09-02T16:07:09Z</time></trkpt><trkpt lat="46.495979" lon="11.776448"><ele>1931.493</ele><time>2021-09-02T16:07:13Z</time></trkpt><trkpt lat="46.495932" lon="11.776406"><ele>1930.358</ele><time>2021-09-02T16:07:16Z</time></trkpt><trkpt lat="46.495877" lon="11.776374"><ele>1929.189</ele><time>2021-09-02T16:07:19Z</time></trkpt><trkpt lat="46.495841" lon="11.776320"><ele>1928.053</ele><time>2021-09-02T16:07:22Z</time></trkpt><trkpt lat="46.495786" lon="11.776297"><ele>1926.987</ele><time>2021-09-02T16:07:25Z</time></trkpt><trkpt lat="46.495731" lon="11.776253"><ele>1925.858</ele><time>2021-09-02T16:07:28Z</time></trkpt><trkpt lat="46.495693" lon="11.776204"><ele>1925.163</ele><time>2021-09-02T16:07:30Z</time></trkpt><trkpt lat="46.495641" lon="11.776164"><ele>1923.733</ele><time>2021-09-02T16:07:33Z</time></trkpt><trkpt lat="46.495601" lon="11.776134"><ele>1922.723</ele><time>2021-09-02T16:07:35Z</time></trkpt><trkpt lat="46.495564" lon="11.776069"><ele>1921.315</ele><time>2021-09-02T16:07:38Z</time></trkpt><trkpt lat="46.495521" lon="11.776046"><ele>1920.608</ele><time>2021-09-02T16:07:40Z</time></trkpt><trkpt lat="46.495475" lon="11.776015"><ele>1919.921</ele><time>2021-09-02T16:07:42Z</time></trkpt><trkpt lat="46.495440" lon="11.775966"><ele>1919.365</ele><time>2021-09-02T16:07:44Z</time></trkpt><trkpt lat="46.495395" lon="11.775895"><ele>1918.510</ele><time>2021-09-02T16:07:47Z</time></trkpt><trkpt lat="46.495354" lon="11.775837"><ele>1917.881</ele><time>2021-09-02T16:07:50Z</time></trkpt><trkpt lat="46.495316" lon="11.775758"><ele>1917.165</ele><time>2021-09-02T16:07:53Z</time></trkpt><trkpt lat="46.495294" lon="11.775697"><ele>1916.359</ele><time>2021-09-02T16:07:56Z</time></trkpt><trkpt lat="46.495266" lon="11.775640"><ele>1915.710</ele><time>2021-09-02T16:07:58Z</time></trkpt><trkpt lat="46.495212" lon="11.775582"><ele>1914.665</ele><time>2021-09-02T16:08:01Z</time></trkpt><trkpt lat="46.495177" lon="11.775533"><ele>1913.589</ele><time>2021-09-02T16:08:04Z</time></trkpt><trkpt lat="46.495135" lon="11.775484"><ele>1912.206</ele><time>2021-09-02T16:08:07Z</time></trkpt><trkpt lat="46.495101" lon="11.775441"><ele>1911.326</ele><time>2021-09-02T16:08:09Z</time></trkpt><trkpt lat="46.495061" lon="11.775357"><ele>1909.908</ele><time>2021-09-02T16:08:13Z</time></trkpt><trkpt lat="46.495021" lon="11.775306"><ele>1908.966</ele><time>2021-09-02T16:08:16Z</time></trkpt><trkpt lat="46.494973" lon="11.775256"><ele>1907.910</ele><time>2021-09-02T16:08:19Z</time></trkpt><trkpt lat="46.494938" lon="11.775204"><ele>1907.355</ele><time>2021-09-02T16:08:21Z</time></trkpt><trkpt lat="46.494903" lon="11.775157"><ele>1906.236</ele><time>2021-09-02T16:08:24Z</time></trkpt><trkpt lat="46.494859" lon="11.775081"><ele>1905.150</ele><time>2021-09-02T16:08:27Z</time></trkpt><trkpt lat="46.494831" lon="11.775026"><ele>1904.454</ele><time>2021-09-02T16:08:29Z</time></trkpt><trkpt lat="46.494794" lon="11.774971"><ele>1903.775</ele><time>2021-09-02T16:08:31Z</time></trkpt><trkpt lat="46.494765" lon="11.774909"><ele>1902.830</ele><time>2021-09-02T16:08:34Z</time></trkpt><trkpt lat="46.494726" lon="11.774858"><ele>1902.032</ele><time>2021-09-02T16:08:37Z</time></trkpt><trkpt lat="46.494698" lon="11.774802"><ele>1901.592</ele><time>2021-09-02T16:08:40Z</time></trkpt><trkpt lat="46.494656" lon="11.774757"><ele>1900.911</ele><time>2021-09-02T16:08:43Z</time></trkpt><trkpt lat="46.494621" lon="11.774704"><ele>1900.208</ele><time>2021-09-02T16:08:46Z</time></trkpt><trkpt lat="46.494595" lon="11.774640"><ele>1899.521</ele><time>2021-09-02T16:08:49Z</time></trkpt><trkpt lat="46.494568" lon="11.774563"><ele>1898.685</ele><time>2021-09-02T16:08:52Z</time></trkpt><trkpt lat="46.494538" lon="11.774495"><ele>1897.520</ele><time>2021-09-02T16:08:55Z</time></trkpt><trkpt lat="46.494498" lon="11.774425"><ele>1896.591</ele><time>2021-09-02T16:08:58Z</time></trkpt><trkpt lat="46.494444" lon="11.774360"><ele>1895.535</ele><time>2021-09-02T16:09:01Z</time></trkpt><trkpt lat="46.494391" lon="11.774302"><ele>1894.759</ele><time>2021-09-02T16:09:04Z</time></trkpt><trkpt lat="46.494361" lon="11.774247"><ele>1894.280</ele><time>2021-09-02T16:09:06Z</time></trkpt><trkpt lat="46.494319" lon="11.774216"><ele>1893.795</ele><time>2021-09-02T16:09:08Z</time></trkpt><trkpt lat="46.494286" lon="11.774168"><ele>1893.177</ele><time>2021-09-02T16:09:11Z</time></trkpt><trkpt lat="46.494226" lon="11.774140"><ele>1892.061</ele><time>2021-09-02T16:09:15Z</time></trkpt><trkpt lat="46.494174" lon="11.774157"><ele>1890.327</ele><time>2021-09-02T16:09:19Z</time></trkpt><trkpt lat="46.494188" lon="11.774225"><ele>1888.708</ele><time>2021-09-02T16:09:23Z</time></trkpt><trkpt lat="46.494218" lon="11.774288"><ele>1886.915</ele><time>2021-09-02T16:09:27Z</time></trkpt><trkpt lat="46.494259" lon="11.774320"><ele>1885.339</ele><time>2021-09-02T16:09:30Z</time></trkpt><trkpt lat="46.494295" lon="11.774368"><ele>1884.044</ele><time>2021-09-02T16:09:33Z</time></trkpt><trkpt lat="46.494312" lon="11.774436"><ele>1883.225</ele><time>2021-09-02T16:09:35Z</time></trkpt><trkpt lat="46.494295" lon="11.774516"><ele>1882.439</ele><time>2021-09-02T16:09:37Z</time></trkpt><trkpt lat="46.494276" lon="11.774596"><ele>1881.633</ele><time>2021-09-02T16:09:39Z</time></trkpt><trkpt lat="46.494262" lon="11.774665"><ele>1880.954</ele><time>2021-09-02T16:09:41Z</time></trkpt><trkpt lat="46.494265" lon="11.774753"><ele>1880.059</ele><time>2021-09-02T16:09:44Z</time></trkpt><trkpt lat="46.494277" lon="11.774838"><ele>1878.997</ele><time>2021-09-02T16:09:48Z</time></trkpt><trkpt lat="46.494263" lon="11.774904"><ele>1878.023</ele><time>2021-09-02T16:09:52Z</time></trkpt><trkpt lat="46.494259" lon="11.774975"><ele>1877.525</ele><time>2021-09-02T16:09:55Z</time></trkpt><trkpt lat="46.494250" lon="11.775040"><ele>1876.808</ele><time>2021-09-02T16:09:58Z</time></trkpt><trkpt lat="46.494255" lon="11.775112"><ele>1876.027</ele><time>2021-09-02T16:10:01Z</time></trkpt><trkpt lat="46.494247" lon="11.775199"><ele>1875.151</ele><time>2021-09-02T16:10:04Z</time></trkpt><trkpt lat="46.494250" lon="11.775272"><ele>1874.026</ele><time>2021-09-02T16:10:07Z</time></trkpt><trkpt lat="46.494256" lon="11.775339"><ele>1872.927</ele><time>2021-09-02T16:10:10Z</time></trkpt><trkpt lat="46.494279" lon="11.775403"><ele>1871.721</ele><time>2021-09-02T16:10:13Z</time></trkpt><trkpt lat="46.494306" lon="11.775459"><ele>1870.855</ele><time>2021-09-02T16:10:15Z</time></trkpt><trkpt lat="46.494337" lon="11.775513"><ele>1869.386</ele><time>2021-09-02T16:10:18Z</time></trkpt><trkpt lat="46.494375" lon="11.775591"><ele>1867.751</ele><time>2021-09-02T16:10:21Z</time></trkpt><trkpt lat="46.494421" lon="11.775652"><ele>1866.557</ele><time>2021-09-02T16:10:24Z</time></trkpt><trkpt lat="46.494439" lon="11.775718"><ele>1865.500</ele><time>2021-09-02T16:10:27Z</time></trkpt><trkpt lat="46.494469" lon="11.775774"><ele>1864.320</ele><time>2021-09-02T16:10:30Z</time></trkpt><trkpt lat="46.494473" lon="11.775840"><ele>1863.508</ele><time>2021-09-02T16:10:32Z</time></trkpt><trkpt lat="46.494486" lon="11.775906"><ele>1862.343</ele><time>2021-09-02T16:10:35Z</time></trkpt><trkpt lat="46.494511" lon="11.775986"><ele>1860.817</ele><time>2021-09-02T16:10:39Z</time></trkpt><trkpt lat="46.494522" lon="11.776055"><ele>1859.572</ele><time>2021-09-02T16:10:42Z</time></trkpt><trkpt lat="46.494511" lon="11.776148"><ele>1858.273</ele><time>2021-09-02T16:10:45Z</time></trkpt><trkpt lat="46.494500" lon="11.776232"><ele>1856.817</ele><time>2021-09-02T16:10:48Z</time></trkpt><trkpt lat="46.494514" lon="11.776294"><ele>1855.441</ele><time>2021-09-02T16:10:51Z</time></trkpt><trkpt lat="46.494529" lon="11.776397"><ele>1853.132</ele><time>2021-09-02T16:10:56Z</time></trkpt><trkpt lat="46.494542" lon="11.776470"><ele>1851.897</ele><time>2021-09-02T16:10:59Z</time></trkpt><trkpt lat="46.494552" lon="11.776540"><ele>1850.029</ele><time>2021-09-02T16:11:03Z</time></trkpt><trkpt lat="46.494550" lon="11.776626"><ele>1848.700</ele><time>2021-09-02T16:11:06Z</time></trkpt><trkpt lat="46.494586" lon="11.776670"><ele>1847.720</ele><time>2021-09-02T16:11:08Z</time></trkpt><trkpt lat="46.494634" lon="11.776723"><ele>1846.008</ele><time>2021-09-02T16:11:11Z</time></trkpt><trkpt lat="46.494665" lon="11.776778"><ele>1845.260</ele><time>2021-09-02T16:11:13Z</time></trkpt><trkpt lat="46.494685" lon="11.776867"><ele>1844.474</ele><time>2021-09-02T16:11:16Z</time></trkpt><trkpt lat="46.494700" lon="11.776929"><ele>1844.099</ele><time>2021-09-02T16:11:18Z</time></trkpt><trkpt lat="46.494699" lon="11.777023"><ele>1843.880</ele><time>2021-09-02T16:11:21Z</time></trkpt><trkpt lat="46.494688" lon="11.777094"><ele>1843.834</ele><time>2021-09-02T16:11:23Z</time></trkpt><trkpt lat="46.494688" lon="11.777186"><ele>1843.178</ele><time>2021-09-02T16:11:26Z</time></trkpt><trkpt lat="46.494723" lon="11.777236"><ele>1842.469</ele><time>2021-09-02T16:11:28Z</time></trkpt><trkpt lat="46.494746" lon="11.777315"><ele>1841.514</ele><time>2021-09-02T16:11:31Z</time></trkpt><trkpt lat="46.494796" lon="11.777377"><ele>1840.632</ele><time>2021-09-02T16:11:34Z</time></trkpt><trkpt lat="46.494830" lon="11.777446"><ele>1839.692</ele><time>2021-09-02T16:11:37Z</time></trkpt><trkpt lat="46.494838" lon="11.777534"><ele>1838.511</ele><time>2021-09-02T16:11:40Z</time></trkpt><trkpt lat="46.494844" lon="11.777601"><ele>1837.608</ele><time>2021-09-02T16:11:42Z</time></trkpt><trkpt lat="46.494865" lon="11.777682"><ele>1836.471</ele><time>2021-09-02T16:11:45Z</time></trkpt><trkpt lat="46.494918" lon="11.777725"><ele>1835.235</ele><time>2021-09-02T16:11:48Z</time></trkpt><trkpt lat="46.494960" lon="11.777793"><ele>1834.080</ele><time>2021-09-02T16:11:51Z</time></trkpt><trkpt lat="46.494989" lon="11.777860"><ele>1832.931</ele><time>2021-09-02T16:11:54Z</time></trkpt><trkpt lat="46.495001" lon="11.777931"><ele>1831.785</ele><time>2021-09-02T16:11:57Z</time></trkpt><trkpt lat="46.494994" lon="11.777997"><ele>1830.939</ele><time>2021-09-02T16:11:59Z</time></trkpt><trkpt lat="46.494977" lon="11.778101"><ele>1829.640</ele><time>2021-09-02T16:12:02Z</time></trkpt><trkpt lat="46.494978" lon="11.778170"><ele>1828.855</ele><time>2021-09-02T16:12:04Z</time></trkpt><trkpt lat="46.494994" lon="11.778249"><ele>1827.671</ele><time>2021-09-02T16:12:07Z</time></trkpt><trkpt lat="46.495002" lon="11.778315"><ele>1826.841</ele><time>2021-09-02T16:12:09Z</time></trkpt><trkpt lat="46.495025" lon="11.778389"><ele>1825.515</ele><time>2021-09-02T16:12:12Z</time></trkpt><trkpt lat="46.495045" lon="11.778475"><ele>1824.108</ele><time>2021-09-02T16:12:15Z</time></trkpt><trkpt lat="46.495066" lon="11.778535"><ele>1823.175</ele><time>2021-09-02T16:12:17Z</time></trkpt><trkpt lat="46.495108" lon="11.778575"><ele>1822.029</ele><time>2021-09-02T16:12:20Z</time></trkpt><trkpt lat="46.495131" lon="11.778651"><ele>1821.184</ele><time>2021-09-02T16:12:23Z</time></trkpt><trkpt lat="46.495162" lon="11.778728"><ele>1819.925</ele><time>2021-09-02T16:12:28Z</time></trkpt><trkpt lat="46.495188" lon="11.778782"><ele>1819.299</ele><time>2021-09-02T16:12:30Z</time></trkpt><trkpt lat="46.495242" lon="11.778804"><ele>1817.963</ele><time>2021-09-02T16:12:33Z</time></trkpt><trkpt lat="46.495264" lon="11.778874"><ele>1816.754</ele><time>2021-09-02T16:12:36Z</time></trkpt><trkpt lat="46.495276" lon="11.778943"><ele>1815.469</ele><time>2021-09-02T16:12:39Z</time></trkpt><trkpt lat="46.495311" lon="11.778995"><ele>1814.271</ele><time>2021-09-02T16:12:42Z</time></trkpt><trkpt lat="46.495363" lon="11.779034"><ele>1812.441</ele><time>2021-09-02T16:12:46Z</time></trkpt><trkpt lat="46.495405" lon="11.779081"><ele>1810.815</ele><time>2021-09-02T16:12:50Z</time></trkpt><trkpt lat="46.495464" lon="11.779105"><ele>1808.108</ele><time>2021-09-02T16:12:57Z</time></trkpt><trkpt lat="46.495532" lon="11.779095"><ele>1807.245</ele><time>2021-09-02T16:12:59Z</time></trkpt><trkpt lat="46.495584" lon="11.779095"><ele>1806.569</ele><time>2021-09-02T16:13:01Z</time></trkpt><trkpt lat="46.495638" lon="11.779101"><ele>1805.784</ele><time>2021-09-02T16:13:04Z</time></trkpt><trkpt lat="46.495692" lon="11.779116"><ele>1805.165</ele><time>2021-09-02T16:13:08Z</time></trkpt><trkpt lat="46.495751" lon="11.779126"><ele>1804.479</ele><time>2021-09-02T16:13:12Z</time></trkpt><trkpt lat="46.495814" lon="11.779174"><ele>1803.373</ele><time>2021-09-02T16:13:16Z</time></trkpt><trkpt lat="46.495852" lon="11.779224"><ele>1802.294</ele><time>2021-09-02T16:13:20Z</time></trkpt><trkpt lat="46.495907" lon="11.779257"><ele>1801.329</ele><time>2021-09-02T16:13:24Z</time></trkpt><trkpt lat="46.495968" lon="11.779296"><ele>1800.565</ele><time>2021-09-02T16:13:28Z</time></trkpt><trkpt lat="46.495992" lon="11.779366"><ele>1800.068</ele><time>2021-09-02T16:13:31Z</time></trkpt><trkpt lat="46.496012" lon="11.779445"><ele>1799.714</ele><time>2021-09-02T16:13:34Z</time></trkpt><trkpt lat="46.495962" lon="11.779475"><ele>1799.208</ele><time>2021-09-02T16:13:49Z</time></trkpt><trkpt lat="46.495913" lon="11.779483"><ele>1798.554</ele><time>2021-09-02T16:13:54Z</time></trkpt><trkpt lat="46.495857" lon="11.779486"><ele>1798.118</ele><time>2021-09-02T16:13:57Z</time></trkpt><trkpt lat="46.495806" lon="11.779497"><ele>1797.413</ele><time>2021-09-02T16:14:00Z</time></trkpt><trkpt lat="46.495749" lon="11.779481"><ele>1796.034</ele><time>2021-09-02T16:14:06Z</time></trkpt><trkpt lat="46.495697" lon="11.779514"><ele>1795.598</ele><time>2021-09-02T16:14:10Z</time></trkpt><trkpt lat="46.495652" lon="11.779563"><ele>1794.752</ele><time>2021-09-02T16:14:14Z</time></trkpt><trkpt lat="46.495610" lon="11.779609"><ele>1793.713</ele><time>2021-09-02T16:14:17Z</time></trkpt><trkpt lat="46.495563" lon="11.779634"><ele>1792.438</ele><time>2021-09-02T16:14:20Z</time></trkpt><trkpt lat="46.495522" lon="11.779680"><ele>1791.097</ele><time>2021-09-02T16:14:23Z</time></trkpt><trkpt lat="46.495488" lon="11.779750"><ele>1789.823</ele><time>2021-09-02T16:14:26Z</time></trkpt><trkpt lat="46.495440" lon="11.779819"><ele>1788.625</ele><time>2021-09-02T16:14:29Z</time></trkpt><trkpt lat="46.495378" lon="11.779877"><ele>1787.408</ele><time>2021-09-02T16:14:32Z</time></trkpt><trkpt lat="46.495324" lon="11.779924"><ele>1786.427</ele><time>2021-09-02T16:14:35Z</time></trkpt><trkpt lat="46.495283" lon="11.779961"><ele>1785.921</ele><time>2021-09-02T16:14:37Z</time></trkpt><trkpt lat="46.495233" lon="11.779978"><ele>1784.856</ele><time>2021-09-02T16:14:40Z</time></trkpt><trkpt lat="46.495183" lon="11.779995"><ele>1783.677</ele><time>2021-09-02T16:14:43Z</time></trkpt><trkpt lat="46.495125" lon="11.780011"><ele>1782.391</ele><time>2021-09-02T16:14:46Z</time></trkpt><trkpt lat="46.495064" lon="11.780019"><ele>1780.965</ele><time>2021-09-02T16:14:49Z</time></trkpt><trkpt lat="46.495013" lon="11.780014"><ele>1779.566</ele><time>2021-09-02T16:14:52Z</time></trkpt><trkpt lat="46.494954" lon="11.780035"><ele>1778.151</ele><time>2021-09-02T16:14:55Z</time></trkpt><trkpt lat="46.494918" lon="11.780079"><ele>1777.346</ele><time>2021-09-02T16:14:57Z</time></trkpt><trkpt lat="46.494883" lon="11.780123"><ele>1776.688</ele><time>2021-09-02T16:14:59Z</time></trkpt><trkpt lat="46.494843" lon="11.780156"><ele>1775.916</ele><time>2021-09-02T16:15:01Z</time></trkpt><trkpt lat="46.494782" lon="11.780169"><ele>1774.908</ele><time>2021-09-02T16:15:04Z</time></trkpt><trkpt lat="46.494736" lon="11.780193"><ele>1774.322</ele><time>2021-09-02T16:15:06Z</time></trkpt><trkpt lat="46.494690" lon="11.780241"><ele>1773.576</ele><time>2021-09-02T16:15:09Z</time></trkpt><trkpt lat="46.494630" lon="11.780278"><ele>1772.631</ele><time>2021-09-02T16:15:12Z</time></trkpt><trkpt lat="46.494584" lon="11.780330"><ele>1771.622</ele><time>2021-09-02T16:15:15Z</time></trkpt><trkpt lat="46.494522" lon="11.780377"><ele>1770.766</ele><time>2021-09-02T16:15:18Z</time></trkpt><trkpt lat="46.494472" lon="11.780394"><ele>1770.040</ele><time>2021-09-02T16:15:20Z</time></trkpt><trkpt lat="46.494411" lon="11.780379"><ele>1768.881</ele><time>2021-09-02T16:15:23Z</time></trkpt><trkpt lat="46.494365" lon="11.780348"><ele>1767.776</ele><time>2021-09-02T16:15:26Z</time></trkpt><trkpt lat="46.494309" lon="11.780322"><ele>1766.539</ele><time>2021-09-02T16:15:29Z</time></trkpt><trkpt lat="46.494262" lon="11.780304"><ele>1764.801</ele><time>2021-09-02T16:15:34Z</time></trkpt><trkpt lat="46.494204" lon="11.780312"><ele>1763.321</ele><time>2021-09-02T16:15:41Z</time></trkpt><trkpt lat="46.494148" lon="11.780328"><ele>1762.108</ele><time>2021-09-02T16:15:46Z</time></trkpt><trkpt lat="46.494091" lon="11.780338"><ele>1761.371</ele><time>2021-09-02T16:15:50Z</time></trkpt><trkpt lat="46.494034" lon="11.780351"><ele>1760.695</ele><time>2021-09-02T16:15:53Z</time></trkpt><trkpt lat="46.493966" lon="11.780373"><ele>1759.820</ele><time>2021-09-02T16:15:56Z</time></trkpt><trkpt lat="46.493912" lon="11.780419"><ele>1759.251</ele><time>2021-09-02T16:15:58Z</time></trkpt><trkpt lat="46.493870" lon="11.780461"><ele>1758.825</ele><time>2021-09-02T16:16:00Z</time></trkpt><trkpt lat="46.493808" lon="11.780509"><ele>1758.149</ele><time>2021-09-02T16:16:03Z</time></trkpt><trkpt lat="46.493747" lon="11.780552"><ele>1756.960</ele><time>2021-09-02T16:16:06Z</time></trkpt><trkpt lat="46.493702" lon="11.780585"><ele>1756.055</ele><time>2021-09-02T16:16:08Z</time></trkpt><trkpt lat="46.493641" lon="11.780628"><ele>1755.386</ele><time>2021-09-02T16:16:10Z</time></trkpt><trkpt lat="46.493583" lon="11.780686"><ele>1754.460</ele><time>2021-09-02T16:16:13Z</time></trkpt><trkpt lat="46.493540" lon="11.780738"><ele>1753.726</ele><time>2021-09-02T16:16:15Z</time></trkpt><trkpt lat="46.493493" lon="11.780770"><ele>1753.108</ele><time>2021-09-02T16:16:17Z</time></trkpt><trkpt lat="46.493453" lon="11.780805"><ele>1752.596</ele><time>2021-09-02T16:16:19Z</time></trkpt><trkpt lat="46.493410" lon="11.780836"><ele>1751.980</ele><time>2021-09-02T16:16:21Z</time></trkpt><trkpt lat="46.493365" lon="11.780857"><ele>1751.375</ele><time>2021-09-02T16:16:23Z</time></trkpt><trkpt lat="46.493318" lon="11.780880"><ele>1750.786</ele><time>2021-09-02T16:16:25Z</time></trkpt><trkpt lat="46.493254" lon="11.780895"><ele>1749.950</ele><time>2021-09-02T16:16:28Z</time></trkpt><trkpt lat="46.493189" lon="11.780900"><ele>1749.154</ele><time>2021-09-02T16:16:31Z</time></trkpt><trkpt lat="46.493138" lon="11.780927"><ele>1748.145</ele><time>2021-09-02T16:16:34Z</time></trkpt><trkpt lat="46.493078" lon="11.780962"><ele>1747.230</ele><time>2021-09-02T16:16:39Z</time></trkpt><trkpt lat="46.493041" lon="11.781015"><ele>1746.774</ele><time>2021-09-02T16:16:42Z</time></trkpt><trkpt lat="46.493002" lon="11.781064"><ele>1746.256</ele><time>2021-09-02T16:16:46Z</time></trkpt><trkpt lat="46.492966" lon="11.781112"><ele>1745.721</ele><time>2021-09-02T16:16:49Z</time></trkpt><trkpt lat="46.492949" lon="11.781188"><ele>1744.808</ele><time>2021-09-02T16:16:52Z</time></trkpt><trkpt lat="46.492957" lon="11.781282"><ele>1743.885</ele><time>2021-09-02T16:16:55Z</time></trkpt><trkpt lat="46.492954" lon="11.781357"><ele>1742.659</ele><time>2021-09-02T16:16:58Z</time></trkpt><trkpt lat="46.492974" lon="11.781435"><ele>1741.344</ele><time>2021-09-02T16:17:01Z</time></trkpt><trkpt lat="46.492983" lon="11.781523"><ele>1740.155</ele><time>2021-09-02T16:17:04Z</time></trkpt><trkpt lat="46.492995" lon="11.781599"><ele>1739.419</ele><time>2021-09-02T16:17:06Z</time></trkpt><trkpt lat="46.492993" lon="11.781687"><ele>1738.623</ele><time>2021-09-02T16:17:09Z</time></trkpt><trkpt lat="46.492968" lon="11.781753"><ele>1738.094</ele><time>2021-09-02T16:17:12Z</time></trkpt><trkpt lat="46.492946" lon="11.781812"><ele>1737.749</ele><time>2021-09-02T16:17:15Z</time></trkpt><trkpt lat="46.492912" lon="11.781882"><ele>1737.826</ele><time>2021-09-02T16:17:19Z</time></trkpt><trkpt lat="46.492892" lon="11.781951"><ele>1738.047</ele><time>2021-09-02T16:17:24Z</time></trkpt><trkpt lat="46.492863" lon="11.782002"><ele>1738.011</ele><time>2021-09-02T16:17:27Z</time></trkpt><trkpt lat="46.492819" lon="11.782013"><ele>1738.008</ele><time>2021-09-02T16:17:30Z</time></trkpt><trkpt lat="46.492771" lon="11.782014"><ele>1737.950</ele><time>2021-09-02T16:17:34Z</time></trkpt><trkpt lat="46.492719" lon="11.781990"><ele>1737.574</ele><time>2021-09-02T16:18:19Z</time></trkpt><trkpt lat="46.492672" lon="11.781986"><ele>1737.519</ele><time>2021-09-02T16:18:21Z</time></trkpt><trkpt lat="46.492609" lon="11.781967"><ele>1737.250</ele><time>2021-09-02T16:18:23Z</time></trkpt><trkpt lat="46.492561" lon="11.781958"><ele>1736.964</ele><time>2021-09-02T16:18:25Z</time></trkpt><trkpt lat="46.492514" lon="11.781962"><ele>1736.538</ele><time>2021-09-02T16:18:27Z</time></trkpt><trkpt lat="46.492453" lon="11.781966"><ele>1736.169</ele><time>2021-09-02T16:18:30Z</time></trkpt><trkpt lat="46.492389" lon="11.781971"><ele>1735.724</ele><time>2021-09-02T16:18:33Z</time></trkpt><trkpt lat="46.492336" lon="11.781959"><ele>1735.426</ele><time>2021-09-02T16:18:35Z</time></trkpt><trkpt lat="46.492286" lon="11.781949"><ele>1735.247</ele><time>2021-09-02T16:18:37Z</time></trkpt><trkpt lat="46.492228" lon="11.781935"><ele>1734.911</ele><time>2021-09-02T16:18:39Z</time></trkpt><trkpt lat="46.492154" lon="11.781936"><ele>1734.508</ele><time>2021-09-02T16:18:42Z</time></trkpt><trkpt lat="46.492101" lon="11.781943"><ele>1734.230</ele><time>2021-09-02T16:18:44Z</time></trkpt><trkpt lat="46.492052" lon="11.781939"><ele>1733.954</ele><time>2021-09-02T16:18:46Z</time></trkpt><trkpt lat="46.491977" lon="11.781924"><ele>1733.699</ele><time>2021-09-02T16:18:49Z</time></trkpt><trkpt lat="46.491925" lon="11.781920"><ele>1733.540</ele><time>2021-09-02T16:18:51Z</time></trkpt><trkpt lat="46.491877" lon="11.781908"><ele>1733.374</ele><time>2021-09-02T16:18:53Z</time></trkpt><trkpt lat="46.491822" lon="11.781911"><ele>1733.218</ele><time>2021-09-02T16:18:55Z</time></trkpt><trkpt lat="46.491773" lon="11.781913"><ele>1733.029</ele><time>2021-09-02T16:18:57Z</time></trkpt><trkpt lat="46.491724" lon="11.781909"><ele>1732.954</ele><time>2021-09-02T16:18:59Z</time></trkpt><trkpt lat="46.491673" lon="11.781902"><ele>1732.912</ele><time>2021-09-02T16:19:01Z</time></trkpt><trkpt lat="46.491627" lon="11.781876"><ele>1733.032</ele><time>2021-09-02T16:19:05Z</time></trkpt><trkpt lat="46.491581" lon="11.781881"><ele>1733.505</ele><time>2021-09-02T16:19:08Z</time></trkpt><trkpt lat="46.491530" lon="11.781886"><ele>1734.008</ele><time>2021-09-02T16:19:12Z</time></trkpt><trkpt lat="46.491481" lon="11.781880"><ele>1734.449</ele><time>2021-09-02T16:19:16Z</time></trkpt><trkpt lat="46.491428" lon="11.781876"><ele>1734.713</ele><time>2021-09-02T16:19:21Z</time></trkpt><trkpt lat="46.491381" lon="11.781886"><ele>1734.868</ele><time>2021-09-02T16:19:26Z</time></trkpt><trkpt lat="46.491337" lon="11.781856"><ele>1734.669</ele><time>2021-09-02T16:19:29Z</time></trkpt><trkpt lat="46.491280" lon="11.781814"><ele>1734.683</ele><time>2021-09-02T16:19:33Z</time></trkpt><trkpt lat="46.491238" lon="11.781784"><ele>1734.747</ele><time>2021-09-02T16:19:36Z</time></trkpt><trkpt lat="46.491186" lon="11.781737"><ele>1734.638</ele><time>2021-09-02T16:19:40Z</time></trkpt><trkpt lat="46.491130" lon="11.781709"><ele>1734.733</ele><time>2021-09-02T16:19:44Z</time></trkpt><trkpt lat="46.491072" lon="11.781687"><ele>1734.988</ele><time>2021-09-02T16:19:48Z</time></trkpt><trkpt lat="46.491014" lon="11.781698"><ele>1735.224</ele><time>2021-09-02T16:19:53Z</time></trkpt><trkpt lat="46.490953" lon="11.781696"><ele>1735.226</ele><time>2021-09-02T16:19:58Z</time></trkpt><trkpt lat="46.490900" lon="11.781660"><ele>1735.108</ele><time>2021-09-02T16:20:02Z</time></trkpt><trkpt lat="46.490843" lon="11.781615"><ele>1735.166</ele><time>2021-09-02T16:20:06Z</time></trkpt><trkpt lat="46.490798" lon="11.781567"><ele>1735.230</ele><time>2021-09-02T16:20:09Z</time></trkpt><trkpt lat="46.490754" lon="11.781543"><ele>1735.235</ele><time>2021-09-02T16:20:11Z</time></trkpt><trkpt lat="46.490701" lon="11.781520"><ele>1735.526</ele><time>2021-09-02T16:20:13Z</time></trkpt><trkpt lat="46.490656" lon="11.781488"><ele>1735.610</ele><time>2021-09-02T16:20:15Z</time></trkpt><trkpt lat="46.490611" lon="11.781466"><ele>1735.684</ele><time>2021-09-02T16:20:17Z</time></trkpt><trkpt lat="46.490567" lon="11.781446"><ele>1735.375</ele><time>2021-09-02T16:20:19Z</time></trkpt><trkpt lat="46.490521" lon="11.781441"><ele>1735.030</ele><time>2021-09-02T16:20:21Z</time></trkpt><trkpt lat="46.490473" lon="11.781417"><ele>1734.411</ele><time>2021-09-02T16:20:24Z</time></trkpt><trkpt lat="46.490417" lon="11.781408"><ele>1734.321</ele><time>2021-09-02T16:20:28Z</time></trkpt><trkpt lat="46.490369" lon="11.781375"><ele>1734.103</ele><time>2021-09-02T16:20:32Z</time></trkpt><trkpt lat="46.490319" lon="11.781355"><ele>1733.708</ele><time>2021-09-02T16:20:35Z</time></trkpt><trkpt lat="46.490272" lon="11.781315"><ele>1733.219</ele><time>2021-09-02T16:20:38Z</time></trkpt><trkpt lat="46.490235" lon="11.781272"><ele>1732.773</ele><time>2021-09-02T16:20:43Z</time></trkpt><trkpt lat="46.490230" lon="11.781338"><ele>1732.548</ele><time>2021-09-02T16:20:46Z</time></trkpt><trkpt lat="46.490225" lon="11.781413"><ele>1730.389</ele><time>2021-09-02T16:20:52Z</time></trkpt><trkpt lat="46.490178" lon="11.781448"><ele>1729.233</ele><time>2021-09-02T16:20:55Z</time></trkpt><trkpt lat="46.490133" lon="11.781490"><ele>1727.657</ele><time>2021-09-02T16:20:59Z</time></trkpt><trkpt lat="46.490100" lon="11.781544"><ele>1725.958</ele><time>2021-09-02T16:21:03Z</time></trkpt><trkpt lat="46.490067" lon="11.781605"><ele>1724.713</ele><time>2021-09-02T16:21:07Z</time></trkpt><trkpt lat="46.490045" lon="11.781664"><ele>1723.974</ele><time>2021-09-02T16:21:10Z</time></trkpt><trkpt lat="46.490027" lon="11.781745"><ele>1723.156</ele><time>2021-09-02T16:21:13Z</time></trkpt><trkpt lat="46.490017" lon="11.781815"><ele>1722.021</ele><time>2021-09-02T16:21:16Z</time></trkpt><trkpt lat="46.489998" lon="11.781881"><ele>1720.708</ele><time>2021-09-02T16:21:19Z</time></trkpt><trkpt lat="46.489962" lon="11.781937"><ele>1719.455</ele><time>2021-09-02T16:21:22Z</time></trkpt><trkpt lat="46.489943" lon="11.782010"><ele>1718.449</ele><time>2021-09-02T16:21:25Z</time></trkpt><trkpt lat="46.489929" lon="11.782075"><ele>1717.044</ele><time>2021-09-02T16:21:30Z</time></trkpt><trkpt lat="46.489889" lon="11.782119"><ele>1716.325</ele><time>2021-09-02T16:21:33Z</time></trkpt><trkpt lat="46.489853" lon="11.782162"><ele>1715.759</ele><time>2021-09-02T16:21:36Z</time></trkpt><trkpt lat="46.489818" lon="11.782222"><ele>1714.833</ele><time>2021-09-02T16:21:40Z</time></trkpt><trkpt lat="46.489790" lon="11.782284"><ele>1713.854</ele><time>2021-09-02T16:21:44Z</time></trkpt><trkpt lat="46.489776" lon="11.782353"><ele>1712.659</ele><time>2021-09-02T16:21:48Z</time></trkpt><trkpt lat="46.489750" lon="11.782409"><ele>1711.769</ele><time>2021-09-02T16:21:51Z</time></trkpt><trkpt lat="46.489734" lon="11.782477"><ele>1710.704</ele><time>2021-09-02T16:21:54Z</time></trkpt><trkpt lat="46.489719" lon="11.782558"><ele>1709.924</ele><time>2021-09-02T16:21:57Z</time></trkpt><trkpt lat="46.489725" lon="11.782635"><ele>1709.508</ele><time>2021-09-02T16:21:59Z</time></trkpt><trkpt lat="46.489699" lon="11.782722"><ele>1707.954</ele><time>2021-09-02T16:22:04Z</time></trkpt><trkpt lat="46.489672" lon="11.782780"><ele>1707.368</ele><time>2021-09-02T16:22:06Z</time></trkpt><trkpt lat="46.489641" lon="11.782853"><ele>1706.833</ele><time>2021-09-02T16:22:09Z</time></trkpt><trkpt lat="46.489615" lon="11.782913"><ele>1706.694</ele><time>2021-09-02T16:22:14Z</time></trkpt><trkpt lat="46.489584" lon="11.783027"><ele>1706.538</ele><time>2021-09-02T16:22:22Z</time></trkpt><trkpt lat="46.489562" lon="11.783089"><ele>1705.812</ele><time>2021-09-02T16:22:26Z</time></trkpt><trkpt lat="46.489512" lon="11.783104"><ele>1705.213</ele><time>2021-09-02T16:22:29Z</time></trkpt><trkpt lat="46.489467" lon="11.783101"><ele>1704.518</ele><time>2021-09-02T16:22:33Z</time></trkpt><trkpt lat="46.489421" lon="11.783076"><ele>1704.091</ele><time>2021-09-02T16:22:36Z</time></trkpt><trkpt lat="46.489373" lon="11.783069"><ele>1703.481</ele><time>2021-09-02T16:22:39Z</time></trkpt><trkpt lat="46.489322" lon="11.783047"><ele>1703.019</ele><time>2021-09-02T16:22:42Z</time></trkpt><trkpt lat="46.489280" lon="11.783026"><ele>1702.808</ele><time>2021-09-02T16:22:44Z</time></trkpt><trkpt lat="46.489231" lon="11.783024"><ele>1702.897</ele><time>2021-09-02T16:22:46Z</time></trkpt><trkpt lat="46.489166" lon="11.783038"><ele>1702.671</ele><time>2021-09-02T16:22:49Z</time></trkpt><trkpt lat="46.489128" lon="11.782989"><ele>1701.966</ele><time>2021-09-02T16:22:52Z</time></trkpt><trkpt lat="46.489067" lon="11.783035"><ele>1701.127</ele><time>2021-09-02T16:23:00Z</time></trkpt><trkpt lat="46.489022" lon="11.783026"><ele>1700.871</ele><time>2021-09-02T16:23:02Z</time></trkpt><trkpt lat="46.488969" lon="11.782989"><ele>1700.425</ele><time>2021-09-02T16:23:06Z</time></trkpt><trkpt lat="46.488919" lon="11.783014"><ele>1699.946</ele><time>2021-09-02T16:23:11Z</time></trkpt><trkpt lat="46.488875" lon="11.783031"><ele>1699.191</ele><time>2021-09-02T16:23:15Z</time></trkpt><trkpt lat="46.488811" lon="11.783032"><ele>1698.241</ele><time>2021-09-02T16:23:19Z</time></trkpt><trkpt lat="46.488760" lon="11.783036"><ele>1697.281</ele><time>2021-09-02T16:23:23Z</time></trkpt><trkpt lat="46.488720" lon="11.783001"><ele>1696.909</ele><time>2021-09-02T16:23:26Z</time></trkpt><trkpt lat="46.488679" lon="11.782958"><ele>1696.708</ele><time>2021-09-02T16:23:29Z</time></trkpt><trkpt lat="46.488646" lon="11.782889"><ele>1696.462</ele><time>2021-09-02T16:23:32Z</time></trkpt><trkpt lat="46.488605" lon="11.782826"><ele>1696.346</ele><time>2021-09-02T16:23:35Z</time></trkpt><trkpt lat="46.488565" lon="11.782794"><ele>1696.191</ele><time>2021-09-02T16:23:40Z</time></trkpt><trkpt lat="46.488510" lon="11.782758"><ele>1695.252</ele><time>2021-09-02T16:23:45Z</time></trkpt><trkpt lat="46.488469" lon="11.782712"><ele>1693.996</ele><time>2021-09-02T16:23:49Z</time></trkpt><trkpt lat="46.488431" lon="11.782656"><ele>1693.060</ele><time>2021-09-02T16:23:52Z</time></trkpt><trkpt lat="46.488392" lon="11.782611"><ele>1692.061</ele><time>2021-09-02T16:23:55Z</time></trkpt><trkpt lat="46.488363" lon="11.782561"><ele>1690.936</ele><time>2021-09-02T16:23:58Z</time></trkpt><trkpt lat="46.488320" lon="11.782518"><ele>1689.874</ele><time>2021-09-02T16:24:01Z</time></trkpt><trkpt lat="46.488274" lon="11.782477"><ele>1688.656</ele><time>2021-09-02T16:24:04Z</time></trkpt><trkpt lat="46.488232" lon="11.782431"><ele>1687.821</ele><time>2021-09-02T16:24:06Z</time></trkpt><trkpt lat="46.488191" lon="11.782371"><ele>1686.908</ele><time>2021-09-02T16:24:09Z</time></trkpt><trkpt lat="46.488129" lon="11.782333"><ele>1686.625</ele><time>2021-09-02T16:24:12Z</time></trkpt><trkpt lat="46.488071" lon="11.782347"><ele>1686.339</ele><time>2021-09-02T16:24:15Z</time></trkpt><trkpt lat="46.488026" lon="11.782361"><ele>1685.764</ele><time>2021-09-02T16:24:18Z</time></trkpt><trkpt lat="46.487973" lon="11.782420"><ele>1685.085</ele><time>2021-09-02T16:24:21Z</time></trkpt><trkpt lat="46.487920" lon="11.782470"><ele>1684.449</ele><time>2021-09-02T16:24:24Z</time></trkpt><trkpt lat="46.487860" lon="11.782488"><ele>1683.783</ele><time>2021-09-02T16:24:29Z</time></trkpt><trkpt lat="46.487808" lon="11.782504"><ele>1682.584</ele><time>2021-09-02T16:24:32Z</time></trkpt><trkpt lat="46.487752" lon="11.782525"><ele>1681.229</ele><time>2021-09-02T16:24:35Z</time></trkpt><trkpt lat="46.487691" lon="11.782537"><ele>1679.725</ele><time>2021-09-02T16:24:38Z</time></trkpt><trkpt lat="46.487639" lon="11.782544"><ele>1678.426</ele><time>2021-09-02T16:24:41Z</time></trkpt><trkpt lat="46.487580" lon="11.782544"><ele>1677.408</ele><time>2021-09-02T16:24:44Z</time></trkpt><trkpt lat="46.487533" lon="11.782545"><ele>1676.908</ele><time>2021-09-02T16:24:46Z</time></trkpt><trkpt lat="46.487483" lon="11.782541"><ele>1676.360</ele><time>2021-09-02T16:24:48Z</time></trkpt><trkpt lat="46.487424" lon="11.782526"><ele>1675.554</ele><time>2021-09-02T16:24:51Z</time></trkpt><trkpt lat="46.487370" lon="11.782527"><ele>1674.989</ele><time>2021-09-02T16:24:53Z</time></trkpt><trkpt lat="46.487323" lon="11.782532"><ele>1674.550</ele><time>2021-09-02T16:24:55Z</time></trkpt><trkpt lat="46.487260" lon="11.782528"><ele>1674.194</ele><time>2021-09-02T16:24:58Z</time></trkpt><trkpt lat="46.487198" lon="11.782530"><ele>1673.858</ele><time>2021-09-02T16:25:01Z</time></trkpt><trkpt lat="46.487144" lon="11.782521"><ele>1673.589</ele><time>2021-09-02T16:25:04Z</time></trkpt><trkpt lat="46.487077" lon="11.782523"><ele>1673.044</ele><time>2021-09-02T16:25:09Z</time></trkpt><trkpt lat="46.487023" lon="11.782527"><ele>1672.876</ele><time>2021-09-02T16:25:11Z</time></trkpt><trkpt lat="46.486973" lon="11.782541"><ele>1672.290</ele><time>2021-09-02T16:25:14Z</time></trkpt><trkpt lat="46.486924" lon="11.782534"><ele>1671.519</ele><time>2021-09-02T16:25:16Z</time></trkpt><trkpt lat="46.486869" lon="11.782537"><ele>1670.708</ele><time>2021-09-02T16:25:19Z</time></trkpt><trkpt lat="46.486807" lon="11.782522"><ele>1669.935</ele><time>2021-09-02T16:25:23Z</time></trkpt><trkpt lat="46.486753" lon="11.782524"><ele>1669.719</ele><time>2021-09-02T16:25:25Z</time></trkpt><trkpt lat="46.486697" lon="11.782512"><ele>1669.214</ele><time>2021-09-02T16:25:28Z</time></trkpt><trkpt lat="46.486670" lon="11.782442"><ele>1668.575</ele><time>2021-09-02T16:25:31Z</time></trkpt><trkpt lat="46.486671" lon="11.782371"><ele>1667.079</ele><time>2021-09-02T16:25:34Z</time></trkpt><trkpt lat="46.486695" lon="11.782307"><ele>1666.173</ele><time>2021-09-02T16:25:36Z</time></trkpt><trkpt lat="46.486736" lon="11.782259"><ele>1664.924</ele><time>2021-09-02T16:25:39Z</time></trkpt><trkpt lat="46.486787" lon="11.782222"><ele>1663.959</ele><time>2021-09-02T16:25:42Z</time></trkpt><trkpt lat="46.486816" lon="11.782164"><ele>1663.064</ele><time>2021-09-02T16:25:45Z</time></trkpt><trkpt lat="46.486847" lon="11.782107"><ele>1662.106</ele><time>2021-09-02T16:25:48Z</time></trkpt><trkpt lat="46.486892" lon="11.782070"><ele>1660.616</ele><time>2021-09-02T16:25:52Z</time></trkpt><trkpt lat="46.486952" lon="11.782038"><ele>1659.108</ele><time>2021-09-02T16:25:56Z</time></trkpt><trkpt lat="46.487003" lon="11.782030"><ele>1657.014</ele><time>2021-09-02T16:26:01Z</time></trkpt><trkpt lat="46.487062" lon="11.781999"><ele>1655.918</ele><time>2021-09-02T16:26:04Z</time></trkpt><trkpt lat="46.487122" lon="11.781982"><ele>1654.223</ele><time>2021-09-02T16:26:08Z</time></trkpt><trkpt lat="46.487167" lon="11.781941"><ele>1653.314</ele><time>2021-09-02T16:26:10Z</time></trkpt><trkpt lat="46.487216" lon="11.781899"><ele>1651.988</ele><time>2021-09-02T16:26:13Z</time></trkpt><trkpt lat="46.487267" lon="11.781851"><ele>1651.222</ele><time>2021-09-02T16:26:15Z</time></trkpt><trkpt lat="46.487310" lon="11.781822"><ele>1650.653</ele><time>2021-09-02T16:26:17Z</time></trkpt><trkpt lat="46.487351" lon="11.781788"><ele>1650.028</ele><time>2021-09-02T16:26:19Z</time></trkpt><trkpt lat="46.487372" lon="11.781729"><ele>1649.468</ele><time>2021-09-02T16:26:21Z</time></trkpt><trkpt lat="46.487384" lon="11.781660"><ele>1648.842</ele><time>2021-09-02T16:26:24Z</time></trkpt><trkpt lat="46.487361" lon="11.781581"><ele>1648.426</ele><time>2021-09-02T16:26:29Z</time></trkpt><trkpt lat="46.487364" lon="11.781502"><ele>1648.208</ele><time>2021-09-02T16:26:33Z</time></trkpt><trkpt lat="46.487348" lon="11.781441"><ele>1648.134</ele><time>2021-09-02T16:26:36Z</time></trkpt><trkpt lat="46.487323" lon="11.781368"><ele>1647.818</ele><time>2021-09-02T16:26:40Z</time></trkpt><trkpt lat="46.487286" lon="11.781322"><ele>1647.533</ele><time>2021-09-02T16:26:44Z</time></trkpt><trkpt lat="46.487256" lon="11.781270"><ele>1647.224</ele><time>2021-09-02T16:26:47Z</time></trkpt><trkpt lat="46.487213" lon="11.781216"><ele>1646.338</ele><time>2021-09-02T16:26:51Z</time></trkpt><trkpt lat="46.487171" lon="11.781174"><ele>1645.542</ele><time>2021-09-02T16:26:55Z</time></trkpt><trkpt lat="46.487119" lon="11.781117"><ele>1644.543</ele><time>2021-09-02T16:27:00Z</time></trkpt><trkpt lat="46.487080" lon="11.781059"><ele>1644.098</ele><time>2021-09-02T16:27:04Z</time></trkpt><trkpt lat="46.487040" lon="11.781008"><ele>1643.284</ele><time>2021-09-02T16:27:08Z</time></trkpt><trkpt lat="46.486996" lon="11.780972"><ele>1642.407</ele><time>2021-09-02T16:27:11Z</time></trkpt><trkpt lat="46.486951" lon="11.780941"><ele>1641.617</ele><time>2021-09-02T16:27:14Z</time></trkpt><trkpt lat="46.486908" lon="11.780897"><ele>1640.508</ele><time>2021-09-02T16:27:17Z</time></trkpt><trkpt lat="46.486864" lon="11.780828"><ele>1639.356</ele><time>2021-09-02T16:27:20Z</time></trkpt><trkpt lat="46.486819" lon="11.780813"><ele>1638.530</ele><time>2021-09-02T16:27:22Z</time></trkpt><trkpt lat="46.486773" lon="11.780753"><ele>1637.215</ele><time>2021-09-02T16:27:25Z</time></trkpt><trkpt lat="46.486726" lon="11.780711"><ele>1635.926</ele><time>2021-09-02T16:27:28Z</time></trkpt><trkpt lat="46.486694" lon="11.780647"><ele>1635.150</ele><time>2021-09-02T16:27:30Z</time></trkpt><trkpt lat="46.486656" lon="11.780602"><ele>1634.414</ele><time>2021-09-02T16:27:32Z</time></trkpt><trkpt lat="46.486607" lon="11.780557"><ele>1633.715</ele><time>2021-09-02T16:27:35Z</time></trkpt><trkpt lat="46.486573" lon="11.780506"><ele>1633.390</ele><time>2021-09-02T16:27:37Z</time></trkpt><trkpt lat="46.486532" lon="11.780450"><ele>1632.947</ele><time>2021-09-02T16:27:40Z</time></trkpt><trkpt lat="46.486499" lon="11.780399"><ele>1632.429</ele><time>2021-09-02T16:27:43Z</time></trkpt><trkpt lat="46.486463" lon="11.780329"><ele>1631.721</ele><time>2021-09-02T16:27:48Z</time></trkpt><trkpt lat="46.486423" lon="11.780273"><ele>1631.008</ele><time>2021-09-02T16:27:51Z</time></trkpt><trkpt lat="46.486382" lon="11.780226"><ele>1630.532</ele><time>2021-09-02T16:27:54Z</time></trkpt><trkpt lat="46.486359" lon="11.780159"><ele>1630.386</ele><time>2021-09-02T16:27:57Z</time></trkpt><trkpt lat="46.486325" lon="11.780098"><ele>1629.911</ele><time>2021-09-02T16:28:01Z</time></trkpt><trkpt lat="46.486303" lon="11.780038"><ele>1629.742</ele><time>2021-09-02T16:28:04Z</time></trkpt><trkpt lat="46.486263" lon="11.780003"><ele>1629.416</ele><time>2021-09-02T16:28:07Z</time></trkpt><trkpt lat="46.486233" lon="11.779931"><ele>1629.270</ele><time>2021-09-02T16:28:11Z</time></trkpt><trkpt lat="46.486202" lon="11.779874"><ele>1629.111</ele><time>2021-09-02T16:28:15Z</time></trkpt><trkpt lat="46.486163" lon="11.779822"><ele>1629.116</ele><time>2021-09-02T16:28:19Z</time></trkpt><trkpt lat="46.486131" lon="11.779770"><ele>1629.038</ele><time>2021-09-02T16:28:23Z</time></trkpt><trkpt lat="46.486102" lon="11.779707"><ele>1628.970</ele><time>2021-09-02T16:28:27Z</time></trkpt><trkpt lat="46.486055" lon="11.779670"><ele>1629.117</ele><time>2021-09-02T16:28:32Z</time></trkpt><trkpt lat="46.486018" lon="11.779627"><ele>1629.208</ele><time>2021-09-02T16:28:35Z</time></trkpt><trkpt lat="46.485998" lon="11.779569"><ele>1628.791</ele><time>2021-09-02T16:28:38Z</time></trkpt><trkpt lat="46.485976" lon="11.779506"><ele>1628.085</ele><time>2021-09-02T16:28:42Z</time></trkpt><trkpt lat="46.485949" lon="11.779426"><ele>1627.570</ele><time>2021-09-02T16:28:46Z</time></trkpt><trkpt lat="46.485925" lon="11.779362"><ele>1627.271</ele><time>2021-09-02T16:28:49Z</time></trkpt><trkpt lat="46.485895" lon="11.779282"><ele>1626.845</ele><time>2021-09-02T16:28:57Z</time></trkpt><trkpt lat="46.485864" lon="11.779226"><ele>1626.369</ele><time>2021-09-02T16:29:00Z</time></trkpt><trkpt lat="46.485832" lon="11.779150"><ele>1626.140</ele><time>2021-09-02T16:29:03Z</time></trkpt><trkpt lat="46.485804" lon="11.779070"><ele>1625.465</ele><time>2021-09-02T16:29:06Z</time></trkpt><trkpt lat="46.485784" lon="11.778990"><ele>1624.565</ele><time>2021-09-02T16:29:09Z</time></trkpt><trkpt lat="46.485750" lon="11.778924"><ele>1623.868</ele><time>2021-09-02T16:29:12Z</time></trkpt><trkpt lat="46.485705" lon="11.778886"><ele>1622.914</ele><time>2021-09-02T16:29:15Z</time></trkpt><trkpt lat="46.485659" lon="11.778850"><ele>1622.308</ele><time>2021-09-02T16:29:17Z</time></trkpt><trkpt lat="46.485608" lon="11.778859"><ele>1621.774</ele><time>2021-09-02T16:29:19Z</time></trkpt><trkpt lat="46.485558" lon="11.778831"><ele>1621.188</ele><time>2021-09-02T16:29:22Z</time></trkpt><trkpt lat="46.485516" lon="11.778807"><ele>1620.883</ele><time>2021-09-02T16:29:25Z</time></trkpt><trkpt lat="46.485468" lon="11.778762"><ele>1620.714</ele><time>2021-09-02T16:29:29Z</time></trkpt><trkpt lat="46.485412" lon="11.778739"><ele>1620.858</ele><time>2021-09-02T16:29:33Z</time></trkpt><trkpt lat="46.485362" lon="11.778729"><ele>1620.832</ele><time>2021-09-02T16:29:37Z</time></trkpt><trkpt lat="46.485315" lon="11.778740"><ele>1620.883</ele><time>2021-09-02T16:29:40Z</time></trkpt><trkpt lat="46.485275" lon="11.778697"><ele>1620.558</ele><time>2021-09-02T16:29:44Z</time></trkpt><trkpt lat="46.485229" lon="11.778677"><ele>1620.421</ele><time>2021-09-02T16:29:47Z</time></trkpt><trkpt lat="46.485168" lon="11.778681"><ele>1620.341</ele><time>2021-09-02T16:29:51Z</time></trkpt><trkpt lat="46.485117" lon="11.778656"><ele>1620.005</ele><time>2021-09-02T16:29:55Z</time></trkpt><trkpt lat="46.485070" lon="11.778653"><ele>1620.008</ele><time>2021-09-02T16:29:59Z</time></trkpt><trkpt lat="46.485116" lon="11.778671"><ele>1619.970</ele><time>2021-09-02T16:30:15Z</time></trkpt><trkpt lat="46.485071" lon="11.778708"><ele>1619.164</ele><time>2021-09-02T16:30:20Z</time></trkpt><trkpt lat="46.485025" lon="11.778722"><ele>1618.189</ele><time>2021-09-02T16:30:24Z</time></trkpt><trkpt lat="46.484964" lon="11.778729"><ele>1614.530</ele><time>2021-09-02T16:30:36Z</time></trkpt><trkpt lat="46.484904" lon="11.778754"><ele>1613.744</ele><time>2021-09-02T16:30:39Z</time></trkpt><trkpt lat="46.484854" lon="11.778775"><ele>1613.118</ele><time>2021-09-02T16:30:41Z</time></trkpt><trkpt lat="46.484793" lon="11.778804"><ele>1612.389</ele><time>2021-09-02T16:30:44Z</time></trkpt><trkpt lat="46.484742" lon="11.778809"><ele>1611.974</ele><time>2021-09-02T16:30:46Z</time></trkpt><trkpt lat="46.484693" lon="11.778808"><ele>1611.488</ele><time>2021-09-02T16:30:48Z</time></trkpt><trkpt lat="46.484646" lon="11.778805"><ele>1610.824</ele><time>2021-09-02T16:30:50Z</time></trkpt><trkpt lat="46.484587" lon="11.778806"><ele>1609.626</ele><time>2021-09-02T16:30:53Z</time></trkpt><trkpt lat="46.484529" lon="11.778829"><ele>1608.208</ele><time>2021-09-02T16:30:56Z</time></trkpt><trkpt lat="46.484481" lon="11.778839"><ele>1606.966</ele><time>2021-09-02T16:30:59Z</time></trkpt><trkpt lat="46.484426" lon="11.778847"><ele>1604.890</ele><time>2021-09-02T16:31:03Z</time></trkpt><trkpt lat="46.484366" lon="11.778888"><ele>1603.485</ele><time>2021-09-02T16:31:06Z</time></trkpt><trkpt lat="46.484318" lon="11.778919"><ele>1602.666</ele><time>2021-09-02T16:31:08Z</time></trkpt><trkpt lat="46.484255" lon="11.778960"><ele>1602.030</ele><time>2021-09-02T16:31:10Z</time></trkpt><trkpt lat="46.484192" lon="11.779005"><ele>1601.494</ele><time>2021-09-02T16:31:12Z</time></trkpt><trkpt lat="46.484129" lon="11.779035"><ele>1600.865</ele><time>2021-09-02T16:31:14Z</time></trkpt><trkpt lat="46.484069" lon="11.779040"><ele>1600.310</ele><time>2021-09-02T16:31:16Z</time></trkpt><trkpt lat="46.484022" lon="11.779026"><ele>1599.883</ele><time>2021-09-02T16:31:18Z</time></trkpt><trkpt lat="46.483964" lon="11.779003"><ele>1598.925</ele><time>2021-09-02T16:31:21Z</time></trkpt><trkpt lat="46.483912" lon="11.778993"><ele>1598.317</ele><time>2021-09-02T16:31:23Z</time></trkpt><trkpt lat="46.483864" lon="11.778995"><ele>1597.908</ele><time>2021-09-02T16:31:25Z</time></trkpt><trkpt lat="46.483816" lon="11.778985"><ele>1597.786</ele><time>2021-09-02T16:31:27Z</time></trkpt><trkpt lat="46.483768" lon="11.779004"><ele>1597.510</ele><time>2021-09-02T16:31:29Z</time></trkpt><trkpt lat="46.483699" lon="11.779004"><ele>1597.435</ele><time>2021-09-02T16:31:32Z</time></trkpt><trkpt lat="46.483659" lon="11.778968"><ele>1597.356</ele><time>2021-09-02T16:31:35Z</time></trkpt><trkpt lat="46.483613" lon="11.778953"><ele>1597.230</ele><time>2021-09-02T16:31:39Z</time></trkpt><trkpt lat="46.483547" lon="11.778963"><ele>1596.724</ele><time>2021-09-02T16:31:44Z</time></trkpt><trkpt lat="46.483501" lon="11.778957"><ele>1596.295</ele><time>2021-09-02T16:31:47Z</time></trkpt><trkpt lat="46.483453" lon="11.778918"><ele>1595.120</ele><time>2021-09-02T16:31:52Z</time></trkpt><trkpt lat="46.483407" lon="11.778880"><ele>1594.011</ele><time>2021-09-02T16:31:57Z</time></trkpt><trkpt lat="46.483358" lon="11.778893"><ele>1593.421</ele><time>2021-09-02T16:32:03Z</time></trkpt><trkpt lat="46.483421" lon="11.778768"><ele>1593.003</ele><time>2021-09-02T16:32:18Z</time></trkpt><trkpt lat="46.483373" lon="11.778831"><ele>1593.008</ele><time>2021-09-02T16:32:23Z</time></trkpt><trkpt lat="46.483326" lon="11.778847"><ele>1592.949</ele><time>2021-09-02T16:32:26Z</time></trkpt><trkpt lat="46.483271" lon="11.778838"><ele>1592.623</ele><time>2021-09-02T16:32:41Z</time></trkpt><trkpt lat="46.483324" lon="11.778921"><ele>1592.928</ele><time>2021-09-02T16:32:56Z</time></trkpt><trkpt lat="46.483274" lon="11.778907"><ele>1590.649</ele><time>2021-09-02T16:33:10Z</time></trkpt><trkpt lat="46.483213" lon="11.778913"><ele>1589.243</ele><time>2021-09-02T16:33:13Z</time></trkpt><trkpt lat="46.483165" lon="11.778925"><ele>1587.617</ele><time>2021-09-02T16:33:16Z</time></trkpt><trkpt lat="46.483108" lon="11.778941"><ele>1586.678</ele><time>2021-09-02T16:33:18Z</time></trkpt><trkpt lat="46.483043" lon="11.778941"><ele>1585.673</ele><time>2021-09-02T16:33:21Z</time></trkpt><trkpt lat="46.482998" lon="11.778919"><ele>1585.166</ele><time>2021-09-02T16:33:24Z</time></trkpt><trkpt lat="46.482954" lon="11.778876"><ele>1584.729</ele><time>2021-09-02T16:33:28Z</time></trkpt><trkpt lat="46.482908" lon="11.778837"><ele>1584.021</ele><time>2021-09-02T16:33:32Z</time></trkpt><trkpt lat="46.482855" lon="11.778798"><ele>1583.308</ele><time>2021-09-02T16:33:36Z</time></trkpt><trkpt lat="46.482807" lon="11.778750"><ele>1582.634</ele><time>2021-09-02T16:33:40Z</time></trkpt><trkpt lat="46.482763" lon="11.778706"><ele>1582.088</ele><time>2021-09-02T16:33:43Z</time></trkpt><trkpt lat="46.482718" lon="11.778656"><ele>1581.793</ele><time>2021-09-02T16:33:46Z</time></trkpt><trkpt lat="46.482671" lon="11.778628"><ele>1581.474</ele><time>2021-09-02T16:33:49Z</time></trkpt><trkpt lat="46.482614" lon="11.778600"><ele>1580.958</ele><time>2021-09-02T16:33:53Z</time></trkpt><trkpt lat="46.482556" lon="11.778559"><ele>1580.612</ele><time>2021-09-02T16:33:56Z</time></trkpt><trkpt lat="46.482506" lon="11.778527"><ele>1580.173</ele><time>2021-09-02T16:33:59Z</time></trkpt><trkpt lat="46.482453" lon="11.778492"><ele>1579.588</ele><time>2021-09-02T16:34:02Z</time></trkpt><trkpt lat="46.482400" lon="11.778463"><ele>1578.748</ele><time>2021-09-02T16:34:05Z</time></trkpt><trkpt lat="46.482354" lon="11.778459"><ele>1578.261</ele><time>2021-09-02T16:34:07Z</time></trkpt><trkpt lat="46.482297" lon="11.778451"><ele>1577.517</ele><time>2021-09-02T16:34:10Z</time></trkpt><trkpt lat="46.482247" lon="11.778440"><ele>1577.108</ele><time>2021-09-02T16:34:12Z</time></trkpt><trkpt lat="46.482202" lon="11.778410"><ele>1576.612</ele><time>2021-09-02T16:34:14Z</time></trkpt><trkpt lat="46.482148" lon="11.778369"><ele>1575.836</ele><time>2021-09-02T16:34:17Z</time></trkpt><trkpt lat="46.482106" lon="11.778325"><ele>1575.361</ele><time>2021-09-02T16:34:19Z</time></trkpt><trkpt lat="46.482069" lon="11.778276"><ele>1574.252</ele><time>2021-09-02T16:34:22Z</time></trkpt><trkpt lat="46.482023" lon="11.778237"><ele>1573.426</ele><time>2021-09-02T16:34:24Z</time></trkpt><trkpt lat="46.481976" lon="11.778209"><ele>1572.780</ele><time>2021-09-02T16:34:26Z</time></trkpt><trkpt lat="46.481924" lon="11.778154"><ele>1572.051</ele><time>2021-09-02T16:34:29Z</time></trkpt><trkpt lat="46.481877" lon="11.778118"><ele>1571.896</ele><time>2021-09-02T16:34:31Z</time></trkpt><trkpt lat="46.481830" lon="11.778086"><ele>1571.762</ele><time>2021-09-02T16:34:33Z</time></trkpt><trkpt lat="46.481777" lon="11.778046"><ele>1571.583</ele><time>2021-09-02T16:34:36Z</time></trkpt><trkpt lat="46.481735" lon="11.778001"><ele>1571.111</ele><time>2021-09-02T16:34:38Z</time></trkpt><trkpt lat="46.481693" lon="11.777975"><ele>1570.408</ele><time>2021-09-02T16:34:40Z</time></trkpt><trkpt lat="46.481639" lon="11.777902"><ele>1569.424</ele><time>2021-09-02T16:34:43Z</time></trkpt><trkpt lat="46.481571" lon="11.777880"><ele>1568.118</ele><time>2021-09-02T16:34:46Z</time></trkpt><trkpt lat="46.481521" lon="11.777873"><ele>1567.393</ele><time>2021-09-02T16:34:48Z</time></trkpt><trkpt lat="46.481474" lon="11.777855"><ele>1566.594</ele><time>2021-09-02T16:34:50Z</time></trkpt><trkpt lat="46.481422" lon="11.777832"><ele>1566.098</ele><time>2021-09-02T16:34:52Z</time></trkpt><trkpt lat="46.481361" lon="11.777815"><ele>1565.262</ele><time>2021-09-02T16:34:55Z</time></trkpt><trkpt lat="46.481319" lon="11.777792"><ele>1564.973</ele><time>2021-09-02T16:34:57Z</time></trkpt><trkpt lat="46.481276" lon="11.777749"><ele>1564.628</ele><time>2021-09-02T16:34:59Z</time></trkpt><trkpt lat="46.481237" lon="11.777704"><ele>1564.369</ele><time>2021-09-02T16:35:01Z</time></trkpt><trkpt lat="46.481182" lon="11.777709"><ele>1563.604</ele><time>2021-09-02T16:35:04Z</time></trkpt><trkpt lat="46.481136" lon="11.777698"><ele>1563.024</ele><time>2021-09-02T16:35:06Z</time></trkpt><trkpt lat="46.481086" lon="11.777711"><ele>1561.808</ele><time>2021-09-02T16:35:09Z</time></trkpt><trkpt lat="46.481041" lon="11.777720"><ele>1560.874</ele><time>2021-09-02T16:35:11Z</time></trkpt><trkpt lat="46.480976" lon="11.777728"><ele>1559.228</ele><time>2021-09-02T16:35:14Z</time></trkpt><trkpt lat="46.480932" lon="11.777710"><ele>1558.443</ele><time>2021-09-02T16:35:16Z</time></trkpt><trkpt lat="46.480870" lon="11.777701"><ele>1557.414</ele><time>2021-09-02T16:35:19Z</time></trkpt><trkpt lat="46.480804" lon="11.777670"><ele>1556.488</ele><time>2021-09-02T16:35:22Z</time></trkpt><trkpt lat="46.480748" lon="11.777628"><ele>1555.882</ele><time>2021-09-02T16:35:25Z</time></trkpt><trkpt lat="46.480698" lon="11.777580"><ele>1555.513</ele><time>2021-09-02T16:35:28Z</time></trkpt><trkpt lat="46.480650" lon="11.777559"><ele>1555.238</ele><time>2021-09-02T16:35:31Z</time></trkpt><trkpt lat="46.480607" lon="11.777511"><ele>1555.043</ele><time>2021-09-02T16:35:34Z</time></trkpt><trkpt lat="46.480568" lon="11.777467"><ele>1554.764</ele><time>2021-09-02T16:35:37Z</time></trkpt><trkpt lat="46.480522" lon="11.777420"><ele>1554.410</ele><time>2021-09-02T16:35:40Z</time></trkpt><trkpt lat="46.480484" lon="11.777385"><ele>1554.108</ele><time>2021-09-02T16:35:43Z</time></trkpt><trkpt lat="46.480437" lon="11.777347"><ele>1553.812</ele><time>2021-09-02T16:35:46Z</time></trkpt><trkpt lat="46.480396" lon="11.777292"><ele>1553.096</ele><time>2021-09-02T16:35:49Z</time></trkpt><trkpt lat="46.480351" lon="11.777254"><ele>1551.761</ele><time>2021-09-02T16:35:53Z</time></trkpt><trkpt lat="46.480277" lon="11.777249"><ele>1550.922</ele><time>2021-09-02T16:35:58Z</time></trkpt><trkpt lat="46.480232" lon="11.777257"><ele>1550.476</ele><time>2021-09-02T16:36:01Z</time></trkpt><trkpt lat="46.480199" lon="11.777208"><ele>1550.030</ele><time>2021-09-02T16:36:04Z</time></trkpt><trkpt lat="46.480138" lon="11.777197"><ele>1549.471</ele><time>2021-09-02T16:36:07Z</time></trkpt><trkpt lat="46.480077" lon="11.777180"><ele>1548.826</ele><time>2021-09-02T16:36:10Z</time></trkpt><trkpt lat="46.480020" lon="11.777161"><ele>1547.927</ele><time>2021-09-02T16:36:13Z</time></trkpt><trkpt lat="46.479972" lon="11.777156"><ele>1547.068</ele><time>2021-09-02T16:36:15Z</time></trkpt><trkpt lat="46.479910" lon="11.777142"><ele>1545.314</ele><time>2021-09-02T16:36:19Z</time></trkpt><trkpt lat="46.479860" lon="11.777123"><ele>1544.608</ele><time>2021-09-02T16:36:21Z</time></trkpt><trkpt lat="46.479805" lon="11.777096"><ele>1543.620</ele><time>2021-09-02T16:36:24Z</time></trkpt><trkpt lat="46.479760" lon="11.777099"><ele>1542.874</ele><time>2021-09-02T16:36:26Z</time></trkpt><trkpt lat="46.479692" lon="11.777087"><ele>1541.819</ele><time>2021-09-02T16:36:29Z</time></trkpt><trkpt lat="46.479641" lon="11.777060"><ele>1540.910</ele><time>2021-09-02T16:36:32Z</time></trkpt><trkpt lat="46.479586" lon="11.777050"><ele>1540.184</ele><time>2021-09-02T16:36:35Z</time></trkpt><trkpt lat="46.479537" lon="11.777015"><ele>1538.818</ele><time>2021-09-02T16:36:39Z</time></trkpt><trkpt lat="46.479488" lon="11.776985"><ele>1537.639</ele><time>2021-09-02T16:36:42Z</time></trkpt><trkpt lat="46.479435" lon="11.776983"><ele>1536.784</ele><time>2021-09-02T16:36:44Z</time></trkpt><trkpt lat="46.479374" lon="11.776987"><ele>1535.867</ele><time>2021-09-02T16:36:46Z</time></trkpt><trkpt lat="46.479318" lon="11.776985"><ele>1535.081</ele><time>2021-09-02T16:36:48Z</time></trkpt><trkpt lat="46.479244" lon="11.776989"><ele>1533.819</ele><time>2021-09-02T16:36:51Z</time></trkpt><trkpt lat="46.479194" lon="11.776988"><ele>1533.008</ele><time>2021-09-02T16:36:53Z</time></trkpt><trkpt lat="46.479149" lon="11.776948"><ele>1532.234</ele><time>2021-09-02T16:36:55Z</time></trkpt><trkpt lat="46.479088" lon="11.776941"><ele>1531.258</ele><time>2021-09-02T16:36:58Z</time></trkpt><trkpt lat="46.479037" lon="11.776937"><ele>1530.643</ele><time>2021-09-02T16:37:00Z</time></trkpt><trkpt lat="46.478985" lon="11.776898"><ele>1529.734</ele><time>2021-09-02T16:37:03Z</time></trkpt><trkpt lat="46.478934" lon="11.776878"><ele>1529.168</ele><time>2021-09-02T16:37:05Z</time></trkpt><trkpt lat="46.478885" lon="11.776830"><ele>1527.842</ele><time>2021-09-02T16:37:08Z</time></trkpt><trkpt lat="46.478834" lon="11.776784"><ele>1526.723</ele><time>2021-09-02T16:37:11Z</time></trkpt><trkpt lat="46.478817" lon="11.776713"><ele>1526.178</ele><time>2021-09-02T16:37:13Z</time></trkpt><trkpt lat="46.478765" lon="11.776678"><ele>1525.026</ele><time>2021-09-02T16:37:16Z</time></trkpt><trkpt lat="46.478728" lon="11.776629"><ele>1523.647</ele><time>2021-09-02T16:37:20Z</time></trkpt><trkpt lat="46.478711" lon="11.776566"><ele>1522.911</ele><time>2021-09-02T16:37:23Z</time></trkpt><trkpt lat="46.478727" lon="11.776494"><ele>1522.208</ele><time>2021-09-02T16:37:26Z</time></trkpt><trkpt lat="46.478687" lon="11.776435"><ele>1521.470</ele><time>2021-09-02T16:37:29Z</time></trkpt><trkpt lat="46.478674" lon="11.776361"><ele>1520.424</ele><time>2021-09-02T16:37:32Z</time></trkpt><trkpt lat="46.478642" lon="11.776309"><ele>1519.589</ele><time>2021-09-02T16:37:35Z</time></trkpt><trkpt lat="46.478641" lon="11.776242"><ele>1518.870</ele><time>2021-09-02T16:37:38Z</time></trkpt><trkpt lat="46.478641" lon="11.776164"><ele>1518.264</ele><time>2021-09-02T16:37:41Z</time></trkpt><trkpt lat="46.478627" lon="11.776085"><ele>1517.778</ele><time>2021-09-02T16:37:44Z</time></trkpt><trkpt lat="46.478618" lon="11.776003"><ele>1517.369</ele><time>2021-09-02T16:37:47Z</time></trkpt><trkpt lat="46.478593" lon="11.775931"><ele>1516.654</ele><time>2021-09-02T16:37:50Z</time></trkpt><trkpt lat="46.478558" lon="11.775882"><ele>1515.746</ele><time>2021-09-02T16:37:53Z</time></trkpt><trkpt lat="46.478521" lon="11.775813"><ele>1514.788</ele><time>2021-09-02T16:37:56Z</time></trkpt><trkpt lat="46.478471" lon="11.775746"><ele>1513.816</ele><time>2021-09-02T16:37:59Z</time></trkpt><trkpt lat="46.478425" lon="11.775701"><ele>1512.708</ele><time>2021-09-02T16:38:02Z</time></trkpt><trkpt lat="46.478391" lon="11.775638"><ele>1511.582</ele><time>2021-09-02T16:38:05Z</time></trkpt><trkpt lat="46.478349" lon="11.775594"><ele>1510.526</ele><time>2021-09-02T16:38:08Z</time></trkpt><trkpt lat="46.478288" lon="11.775574"><ele>1509.581</ele><time>2021-09-02T16:38:11Z</time></trkpt><trkpt lat="46.478237" lon="11.775547"><ele>1508.852</ele><time>2021-09-02T16:38:13Z</time></trkpt><trkpt lat="46.478192" lon="11.775542"><ele>1508.496</ele><time>2021-09-02T16:38:15Z</time></trkpt><trkpt lat="46.478146" lon="11.775542"><ele>1508.040</ele><time>2021-09-02T16:38:17Z</time></trkpt><trkpt lat="46.478101" lon="11.775547"><ele>1507.541</ele><time>2021-09-02T16:38:19Z</time></trkpt><trkpt lat="46.478043" lon="11.775538"><ele>1506.646</ele><time>2021-09-02T16:38:22Z</time></trkpt><trkpt lat="46.477999" lon="11.775522"><ele>1506.163</ele><time>2021-09-02T16:38:24Z</time></trkpt><trkpt lat="46.477941" lon="11.775500"><ele>1505.244</ele><time>2021-09-02T16:38:27Z</time></trkpt><trkpt lat="46.477883" lon="11.775466"><ele>1504.118</ele><time>2021-09-02T16:38:30Z</time></trkpt><trkpt lat="46.477844" lon="11.775431"><ele>1503.408</ele><time>2021-09-02T16:38:32Z</time></trkpt><trkpt lat="46.477790" lon="11.775403"><ele>1502.364</ele><time>2021-09-02T16:38:35Z</time></trkpt><trkpt lat="46.477746" lon="11.775372"><ele>1501.548</ele><time>2021-09-02T16:38:37Z</time></trkpt><trkpt lat="46.477690" lon="11.775311"><ele>1500.453</ele><time>2021-09-02T16:38:40Z</time></trkpt><trkpt lat="46.477639" lon="11.775266"><ele>1499.564</ele><time>2021-09-02T16:38:43Z</time></trkpt><trkpt lat="46.477604" lon="11.775217"><ele>1499.058</ele><time>2021-09-02T16:38:45Z</time></trkpt><trkpt lat="46.477584" lon="11.775135"><ele>1498.252</ele><time>2021-09-02T16:38:48Z</time></trkpt><trkpt lat="46.477562" lon="11.775061"><ele>1497.313</ele><time>2021-09-02T16:38:51Z</time></trkpt><trkpt lat="46.477523" lon="11.774987"><ele>1496.518</ele><time>2021-09-02T16:38:54Z</time></trkpt><trkpt lat="46.477476" lon="11.774917"><ele>1495.648</ele><time>2021-09-02T16:38:58Z</time></trkpt><trkpt lat="46.477446" lon="11.774838"><ele>1495.061</ele><time>2021-09-02T16:39:01Z</time></trkpt><trkpt lat="46.477411" lon="11.774796"><ele>1494.717</ele><time>2021-09-02T16:39:03Z</time></trkpt><trkpt lat="46.477388" lon="11.774721"><ele>1494.008</ele><time>2021-09-02T16:39:06Z</time></trkpt><trkpt lat="46.477358" lon="11.774647"><ele>1493.162</ele><time>2021-09-02T16:39:09Z</time></trkpt><trkpt lat="46.477325" lon="11.774591"><ele>1492.626</ele><time>2021-09-02T16:39:11Z</time></trkpt><trkpt lat="46.477301" lon="11.774531"><ele>1492.121</ele><time>2021-09-02T16:39:13Z</time></trkpt><trkpt lat="46.477264" lon="11.774456"><ele>1491.472</ele><time>2021-09-02T16:39:16Z</time></trkpt><trkpt lat="46.477227" lon="11.774382"><ele>1490.876</ele><time>2021-09-02T16:39:19Z</time></trkpt><trkpt lat="46.477207" lon="11.774292"><ele>1490.380</ele><time>2021-09-02T16:39:22Z</time></trkpt><trkpt lat="46.477190" lon="11.774225"><ele>1489.751</ele><time>2021-09-02T16:39:25Z</time></trkpt><trkpt lat="46.477132" lon="11.774192"><ele>1488.736</ele><time>2021-09-02T16:39:29Z</time></trkpt><trkpt lat="46.477072" lon="11.774158"><ele>1488.185</ele><time>2021-09-02T16:39:32Z</time></trkpt><trkpt lat="46.477024" lon="11.774082"><ele>1487.689</ele><time>2021-09-02T16:39:35Z</time></trkpt><trkpt lat="46.476973" lon="11.774036"><ele>1487.017</ele><time>2021-09-02T16:39:38Z</time></trkpt><trkpt lat="46.476926" lon="11.774012"><ele>1486.508</ele><time>2021-09-02T16:39:40Z</time></trkpt><trkpt lat="46.476872" lon="11.773986"><ele>1485.926</ele><time>2021-09-02T16:39:43Z</time></trkpt><trkpt lat="46.476833" lon="11.773925"><ele>1485.180</ele><time>2021-09-02T16:39:47Z</time></trkpt><trkpt lat="46.476756" lon="11.773905"><ele>1485.325</ele><time>2021-09-02T16:40:09Z</time></trkpt><trkpt lat="46.476706" lon="11.773900"><ele>1484.566</ele><time>2021-09-02T16:40:15Z</time></trkpt><trkpt lat="46.476667" lon="11.773865"><ele>1484.120</ele><time>2021-09-02T16:40:19Z</time></trkpt><trkpt lat="46.476629" lon="11.773904"><ele>1483.964</ele><time>2021-09-02T16:40:23Z</time></trkpt><trkpt lat="46.476574" lon="11.773937"><ele>1483.675</ele><time>2021-09-02T16:40:29Z</time></trkpt><trkpt lat="46.476527" lon="11.773945"><ele>1483.620</ele><time>2021-09-02T16:40:33Z</time></trkpt><trkpt lat="46.476485" lon="11.773906"><ele>1483.915</ele><time>2021-09-02T16:40:37Z</time></trkpt><trkpt lat="46.476437" lon="11.773897"><ele>1483.965</ele><time>2021-09-02T16:40:40Z</time></trkpt><trkpt lat="46.476387" lon="11.773896"><ele>1483.411</ele><time>2021-09-02T16:40:43Z</time></trkpt><trkpt lat="46.476320" lon="11.773891"><ele>1482.608</ele><time>2021-09-02T16:40:47Z</time></trkpt><trkpt lat="46.476268" lon="11.773877"><ele>1481.829</ele><time>2021-09-02T16:40:51Z</time></trkpt><trkpt lat="46.476217" lon="11.773842"><ele>1481.283</ele><time>2021-09-02T16:40:54Z</time></trkpt><trkpt lat="46.476149" lon="11.773871"><ele>1480.688</ele><time>2021-09-02T16:40:57Z</time></trkpt><trkpt lat="46.476100" lon="11.773879"><ele>1480.169</ele><time>2021-09-02T16:40:59Z</time></trkpt><trkpt lat="46.476035" lon="11.773866"><ele>1479.653</ele><time>2021-09-02T16:41:02Z</time></trkpt><trkpt lat="46.475970" lon="11.773862"><ele>1479.087</ele><time>2021-09-02T16:41:05Z</time></trkpt><trkpt lat="46.475922" lon="11.773838"><ele>1478.528</ele><time>2021-09-02T16:41:07Z</time></trkpt><trkpt lat="46.475887" lon="11.773793"><ele>1478.193</ele><time>2021-09-02T16:41:09Z</time></trkpt><trkpt lat="46.475833" lon="11.773745"><ele>1477.573</ele><time>2021-09-02T16:41:12Z</time></trkpt><trkpt lat="46.475789" lon="11.773677"><ele>1477.085</ele><time>2021-09-02T16:41:15Z</time></trkpt><trkpt lat="46.475755" lon="11.773630"><ele>1476.613</ele><time>2021-09-02T16:41:17Z</time></trkpt><trkpt lat="46.475725" lon="11.773561"><ele>1476.108</ele><time>2021-09-02T16:41:20Z</time></trkpt><trkpt lat="46.475678" lon="11.773540"><ele>1475.825</ele><time>2021-09-02T16:41:23Z</time></trkpt><trkpt lat="46.475638" lon="11.773502"><ele>1475.569</ele><time>2021-09-02T16:41:26Z</time></trkpt><trkpt lat="46.475601" lon="11.773439"><ele>1475.294</ele><time>2021-09-02T16:41:29Z</time></trkpt><trkpt lat="46.475565" lon="11.773365"><ele>1474.745</ele><time>2021-09-02T16:41:33Z</time></trkpt><trkpt lat="46.475513" lon="11.773326"><ele>1474.159</ele><time>2021-09-02T16:41:37Z</time></trkpt><trkpt lat="46.475468" lon="11.773318"><ele>1473.813</ele><time>2021-09-02T16:41:40Z</time></trkpt><trkpt lat="46.475418" lon="11.773291"><ele>1473.594</ele><time>2021-09-02T16:41:43Z</time></trkpt><trkpt lat="46.475376" lon="11.773261"><ele>1473.039</ele><time>2021-09-02T16:41:46Z</time></trkpt><trkpt lat="46.475321" lon="11.773248"><ele>1472.465</ele><time>2021-09-02T16:41:50Z</time></trkpt><trkpt lat="46.475268" lon="11.773230"><ele>1471.968</ele><time>2021-09-02T16:41:54Z</time></trkpt><trkpt lat="46.475205" lon="11.773208"><ele>1471.314</ele><time>2021-09-02T16:41:58Z</time></trkpt><trkpt lat="46.475150" lon="11.773203"><ele>1470.908</ele><time>2021-09-02T16:42:01Z</time></trkpt><trkpt lat="46.475093" lon="11.773212"><ele>1470.444</ele><time>2021-09-02T16:42:05Z</time></trkpt><trkpt lat="46.475038" lon="11.773198"><ele>1470.028</ele><time>2021-09-02T16:42:08Z</time></trkpt><trkpt lat="46.474989" lon="11.773241"><ele>1469.463</ele><time>2021-09-02T16:42:12Z</time></trkpt><trkpt lat="46.474951" lon="11.773283"><ele>1469.264</ele><time>2021-09-02T16:42:16Z</time></trkpt><trkpt lat="46.474896" lon="11.773260"><ele>1469.118</ele><time>2021-09-02T16:42:19Z</time></trkpt><trkpt lat="46.474851" lon="11.773269"><ele>1469.192</ele><time>2021-09-02T16:42:21Z</time></trkpt><trkpt lat="46.474819" lon="11.773338"><ele>1469.043</ele><time>2021-09-02T16:42:24Z</time></trkpt><trkpt lat="46.474781" lon="11.773400"><ele>1468.978</ele><time>2021-09-02T16:42:27Z</time></trkpt><trkpt lat="46.474731" lon="11.773456"><ele>1468.979</ele><time>2021-09-02T16:42:30Z</time></trkpt><trkpt lat="46.474691" lon="11.773520"><ele>1468.705</ele><time>2021-09-02T16:42:32Z</time></trkpt><trkpt lat="46.474647" lon="11.773588"><ele>1468.525</ele><time>2021-09-02T16:42:35Z</time></trkpt><trkpt lat="46.474610" lon="11.773636"><ele>1468.408</ele><time>2021-09-02T16:42:37Z</time></trkpt><trkpt lat="46.474565" lon="11.773706"><ele>1468.285</ele><time>2021-09-02T16:42:40Z</time></trkpt><trkpt lat="46.474541" lon="11.773765"><ele>1468.139</ele><time>2021-09-02T16:42:42Z</time></trkpt><trkpt lat="46.474506" lon="11.773806"><ele>1468.074</ele><time>2021-09-02T16:42:45Z</time></trkpt><trkpt lat="46.474475" lon="11.773857"><ele>1467.845</ele><time>2021-09-02T16:42:48Z</time></trkpt><trkpt lat="46.474442" lon="11.773904"><ele>1467.749</ele><time>2021-09-02T16:42:51Z</time></trkpt><trkpt lat="46.474410" lon="11.773956"><ele>1467.773</ele><time>2021-09-02T16:42:54Z</time></trkpt><trkpt lat="46.474379" lon="11.774025"><ele>1467.694</ele><time>2021-09-02T16:42:58Z</time></trkpt><trkpt lat="46.474341" lon="11.774075"><ele>1467.519</ele><time>2021-09-02T16:43:02Z</time></trkpt><trkpt lat="46.474302" lon="11.774129"><ele>1467.453</ele><time>2021-09-02T16:43:07Z</time></trkpt><trkpt lat="46.474270" lon="11.774177"><ele>1467.304</ele><time>2021-09-02T16:43:10Z</time></trkpt><trkpt lat="46.474233" lon="11.774229"><ele>1467.114</ele><time>2021-09-02T16:43:13Z</time></trkpt><trkpt lat="46.474185" lon="11.774277"><ele>1467.008</ele><time>2021-09-02T16:43:16Z</time></trkpt><trkpt lat="46.474140" lon="11.774258"><ele>1466.933</ele><time>2021-09-02T16:43:19Z</time></trkpt><trkpt lat="46.474088" lon="11.774291"><ele>1466.587</ele><time>2021-09-02T16:43:22Z</time></trkpt><trkpt lat="46.474048" lon="11.774366"><ele>1466.272</ele><time>2021-09-02T16:43:25Z</time></trkpt><trkpt lat="46.474004" lon="11.774398"><ele>1466.063</ele><time>2021-09-02T16:43:27Z</time></trkpt><trkpt lat="46.473948" lon="11.774455"><ele>1465.837</ele><time>2021-09-02T16:43:30Z</time></trkpt><trkpt lat="46.473912" lon="11.774501"><ele>1465.711</ele><time>2021-09-02T16:43:32Z</time></trkpt><trkpt lat="46.473872" lon="11.774571"><ele>1465.662</ele><time>2021-09-02T16:43:35Z</time></trkpt><trkpt lat="46.473836" lon="11.774615"><ele>1465.647</ele><time>2021-09-02T16:43:37Z</time></trkpt><trkpt lat="46.473794" lon="11.774681"><ele>1465.666</ele><time>2021-09-02T16:43:40Z</time></trkpt><trkpt lat="46.473756" lon="11.774728"><ele>1465.729</ele><time>2021-09-02T16:43:42Z</time></trkpt><trkpt lat="46.473714" lon="11.774796"><ele>1465.721</ele><time>2021-09-02T16:43:45Z</time></trkpt><trkpt lat="46.473681" lon="11.774844"><ele>1465.808</ele><time>2021-09-02T16:43:47Z</time></trkpt><trkpt lat="46.473636" lon="11.774906"><ele>1465.824</ele><time>2021-09-02T16:43:50Z</time></trkpt><trkpt lat="46.473584" lon="11.774959"><ele>1465.888</ele><time>2021-09-02T16:43:53Z</time></trkpt><trkpt lat="46.473548" lon="11.775006"><ele>1465.983</ele><time>2021-09-02T16:43:55Z</time></trkpt><trkpt lat="46.473510" lon="11.775043"><ele>1466.054</ele><time>2021-09-02T16:43:57Z</time></trkpt><trkpt lat="46.473476" lon="11.775089"><ele>1466.058</ele><time>2021-09-02T16:43:59Z</time></trkpt><trkpt lat="46.473431" lon="11.775129"><ele>1466.142</ele><time>2021-09-02T16:44:02Z</time></trkpt><trkpt lat="46.473396" lon="11.775180"><ele>1466.113</ele><time>2021-09-02T16:44:05Z</time></trkpt><trkpt lat="46.473360" lon="11.775228"><ele>1466.148</ele><time>2021-09-02T16:44:08Z</time></trkpt><trkpt lat="46.473325" lon="11.775283"><ele>1466.156</ele><time>2021-09-02T16:44:12Z</time></trkpt><trkpt lat="46.473293" lon="11.775337"><ele>1466.259</ele><time>2021-09-02T16:44:16Z</time></trkpt><trkpt lat="46.473256" lon="11.775391"><ele>1466.214</ele><time>2021-09-02T16:44:20Z</time></trkpt><trkpt lat="46.473234" lon="11.775454"><ele>1466.308</ele><time>2021-09-02T16:44:23Z</time></trkpt><trkpt lat="46.473200" lon="11.775510"><ele>1466.443</ele><time>2021-09-02T16:44:26Z</time></trkpt><trkpt lat="46.473171" lon="11.775570"><ele>1466.487</ele><time>2021-09-02T16:44:29Z</time></trkpt><trkpt lat="46.473118" lon="11.775550"><ele>1466.562</ele><time>2021-09-02T16:44:32Z</time></trkpt><trkpt lat="46.473063" lon="11.775530"><ele>1466.723</ele><time>2021-09-02T16:44:34Z</time></trkpt><trkpt lat="46.473000" lon="11.775499"><ele>1466.847</ele><time>2021-09-02T16:44:37Z</time></trkpt><trkpt lat="46.473000" lon="11.775414"><ele>1466.941</ele><time>2021-09-02T16:44:40Z</time></trkpt><trkpt lat="46.473022" lon="11.775346"><ele>1466.942</ele><time>2021-09-02T16:44:42Z</time></trkpt><trkpt lat="46.473048" lon="11.775258"><ele>1466.997</ele><time>2021-09-02T16:44:45Z</time></trkpt><trkpt lat="46.473054" lon="11.775190"><ele>1466.874</ele><time>2021-09-02T16:44:47Z</time></trkpt><trkpt lat="46.473073" lon="11.775130"><ele>1466.656</ele><time>2021-09-02T16:44:49Z</time></trkpt><trkpt lat="46.473084" lon="11.775058"><ele>1466.521</ele><time>2021-09-02T16:44:51Z</time></trkpt><trkpt lat="46.473106" lon="11.774973"><ele>1466.408</ele><time>2021-09-02T16:44:54Z</time></trkpt><trkpt lat="46.473128" lon="11.774914"><ele>1466.465</ele><time>2021-09-02T16:44:56Z</time></trkpt><trkpt lat="46.473144" lon="11.774851"><ele>1466.359</ele><time>2021-09-02T16:45:00Z</time></trkpt><trkpt lat="46.473155" lon="11.774779"><ele>1466.114</ele><time>2021-09-02T16:45:04Z</time></trkpt><trkpt lat="46.473174" lon="11.774704"><ele>1466.035</ele><time>2021-09-02T16:45:08Z</time></trkpt><trkpt lat="46.473198" lon="11.774625"><ele>1465.889</ele><time>2021-09-02T16:45:12Z</time></trkpt><trkpt lat="46.473219" lon="11.774563"><ele>1465.823</ele><time>2021-09-02T16:45:16Z</time></trkpt><trkpt lat="46.473232" lon="11.774498"><ele>1465.634</ele><time>2021-09-02T16:45:19Z</time></trkpt><trkpt lat="46.473258" lon="11.774434"><ele>1465.469</ele><time>2021-09-02T16:45:22Z</time></trkpt><trkpt lat="46.473275" lon="11.774349"><ele>1465.277</ele><time>2021-09-02T16:45:26Z</time></trkpt><trkpt lat="46.473295" lon="11.774275"><ele>1465.061</ele><time>2021-09-02T16:45:30Z</time></trkpt><trkpt lat="46.473325" lon="11.774219"><ele>1464.927</ele><time>2021-09-02T16:45:33Z</time></trkpt><trkpt lat="46.473333" lon="11.774143"><ele>1464.808</ele><time>2021-09-02T16:45:36Z</time></trkpt><trkpt lat="46.473351" lon="11.774072"><ele>1464.855</ele><time>2021-09-02T16:45:39Z</time></trkpt><trkpt lat="46.473378" lon="11.773992"><ele>1464.629</ele><time>2021-09-02T16:45:42Z</time></trkpt><trkpt lat="46.473413" lon="11.773937"><ele>1464.584</ele><time>2021-09-02T16:45:44Z</time></trkpt><trkpt lat="46.473431" lon="11.773860"><ele>1464.415</ele><time>2021-09-02T16:45:46Z</time></trkpt><trkpt lat="46.473448" lon="11.773793"><ele>1464.479</ele><time>2021-09-02T16:45:48Z</time></trkpt><trkpt lat="46.473469" lon="11.773722"><ele>1464.463</ele><time>2021-09-02T16:45:50Z</time></trkpt><trkpt lat="46.473502" lon="11.773641"><ele>1464.324</ele><time>2021-09-02T16:45:53Z</time></trkpt><trkpt lat="46.473523" lon="11.773576"><ele>1464.229</ele><time>2021-09-02T16:45:55Z</time></trkpt><trkpt lat="46.473534" lon="11.773513"><ele>1464.052</ele><time>2021-09-02T16:45:57Z</time></trkpt><trkpt lat="46.473544" lon="11.773420"><ele>1463.853</ele><time>2021-09-02T16:46:00Z</time></trkpt><trkpt lat="46.473572" lon="11.773338"><ele>1463.808</ele><time>2021-09-02T16:46:03Z</time></trkpt><trkpt lat="46.473575" lon="11.773271"><ele>1463.908</ele><time>2021-09-02T16:46:05Z</time></trkpt><trkpt lat="46.473583" lon="11.773189"><ele>1463.983</ele><time>2021-09-02T16:46:08Z</time></trkpt><trkpt lat="46.473565" lon="11.773117"><ele>1463.867</ele><time>2021-09-02T16:46:11Z</time></trkpt><trkpt lat="46.473511" lon="11.773075"><ele>1463.672</ele><time>2021-09-02T16:46:14Z</time></trkpt><trkpt lat="46.473460" lon="11.773027"><ele>1463.663</ele><time>2021-09-02T16:46:17Z</time></trkpt><trkpt lat="46.473404" lon="11.772980"><ele>1463.767</ele><time>2021-09-02T16:46:20Z</time></trkpt><trkpt lat="46.473361" lon="11.772959"><ele>1463.731</ele><time>2021-09-02T16:46:23Z</time></trkpt><trkpt lat="46.473320" lon="11.772988"><ele>1463.762</ele><time>2021-09-02T16:46:28Z</time></trkpt><trkpt lat="46.473313" lon="11.773054"><ele>1463.747</ele><time>2021-09-02T16:46:35Z</time></trkpt></trkseg></trk></gpx>