<?xml version="1.0" encoding="UTF-8"?>
<gpx xmlns="http://www.topografix.com/GPX/1/1" xmlns:xsi="http://www.w3.org/2001/XMLSchema-instance" version="1.1" creator="Trace de Trail" xsi:schemaLocation="http://www.topografix.com/GPX/1/1 http://www.topografix.com/GPX/1/1/gpx.xsd">
  <metadata>
    <name>TAR 2025 DEFINITIF (sans col du Brevent et Cheserys)</name>
    <desc>Parcours créé sur Trace de Trail</desc>
    <link href="https://tracedetrail.fr/en/trace/271846">
      <text>Cartographie du parcours</text>
    </link>
    <time>2026-04-17T07:34:17+00:00</time>
  </metadata>
  <trk>
    <name>TAR 2025 DEFINITIF (sans col du Brevent et Cheserys) sur TraceDeTrail.fr</name>
    <src>Trace de Trail</src>
    <trkseg>
      <trkpt lat="45.92725" lon="6.86786">
        <ele>1045</ele>
        <time>2026-04-17T07:34:17+00:00</time>
      </trkpt>
      <trkpt lat="45.92739" lon="6.8679">
        <ele>1045</ele>
        <time>2026-04-17T07:34:20+00:00</time>
      </trkpt>
      <trkpt lat="45.92761" lon="6.86817">
        <ele>1045</ele>
        <time>2026-04-17T07:34:23+00:00</time>
      </trkpt>
      <trkpt lat="45.92784" lon="6.86843">
        <ele>1045</ele>
        <time>2026-04-17T07:34:26+00:00</time>
      </trkpt>
      <trkpt lat="45.92816" lon="6.86882">
        <ele>1046</ele>
        <time>2026-04-17T07:34:29+00:00</time>
      </trkpt>
      <trkpt lat="45.92825" lon="6.86859">
        <ele>1047</ele>
        <time>2026-04-17T07:34:32+00:00</time>
      </trkpt>
      <trkpt lat="45.92833" lon="6.86841">
        <ele>1048</ele>
        <time>2026-04-17T07:34:35+00:00</time>
      </trkpt>
      <trkpt lat="45.92842" lon="6.86823">
        <ele>1049</ele>
        <time>2026-04-17T07:34:38+00:00</time>
      </trkpt>
      <trkpt lat="45.92853" lon="6.86805">
        <ele>1052</ele>
        <time>2026-04-17T07:34:41+00:00</time>
      </trkpt>
      <trkpt lat="45.92855" lon="6.86794">
        <ele>1053</ele>
        <time>2026-04-17T07:34:44+00:00</time>
      </trkpt>
      <trkpt lat="45.9286" lon="6.8679">
        <ele>1053</ele>
        <time>2026-04-17T07:34:47+00:00</time>
      </trkpt>
      <trkpt lat="45.92852" lon="6.86746">
        <ele>1056</ele>
        <time>2026-04-17T07:34:50+00:00</time>
      </trkpt>
      <trkpt lat="45.92834" lon="6.86712">
        <ele>1057</ele>
        <time>2026-04-17T07:34:53+00:00</time>
      </trkpt>
      <trkpt lat="45.92816" lon="6.86683">
        <ele>1057</ele>
        <time>2026-04-17T07:34:56+00:00</time>
      </trkpt>
      <trkpt lat="45.92793" lon="6.86646">
        <ele>1061</ele>
        <time>2026-04-17T07:34:59+00:00</time>
      </trkpt>
      <trkpt lat="45.92778" lon="6.8659">
        <ele>1071</ele>
        <time>2026-04-17T07:35:02+00:00</time>
      </trkpt>
      <trkpt lat="45.92772" lon="6.86574">
        <ele>1073</ele>
        <time>2026-04-17T07:35:05+00:00</time>
      </trkpt>
      <trkpt lat="45.92761" lon="6.86559">
        <ele>1073</ele>
        <time>2026-04-17T07:35:08+00:00</time>
      </trkpt>
      <trkpt lat="45.92752" lon="6.8655">
        <ele>1078</ele>
        <time>2026-04-17T07:35:11+00:00</time>
      </trkpt>
      <trkpt lat="45.9273" lon="6.86535">
        <ele>1073</ele>
        <time>2026-04-17T07:35:14+00:00</time>
      </trkpt>
      <trkpt lat="45.92698" lon="6.86514">
        <ele>1074</ele>
        <time>2026-04-17T07:35:17+00:00</time>
      </trkpt>
      <trkpt lat="45.9268" lon="6.86487">
        <ele>1077</ele>
        <time>2026-04-17T07:35:20+00:00</time>
      </trkpt>
      <trkpt lat="45.92657" lon="6.86452">
        <ele>1081</ele>
        <time>2026-04-17T07:35:23+00:00</time>
      </trkpt>
      <trkpt lat="45.92615" lon="6.86423">
        <ele>1085</ele>
        <time>2026-04-17T07:35:26+00:00</time>
      </trkpt>
      <trkpt lat="45.92589" lon="6.86405">
        <ele>1087</ele>
        <time>2026-04-17T07:35:29+00:00</time>
      </trkpt>
      <trkpt lat="45.92555" lon="6.86382">
        <ele>1088</ele>
        <time>2026-04-17T07:35:32+00:00</time>
      </trkpt>
      <trkpt lat="45.92536" lon="6.86374">
        <ele>1088</ele>
        <time>2026-04-17T07:35:35+00:00</time>
      </trkpt>
      <trkpt lat="45.92494" lon="6.86366">
        <ele>1088</ele>
        <time>2026-04-17T07:35:38+00:00</time>
      </trkpt>
      <trkpt lat="45.92465" lon="6.86362">
        <ele>1088</ele>
        <time>2026-04-17T07:35:41+00:00</time>
      </trkpt>
      <trkpt lat="45.9242" lon="6.86356">
        <ele>1087</ele>
        <time>2026-04-17T07:35:44+00:00</time>
      </trkpt>
      <trkpt lat="45.92403" lon="6.86349">
        <ele>1087</ele>
        <time>2026-04-17T07:35:47+00:00</time>
      </trkpt>
      <trkpt lat="45.92389" lon="6.86341">
        <ele>1087</ele>
        <time>2026-04-17T07:35:50+00:00</time>
      </trkpt>
      <trkpt lat="45.92375" lon="6.86332">
        <ele>1087</ele>
        <time>2026-04-17T07:35:53+00:00</time>
      </trkpt>
      <trkpt lat="45.92383" lon="6.86305">
        <ele>1093</ele>
        <time>2026-04-17T07:35:56+00:00</time>
      </trkpt>
      <trkpt lat="45.92402" lon="6.86282">
        <ele>1096</ele>
        <time>2026-04-17T07:35:59+00:00</time>
      </trkpt>
      <trkpt lat="45.92408" lon="6.86271">
        <ele>1097</ele>
        <time>2026-04-17T07:36:02+00:00</time>
      </trkpt>
      <trkpt lat="45.92425" lon="6.86236">
        <ele>1105</ele>
        <time>2026-04-17T07:36:05+00:00</time>
      </trkpt>
      <trkpt lat="45.9244" lon="6.8618">
        <ele>1116</ele>
        <time>2026-04-17T07:36:08+00:00</time>
      </trkpt>
      <trkpt lat="45.92446" lon="6.86171">
        <ele>1117</ele>
        <time>2026-04-17T07:36:11+00:00</time>
      </trkpt>
      <trkpt lat="45.92467" lon="6.86158">
        <ele>1121</ele>
        <time>2026-04-17T07:36:14+00:00</time>
      </trkpt>
      <trkpt lat="45.92495" lon="6.8614">
        <ele>1127</ele>
        <time>2026-04-17T07:36:17+00:00</time>
      </trkpt>
      <trkpt lat="45.92518" lon="6.86118">
        <ele>1130</ele>
        <time>2026-04-17T07:36:20+00:00</time>
      </trkpt>
      <trkpt lat="45.92534" lon="6.86095">
        <ele>1133</ele>
        <time>2026-04-17T07:36:23+00:00</time>
      </trkpt>
      <trkpt lat="45.92503" lon="6.86069">
        <ele>1140</ele>
        <time>2026-04-17T07:36:26+00:00</time>
      </trkpt>
      <trkpt lat="45.92461" lon="6.8605">
        <ele>1144</ele>
        <time>2026-04-17T07:36:29+00:00</time>
      </trkpt>
      <trkpt lat="45.9243" lon="6.8602">
        <ele>1150</ele>
        <time>2026-04-17T07:36:32+00:00</time>
      </trkpt>
      <trkpt lat="45.92405" lon="6.85988">
        <ele>1154</ele>
        <time>2026-04-17T07:36:35+00:00</time>
      </trkpt>
      <trkpt lat="45.92387" lon="6.8596">
        <ele>1159</ele>
        <time>2026-04-17T07:36:38+00:00</time>
      </trkpt>
      <trkpt lat="45.92379" lon="6.85933">
        <ele>1160</ele>
        <time>2026-04-17T07:36:41+00:00</time>
      </trkpt>
      <trkpt lat="45.92379" lon="6.85894">
        <ele>1164</ele>
        <time>2026-04-17T07:36:44+00:00</time>
      </trkpt>
      <trkpt lat="45.92372" lon="6.85854">
        <ele>1167</ele>
        <time>2026-04-17T07:36:47+00:00</time>
      </trkpt>
      <trkpt lat="45.92373" lon="6.85833">
        <ele>1169</ele>
        <time>2026-04-17T07:36:50+00:00</time>
      </trkpt>
      <trkpt lat="45.92378" lon="6.85797">
        <ele>1172</ele>
        <time>2026-04-17T07:36:53+00:00</time>
      </trkpt>
      <trkpt lat="45.92373" lon="6.85739">
        <ele>1180</ele>
        <time>2026-04-17T07:36:56+00:00</time>
      </trkpt>
      <trkpt lat="45.92373" lon="6.85683">
        <ele>1190</ele>
        <time>2026-04-17T07:36:59+00:00</time>
      </trkpt>
      <trkpt lat="45.92377" lon="6.85641">
        <ele>1198</ele>
        <time>2026-04-17T07:37:02+00:00</time>
      </trkpt>
      <trkpt lat="45.92382" lon="6.85629">
        <ele>1206</ele>
        <time>2026-04-17T07:37:05+00:00</time>
      </trkpt>
      <trkpt lat="45.92402" lon="6.85637">
        <ele>1202</ele>
        <time>2026-04-17T07:37:08+00:00</time>
      </trkpt>
      <trkpt lat="45.92418" lon="6.85653">
        <ele>1207</ele>
        <time>2026-04-17T07:37:11+00:00</time>
      </trkpt>
      <trkpt lat="45.92453" lon="6.85674">
        <ele>1214</ele>
        <time>2026-04-17T07:37:14+00:00</time>
      </trkpt>
      <trkpt lat="45.92478" lon="6.85686">
        <ele>1217</ele>
        <time>2026-04-17T07:37:17+00:00</time>
      </trkpt>
      <trkpt lat="45.92512" lon="6.85702">
        <ele>1225</ele>
        <time>2026-04-17T07:37:20+00:00</time>
      </trkpt>
      <trkpt lat="45.92528" lon="6.85715">
        <ele>1224</ele>
        <time>2026-04-17T07:37:23+00:00</time>
      </trkpt>
      <trkpt lat="45.92544" lon="6.8572">
        <ele>1228</ele>
        <time>2026-04-17T07:37:26+00:00</time>
      </trkpt>
      <trkpt lat="45.92572" lon="6.85724">
        <ele>1237</ele>
        <time>2026-04-17T07:37:29+00:00</time>
      </trkpt>
      <trkpt lat="45.92581" lon="6.85719">
        <ele>1242</ele>
        <time>2026-04-17T07:37:32+00:00</time>
      </trkpt>
      <trkpt lat="45.92587" lon="6.85707">
        <ele>1244</ele>
        <time>2026-04-17T07:37:35+00:00</time>
      </trkpt>
      <trkpt lat="45.92572" lon="6.85662">
        <ele>1249</ele>
        <time>2026-04-17T07:37:38+00:00</time>
      </trkpt>
      <trkpt lat="45.92558" lon="6.85617">
        <ele>1254</ele>
        <time>2026-04-17T07:37:41+00:00</time>
      </trkpt>
      <trkpt lat="45.92532" lon="6.85537">
        <ele>1262</ele>
        <time>2026-04-17T07:37:44+00:00</time>
      </trkpt>
      <trkpt lat="45.925" lon="6.85493">
        <ele>1262</ele>
        <time>2026-04-17T07:37:47+00:00</time>
      </trkpt>
      <trkpt lat="45.9248" lon="6.85472">
        <ele>1265</ele>
        <time>2026-04-17T07:37:50+00:00</time>
      </trkpt>
      <trkpt lat="45.92462" lon="6.85467">
        <ele>1269</ele>
        <time>2026-04-17T07:37:53+00:00</time>
      </trkpt>
      <trkpt lat="45.92446" lon="6.85456">
        <ele>1265</ele>
        <time>2026-04-17T07:37:56+00:00</time>
      </trkpt>
      <trkpt lat="45.92424" lon="6.85447">
        <ele>1254</ele>
        <time>2026-04-17T07:37:59+00:00</time>
      </trkpt>
      <trkpt lat="45.92417" lon="6.85439">
        <ele>1249</ele>
        <time>2026-04-17T07:38:02+00:00</time>
      </trkpt>
      <trkpt lat="45.92415" lon="6.85426">
        <ele>1251</ele>
        <time>2026-04-17T07:38:05+00:00</time>
      </trkpt>
      <trkpt lat="45.92415" lon="6.854">
        <ele>1254</ele>
        <time>2026-04-17T07:38:08+00:00</time>
      </trkpt>
      <trkpt lat="45.92415" lon="6.85366">
        <ele>1252</ele>
        <time>2026-04-17T07:38:11+00:00</time>
      </trkpt>
      <trkpt lat="45.92412" lon="6.85355">
        <ele>1258</ele>
        <time>2026-04-17T07:38:14+00:00</time>
      </trkpt>
      <trkpt lat="45.92406" lon="6.85346">
        <ele>1258</ele>
        <time>2026-04-17T07:38:17+00:00</time>
      </trkpt>
      <trkpt lat="45.92388" lon="6.85336">
        <ele>1252</ele>
        <time>2026-04-17T07:38:20+00:00</time>
      </trkpt>
      <trkpt lat="45.92377" lon="6.85325">
        <ele>1245</ele>
        <time>2026-04-17T07:38:23+00:00</time>
      </trkpt>
      <trkpt lat="45.92371" lon="6.85303">
        <ele>1249</ele>
        <time>2026-04-17T07:38:26+00:00</time>
      </trkpt>
      <trkpt lat="45.92365" lon="6.85298">
        <ele>1253</ele>
        <time>2026-04-17T07:38:29+00:00</time>
      </trkpt>
      <trkpt lat="45.92342" lon="6.85291">
        <ele>1246</ele>
        <time>2026-04-17T07:38:32+00:00</time>
      </trkpt>
      <trkpt lat="45.92313" lon="6.85282">
        <ele>1243</ele>
        <time>2026-04-17T07:38:35+00:00</time>
      </trkpt>
      <trkpt lat="45.92289" lon="6.85285">
        <ele>1239</ele>
        <time>2026-04-17T07:38:38+00:00</time>
      </trkpt>
      <trkpt lat="45.92272" lon="6.85264">
        <ele>1235</ele>
        <time>2026-04-17T07:38:41+00:00</time>
      </trkpt>
      <trkpt lat="45.92249" lon="6.85249">
        <ele>1229</ele>
        <time>2026-04-17T07:38:44+00:00</time>
      </trkpt>
      <trkpt lat="45.92235" lon="6.85226">
        <ele>1224</ele>
        <time>2026-04-17T07:38:47+00:00</time>
      </trkpt>
      <trkpt lat="45.922" lon="6.85187">
        <ele>1223</ele>
        <time>2026-04-17T07:38:50+00:00</time>
      </trkpt>
      <trkpt lat="45.92182" lon="6.85155">
        <ele>1225</ele>
        <time>2026-04-17T07:38:53+00:00</time>
      </trkpt>
      <trkpt lat="45.92167" lon="6.85118">
        <ele>1223</ele>
        <time>2026-04-17T07:38:56+00:00</time>
      </trkpt>
      <trkpt lat="45.92163" lon="6.85118">
        <ele>1227</ele>
        <time>2026-04-17T07:38:59+00:00</time>
      </trkpt>
      <trkpt lat="45.92149" lon="6.8513">
        <ele>1222</ele>
        <time>2026-04-17T07:39:02+00:00</time>
      </trkpt>
      <trkpt lat="45.92143" lon="6.85139">
        <ele>1218</ele>
        <time>2026-04-17T07:39:05+00:00</time>
      </trkpt>
      <trkpt lat="45.92138" lon="6.8514">
        <ele>1216</ele>
        <time>2026-04-17T07:39:08+00:00</time>
      </trkpt>
      <trkpt lat="45.92116" lon="6.85127">
        <ele>1224</ele>
        <time>2026-04-17T07:39:11+00:00</time>
      </trkpt>
      <trkpt lat="45.92081" lon="6.85106">
        <ele>1223</ele>
        <time>2026-04-17T07:39:14+00:00</time>
      </trkpt>
      <trkpt lat="45.92063" lon="6.85092">
        <ele>1223</ele>
        <time>2026-04-17T07:39:17+00:00</time>
      </trkpt>
      <trkpt lat="45.92035" lon="6.85074">
        <ele>1220</ele>
        <time>2026-04-17T07:39:20+00:00</time>
      </trkpt>
      <trkpt lat="45.91982" lon="6.85039">
        <ele>1219</ele>
        <time>2026-04-17T07:39:23+00:00</time>
      </trkpt>
      <trkpt lat="45.91965" lon="6.85026">
        <ele>1219</ele>
        <time>2026-04-17T07:39:26+00:00</time>
      </trkpt>
      <trkpt lat="45.91941" lon="6.85016">
        <ele>1219</ele>
        <time>2026-04-17T07:39:29+00:00</time>
      </trkpt>
      <trkpt lat="45.91912" lon="6.85004">
        <ele>1219</ele>
        <time>2026-04-17T07:39:32+00:00</time>
      </trkpt>
      <trkpt lat="45.91902" lon="6.8499">
        <ele>1224</ele>
        <time>2026-04-17T07:39:35+00:00</time>
      </trkpt>
      <trkpt lat="45.91893" lon="6.84968">
        <ele>1213</ele>
        <time>2026-04-17T07:39:38+00:00</time>
      </trkpt>
      <trkpt lat="45.91859" lon="6.84933">
        <ele>1210</ele>
        <time>2026-04-17T07:39:41+00:00</time>
      </trkpt>
      <trkpt lat="45.91846" lon="6.84917">
        <ele>1212</ele>
        <time>2026-04-17T07:39:44+00:00</time>
      </trkpt>
      <trkpt lat="45.91834" lon="6.84894">
        <ele>1212</ele>
        <time>2026-04-17T07:39:47+00:00</time>
      </trkpt>
      <trkpt lat="45.91825" lon="6.84838">
        <ele>1211</ele>
        <time>2026-04-17T07:39:50+00:00</time>
      </trkpt>
      <trkpt lat="45.91817" lon="6.84819">
        <ele>1215</ele>
        <time>2026-04-17T07:39:53+00:00</time>
      </trkpt>
      <trkpt lat="45.9181" lon="6.84813">
        <ele>1210</ele>
        <time>2026-04-17T07:39:56+00:00</time>
      </trkpt>
      <trkpt lat="45.918" lon="6.84809">
        <ele>1209</ele>
        <time>2026-04-17T07:39:59+00:00</time>
      </trkpt>
      <trkpt lat="45.9178" lon="6.84827">
        <ele>1200</ele>
        <time>2026-04-17T07:40:02+00:00</time>
      </trkpt>
      <trkpt lat="45.91775" lon="6.84819">
        <ele>1189</ele>
        <time>2026-04-17T07:40:05+00:00</time>
      </trkpt>
      <trkpt lat="45.9177" lon="6.84791">
        <ele>1198</ele>
        <time>2026-04-17T07:40:08+00:00</time>
      </trkpt>
      <trkpt lat="45.91764" lon="6.84762">
        <ele>1197</ele>
        <time>2026-04-17T07:40:11+00:00</time>
      </trkpt>
      <trkpt lat="45.91751" lon="6.84751">
        <ele>1195</ele>
        <time>2026-04-17T07:40:14+00:00</time>
      </trkpt>
      <trkpt lat="45.91727" lon="6.84746">
        <ele>1186</ele>
        <time>2026-04-17T07:40:17+00:00</time>
      </trkpt>
      <trkpt lat="45.91711" lon="6.84726">
        <ele>1185</ele>
        <time>2026-04-17T07:40:20+00:00</time>
      </trkpt>
      <trkpt lat="45.91704" lon="6.84706">
        <ele>1182</ele>
        <time>2026-04-17T07:40:23+00:00</time>
      </trkpt>
      <trkpt lat="45.91703" lon="6.84691">
        <ele>1185</ele>
        <time>2026-04-17T07:40:26+00:00</time>
      </trkpt>
      <trkpt lat="45.91691" lon="6.84669">
        <ele>1180</ele>
        <time>2026-04-17T07:40:29+00:00</time>
      </trkpt>
      <trkpt lat="45.91668" lon="6.84641">
        <ele>1182</ele>
        <time>2026-04-17T07:40:32+00:00</time>
      </trkpt>
      <trkpt lat="45.91661" lon="6.84627">
        <ele>1179</ele>
        <time>2026-04-17T07:40:35+00:00</time>
      </trkpt>
      <trkpt lat="45.91661" lon="6.84609">
        <ele>1179</ele>
        <time>2026-04-17T07:40:38+00:00</time>
      </trkpt>
      <trkpt lat="45.91649" lon="6.84581">
        <ele>1181</ele>
        <time>2026-04-17T07:40:41+00:00</time>
      </trkpt>
      <trkpt lat="45.91633" lon="6.84557">
        <ele>1183</ele>
        <time>2026-04-17T07:40:44+00:00</time>
      </trkpt>
      <trkpt lat="45.91623" lon="6.84524">
        <ele>1186</ele>
        <time>2026-04-17T07:40:47+00:00</time>
      </trkpt>
      <trkpt lat="45.91592" lon="6.84482">
        <ele>1185</ele>
        <time>2026-04-17T07:40:50+00:00</time>
      </trkpt>
      <trkpt lat="45.91579" lon="6.8444">
        <ele>1189</ele>
        <time>2026-04-17T07:40:53+00:00</time>
      </trkpt>
      <trkpt lat="45.91602" lon="6.84472">
        <ele>1194</ele>
        <time>2026-04-17T07:40:56+00:00</time>
      </trkpt>
      <trkpt lat="45.91622" lon="6.8448">
        <ele>1197</ele>
        <time>2026-04-17T07:40:59+00:00</time>
      </trkpt>
      <trkpt lat="45.91621" lon="6.84474">
        <ele>1202</ele>
        <time>2026-04-17T07:41:02+00:00</time>
      </trkpt>
      <trkpt lat="45.9161" lon="6.84458">
        <ele>1200</ele>
        <time>2026-04-17T07:41:05+00:00</time>
      </trkpt>
      <trkpt lat="45.91596" lon="6.84421">
        <ele>1199</ele>
        <time>2026-04-17T07:41:08+00:00</time>
      </trkpt>
      <trkpt lat="45.9159" lon="6.84397">
        <ele>1197</ele>
        <time>2026-04-17T07:41:11+00:00</time>
      </trkpt>
      <trkpt lat="45.91588" lon="6.84382">
        <ele>1199</ele>
        <time>2026-04-17T07:41:14+00:00</time>
      </trkpt>
      <trkpt lat="45.91567" lon="6.84347">
        <ele>1200</ele>
        <time>2026-04-17T07:41:17+00:00</time>
      </trkpt>
      <trkpt lat="45.91547" lon="6.84305">
        <ele>1203</ele>
        <time>2026-04-17T07:41:20+00:00</time>
      </trkpt>
      <trkpt lat="45.91512" lon="6.8427">
        <ele>1203</ele>
        <time>2026-04-17T07:41:23+00:00</time>
      </trkpt>
      <trkpt lat="45.91506" lon="6.84259">
        <ele>1204</ele>
        <time>2026-04-17T07:41:26+00:00</time>
      </trkpt>
      <trkpt lat="45.91502" lon="6.84241">
        <ele>1203</ele>
        <time>2026-04-17T07:41:29+00:00</time>
      </trkpt>
      <trkpt lat="45.91506" lon="6.84179">
        <ele>1201</ele>
        <time>2026-04-17T07:41:32+00:00</time>
      </trkpt>
      <trkpt lat="45.91513" lon="6.84149">
        <ele>1199</ele>
        <time>2026-04-17T07:41:35+00:00</time>
      </trkpt>
      <trkpt lat="45.91513" lon="6.84139">
        <ele>1203</ele>
        <time>2026-04-17T07:41:38+00:00</time>
      </trkpt>
      <trkpt lat="45.91504" lon="6.84133">
        <ele>1199</ele>
        <time>2026-04-17T07:41:41+00:00</time>
      </trkpt>
      <trkpt lat="45.91492" lon="6.84118">
        <ele>1199</ele>
        <time>2026-04-17T07:41:44+00:00</time>
      </trkpt>
      <trkpt lat="45.91473" lon="6.8409">
        <ele>1197</ele>
        <time>2026-04-17T07:41:47+00:00</time>
      </trkpt>
      <trkpt lat="45.91474" lon="6.84139">
        <ele>1186</ele>
        <time>2026-04-17T07:41:50+00:00</time>
      </trkpt>
      <trkpt lat="45.91461" lon="6.84128">
        <ele>1180</ele>
        <time>2026-04-17T07:41:53+00:00</time>
      </trkpt>
      <trkpt lat="45.91447" lon="6.84101">
        <ele>1178</ele>
        <time>2026-04-17T07:41:56+00:00</time>
      </trkpt>
      <trkpt lat="45.9144" lon="6.84129">
        <ele>1170</ele>
        <time>2026-04-17T07:41:59+00:00</time>
      </trkpt>
      <trkpt lat="45.91438" lon="6.8415">
        <ele>1161</ele>
        <time>2026-04-17T07:42:02+00:00</time>
      </trkpt>
      <trkpt lat="45.9143" lon="6.84145">
        <ele>1157</ele>
        <time>2026-04-17T07:42:05+00:00</time>
      </trkpt>
      <trkpt lat="45.91429" lon="6.84156">
        <ele>1154</ele>
        <time>2026-04-17T07:42:08+00:00</time>
      </trkpt>
      <trkpt lat="45.91432" lon="6.84171">
        <ele>1151</ele>
        <time>2026-04-17T07:42:11+00:00</time>
      </trkpt>
      <trkpt lat="45.91406" lon="6.84159">
        <ele>1140</ele>
        <time>2026-04-17T07:42:14+00:00</time>
      </trkpt>
      <trkpt lat="45.91403" lon="6.84197">
        <ele>1131</ele>
        <time>2026-04-17T07:42:17+00:00</time>
      </trkpt>
      <trkpt lat="45.91401" lon="6.84206">
        <ele>1128</ele>
        <time>2026-04-17T07:42:20+00:00</time>
      </trkpt>
      <trkpt lat="45.91385" lon="6.84177">
        <ele>1129</ele>
        <time>2026-04-17T07:42:23+00:00</time>
      </trkpt>
      <trkpt lat="45.91362" lon="6.84132">
        <ele>1127</ele>
        <time>2026-04-17T07:42:26+00:00</time>
      </trkpt>
      <trkpt lat="45.91351" lon="6.84131">
        <ele>1123</ele>
        <time>2026-04-17T07:42:29+00:00</time>
      </trkpt>
      <trkpt lat="45.91322" lon="6.84136">
        <ele>1110</ele>
        <time>2026-04-17T07:42:32+00:00</time>
      </trkpt>
      <trkpt lat="45.91311" lon="6.84131">
        <ele>1108</ele>
        <time>2026-04-17T07:42:35+00:00</time>
      </trkpt>
      <trkpt lat="45.91292" lon="6.84116">
        <ele>1109</ele>
        <time>2026-04-17T07:42:38+00:00</time>
      </trkpt>
      <trkpt lat="45.9129" lon="6.84106">
        <ele>1107</ele>
        <time>2026-04-17T07:42:41+00:00</time>
      </trkpt>
      <trkpt lat="45.9128" lon="6.84101">
        <ele>1106</ele>
        <time>2026-04-17T07:42:44+00:00</time>
      </trkpt>
      <trkpt lat="45.91278" lon="6.84095">
        <ele>1114</ele>
        <time>2026-04-17T07:42:47+00:00</time>
      </trkpt>
      <trkpt lat="45.91278" lon="6.84096">
        <ele>1108</ele>
        <time>2026-04-17T07:42:50+00:00</time>
      </trkpt>
      <trkpt lat="45.91305" lon="6.84074">
        <ele>1119</ele>
        <time>2026-04-17T07:42:53+00:00</time>
      </trkpt>
      <trkpt lat="45.91308" lon="6.84067">
        <ele>1121</ele>
        <time>2026-04-17T07:42:56+00:00</time>
      </trkpt>
      <trkpt lat="45.9128" lon="6.84031">
        <ele>1125</ele>
        <time>2026-04-17T07:42:59+00:00</time>
      </trkpt>
      <trkpt lat="45.91273" lon="6.84007">
        <ele>1135</ele>
        <time>2026-04-17T07:43:02+00:00</time>
      </trkpt>
      <trkpt lat="45.9126" lon="6.83992">
        <ele>1136</ele>
        <time>2026-04-17T07:43:05+00:00</time>
      </trkpt>
      <trkpt lat="45.91245" lon="6.83974">
        <ele>1139</ele>
        <time>2026-04-17T07:43:08+00:00</time>
      </trkpt>
      <trkpt lat="45.91232" lon="6.8395">
        <ele>1141</ele>
        <time>2026-04-17T07:43:11+00:00</time>
      </trkpt>
      <trkpt lat="45.9123" lon="6.83922">
        <ele>1144</ele>
        <time>2026-04-17T07:43:14+00:00</time>
      </trkpt>
      <trkpt lat="45.91226" lon="6.83905">
        <ele>1146</ele>
        <time>2026-04-17T07:43:17+00:00</time>
      </trkpt>
      <trkpt lat="45.91227" lon="6.83886">
        <ele>1146</ele>
        <time>2026-04-17T07:43:20+00:00</time>
      </trkpt>
      <trkpt lat="45.91221" lon="6.8388">
        <ele>1150</ele>
        <time>2026-04-17T07:43:23+00:00</time>
      </trkpt>
      <trkpt lat="45.91216" lon="6.83869">
        <ele>1147</ele>
        <time>2026-04-17T07:43:26+00:00</time>
      </trkpt>
      <trkpt lat="45.91216" lon="6.83856">
        <ele>1148</ele>
        <time>2026-04-17T07:43:29+00:00</time>
      </trkpt>
      <trkpt lat="45.91222" lon="6.83836">
        <ele>1155</ele>
        <time>2026-04-17T07:43:32+00:00</time>
      </trkpt>
      <trkpt lat="45.91225" lon="6.83839">
        <ele>1155</ele>
        <time>2026-04-17T07:43:35+00:00</time>
      </trkpt>
      <trkpt lat="45.9123" lon="6.83859">
        <ele>1151</ele>
        <time>2026-04-17T07:43:38+00:00</time>
      </trkpt>
      <trkpt lat="45.91234" lon="6.8386">
        <ele>1159</ele>
        <time>2026-04-17T07:43:41+00:00</time>
      </trkpt>
      <trkpt lat="45.91236" lon="6.83829">
        <ele>1165</ele>
        <time>2026-04-17T07:43:44+00:00</time>
      </trkpt>
      <trkpt lat="45.91231" lon="6.83798">
        <ele>1174</ele>
        <time>2026-04-17T07:43:47+00:00</time>
      </trkpt>
      <trkpt lat="45.91223" lon="6.8378">
        <ele>1174</ele>
        <time>2026-04-17T07:43:50+00:00</time>
      </trkpt>
      <trkpt lat="45.9122" lon="6.83759">
        <ele>1175</ele>
        <time>2026-04-17T07:43:53+00:00</time>
      </trkpt>
      <trkpt lat="45.91221" lon="6.83755">
        <ele>1178</ele>
        <time>2026-04-17T07:43:56+00:00</time>
      </trkpt>
      <trkpt lat="45.91233" lon="6.83767">
        <ele>1184</ele>
        <time>2026-04-17T07:43:59+00:00</time>
      </trkpt>
      <trkpt lat="45.91257" lon="6.83784">
        <ele>1184</ele>
        <time>2026-04-17T07:44:02+00:00</time>
      </trkpt>
      <trkpt lat="45.91265" lon="6.83797">
        <ele>1185</ele>
        <time>2026-04-17T07:44:05+00:00</time>
      </trkpt>
      <trkpt lat="45.91281" lon="6.83797">
        <ele>1192</ele>
        <time>2026-04-17T07:44:08+00:00</time>
      </trkpt>
      <trkpt lat="45.91288" lon="6.838">
        <ele>1192</ele>
        <time>2026-04-17T07:44:11+00:00</time>
      </trkpt>
      <trkpt lat="45.91291" lon="6.83791">
        <ele>1197</ele>
        <time>2026-04-17T07:44:14+00:00</time>
      </trkpt>
      <trkpt lat="45.91288" lon="6.83777">
        <ele>1199</ele>
        <time>2026-04-17T07:44:17+00:00</time>
      </trkpt>
      <trkpt lat="45.9128" lon="6.83769">
        <ele>1198</ele>
        <time>2026-04-17T07:44:20+00:00</time>
      </trkpt>
      <trkpt lat="45.91275" lon="6.8376">
        <ele>1201</ele>
        <time>2026-04-17T07:44:23+00:00</time>
      </trkpt>
      <trkpt lat="45.91271" lon="6.8374">
        <ele>1205</ele>
        <time>2026-04-17T07:44:26+00:00</time>
      </trkpt>
      <trkpt lat="45.91272" lon="6.83721">
        <ele>1207</ele>
        <time>2026-04-17T07:44:29+00:00</time>
      </trkpt>
      <trkpt lat="45.91269" lon="6.83693">
        <ele>1211</ele>
        <time>2026-04-17T07:44:32+00:00</time>
      </trkpt>
      <trkpt lat="45.91265" lon="6.83658">
        <ele>1219</ele>
        <time>2026-04-17T07:44:35+00:00</time>
      </trkpt>
      <trkpt lat="45.91253" lon="6.83623">
        <ele>1226</ele>
        <time>2026-04-17T07:44:38+00:00</time>
      </trkpt>
      <trkpt lat="45.91236" lon="6.83601">
        <ele>1236</ele>
        <time>2026-04-17T07:44:41+00:00</time>
      </trkpt>
      <trkpt lat="45.91217" lon="6.8358">
        <ele>1248</ele>
        <time>2026-04-17T07:44:44+00:00</time>
      </trkpt>
      <trkpt lat="45.91203" lon="6.83559">
        <ele>1253</ele>
        <time>2026-04-17T07:44:47+00:00</time>
      </trkpt>
      <trkpt lat="45.9119" lon="6.83527">
        <ele>1263</ele>
        <time>2026-04-17T07:44:50+00:00</time>
      </trkpt>
      <trkpt lat="45.9118" lon="6.83511">
        <ele>1265</ele>
        <time>2026-04-17T07:44:53+00:00</time>
      </trkpt>
      <trkpt lat="45.91164" lon="6.83501">
        <ele>1266</ele>
        <time>2026-04-17T07:44:56+00:00</time>
      </trkpt>
      <trkpt lat="45.91146" lon="6.8349">
        <ele>1269</ele>
        <time>2026-04-17T07:44:59+00:00</time>
      </trkpt>
      <trkpt lat="45.91106" lon="6.83477">
        <ele>1273</ele>
        <time>2026-04-17T07:45:02+00:00</time>
      </trkpt>
      <trkpt lat="45.91101" lon="6.83471">
        <ele>1273</ele>
        <time>2026-04-17T07:45:05+00:00</time>
      </trkpt>
      <trkpt lat="45.91103" lon="6.83465">
        <ele>1283</ele>
        <time>2026-04-17T07:45:08+00:00</time>
      </trkpt>
      <trkpt lat="45.91131" lon="6.83451">
        <ele>1293</ele>
        <time>2026-04-17T07:45:11+00:00</time>
      </trkpt>
      <trkpt lat="45.91143" lon="6.8345">
        <ele>1300</ele>
        <time>2026-04-17T07:45:14+00:00</time>
      </trkpt>
      <trkpt lat="45.91154" lon="6.83453">
        <ele>1297</ele>
        <time>2026-04-17T07:45:17+00:00</time>
      </trkpt>
      <trkpt lat="45.91162" lon="6.83453">
        <ele>1298</ele>
        <time>2026-04-17T07:45:20+00:00</time>
      </trkpt>
      <trkpt lat="45.91166" lon="6.83445">
        <ele>1303</ele>
        <time>2026-04-17T07:45:23+00:00</time>
      </trkpt>
      <trkpt lat="45.91154" lon="6.83431">
        <ele>1306</ele>
        <time>2026-04-17T07:45:26+00:00</time>
      </trkpt>
      <trkpt lat="45.91145" lon="6.83428">
        <ele>1309</ele>
        <time>2026-04-17T07:45:29+00:00</time>
      </trkpt>
      <trkpt lat="45.91141" lon="6.83421">
        <ele>1309</ele>
        <time>2026-04-17T07:45:32+00:00</time>
      </trkpt>
      <trkpt lat="45.91124" lon="6.83406">
        <ele>1318</ele>
        <time>2026-04-17T07:45:35+00:00</time>
      </trkpt>
      <trkpt lat="45.91107" lon="6.83398">
        <ele>1320</ele>
        <time>2026-04-17T07:45:38+00:00</time>
      </trkpt>
      <trkpt lat="45.91091" lon="6.83386">
        <ele>1321</ele>
        <time>2026-04-17T07:45:41+00:00</time>
      </trkpt>
      <trkpt lat="45.9108" lon="6.83364">
        <ele>1321</ele>
        <time>2026-04-17T07:45:44+00:00</time>
      </trkpt>
      <trkpt lat="45.9107" lon="6.83302">
        <ele>1328</ele>
        <time>2026-04-17T07:45:47+00:00</time>
      </trkpt>
      <trkpt lat="45.9106" lon="6.83277">
        <ele>1331</ele>
        <time>2026-04-17T07:45:50+00:00</time>
      </trkpt>
      <trkpt lat="45.91046" lon="6.83216">
        <ele>1344</ele>
        <time>2026-04-17T07:45:53+00:00</time>
      </trkpt>
      <trkpt lat="45.91032" lon="6.83185">
        <ele>1343</ele>
        <time>2026-04-17T07:45:56+00:00</time>
      </trkpt>
      <trkpt lat="45.91026" lon="6.83176">
        <ele>1342</ele>
        <time>2026-04-17T07:45:59+00:00</time>
      </trkpt>
      <trkpt lat="45.91025" lon="6.83151">
        <ele>1344</ele>
        <time>2026-04-17T07:46:02+00:00</time>
      </trkpt>
      <trkpt lat="45.91037" lon="6.8313">
        <ele>1345</ele>
        <time>2026-04-17T07:46:05+00:00</time>
      </trkpt>
      <trkpt lat="45.91046" lon="6.83102">
        <ele>1347</ele>
        <time>2026-04-17T07:46:08+00:00</time>
      </trkpt>
      <trkpt lat="45.91048" lon="6.8308">
        <ele>1347</ele>
        <time>2026-04-17T07:46:11+00:00</time>
      </trkpt>
      <trkpt lat="45.91045" lon="6.83059">
        <ele>1353</ele>
        <time>2026-04-17T07:46:14+00:00</time>
      </trkpt>
      <trkpt lat="45.91035" lon="6.83037">
        <ele>1365</ele>
        <time>2026-04-17T07:46:17+00:00</time>
      </trkpt>
      <trkpt lat="45.91008" lon="6.83026">
        <ele>1365</ele>
        <time>2026-04-17T07:46:20+00:00</time>
      </trkpt>
      <trkpt lat="45.90994" lon="6.82998">
        <ele>1369</ele>
        <time>2026-04-17T07:46:23+00:00</time>
      </trkpt>
      <trkpt lat="45.90998" lon="6.82975">
        <ele>1371</ele>
        <time>2026-04-17T07:46:26+00:00</time>
      </trkpt>
      <trkpt lat="45.90997" lon="6.82957">
        <ele>1373</ele>
        <time>2026-04-17T07:46:29+00:00</time>
      </trkpt>
      <trkpt lat="45.90998" lon="6.82949">
        <ele>1375</ele>
        <time>2026-04-17T07:46:32+00:00</time>
      </trkpt>
      <trkpt lat="45.91003" lon="6.82951">
        <ele>1379</ele>
        <time>2026-04-17T07:46:35+00:00</time>
      </trkpt>
      <trkpt lat="45.91021" lon="6.82988">
        <ele>1384</ele>
        <time>2026-04-17T07:46:38+00:00</time>
      </trkpt>
      <trkpt lat="45.91026" lon="6.82987">
        <ele>1384</ele>
        <time>2026-04-17T07:46:41+00:00</time>
      </trkpt>
      <trkpt lat="45.91027" lon="6.82982">
        <ele>1384</ele>
        <time>2026-04-17T07:46:44+00:00</time>
      </trkpt>
      <trkpt lat="45.91022" lon="6.82953">
        <ele>1391</ele>
        <time>2026-04-17T07:46:47+00:00</time>
      </trkpt>
      <trkpt lat="45.9101" lon="6.82926">
        <ele>1390</ele>
        <time>2026-04-17T07:46:50+00:00</time>
      </trkpt>
      <trkpt lat="45.90994" lon="6.82911">
        <ele>1390</ele>
        <time>2026-04-17T07:46:53+00:00</time>
      </trkpt>
      <trkpt lat="45.90984" lon="6.82886">
        <ele>1393</ele>
        <time>2026-04-17T07:46:56+00:00</time>
      </trkpt>
      <trkpt lat="45.90979" lon="6.82867">
        <ele>1395</ele>
        <time>2026-04-17T07:46:59+00:00</time>
      </trkpt>
      <trkpt lat="45.90966" lon="6.82857">
        <ele>1396</ele>
        <time>2026-04-17T07:47:02+00:00</time>
      </trkpt>
      <trkpt lat="45.90945" lon="6.82824">
        <ele>1398</ele>
        <time>2026-04-17T07:47:05+00:00</time>
      </trkpt>
      <trkpt lat="45.90936" lon="6.82801">
        <ele>1399</ele>
        <time>2026-04-17T07:47:08+00:00</time>
      </trkpt>
      <trkpt lat="45.90935" lon="6.82786">
        <ele>1404</ele>
        <time>2026-04-17T07:47:11+00:00</time>
      </trkpt>
      <trkpt lat="45.90942" lon="6.82763">
        <ele>1415</ele>
        <time>2026-04-17T07:47:14+00:00</time>
      </trkpt>
      <trkpt lat="45.90934" lon="6.8273">
        <ele>1416</ele>
        <time>2026-04-17T07:47:17+00:00</time>
      </trkpt>
      <trkpt lat="45.90921" lon="6.82671">
        <ele>1424</ele>
        <time>2026-04-17T07:47:20+00:00</time>
      </trkpt>
      <trkpt lat="45.90906" lon="6.82645">
        <ele>1426</ele>
        <time>2026-04-17T07:47:23+00:00</time>
      </trkpt>
      <trkpt lat="45.9089" lon="6.82618">
        <ele>1432</ele>
        <time>2026-04-17T07:47:26+00:00</time>
      </trkpt>
      <trkpt lat="45.90881" lon="6.82582">
        <ele>1435</ele>
        <time>2026-04-17T07:47:29+00:00</time>
      </trkpt>
      <trkpt lat="45.90861" lon="6.82551">
        <ele>1439</ele>
        <time>2026-04-17T07:47:32+00:00</time>
      </trkpt>
      <trkpt lat="45.90861" lon="6.82552">
        <ele>1439</ele>
        <time>2026-04-17T07:47:35+00:00</time>
      </trkpt>
      <trkpt lat="45.90861" lon="6.82536">
        <ele>1441</ele>
        <time>2026-04-17T07:47:38+00:00</time>
      </trkpt>
      <trkpt lat="45.90869" lon="6.82497">
        <ele>1442</ele>
        <time>2026-04-17T07:47:41+00:00</time>
      </trkpt>
      <trkpt lat="45.9087" lon="6.82472">
        <ele>1441</ele>
        <time>2026-04-17T07:47:44+00:00</time>
      </trkpt>
      <trkpt lat="45.90875" lon="6.82447">
        <ele>1454</ele>
        <time>2026-04-17T07:47:47+00:00</time>
      </trkpt>
      <trkpt lat="45.90882" lon="6.82415">
        <ele>1457</ele>
        <time>2026-04-17T07:47:50+00:00</time>
      </trkpt>
      <trkpt lat="45.90885" lon="6.82412">
        <ele>1457</ele>
        <time>2026-04-17T07:47:53+00:00</time>
      </trkpt>
      <trkpt lat="45.90887" lon="6.82416">
        <ele>1457</ele>
        <time>2026-04-17T07:47:56+00:00</time>
      </trkpt>
      <trkpt lat="45.90889" lon="6.82445">
        <ele>1462</ele>
        <time>2026-04-17T07:47:59+00:00</time>
      </trkpt>
      <trkpt lat="45.90891" lon="6.82474">
        <ele>1470</ele>
        <time>2026-04-17T07:48:02+00:00</time>
      </trkpt>
      <trkpt lat="45.90897" lon="6.82479">
        <ele>1470</ele>
        <time>2026-04-17T07:48:05+00:00</time>
      </trkpt>
      <trkpt lat="45.90902" lon="6.82475">
        <ele>1477</ele>
        <time>2026-04-17T07:48:08+00:00</time>
      </trkpt>
      <trkpt lat="45.90904" lon="6.82445">
        <ele>1477</ele>
        <time>2026-04-17T07:48:11+00:00</time>
      </trkpt>
      <trkpt lat="45.90921" lon="6.82392">
        <ele>1488</ele>
        <time>2026-04-17T07:48:14+00:00</time>
      </trkpt>
      <trkpt lat="45.90936" lon="6.82361">
        <ele>1482</ele>
        <time>2026-04-17T07:48:17+00:00</time>
      </trkpt>
      <trkpt lat="45.90955" lon="6.82323">
        <ele>1477</ele>
        <time>2026-04-17T07:48:20+00:00</time>
      </trkpt>
      <trkpt lat="45.90967" lon="6.82311">
        <ele>1470</ele>
        <time>2026-04-17T07:48:23+00:00</time>
      </trkpt>
      <trkpt lat="45.90979" lon="6.8229">
        <ele>1480</ele>
        <time>2026-04-17T07:48:26+00:00</time>
      </trkpt>
      <trkpt lat="45.90993" lon="6.82266">
        <ele>1483</ele>
        <time>2026-04-17T07:48:29+00:00</time>
      </trkpt>
      <trkpt lat="45.90988" lon="6.82247">
        <ele>1485</ele>
        <time>2026-04-17T07:48:32+00:00</time>
      </trkpt>
      <trkpt lat="45.90972" lon="6.82235">
        <ele>1487</ele>
        <time>2026-04-17T07:48:35+00:00</time>
      </trkpt>
      <trkpt lat="45.90953" lon="6.82221">
        <ele>1487</ele>
        <time>2026-04-17T07:48:38+00:00</time>
      </trkpt>
      <trkpt lat="45.90935" lon="6.8222">
        <ele>1489</ele>
        <time>2026-04-17T07:48:41+00:00</time>
      </trkpt>
      <trkpt lat="45.90925" lon="6.82206">
        <ele>1494</ele>
        <time>2026-04-17T07:48:44+00:00</time>
      </trkpt>
      <trkpt lat="45.90913" lon="6.82205">
        <ele>1494</ele>
        <time>2026-04-17T07:48:47+00:00</time>
      </trkpt>
      <trkpt lat="45.90893" lon="6.82194">
        <ele>1510</ele>
        <time>2026-04-17T07:48:50+00:00</time>
      </trkpt>
      <trkpt lat="45.90853" lon="6.82201">
        <ele>1513</ele>
        <time>2026-04-17T07:48:53+00:00</time>
      </trkpt>
      <trkpt lat="45.90851" lon="6.82188">
        <ele>1524</ele>
        <time>2026-04-17T07:48:56+00:00</time>
      </trkpt>
      <trkpt lat="45.90857" lon="6.82184">
        <ele>1524</ele>
        <time>2026-04-17T07:48:59+00:00</time>
      </trkpt>
      <trkpt lat="45.90869" lon="6.82147">
        <ele>1532</ele>
        <time>2026-04-17T07:49:02+00:00</time>
      </trkpt>
      <trkpt lat="45.90892" lon="6.82136">
        <ele>1538</ele>
        <time>2026-04-17T07:49:05+00:00</time>
      </trkpt>
      <trkpt lat="45.90916" lon="6.82125">
        <ele>1542</ele>
        <time>2026-04-17T07:49:08+00:00</time>
      </trkpt>
      <trkpt lat="45.90935" lon="6.82108">
        <ele>1551</ele>
        <time>2026-04-17T07:49:11+00:00</time>
      </trkpt>
      <trkpt lat="45.90973" lon="6.82111">
        <ele>1547</ele>
        <time>2026-04-17T07:49:14+00:00</time>
      </trkpt>
      <trkpt lat="45.90999" lon="6.82155">
        <ele>1561</ele>
        <time>2026-04-17T07:49:17+00:00</time>
      </trkpt>
      <trkpt lat="45.91002" lon="6.8215">
        <ele>1554</ele>
        <time>2026-04-17T07:49:20+00:00</time>
      </trkpt>
      <trkpt lat="45.91002" lon="6.82132">
        <ele>1566</ele>
        <time>2026-04-17T07:49:23+00:00</time>
      </trkpt>
      <trkpt lat="45.90993" lon="6.82109">
        <ele>1575</ele>
        <time>2026-04-17T07:49:26+00:00</time>
      </trkpt>
      <trkpt lat="45.90982" lon="6.8208">
        <ele>1577</ele>
        <time>2026-04-17T07:49:29+00:00</time>
      </trkpt>
      <trkpt lat="45.90985" lon="6.82069">
        <ele>1579</ele>
        <time>2026-04-17T07:49:32+00:00</time>
      </trkpt>
      <trkpt lat="45.91005" lon="6.82084">
        <ele>1586</ele>
        <time>2026-04-17T07:49:35+00:00</time>
      </trkpt>
      <trkpt lat="45.91022" lon="6.82084">
        <ele>1596</ele>
        <time>2026-04-17T07:49:38+00:00</time>
      </trkpt>
      <trkpt lat="45.91022" lon="6.82065">
        <ele>1602</ele>
        <time>2026-04-17T07:49:41+00:00</time>
      </trkpt>
      <trkpt lat="45.91032" lon="6.82067">
        <ele>1607</ele>
        <time>2026-04-17T07:49:44+00:00</time>
      </trkpt>
      <trkpt lat="45.91034" lon="6.8205">
        <ele>1610</ele>
        <time>2026-04-17T07:49:47+00:00</time>
      </trkpt>
      <trkpt lat="45.91047" lon="6.82053">
        <ele>1614</ele>
        <time>2026-04-17T07:49:50+00:00</time>
      </trkpt>
      <trkpt lat="45.91057" lon="6.82073">
        <ele>1619</ele>
        <time>2026-04-17T07:49:53+00:00</time>
      </trkpt>
      <trkpt lat="45.91072" lon="6.82086">
        <ele>1621</ele>
        <time>2026-04-17T07:49:56+00:00</time>
      </trkpt>
      <trkpt lat="45.91068" lon="6.82068">
        <ele>1626</ele>
        <time>2026-04-17T07:49:59+00:00</time>
      </trkpt>
      <trkpt lat="45.91085" lon="6.82053">
        <ele>1638</ele>
        <time>2026-04-17T07:50:02+00:00</time>
      </trkpt>
      <trkpt lat="45.91084" lon="6.82038">
        <ele>1643</ele>
        <time>2026-04-17T07:50:05+00:00</time>
      </trkpt>
      <trkpt lat="45.91076" lon="6.82017">
        <ele>1639</ele>
        <time>2026-04-17T07:50:08+00:00</time>
      </trkpt>
      <trkpt lat="45.91052" lon="6.81965">
        <ele>1636</ele>
        <time>2026-04-17T07:50:11+00:00</time>
      </trkpt>
      <trkpt lat="45.91032" lon="6.81941">
        <ele>1634</ele>
        <time>2026-04-17T07:50:14+00:00</time>
      </trkpt>
      <trkpt lat="45.91008" lon="6.81912">
        <ele>1633</ele>
        <time>2026-04-17T07:50:17+00:00</time>
      </trkpt>
      <trkpt lat="45.91001" lon="6.8189">
        <ele>1637</ele>
        <time>2026-04-17T07:50:20+00:00</time>
      </trkpt>
      <trkpt lat="45.90991" lon="6.81872">
        <ele>1632</ele>
        <time>2026-04-17T07:50:23+00:00</time>
      </trkpt>
      <trkpt lat="45.90991" lon="6.8186">
        <ele>1636</ele>
        <time>2026-04-17T07:50:26+00:00</time>
      </trkpt>
      <trkpt lat="45.90986" lon="6.81817">
        <ele>1630</ele>
        <time>2026-04-17T07:50:29+00:00</time>
      </trkpt>
      <trkpt lat="45.90974" lon="6.81791">
        <ele>1626</ele>
        <time>2026-04-17T07:50:32+00:00</time>
      </trkpt>
      <trkpt lat="45.90967" lon="6.81768">
        <ele>1624</ele>
        <time>2026-04-17T07:50:35+00:00</time>
      </trkpt>
      <trkpt lat="45.90956" lon="6.81744">
        <ele>1621</ele>
        <time>2026-04-17T07:50:38+00:00</time>
      </trkpt>
      <trkpt lat="45.9094" lon="6.81711">
        <ele>1616</ele>
        <time>2026-04-17T07:50:41+00:00</time>
      </trkpt>
      <trkpt lat="45.9093" lon="6.81695">
        <ele>1609</ele>
        <time>2026-04-17T07:50:44+00:00</time>
      </trkpt>
      <trkpt lat="45.90922" lon="6.81689">
        <ele>1610</ele>
        <time>2026-04-17T07:50:47+00:00</time>
      </trkpt>
      <trkpt lat="45.90913" lon="6.81656">
        <ele>1605</ele>
        <time>2026-04-17T07:50:50+00:00</time>
      </trkpt>
      <trkpt lat="45.90904" lon="6.8162">
        <ele>1599</ele>
        <time>2026-04-17T07:50:53+00:00</time>
      </trkpt>
      <trkpt lat="45.90887" lon="6.8158">
        <ele>1591</ele>
        <time>2026-04-17T07:50:56+00:00</time>
      </trkpt>
      <trkpt lat="45.90866" lon="6.81541">
        <ele>1579</ele>
        <time>2026-04-17T07:50:59+00:00</time>
      </trkpt>
      <trkpt lat="45.90861" lon="6.81535">
        <ele>1579</ele>
        <time>2026-04-17T07:51:02+00:00</time>
      </trkpt>
      <trkpt lat="45.90848" lon="6.81532">
        <ele>1569</ele>
        <time>2026-04-17T07:51:05+00:00</time>
      </trkpt>
      <trkpt lat="45.90839" lon="6.81512">
        <ele>1566</ele>
        <time>2026-04-17T07:51:08+00:00</time>
      </trkpt>
      <trkpt lat="45.90828" lon="6.81496">
        <ele>1562</ele>
        <time>2026-04-17T07:51:11+00:00</time>
      </trkpt>
      <trkpt lat="45.90816" lon="6.81479">
        <ele>1556</ele>
        <time>2026-04-17T07:51:14+00:00</time>
      </trkpt>
      <trkpt lat="45.90812" lon="6.81433">
        <ele>1555</ele>
        <time>2026-04-17T07:51:17+00:00</time>
      </trkpt>
      <trkpt lat="45.90793" lon="6.81401">
        <ele>1542</ele>
        <time>2026-04-17T07:51:20+00:00</time>
      </trkpt>
      <trkpt lat="45.9078" lon="6.81397">
        <ele>1531</ele>
        <time>2026-04-17T07:51:23+00:00</time>
      </trkpt>
      <trkpt lat="45.90762" lon="6.81397">
        <ele>1525</ele>
        <time>2026-04-17T07:51:26+00:00</time>
      </trkpt>
      <trkpt lat="45.90747" lon="6.81373">
        <ele>1508</ele>
        <time>2026-04-17T07:51:29+00:00</time>
      </trkpt>
      <trkpt lat="45.90739" lon="6.81341">
        <ele>1508</ele>
        <time>2026-04-17T07:51:32+00:00</time>
      </trkpt>
      <trkpt lat="45.90747" lon="6.81307">
        <ele>1509</ele>
        <time>2026-04-17T07:51:35+00:00</time>
      </trkpt>
      <trkpt lat="45.90745" lon="6.81272">
        <ele>1508</ele>
        <time>2026-04-17T07:51:38+00:00</time>
      </trkpt>
      <trkpt lat="45.9073" lon="6.81231">
        <ele>1513</ele>
        <time>2026-04-17T07:51:41+00:00</time>
      </trkpt>
      <trkpt lat="45.90733" lon="6.81188">
        <ele>1511</ele>
        <time>2026-04-17T07:51:44+00:00</time>
      </trkpt>
      <trkpt lat="45.9073" lon="6.81144">
        <ele>1513</ele>
        <time>2026-04-17T07:51:47+00:00</time>
      </trkpt>
      <trkpt lat="45.90724" lon="6.81057">
        <ele>1516</ele>
        <time>2026-04-17T07:51:50+00:00</time>
      </trkpt>
      <trkpt lat="45.90724" lon="6.81017">
        <ele>1519</ele>
        <time>2026-04-17T07:51:53+00:00</time>
      </trkpt>
      <trkpt lat="45.90727" lon="6.80954">
        <ele>1522</ele>
        <time>2026-04-17T07:51:56+00:00</time>
      </trkpt>
      <trkpt lat="45.90722" lon="6.80891">
        <ele>1528</ele>
        <time>2026-04-17T07:51:59+00:00</time>
      </trkpt>
      <trkpt lat="45.90724" lon="6.80852">
        <ele>1528</ele>
        <time>2026-04-17T07:52:02+00:00</time>
      </trkpt>
      <trkpt lat="45.90727" lon="6.80801">
        <ele>1526</ele>
        <time>2026-04-17T07:52:05+00:00</time>
      </trkpt>
      <trkpt lat="45.90727" lon="6.80758">
        <ele>1524</ele>
        <time>2026-04-17T07:52:08+00:00</time>
      </trkpt>
      <trkpt lat="45.90727" lon="6.80684">
        <ele>1524</ele>
        <time>2026-04-17T07:52:11+00:00</time>
      </trkpt>
      <trkpt lat="45.90733" lon="6.80663">
        <ele>1523</ele>
        <time>2026-04-17T07:52:14+00:00</time>
      </trkpt>
      <trkpt lat="45.90733" lon="6.80622">
        <ele>1523</ele>
        <time>2026-04-17T07:52:17+00:00</time>
      </trkpt>
      <trkpt lat="45.90728" lon="6.80595">
        <ele>1523</ele>
        <time>2026-04-17T07:52:20+00:00</time>
      </trkpt>
      <trkpt lat="45.90725" lon="6.80555">
        <ele>1524</ele>
        <time>2026-04-17T07:52:23+00:00</time>
      </trkpt>
      <trkpt lat="45.90722" lon="6.80497">
        <ele>1523</ele>
        <time>2026-04-17T07:52:26+00:00</time>
      </trkpt>
      <trkpt lat="45.90715" lon="6.80452">
        <ele>1523</ele>
        <time>2026-04-17T07:52:29+00:00</time>
      </trkpt>
      <trkpt lat="45.90713" lon="6.80413">
        <ele>1521</ele>
        <time>2026-04-17T07:52:32+00:00</time>
      </trkpt>
      <trkpt lat="45.90729" lon="6.80364">
        <ele>1521</ele>
        <time>2026-04-17T07:52:35+00:00</time>
      </trkpt>
      <trkpt lat="45.90734" lon="6.80326">
        <ele>1523</ele>
        <time>2026-04-17T07:52:38+00:00</time>
      </trkpt>
      <trkpt lat="45.90742" lon="6.80274">
        <ele>1523</ele>
        <time>2026-04-17T07:52:41+00:00</time>
      </trkpt>
      <trkpt lat="45.90759" lon="6.80246">
        <ele>1528</ele>
        <time>2026-04-17T07:52:44+00:00</time>
      </trkpt>
      <trkpt lat="45.90775" lon="6.80209">
        <ele>1527</ele>
        <time>2026-04-17T07:52:47+00:00</time>
      </trkpt>
      <trkpt lat="45.90771" lon="6.80158">
        <ele>1527</ele>
        <time>2026-04-17T07:52:50+00:00</time>
      </trkpt>
      <trkpt lat="45.90778" lon="6.80136">
        <ele>1523</ele>
        <time>2026-04-17T07:52:53+00:00</time>
      </trkpt>
      <trkpt lat="45.90785" lon="6.80109">
        <ele>1521</ele>
        <time>2026-04-17T07:52:56+00:00</time>
      </trkpt>
      <trkpt lat="45.90794" lon="6.80072">
        <ele>1517</ele>
        <time>2026-04-17T07:52:59+00:00</time>
      </trkpt>
      <trkpt lat="45.90801" lon="6.80062">
        <ele>1519</ele>
        <time>2026-04-17T07:53:02+00:00</time>
      </trkpt>
      <trkpt lat="45.90807" lon="6.80037">
        <ele>1515</ele>
        <time>2026-04-17T07:53:05+00:00</time>
      </trkpt>
      <trkpt lat="45.90814" lon="6.80012">
        <ele>1514</ele>
        <time>2026-04-17T07:53:08+00:00</time>
      </trkpt>
      <trkpt lat="45.90813" lon="6.80007">
        <ele>1512</ele>
        <time>2026-04-17T07:53:11+00:00</time>
      </trkpt>
      <trkpt lat="45.90807" lon="6.80006">
        <ele>1503</ele>
        <time>2026-04-17T07:53:14+00:00</time>
      </trkpt>
      <trkpt lat="45.90792" lon="6.80009">
        <ele>1498</ele>
        <time>2026-04-17T07:53:17+00:00</time>
      </trkpt>
      <trkpt lat="45.90787" lon="6.80006">
        <ele>1493</ele>
        <time>2026-04-17T07:53:20+00:00</time>
      </trkpt>
      <trkpt lat="45.90801" lon="6.79971">
        <ele>1496</ele>
        <time>2026-04-17T07:53:23+00:00</time>
      </trkpt>
      <trkpt lat="45.90826" lon="6.7991">
        <ele>1489</ele>
        <time>2026-04-17T07:53:26+00:00</time>
      </trkpt>
      <trkpt lat="45.90841" lon="6.79882">
        <ele>1488</ele>
        <time>2026-04-17T07:53:29+00:00</time>
      </trkpt>
      <trkpt lat="45.90858" lon="6.7985">
        <ele>1481</ele>
        <time>2026-04-17T07:53:32+00:00</time>
      </trkpt>
      <trkpt lat="45.90868" lon="6.79806">
        <ele>1479</ele>
        <time>2026-04-17T07:53:35+00:00</time>
      </trkpt>
      <trkpt lat="45.90873" lon="6.79774">
        <ele>1477</ele>
        <time>2026-04-17T07:53:38+00:00</time>
      </trkpt>
      <trkpt lat="45.90883" lon="6.79735">
        <ele>1472</ele>
        <time>2026-04-17T07:53:41+00:00</time>
      </trkpt>
      <trkpt lat="45.90901" lon="6.79669">
        <ele>1460</ele>
        <time>2026-04-17T07:53:44+00:00</time>
      </trkpt>
      <trkpt lat="45.90914" lon="6.79629">
        <ele>1456</ele>
        <time>2026-04-17T07:53:47+00:00</time>
      </trkpt>
      <trkpt lat="45.90927" lon="6.79608">
        <ele>1454</ele>
        <time>2026-04-17T07:53:50+00:00</time>
      </trkpt>
      <trkpt lat="45.90933" lon="6.79592">
        <ele>1458</ele>
        <time>2026-04-17T07:53:53+00:00</time>
      </trkpt>
      <trkpt lat="45.90936" lon="6.79578">
        <ele>1453</ele>
        <time>2026-04-17T07:53:56+00:00</time>
      </trkpt>
      <trkpt lat="45.90935" lon="6.79564">
        <ele>1450</ele>
        <time>2026-04-17T07:53:59+00:00</time>
      </trkpt>
      <trkpt lat="45.90937" lon="6.79513">
        <ele>1441</ele>
        <time>2026-04-17T07:54:02+00:00</time>
      </trkpt>
      <trkpt lat="45.90933" lon="6.79498">
        <ele>1438</ele>
        <time>2026-04-17T07:54:05+00:00</time>
      </trkpt>
      <trkpt lat="45.90934" lon="6.7947">
        <ele>1437</ele>
        <time>2026-04-17T07:54:08+00:00</time>
      </trkpt>
      <trkpt lat="45.90941" lon="6.79452">
        <ele>1434</ele>
        <time>2026-04-17T07:54:11+00:00</time>
      </trkpt>
      <trkpt lat="45.90959" lon="6.79423">
        <ele>1434</ele>
        <time>2026-04-17T07:54:14+00:00</time>
      </trkpt>
      <trkpt lat="45.90963" lon="6.79381">
        <ele>1434</ele>
        <time>2026-04-17T07:54:17+00:00</time>
      </trkpt>
      <trkpt lat="45.9097" lon="6.79361">
        <ele>1433</ele>
        <time>2026-04-17T07:54:20+00:00</time>
      </trkpt>
      <trkpt lat="45.90971" lon="6.79337">
        <ele>1434</ele>
        <time>2026-04-17T07:54:23+00:00</time>
      </trkpt>
      <trkpt lat="45.90958" lon="6.793">
        <ele>1431</ele>
        <time>2026-04-17T07:54:26+00:00</time>
      </trkpt>
      <trkpt lat="45.90959" lon="6.79277">
        <ele>1428</ele>
        <time>2026-04-17T07:54:29+00:00</time>
      </trkpt>
      <trkpt lat="45.9095" lon="6.79244">
        <ele>1431</ele>
        <time>2026-04-17T07:54:32+00:00</time>
      </trkpt>
      <trkpt lat="45.90944" lon="6.79204">
        <ele>1432</ele>
        <time>2026-04-17T07:54:35+00:00</time>
      </trkpt>
      <trkpt lat="45.90949" lon="6.79164">
        <ele>1438</ele>
        <time>2026-04-17T07:54:38+00:00</time>
      </trkpt>
      <trkpt lat="45.90957" lon="6.79102">
        <ele>1447</ele>
        <time>2026-04-17T07:54:41+00:00</time>
      </trkpt>
      <trkpt lat="45.90967" lon="6.79101">
        <ele>1449</ele>
        <time>2026-04-17T07:54:44+00:00</time>
      </trkpt>
      <trkpt lat="45.90983" lon="6.7908">
        <ele>1453</ele>
        <time>2026-04-17T07:54:47+00:00</time>
      </trkpt>
      <trkpt lat="45.91003" lon="6.79055">
        <ele>1458</ele>
        <time>2026-04-17T07:54:50+00:00</time>
      </trkpt>
      <trkpt lat="45.91021" lon="6.79025">
        <ele>1461</ele>
        <time>2026-04-17T07:54:53+00:00</time>
      </trkpt>
      <trkpt lat="45.91046" lon="6.78982">
        <ele>1462</ele>
        <time>2026-04-17T07:54:56+00:00</time>
      </trkpt>
      <trkpt lat="45.91084" lon="6.78964">
        <ele>1473</ele>
        <time>2026-04-17T07:54:59+00:00</time>
      </trkpt>
      <trkpt lat="45.91109" lon="6.78947">
        <ele>1475</ele>
        <time>2026-04-17T07:55:02+00:00</time>
      </trkpt>
      <trkpt lat="45.91138" lon="6.7893">
        <ele>1478</ele>
        <time>2026-04-17T07:55:05+00:00</time>
      </trkpt>
      <trkpt lat="45.91168" lon="6.78913">
        <ele>1480</ele>
        <time>2026-04-17T07:55:08+00:00</time>
      </trkpt>
      <trkpt lat="45.91201" lon="6.78894">
        <ele>1479</ele>
        <time>2026-04-17T07:55:11+00:00</time>
      </trkpt>
      <trkpt lat="45.9121" lon="6.78875">
        <ele>1480</ele>
        <time>2026-04-17T07:55:14+00:00</time>
      </trkpt>
      <trkpt lat="45.91219" lon="6.7885">
        <ele>1478</ele>
        <time>2026-04-17T07:55:17+00:00</time>
      </trkpt>
      <trkpt lat="45.9123" lon="6.78817">
        <ele>1477</ele>
        <time>2026-04-17T07:55:20+00:00</time>
      </trkpt>
      <trkpt lat="45.91228" lon="6.78804">
        <ele>1477</ele>
        <time>2026-04-17T07:55:23+00:00</time>
      </trkpt>
      <trkpt lat="45.91216" lon="6.78775">
        <ele>1476</ele>
        <time>2026-04-17T07:55:26+00:00</time>
      </trkpt>
      <trkpt lat="45.912" lon="6.78734">
        <ele>1473</ele>
        <time>2026-04-17T07:55:29+00:00</time>
      </trkpt>
      <trkpt lat="45.91194" lon="6.78724">
        <ele>1473</ele>
        <time>2026-04-17T07:55:32+00:00</time>
      </trkpt>
      <trkpt lat="45.91175" lon="6.78715">
        <ele>1469</ele>
        <time>2026-04-17T07:55:35+00:00</time>
      </trkpt>
      <trkpt lat="45.91153" lon="6.78698">
        <ele>1462</ele>
        <time>2026-04-17T07:55:38+00:00</time>
      </trkpt>
      <trkpt lat="45.91141" lon="6.78684">
        <ele>1461</ele>
        <time>2026-04-17T07:55:41+00:00</time>
      </trkpt>
      <trkpt lat="45.91128" lon="6.78661">
        <ele>1458</ele>
        <time>2026-04-17T07:55:44+00:00</time>
      </trkpt>
      <trkpt lat="45.91121" lon="6.78653">
        <ele>1459</ele>
        <time>2026-04-17T07:55:47+00:00</time>
      </trkpt>
      <trkpt lat="45.91105" lon="6.78621">
        <ele>1455</ele>
        <time>2026-04-17T07:55:50+00:00</time>
      </trkpt>
      <trkpt lat="45.91102" lon="6.78592">
        <ele>1455</ele>
        <time>2026-04-17T07:55:53+00:00</time>
      </trkpt>
      <trkpt lat="45.91104" lon="6.7857">
        <ele>1451</ele>
        <time>2026-04-17T07:55:56+00:00</time>
      </trkpt>
      <trkpt lat="45.91115" lon="6.78548">
        <ele>1452</ele>
        <time>2026-04-17T07:55:59+00:00</time>
      </trkpt>
      <trkpt lat="45.91129" lon="6.78521">
        <ele>1451</ele>
        <time>2026-04-17T07:56:02+00:00</time>
      </trkpt>
      <trkpt lat="45.91128" lon="6.78522">
        <ele>1451</ele>
        <time>2026-04-17T07:56:05+00:00</time>
      </trkpt>
      <trkpt lat="45.91149" lon="6.78497">
        <ele>1449</ele>
        <time>2026-04-17T07:56:08+00:00</time>
      </trkpt>
      <trkpt lat="45.91163" lon="6.78474">
        <ele>1450</ele>
        <time>2026-04-17T07:56:11+00:00</time>
      </trkpt>
      <trkpt lat="45.9118" lon="6.7845">
        <ele>1446</ele>
        <time>2026-04-17T07:56:14+00:00</time>
      </trkpt>
      <trkpt lat="45.91199" lon="6.78425">
        <ele>1443</ele>
        <time>2026-04-17T07:56:17+00:00</time>
      </trkpt>
      <trkpt lat="45.91232" lon="6.78391">
        <ele>1443</ele>
        <time>2026-04-17T07:56:20+00:00</time>
      </trkpt>
      <trkpt lat="45.9127" lon="6.78361">
        <ele>1433</ele>
        <time>2026-04-17T07:56:23+00:00</time>
      </trkpt>
      <trkpt lat="45.91296" lon="6.78306">
        <ele>1418</ele>
        <time>2026-04-17T07:56:26+00:00</time>
      </trkpt>
      <trkpt lat="45.91325" lon="6.78272">
        <ele>1412</ele>
        <time>2026-04-17T07:56:29+00:00</time>
      </trkpt>
      <trkpt lat="45.9135" lon="6.78255">
        <ele>1404</ele>
        <time>2026-04-17T07:56:32+00:00</time>
      </trkpt>
      <trkpt lat="45.91385" lon="6.7823">
        <ele>1398</ele>
        <time>2026-04-17T07:56:35+00:00</time>
      </trkpt>
      <trkpt lat="45.91409" lon="6.78217">
        <ele>1396</ele>
        <time>2026-04-17T07:56:38+00:00</time>
      </trkpt>
      <trkpt lat="45.9144" lon="6.78201">
        <ele>1393</ele>
        <time>2026-04-17T07:56:41+00:00</time>
      </trkpt>
      <trkpt lat="45.91464" lon="6.78202">
        <ele>1392</ele>
        <time>2026-04-17T07:56:44+00:00</time>
      </trkpt>
      <trkpt lat="45.91491" lon="6.78203">
        <ele>1390</ele>
        <time>2026-04-17T07:56:47+00:00</time>
      </trkpt>
      <trkpt lat="45.91506" lon="6.78174">
        <ele>1374</ele>
        <time>2026-04-17T07:56:50+00:00</time>
      </trkpt>
      <trkpt lat="45.91527" lon="6.78167">
        <ele>1368</ele>
        <time>2026-04-17T07:56:53+00:00</time>
      </trkpt>
      <trkpt lat="45.91545" lon="6.78145">
        <ele>1359</ele>
        <time>2026-04-17T07:56:56+00:00</time>
      </trkpt>
      <trkpt lat="45.91575" lon="6.78139">
        <ele>1349</ele>
        <time>2026-04-17T07:56:59+00:00</time>
      </trkpt>
      <trkpt lat="45.9161" lon="6.78122">
        <ele>1341</ele>
        <time>2026-04-17T07:57:02+00:00</time>
      </trkpt>
      <trkpt lat="45.91645" lon="6.78105">
        <ele>1330</ele>
        <time>2026-04-17T07:57:05+00:00</time>
      </trkpt>
      <trkpt lat="45.9168" lon="6.78088">
        <ele>1317</ele>
        <time>2026-04-17T07:57:08+00:00</time>
      </trkpt>
      <trkpt lat="45.91741" lon="6.78059">
        <ele>1292</ele>
        <time>2026-04-17T07:57:11+00:00</time>
      </trkpt>
      <trkpt lat="45.91786" lon="6.78042">
        <ele>1283</ele>
        <time>2026-04-17T07:57:14+00:00</time>
      </trkpt>
      <trkpt lat="45.91811" lon="6.78034">
        <ele>1277</ele>
        <time>2026-04-17T07:57:17+00:00</time>
      </trkpt>
      <trkpt lat="45.91832" lon="6.78012">
        <ele>1262</ele>
        <time>2026-04-17T07:57:20+00:00</time>
      </trkpt>
      <trkpt lat="45.91861" lon="6.77989">
        <ele>1256</ele>
        <time>2026-04-17T07:57:23+00:00</time>
      </trkpt>
      <trkpt lat="45.9189" lon="6.77956">
        <ele>1247</ele>
        <time>2026-04-17T07:57:26+00:00</time>
      </trkpt>
      <trkpt lat="45.91917" lon="6.7793">
        <ele>1246</ele>
        <time>2026-04-17T07:57:29+00:00</time>
      </trkpt>
      <trkpt lat="45.91946" lon="6.77917">
        <ele>1241</ele>
        <time>2026-04-17T07:57:32+00:00</time>
      </trkpt>
      <trkpt lat="45.91975" lon="6.77906">
        <ele>1238</ele>
        <time>2026-04-17T07:57:35+00:00</time>
      </trkpt>
      <trkpt lat="45.92029" lon="6.77886">
        <ele>1223</ele>
        <time>2026-04-17T07:57:38+00:00</time>
      </trkpt>
      <trkpt lat="45.92058" lon="6.77872">
        <ele>1216</ele>
        <time>2026-04-17T07:57:41+00:00</time>
      </trkpt>
      <trkpt lat="45.92088" lon="6.77864">
        <ele>1208</ele>
        <time>2026-04-17T07:57:44+00:00</time>
      </trkpt>
      <trkpt lat="45.92146" lon="6.77848">
        <ele>1193</ele>
        <time>2026-04-17T07:57:47+00:00</time>
      </trkpt>
      <trkpt lat="45.9217" lon="6.7784">
        <ele>1190</ele>
        <time>2026-04-17T07:57:50+00:00</time>
      </trkpt>
      <trkpt lat="45.92197" lon="6.77832">
        <ele>1179</ele>
        <time>2026-04-17T07:57:53+00:00</time>
      </trkpt>
      <trkpt lat="45.92228" lon="6.77819">
        <ele>1169</ele>
        <time>2026-04-17T07:57:56+00:00</time>
      </trkpt>
      <trkpt lat="45.92258" lon="6.77806">
        <ele>1163</ele>
        <time>2026-04-17T07:57:59+00:00</time>
      </trkpt>
      <trkpt lat="45.92294" lon="6.77791">
        <ele>1153</ele>
        <time>2026-04-17T07:58:02+00:00</time>
      </trkpt>
      <trkpt lat="45.92316" lon="6.77786">
        <ele>1146</ele>
        <time>2026-04-17T07:58:05+00:00</time>
      </trkpt>
      <trkpt lat="45.92346" lon="6.7777">
        <ele>1134</ele>
        <time>2026-04-17T07:58:08+00:00</time>
      </trkpt>
      <trkpt lat="45.92376" lon="6.77761">
        <ele>1128</ele>
        <time>2026-04-17T07:58:11+00:00</time>
      </trkpt>
      <trkpt lat="45.92398" lon="6.77761">
        <ele>1126</ele>
        <time>2026-04-17T07:58:14+00:00</time>
      </trkpt>
      <trkpt lat="45.92425" lon="6.7776">
        <ele>1124</ele>
        <time>2026-04-17T07:58:17+00:00</time>
      </trkpt>
      <trkpt lat="45.9246" lon="6.77766">
        <ele>1120</ele>
        <time>2026-04-17T07:58:20+00:00</time>
      </trkpt>
      <trkpt lat="45.92484" lon="6.77754">
        <ele>1116</ele>
        <time>2026-04-17T07:58:23+00:00</time>
      </trkpt>
      <trkpt lat="45.92507" lon="6.77745">
        <ele>1111</ele>
        <time>2026-04-17T07:58:26+00:00</time>
      </trkpt>
      <trkpt lat="45.92531" lon="6.77736">
        <ele>1105</ele>
        <time>2026-04-17T07:58:29+00:00</time>
      </trkpt>
      <trkpt lat="45.92571" lon="6.77736">
        <ele>1099</ele>
        <time>2026-04-17T07:58:32+00:00</time>
      </trkpt>
      <trkpt lat="45.92594" lon="6.77732">
        <ele>1096</ele>
        <time>2026-04-17T07:58:35+00:00</time>
      </trkpt>
      <trkpt lat="45.92618" lon="6.77728">
        <ele>1089</ele>
        <time>2026-04-17T07:58:38+00:00</time>
      </trkpt>
      <trkpt lat="45.92651" lon="6.77722">
        <ele>1088</ele>
        <time>2026-04-17T07:58:41+00:00</time>
      </trkpt>
      <trkpt lat="45.92677" lon="6.77703">
        <ele>1072</ele>
        <time>2026-04-17T07:58:44+00:00</time>
      </trkpt>
      <trkpt lat="45.92693" lon="6.77692">
        <ele>1064</ele>
        <time>2026-04-17T07:58:47+00:00</time>
      </trkpt>
      <trkpt lat="45.92688" lon="6.7768">
        <ele>1064</ele>
        <time>2026-04-17T07:58:50+00:00</time>
      </trkpt>
      <trkpt lat="45.92659" lon="6.77673">
        <ele>1057</ele>
        <time>2026-04-17T07:58:53+00:00</time>
      </trkpt>
      <trkpt lat="45.92625" lon="6.77667">
        <ele>1060</ele>
        <time>2026-04-17T07:58:56+00:00</time>
      </trkpt>
      <trkpt lat="45.92593" lon="6.77662">
        <ele>1056</ele>
        <time>2026-04-17T07:58:59+00:00</time>
      </trkpt>
      <trkpt lat="45.92558" lon="6.77637">
        <ele>1053</ele>
        <time>2026-04-17T07:59:02+00:00</time>
      </trkpt>
      <trkpt lat="45.92525" lon="6.77618">
        <ele>1041</ele>
        <time>2026-04-17T07:59:05+00:00</time>
      </trkpt>
      <trkpt lat="45.9249" lon="6.77611">
        <ele>1039</ele>
        <time>2026-04-17T07:59:08+00:00</time>
      </trkpt>
      <trkpt lat="45.92457" lon="6.77595">
        <ele>1030</ele>
        <time>2026-04-17T07:59:11+00:00</time>
      </trkpt>
      <trkpt lat="45.9243" lon="6.77591">
        <ele>1022</ele>
        <time>2026-04-17T07:59:14+00:00</time>
      </trkpt>
      <trkpt lat="45.92393" lon="6.77585">
        <ele>1017</ele>
        <time>2026-04-17T07:59:17+00:00</time>
      </trkpt>
      <trkpt lat="45.92355" lon="6.77581">
        <ele>1017</ele>
        <time>2026-04-17T07:59:20+00:00</time>
      </trkpt>
      <trkpt lat="45.9231" lon="6.77572">
        <ele>1013</ele>
        <time>2026-04-17T07:59:23+00:00</time>
      </trkpt>
      <trkpt lat="45.92265" lon="6.77561">
        <ele>1010</ele>
        <time>2026-04-17T07:59:26+00:00</time>
      </trkpt>
      <trkpt lat="45.92235" lon="6.77542">
        <ele>1004</ele>
        <time>2026-04-17T07:59:29+00:00</time>
      </trkpt>
      <trkpt lat="45.92209" lon="6.77531">
        <ele>998</ele>
        <time>2026-04-17T07:59:32+00:00</time>
      </trkpt>
      <trkpt lat="45.9218" lon="6.77511">
        <ele>995</ele>
        <time>2026-04-17T07:59:35+00:00</time>
      </trkpt>
      <trkpt lat="45.92165" lon="6.77476">
        <ele>994</ele>
        <time>2026-04-17T07:59:38+00:00</time>
      </trkpt>
      <trkpt lat="45.92181" lon="6.77428">
        <ele>993</ele>
        <time>2026-04-17T07:59:41+00:00</time>
      </trkpt>
      <trkpt lat="45.92226" lon="6.77425">
        <ele>974</ele>
        <time>2026-04-17T07:59:44+00:00</time>
      </trkpt>
      <trkpt lat="45.92249" lon="6.77416">
        <ele>965</ele>
        <time>2026-04-17T07:59:47+00:00</time>
      </trkpt>
      <trkpt lat="45.92273" lon="6.77372">
        <ele>946</ele>
        <time>2026-04-17T07:59:50+00:00</time>
      </trkpt>
      <trkpt lat="45.92287" lon="6.77367">
        <ele>941</ele>
        <time>2026-04-17T07:59:53+00:00</time>
      </trkpt>
      <trkpt lat="45.92298" lon="6.7735">
        <ele>933</ele>
        <time>2026-04-17T07:59:56+00:00</time>
      </trkpt>
      <trkpt lat="45.92291" lon="6.77311">
        <ele>928</ele>
        <time>2026-04-17T07:59:59+00:00</time>
      </trkpt>
      <trkpt lat="45.92332" lon="6.77319">
        <ele>918</ele>
        <time>2026-04-17T08:00:02+00:00</time>
      </trkpt>
      <trkpt lat="45.92369" lon="6.77314">
        <ele>913</ele>
        <time>2026-04-17T08:00:05+00:00</time>
      </trkpt>
      <trkpt lat="45.92397" lon="6.77291">
        <ele>903</ele>
        <time>2026-04-17T08:00:08+00:00</time>
      </trkpt>
      <trkpt lat="45.92421" lon="6.77287">
        <ele>895</ele>
        <time>2026-04-17T08:00:11+00:00</time>
      </trkpt>
      <trkpt lat="45.92447" lon="6.77282">
        <ele>891</ele>
        <time>2026-04-17T08:00:14+00:00</time>
      </trkpt>
      <trkpt lat="45.92481" lon="6.77258">
        <ele>881</ele>
        <time>2026-04-17T08:00:17+00:00</time>
      </trkpt>
      <trkpt lat="45.92502" lon="6.77249">
        <ele>877</ele>
        <time>2026-04-17T08:00:20+00:00</time>
      </trkpt>
      <trkpt lat="45.92525" lon="6.77234">
        <ele>874</ele>
        <time>2026-04-17T08:00:23+00:00</time>
      </trkpt>
      <trkpt lat="45.92536" lon="6.77216">
        <ele>865</ele>
        <time>2026-04-17T08:00:26+00:00</time>
      </trkpt>
      <trkpt lat="45.9254" lon="6.77195">
        <ele>858</ele>
        <time>2026-04-17T08:00:29+00:00</time>
      </trkpt>
      <trkpt lat="45.92559" lon="6.77177">
        <ele>848</ele>
        <time>2026-04-17T08:00:32+00:00</time>
      </trkpt>
      <trkpt lat="45.92576" lon="6.77173">
        <ele>846</ele>
        <time>2026-04-17T08:00:35+00:00</time>
      </trkpt>
      <trkpt lat="45.92586" lon="6.77162">
        <ele>836</ele>
        <time>2026-04-17T08:00:38+00:00</time>
      </trkpt>
      <trkpt lat="45.9259" lon="6.77145">
        <ele>828</ele>
        <time>2026-04-17T08:00:41+00:00</time>
      </trkpt>
      <trkpt lat="45.92611" lon="6.77142">
        <ele>825</ele>
        <time>2026-04-17T08:00:44+00:00</time>
      </trkpt>
      <trkpt lat="45.92638" lon="6.77139">
        <ele>820</ele>
        <time>2026-04-17T08:00:47+00:00</time>
      </trkpt>
      <trkpt lat="45.92655" lon="6.77127">
        <ele>817</ele>
        <time>2026-04-17T08:00:50+00:00</time>
      </trkpt>
      <trkpt lat="45.92658" lon="6.77119">
        <ele>816</ele>
        <time>2026-04-17T08:00:53+00:00</time>
      </trkpt>
      <trkpt lat="45.92679" lon="6.77124">
        <ele>816</ele>
        <time>2026-04-17T08:00:56+00:00</time>
      </trkpt>
      <trkpt lat="45.92702" lon="6.77129">
        <ele>814</ele>
        <time>2026-04-17T08:00:59+00:00</time>
      </trkpt>
      <trkpt lat="45.9273" lon="6.77134">
        <ele>814</ele>
        <time>2026-04-17T08:01:02+00:00</time>
      </trkpt>
      <trkpt lat="45.92774" lon="6.77143">
        <ele>813</ele>
        <time>2026-04-17T08:01:05+00:00</time>
      </trkpt>
      <trkpt lat="45.92804" lon="6.77148">
        <ele>812</ele>
        <time>2026-04-17T08:01:08+00:00</time>
      </trkpt>
      <trkpt lat="45.92859" lon="6.77159">
        <ele>812</ele>
        <time>2026-04-17T08:01:11+00:00</time>
      </trkpt>
      <trkpt lat="45.92901" lon="6.77151">
        <ele>813</ele>
        <time>2026-04-17T08:01:14+00:00</time>
      </trkpt>
      <trkpt lat="45.92927" lon="6.77136">
        <ele>815</ele>
        <time>2026-04-17T08:01:17+00:00</time>
      </trkpt>
      <trkpt lat="45.92951" lon="6.77105">
        <ele>815</ele>
        <time>2026-04-17T08:01:20+00:00</time>
      </trkpt>
      <trkpt lat="45.92975" lon="6.77074">
        <ele>815</ele>
        <time>2026-04-17T08:01:23+00:00</time>
      </trkpt>
      <trkpt lat="45.93005" lon="6.77037">
        <ele>815</ele>
        <time>2026-04-17T08:01:26+00:00</time>
      </trkpt>
      <trkpt lat="45.93026" lon="6.77007">
        <ele>815</ele>
        <time>2026-04-17T08:01:29+00:00</time>
      </trkpt>
      <trkpt lat="45.93054" lon="6.76974">
        <ele>815</ele>
        <time>2026-04-17T08:01:32+00:00</time>
      </trkpt>
      <trkpt lat="45.93066" lon="6.76953">
        <ele>814</ele>
        <time>2026-04-17T08:01:35+00:00</time>
      </trkpt>
      <trkpt lat="45.93073" lon="6.76936">
        <ele>814</ele>
        <time>2026-04-17T08:01:38+00:00</time>
      </trkpt>
      <trkpt lat="45.93089" lon="6.76948">
        <ele>814</ele>
        <time>2026-04-17T08:01:41+00:00</time>
      </trkpt>
      <trkpt lat="45.93107" lon="6.76962">
        <ele>816</ele>
        <time>2026-04-17T08:01:44+00:00</time>
      </trkpt>
      <trkpt lat="45.93135" lon="6.76964">
        <ele>817</ele>
        <time>2026-04-17T08:01:47+00:00</time>
      </trkpt>
      <trkpt lat="45.93177" lon="6.76966">
        <ele>817</ele>
        <time>2026-04-17T08:01:50+00:00</time>
      </trkpt>
      <trkpt lat="45.93196" lon="6.76971">
        <ele>818</ele>
        <time>2026-04-17T08:01:53+00:00</time>
      </trkpt>
      <trkpt lat="45.93207" lon="6.7702">
        <ele>823</ele>
        <time>2026-04-17T08:01:56+00:00</time>
      </trkpt>
      <trkpt lat="45.93206" lon="6.77025">
        <ele>826</ele>
        <time>2026-04-17T08:01:59+00:00</time>
      </trkpt>
      <trkpt lat="45.93203" lon="6.77029">
        <ele>826</ele>
        <time>2026-04-17T08:02:02+00:00</time>
      </trkpt>
      <trkpt lat="45.93184" lon="6.77039">
        <ele>826</ele>
        <time>2026-04-17T08:02:05+00:00</time>
      </trkpt>
      <trkpt lat="45.93167" lon="6.77063">
        <ele>834</ele>
        <time>2026-04-17T08:02:08+00:00</time>
      </trkpt>
      <trkpt lat="45.93166" lon="6.77069">
        <ele>834</ele>
        <time>2026-04-17T08:02:11+00:00</time>
      </trkpt>
      <trkpt lat="45.93169" lon="6.77071">
        <ele>838</ele>
        <time>2026-04-17T08:02:14+00:00</time>
      </trkpt>
      <trkpt lat="45.93182" lon="6.7707">
        <ele>841</ele>
        <time>2026-04-17T08:02:17+00:00</time>
      </trkpt>
      <trkpt lat="45.93182" lon="6.77075">
        <ele>846</ele>
        <time>2026-04-17T08:02:20+00:00</time>
      </trkpt>
      <trkpt lat="45.93158" lon="6.7709">
        <ele>844</ele>
        <time>2026-04-17T08:02:23+00:00</time>
      </trkpt>
      <trkpt lat="45.93126" lon="6.77111">
        <ele>850</ele>
        <time>2026-04-17T08:02:26+00:00</time>
      </trkpt>
      <trkpt lat="45.93125" lon="6.77116">
        <ele>850</ele>
        <time>2026-04-17T08:02:29+00:00</time>
      </trkpt>
      <trkpt lat="45.93127" lon="6.7712">
        <ele>850</ele>
        <time>2026-04-17T08:02:32+00:00</time>
      </trkpt>
      <trkpt lat="45.93131" lon="6.77121">
        <ele>856</ele>
        <time>2026-04-17T08:02:35+00:00</time>
      </trkpt>
      <trkpt lat="45.93164" lon="6.77112">
        <ele>858</ele>
        <time>2026-04-17T08:02:38+00:00</time>
      </trkpt>
      <trkpt lat="45.93189" lon="6.77107">
        <ele>858</ele>
        <time>2026-04-17T08:02:41+00:00</time>
      </trkpt>
      <trkpt lat="45.93203" lon="6.77097">
        <ele>859</ele>
        <time>2026-04-17T08:02:44+00:00</time>
      </trkpt>
      <trkpt lat="45.93216" lon="6.77097">
        <ele>862</ele>
        <time>2026-04-17T08:02:47+00:00</time>
      </trkpt>
      <trkpt lat="45.93249" lon="6.77117">
        <ele>875</ele>
        <time>2026-04-17T08:02:50+00:00</time>
      </trkpt>
      <trkpt lat="45.9325" lon="6.77125">
        <ele>877</ele>
        <time>2026-04-17T08:02:53+00:00</time>
      </trkpt>
      <trkpt lat="45.93237" lon="6.77149">
        <ele>880</ele>
        <time>2026-04-17T08:02:56+00:00</time>
      </trkpt>
      <trkpt lat="45.93212" lon="6.77174">
        <ele>884</ele>
        <time>2026-04-17T08:02:59+00:00</time>
      </trkpt>
      <trkpt lat="45.93164" lon="6.77221">
        <ele>893</ele>
        <time>2026-04-17T08:03:02+00:00</time>
      </trkpt>
      <trkpt lat="45.93144" lon="6.77223">
        <ele>894</ele>
        <time>2026-04-17T08:03:05+00:00</time>
      </trkpt>
      <trkpt lat="45.93125" lon="6.77239">
        <ele>896</ele>
        <time>2026-04-17T08:03:08+00:00</time>
      </trkpt>
      <trkpt lat="45.93117" lon="6.77237">
        <ele>903</ele>
        <time>2026-04-17T08:03:11+00:00</time>
      </trkpt>
      <trkpt lat="45.93106" lon="6.7723">
        <ele>898</ele>
        <time>2026-04-17T08:03:14+00:00</time>
      </trkpt>
      <trkpt lat="45.93098" lon="6.77232">
        <ele>905</ele>
        <time>2026-04-17T08:03:17+00:00</time>
      </trkpt>
      <trkpt lat="45.93116" lon="6.77252">
        <ele>908</ele>
        <time>2026-04-17T08:03:20+00:00</time>
      </trkpt>
      <trkpt lat="45.93139" lon="6.77278">
        <ele>909</ele>
        <time>2026-04-17T08:03:23+00:00</time>
      </trkpt>
      <trkpt lat="45.93141" lon="6.77282">
        <ele>909</ele>
        <time>2026-04-17T08:03:26+00:00</time>
      </trkpt>
      <trkpt lat="45.93136" lon="6.77293">
        <ele>914</ele>
        <time>2026-04-17T08:03:29+00:00</time>
      </trkpt>
      <trkpt lat="45.93105" lon="6.77291">
        <ele>922</ele>
        <time>2026-04-17T08:03:32+00:00</time>
      </trkpt>
      <trkpt lat="45.93088" lon="6.77297">
        <ele>926</ele>
        <time>2026-04-17T08:03:35+00:00</time>
      </trkpt>
      <trkpt lat="45.93077" lon="6.77323">
        <ele>931</ele>
        <time>2026-04-17T08:03:38+00:00</time>
      </trkpt>
      <trkpt lat="45.9306" lon="6.77364">
        <ele>937</ele>
        <time>2026-04-17T08:03:41+00:00</time>
      </trkpt>
      <trkpt lat="45.93051" lon="6.77374">
        <ele>937</ele>
        <time>2026-04-17T08:03:44+00:00</time>
      </trkpt>
      <trkpt lat="45.9303" lon="6.77373">
        <ele>941</ele>
        <time>2026-04-17T08:03:47+00:00</time>
      </trkpt>
      <trkpt lat="45.93005" lon="6.77371">
        <ele>944</ele>
        <time>2026-04-17T08:03:50+00:00</time>
      </trkpt>
      <trkpt lat="45.92993" lon="6.77377">
        <ele>946</ele>
        <time>2026-04-17T08:03:53+00:00</time>
      </trkpt>
      <trkpt lat="45.92984" lon="6.7737">
        <ele>947</ele>
        <time>2026-04-17T08:03:56+00:00</time>
      </trkpt>
      <trkpt lat="45.92974" lon="6.77371">
        <ele>949</ele>
        <time>2026-04-17T08:03:59+00:00</time>
      </trkpt>
      <trkpt lat="45.92967" lon="6.7738">
        <ele>948</ele>
        <time>2026-04-17T08:04:02+00:00</time>
      </trkpt>
      <trkpt lat="45.92967" lon="6.77401">
        <ele>954</ele>
        <time>2026-04-17T08:04:05+00:00</time>
      </trkpt>
      <trkpt lat="45.92954" lon="6.77427">
        <ele>963</ele>
        <time>2026-04-17T08:04:08+00:00</time>
      </trkpt>
      <trkpt lat="45.9295" lon="6.77443">
        <ele>969</ele>
        <time>2026-04-17T08:04:11+00:00</time>
      </trkpt>
      <trkpt lat="45.92943" lon="6.77471">
        <ele>974</ele>
        <time>2026-04-17T08:04:14+00:00</time>
      </trkpt>
      <trkpt lat="45.92921" lon="6.77479">
        <ele>978</ele>
        <time>2026-04-17T08:04:17+00:00</time>
      </trkpt>
      <trkpt lat="45.92919" lon="6.77514">
        <ele>990</ele>
        <time>2026-04-17T08:04:20+00:00</time>
      </trkpt>
      <trkpt lat="45.92888" lon="6.77504">
        <ele>990</ele>
        <time>2026-04-17T08:04:23+00:00</time>
      </trkpt>
      <trkpt lat="45.9288" lon="6.77503">
        <ele>991</ele>
        <time>2026-04-17T08:04:26+00:00</time>
      </trkpt>
      <trkpt lat="45.92874" lon="6.77507">
        <ele>991</ele>
        <time>2026-04-17T08:04:29+00:00</time>
      </trkpt>
      <trkpt lat="45.9287" lon="6.77513">
        <ele>996</ele>
        <time>2026-04-17T08:04:32+00:00</time>
      </trkpt>
      <trkpt lat="45.92871" lon="6.7752">
        <ele>994</ele>
        <time>2026-04-17T08:04:35+00:00</time>
      </trkpt>
      <trkpt lat="45.92877" lon="6.77532">
        <ele>1000</ele>
        <time>2026-04-17T08:04:38+00:00</time>
      </trkpt>
      <trkpt lat="45.92892" lon="6.77546">
        <ele>1001</ele>
        <time>2026-04-17T08:04:41+00:00</time>
      </trkpt>
      <trkpt lat="45.92897" lon="6.77558">
        <ele>1004</ele>
        <time>2026-04-17T08:04:44+00:00</time>
      </trkpt>
      <trkpt lat="45.92875" lon="6.77544">
        <ele>1005</ele>
        <time>2026-04-17T08:04:47+00:00</time>
      </trkpt>
      <trkpt lat="45.92866" lon="6.77551">
        <ele>1012</ele>
        <time>2026-04-17T08:04:50+00:00</time>
      </trkpt>
      <trkpt lat="45.9286" lon="6.77568">
        <ele>1016</ele>
        <time>2026-04-17T08:04:53+00:00</time>
      </trkpt>
      <trkpt lat="45.92849" lon="6.77566">
        <ele>1018</ele>
        <time>2026-04-17T08:04:56+00:00</time>
      </trkpt>
      <trkpt lat="45.92861" lon="6.77592">
        <ele>1022</ele>
        <time>2026-04-17T08:04:59+00:00</time>
      </trkpt>
      <trkpt lat="45.92877" lon="6.77628">
        <ele>1031</ele>
        <time>2026-04-17T08:05:02+00:00</time>
      </trkpt>
      <trkpt lat="45.92879" lon="6.77642">
        <ele>1036</ele>
        <time>2026-04-17T08:05:05+00:00</time>
      </trkpt>
      <trkpt lat="45.92874" lon="6.7768">
        <ele>1047</ele>
        <time>2026-04-17T08:05:08+00:00</time>
      </trkpt>
      <trkpt lat="45.92872" lon="6.77712">
        <ele>1058</ele>
        <time>2026-04-17T08:05:11+00:00</time>
      </trkpt>
      <trkpt lat="45.92859" lon="6.77725">
        <ele>1068</ele>
        <time>2026-04-17T08:05:14+00:00</time>
      </trkpt>
      <trkpt lat="45.92856" lon="6.77762">
        <ele>1080</ele>
        <time>2026-04-17T08:05:17+00:00</time>
      </trkpt>
      <trkpt lat="45.92861" lon="6.77794">
        <ele>1087</ele>
        <time>2026-04-17T08:05:20+00:00</time>
      </trkpt>
      <trkpt lat="45.92859" lon="6.77803">
        <ele>1091</ele>
        <time>2026-04-17T08:05:23+00:00</time>
      </trkpt>
      <trkpt lat="45.92845" lon="6.77825">
        <ele>1097</ele>
        <time>2026-04-17T08:05:26+00:00</time>
      </trkpt>
      <trkpt lat="45.92838" lon="6.77859">
        <ele>1105</ele>
        <time>2026-04-17T08:05:29+00:00</time>
      </trkpt>
      <trkpt lat="45.9284" lon="6.77872">
        <ele>1108</ele>
        <time>2026-04-17T08:05:32+00:00</time>
      </trkpt>
      <trkpt lat="45.92854" lon="6.77894">
        <ele>1109</ele>
        <time>2026-04-17T08:05:35+00:00</time>
      </trkpt>
      <trkpt lat="45.92856" lon="6.77912">
        <ele>1116</ele>
        <time>2026-04-17T08:05:38+00:00</time>
      </trkpt>
      <trkpt lat="45.92873" lon="6.7793">
        <ele>1115</ele>
        <time>2026-04-17T08:05:41+00:00</time>
      </trkpt>
      <trkpt lat="45.92895" lon="6.77953">
        <ele>1126</ele>
        <time>2026-04-17T08:05:44+00:00</time>
      </trkpt>
      <trkpt lat="45.92859" lon="6.77949">
        <ele>1128</ele>
        <time>2026-04-17T08:05:47+00:00</time>
      </trkpt>
      <trkpt lat="45.92848" lon="6.77952">
        <ele>1134</ele>
        <time>2026-04-17T08:05:50+00:00</time>
      </trkpt>
      <trkpt lat="45.92835" lon="6.7796">
        <ele>1134</ele>
        <time>2026-04-17T08:05:53+00:00</time>
      </trkpt>
      <trkpt lat="45.92796" lon="6.77974">
        <ele>1150</ele>
        <time>2026-04-17T08:05:56+00:00</time>
      </trkpt>
      <trkpt lat="45.92771" lon="6.77993">
        <ele>1160</ele>
        <time>2026-04-17T08:05:59+00:00</time>
      </trkpt>
      <trkpt lat="45.92735" lon="6.78007">
        <ele>1169</ele>
        <time>2026-04-17T08:06:02+00:00</time>
      </trkpt>
      <trkpt lat="45.92699" lon="6.78025">
        <ele>1190</ele>
        <time>2026-04-17T08:06:05+00:00</time>
      </trkpt>
      <trkpt lat="45.92665" lon="6.78021">
        <ele>1205</ele>
        <time>2026-04-17T08:06:08+00:00</time>
      </trkpt>
      <trkpt lat="45.9264" lon="6.78013">
        <ele>1209</ele>
        <time>2026-04-17T08:06:11+00:00</time>
      </trkpt>
      <trkpt lat="45.92608" lon="6.78003">
        <ele>1217</ele>
        <time>2026-04-17T08:06:14+00:00</time>
      </trkpt>
      <trkpt lat="45.92568" lon="6.78014">
        <ele>1225</ele>
        <time>2026-04-17T08:06:17+00:00</time>
      </trkpt>
      <trkpt lat="45.9254" lon="6.78025">
        <ele>1235</ele>
        <time>2026-04-17T08:06:20+00:00</time>
      </trkpt>
      <trkpt lat="45.92498" lon="6.78042">
        <ele>1247</ele>
        <time>2026-04-17T08:06:23+00:00</time>
      </trkpt>
      <trkpt lat="45.92469" lon="6.78059">
        <ele>1253</ele>
        <time>2026-04-17T08:06:26+00:00</time>
      </trkpt>
      <trkpt lat="45.92439" lon="6.78076">
        <ele>1263</ele>
        <time>2026-04-17T08:06:29+00:00</time>
      </trkpt>
      <trkpt lat="45.92407" lon="6.78095">
        <ele>1275</ele>
        <time>2026-04-17T08:06:32+00:00</time>
      </trkpt>
      <trkpt lat="45.92378" lon="6.78107">
        <ele>1281</ele>
        <time>2026-04-17T08:06:35+00:00</time>
      </trkpt>
      <trkpt lat="45.92327" lon="6.7813">
        <ele>1295</ele>
        <time>2026-04-17T08:06:38+00:00</time>
      </trkpt>
      <trkpt lat="45.92304" lon="6.78162">
        <ele>1311</ele>
        <time>2026-04-17T08:06:41+00:00</time>
      </trkpt>
      <trkpt lat="45.92292" lon="6.78167">
        <ele>1312</ele>
        <time>2026-04-17T08:06:44+00:00</time>
      </trkpt>
      <trkpt lat="45.9227" lon="6.78165">
        <ele>1315</ele>
        <time>2026-04-17T08:06:47+00:00</time>
      </trkpt>
      <trkpt lat="45.92269" lon="6.78178">
        <ele>1317</ele>
        <time>2026-04-17T08:06:50+00:00</time>
      </trkpt>
      <trkpt lat="45.92247" lon="6.78198">
        <ele>1325</ele>
        <time>2026-04-17T08:06:53+00:00</time>
      </trkpt>
      <trkpt lat="45.9221" lon="6.78231">
        <ele>1340</ele>
        <time>2026-04-17T08:06:56+00:00</time>
      </trkpt>
      <trkpt lat="45.92188" lon="6.78252">
        <ele>1345</ele>
        <time>2026-04-17T08:06:59+00:00</time>
      </trkpt>
      <trkpt lat="45.9216" lon="6.78279">
        <ele>1355</ele>
        <time>2026-04-17T08:07:02+00:00</time>
      </trkpt>
      <trkpt lat="45.92149" lon="6.78285">
        <ele>1358</ele>
        <time>2026-04-17T08:07:05+00:00</time>
      </trkpt>
      <trkpt lat="45.92142" lon="6.783">
        <ele>1362</ele>
        <time>2026-04-17T08:07:08+00:00</time>
      </trkpt>
      <trkpt lat="45.92121" lon="6.78311">
        <ele>1368</ele>
        <time>2026-04-17T08:07:11+00:00</time>
      </trkpt>
      <trkpt lat="45.92112" lon="6.7832">
        <ele>1368</ele>
        <time>2026-04-17T08:07:14+00:00</time>
      </trkpt>
      <trkpt lat="45.92096" lon="6.78353">
        <ele>1385</ele>
        <time>2026-04-17T08:07:17+00:00</time>
      </trkpt>
      <trkpt lat="45.92065" lon="6.78376">
        <ele>1393</ele>
        <time>2026-04-17T08:07:20+00:00</time>
      </trkpt>
      <trkpt lat="45.92086" lon="6.78391">
        <ele>1406</ele>
        <time>2026-04-17T08:07:23+00:00</time>
      </trkpt>
      <trkpt lat="45.92068" lon="6.78418">
        <ele>1411</ele>
        <time>2026-04-17T08:07:26+00:00</time>
      </trkpt>
      <trkpt lat="45.92041" lon="6.7844">
        <ele>1419</ele>
        <time>2026-04-17T08:07:29+00:00</time>
      </trkpt>
      <trkpt lat="45.92059" lon="6.78448">
        <ele>1423</ele>
        <time>2026-04-17T08:07:32+00:00</time>
      </trkpt>
      <trkpt lat="45.92047" lon="6.78474">
        <ele>1440</ele>
        <time>2026-04-17T08:07:35+00:00</time>
      </trkpt>
      <trkpt lat="45.92037" lon="6.78486">
        <ele>1443</ele>
        <time>2026-04-17T08:07:38+00:00</time>
      </trkpt>
      <trkpt lat="45.92015" lon="6.78495">
        <ele>1445</ele>
        <time>2026-04-17T08:07:41+00:00</time>
      </trkpt>
      <trkpt lat="45.91984" lon="6.78509">
        <ele>1447</ele>
        <time>2026-04-17T08:07:44+00:00</time>
      </trkpt>
      <trkpt lat="45.91964" lon="6.78535">
        <ele>1454</ele>
        <time>2026-04-17T08:07:47+00:00</time>
      </trkpt>
      <trkpt lat="45.91945" lon="6.78555">
        <ele>1455</ele>
        <time>2026-04-17T08:07:50+00:00</time>
      </trkpt>
      <trkpt lat="45.91931" lon="6.78567">
        <ele>1456</ele>
        <time>2026-04-17T08:07:53+00:00</time>
      </trkpt>
      <trkpt lat="45.91915" lon="6.7859">
        <ele>1460</ele>
        <time>2026-04-17T08:07:56+00:00</time>
      </trkpt>
      <trkpt lat="45.91901" lon="6.78601">
        <ele>1464</ele>
        <time>2026-04-17T08:07:59+00:00</time>
      </trkpt>
      <trkpt lat="45.91882" lon="6.78626">
        <ele>1466</ele>
        <time>2026-04-17T08:08:02+00:00</time>
      </trkpt>
      <trkpt lat="45.9187" lon="6.78636">
        <ele>1470</ele>
        <time>2026-04-17T08:08:05+00:00</time>
      </trkpt>
      <trkpt lat="45.91854" lon="6.7864">
        <ele>1469</ele>
        <time>2026-04-17T08:08:08+00:00</time>
      </trkpt>
      <trkpt lat="45.91846" lon="6.78646">
        <ele>1472</ele>
        <time>2026-04-17T08:08:11+00:00</time>
      </trkpt>
      <trkpt lat="45.91829" lon="6.78663">
        <ele>1476</ele>
        <time>2026-04-17T08:08:14+00:00</time>
      </trkpt>
      <trkpt lat="45.91804" lon="6.78714">
        <ele>1493</ele>
        <time>2026-04-17T08:08:17+00:00</time>
      </trkpt>
      <trkpt lat="45.91783" lon="6.78728">
        <ele>1493</ele>
        <time>2026-04-17T08:08:20+00:00</time>
      </trkpt>
      <trkpt lat="45.91769" lon="6.7873">
        <ele>1491</ele>
        <time>2026-04-17T08:08:23+00:00</time>
      </trkpt>
      <trkpt lat="45.91744" lon="6.78741">
        <ele>1496</ele>
        <time>2026-04-17T08:08:26+00:00</time>
      </trkpt>
      <trkpt lat="45.91695" lon="6.78764">
        <ele>1506</ele>
        <time>2026-04-17T08:08:29+00:00</time>
      </trkpt>
      <trkpt lat="45.91682" lon="6.78768">
        <ele>1507</ele>
        <time>2026-04-17T08:08:32+00:00</time>
      </trkpt>
      <trkpt lat="45.91674" lon="6.78784">
        <ele>1510</ele>
        <time>2026-04-17T08:08:35+00:00</time>
      </trkpt>
      <trkpt lat="45.91652" lon="6.788">
        <ele>1512</ele>
        <time>2026-04-17T08:08:38+00:00</time>
      </trkpt>
      <trkpt lat="45.91647" lon="6.78822">
        <ele>1519</ele>
        <time>2026-04-17T08:08:41+00:00</time>
      </trkpt>
      <trkpt lat="45.91636" lon="6.78842">
        <ele>1523</ele>
        <time>2026-04-17T08:08:44+00:00</time>
      </trkpt>
      <trkpt lat="45.91602" lon="6.78868">
        <ele>1527</ele>
        <time>2026-04-17T08:08:47+00:00</time>
      </trkpt>
      <trkpt lat="45.91582" lon="6.78886">
        <ele>1535</ele>
        <time>2026-04-17T08:08:50+00:00</time>
      </trkpt>
      <trkpt lat="45.91558" lon="6.78898">
        <ele>1537</ele>
        <time>2026-04-17T08:08:53+00:00</time>
      </trkpt>
      <trkpt lat="45.91544" lon="6.78907">
        <ele>1539</ele>
        <time>2026-04-17T08:08:56+00:00</time>
      </trkpt>
      <trkpt lat="45.91542" lon="6.78916">
        <ele>1542</ele>
        <time>2026-04-17T08:08:59+00:00</time>
      </trkpt>
      <trkpt lat="45.91542" lon="6.78914">
        <ele>1542</ele>
        <time>2026-04-17T08:09:02+00:00</time>
      </trkpt>
      <trkpt lat="45.91545" lon="6.78949">
        <ele>1552</ele>
        <time>2026-04-17T08:09:05+00:00</time>
      </trkpt>
      <trkpt lat="45.91553" lon="6.78957">
        <ele>1554</ele>
        <time>2026-04-17T08:09:08+00:00</time>
      </trkpt>
      <trkpt lat="45.91577" lon="6.7896">
        <ele>1553</ele>
        <time>2026-04-17T08:09:11+00:00</time>
      </trkpt>
      <trkpt lat="45.91611" lon="6.78964">
        <ele>1554</ele>
        <time>2026-04-17T08:09:14+00:00</time>
      </trkpt>
      <trkpt lat="45.91641" lon="6.78957">
        <ele>1555</ele>
        <time>2026-04-17T08:09:17+00:00</time>
      </trkpt>
      <trkpt lat="45.91668" lon="6.78945">
        <ele>1556</ele>
        <time>2026-04-17T08:09:20+00:00</time>
      </trkpt>
      <trkpt lat="45.91696" lon="6.78939">
        <ele>1556</ele>
        <time>2026-04-17T08:09:23+00:00</time>
      </trkpt>
      <trkpt lat="45.91728" lon="6.78937">
        <ele>1562</ele>
        <time>2026-04-17T08:09:26+00:00</time>
      </trkpt>
      <trkpt lat="45.91766" lon="6.78932">
        <ele>1569</ele>
        <time>2026-04-17T08:09:29+00:00</time>
      </trkpt>
      <trkpt lat="45.91794" lon="6.78922">
        <ele>1574</ele>
        <time>2026-04-17T08:09:32+00:00</time>
      </trkpt>
      <trkpt lat="45.91821" lon="6.78906">
        <ele>1578</ele>
        <time>2026-04-17T08:09:35+00:00</time>
      </trkpt>
      <trkpt lat="45.91863" lon="6.78882">
        <ele>1589</ele>
        <time>2026-04-17T08:09:38+00:00</time>
      </trkpt>
      <trkpt lat="45.91892" lon="6.78872">
        <ele>1595</ele>
        <time>2026-04-17T08:09:41+00:00</time>
      </trkpt>
      <trkpt lat="45.91911" lon="6.78861">
        <ele>1595</ele>
        <time>2026-04-17T08:09:44+00:00</time>
      </trkpt>
      <trkpt lat="45.91939" lon="6.78849">
        <ele>1596</ele>
        <time>2026-04-17T08:09:47+00:00</time>
      </trkpt>
      <trkpt lat="45.91957" lon="6.78849">
        <ele>1603</ele>
        <time>2026-04-17T08:09:50+00:00</time>
      </trkpt>
      <trkpt lat="45.91977" lon="6.78844">
        <ele>1612</ele>
        <time>2026-04-17T08:09:53+00:00</time>
      </trkpt>
      <trkpt lat="45.92007" lon="6.78836">
        <ele>1616</ele>
        <time>2026-04-17T08:09:56+00:00</time>
      </trkpt>
      <trkpt lat="45.92038" lon="6.78816">
        <ele>1615</ele>
        <time>2026-04-17T08:09:59+00:00</time>
      </trkpt>
      <trkpt lat="45.9206" lon="6.78808">
        <ele>1626</ele>
        <time>2026-04-17T08:10:02+00:00</time>
      </trkpt>
      <trkpt lat="45.92078" lon="6.78812">
        <ele>1627</ele>
        <time>2026-04-17T08:10:05+00:00</time>
      </trkpt>
      <trkpt lat="45.92104" lon="6.78813">
        <ele>1630</ele>
        <time>2026-04-17T08:10:08+00:00</time>
      </trkpt>
      <trkpt lat="45.92132" lon="6.78804">
        <ele>1635</ele>
        <time>2026-04-17T08:10:11+00:00</time>
      </trkpt>
      <trkpt lat="45.92156" lon="6.78801">
        <ele>1641</ele>
        <time>2026-04-17T08:10:14+00:00</time>
      </trkpt>
      <trkpt lat="45.9218" lon="6.78799">
        <ele>1641</ele>
        <time>2026-04-17T08:10:17+00:00</time>
      </trkpt>
      <trkpt lat="45.92205" lon="6.78812">
        <ele>1664</ele>
        <time>2026-04-17T08:10:20+00:00</time>
      </trkpt>
      <trkpt lat="45.92222" lon="6.78812">
        <ele>1669</ele>
        <time>2026-04-17T08:10:23+00:00</time>
      </trkpt>
      <trkpt lat="45.92242" lon="6.78817">
        <ele>1663</ele>
        <time>2026-04-17T08:10:26+00:00</time>
      </trkpt>
      <trkpt lat="45.92255" lon="6.78791">
        <ele>1663</ele>
        <time>2026-04-17T08:10:29+00:00</time>
      </trkpt>
      <trkpt lat="45.92272" lon="6.78765">
        <ele>1663</ele>
        <time>2026-04-17T08:10:32+00:00</time>
      </trkpt>
      <trkpt lat="45.92299" lon="6.78753">
        <ele>1663</ele>
        <time>2026-04-17T08:10:35+00:00</time>
      </trkpt>
      <trkpt lat="45.9232" lon="6.78752">
        <ele>1670</ele>
        <time>2026-04-17T08:10:38+00:00</time>
      </trkpt>
      <trkpt lat="45.92362" lon="6.78758">
        <ele>1683</ele>
        <time>2026-04-17T08:10:41+00:00</time>
      </trkpt>
      <trkpt lat="45.92392" lon="6.78759">
        <ele>1690</ele>
        <time>2026-04-17T08:10:44+00:00</time>
      </trkpt>
      <trkpt lat="45.92447" lon="6.78762">
        <ele>1699</ele>
        <time>2026-04-17T08:10:47+00:00</time>
      </trkpt>
      <trkpt lat="45.92456" lon="6.78765">
        <ele>1698</ele>
        <time>2026-04-17T08:10:50+00:00</time>
      </trkpt>
      <trkpt lat="45.92449" lon="6.7879">
        <ele>1703</ele>
        <time>2026-04-17T08:10:53+00:00</time>
      </trkpt>
      <trkpt lat="45.92439" lon="6.78807">
        <ele>1708</ele>
        <time>2026-04-17T08:10:56+00:00</time>
      </trkpt>
      <trkpt lat="45.92423" lon="6.7882">
        <ele>1716</ele>
        <time>2026-04-17T08:10:59+00:00</time>
      </trkpt>
      <trkpt lat="45.92405" lon="6.78836">
        <ele>1718</ele>
        <time>2026-04-17T08:11:02+00:00</time>
      </trkpt>
      <trkpt lat="45.9239" lon="6.78856">
        <ele>1722</ele>
        <time>2026-04-17T08:11:05+00:00</time>
      </trkpt>
      <trkpt lat="45.92403" lon="6.78861">
        <ele>1727</ele>
        <time>2026-04-17T08:11:08+00:00</time>
      </trkpt>
      <trkpt lat="45.92423" lon="6.78862">
        <ele>1726</ele>
        <time>2026-04-17T08:11:11+00:00</time>
      </trkpt>
      <trkpt lat="45.92428" lon="6.78867">
        <ele>1726</ele>
        <time>2026-04-17T08:11:14+00:00</time>
      </trkpt>
      <trkpt lat="45.92417" lon="6.78883">
        <ele>1735</ele>
        <time>2026-04-17T08:11:17+00:00</time>
      </trkpt>
      <trkpt lat="45.92423" lon="6.78908">
        <ele>1737</ele>
        <time>2026-04-17T08:11:20+00:00</time>
      </trkpt>
      <trkpt lat="45.92408" lon="6.78913">
        <ele>1743</ele>
        <time>2026-04-17T08:11:23+00:00</time>
      </trkpt>
      <trkpt lat="45.92392" lon="6.78939">
        <ele>1751</ele>
        <time>2026-04-17T08:11:26+00:00</time>
      </trkpt>
      <trkpt lat="45.92376" lon="6.78966">
        <ele>1759</ele>
        <time>2026-04-17T08:11:29+00:00</time>
      </trkpt>
      <trkpt lat="45.92353" lon="6.79019">
        <ele>1773</ele>
        <time>2026-04-17T08:11:32+00:00</time>
      </trkpt>
      <trkpt lat="45.92332" lon="6.79037">
        <ele>1777</ele>
        <time>2026-04-17T08:11:35+00:00</time>
      </trkpt>
      <trkpt lat="45.92309" lon="6.79062">
        <ele>1787</ele>
        <time>2026-04-17T08:11:38+00:00</time>
      </trkpt>
      <trkpt lat="45.92343" lon="6.79086">
        <ele>1792</ele>
        <time>2026-04-17T08:11:41+00:00</time>
      </trkpt>
      <trkpt lat="45.92333" lon="6.79092">
        <ele>1796</ele>
        <time>2026-04-17T08:11:44+00:00</time>
      </trkpt>
      <trkpt lat="45.92303" lon="6.79115">
        <ele>1808</ele>
        <time>2026-04-17T08:11:47+00:00</time>
      </trkpt>
      <trkpt lat="45.92324" lon="6.79132">
        <ele>1814</ele>
        <time>2026-04-17T08:11:50+00:00</time>
      </trkpt>
      <trkpt lat="45.92346" lon="6.79149">
        <ele>1814</ele>
        <time>2026-04-17T08:11:53+00:00</time>
      </trkpt>
      <trkpt lat="45.92354" lon="6.79162">
        <ele>1818</ele>
        <time>2026-04-17T08:11:56+00:00</time>
      </trkpt>
      <trkpt lat="45.92354" lon="6.79167">
        <ele>1818</ele>
        <time>2026-04-17T08:11:59+00:00</time>
      </trkpt>
      <trkpt lat="45.92348" lon="6.79162">
        <ele>1821</ele>
        <time>2026-04-17T08:12:02+00:00</time>
      </trkpt>
      <trkpt lat="45.92322" lon="6.79163">
        <ele>1826</ele>
        <time>2026-04-17T08:12:05+00:00</time>
      </trkpt>
      <trkpt lat="45.92342" lon="6.79185">
        <ele>1833</ele>
        <time>2026-04-17T08:12:08+00:00</time>
      </trkpt>
      <trkpt lat="45.92321" lon="6.79189">
        <ele>1840</ele>
        <time>2026-04-17T08:12:11+00:00</time>
      </trkpt>
      <trkpt lat="45.92338" lon="6.79205">
        <ele>1847</ele>
        <time>2026-04-17T08:12:14+00:00</time>
      </trkpt>
      <trkpt lat="45.92335" lon="6.79217">
        <ele>1851</ele>
        <time>2026-04-17T08:12:17+00:00</time>
      </trkpt>
      <trkpt lat="45.92328" lon="6.79216">
        <ele>1857</ele>
        <time>2026-04-17T08:12:20+00:00</time>
      </trkpt>
      <trkpt lat="45.9231" lon="6.79207">
        <ele>1860</ele>
        <time>2026-04-17T08:12:23+00:00</time>
      </trkpt>
      <trkpt lat="45.92312" lon="6.79216">
        <ele>1865</ele>
        <time>2026-04-17T08:12:26+00:00</time>
      </trkpt>
      <trkpt lat="45.92321" lon="6.79229">
        <ele>1862</ele>
        <time>2026-04-17T08:12:29+00:00</time>
      </trkpt>
      <trkpt lat="45.92288" lon="6.79222">
        <ele>1878</ele>
        <time>2026-04-17T08:12:32+00:00</time>
      </trkpt>
      <trkpt lat="45.92275" lon="6.79231">
        <ele>1891</ele>
        <time>2026-04-17T08:12:35+00:00</time>
      </trkpt>
      <trkpt lat="45.92247" lon="6.79234">
        <ele>1886</ele>
        <time>2026-04-17T08:12:38+00:00</time>
      </trkpt>
      <trkpt lat="45.92236" lon="6.79245">
        <ele>1888</ele>
        <time>2026-04-17T08:12:41+00:00</time>
      </trkpt>
      <trkpt lat="45.92225" lon="6.7926">
        <ele>1889</ele>
        <time>2026-04-17T08:12:44+00:00</time>
      </trkpt>
      <trkpt lat="45.92212" lon="6.79302">
        <ele>1906</ele>
        <time>2026-04-17T08:12:47+00:00</time>
      </trkpt>
      <trkpt lat="45.92206" lon="6.79339">
        <ele>1911</ele>
        <time>2026-04-17T08:12:50+00:00</time>
      </trkpt>
      <trkpt lat="45.92215" lon="6.79331">
        <ele>1917</ele>
        <time>2026-04-17T08:12:53+00:00</time>
      </trkpt>
      <trkpt lat="45.92241" lon="6.79327">
        <ele>1929</ele>
        <time>2026-04-17T08:12:56+00:00</time>
      </trkpt>
      <trkpt lat="45.92253" lon="6.79321">
        <ele>1932</ele>
        <time>2026-04-17T08:12:59+00:00</time>
      </trkpt>
      <trkpt lat="45.92246" lon="6.79338">
        <ele>1933</ele>
        <time>2026-04-17T08:13:02+00:00</time>
      </trkpt>
      <trkpt lat="45.92252" lon="6.79336">
        <ele>1936</ele>
        <time>2026-04-17T08:13:05+00:00</time>
      </trkpt>
      <trkpt lat="45.92255" lon="6.79337">
        <ele>1936</ele>
        <time>2026-04-17T08:13:08+00:00</time>
      </trkpt>
      <trkpt lat="45.92249" lon="6.79348">
        <ele>1937</ele>
        <time>2026-04-17T08:13:11+00:00</time>
      </trkpt>
      <trkpt lat="45.92246" lon="6.79367">
        <ele>1943</ele>
        <time>2026-04-17T08:13:14+00:00</time>
      </trkpt>
      <trkpt lat="45.92253" lon="6.79362">
        <ele>1945</ele>
        <time>2026-04-17T08:13:17+00:00</time>
      </trkpt>
      <trkpt lat="45.92256" lon="6.79364">
        <ele>1945</ele>
        <time>2026-04-17T08:13:20+00:00</time>
      </trkpt>
      <trkpt lat="45.92252" lon="6.7937">
        <ele>1945</ele>
        <time>2026-04-17T08:13:23+00:00</time>
      </trkpt>
      <trkpt lat="45.92255" lon="6.79375">
        <ele>1947</ele>
        <time>2026-04-17T08:13:26+00:00</time>
      </trkpt>
      <trkpt lat="45.92257" lon="6.79399">
        <ele>1950</ele>
        <time>2026-04-17T08:13:29+00:00</time>
      </trkpt>
      <trkpt lat="45.9225" lon="6.79409">
        <ele>1950</ele>
        <time>2026-04-17T08:13:32+00:00</time>
      </trkpt>
      <trkpt lat="45.92243" lon="6.79424">
        <ele>1958</ele>
        <time>2026-04-17T08:13:35+00:00</time>
      </trkpt>
      <trkpt lat="45.92252" lon="6.79424">
        <ele>1959</ele>
        <time>2026-04-17T08:13:38+00:00</time>
      </trkpt>
      <trkpt lat="45.92249" lon="6.79441">
        <ele>1962</ele>
        <time>2026-04-17T08:13:41+00:00</time>
      </trkpt>
      <trkpt lat="45.92245" lon="6.79444">
        <ele>1962</ele>
        <time>2026-04-17T08:13:44+00:00</time>
      </trkpt>
      <trkpt lat="45.92241" lon="6.79459">
        <ele>1964</ele>
        <time>2026-04-17T08:13:47+00:00</time>
      </trkpt>
      <trkpt lat="45.92233" lon="6.79468">
        <ele>1964</ele>
        <time>2026-04-17T08:13:50+00:00</time>
      </trkpt>
      <trkpt lat="45.9223" lon="6.7948">
        <ele>1963</ele>
        <time>2026-04-17T08:13:53+00:00</time>
      </trkpt>
      <trkpt lat="45.92231" lon="6.79491">
        <ele>1969</ele>
        <time>2026-04-17T08:13:56+00:00</time>
      </trkpt>
      <trkpt lat="45.9223" lon="6.79498">
        <ele>1968</ele>
        <time>2026-04-17T08:13:59+00:00</time>
      </trkpt>
      <trkpt lat="45.92227" lon="6.79504">
        <ele>1970</ele>
        <time>2026-04-17T08:14:02+00:00</time>
      </trkpt>
      <trkpt lat="45.92225" lon="6.79528">
        <ele>1973</ele>
        <time>2026-04-17T08:14:05+00:00</time>
      </trkpt>
      <trkpt lat="45.92212" lon="6.79558">
        <ele>1979</ele>
        <time>2026-04-17T08:14:08+00:00</time>
      </trkpt>
      <trkpt lat="45.92215" lon="6.79559">
        <ele>1979</ele>
        <time>2026-04-17T08:14:11+00:00</time>
      </trkpt>
      <trkpt lat="45.92215" lon="6.79583">
        <ele>1985</ele>
        <time>2026-04-17T08:14:14+00:00</time>
      </trkpt>
      <trkpt lat="45.92211" lon="6.79597">
        <ele>1986</ele>
        <time>2026-04-17T08:14:17+00:00</time>
      </trkpt>
      <trkpt lat="45.92206" lon="6.79609">
        <ele>1988</ele>
        <time>2026-04-17T08:14:20+00:00</time>
      </trkpt>
      <trkpt lat="45.92203" lon="6.79612">
        <ele>1990</ele>
        <time>2026-04-17T08:14:23+00:00</time>
      </trkpt>
      <trkpt lat="45.92201" lon="6.79621">
        <ele>1994</ele>
        <time>2026-04-17T08:14:26+00:00</time>
      </trkpt>
      <trkpt lat="45.92197" lon="6.79628">
        <ele>1989</ele>
        <time>2026-04-17T08:14:29+00:00</time>
      </trkpt>
      <trkpt lat="45.9219" lon="6.79632">
        <ele>1989</ele>
        <time>2026-04-17T08:14:32+00:00</time>
      </trkpt>
      <trkpt lat="45.92184" lon="6.79642">
        <ele>1992</ele>
        <time>2026-04-17T08:14:35+00:00</time>
      </trkpt>
      <trkpt lat="45.92191" lon="6.79641">
        <ele>1996</ele>
        <time>2026-04-17T08:14:38+00:00</time>
      </trkpt>
      <trkpt lat="45.92181" lon="6.7966">
        <ele>1996</ele>
        <time>2026-04-17T08:14:41+00:00</time>
      </trkpt>
      <trkpt lat="45.92188" lon="6.79659">
        <ele>1996</ele>
        <time>2026-04-17T08:14:44+00:00</time>
      </trkpt>
      <trkpt lat="45.92186" lon="6.79664">
        <ele>2003</ele>
        <time>2026-04-17T08:14:47+00:00</time>
      </trkpt>
      <trkpt lat="45.92196" lon="6.7966">
        <ele>2000</ele>
        <time>2026-04-17T08:14:50+00:00</time>
      </trkpt>
      <trkpt lat="45.92194" lon="6.79666">
        <ele>2007</ele>
        <time>2026-04-17T08:14:53+00:00</time>
      </trkpt>
      <trkpt lat="45.922" lon="6.79669">
        <ele>2007</ele>
        <time>2026-04-17T08:14:56+00:00</time>
      </trkpt>
      <trkpt lat="45.92196" lon="6.79675">
        <ele>2010</ele>
        <time>2026-04-17T08:14:59+00:00</time>
      </trkpt>
      <trkpt lat="45.92195" lon="6.79686">
        <ele>2014</ele>
        <time>2026-04-17T08:15:02+00:00</time>
      </trkpt>
      <trkpt lat="45.92193" lon="6.79688">
        <ele>2014</ele>
        <time>2026-04-17T08:15:05+00:00</time>
      </trkpt>
      <trkpt lat="45.92194" lon="6.79694">
        <ele>2017</ele>
        <time>2026-04-17T08:15:08+00:00</time>
      </trkpt>
      <trkpt lat="45.92192" lon="6.79701">
        <ele>2020</ele>
        <time>2026-04-17T08:15:11+00:00</time>
      </trkpt>
      <trkpt lat="45.92195" lon="6.79708">
        <ele>2020</ele>
        <time>2026-04-17T08:15:14+00:00</time>
      </trkpt>
      <trkpt lat="45.92187" lon="6.79727">
        <ele>2026</ele>
        <time>2026-04-17T08:15:17+00:00</time>
      </trkpt>
      <trkpt lat="45.92188" lon="6.79729">
        <ele>2026</ele>
        <time>2026-04-17T08:15:20+00:00</time>
      </trkpt>
      <trkpt lat="45.92191" lon="6.7973">
        <ele>2029</ele>
        <time>2026-04-17T08:15:23+00:00</time>
      </trkpt>
      <trkpt lat="45.9218" lon="6.79761">
        <ele>2034</ele>
        <time>2026-04-17T08:15:26+00:00</time>
      </trkpt>
      <trkpt lat="45.92179" lon="6.79768">
        <ele>2034</ele>
        <time>2026-04-17T08:15:29+00:00</time>
      </trkpt>
      <trkpt lat="45.92185" lon="6.79769">
        <ele>2038</ele>
        <time>2026-04-17T08:15:32+00:00</time>
      </trkpt>
      <trkpt lat="45.92185" lon="6.79771">
        <ele>2041</ele>
        <time>2026-04-17T08:15:35+00:00</time>
      </trkpt>
      <trkpt lat="45.92182" lon="6.79774">
        <ele>2041</ele>
        <time>2026-04-17T08:15:38+00:00</time>
      </trkpt>
      <trkpt lat="45.92174" lon="6.79795">
        <ele>2046</ele>
        <time>2026-04-17T08:15:41+00:00</time>
      </trkpt>
      <trkpt lat="45.92175" lon="6.79804">
        <ele>2049</ele>
        <time>2026-04-17T08:15:44+00:00</time>
      </trkpt>
      <trkpt lat="45.92172" lon="6.79814">
        <ele>2051</ele>
        <time>2026-04-17T08:15:47+00:00</time>
      </trkpt>
      <trkpt lat="45.92158" lon="6.79845">
        <ele>2059</ele>
        <time>2026-04-17T08:15:50+00:00</time>
      </trkpt>
      <trkpt lat="45.9216" lon="6.79849">
        <ele>2059</ele>
        <time>2026-04-17T08:15:53+00:00</time>
      </trkpt>
      <trkpt lat="45.92167" lon="6.79847">
        <ele>2063</ele>
        <time>2026-04-17T08:15:56+00:00</time>
      </trkpt>
      <trkpt lat="45.92173" lon="6.79848">
        <ele>2065</ele>
        <time>2026-04-17T08:15:59+00:00</time>
      </trkpt>
      <trkpt lat="45.92163" lon="6.79861">
        <ele>2069</ele>
        <time>2026-04-17T08:16:02+00:00</time>
      </trkpt>
      <trkpt lat="45.92167" lon="6.79862">
        <ele>2069</ele>
        <time>2026-04-17T08:16:05+00:00</time>
      </trkpt>
      <trkpt lat="45.9216" lon="6.79877">
        <ele>2069</ele>
        <time>2026-04-17T08:16:08+00:00</time>
      </trkpt>
      <trkpt lat="45.92161" lon="6.79881">
        <ele>2074</ele>
        <time>2026-04-17T08:16:11+00:00</time>
      </trkpt>
      <trkpt lat="45.92151" lon="6.79916">
        <ele>2086</ele>
        <time>2026-04-17T08:16:14+00:00</time>
      </trkpt>
      <trkpt lat="45.92151" lon="6.79924">
        <ele>2089</ele>
        <time>2026-04-17T08:16:17+00:00</time>
      </trkpt>
      <trkpt lat="45.92141" lon="6.79943">
        <ele>2093</ele>
        <time>2026-04-17T08:16:20+00:00</time>
      </trkpt>
      <trkpt lat="45.92141" lon="6.79949">
        <ele>2093</ele>
        <time>2026-04-17T08:16:23+00:00</time>
      </trkpt>
      <trkpt lat="45.92115" lon="6.79983">
        <ele>2107</ele>
        <time>2026-04-17T08:16:26+00:00</time>
      </trkpt>
      <trkpt lat="45.92117" lon="6.79985">
        <ele>2107</ele>
        <time>2026-04-17T08:16:29+00:00</time>
      </trkpt>
      <trkpt lat="45.92125" lon="6.79987">
        <ele>2109</ele>
        <time>2026-04-17T08:16:32+00:00</time>
      </trkpt>
      <trkpt lat="45.92125" lon="6.79989">
        <ele>2109</ele>
        <time>2026-04-17T08:16:35+00:00</time>
      </trkpt>
      <trkpt lat="45.92119" lon="6.79992">
        <ele>2111</ele>
        <time>2026-04-17T08:16:38+00:00</time>
      </trkpt>
      <trkpt lat="45.92118" lon="6.79995">
        <ele>2111</ele>
        <time>2026-04-17T08:16:41+00:00</time>
      </trkpt>
      <trkpt lat="45.92123" lon="6.79997">
        <ele>2112</ele>
        <time>2026-04-17T08:16:44+00:00</time>
      </trkpt>
      <trkpt lat="45.92123" lon="6.8">
        <ele>2112</ele>
        <time>2026-04-17T08:16:47+00:00</time>
      </trkpt>
      <trkpt lat="45.92118" lon="6.80006">
        <ele>2115</ele>
        <time>2026-04-17T08:16:50+00:00</time>
      </trkpt>
      <trkpt lat="45.92107" lon="6.80029">
        <ele>2123</ele>
        <time>2026-04-17T08:16:53+00:00</time>
      </trkpt>
      <trkpt lat="45.92101" lon="6.80034">
        <ele>2126</ele>
        <time>2026-04-17T08:16:56+00:00</time>
      </trkpt>
      <trkpt lat="45.92092" lon="6.80048">
        <ele>2128</ele>
        <time>2026-04-17T08:16:59+00:00</time>
      </trkpt>
      <trkpt lat="45.92102" lon="6.8005">
        <ele>2129</ele>
        <time>2026-04-17T08:17:02+00:00</time>
      </trkpt>
      <trkpt lat="45.92094" lon="6.80068">
        <ele>2134</ele>
        <time>2026-04-17T08:17:05+00:00</time>
      </trkpt>
      <trkpt lat="45.92095" lon="6.80071">
        <ele>2136</ele>
        <time>2026-04-17T08:17:08+00:00</time>
      </trkpt>
      <trkpt lat="45.92085" lon="6.80081">
        <ele>2139</ele>
        <time>2026-04-17T08:17:11+00:00</time>
      </trkpt>
      <trkpt lat="45.92085" lon="6.80085">
        <ele>2139</ele>
        <time>2026-04-17T08:17:14+00:00</time>
      </trkpt>
      <trkpt lat="45.92073" lon="6.80109">
        <ele>2144</ele>
        <time>2026-04-17T08:17:17+00:00</time>
      </trkpt>
      <trkpt lat="45.92054" lon="6.80138">
        <ele>2151</ele>
        <time>2026-04-17T08:17:20+00:00</time>
      </trkpt>
      <trkpt lat="45.92064" lon="6.80135">
        <ele>2154</ele>
        <time>2026-04-17T08:17:23+00:00</time>
      </trkpt>
      <trkpt lat="45.92065" lon="6.80138">
        <ele>2154</ele>
        <time>2026-04-17T08:17:26+00:00</time>
      </trkpt>
      <trkpt lat="45.92053" lon="6.80152">
        <ele>2162</ele>
        <time>2026-04-17T08:17:29+00:00</time>
      </trkpt>
      <trkpt lat="45.92032" lon="6.80192">
        <ele>2172</ele>
        <time>2026-04-17T08:17:32+00:00</time>
      </trkpt>
      <trkpt lat="45.92034" lon="6.80194">
        <ele>2172</ele>
        <time>2026-04-17T08:17:35+00:00</time>
      </trkpt>
      <trkpt lat="45.92047" lon="6.80189">
        <ele>2171</ele>
        <time>2026-04-17T08:17:38+00:00</time>
      </trkpt>
      <trkpt lat="45.92051" lon="6.8019">
        <ele>2173</ele>
        <time>2026-04-17T08:17:41+00:00</time>
      </trkpt>
      <trkpt lat="45.92052" lon="6.80193">
        <ele>2177</ele>
        <time>2026-04-17T08:17:44+00:00</time>
      </trkpt>
      <trkpt lat="45.92046" lon="6.802">
        <ele>2175</ele>
        <time>2026-04-17T08:17:47+00:00</time>
      </trkpt>
      <trkpt lat="45.92047" lon="6.80204">
        <ele>2184</ele>
        <time>2026-04-17T08:17:50+00:00</time>
      </trkpt>
      <trkpt lat="45.92045" lon="6.8021">
        <ele>2184</ele>
        <time>2026-04-17T08:17:53+00:00</time>
      </trkpt>
      <trkpt lat="45.92045" lon="6.80217">
        <ele>2187</ele>
        <time>2026-04-17T08:17:56+00:00</time>
      </trkpt>
      <trkpt lat="45.92032" lon="6.8025">
        <ele>2197</ele>
        <time>2026-04-17T08:17:59+00:00</time>
      </trkpt>
      <trkpt lat="45.92027" lon="6.80255">
        <ele>2199</ele>
        <time>2026-04-17T08:18:02+00:00</time>
      </trkpt>
      <trkpt lat="45.92021" lon="6.80271">
        <ele>2212</ele>
        <time>2026-04-17T08:18:05+00:00</time>
      </trkpt>
      <trkpt lat="45.9203" lon="6.80266">
        <ele>2208</ele>
        <time>2026-04-17T08:18:08+00:00</time>
      </trkpt>
      <trkpt lat="45.92029" lon="6.80274">
        <ele>2212</ele>
        <time>2026-04-17T08:18:11+00:00</time>
      </trkpt>
      <trkpt lat="45.92021" lon="6.80288">
        <ele>2216</ele>
        <time>2026-04-17T08:18:14+00:00</time>
      </trkpt>
      <trkpt lat="45.92032" lon="6.80286">
        <ele>2216</ele>
        <time>2026-04-17T08:18:17+00:00</time>
      </trkpt>
      <trkpt lat="45.92004" lon="6.8032">
        <ele>2217</ele>
        <time>2026-04-17T08:18:20+00:00</time>
      </trkpt>
      <trkpt lat="45.91998" lon="6.80332">
        <ele>2225</ele>
        <time>2026-04-17T08:18:23+00:00</time>
      </trkpt>
      <trkpt lat="45.91994" lon="6.80342">
        <ele>2226</ele>
        <time>2026-04-17T08:18:26+00:00</time>
      </trkpt>
      <trkpt lat="45.91997" lon="6.80349">
        <ele>2220</ele>
        <time>2026-04-17T08:18:29+00:00</time>
      </trkpt>
      <trkpt lat="45.92028" lon="6.8038">
        <ele>2219</ele>
        <time>2026-04-17T08:18:32+00:00</time>
      </trkpt>
      <trkpt lat="45.92039" lon="6.80404">
        <ele>2218</ele>
        <time>2026-04-17T08:18:35+00:00</time>
      </trkpt>
      <trkpt lat="45.92039" lon="6.8041">
        <ele>2218</ele>
        <time>2026-04-17T08:18:38+00:00</time>
      </trkpt>
      <trkpt lat="45.9205" lon="6.80421">
        <ele>2217</ele>
        <time>2026-04-17T08:18:41+00:00</time>
      </trkpt>
      <trkpt lat="45.92069" lon="6.8045">
        <ele>2218</ele>
        <time>2026-04-17T08:18:44+00:00</time>
      </trkpt>
      <trkpt lat="45.92068" lon="6.80473">
        <ele>2217</ele>
        <time>2026-04-17T08:18:47+00:00</time>
      </trkpt>
      <trkpt lat="45.92072" lon="6.80495">
        <ele>2224</ele>
        <time>2026-04-17T08:18:50+00:00</time>
      </trkpt>
      <trkpt lat="45.92076" lon="6.80517">
        <ele>2224</ele>
        <time>2026-04-17T08:18:53+00:00</time>
      </trkpt>
      <trkpt lat="45.92074" lon="6.80526">
        <ele>2225</ele>
        <time>2026-04-17T08:18:56+00:00</time>
      </trkpt>
      <trkpt lat="45.92077" lon="6.80533">
        <ele>2226</ele>
        <time>2026-04-17T08:18:59+00:00</time>
      </trkpt>
      <trkpt lat="45.9208" lon="6.80534">
        <ele>2226</ele>
        <time>2026-04-17T08:19:02+00:00</time>
      </trkpt>
      <trkpt lat="45.92078" lon="6.80545">
        <ele>2226</ele>
        <time>2026-04-17T08:19:05+00:00</time>
      </trkpt>
      <trkpt lat="45.92081" lon="6.80546">
        <ele>2239</ele>
        <time>2026-04-17T08:19:08+00:00</time>
      </trkpt>
      <trkpt lat="45.92085" lon="6.80544">
        <ele>2239</ele>
        <time>2026-04-17T08:19:11+00:00</time>
      </trkpt>
      <trkpt lat="45.92087" lon="6.80547">
        <ele>2239</ele>
        <time>2026-04-17T08:19:14+00:00</time>
      </trkpt>
      <trkpt lat="45.92086" lon="6.80568">
        <ele>2241</ele>
        <time>2026-04-17T08:19:17+00:00</time>
      </trkpt>
      <trkpt lat="45.9209" lon="6.80567">
        <ele>2241</ele>
        <time>2026-04-17T08:19:20+00:00</time>
      </trkpt>
      <trkpt lat="45.92098" lon="6.80555">
        <ele>2247</ele>
        <time>2026-04-17T08:19:23+00:00</time>
      </trkpt>
      <trkpt lat="45.921" lon="6.80556">
        <ele>2247</ele>
        <time>2026-04-17T08:19:26+00:00</time>
      </trkpt>
      <trkpt lat="45.92099" lon="6.80569">
        <ele>2248</ele>
        <time>2026-04-17T08:19:29+00:00</time>
      </trkpt>
      <trkpt lat="45.92103" lon="6.80568">
        <ele>2255</ele>
        <time>2026-04-17T08:19:32+00:00</time>
      </trkpt>
      <trkpt lat="45.92108" lon="6.80562">
        <ele>2255</ele>
        <time>2026-04-17T08:19:35+00:00</time>
      </trkpt>
      <trkpt lat="45.9211" lon="6.80546">
        <ele>2254</ele>
        <time>2026-04-17T08:19:38+00:00</time>
      </trkpt>
      <trkpt lat="45.92113" lon="6.80543">
        <ele>2261</ele>
        <time>2026-04-17T08:19:41+00:00</time>
      </trkpt>
      <trkpt lat="45.92118" lon="6.80552">
        <ele>2261</ele>
        <time>2026-04-17T08:19:44+00:00</time>
      </trkpt>
      <trkpt lat="45.92114" lon="6.80579">
        <ele>2265</ele>
        <time>2026-04-17T08:19:47+00:00</time>
      </trkpt>
      <trkpt lat="45.92119" lon="6.80574">
        <ele>2265</ele>
        <time>2026-04-17T08:19:50+00:00</time>
      </trkpt>
      <trkpt lat="45.92127" lon="6.80558">
        <ele>2268</ele>
        <time>2026-04-17T08:19:53+00:00</time>
      </trkpt>
      <trkpt lat="45.92133" lon="6.80568">
        <ele>2274</ele>
        <time>2026-04-17T08:19:56+00:00</time>
      </trkpt>
      <trkpt lat="45.92138" lon="6.80619">
        <ele>2270</ele>
        <time>2026-04-17T08:19:59+00:00</time>
      </trkpt>
      <trkpt lat="45.92145" lon="6.80654">
        <ele>2268</ele>
        <time>2026-04-17T08:20:02+00:00</time>
      </trkpt>
      <trkpt lat="45.92143" lon="6.80663">
        <ele>2271</ele>
        <time>2026-04-17T08:20:05+00:00</time>
      </trkpt>
      <trkpt lat="45.92146" lon="6.80675">
        <ele>2270</ele>
        <time>2026-04-17T08:20:08+00:00</time>
      </trkpt>
      <trkpt lat="45.92145" lon="6.80699">
        <ele>2267</ele>
        <time>2026-04-17T08:20:11+00:00</time>
      </trkpt>
      <trkpt lat="45.92148" lon="6.80727">
        <ele>2265</ele>
        <time>2026-04-17T08:20:14+00:00</time>
      </trkpt>
      <trkpt lat="45.92153" lon="6.80737">
        <ele>2263</ele>
        <time>2026-04-17T08:20:17+00:00</time>
      </trkpt>
      <trkpt lat="45.92158" lon="6.80774">
        <ele>2262</ele>
        <time>2026-04-17T08:20:20+00:00</time>
      </trkpt>
      <trkpt lat="45.92157" lon="6.8078">
        <ele>2262</ele>
        <time>2026-04-17T08:20:23+00:00</time>
      </trkpt>
      <trkpt lat="45.92158" lon="6.80802">
        <ele>2262</ele>
        <time>2026-04-17T08:20:26+00:00</time>
      </trkpt>
      <trkpt lat="45.92154" lon="6.80816">
        <ele>2261</ele>
        <time>2026-04-17T08:20:29+00:00</time>
      </trkpt>
      <trkpt lat="45.92144" lon="6.80834">
        <ele>2262</ele>
        <time>2026-04-17T08:20:32+00:00</time>
      </trkpt>
      <trkpt lat="45.92151" lon="6.80871">
        <ele>2262</ele>
        <time>2026-04-17T08:20:35+00:00</time>
      </trkpt>
      <trkpt lat="45.92148" lon="6.80904">
        <ele>2260</ele>
        <time>2026-04-17T08:20:38+00:00</time>
      </trkpt>
      <trkpt lat="45.92152" lon="6.80912">
        <ele>2259</ele>
        <time>2026-04-17T08:20:41+00:00</time>
      </trkpt>
      <trkpt lat="45.92155" lon="6.80951">
        <ele>2258</ele>
        <time>2026-04-17T08:20:44+00:00</time>
      </trkpt>
      <trkpt lat="45.92171" lon="6.8097">
        <ele>2258</ele>
        <time>2026-04-17T08:20:47+00:00</time>
      </trkpt>
      <trkpt lat="45.92176" lon="6.80983">
        <ele>2257</ele>
        <time>2026-04-17T08:20:50+00:00</time>
      </trkpt>
      <trkpt lat="45.92177" lon="6.81004">
        <ele>2258</ele>
        <time>2026-04-17T08:20:53+00:00</time>
      </trkpt>
      <trkpt lat="45.92181" lon="6.81017">
        <ele>2256</ele>
        <time>2026-04-17T08:20:56+00:00</time>
      </trkpt>
      <trkpt lat="45.92176" lon="6.81031">
        <ele>2258</ele>
        <time>2026-04-17T08:20:59+00:00</time>
      </trkpt>
      <trkpt lat="45.92178" lon="6.81045">
        <ele>2258</ele>
        <time>2026-04-17T08:21:02+00:00</time>
      </trkpt>
      <trkpt lat="45.92191" lon="6.81063">
        <ele>2256</ele>
        <time>2026-04-17T08:21:05+00:00</time>
      </trkpt>
      <trkpt lat="45.92197" lon="6.81081">
        <ele>2256</ele>
        <time>2026-04-17T08:21:08+00:00</time>
      </trkpt>
      <trkpt lat="45.92204" lon="6.81082">
        <ele>2251</ele>
        <time>2026-04-17T08:21:11+00:00</time>
      </trkpt>
      <trkpt lat="45.92216" lon="6.81094">
        <ele>2248</ele>
        <time>2026-04-17T08:21:14+00:00</time>
      </trkpt>
      <trkpt lat="45.92223" lon="6.81109">
        <ele>2245</ele>
        <time>2026-04-17T08:21:17+00:00</time>
      </trkpt>
      <trkpt lat="45.92227" lon="6.81114">
        <ele>2243</ele>
        <time>2026-04-17T08:21:20+00:00</time>
      </trkpt>
      <trkpt lat="45.92227" lon="6.81118">
        <ele>2243</ele>
        <time>2026-04-17T08:21:23+00:00</time>
      </trkpt>
      <trkpt lat="45.92221" lon="6.81129">
        <ele>2242</ele>
        <time>2026-04-17T08:21:26+00:00</time>
      </trkpt>
      <trkpt lat="45.9222" lon="6.81141">
        <ele>2240</ele>
        <time>2026-04-17T08:21:29+00:00</time>
      </trkpt>
      <trkpt lat="45.92217" lon="6.81152">
        <ele>2239</ele>
        <time>2026-04-17T08:21:32+00:00</time>
      </trkpt>
      <trkpt lat="45.9222" lon="6.81174">
        <ele>2236</ele>
        <time>2026-04-17T08:21:35+00:00</time>
      </trkpt>
      <trkpt lat="45.92225" lon="6.81182">
        <ele>2234</ele>
        <time>2026-04-17T08:21:38+00:00</time>
      </trkpt>
      <trkpt lat="45.92224" lon="6.81193">
        <ele>2234</ele>
        <time>2026-04-17T08:21:41+00:00</time>
      </trkpt>
      <trkpt lat="45.92228" lon="6.81208">
        <ele>2233</ele>
        <time>2026-04-17T08:21:44+00:00</time>
      </trkpt>
      <trkpt lat="45.92227" lon="6.81235">
        <ele>2229</ele>
        <time>2026-04-17T08:21:47+00:00</time>
      </trkpt>
      <trkpt lat="45.92222" lon="6.81245">
        <ele>2228</ele>
        <time>2026-04-17T08:21:50+00:00</time>
      </trkpt>
      <trkpt lat="45.92221" lon="6.8126">
        <ele>2226</ele>
        <time>2026-04-17T08:21:53+00:00</time>
      </trkpt>
      <trkpt lat="45.92219" lon="6.81265">
        <ele>2229</ele>
        <time>2026-04-17T08:21:56+00:00</time>
      </trkpt>
      <trkpt lat="45.9222" lon="6.81279">
        <ele>2228</ele>
        <time>2026-04-17T08:21:59+00:00</time>
      </trkpt>
      <trkpt lat="45.92226" lon="6.81289">
        <ele>2224</ele>
        <time>2026-04-17T08:22:02+00:00</time>
      </trkpt>
      <trkpt lat="45.92229" lon="6.81312">
        <ele>2222</ele>
        <time>2026-04-17T08:22:05+00:00</time>
      </trkpt>
      <trkpt lat="45.92223" lon="6.81338">
        <ele>2220</ele>
        <time>2026-04-17T08:22:08+00:00</time>
      </trkpt>
      <trkpt lat="45.92231" lon="6.81356">
        <ele>2216</ele>
        <time>2026-04-17T08:22:11+00:00</time>
      </trkpt>
      <trkpt lat="45.92237" lon="6.81359">
        <ele>2216</ele>
        <time>2026-04-17T08:22:14+00:00</time>
      </trkpt>
      <trkpt lat="45.92248" lon="6.8136">
        <ele>2215</ele>
        <time>2026-04-17T08:22:17+00:00</time>
      </trkpt>
      <trkpt lat="45.92257" lon="6.8137">
        <ele>2215</ele>
        <time>2026-04-17T08:22:20+00:00</time>
      </trkpt>
      <trkpt lat="45.9226" lon="6.81384">
        <ele>2216</ele>
        <time>2026-04-17T08:22:23+00:00</time>
      </trkpt>
      <trkpt lat="45.92256" lon="6.81402">
        <ele>2215</ele>
        <time>2026-04-17T08:22:26+00:00</time>
      </trkpt>
      <trkpt lat="45.92265" lon="6.81416">
        <ele>2212</ele>
        <time>2026-04-17T08:22:29+00:00</time>
      </trkpt>
      <trkpt lat="45.92277" lon="6.81419">
        <ele>2211</ele>
        <time>2026-04-17T08:22:32+00:00</time>
      </trkpt>
      <trkpt lat="45.9228" lon="6.81427">
        <ele>2210</ele>
        <time>2026-04-17T08:22:35+00:00</time>
      </trkpt>
      <trkpt lat="45.92296" lon="6.8144">
        <ele>2207</ele>
        <time>2026-04-17T08:22:38+00:00</time>
      </trkpt>
      <trkpt lat="45.92295" lon="6.81451">
        <ele>2206</ele>
        <time>2026-04-17T08:22:41+00:00</time>
      </trkpt>
      <trkpt lat="45.92297" lon="6.81452">
        <ele>2206</ele>
        <time>2026-04-17T08:22:44+00:00</time>
      </trkpt>
      <trkpt lat="45.92311" lon="6.81447">
        <ele>2202</ele>
        <time>2026-04-17T08:22:47+00:00</time>
      </trkpt>
      <trkpt lat="45.9231" lon="6.81461">
        <ele>2202</ele>
        <time>2026-04-17T08:22:50+00:00</time>
      </trkpt>
      <trkpt lat="45.92319" lon="6.81461">
        <ele>2200</ele>
        <time>2026-04-17T08:22:53+00:00</time>
      </trkpt>
      <trkpt lat="45.92315" lon="6.81479">
        <ele>2195</ele>
        <time>2026-04-17T08:22:56+00:00</time>
      </trkpt>
      <trkpt lat="45.92322" lon="6.81482">
        <ele>2189</ele>
        <time>2026-04-17T08:22:59+00:00</time>
      </trkpt>
      <trkpt lat="45.92319" lon="6.81486">
        <ele>2193</ele>
        <time>2026-04-17T08:23:02+00:00</time>
      </trkpt>
      <trkpt lat="45.92324" lon="6.81488">
        <ele>2189</ele>
        <time>2026-04-17T08:23:05+00:00</time>
      </trkpt>
      <trkpt lat="45.92321" lon="6.81493">
        <ele>2187</ele>
        <time>2026-04-17T08:23:08+00:00</time>
      </trkpt>
      <trkpt lat="45.92325" lon="6.81495">
        <ele>2187</ele>
        <time>2026-04-17T08:23:11+00:00</time>
      </trkpt>
      <trkpt lat="45.92322" lon="6.81504">
        <ele>2184</ele>
        <time>2026-04-17T08:23:14+00:00</time>
      </trkpt>
      <trkpt lat="45.92339" lon="6.815">
        <ele>2185</ele>
        <time>2026-04-17T08:23:17+00:00</time>
      </trkpt>
      <trkpt lat="45.92345" lon="6.81503">
        <ele>2180</ele>
        <time>2026-04-17T08:23:20+00:00</time>
      </trkpt>
      <trkpt lat="45.92336" lon="6.8152">
        <ele>2180</ele>
        <time>2026-04-17T08:23:23+00:00</time>
      </trkpt>
      <trkpt lat="45.92329" lon="6.81544">
        <ele>2173</ele>
        <time>2026-04-17T08:23:26+00:00</time>
      </trkpt>
      <trkpt lat="45.92322" lon="6.8157">
        <ele>2171</ele>
        <time>2026-04-17T08:23:29+00:00</time>
      </trkpt>
      <trkpt lat="45.92313" lon="6.81578">
        <ele>2171</ele>
        <time>2026-04-17T08:23:32+00:00</time>
      </trkpt>
      <trkpt lat="45.92306" lon="6.81595">
        <ele>2170</ele>
        <time>2026-04-17T08:23:35+00:00</time>
      </trkpt>
      <trkpt lat="45.92305" lon="6.8162">
        <ele>2167</ele>
        <time>2026-04-17T08:23:38+00:00</time>
      </trkpt>
      <trkpt lat="45.92308" lon="6.81642">
        <ele>2166</ele>
        <time>2026-04-17T08:23:41+00:00</time>
      </trkpt>
      <trkpt lat="45.92318" lon="6.81649">
        <ele>2163</ele>
        <time>2026-04-17T08:23:44+00:00</time>
      </trkpt>
      <trkpt lat="45.92322" lon="6.81658">
        <ele>2161</ele>
        <time>2026-04-17T08:23:47+00:00</time>
      </trkpt>
      <trkpt lat="45.92327" lon="6.81663">
        <ele>2160</ele>
        <time>2026-04-17T08:23:50+00:00</time>
      </trkpt>
      <trkpt lat="45.92327" lon="6.81676">
        <ele>2159</ele>
        <time>2026-04-17T08:23:53+00:00</time>
      </trkpt>
      <trkpt lat="45.92333" lon="6.81688">
        <ele>2157</ele>
        <time>2026-04-17T08:23:56+00:00</time>
      </trkpt>
      <trkpt lat="45.92332" lon="6.81697">
        <ele>2156</ele>
        <time>2026-04-17T08:23:59+00:00</time>
      </trkpt>
      <trkpt lat="45.92335" lon="6.81703">
        <ele>2156</ele>
        <time>2026-04-17T08:24:02+00:00</time>
      </trkpt>
      <trkpt lat="45.92344" lon="6.81706">
        <ele>2155</ele>
        <time>2026-04-17T08:24:05+00:00</time>
      </trkpt>
      <trkpt lat="45.92345" lon="6.81713">
        <ele>2154</ele>
        <time>2026-04-17T08:24:08+00:00</time>
      </trkpt>
      <trkpt lat="45.92337" lon="6.81728">
        <ele>2154</ele>
        <time>2026-04-17T08:24:11+00:00</time>
      </trkpt>
      <trkpt lat="45.92337" lon="6.81736">
        <ele>2153</ele>
        <time>2026-04-17T08:24:14+00:00</time>
      </trkpt>
      <trkpt lat="45.92334" lon="6.81742">
        <ele>2152</ele>
        <time>2026-04-17T08:24:17+00:00</time>
      </trkpt>
      <trkpt lat="45.92332" lon="6.81783">
        <ele>2151</ele>
        <time>2026-04-17T08:24:20+00:00</time>
      </trkpt>
      <trkpt lat="45.92333" lon="6.81786">
        <ele>2149</ele>
        <time>2026-04-17T08:24:23+00:00</time>
      </trkpt>
      <trkpt lat="45.92331" lon="6.81801">
        <ele>2150</ele>
        <time>2026-04-17T08:24:26+00:00</time>
      </trkpt>
      <trkpt lat="45.9234" lon="6.81813">
        <ele>2150</ele>
        <time>2026-04-17T08:24:29+00:00</time>
      </trkpt>
      <trkpt lat="45.92342" lon="6.81829">
        <ele>2147</ele>
        <time>2026-04-17T08:24:32+00:00</time>
      </trkpt>
      <trkpt lat="45.92347" lon="6.81837">
        <ele>2149</ele>
        <time>2026-04-17T08:24:35+00:00</time>
      </trkpt>
      <trkpt lat="45.92349" lon="6.81849">
        <ele>2149</ele>
        <time>2026-04-17T08:24:38+00:00</time>
      </trkpt>
      <trkpt lat="45.92355" lon="6.81861">
        <ele>2149</ele>
        <time>2026-04-17T08:24:41+00:00</time>
      </trkpt>
      <trkpt lat="45.92352" lon="6.81893">
        <ele>2150</ele>
        <time>2026-04-17T08:24:44+00:00</time>
      </trkpt>
      <trkpt lat="45.92344" lon="6.81906">
        <ele>2152</ele>
        <time>2026-04-17T08:24:47+00:00</time>
      </trkpt>
      <trkpt lat="45.92348" lon="6.81916">
        <ele>2147</ele>
        <time>2026-04-17T08:24:50+00:00</time>
      </trkpt>
      <trkpt lat="45.92351" lon="6.81943">
        <ele>2145</ele>
        <time>2026-04-17T08:24:53+00:00</time>
      </trkpt>
      <trkpt lat="45.92345" lon="6.81952">
        <ele>2146</ele>
        <time>2026-04-17T08:24:56+00:00</time>
      </trkpt>
      <trkpt lat="45.92344" lon="6.81972">
        <ele>2142</ele>
        <time>2026-04-17T08:24:59+00:00</time>
      </trkpt>
      <trkpt lat="45.92341" lon="6.81986">
        <ele>2141</ele>
        <time>2026-04-17T08:25:02+00:00</time>
      </trkpt>
      <trkpt lat="45.92345" lon="6.81998">
        <ele>2140</ele>
        <time>2026-04-17T08:25:05+00:00</time>
      </trkpt>
      <trkpt lat="45.92342" lon="6.82012">
        <ele>2140</ele>
        <time>2026-04-17T08:25:08+00:00</time>
      </trkpt>
      <trkpt lat="45.92343" lon="6.82025">
        <ele>2140</ele>
        <time>2026-04-17T08:25:11+00:00</time>
      </trkpt>
      <trkpt lat="45.92338" lon="6.82038">
        <ele>2143</ele>
        <time>2026-04-17T08:25:14+00:00</time>
      </trkpt>
      <trkpt lat="45.92336" lon="6.82052">
        <ele>2141</ele>
        <time>2026-04-17T08:25:17+00:00</time>
      </trkpt>
      <trkpt lat="45.92331" lon="6.82066">
        <ele>2142</ele>
        <time>2026-04-17T08:25:20+00:00</time>
      </trkpt>
      <trkpt lat="45.92333" lon="6.82084">
        <ele>2141</ele>
        <time>2026-04-17T08:25:23+00:00</time>
      </trkpt>
      <trkpt lat="45.92331" lon="6.82111">
        <ele>2141</ele>
        <time>2026-04-17T08:25:26+00:00</time>
      </trkpt>
      <trkpt lat="45.92326" lon="6.82116">
        <ele>2143</ele>
        <time>2026-04-17T08:25:29+00:00</time>
      </trkpt>
      <trkpt lat="45.92327" lon="6.82124">
        <ele>2143</ele>
        <time>2026-04-17T08:25:32+00:00</time>
      </trkpt>
      <trkpt lat="45.92325" lon="6.82131">
        <ele>2142</ele>
        <time>2026-04-17T08:25:35+00:00</time>
      </trkpt>
      <trkpt lat="45.92326" lon="6.82142">
        <ele>2141</ele>
        <time>2026-04-17T08:25:38+00:00</time>
      </trkpt>
      <trkpt lat="45.9232" lon="6.82164">
        <ele>2142</ele>
        <time>2026-04-17T08:25:41+00:00</time>
      </trkpt>
      <trkpt lat="45.9232" lon="6.82182">
        <ele>2141</ele>
        <time>2026-04-17T08:25:44+00:00</time>
      </trkpt>
      <trkpt lat="45.92318" lon="6.82199">
        <ele>2140</ele>
        <time>2026-04-17T08:25:47+00:00</time>
      </trkpt>
      <trkpt lat="45.92307" lon="6.82222">
        <ele>2137</ele>
        <time>2026-04-17T08:25:50+00:00</time>
      </trkpt>
      <trkpt lat="45.92301" lon="6.82249">
        <ele>2134</ele>
        <time>2026-04-17T08:25:53+00:00</time>
      </trkpt>
      <trkpt lat="45.92302" lon="6.82294">
        <ele>2133</ele>
        <time>2026-04-17T08:25:56+00:00</time>
      </trkpt>
      <trkpt lat="45.92307" lon="6.82352">
        <ele>2131</ele>
        <time>2026-04-17T08:25:59+00:00</time>
      </trkpt>
      <trkpt lat="45.92322" lon="6.82389">
        <ele>2131</ele>
        <time>2026-04-17T08:26:02+00:00</time>
      </trkpt>
      <trkpt lat="45.92329" lon="6.82422">
        <ele>2131</ele>
        <time>2026-04-17T08:26:05+00:00</time>
      </trkpt>
      <trkpt lat="45.92336" lon="6.82458">
        <ele>2135</ele>
        <time>2026-04-17T08:26:08+00:00</time>
      </trkpt>
      <trkpt lat="45.92334" lon="6.82496">
        <ele>2142</ele>
        <time>2026-04-17T08:26:11+00:00</time>
      </trkpt>
      <trkpt lat="45.92331" lon="6.82547">
        <ele>2151</ele>
        <time>2026-04-17T08:26:14+00:00</time>
      </trkpt>
      <trkpt lat="45.92334" lon="6.82593">
        <ele>2156</ele>
        <time>2026-04-17T08:26:17+00:00</time>
      </trkpt>
      <trkpt lat="45.92338" lon="6.82621">
        <ele>2159</ele>
        <time>2026-04-17T08:26:20+00:00</time>
      </trkpt>
      <trkpt lat="45.9234" lon="6.82674">
        <ele>2165</ele>
        <time>2026-04-17T08:26:23+00:00</time>
      </trkpt>
      <trkpt lat="45.92339" lon="6.82692">
        <ele>2167</ele>
        <time>2026-04-17T08:26:26+00:00</time>
      </trkpt>
      <trkpt lat="45.92344" lon="6.82704">
        <ele>2170</ele>
        <time>2026-04-17T08:26:29+00:00</time>
      </trkpt>
      <trkpt lat="45.9235" lon="6.82711">
        <ele>2170</ele>
        <time>2026-04-17T08:26:32+00:00</time>
      </trkpt>
      <trkpt lat="45.9235" lon="6.82722">
        <ele>2170</ele>
        <time>2026-04-17T08:26:35+00:00</time>
      </trkpt>
      <trkpt lat="45.92348" lon="6.82728">
        <ele>2170</ele>
        <time>2026-04-17T08:26:38+00:00</time>
      </trkpt>
      <trkpt lat="45.92337" lon="6.82745">
        <ele>2173</ele>
        <time>2026-04-17T08:26:41+00:00</time>
      </trkpt>
      <trkpt lat="45.92334" lon="6.82755">
        <ele>2177</ele>
        <time>2026-04-17T08:26:44+00:00</time>
      </trkpt>
      <trkpt lat="45.9233" lon="6.8276">
        <ele>2177</ele>
        <time>2026-04-17T08:26:47+00:00</time>
      </trkpt>
      <trkpt lat="45.92321" lon="6.82782">
        <ele>2182</ele>
        <time>2026-04-17T08:26:50+00:00</time>
      </trkpt>
      <trkpt lat="45.92319" lon="6.82792">
        <ele>2182</ele>
        <time>2026-04-17T08:26:53+00:00</time>
      </trkpt>
      <trkpt lat="45.9232" lon="6.82797">
        <ele>2182</ele>
        <time>2026-04-17T08:26:56+00:00</time>
      </trkpt>
      <trkpt lat="45.92315" lon="6.8281">
        <ele>2179</ele>
        <time>2026-04-17T08:26:59+00:00</time>
      </trkpt>
      <trkpt lat="45.92317" lon="6.82826">
        <ele>2182</ele>
        <time>2026-04-17T08:27:02+00:00</time>
      </trkpt>
      <trkpt lat="45.92321" lon="6.82831">
        <ele>2188</ele>
        <time>2026-04-17T08:27:05+00:00</time>
      </trkpt>
      <trkpt lat="45.9232" lon="6.82852">
        <ele>2182</ele>
        <time>2026-04-17T08:27:08+00:00</time>
      </trkpt>
      <trkpt lat="45.92323" lon="6.82862">
        <ele>2185</ele>
        <time>2026-04-17T08:27:11+00:00</time>
      </trkpt>
      <trkpt lat="45.92327" lon="6.82863">
        <ele>2185</ele>
        <time>2026-04-17T08:27:14+00:00</time>
      </trkpt>
      <trkpt lat="45.92329" lon="6.82892">
        <ele>2185</ele>
        <time>2026-04-17T08:27:17+00:00</time>
      </trkpt>
      <trkpt lat="45.92328" lon="6.82891">
        <ele>2185</ele>
        <time>2026-04-17T08:27:20+00:00</time>
      </trkpt>
      <trkpt lat="45.92332" lon="6.82892">
        <ele>2189</ele>
        <time>2026-04-17T08:27:23+00:00</time>
      </trkpt>
      <trkpt lat="45.92333" lon="6.82884">
        <ele>2188</ele>
        <time>2026-04-17T08:27:26+00:00</time>
      </trkpt>
      <trkpt lat="45.92341" lon="6.82875">
        <ele>2191</ele>
        <time>2026-04-17T08:27:29+00:00</time>
      </trkpt>
      <trkpt lat="45.92354" lon="6.8285">
        <ele>2192</ele>
        <time>2026-04-17T08:27:32+00:00</time>
      </trkpt>
      <trkpt lat="45.92354" lon="6.82846">
        <ele>2196</ele>
        <time>2026-04-17T08:27:35+00:00</time>
      </trkpt>
      <trkpt lat="45.92347" lon="6.82841">
        <ele>2194</ele>
        <time>2026-04-17T08:27:38+00:00</time>
      </trkpt>
      <trkpt lat="45.9234" lon="6.82829">
        <ele>2193</ele>
        <time>2026-04-17T08:27:41+00:00</time>
      </trkpt>
      <trkpt lat="45.9234" lon="6.82825">
        <ele>2193</ele>
        <time>2026-04-17T08:27:44+00:00</time>
      </trkpt>
      <trkpt lat="45.92371" lon="6.82839">
        <ele>2205</ele>
        <time>2026-04-17T08:27:47+00:00</time>
      </trkpt>
      <trkpt lat="45.92397" lon="6.82846">
        <ele>2211</ele>
        <time>2026-04-17T08:27:50+00:00</time>
      </trkpt>
      <trkpt lat="45.9241" lon="6.82856">
        <ele>2212</ele>
        <time>2026-04-17T08:27:53+00:00</time>
      </trkpt>
      <trkpt lat="45.92424" lon="6.82862">
        <ele>2216</ele>
        <time>2026-04-17T08:27:56+00:00</time>
      </trkpt>
      <trkpt lat="45.92432" lon="6.82872">
        <ele>2216</ele>
        <time>2026-04-17T08:27:59+00:00</time>
      </trkpt>
      <trkpt lat="45.92431" lon="6.82878">
        <ele>2216</ele>
        <time>2026-04-17T08:28:02+00:00</time>
      </trkpt>
      <trkpt lat="45.92412" lon="6.8289">
        <ele>2219</ele>
        <time>2026-04-17T08:28:05+00:00</time>
      </trkpt>
      <trkpt lat="45.92388" lon="6.82907">
        <ele>2219</ele>
        <time>2026-04-17T08:28:08+00:00</time>
      </trkpt>
      <trkpt lat="45.9238" lon="6.82934">
        <ele>2222</ele>
        <time>2026-04-17T08:28:11+00:00</time>
      </trkpt>
      <trkpt lat="45.92382" lon="6.82949">
        <ele>2226</ele>
        <time>2026-04-17T08:28:14+00:00</time>
      </trkpt>
      <trkpt lat="45.92385" lon="6.8295">
        <ele>2226</ele>
        <time>2026-04-17T08:28:17+00:00</time>
      </trkpt>
      <trkpt lat="45.92387" lon="6.82942">
        <ele>2226</ele>
        <time>2026-04-17T08:28:20+00:00</time>
      </trkpt>
      <trkpt lat="45.92391" lon="6.82936">
        <ele>2229</ele>
        <time>2026-04-17T08:28:23+00:00</time>
      </trkpt>
      <trkpt lat="45.92402" lon="6.82932">
        <ele>2232</ele>
        <time>2026-04-17T08:28:26+00:00</time>
      </trkpt>
      <trkpt lat="45.92409" lon="6.82924">
        <ele>2228</ele>
        <time>2026-04-17T08:28:29+00:00</time>
      </trkpt>
      <trkpt lat="45.92417" lon="6.82922">
        <ele>2230</ele>
        <time>2026-04-17T08:28:32+00:00</time>
      </trkpt>
      <trkpt lat="45.92447" lon="6.82922">
        <ele>2234</ele>
        <time>2026-04-17T08:28:35+00:00</time>
      </trkpt>
      <trkpt lat="45.92479" lon="6.8293">
        <ele>2241</ele>
        <time>2026-04-17T08:28:38+00:00</time>
      </trkpt>
      <trkpt lat="45.92483" lon="6.82917">
        <ele>2245</ele>
        <time>2026-04-17T08:28:41+00:00</time>
      </trkpt>
      <trkpt lat="45.92486" lon="6.8293">
        <ele>2246</ele>
        <time>2026-04-17T08:28:44+00:00</time>
      </trkpt>
      <trkpt lat="45.92493" lon="6.82946">
        <ele>2252</ele>
        <time>2026-04-17T08:28:47+00:00</time>
      </trkpt>
      <trkpt lat="45.92505" lon="6.82964">
        <ele>2258</ele>
        <time>2026-04-17T08:28:50+00:00</time>
      </trkpt>
      <trkpt lat="45.92518" lon="6.82968">
        <ele>2259</ele>
        <time>2026-04-17T08:28:53+00:00</time>
      </trkpt>
      <trkpt lat="45.92527" lon="6.82975">
        <ele>2261</ele>
        <time>2026-04-17T08:28:56+00:00</time>
      </trkpt>
      <trkpt lat="45.92514" lon="6.82976">
        <ele>2260</ele>
        <time>2026-04-17T08:28:59+00:00</time>
      </trkpt>
      <trkpt lat="45.92509" lon="6.82978">
        <ele>2259</ele>
        <time>2026-04-17T08:29:02+00:00</time>
      </trkpt>
      <trkpt lat="45.92508" lon="6.82981">
        <ele>2263</ele>
        <time>2026-04-17T08:29:05+00:00</time>
      </trkpt>
      <trkpt lat="45.92514" lon="6.82986">
        <ele>2262</ele>
        <time>2026-04-17T08:29:08+00:00</time>
      </trkpt>
      <trkpt lat="45.92515" lon="6.8299">
        <ele>2262</ele>
        <time>2026-04-17T08:29:11+00:00</time>
      </trkpt>
      <trkpt lat="45.92511" lon="6.83019">
        <ele>2262</ele>
        <time>2026-04-17T08:29:14+00:00</time>
      </trkpt>
      <trkpt lat="45.92506" lon="6.83031">
        <ele>2268</ele>
        <time>2026-04-17T08:29:17+00:00</time>
      </trkpt>
      <trkpt lat="45.92505" lon="6.8304">
        <ele>2268</ele>
        <time>2026-04-17T08:29:20+00:00</time>
      </trkpt>
      <trkpt lat="45.92498" lon="6.83061">
        <ele>2262</ele>
        <time>2026-04-17T08:29:23+00:00</time>
      </trkpt>
      <trkpt lat="45.92502" lon="6.83078">
        <ele>2263</ele>
        <time>2026-04-17T08:29:26+00:00</time>
      </trkpt>
      <trkpt lat="45.92501" lon="6.83092">
        <ele>2263</ele>
        <time>2026-04-17T08:29:29+00:00</time>
      </trkpt>
      <trkpt lat="45.92502" lon="6.83099">
        <ele>2263</ele>
        <time>2026-04-17T08:29:32+00:00</time>
      </trkpt>
      <trkpt lat="45.92512" lon="6.83127">
        <ele>2265</ele>
        <time>2026-04-17T08:29:35+00:00</time>
      </trkpt>
      <trkpt lat="45.92512" lon="6.83134">
        <ele>2266</ele>
        <time>2026-04-17T08:29:38+00:00</time>
      </trkpt>
      <trkpt lat="45.92533" lon="6.8318">
        <ele>2268</ele>
        <time>2026-04-17T08:29:41+00:00</time>
      </trkpt>
      <trkpt lat="45.92529" lon="6.83187">
        <ele>2273</ele>
        <time>2026-04-17T08:29:44+00:00</time>
      </trkpt>
      <trkpt lat="45.9253" lon="6.83191">
        <ele>2272</ele>
        <time>2026-04-17T08:29:47+00:00</time>
      </trkpt>
      <trkpt lat="45.92546" lon="6.83207">
        <ele>2264</ele>
        <time>2026-04-17T08:29:50+00:00</time>
      </trkpt>
      <trkpt lat="45.9255" lon="6.83214">
        <ele>2270</ele>
        <time>2026-04-17T08:29:53+00:00</time>
      </trkpt>
      <trkpt lat="45.92558" lon="6.83242">
        <ele>2264</ele>
        <time>2026-04-17T08:29:56+00:00</time>
      </trkpt>
      <trkpt lat="45.92561" lon="6.83246">
        <ele>2265</ele>
        <time>2026-04-17T08:29:59+00:00</time>
      </trkpt>
      <trkpt lat="45.9256" lon="6.83258">
        <ele>2259</ele>
        <time>2026-04-17T08:30:02+00:00</time>
      </trkpt>
      <trkpt lat="45.92566" lon="6.83264">
        <ele>2265</ele>
        <time>2026-04-17T08:30:05+00:00</time>
      </trkpt>
      <trkpt lat="45.92573" lon="6.8328">
        <ele>2263</ele>
        <time>2026-04-17T08:30:08+00:00</time>
      </trkpt>
      <trkpt lat="45.92579" lon="6.83284">
        <ele>2265</ele>
        <time>2026-04-17T08:30:11+00:00</time>
      </trkpt>
      <trkpt lat="45.92582" lon="6.83291">
        <ele>2267</ele>
        <time>2026-04-17T08:30:14+00:00</time>
      </trkpt>
      <trkpt lat="45.92587" lon="6.83295">
        <ele>2267</ele>
        <time>2026-04-17T08:30:17+00:00</time>
      </trkpt>
      <trkpt lat="45.92599" lon="6.83316">
        <ele>2271</ele>
        <time>2026-04-17T08:30:20+00:00</time>
      </trkpt>
      <trkpt lat="45.92606" lon="6.83322">
        <ele>2274</ele>
        <time>2026-04-17T08:30:23+00:00</time>
      </trkpt>
      <trkpt lat="45.92609" lon="6.83329">
        <ele>2274</ele>
        <time>2026-04-17T08:30:26+00:00</time>
      </trkpt>
      <trkpt lat="45.92621" lon="6.83338">
        <ele>2272</ele>
        <time>2026-04-17T08:30:29+00:00</time>
      </trkpt>
      <trkpt lat="45.92625" lon="6.83345">
        <ele>2276</ele>
        <time>2026-04-17T08:30:32+00:00</time>
      </trkpt>
      <trkpt lat="45.92644" lon="6.83366">
        <ele>2274</ele>
        <time>2026-04-17T08:30:35+00:00</time>
      </trkpt>
      <trkpt lat="45.92643" lon="6.83366">
        <ele>2280</ele>
        <time>2026-04-17T08:30:38+00:00</time>
      </trkpt>
      <trkpt lat="45.92653" lon="6.83364">
        <ele>2283</ele>
        <time>2026-04-17T08:30:41+00:00</time>
      </trkpt>
      <trkpt lat="45.92654" lon="6.83361">
        <ele>2283</ele>
        <time>2026-04-17T08:30:44+00:00</time>
      </trkpt>
      <trkpt lat="45.92648" lon="6.83328">
        <ele>2276</ele>
        <time>2026-04-17T08:30:47+00:00</time>
      </trkpt>
      <trkpt lat="45.92648" lon="6.83314">
        <ele>2274</ele>
        <time>2026-04-17T08:30:50+00:00</time>
      </trkpt>
      <trkpt lat="45.92651" lon="6.83313">
        <ele>2277</ele>
        <time>2026-04-17T08:30:53+00:00</time>
      </trkpt>
      <trkpt lat="45.92668" lon="6.83319">
        <ele>2279</ele>
        <time>2026-04-17T08:30:56+00:00</time>
      </trkpt>
      <trkpt lat="45.92673" lon="6.83318">
        <ele>2281</ele>
        <time>2026-04-17T08:30:59+00:00</time>
      </trkpt>
      <trkpt lat="45.9268" lon="6.8332">
        <ele>2281</ele>
        <time>2026-04-17T08:31:02+00:00</time>
      </trkpt>
      <trkpt lat="45.92707" lon="6.83338">
        <ele>2285</ele>
        <time>2026-04-17T08:31:05+00:00</time>
      </trkpt>
      <trkpt lat="45.92722" lon="6.83341">
        <ele>2284</ele>
        <time>2026-04-17T08:31:08+00:00</time>
      </trkpt>
      <trkpt lat="45.92736" lon="6.83353">
        <ele>2285</ele>
        <time>2026-04-17T08:31:11+00:00</time>
      </trkpt>
      <trkpt lat="45.92745" lon="6.83358">
        <ele>2285</ele>
        <time>2026-04-17T08:31:14+00:00</time>
      </trkpt>
      <trkpt lat="45.92757" lon="6.83374">
        <ele>2285</ele>
        <time>2026-04-17T08:31:17+00:00</time>
      </trkpt>
      <trkpt lat="45.92773" lon="6.83377">
        <ele>2281</ele>
        <time>2026-04-17T08:31:20+00:00</time>
      </trkpt>
      <trkpt lat="45.92776" lon="6.83382">
        <ele>2285</ele>
        <time>2026-04-17T08:31:23+00:00</time>
      </trkpt>
      <trkpt lat="45.92782" lon="6.83384">
        <ele>2283</ele>
        <time>2026-04-17T08:31:26+00:00</time>
      </trkpt>
      <trkpt lat="45.92786" lon="6.83379">
        <ele>2280</ele>
        <time>2026-04-17T08:31:29+00:00</time>
      </trkpt>
      <trkpt lat="45.92792" lon="6.83383">
        <ele>2281</ele>
        <time>2026-04-17T08:31:32+00:00</time>
      </trkpt>
      <trkpt lat="45.92802" lon="6.83386">
        <ele>2280</ele>
        <time>2026-04-17T08:31:35+00:00</time>
      </trkpt>
      <trkpt lat="45.92812" lon="6.83387">
        <ele>2278</ele>
        <time>2026-04-17T08:31:38+00:00</time>
      </trkpt>
      <trkpt lat="45.92819" lon="6.83386">
        <ele>2278</ele>
        <time>2026-04-17T08:31:41+00:00</time>
      </trkpt>
      <trkpt lat="45.92825" lon="6.8339">
        <ele>2280</ele>
        <time>2026-04-17T08:31:44+00:00</time>
      </trkpt>
      <trkpt lat="45.92844" lon="6.83397">
        <ele>2280</ele>
        <time>2026-04-17T08:31:47+00:00</time>
      </trkpt>
      <trkpt lat="45.92861" lon="6.83401">
        <ele>2283</ele>
        <time>2026-04-17T08:31:50+00:00</time>
      </trkpt>
      <trkpt lat="45.92873" lon="6.83407">
        <ele>2281</ele>
        <time>2026-04-17T08:31:53+00:00</time>
      </trkpt>
      <trkpt lat="45.92878" lon="6.83419">
        <ele>2286</ele>
        <time>2026-04-17T08:31:56+00:00</time>
      </trkpt>
      <trkpt lat="45.92885" lon="6.8343">
        <ele>2286</ele>
        <time>2026-04-17T08:31:59+00:00</time>
      </trkpt>
      <trkpt lat="45.92898" lon="6.83442">
        <ele>2290</ele>
        <time>2026-04-17T08:32:02+00:00</time>
      </trkpt>
      <trkpt lat="45.92913" lon="6.83451">
        <ele>2291</ele>
        <time>2026-04-17T08:32:05+00:00</time>
      </trkpt>
      <trkpt lat="45.92925" lon="6.83456">
        <ele>2291</ele>
        <time>2026-04-17T08:32:08+00:00</time>
      </trkpt>
      <trkpt lat="45.92931" lon="6.83458">
        <ele>2294</ele>
        <time>2026-04-17T08:32:11+00:00</time>
      </trkpt>
      <trkpt lat="45.92936" lon="6.83455">
        <ele>2294</ele>
        <time>2026-04-17T08:32:14+00:00</time>
      </trkpt>
      <trkpt lat="45.9294" lon="6.83459">
        <ele>2294</ele>
        <time>2026-04-17T08:32:17+00:00</time>
      </trkpt>
      <trkpt lat="45.92938" lon="6.8347">
        <ele>2296</ele>
        <time>2026-04-17T08:32:20+00:00</time>
      </trkpt>
      <trkpt lat="45.92942" lon="6.83469">
        <ele>2298</ele>
        <time>2026-04-17T08:32:23+00:00</time>
      </trkpt>
      <trkpt lat="45.92946" lon="6.83479">
        <ele>2300</ele>
        <time>2026-04-17T08:32:26+00:00</time>
      </trkpt>
      <trkpt lat="45.92951" lon="6.83475">
        <ele>2302</ele>
        <time>2026-04-17T08:32:29+00:00</time>
      </trkpt>
      <trkpt lat="45.92954" lon="6.83481">
        <ele>2302</ele>
        <time>2026-04-17T08:32:32+00:00</time>
      </trkpt>
      <trkpt lat="45.92957" lon="6.83474">
        <ele>2302</ele>
        <time>2026-04-17T08:32:35+00:00</time>
      </trkpt>
      <trkpt lat="45.9297" lon="6.83466">
        <ele>2304</ele>
        <time>2026-04-17T08:32:38+00:00</time>
      </trkpt>
      <trkpt lat="45.92975" lon="6.83454">
        <ele>2307</ele>
        <time>2026-04-17T08:32:41+00:00</time>
      </trkpt>
      <trkpt lat="45.92977" lon="6.83454">
        <ele>2307</ele>
        <time>2026-04-17T08:32:44+00:00</time>
      </trkpt>
      <trkpt lat="45.92979" lon="6.83464">
        <ele>2307</ele>
        <time>2026-04-17T08:32:47+00:00</time>
      </trkpt>
      <trkpt lat="45.92982" lon="6.83467">
        <ele>2311</ele>
        <time>2026-04-17T08:32:50+00:00</time>
      </trkpt>
      <trkpt lat="45.92985" lon="6.83452">
        <ele>2310</ele>
        <time>2026-04-17T08:32:53+00:00</time>
      </trkpt>
      <trkpt lat="45.92993" lon="6.83455">
        <ele>2316</ele>
        <time>2026-04-17T08:32:56+00:00</time>
      </trkpt>
      <trkpt lat="45.92998" lon="6.83459">
        <ele>2316</ele>
        <time>2026-04-17T08:32:59+00:00</time>
      </trkpt>
      <trkpt lat="45.92998" lon="6.83465">
        <ele>2316</ele>
        <time>2026-04-17T08:33:02+00:00</time>
      </trkpt>
      <trkpt lat="45.93023" lon="6.83459">
        <ele>2319</ele>
        <time>2026-04-17T08:33:05+00:00</time>
      </trkpt>
      <trkpt lat="45.93037" lon="6.83461">
        <ele>2321</ele>
        <time>2026-04-17T08:33:08+00:00</time>
      </trkpt>
      <trkpt lat="45.93041" lon="6.83464">
        <ele>2322</ele>
        <time>2026-04-17T08:33:11+00:00</time>
      </trkpt>
      <trkpt lat="45.93047" lon="6.8349">
        <ele>2327</ele>
        <time>2026-04-17T08:33:14+00:00</time>
      </trkpt>
      <trkpt lat="45.93051" lon="6.83488">
        <ele>2328</ele>
        <time>2026-04-17T08:33:17+00:00</time>
      </trkpt>
      <trkpt lat="45.93055" lon="6.83493">
        <ele>2329</ele>
        <time>2026-04-17T08:33:20+00:00</time>
      </trkpt>
      <trkpt lat="45.9306" lon="6.83493">
        <ele>2329</ele>
        <time>2026-04-17T08:33:23+00:00</time>
      </trkpt>
      <trkpt lat="45.93064" lon="6.8349">
        <ele>2328</ele>
        <time>2026-04-17T08:33:26+00:00</time>
      </trkpt>
      <trkpt lat="45.9307" lon="6.8349">
        <ele>2328</ele>
        <time>2026-04-17T08:33:29+00:00</time>
      </trkpt>
      <trkpt lat="45.93077" lon="6.83484">
        <ele>2329</ele>
        <time>2026-04-17T08:33:32+00:00</time>
      </trkpt>
      <trkpt lat="45.9308" lon="6.83486">
        <ele>2329</ele>
        <time>2026-04-17T08:33:35+00:00</time>
      </trkpt>
      <trkpt lat="45.93082" lon="6.83492">
        <ele>2331</ele>
        <time>2026-04-17T08:33:38+00:00</time>
      </trkpt>
      <trkpt lat="45.93077" lon="6.83507">
        <ele>2330</ele>
        <time>2026-04-17T08:33:41+00:00</time>
      </trkpt>
      <trkpt lat="45.93086" lon="6.83509">
        <ele>2332</ele>
        <time>2026-04-17T08:33:44+00:00</time>
      </trkpt>
      <trkpt lat="45.93095" lon="6.83506">
        <ele>2334</ele>
        <time>2026-04-17T08:33:47+00:00</time>
      </trkpt>
      <trkpt lat="45.93101" lon="6.83507">
        <ele>2336</ele>
        <time>2026-04-17T08:33:50+00:00</time>
      </trkpt>
      <trkpt lat="45.9312" lon="6.835">
        <ele>2337</ele>
        <time>2026-04-17T08:33:53+00:00</time>
      </trkpt>
      <trkpt lat="45.93126" lon="6.83506">
        <ele>2340</ele>
        <time>2026-04-17T08:33:56+00:00</time>
      </trkpt>
      <trkpt lat="45.93133" lon="6.83509">
        <ele>2341</ele>
        <time>2026-04-17T08:33:59+00:00</time>
      </trkpt>
      <trkpt lat="45.93143" lon="6.83508">
        <ele>2343</ele>
        <time>2026-04-17T08:34:02+00:00</time>
      </trkpt>
      <trkpt lat="45.93159" lon="6.83498">
        <ele>2343</ele>
        <time>2026-04-17T08:34:05+00:00</time>
      </trkpt>
      <trkpt lat="45.93174" lon="6.8348">
        <ele>2348</ele>
        <time>2026-04-17T08:34:08+00:00</time>
      </trkpt>
      <trkpt lat="45.93188" lon="6.83474">
        <ele>2351</ele>
        <time>2026-04-17T08:34:11+00:00</time>
      </trkpt>
      <trkpt lat="45.93196" lon="6.83479">
        <ele>2353</ele>
        <time>2026-04-17T08:34:14+00:00</time>
      </trkpt>
      <trkpt lat="45.93199" lon="6.83485">
        <ele>2354</ele>
        <time>2026-04-17T08:34:17+00:00</time>
      </trkpt>
      <trkpt lat="45.93189" lon="6.83497">
        <ele>2354</ele>
        <time>2026-04-17T08:34:20+00:00</time>
      </trkpt>
      <trkpt lat="45.93189" lon="6.83506">
        <ele>2356</ele>
        <time>2026-04-17T08:34:23+00:00</time>
      </trkpt>
      <trkpt lat="45.93207" lon="6.83502">
        <ele>2361</ele>
        <time>2026-04-17T08:34:26+00:00</time>
      </trkpt>
      <trkpt lat="45.93214" lon="6.83504">
        <ele>2364</ele>
        <time>2026-04-17T08:34:29+00:00</time>
      </trkpt>
      <trkpt lat="45.93221" lon="6.83503">
        <ele>2366</ele>
        <time>2026-04-17T08:34:32+00:00</time>
      </trkpt>
      <trkpt lat="45.93204" lon="6.83532">
        <ele>2373</ele>
        <time>2026-04-17T08:34:35+00:00</time>
      </trkpt>
      <trkpt lat="45.93211" lon="6.83533">
        <ele>2377</ele>
        <time>2026-04-17T08:34:38+00:00</time>
      </trkpt>
      <trkpt lat="45.93207" lon="6.83542">
        <ele>2376</ele>
        <time>2026-04-17T08:34:41+00:00</time>
      </trkpt>
      <trkpt lat="45.93196" lon="6.83556">
        <ele>2374</ele>
        <time>2026-04-17T08:34:44+00:00</time>
      </trkpt>
      <trkpt lat="45.93191" lon="6.83558">
        <ele>2378</ele>
        <time>2026-04-17T08:34:47+00:00</time>
      </trkpt>
      <trkpt lat="45.93188" lon="6.83562">
        <ele>2379</ele>
        <time>2026-04-17T08:34:50+00:00</time>
      </trkpt>
      <trkpt lat="45.93183" lon="6.83563">
        <ele>2379</ele>
        <time>2026-04-17T08:34:53+00:00</time>
      </trkpt>
      <trkpt lat="45.93177" lon="6.8357">
        <ele>2376</ele>
        <time>2026-04-17T08:34:56+00:00</time>
      </trkpt>
      <trkpt lat="45.93167" lon="6.83592">
        <ele>2381</ele>
        <time>2026-04-17T08:34:59+00:00</time>
      </trkpt>
      <trkpt lat="45.93147" lon="6.83617">
        <ele>2379</ele>
        <time>2026-04-17T08:35:02+00:00</time>
      </trkpt>
      <trkpt lat="45.93145" lon="6.83629">
        <ele>2383</ele>
        <time>2026-04-17T08:35:05+00:00</time>
      </trkpt>
      <trkpt lat="45.93145" lon="6.83648">
        <ele>2388</ele>
        <time>2026-04-17T08:35:08+00:00</time>
      </trkpt>
      <trkpt lat="45.93154" lon="6.83639">
        <ele>2390</ele>
        <time>2026-04-17T08:35:11+00:00</time>
      </trkpt>
      <trkpt lat="45.93156" lon="6.83634">
        <ele>2390</ele>
        <time>2026-04-17T08:35:14+00:00</time>
      </trkpt>
      <trkpt lat="45.93163" lon="6.83626">
        <ele>2391</ele>
        <time>2026-04-17T08:35:17+00:00</time>
      </trkpt>
      <trkpt lat="45.93189" lon="6.83617">
        <ele>2399</ele>
        <time>2026-04-17T08:35:20+00:00</time>
      </trkpt>
      <trkpt lat="45.93177" lon="6.83659">
        <ele>2403</ele>
        <time>2026-04-17T08:35:23+00:00</time>
      </trkpt>
      <trkpt lat="45.93178" lon="6.83662">
        <ele>2405</ele>
        <time>2026-04-17T08:35:26+00:00</time>
      </trkpt>
      <trkpt lat="45.93186" lon="6.83653">
        <ele>2405</ele>
        <time>2026-04-17T08:35:29+00:00</time>
      </trkpt>
      <trkpt lat="45.93191" lon="6.83653">
        <ele>2408</ele>
        <time>2026-04-17T08:35:32+00:00</time>
      </trkpt>
      <trkpt lat="45.93186" lon="6.83673">
        <ele>2410</ele>
        <time>2026-04-17T08:35:35+00:00</time>
      </trkpt>
      <trkpt lat="45.93197" lon="6.8367">
        <ele>2411</ele>
        <time>2026-04-17T08:35:38+00:00</time>
      </trkpt>
      <trkpt lat="45.93192" lon="6.83682">
        <ele>2414</ele>
        <time>2026-04-17T08:35:41+00:00</time>
      </trkpt>
      <trkpt lat="45.93209" lon="6.83686">
        <ele>2417</ele>
        <time>2026-04-17T08:35:44+00:00</time>
      </trkpt>
      <trkpt lat="45.93221" lon="6.83678">
        <ele>2422</ele>
        <time>2026-04-17T08:35:47+00:00</time>
      </trkpt>
      <trkpt lat="45.93233" lon="6.83665">
        <ele>2429</ele>
        <time>2026-04-17T08:35:50+00:00</time>
      </trkpt>
      <trkpt lat="45.93241" lon="6.83661">
        <ele>2433</ele>
        <time>2026-04-17T08:35:53+00:00</time>
      </trkpt>
      <trkpt lat="45.93249" lon="6.83653">
        <ele>2429</ele>
        <time>2026-04-17T08:35:56+00:00</time>
      </trkpt>
      <trkpt lat="45.93263" lon="6.83651">
        <ele>2435</ele>
        <time>2026-04-17T08:35:59+00:00</time>
      </trkpt>
      <trkpt lat="45.93273" lon="6.83644">
        <ele>2436</ele>
        <time>2026-04-17T08:36:02+00:00</time>
      </trkpt>
      <trkpt lat="45.93284" lon="6.83641">
        <ele>2439</ele>
        <time>2026-04-17T08:36:05+00:00</time>
      </trkpt>
      <trkpt lat="45.93273" lon="6.83665">
        <ele>2445</ele>
        <time>2026-04-17T08:36:08+00:00</time>
      </trkpt>
      <trkpt lat="45.93278" lon="6.83661">
        <ele>2445</ele>
        <time>2026-04-17T08:36:11+00:00</time>
      </trkpt>
      <trkpt lat="45.93298" lon="6.83653">
        <ele>2450</ele>
        <time>2026-04-17T08:36:14+00:00</time>
      </trkpt>
      <trkpt lat="45.93316" lon="6.83642">
        <ele>2455</ele>
        <time>2026-04-17T08:36:17+00:00</time>
      </trkpt>
      <trkpt lat="45.93328" lon="6.83638">
        <ele>2455</ele>
        <time>2026-04-17T08:36:20+00:00</time>
      </trkpt>
      <trkpt lat="45.93313" lon="6.83667">
        <ele>2465</ele>
        <time>2026-04-17T08:36:23+00:00</time>
      </trkpt>
      <trkpt lat="45.93315" lon="6.83669">
        <ele>2465</ele>
        <time>2026-04-17T08:36:26+00:00</time>
      </trkpt>
      <trkpt lat="45.93319" lon="6.83663">
        <ele>2465</ele>
        <time>2026-04-17T08:36:29+00:00</time>
      </trkpt>
      <trkpt lat="45.93329" lon="6.83662">
        <ele>2469</ele>
        <time>2026-04-17T08:36:32+00:00</time>
      </trkpt>
      <trkpt lat="45.93356" lon="6.83665">
        <ele>2476</ele>
        <time>2026-04-17T08:36:35+00:00</time>
      </trkpt>
      <trkpt lat="45.93369" lon="6.83669">
        <ele>2476</ele>
        <time>2026-04-17T08:36:38+00:00</time>
      </trkpt>
      <trkpt lat="45.93389" lon="6.8369">
        <ele>2477</ele>
        <time>2026-04-17T08:36:41+00:00</time>
      </trkpt>
      <trkpt lat="45.93403" lon="6.83689">
        <ele>2480</ele>
        <time>2026-04-17T08:36:44+00:00</time>
      </trkpt>
      <trkpt lat="45.93412" lon="6.83692">
        <ele>2474</ele>
        <time>2026-04-17T08:36:47+00:00</time>
      </trkpt>
      <trkpt lat="45.93413" lon="6.8369">
        <ele>2476</ele>
        <time>2026-04-17T08:36:50+00:00</time>
      </trkpt>
      <trkpt lat="45.93433" lon="6.83688">
        <ele>2471</ele>
        <time>2026-04-17T08:36:53+00:00</time>
      </trkpt>
      <trkpt lat="45.9344" lon="6.8369">
        <ele>2471</ele>
        <time>2026-04-17T08:36:56+00:00</time>
      </trkpt>
      <trkpt lat="45.93455" lon="6.83707">
        <ele>2471</ele>
        <time>2026-04-17T08:36:59+00:00</time>
      </trkpt>
      <trkpt lat="45.93462" lon="6.83717">
        <ele>2469</ele>
        <time>2026-04-17T08:37:02+00:00</time>
      </trkpt>
      <trkpt lat="45.9348" lon="6.83734">
        <ele>2471</ele>
        <time>2026-04-17T08:37:05+00:00</time>
      </trkpt>
      <trkpt lat="45.93521" lon="6.83758">
        <ele>2458</ele>
        <time>2026-04-17T08:37:08+00:00</time>
      </trkpt>
      <trkpt lat="45.9353" lon="6.83761">
        <ele>2461</ele>
        <time>2026-04-17T08:37:11+00:00</time>
      </trkpt>
      <trkpt lat="45.93557" lon="6.83746">
        <ele>2450</ele>
        <time>2026-04-17T08:37:14+00:00</time>
      </trkpt>
      <trkpt lat="45.93571" lon="6.83732">
        <ele>2447</ele>
        <time>2026-04-17T08:37:17+00:00</time>
      </trkpt>
      <trkpt lat="45.9359" lon="6.83726">
        <ele>2445</ele>
        <time>2026-04-17T08:37:20+00:00</time>
      </trkpt>
      <trkpt lat="45.93602" lon="6.83727">
        <ele>2443</ele>
        <time>2026-04-17T08:37:23+00:00</time>
      </trkpt>
      <trkpt lat="45.93608" lon="6.8373">
        <ele>2443</ele>
        <time>2026-04-17T08:37:26+00:00</time>
      </trkpt>
      <trkpt lat="45.93619" lon="6.83744">
        <ele>2442</ele>
        <time>2026-04-17T08:37:29+00:00</time>
      </trkpt>
      <trkpt lat="45.93631" lon="6.83759">
        <ele>2435</ele>
        <time>2026-04-17T08:37:32+00:00</time>
      </trkpt>
      <trkpt lat="45.93657" lon="6.83777">
        <ele>2434</ele>
        <time>2026-04-17T08:37:35+00:00</time>
      </trkpt>
      <trkpt lat="45.93674" lon="6.83805">
        <ele>2433</ele>
        <time>2026-04-17T08:37:38+00:00</time>
      </trkpt>
      <trkpt lat="45.93671" lon="6.83825">
        <ele>2428</ele>
        <time>2026-04-17T08:37:41+00:00</time>
      </trkpt>
      <trkpt lat="45.93646" lon="6.83836">
        <ele>2422</ele>
        <time>2026-04-17T08:37:44+00:00</time>
      </trkpt>
      <trkpt lat="45.93622" lon="6.83837">
        <ele>2422</ele>
        <time>2026-04-17T08:37:47+00:00</time>
      </trkpt>
      <trkpt lat="45.93597" lon="6.83838">
        <ele>2422</ele>
        <time>2026-04-17T08:37:50+00:00</time>
      </trkpt>
      <trkpt lat="45.93587" lon="6.83839">
        <ele>2422</ele>
        <time>2026-04-17T08:37:53+00:00</time>
      </trkpt>
      <trkpt lat="45.93562" lon="6.8384">
        <ele>2410</ele>
        <time>2026-04-17T08:37:56+00:00</time>
      </trkpt>
      <trkpt lat="45.9354" lon="6.8385">
        <ele>2402</ele>
        <time>2026-04-17T08:37:59+00:00</time>
      </trkpt>
      <trkpt lat="45.93519" lon="6.8386">
        <ele>2401</ele>
        <time>2026-04-17T08:38:02+00:00</time>
      </trkpt>
      <trkpt lat="45.93541" lon="6.83876">
        <ele>2395</ele>
        <time>2026-04-17T08:38:05+00:00</time>
      </trkpt>
      <trkpt lat="45.93553" lon="6.83889">
        <ele>2392</ele>
        <time>2026-04-17T08:38:08+00:00</time>
      </trkpt>
      <trkpt lat="45.9354" lon="6.83905">
        <ele>2383</ele>
        <time>2026-04-17T08:38:11+00:00</time>
      </trkpt>
      <trkpt lat="45.93526" lon="6.83924">
        <ele>2378</ele>
        <time>2026-04-17T08:38:14+00:00</time>
      </trkpt>
      <trkpt lat="45.93544" lon="6.83947">
        <ele>2374</ele>
        <time>2026-04-17T08:38:17+00:00</time>
      </trkpt>
      <trkpt lat="45.93557" lon="6.83951">
        <ele>2371</ele>
        <time>2026-04-17T08:38:20+00:00</time>
      </trkpt>
      <trkpt lat="45.93572" lon="6.83956">
        <ele>2369</ele>
        <time>2026-04-17T08:38:23+00:00</time>
      </trkpt>
      <trkpt lat="45.93568" lon="6.83984">
        <ele>2360</ele>
        <time>2026-04-17T08:38:26+00:00</time>
      </trkpt>
      <trkpt lat="45.93556" lon="6.84016">
        <ele>2354</ele>
        <time>2026-04-17T08:38:29+00:00</time>
      </trkpt>
      <trkpt lat="45.93544" lon="6.84021">
        <ele>2349</ele>
        <time>2026-04-17T08:38:32+00:00</time>
      </trkpt>
      <trkpt lat="45.93523" lon="6.84032">
        <ele>2342</ele>
        <time>2026-04-17T08:38:35+00:00</time>
      </trkpt>
      <trkpt lat="45.93499" lon="6.84034">
        <ele>2338</ele>
        <time>2026-04-17T08:38:38+00:00</time>
      </trkpt>
      <trkpt lat="45.93481" lon="6.84045">
        <ele>2333</ele>
        <time>2026-04-17T08:38:41+00:00</time>
      </trkpt>
      <trkpt lat="45.935" lon="6.84068">
        <ele>2328</ele>
        <time>2026-04-17T08:38:44+00:00</time>
      </trkpt>
      <trkpt lat="45.9352" lon="6.84076">
        <ele>2327</ele>
        <time>2026-04-17T08:38:47+00:00</time>
      </trkpt>
      <trkpt lat="45.93535" lon="6.84088">
        <ele>2322</ele>
        <time>2026-04-17T08:38:50+00:00</time>
      </trkpt>
      <trkpt lat="45.9355" lon="6.84101">
        <ele>2315</ele>
        <time>2026-04-17T08:38:53+00:00</time>
      </trkpt>
      <trkpt lat="45.93565" lon="6.84105">
        <ele>2314</ele>
        <time>2026-04-17T08:38:56+00:00</time>
      </trkpt>
      <trkpt lat="45.93587" lon="6.84103">
        <ele>2313</ele>
        <time>2026-04-17T08:38:59+00:00</time>
      </trkpt>
      <trkpt lat="45.93604" lon="6.84096">
        <ele>2312</ele>
        <time>2026-04-17T08:39:02+00:00</time>
      </trkpt>
      <trkpt lat="45.93615" lon="6.84092">
        <ele>2309</ele>
        <time>2026-04-17T08:39:05+00:00</time>
      </trkpt>
      <trkpt lat="45.9363" lon="6.84086">
        <ele>2306</ele>
        <time>2026-04-17T08:39:08+00:00</time>
      </trkpt>
      <trkpt lat="45.93653" lon="6.84088">
        <ele>2302</ele>
        <time>2026-04-17T08:39:11+00:00</time>
      </trkpt>
      <trkpt lat="45.93675" lon="6.84096">
        <ele>2300</ele>
        <time>2026-04-17T08:39:14+00:00</time>
      </trkpt>
      <trkpt lat="45.93701" lon="6.84105">
        <ele>2299</ele>
        <time>2026-04-17T08:39:17+00:00</time>
      </trkpt>
      <trkpt lat="45.93722" lon="6.84117">
        <ele>2298</ele>
        <time>2026-04-17T08:39:20+00:00</time>
      </trkpt>
      <trkpt lat="45.93742" lon="6.84129">
        <ele>2293</ele>
        <time>2026-04-17T08:39:23+00:00</time>
      </trkpt>
      <trkpt lat="45.93762" lon="6.84138">
        <ele>2286</ele>
        <time>2026-04-17T08:39:26+00:00</time>
      </trkpt>
      <trkpt lat="45.93778" lon="6.84155">
        <ele>2273</ele>
        <time>2026-04-17T08:39:29+00:00</time>
      </trkpt>
      <trkpt lat="45.93794" lon="6.84173">
        <ele>2271</ele>
        <time>2026-04-17T08:39:32+00:00</time>
      </trkpt>
      <trkpt lat="45.93771" lon="6.84182">
        <ele>2261</ele>
        <time>2026-04-17T08:39:35+00:00</time>
      </trkpt>
      <trkpt lat="45.93744" lon="6.84188">
        <ele>2255</ele>
        <time>2026-04-17T08:39:38+00:00</time>
      </trkpt>
      <trkpt lat="45.9373" lon="6.84184">
        <ele>2250</ele>
        <time>2026-04-17T08:39:41+00:00</time>
      </trkpt>
      <trkpt lat="45.9372" lon="6.84182">
        <ele>2248</ele>
        <time>2026-04-17T08:39:44+00:00</time>
      </trkpt>
      <trkpt lat="45.93699" lon="6.84186">
        <ele>2247</ele>
        <time>2026-04-17T08:39:47+00:00</time>
      </trkpt>
      <trkpt lat="45.93678" lon="6.84204">
        <ele>2236</ele>
        <time>2026-04-17T08:39:50+00:00</time>
      </trkpt>
      <trkpt lat="45.93696" lon="6.84215">
        <ele>2232</ele>
        <time>2026-04-17T08:39:53+00:00</time>
      </trkpt>
      <trkpt lat="45.93714" lon="6.84226">
        <ele>2232</ele>
        <time>2026-04-17T08:39:56+00:00</time>
      </trkpt>
      <trkpt lat="45.93729" lon="6.84246">
        <ele>2227</ele>
        <time>2026-04-17T08:39:59+00:00</time>
      </trkpt>
      <trkpt lat="45.93748" lon="6.84269">
        <ele>2220</ele>
        <time>2026-04-17T08:40:02+00:00</time>
      </trkpt>
      <trkpt lat="45.93734" lon="6.84286">
        <ele>2214</ele>
        <time>2026-04-17T08:40:05+00:00</time>
      </trkpt>
      <trkpt lat="45.93713" lon="6.84291">
        <ele>2211</ele>
        <time>2026-04-17T08:40:08+00:00</time>
      </trkpt>
      <trkpt lat="45.93705" lon="6.84298">
        <ele>2211</ele>
        <time>2026-04-17T08:40:11+00:00</time>
      </trkpt>
      <trkpt lat="45.93718" lon="6.84312">
        <ele>2207</ele>
        <time>2026-04-17T08:40:14+00:00</time>
      </trkpt>
      <trkpt lat="45.93737" lon="6.84319">
        <ele>2207</ele>
        <time>2026-04-17T08:40:17+00:00</time>
      </trkpt>
      <trkpt lat="45.93762" lon="6.84333">
        <ele>2199</ele>
        <time>2026-04-17T08:40:20+00:00</time>
      </trkpt>
      <trkpt lat="45.93779" lon="6.84354">
        <ele>2194</ele>
        <time>2026-04-17T08:40:23+00:00</time>
      </trkpt>
      <trkpt lat="45.9379" lon="6.84379">
        <ele>2193</ele>
        <time>2026-04-17T08:40:26+00:00</time>
      </trkpt>
      <trkpt lat="45.93781" lon="6.84388">
        <ele>2188</ele>
        <time>2026-04-17T08:40:29+00:00</time>
      </trkpt>
      <trkpt lat="45.93759" lon="6.84377">
        <ele>2183</ele>
        <time>2026-04-17T08:40:32+00:00</time>
      </trkpt>
      <trkpt lat="45.93741" lon="6.84374">
        <ele>2182</ele>
        <time>2026-04-17T08:40:35+00:00</time>
      </trkpt>
      <trkpt lat="45.9374" lon="6.84395">
        <ele>2173</ele>
        <time>2026-04-17T08:40:38+00:00</time>
      </trkpt>
      <trkpt lat="45.93744" lon="6.8442">
        <ele>2169</ele>
        <time>2026-04-17T08:40:41+00:00</time>
      </trkpt>
      <trkpt lat="45.93747" lon="6.84442">
        <ele>2162</ele>
        <time>2026-04-17T08:40:44+00:00</time>
      </trkpt>
      <trkpt lat="45.93749" lon="6.84455">
        <ele>2161</ele>
        <time>2026-04-17T08:40:47+00:00</time>
      </trkpt>
      <trkpt lat="45.93762" lon="6.84461">
        <ele>2161</ele>
        <time>2026-04-17T08:40:50+00:00</time>
      </trkpt>
      <trkpt lat="45.93776" lon="6.84469">
        <ele>2161</ele>
        <time>2026-04-17T08:40:53+00:00</time>
      </trkpt>
      <trkpt lat="45.93791" lon="6.84472">
        <ele>2160</ele>
        <time>2026-04-17T08:40:56+00:00</time>
      </trkpt>
      <trkpt lat="45.93801" lon="6.84491">
        <ele>2158</ele>
        <time>2026-04-17T08:40:59+00:00</time>
      </trkpt>
      <trkpt lat="45.93802" lon="6.84514">
        <ele>2153</ele>
        <time>2026-04-17T08:41:02+00:00</time>
      </trkpt>
      <trkpt lat="45.93788" lon="6.8453">
        <ele>2147</ele>
        <time>2026-04-17T08:41:05+00:00</time>
      </trkpt>
      <trkpt lat="45.93766" lon="6.84541">
        <ele>2140</ele>
        <time>2026-04-17T08:41:08+00:00</time>
      </trkpt>
      <trkpt lat="45.93758" lon="6.84572">
        <ele>2137</ele>
        <time>2026-04-17T08:41:11+00:00</time>
      </trkpt>
      <trkpt lat="45.93748" lon="6.84606">
        <ele>2133</ele>
        <time>2026-04-17T08:41:14+00:00</time>
      </trkpt>
      <trkpt lat="45.93736" lon="6.84636">
        <ele>2128</ele>
        <time>2026-04-17T08:41:17+00:00</time>
      </trkpt>
      <trkpt lat="45.93728" lon="6.84673">
        <ele>2119</ele>
        <time>2026-04-17T08:41:20+00:00</time>
      </trkpt>
      <trkpt lat="45.93724" lon="6.84703">
        <ele>2117</ele>
        <time>2026-04-17T08:41:23+00:00</time>
      </trkpt>
      <trkpt lat="45.93719" lon="6.84729">
        <ele>2117</ele>
        <time>2026-04-17T08:41:26+00:00</time>
      </trkpt>
      <trkpt lat="45.93731" lon="6.8475">
        <ele>2117</ele>
        <time>2026-04-17T08:41:29+00:00</time>
      </trkpt>
      <trkpt lat="45.93742" lon="6.8477">
        <ele>2118</ele>
        <time>2026-04-17T08:41:32+00:00</time>
      </trkpt>
      <trkpt lat="45.93753" lon="6.84788">
        <ele>2114</ele>
        <time>2026-04-17T08:41:35+00:00</time>
      </trkpt>
      <trkpt lat="45.93765" lon="6.8481">
        <ele>2106</ele>
        <time>2026-04-17T08:41:38+00:00</time>
      </trkpt>
      <trkpt lat="45.93774" lon="6.84825">
        <ele>2093</ele>
        <time>2026-04-17T08:41:41+00:00</time>
      </trkpt>
      <trkpt lat="45.93784" lon="6.84841">
        <ele>2092</ele>
        <time>2026-04-17T08:41:44+00:00</time>
      </trkpt>
      <trkpt lat="45.93791" lon="6.84855">
        <ele>2091</ele>
        <time>2026-04-17T08:41:47+00:00</time>
      </trkpt>
      <trkpt lat="45.93812" lon="6.84873">
        <ele>2083</ele>
        <time>2026-04-17T08:41:50+00:00</time>
      </trkpt>
      <trkpt lat="45.93812" lon="6.84891">
        <ele>2077</ele>
        <time>2026-04-17T08:41:53+00:00</time>
      </trkpt>
      <trkpt lat="45.93812" lon="6.84904">
        <ele>2075</ele>
        <time>2026-04-17T08:41:56+00:00</time>
      </trkpt>
      <trkpt lat="45.93804" lon="6.84927">
        <ele>2071</ele>
        <time>2026-04-17T08:41:59+00:00</time>
      </trkpt>
      <trkpt lat="45.93795" lon="6.84926">
        <ele>2070</ele>
        <time>2026-04-17T08:42:02+00:00</time>
      </trkpt>
      <trkpt lat="45.93789" lon="6.84928">
        <ele>2068</ele>
        <time>2026-04-17T08:42:05+00:00</time>
      </trkpt>
      <trkpt lat="45.93781" lon="6.84935">
        <ele>2066</ele>
        <time>2026-04-17T08:42:08+00:00</time>
      </trkpt>
      <trkpt lat="45.93771" lon="6.84965">
        <ele>2060</ele>
        <time>2026-04-17T08:42:11+00:00</time>
      </trkpt>
      <trkpt lat="45.93756" lon="6.85016">
        <ele>2052</ele>
        <time>2026-04-17T08:42:14+00:00</time>
      </trkpt>
      <trkpt lat="45.9375" lon="6.85054">
        <ele>2044</ele>
        <time>2026-04-17T08:42:17+00:00</time>
      </trkpt>
      <trkpt lat="45.93743" lon="6.85077">
        <ele>2044</ele>
        <time>2026-04-17T08:42:20+00:00</time>
      </trkpt>
      <trkpt lat="45.93737" lon="6.85091">
        <ele>2044</ele>
        <time>2026-04-17T08:42:23+00:00</time>
      </trkpt>
      <trkpt lat="45.93721" lon="6.85112">
        <ele>2044</ele>
        <time>2026-04-17T08:42:26+00:00</time>
      </trkpt>
      <trkpt lat="45.93707" lon="6.85126">
        <ele>2043</ele>
        <time>2026-04-17T08:42:29+00:00</time>
      </trkpt>
      <trkpt lat="45.93687" lon="6.85132">
        <ele>2042</ele>
        <time>2026-04-17T08:42:32+00:00</time>
      </trkpt>
      <trkpt lat="45.93658" lon="6.85142">
        <ele>2038</ele>
        <time>2026-04-17T08:42:35+00:00</time>
      </trkpt>
      <trkpt lat="45.93643" lon="6.85149">
        <ele>2035</ele>
        <time>2026-04-17T08:42:38+00:00</time>
      </trkpt>
      <trkpt lat="45.93632" lon="6.85158">
        <ele>2036</ele>
        <time>2026-04-17T08:42:41+00:00</time>
      </trkpt>
      <trkpt lat="45.93615" lon="6.85184">
        <ele>2031</ele>
        <time>2026-04-17T08:42:44+00:00</time>
      </trkpt>
      <trkpt lat="45.93609" lon="6.85202">
        <ele>2026</ele>
        <time>2026-04-17T08:42:47+00:00</time>
      </trkpt>
      <trkpt lat="45.93604" lon="6.85247">
        <ele>2028</ele>
        <time>2026-04-17T08:42:50+00:00</time>
      </trkpt>
      <trkpt lat="45.93611" lon="6.85313">
        <ele>2023</ele>
        <time>2026-04-17T08:42:53+00:00</time>
      </trkpt>
      <trkpt lat="45.9362" lon="6.85341">
        <ele>2020</ele>
        <time>2026-04-17T08:42:56+00:00</time>
      </trkpt>
      <trkpt lat="45.93635" lon="6.85356">
        <ele>2017</ele>
        <time>2026-04-17T08:42:59+00:00</time>
      </trkpt>
      <trkpt lat="45.93653" lon="6.85365">
        <ele>2018</ele>
        <time>2026-04-17T08:43:02+00:00</time>
      </trkpt>
      <trkpt lat="45.93676" lon="6.85377">
        <ele>2017</ele>
        <time>2026-04-17T08:43:05+00:00</time>
      </trkpt>
      <trkpt lat="45.93688" lon="6.85387">
        <ele>2016</ele>
        <time>2026-04-17T08:43:08+00:00</time>
      </trkpt>
      <trkpt lat="45.93709" lon="6.8542">
        <ele>2014</ele>
        <time>2026-04-17T08:43:11+00:00</time>
      </trkpt>
      <trkpt lat="45.93725" lon="6.85428">
        <ele>2012</ele>
        <time>2026-04-17T08:43:14+00:00</time>
      </trkpt>
      <trkpt lat="45.93737" lon="6.85428">
        <ele>2013</ele>
        <time>2026-04-17T08:43:17+00:00</time>
      </trkpt>
      <trkpt lat="45.93744" lon="6.85421">
        <ele>2009</ele>
        <time>2026-04-17T08:43:20+00:00</time>
      </trkpt>
      <trkpt lat="45.93758" lon="6.85401">
        <ele>2012</ele>
        <time>2026-04-17T08:43:23+00:00</time>
      </trkpt>
      <trkpt lat="45.93774" lon="6.8538">
        <ele>2010</ele>
        <time>2026-04-17T08:43:26+00:00</time>
      </trkpt>
      <trkpt lat="45.93789" lon="6.85369">
        <ele>2005</ele>
        <time>2026-04-17T08:43:29+00:00</time>
      </trkpt>
      <trkpt lat="45.93805" lon="6.85366">
        <ele>2009</ele>
        <time>2026-04-17T08:43:32+00:00</time>
      </trkpt>
      <trkpt lat="45.93806" lon="6.85336">
        <ele>2008</ele>
        <time>2026-04-17T08:43:35+00:00</time>
      </trkpt>
      <trkpt lat="45.93814" lon="6.85306">
        <ele>2008</ele>
        <time>2026-04-17T08:43:38+00:00</time>
      </trkpt>
      <trkpt lat="45.9381" lon="6.85284">
        <ele>2015</ele>
        <time>2026-04-17T08:43:41+00:00</time>
      </trkpt>
      <trkpt lat="45.93811" lon="6.85268">
        <ele>2009</ele>
        <time>2026-04-17T08:43:44+00:00</time>
      </trkpt>
      <trkpt lat="45.93821" lon="6.85246">
        <ele>2013</ele>
        <time>2026-04-17T08:43:47+00:00</time>
      </trkpt>
      <trkpt lat="45.9383" lon="6.85231">
        <ele>2016</ele>
        <time>2026-04-17T08:43:50+00:00</time>
      </trkpt>
      <trkpt lat="45.93839" lon="6.85221">
        <ele>2024</ele>
        <time>2026-04-17T08:43:53+00:00</time>
      </trkpt>
      <trkpt lat="45.93851" lon="6.85217">
        <ele>2027</ele>
        <time>2026-04-17T08:43:56+00:00</time>
      </trkpt>
      <trkpt lat="45.9386" lon="6.85206">
        <ele>2030</ele>
        <time>2026-04-17T08:43:59+00:00</time>
      </trkpt>
      <trkpt lat="45.93879" lon="6.85174">
        <ele>2038</ele>
        <time>2026-04-17T08:44:02+00:00</time>
      </trkpt>
      <trkpt lat="45.93873" lon="6.85156">
        <ele>2042</ele>
        <time>2026-04-17T08:44:05+00:00</time>
      </trkpt>
      <trkpt lat="45.93864" lon="6.85141">
        <ele>2044</ele>
        <time>2026-04-17T08:44:08+00:00</time>
      </trkpt>
      <trkpt lat="45.9387" lon="6.85102">
        <ele>2047</ele>
        <time>2026-04-17T08:44:11+00:00</time>
      </trkpt>
      <trkpt lat="45.93878" lon="6.85048">
        <ele>2054</ele>
        <time>2026-04-17T08:44:14+00:00</time>
      </trkpt>
      <trkpt lat="45.93879" lon="6.85006">
        <ele>2060</ele>
        <time>2026-04-17T08:44:17+00:00</time>
      </trkpt>
      <trkpt lat="45.93883" lon="6.84985">
        <ele>2063</ele>
        <time>2026-04-17T08:44:20+00:00</time>
      </trkpt>
      <trkpt lat="45.93879" lon="6.84975">
        <ele>2061</ele>
        <time>2026-04-17T08:44:23+00:00</time>
      </trkpt>
      <trkpt lat="45.93912" lon="6.84947">
        <ele>2063</ele>
        <time>2026-04-17T08:44:26+00:00</time>
      </trkpt>
      <trkpt lat="45.93925" lon="6.84938">
        <ele>2064</ele>
        <time>2026-04-17T08:44:29+00:00</time>
      </trkpt>
      <trkpt lat="45.9393" lon="6.84927">
        <ele>2067</ele>
        <time>2026-04-17T08:44:32+00:00</time>
      </trkpt>
      <trkpt lat="45.93938" lon="6.84919">
        <ele>2069</ele>
        <time>2026-04-17T08:44:35+00:00</time>
      </trkpt>
      <trkpt lat="45.93946" lon="6.84916">
        <ele>2068</ele>
        <time>2026-04-17T08:44:38+00:00</time>
      </trkpt>
      <trkpt lat="45.93963" lon="6.84915">
        <ele>2067</ele>
        <time>2026-04-17T08:44:41+00:00</time>
      </trkpt>
      <trkpt lat="45.93984" lon="6.84913">
        <ele>2067</ele>
        <time>2026-04-17T08:44:44+00:00</time>
      </trkpt>
      <trkpt lat="45.94002" lon="6.84916">
        <ele>2067</ele>
        <time>2026-04-17T08:44:47+00:00</time>
      </trkpt>
      <trkpt lat="45.94007" lon="6.84914">
        <ele>2067</ele>
        <time>2026-04-17T08:44:50+00:00</time>
      </trkpt>
      <trkpt lat="45.94018" lon="6.84912">
        <ele>2068</ele>
        <time>2026-04-17T08:44:53+00:00</time>
      </trkpt>
      <trkpt lat="45.9403" lon="6.84901">
        <ele>2073</ele>
        <time>2026-04-17T08:44:56+00:00</time>
      </trkpt>
      <trkpt lat="45.94047" lon="6.84899">
        <ele>2078</ele>
        <time>2026-04-17T08:44:59+00:00</time>
      </trkpt>
      <trkpt lat="45.94054" lon="6.84893">
        <ele>2074</ele>
        <time>2026-04-17T08:45:02+00:00</time>
      </trkpt>
      <trkpt lat="45.9408" lon="6.84888">
        <ele>2073</ele>
        <time>2026-04-17T08:45:05+00:00</time>
      </trkpt>
      <trkpt lat="45.94114" lon="6.84882">
        <ele>2072</ele>
        <time>2026-04-17T08:45:08+00:00</time>
      </trkpt>
      <trkpt lat="45.94145" lon="6.84889">
        <ele>2072</ele>
        <time>2026-04-17T08:45:11+00:00</time>
      </trkpt>
      <trkpt lat="45.94154" lon="6.84882">
        <ele>2070</ele>
        <time>2026-04-17T08:45:14+00:00</time>
      </trkpt>
      <trkpt lat="45.94168" lon="6.8488">
        <ele>2071</ele>
        <time>2026-04-17T08:45:17+00:00</time>
      </trkpt>
      <trkpt lat="45.94191" lon="6.8488">
        <ele>2070</ele>
        <time>2026-04-17T08:45:20+00:00</time>
      </trkpt>
      <trkpt lat="45.94205" lon="6.84875">
        <ele>2070</ele>
        <time>2026-04-17T08:45:23+00:00</time>
      </trkpt>
      <trkpt lat="45.94217" lon="6.84876">
        <ele>2070</ele>
        <time>2026-04-17T08:45:26+00:00</time>
      </trkpt>
      <trkpt lat="45.94226" lon="6.84882">
        <ele>2066</ele>
        <time>2026-04-17T08:45:29+00:00</time>
      </trkpt>
      <trkpt lat="45.94237" lon="6.84882">
        <ele>2069</ele>
        <time>2026-04-17T08:45:32+00:00</time>
      </trkpt>
      <trkpt lat="45.94261" lon="6.84876">
        <ele>2072</ele>
        <time>2026-04-17T08:45:35+00:00</time>
      </trkpt>
      <trkpt lat="45.94288" lon="6.84869">
        <ele>2066</ele>
        <time>2026-04-17T08:45:38+00:00</time>
      </trkpt>
      <trkpt lat="45.9432" lon="6.84881">
        <ele>2068</ele>
        <time>2026-04-17T08:45:41+00:00</time>
      </trkpt>
      <trkpt lat="45.94352" lon="6.84874">
        <ele>2070</ele>
        <time>2026-04-17T08:45:44+00:00</time>
      </trkpt>
      <trkpt lat="45.94385" lon="6.84889">
        <ele>2075</ele>
        <time>2026-04-17T08:45:47+00:00</time>
      </trkpt>
      <trkpt lat="45.94414" lon="6.84893">
        <ele>2077</ele>
        <time>2026-04-17T08:45:50+00:00</time>
      </trkpt>
      <trkpt lat="45.94462" lon="6.84901">
        <ele>2081</ele>
        <time>2026-04-17T08:45:53+00:00</time>
      </trkpt>
      <trkpt lat="45.94485" lon="6.84913">
        <ele>2082</ele>
        <time>2026-04-17T08:45:56+00:00</time>
      </trkpt>
      <trkpt lat="45.94508" lon="6.84922">
        <ele>2082</ele>
        <time>2026-04-17T08:45:59+00:00</time>
      </trkpt>
      <trkpt lat="45.94525" lon="6.84961">
        <ele>2083</ele>
        <time>2026-04-17T08:46:02+00:00</time>
      </trkpt>
      <trkpt lat="45.94548" lon="6.84995">
        <ele>2083</ele>
        <time>2026-04-17T08:46:05+00:00</time>
      </trkpt>
      <trkpt lat="45.94549" lon="6.8501">
        <ele>2081</ele>
        <time>2026-04-17T08:46:08+00:00</time>
      </trkpt>
      <trkpt lat="45.94557" lon="6.85037">
        <ele>2084</ele>
        <time>2026-04-17T08:46:11+00:00</time>
      </trkpt>
      <trkpt lat="45.94565" lon="6.8505">
        <ele>2095</ele>
        <time>2026-04-17T08:46:14+00:00</time>
      </trkpt>
      <trkpt lat="45.94567" lon="6.85055">
        <ele>2092</ele>
        <time>2026-04-17T08:46:17+00:00</time>
      </trkpt>
      <trkpt lat="45.94567" lon="6.85061">
        <ele>2090</ele>
        <time>2026-04-17T08:46:20+00:00</time>
      </trkpt>
      <trkpt lat="45.94577" lon="6.85066">
        <ele>2100</ele>
        <time>2026-04-17T08:46:23+00:00</time>
      </trkpt>
      <trkpt lat="45.94579" lon="6.85078">
        <ele>2098</ele>
        <time>2026-04-17T08:46:26+00:00</time>
      </trkpt>
      <trkpt lat="45.94585" lon="6.85088">
        <ele>2106</ele>
        <time>2026-04-17T08:46:29+00:00</time>
      </trkpt>
      <trkpt lat="45.94589" lon="6.85109">
        <ele>2104</ele>
        <time>2026-04-17T08:46:32+00:00</time>
      </trkpt>
      <trkpt lat="45.946" lon="6.85122">
        <ele>2110</ele>
        <time>2026-04-17T08:46:35+00:00</time>
      </trkpt>
      <trkpt lat="45.94605" lon="6.85123">
        <ele>2115</ele>
        <time>2026-04-17T08:46:38+00:00</time>
      </trkpt>
      <trkpt lat="45.94607" lon="6.85128">
        <ele>2115</ele>
        <time>2026-04-17T08:46:41+00:00</time>
      </trkpt>
      <trkpt lat="45.94616" lon="6.85138">
        <ele>2118</ele>
        <time>2026-04-17T08:46:44+00:00</time>
      </trkpt>
      <trkpt lat="45.94632" lon="6.85136">
        <ele>2128</ele>
        <time>2026-04-17T08:46:47+00:00</time>
      </trkpt>
      <trkpt lat="45.94644" lon="6.85128">
        <ele>2135</ele>
        <time>2026-04-17T08:46:50+00:00</time>
      </trkpt>
      <trkpt lat="45.9466" lon="6.85132">
        <ele>2135</ele>
        <time>2026-04-17T08:46:53+00:00</time>
      </trkpt>
      <trkpt lat="45.94663" lon="6.85137">
        <ele>2138</ele>
        <time>2026-04-17T08:46:56+00:00</time>
      </trkpt>
      <trkpt lat="45.94665" lon="6.85137">
        <ele>2138</ele>
        <time>2026-04-17T08:46:59+00:00</time>
      </trkpt>
      <trkpt lat="45.94666" lon="6.85127">
        <ele>2142</ele>
        <time>2026-04-17T08:47:02+00:00</time>
      </trkpt>
      <trkpt lat="45.94671" lon="6.85128">
        <ele>2145</ele>
        <time>2026-04-17T08:47:05+00:00</time>
      </trkpt>
      <trkpt lat="45.94671" lon="6.8512">
        <ele>2149</ele>
        <time>2026-04-17T08:47:08+00:00</time>
      </trkpt>
      <trkpt lat="45.94673" lon="6.85117">
        <ele>2149</ele>
        <time>2026-04-17T08:47:11+00:00</time>
      </trkpt>
      <trkpt lat="45.94677" lon="6.85122">
        <ele>2145</ele>
        <time>2026-04-17T08:47:14+00:00</time>
      </trkpt>
      <trkpt lat="45.94701" lon="6.85124">
        <ele>2158</ele>
        <time>2026-04-17T08:47:17+00:00</time>
      </trkpt>
      <trkpt lat="45.94721" lon="6.85135">
        <ele>2160</ele>
        <time>2026-04-17T08:47:20+00:00</time>
      </trkpt>
      <trkpt lat="45.94736" lon="6.85118">
        <ele>2170</ele>
        <time>2026-04-17T08:47:23+00:00</time>
      </trkpt>
      <trkpt lat="45.94752" lon="6.85114">
        <ele>2168</ele>
        <time>2026-04-17T08:47:26+00:00</time>
      </trkpt>
      <trkpt lat="45.94768" lon="6.85116">
        <ele>2170</ele>
        <time>2026-04-17T08:47:29+00:00</time>
      </trkpt>
      <trkpt lat="45.94784" lon="6.85119">
        <ele>2173</ele>
        <time>2026-04-17T08:47:32+00:00</time>
      </trkpt>
      <trkpt lat="45.94792" lon="6.85117">
        <ele>2174</ele>
        <time>2026-04-17T08:47:35+00:00</time>
      </trkpt>
      <trkpt lat="45.94796" lon="6.85108">
        <ele>2179</ele>
        <time>2026-04-17T08:47:38+00:00</time>
      </trkpt>
      <trkpt lat="45.9481" lon="6.85101">
        <ele>2181</ele>
        <time>2026-04-17T08:47:41+00:00</time>
      </trkpt>
      <trkpt lat="45.94811" lon="6.85087">
        <ele>2185</ele>
        <time>2026-04-17T08:47:44+00:00</time>
      </trkpt>
      <trkpt lat="45.94833" lon="6.85075">
        <ele>2187</ele>
        <time>2026-04-17T08:47:47+00:00</time>
      </trkpt>
      <trkpt lat="45.94851" lon="6.85074">
        <ele>2188</ele>
        <time>2026-04-17T08:47:50+00:00</time>
      </trkpt>
      <trkpt lat="45.94861" lon="6.85077">
        <ele>2189</ele>
        <time>2026-04-17T08:47:53+00:00</time>
      </trkpt>
      <trkpt lat="45.94888" lon="6.85071">
        <ele>2191</ele>
        <time>2026-04-17T08:47:56+00:00</time>
      </trkpt>
      <trkpt lat="45.9491" lon="6.85075">
        <ele>2193</ele>
        <time>2026-04-17T08:47:59+00:00</time>
      </trkpt>
      <trkpt lat="45.94915" lon="6.85073">
        <ele>2195</ele>
        <time>2026-04-17T08:48:02+00:00</time>
      </trkpt>
      <trkpt lat="45.94927" lon="6.85074">
        <ele>2198</ele>
        <time>2026-04-17T08:48:05+00:00</time>
      </trkpt>
      <trkpt lat="45.94927" lon="6.85071">
        <ele>2198</ele>
        <time>2026-04-17T08:48:08+00:00</time>
      </trkpt>
      <trkpt lat="45.94923" lon="6.85067">
        <ele>2201</ele>
        <time>2026-04-17T08:48:11+00:00</time>
      </trkpt>
      <trkpt lat="45.94943" lon="6.85067">
        <ele>2210</ele>
        <time>2026-04-17T08:48:14+00:00</time>
      </trkpt>
      <trkpt lat="45.9496" lon="6.85069">
        <ele>2213</ele>
        <time>2026-04-17T08:48:17+00:00</time>
      </trkpt>
      <trkpt lat="45.94983" lon="6.85096">
        <ele>2215</ele>
        <time>2026-04-17T08:48:20+00:00</time>
      </trkpt>
      <trkpt lat="45.9501" lon="6.8512">
        <ele>2218</ele>
        <time>2026-04-17T08:48:23+00:00</time>
      </trkpt>
      <trkpt lat="45.95028" lon="6.85132">
        <ele>2220</ele>
        <time>2026-04-17T08:48:26+00:00</time>
      </trkpt>
      <trkpt lat="45.95029" lon="6.85136">
        <ele>2220</ele>
        <time>2026-04-17T08:48:29+00:00</time>
      </trkpt>
      <trkpt lat="45.95033" lon="6.85137">
        <ele>2224</ele>
        <time>2026-04-17T08:48:32+00:00</time>
      </trkpt>
      <trkpt lat="45.95036" lon="6.85143">
        <ele>2220</ele>
        <time>2026-04-17T08:48:35+00:00</time>
      </trkpt>
      <trkpt lat="45.95046" lon="6.8515">
        <ele>2224</ele>
        <time>2026-04-17T08:48:38+00:00</time>
      </trkpt>
      <trkpt lat="45.95064" lon="6.85185">
        <ele>2226</ele>
        <time>2026-04-17T08:48:41+00:00</time>
      </trkpt>
      <trkpt lat="45.9508" lon="6.85203">
        <ele>2228</ele>
        <time>2026-04-17T08:48:44+00:00</time>
      </trkpt>
      <trkpt lat="45.95088" lon="6.85236">
        <ele>2230</ele>
        <time>2026-04-17T08:48:47+00:00</time>
      </trkpt>
      <trkpt lat="45.95094" lon="6.85242">
        <ele>2234</ele>
        <time>2026-04-17T08:48:50+00:00</time>
      </trkpt>
      <trkpt lat="45.95094" lon="6.85246">
        <ele>2234</ele>
        <time>2026-04-17T08:48:53+00:00</time>
      </trkpt>
      <trkpt lat="45.95106" lon="6.85272">
        <ele>2235</ele>
        <time>2026-04-17T08:48:56+00:00</time>
      </trkpt>
      <trkpt lat="45.95121" lon="6.85306">
        <ele>2247</ele>
        <time>2026-04-17T08:48:59+00:00</time>
      </trkpt>
      <trkpt lat="45.95134" lon="6.85328">
        <ele>2247</ele>
        <time>2026-04-17T08:49:02+00:00</time>
      </trkpt>
      <trkpt lat="45.95143" lon="6.8536">
        <ele>2248</ele>
        <time>2026-04-17T08:49:05+00:00</time>
      </trkpt>
      <trkpt lat="45.95135" lon="6.85402">
        <ele>2249</ele>
        <time>2026-04-17T08:49:08+00:00</time>
      </trkpt>
      <trkpt lat="45.95139" lon="6.8541">
        <ele>2249</ele>
        <time>2026-04-17T08:49:11+00:00</time>
      </trkpt>
      <trkpt lat="45.95165" lon="6.85425">
        <ele>2252</ele>
        <time>2026-04-17T08:49:14+00:00</time>
      </trkpt>
      <trkpt lat="45.95187" lon="6.8544">
        <ele>2261</ele>
        <time>2026-04-17T08:49:17+00:00</time>
      </trkpt>
      <trkpt lat="45.95223" lon="6.85446">
        <ele>2272</ele>
        <time>2026-04-17T08:49:20+00:00</time>
      </trkpt>
      <trkpt lat="45.95246" lon="6.85467">
        <ele>2272</ele>
        <time>2026-04-17T08:49:23+00:00</time>
      </trkpt>
      <trkpt lat="45.9526" lon="6.85485">
        <ele>2274</ele>
        <time>2026-04-17T08:49:26+00:00</time>
      </trkpt>
      <trkpt lat="45.95271" lon="6.85508">
        <ele>2277</ele>
        <time>2026-04-17T08:49:29+00:00</time>
      </trkpt>
      <trkpt lat="45.95289" lon="6.85527">
        <ele>2278</ele>
        <time>2026-04-17T08:49:32+00:00</time>
      </trkpt>
      <trkpt lat="45.95316" lon="6.8554">
        <ele>2288</ele>
        <time>2026-04-17T08:49:35+00:00</time>
      </trkpt>
      <trkpt lat="45.95306" lon="6.85511">
        <ele>2293</ele>
        <time>2026-04-17T08:49:38+00:00</time>
      </trkpt>
      <trkpt lat="45.95312" lon="6.85513">
        <ele>2297</ele>
        <time>2026-04-17T08:49:41+00:00</time>
      </trkpt>
      <trkpt lat="45.95322" lon="6.85522">
        <ele>2298</ele>
        <time>2026-04-17T08:49:44+00:00</time>
      </trkpt>
      <trkpt lat="45.95338" lon="6.85527">
        <ele>2302</ele>
        <time>2026-04-17T08:49:47+00:00</time>
      </trkpt>
      <trkpt lat="45.95332" lon="6.85507">
        <ele>2307</ele>
        <time>2026-04-17T08:49:50+00:00</time>
      </trkpt>
      <trkpt lat="45.95341" lon="6.85509">
        <ele>2312</ele>
        <time>2026-04-17T08:49:53+00:00</time>
      </trkpt>
      <trkpt lat="45.95331" lon="6.85472">
        <ele>2317</ele>
        <time>2026-04-17T08:49:56+00:00</time>
      </trkpt>
      <trkpt lat="45.95349" lon="6.85482">
        <ele>2317</ele>
        <time>2026-04-17T08:49:59+00:00</time>
      </trkpt>
      <trkpt lat="45.9535" lon="6.85478">
        <ele>2321</ele>
        <time>2026-04-17T08:50:02+00:00</time>
      </trkpt>
      <trkpt lat="45.95341" lon="6.85453">
        <ele>2335</ele>
        <time>2026-04-17T08:50:05+00:00</time>
      </trkpt>
      <trkpt lat="45.95367" lon="6.85464">
        <ele>2340</ele>
        <time>2026-04-17T08:50:08+00:00</time>
      </trkpt>
      <trkpt lat="45.95401" lon="6.85446">
        <ele>2361</ele>
        <time>2026-04-17T08:50:11+00:00</time>
      </trkpt>
      <trkpt lat="45.95416" lon="6.85449">
        <ele>2368</ele>
        <time>2026-04-17T08:50:14+00:00</time>
      </trkpt>
      <trkpt lat="45.95421" lon="6.85447">
        <ele>2371</ele>
        <time>2026-04-17T08:50:17+00:00</time>
      </trkpt>
      <trkpt lat="45.95421" lon="6.85444">
        <ele>2371</ele>
        <time>2026-04-17T08:50:20+00:00</time>
      </trkpt>
      <trkpt lat="45.95416" lon="6.8544">
        <ele>2372</ele>
        <time>2026-04-17T08:50:23+00:00</time>
      </trkpt>
      <trkpt lat="45.95417" lon="6.85438">
        <ele>2372</ele>
        <time>2026-04-17T08:50:26+00:00</time>
      </trkpt>
      <trkpt lat="45.95427" lon="6.8544">
        <ele>2375</ele>
        <time>2026-04-17T08:50:29+00:00</time>
      </trkpt>
      <trkpt lat="45.95443" lon="6.85449">
        <ele>2379</ele>
        <time>2026-04-17T08:50:32+00:00</time>
      </trkpt>
      <trkpt lat="45.95448" lon="6.85455">
        <ele>2376</ele>
        <time>2026-04-17T08:50:35+00:00</time>
      </trkpt>
      <trkpt lat="45.95456" lon="6.85472">
        <ele>2377</ele>
        <time>2026-04-17T08:50:38+00:00</time>
      </trkpt>
      <trkpt lat="45.95481" lon="6.85477">
        <ele>2385</ele>
        <time>2026-04-17T08:50:41+00:00</time>
      </trkpt>
      <trkpt lat="45.95495" lon="6.85486">
        <ele>2397</ele>
        <time>2026-04-17T08:50:44+00:00</time>
      </trkpt>
      <trkpt lat="45.95502" lon="6.85499">
        <ele>2395</ele>
        <time>2026-04-17T08:50:47+00:00</time>
      </trkpt>
      <trkpt lat="45.95507" lon="6.85477">
        <ele>2402</ele>
        <time>2026-04-17T08:50:50+00:00</time>
      </trkpt>
      <trkpt lat="45.95526" lon="6.85477">
        <ele>2405</ele>
        <time>2026-04-17T08:50:53+00:00</time>
      </trkpt>
      <trkpt lat="45.95539" lon="6.85462">
        <ele>2409</ele>
        <time>2026-04-17T08:50:56+00:00</time>
      </trkpt>
      <trkpt lat="45.95557" lon="6.8545">
        <ele>2406</ele>
        <time>2026-04-17T08:50:59+00:00</time>
      </trkpt>
      <trkpt lat="45.95583" lon="6.85443">
        <ele>2408</ele>
        <time>2026-04-17T08:51:02+00:00</time>
      </trkpt>
      <trkpt lat="45.95592" lon="6.85431">
        <ele>2410</ele>
        <time>2026-04-17T08:51:05+00:00</time>
      </trkpt>
      <trkpt lat="45.95593" lon="6.85441">
        <ele>2411</ele>
        <time>2026-04-17T08:51:08+00:00</time>
      </trkpt>
      <trkpt lat="45.95597" lon="6.85439">
        <ele>2410</ele>
        <time>2026-04-17T08:51:11+00:00</time>
      </trkpt>
      <trkpt lat="45.95602" lon="6.8543">
        <ele>2412</ele>
        <time>2026-04-17T08:51:14+00:00</time>
      </trkpt>
      <trkpt lat="45.95609" lon="6.85429">
        <ele>2412</ele>
        <time>2026-04-17T08:51:17+00:00</time>
      </trkpt>
      <trkpt lat="45.95628" lon="6.85437">
        <ele>2417</ele>
        <time>2026-04-17T08:51:20+00:00</time>
      </trkpt>
      <trkpt lat="45.95626" lon="6.85445">
        <ele>2419</ele>
        <time>2026-04-17T08:51:23+00:00</time>
      </trkpt>
      <trkpt lat="45.95632" lon="6.85458">
        <ele>2420</ele>
        <time>2026-04-17T08:51:26+00:00</time>
      </trkpt>
      <trkpt lat="45.95639" lon="6.85464">
        <ele>2422</ele>
        <time>2026-04-17T08:51:29+00:00</time>
      </trkpt>
      <trkpt lat="45.95642" lon="6.85472">
        <ele>2426</ele>
        <time>2026-04-17T08:51:32+00:00</time>
      </trkpt>
      <trkpt lat="45.95649" lon="6.85477">
        <ele>2426</ele>
        <time>2026-04-17T08:51:35+00:00</time>
      </trkpt>
      <trkpt lat="45.9566" lon="6.85478">
        <ele>2426</ele>
        <time>2026-04-17T08:51:38+00:00</time>
      </trkpt>
      <trkpt lat="45.95681" lon="6.85492">
        <ele>2426</ele>
        <time>2026-04-17T08:51:41+00:00</time>
      </trkpt>
      <trkpt lat="45.95685" lon="6.85493">
        <ele>2430</ele>
        <time>2026-04-17T08:51:44+00:00</time>
      </trkpt>
      <trkpt lat="45.95692" lon="6.85491">
        <ele>2428</ele>
        <time>2026-04-17T08:51:47+00:00</time>
      </trkpt>
      <trkpt lat="45.95702" lon="6.85495">
        <ele>2426</ele>
        <time>2026-04-17T08:51:50+00:00</time>
      </trkpt>
      <trkpt lat="45.95704" lon="6.85499">
        <ele>2426</ele>
        <time>2026-04-17T08:51:53+00:00</time>
      </trkpt>
      <trkpt lat="45.95718" lon="6.85498">
        <ele>2422</ele>
        <time>2026-04-17T08:51:56+00:00</time>
      </trkpt>
      <trkpt lat="45.9573" lon="6.85515">
        <ele>2430</ele>
        <time>2026-04-17T08:51:59+00:00</time>
      </trkpt>
      <trkpt lat="45.9575" lon="6.85538">
        <ele>2432</ele>
        <time>2026-04-17T08:52:02+00:00</time>
      </trkpt>
      <trkpt lat="45.95764" lon="6.85544">
        <ele>2442</ele>
        <time>2026-04-17T08:52:05+00:00</time>
      </trkpt>
      <trkpt lat="45.95788" lon="6.8555">
        <ele>2434</ele>
        <time>2026-04-17T08:52:08+00:00</time>
      </trkpt>
      <trkpt lat="45.95811" lon="6.85553">
        <ele>2434</ele>
        <time>2026-04-17T08:52:11+00:00</time>
      </trkpt>
      <trkpt lat="45.95819" lon="6.85559">
        <ele>2434</ele>
        <time>2026-04-17T08:52:14+00:00</time>
      </trkpt>
      <trkpt lat="45.95805" lon="6.85567">
        <ele>2440</ele>
        <time>2026-04-17T08:52:17+00:00</time>
      </trkpt>
      <trkpt lat="45.95805" lon="6.85572">
        <ele>2445</ele>
        <time>2026-04-17T08:52:20+00:00</time>
      </trkpt>
      <trkpt lat="45.95816" lon="6.85572">
        <ele>2444</ele>
        <time>2026-04-17T08:52:23+00:00</time>
      </trkpt>
      <trkpt lat="45.95838" lon="6.85603">
        <ele>2456</ele>
        <time>2026-04-17T08:52:26+00:00</time>
      </trkpt>
      <trkpt lat="45.95853" lon="6.85618">
        <ele>2453</ele>
        <time>2026-04-17T08:52:29+00:00</time>
      </trkpt>
      <trkpt lat="45.95866" lon="6.85633">
        <ele>2456</ele>
        <time>2026-04-17T08:52:32+00:00</time>
      </trkpt>
      <trkpt lat="45.95882" lon="6.85652">
        <ele>2457</ele>
        <time>2026-04-17T08:52:35+00:00</time>
      </trkpt>
      <trkpt lat="45.95905" lon="6.85697">
        <ele>2462</ele>
        <time>2026-04-17T08:52:38+00:00</time>
      </trkpt>
      <trkpt lat="45.95933" lon="6.85719">
        <ele>2462</ele>
        <time>2026-04-17T08:52:41+00:00</time>
      </trkpt>
      <trkpt lat="45.9595" lon="6.85728">
        <ele>2466</ele>
        <time>2026-04-17T08:52:44+00:00</time>
      </trkpt>
      <trkpt lat="45.9597" lon="6.85732">
        <ele>2462</ele>
        <time>2026-04-17T08:52:47+00:00</time>
      </trkpt>
      <trkpt lat="45.95989" lon="6.85743">
        <ele>2462</ele>
        <time>2026-04-17T08:52:50+00:00</time>
      </trkpt>
      <trkpt lat="45.96012" lon="6.85728">
        <ele>2462</ele>
        <time>2026-04-17T08:52:53+00:00</time>
      </trkpt>
      <trkpt lat="45.96038" lon="6.85711">
        <ele>2464</ele>
        <time>2026-04-17T08:52:56+00:00</time>
      </trkpt>
      <trkpt lat="45.9605" lon="6.8568">
        <ele>2466</ele>
        <time>2026-04-17T08:52:59+00:00</time>
      </trkpt>
      <trkpt lat="45.96052" lon="6.8568">
        <ele>2471</ele>
        <time>2026-04-17T08:53:02+00:00</time>
      </trkpt>
      <trkpt lat="45.96057" lon="6.85675">
        <ele>2471</ele>
        <time>2026-04-17T08:53:05+00:00</time>
      </trkpt>
      <trkpt lat="45.96062" lon="6.85679">
        <ele>2475</ele>
        <time>2026-04-17T08:53:08+00:00</time>
      </trkpt>
      <trkpt lat="45.96069" lon="6.85696">
        <ele>2462</ele>
        <time>2026-04-17T08:53:11+00:00</time>
      </trkpt>
      <trkpt lat="45.96068" lon="6.85701">
        <ele>2471</ele>
        <time>2026-04-17T08:53:14+00:00</time>
      </trkpt>
      <trkpt lat="45.96072" lon="6.85706">
        <ele>2473</ele>
        <time>2026-04-17T08:53:17+00:00</time>
      </trkpt>
      <trkpt lat="45.96076" lon="6.85723">
        <ele>2468</ele>
        <time>2026-04-17T08:53:20+00:00</time>
      </trkpt>
      <trkpt lat="45.96081" lon="6.85725">
        <ele>2465</ele>
        <time>2026-04-17T08:53:23+00:00</time>
      </trkpt>
      <trkpt lat="45.96086" lon="6.85724">
        <ele>2465</ele>
        <time>2026-04-17T08:53:26+00:00</time>
      </trkpt>
      <trkpt lat="45.96098" lon="6.85715">
        <ele>2475</ele>
        <time>2026-04-17T08:53:29+00:00</time>
      </trkpt>
      <trkpt lat="45.96105" lon="6.85717">
        <ele>2480</ele>
        <time>2026-04-17T08:53:32+00:00</time>
      </trkpt>
      <trkpt lat="45.96108" lon="6.85716">
        <ele>2480</ele>
        <time>2026-04-17T08:53:35+00:00</time>
      </trkpt>
      <trkpt lat="45.96109" lon="6.85712">
        <ele>2480</ele>
        <time>2026-04-17T08:53:38+00:00</time>
      </trkpt>
      <trkpt lat="45.96114" lon="6.85711">
        <ele>2484</ele>
        <time>2026-04-17T08:53:41+00:00</time>
      </trkpt>
      <trkpt lat="45.96116" lon="6.85716">
        <ele>2472</ele>
        <time>2026-04-17T08:53:44+00:00</time>
      </trkpt>
      <trkpt lat="45.96116" lon="6.85722">
        <ele>2476</ele>
        <time>2026-04-17T08:53:47+00:00</time>
      </trkpt>
      <trkpt lat="45.96119" lon="6.85727">
        <ele>2476</ele>
        <time>2026-04-17T08:53:50+00:00</time>
      </trkpt>
      <trkpt lat="45.9612" lon="6.85736">
        <ele>2469</ele>
        <time>2026-04-17T08:53:53+00:00</time>
      </trkpt>
      <trkpt lat="45.96116" lon="6.85739">
        <ele>2469</ele>
        <time>2026-04-17T08:53:56+00:00</time>
      </trkpt>
      <trkpt lat="45.96122" lon="6.85756">
        <ele>2462</ele>
        <time>2026-04-17T08:53:59+00:00</time>
      </trkpt>
      <trkpt lat="45.9613" lon="6.85768">
        <ele>2458</ele>
        <time>2026-04-17T08:54:02+00:00</time>
      </trkpt>
      <trkpt lat="45.96131" lon="6.85821">
        <ele>2452</ele>
        <time>2026-04-17T08:54:05+00:00</time>
      </trkpt>
      <trkpt lat="45.96136" lon="6.85833">
        <ele>2440</ele>
        <time>2026-04-17T08:54:08+00:00</time>
      </trkpt>
      <trkpt lat="45.96153" lon="6.85853">
        <ele>2447</ele>
        <time>2026-04-17T08:54:11+00:00</time>
      </trkpt>
      <trkpt lat="45.96151" lon="6.85873">
        <ele>2438</ele>
        <time>2026-04-17T08:54:14+00:00</time>
      </trkpt>
      <trkpt lat="45.96151" lon="6.85897">
        <ele>2433</ele>
        <time>2026-04-17T08:54:17+00:00</time>
      </trkpt>
      <trkpt lat="45.96151" lon="6.85921">
        <ele>2425</ele>
        <time>2026-04-17T08:54:20+00:00</time>
      </trkpt>
      <trkpt lat="45.96153" lon="6.85943">
        <ele>2420</ele>
        <time>2026-04-17T08:54:23+00:00</time>
      </trkpt>
      <trkpt lat="45.9615" lon="6.85945">
        <ele>2414</ele>
        <time>2026-04-17T08:54:26+00:00</time>
      </trkpt>
      <trkpt lat="45.96136" lon="6.85923">
        <ele>2416</ele>
        <time>2026-04-17T08:54:29+00:00</time>
      </trkpt>
      <trkpt lat="45.96115" lon="6.8589">
        <ele>2408</ele>
        <time>2026-04-17T08:54:32+00:00</time>
      </trkpt>
      <trkpt lat="45.9611" lon="6.85892">
        <ele>2400</ele>
        <time>2026-04-17T08:54:35+00:00</time>
      </trkpt>
      <trkpt lat="45.96112" lon="6.85923">
        <ele>2395</ele>
        <time>2026-04-17T08:54:38+00:00</time>
      </trkpt>
      <trkpt lat="45.96114" lon="6.85958">
        <ele>2388</ele>
        <time>2026-04-17T08:54:41+00:00</time>
      </trkpt>
      <trkpt lat="45.96123" lon="6.85994">
        <ele>2381</ele>
        <time>2026-04-17T08:54:44+00:00</time>
      </trkpt>
      <trkpt lat="45.96135" lon="6.8604">
        <ele>2367</ele>
        <time>2026-04-17T08:54:47+00:00</time>
      </trkpt>
      <trkpt lat="45.96145" lon="6.86057">
        <ele>2366</ele>
        <time>2026-04-17T08:54:50+00:00</time>
      </trkpt>
      <trkpt lat="45.96156" lon="6.86073">
        <ele>2361</ele>
        <time>2026-04-17T08:54:53+00:00</time>
      </trkpt>
      <trkpt lat="45.96168" lon="6.8609">
        <ele>2357</ele>
        <time>2026-04-17T08:54:56+00:00</time>
      </trkpt>
      <trkpt lat="45.96177" lon="6.86112">
        <ele>2350</ele>
        <time>2026-04-17T08:54:59+00:00</time>
      </trkpt>
      <trkpt lat="45.9618" lon="6.8613">
        <ele>2347</ele>
        <time>2026-04-17T08:55:02+00:00</time>
      </trkpt>
      <trkpt lat="45.96177" lon="6.86152">
        <ele>2341</ele>
        <time>2026-04-17T08:55:05+00:00</time>
      </trkpt>
      <trkpt lat="45.96174" lon="6.86152">
        <ele>2341</ele>
        <time>2026-04-17T08:55:08+00:00</time>
      </trkpt>
      <trkpt lat="45.96169" lon="6.86135">
        <ele>2344</ele>
        <time>2026-04-17T08:55:11+00:00</time>
      </trkpt>
      <trkpt lat="45.96165" lon="6.86127">
        <ele>2343</ele>
        <time>2026-04-17T08:55:14+00:00</time>
      </trkpt>
      <trkpt lat="45.96154" lon="6.86117">
        <ele>2342</ele>
        <time>2026-04-17T08:55:17+00:00</time>
      </trkpt>
      <trkpt lat="45.96151" lon="6.86119">
        <ele>2342</ele>
        <time>2026-04-17T08:55:20+00:00</time>
      </trkpt>
      <trkpt lat="45.96158" lon="6.86159">
        <ele>2329</ele>
        <time>2026-04-17T08:55:23+00:00</time>
      </trkpt>
      <trkpt lat="45.96156" lon="6.862">
        <ele>2323</ele>
        <time>2026-04-17T08:55:26+00:00</time>
      </trkpt>
      <trkpt lat="45.96164" lon="6.86239">
        <ele>2317</ele>
        <time>2026-04-17T08:55:29+00:00</time>
      </trkpt>
      <trkpt lat="45.96166" lon="6.8627">
        <ele>2306</ele>
        <time>2026-04-17T08:55:32+00:00</time>
      </trkpt>
      <trkpt lat="45.96178" lon="6.86315">
        <ele>2294</ele>
        <time>2026-04-17T08:55:35+00:00</time>
      </trkpt>
      <trkpt lat="45.96184" lon="6.86354">
        <ele>2284</ele>
        <time>2026-04-17T08:55:38+00:00</time>
      </trkpt>
      <trkpt lat="45.96192" lon="6.86411">
        <ele>2272</ele>
        <time>2026-04-17T08:55:41+00:00</time>
      </trkpt>
      <trkpt lat="45.96206" lon="6.86473">
        <ele>2262</ele>
        <time>2026-04-17T08:55:44+00:00</time>
      </trkpt>
      <trkpt lat="45.96204" lon="6.86498">
        <ele>2258</ele>
        <time>2026-04-17T08:55:47+00:00</time>
      </trkpt>
      <trkpt lat="45.96204" lon="6.86527">
        <ele>2252</ele>
        <time>2026-04-17T08:55:50+00:00</time>
      </trkpt>
      <trkpt lat="45.96214" lon="6.86567">
        <ele>2246</ele>
        <time>2026-04-17T08:55:53+00:00</time>
      </trkpt>
      <trkpt lat="45.96226" lon="6.86601">
        <ele>2247</ele>
        <time>2026-04-17T08:55:56+00:00</time>
      </trkpt>
      <trkpt lat="45.9624" lon="6.86633">
        <ele>2248</ele>
        <time>2026-04-17T08:55:59+00:00</time>
      </trkpt>
      <trkpt lat="45.96259" lon="6.86675">
        <ele>2248</ele>
        <time>2026-04-17T08:56:02+00:00</time>
      </trkpt>
      <trkpt lat="45.96284" lon="6.86721">
        <ele>2248</ele>
        <time>2026-04-17T08:56:05+00:00</time>
      </trkpt>
      <trkpt lat="45.96303" lon="6.8676">
        <ele>2248</ele>
        <time>2026-04-17T08:56:08+00:00</time>
      </trkpt>
      <trkpt lat="45.96321" lon="6.86798">
        <ele>2247</ele>
        <time>2026-04-17T08:56:11+00:00</time>
      </trkpt>
      <trkpt lat="45.96346" lon="6.86849">
        <ele>2236</ele>
        <time>2026-04-17T08:56:14+00:00</time>
      </trkpt>
      <trkpt lat="45.96358" lon="6.86892">
        <ele>2230</ele>
        <time>2026-04-17T08:56:17+00:00</time>
      </trkpt>
      <trkpt lat="45.96369" lon="6.86935">
        <ele>2231</ele>
        <time>2026-04-17T08:56:20+00:00</time>
      </trkpt>
      <trkpt lat="45.96383" lon="6.86986">
        <ele>2228</ele>
        <time>2026-04-17T08:56:23+00:00</time>
      </trkpt>
      <trkpt lat="45.96392" lon="6.87004">
        <ele>2228</ele>
        <time>2026-04-17T08:56:26+00:00</time>
      </trkpt>
      <trkpt lat="45.96407" lon="6.87025">
        <ele>2229</ele>
        <time>2026-04-17T08:56:29+00:00</time>
      </trkpt>
      <trkpt lat="45.96431" lon="6.87066">
        <ele>2230</ele>
        <time>2026-04-17T08:56:32+00:00</time>
      </trkpt>
      <trkpt lat="45.96445" lon="6.87095">
        <ele>2232</ele>
        <time>2026-04-17T08:56:35+00:00</time>
      </trkpt>
      <trkpt lat="45.96459" lon="6.87125">
        <ele>2235</ele>
        <time>2026-04-17T08:56:38+00:00</time>
      </trkpt>
      <trkpt lat="45.9648" lon="6.87153">
        <ele>2237</ele>
        <time>2026-04-17T08:56:41+00:00</time>
      </trkpt>
      <trkpt lat="45.96512" lon="6.87196">
        <ele>2242</ele>
        <time>2026-04-17T08:56:44+00:00</time>
      </trkpt>
      <trkpt lat="45.96522" lon="6.87226">
        <ele>2238</ele>
        <time>2026-04-17T08:56:47+00:00</time>
      </trkpt>
      <trkpt lat="45.9652" lon="6.87253">
        <ele>2243</ele>
        <time>2026-04-17T08:56:50+00:00</time>
      </trkpt>
      <trkpt lat="45.96523" lon="6.87268">
        <ele>2241</ele>
        <time>2026-04-17T08:56:53+00:00</time>
      </trkpt>
      <trkpt lat="45.96533" lon="6.87293">
        <ele>2248</ele>
        <time>2026-04-17T08:56:56+00:00</time>
      </trkpt>
      <trkpt lat="45.96544" lon="6.87323">
        <ele>2256</ele>
        <time>2026-04-17T08:56:59+00:00</time>
      </trkpt>
      <trkpt lat="45.96556" lon="6.87324">
        <ele>2260</ele>
        <time>2026-04-17T08:57:02+00:00</time>
      </trkpt>
      <trkpt lat="45.96566" lon="6.87302">
        <ele>2265</ele>
        <time>2026-04-17T08:57:05+00:00</time>
      </trkpt>
      <trkpt lat="45.96577" lon="6.8728">
        <ele>2275</ele>
        <time>2026-04-17T08:57:08+00:00</time>
      </trkpt>
      <trkpt lat="45.96598" lon="6.87307">
        <ele>2278</ele>
        <time>2026-04-17T08:57:11+00:00</time>
      </trkpt>
      <trkpt lat="45.96605" lon="6.87312">
        <ele>2282</ele>
        <time>2026-04-17T08:57:14+00:00</time>
      </trkpt>
      <trkpt lat="45.96609" lon="6.87299">
        <ele>2283</ele>
        <time>2026-04-17T08:57:17+00:00</time>
      </trkpt>
      <trkpt lat="45.96611" lon="6.87265">
        <ele>2295</ele>
        <time>2026-04-17T08:57:20+00:00</time>
      </trkpt>
      <trkpt lat="45.96631" lon="6.87282">
        <ele>2304</ele>
        <time>2026-04-17T08:57:23+00:00</time>
      </trkpt>
      <trkpt lat="45.96652" lon="6.87299">
        <ele>2310</ele>
        <time>2026-04-17T08:57:26+00:00</time>
      </trkpt>
      <trkpt lat="45.96654" lon="6.8731">
        <ele>2310</ele>
        <time>2026-04-17T08:57:29+00:00</time>
      </trkpt>
      <trkpt lat="45.96648" lon="6.8736">
        <ele>2311</ele>
        <time>2026-04-17T08:57:32+00:00</time>
      </trkpt>
      <trkpt lat="45.96638" lon="6.87382">
        <ele>2316</ele>
        <time>2026-04-17T08:57:35+00:00</time>
      </trkpt>
      <trkpt lat="45.96628" lon="6.87398">
        <ele>2317</ele>
        <time>2026-04-17T08:57:38+00:00</time>
      </trkpt>
      <trkpt lat="45.96617" lon="6.87414">
        <ele>2317</ele>
        <time>2026-04-17T08:57:41+00:00</time>
      </trkpt>
      <trkpt lat="45.96616" lon="6.87421">
        <ele>2320</ele>
        <time>2026-04-17T08:57:44+00:00</time>
      </trkpt>
      <trkpt lat="45.96621" lon="6.87442">
        <ele>2329</ele>
        <time>2026-04-17T08:57:47+00:00</time>
      </trkpt>
      <trkpt lat="45.96631" lon="6.87444">
        <ele>2331</ele>
        <time>2026-04-17T08:57:50+00:00</time>
      </trkpt>
      <trkpt lat="45.96652" lon="6.87442">
        <ele>2335</ele>
        <time>2026-04-17T08:57:53+00:00</time>
      </trkpt>
      <trkpt lat="45.96677" lon="6.87444">
        <ele>2338</ele>
        <time>2026-04-17T08:57:56+00:00</time>
      </trkpt>
      <trkpt lat="45.96705" lon="6.87467">
        <ele>2343</ele>
        <time>2026-04-17T08:57:59+00:00</time>
      </trkpt>
      <trkpt lat="45.9673" lon="6.87499">
        <ele>2344</ele>
        <time>2026-04-17T08:58:02+00:00</time>
      </trkpt>
      <trkpt lat="45.96742" lon="6.87505">
        <ele>2351</ele>
        <time>2026-04-17T08:58:05+00:00</time>
      </trkpt>
      <trkpt lat="45.96766" lon="6.87486">
        <ele>2356</ele>
        <time>2026-04-17T08:58:08+00:00</time>
      </trkpt>
      <trkpt lat="45.9679" lon="6.87467">
        <ele>2361</ele>
        <time>2026-04-17T08:58:11+00:00</time>
      </trkpt>
      <trkpt lat="45.96815" lon="6.87447">
        <ele>2368</ele>
        <time>2026-04-17T08:58:14+00:00</time>
      </trkpt>
      <trkpt lat="45.96831" lon="6.87451">
        <ele>2371</ele>
        <time>2026-04-17T08:58:17+00:00</time>
      </trkpt>
      <trkpt lat="45.96847" lon="6.8746">
        <ele>2373</ele>
        <time>2026-04-17T08:58:20+00:00</time>
      </trkpt>
      <trkpt lat="45.96866" lon="6.87448">
        <ele>2382</ele>
        <time>2026-04-17T08:58:23+00:00</time>
      </trkpt>
      <trkpt lat="45.96879" lon="6.87423">
        <ele>2384</ele>
        <time>2026-04-17T08:58:26+00:00</time>
      </trkpt>
      <trkpt lat="45.96881" lon="6.87411">
        <ele>2385</ele>
        <time>2026-04-17T08:58:29+00:00</time>
      </trkpt>
      <trkpt lat="45.9691" lon="6.87428">
        <ele>2382</ele>
        <time>2026-04-17T08:58:32+00:00</time>
      </trkpt>
      <trkpt lat="45.96921" lon="6.87451">
        <ele>2380</ele>
        <time>2026-04-17T08:58:35+00:00</time>
      </trkpt>
      <trkpt lat="45.9693" lon="6.87485">
        <ele>2377</ele>
        <time>2026-04-17T08:58:38+00:00</time>
      </trkpt>
      <trkpt lat="45.96943" lon="6.87507">
        <ele>2370</ele>
        <time>2026-04-17T08:58:41+00:00</time>
      </trkpt>
      <trkpt lat="45.96965" lon="6.87522">
        <ele>2370</ele>
        <time>2026-04-17T08:58:44+00:00</time>
      </trkpt>
      <trkpt lat="45.9699" lon="6.8754">
        <ele>2370</ele>
        <time>2026-04-17T08:58:47+00:00</time>
      </trkpt>
      <trkpt lat="45.9701" lon="6.87562">
        <ele>2365</ele>
        <time>2026-04-17T08:58:50+00:00</time>
      </trkpt>
      <trkpt lat="45.9703" lon="6.87601">
        <ele>2358</ele>
        <time>2026-04-17T08:58:53+00:00</time>
      </trkpt>
      <trkpt lat="45.9705" lon="6.87634">
        <ele>2358</ele>
        <time>2026-04-17T08:58:56+00:00</time>
      </trkpt>
      <trkpt lat="45.97051" lon="6.87644">
        <ele>2360</ele>
        <time>2026-04-17T08:58:59+00:00</time>
      </trkpt>
      <trkpt lat="45.97045" lon="6.87666">
        <ele>2357</ele>
        <time>2026-04-17T08:59:02+00:00</time>
      </trkpt>
      <trkpt lat="45.97037" lon="6.87725">
        <ele>2351</ele>
        <time>2026-04-17T08:59:05+00:00</time>
      </trkpt>
      <trkpt lat="45.97031" lon="6.87739">
        <ele>2350</ele>
        <time>2026-04-17T08:59:08+00:00</time>
      </trkpt>
      <trkpt lat="45.97018" lon="6.8776">
        <ele>2345</ele>
        <time>2026-04-17T08:59:11+00:00</time>
      </trkpt>
      <trkpt lat="45.97017" lon="6.8778">
        <ele>2342</ele>
        <time>2026-04-17T08:59:14+00:00</time>
      </trkpt>
      <trkpt lat="45.97025" lon="6.87804">
        <ele>2338</ele>
        <time>2026-04-17T08:59:17+00:00</time>
      </trkpt>
      <trkpt lat="45.97033" lon="6.87813">
        <ele>2335</ele>
        <time>2026-04-17T08:59:20+00:00</time>
      </trkpt>
      <trkpt lat="45.97053" lon="6.87823">
        <ele>2335</ele>
        <time>2026-04-17T08:59:23+00:00</time>
      </trkpt>
      <trkpt lat="45.97089" lon="6.87829">
        <ele>2333</ele>
        <time>2026-04-17T08:59:26+00:00</time>
      </trkpt>
      <trkpt lat="45.97105" lon="6.87829">
        <ele>2334</ele>
        <time>2026-04-17T08:59:29+00:00</time>
      </trkpt>
      <trkpt lat="45.97111" lon="6.87832">
        <ele>2329</ele>
        <time>2026-04-17T08:59:32+00:00</time>
      </trkpt>
      <trkpt lat="45.97122" lon="6.87861">
        <ele>2326</ele>
        <time>2026-04-17T08:59:35+00:00</time>
      </trkpt>
      <trkpt lat="45.97134" lon="6.87872">
        <ele>2328</ele>
        <time>2026-04-17T08:59:38+00:00</time>
      </trkpt>
      <trkpt lat="45.97138" lon="6.87886">
        <ele>2326</ele>
        <time>2026-04-17T08:59:41+00:00</time>
      </trkpt>
      <trkpt lat="45.97147" lon="6.87885">
        <ele>2328</ele>
        <time>2026-04-17T08:59:44+00:00</time>
      </trkpt>
      <trkpt lat="45.97183" lon="6.87893">
        <ele>2331</ele>
        <time>2026-04-17T08:59:47+00:00</time>
      </trkpt>
      <trkpt lat="45.97194" lon="6.87899">
        <ele>2342</ele>
        <time>2026-04-17T08:59:50+00:00</time>
      </trkpt>
      <trkpt lat="45.97209" lon="6.87921">
        <ele>2336</ele>
        <time>2026-04-17T08:59:53+00:00</time>
      </trkpt>
      <trkpt lat="45.97229" lon="6.87951">
        <ele>2337</ele>
        <time>2026-04-17T08:59:56+00:00</time>
      </trkpt>
      <trkpt lat="45.97258" lon="6.87958">
        <ele>2343</ele>
        <time>2026-04-17T08:59:59+00:00</time>
      </trkpt>
      <trkpt lat="45.97267" lon="6.87962">
        <ele>2349</ele>
        <time>2026-04-17T09:00:02+00:00</time>
      </trkpt>
      <trkpt lat="45.9728" lon="6.87978">
        <ele>2346</ele>
        <time>2026-04-17T09:00:05+00:00</time>
      </trkpt>
      <trkpt lat="45.97304" lon="6.87994">
        <ele>2349</ele>
        <time>2026-04-17T09:00:08+00:00</time>
      </trkpt>
      <trkpt lat="45.97336" lon="6.88016">
        <ele>2349</ele>
        <time>2026-04-17T09:00:11+00:00</time>
      </trkpt>
      <trkpt lat="45.97374" lon="6.88052">
        <ele>2347</ele>
        <time>2026-04-17T09:00:14+00:00</time>
      </trkpt>
      <trkpt lat="45.97383" lon="6.88056">
        <ele>2347</ele>
        <time>2026-04-17T09:00:17+00:00</time>
      </trkpt>
      <trkpt lat="45.97393" lon="6.88068">
        <ele>2345</ele>
        <time>2026-04-17T09:00:20+00:00</time>
      </trkpt>
      <trkpt lat="45.97395" lon="6.88074">
        <ele>2343</ele>
        <time>2026-04-17T09:00:23+00:00</time>
      </trkpt>
      <trkpt lat="45.97424" lon="6.88086">
        <ele>2335</ele>
        <time>2026-04-17T09:00:26+00:00</time>
      </trkpt>
      <trkpt lat="45.97425" lon="6.88091">
        <ele>2334</ele>
        <time>2026-04-17T09:00:29+00:00</time>
      </trkpt>
      <trkpt lat="45.97415" lon="6.88101">
        <ele>2332</ele>
        <time>2026-04-17T09:00:32+00:00</time>
      </trkpt>
      <trkpt lat="45.97426" lon="6.88114">
        <ele>2329</ele>
        <time>2026-04-17T09:00:35+00:00</time>
      </trkpt>
      <trkpt lat="45.97429" lon="6.88142">
        <ele>2318</ele>
        <time>2026-04-17T09:00:38+00:00</time>
      </trkpt>
      <trkpt lat="45.97432" lon="6.88144">
        <ele>2319</ele>
        <time>2026-04-17T09:00:41+00:00</time>
      </trkpt>
      <trkpt lat="45.97441" lon="6.88142">
        <ele>2319</ele>
        <time>2026-04-17T09:00:44+00:00</time>
      </trkpt>
      <trkpt lat="45.97453" lon="6.88143">
        <ele>2318</ele>
        <time>2026-04-17T09:00:47+00:00</time>
      </trkpt>
      <trkpt lat="45.9747" lon="6.88153">
        <ele>2314</ele>
        <time>2026-04-17T09:00:50+00:00</time>
      </trkpt>
      <trkpt lat="45.97477" lon="6.88166">
        <ele>2311</ele>
        <time>2026-04-17T09:00:53+00:00</time>
      </trkpt>
      <trkpt lat="45.97486" lon="6.88172">
        <ele>2308</ele>
        <time>2026-04-17T09:00:56+00:00</time>
      </trkpt>
      <trkpt lat="45.97499" lon="6.88172">
        <ele>2306</ele>
        <time>2026-04-17T09:00:59+00:00</time>
      </trkpt>
      <trkpt lat="45.97499" lon="6.88182">
        <ele>2302</ele>
        <time>2026-04-17T09:01:02+00:00</time>
      </trkpt>
      <trkpt lat="45.97492" lon="6.88192">
        <ele>2298</ele>
        <time>2026-04-17T09:01:05+00:00</time>
      </trkpt>
      <trkpt lat="45.97492" lon="6.88194">
        <ele>2298</ele>
        <time>2026-04-17T09:01:08+00:00</time>
      </trkpt>
      <trkpt lat="45.97495" lon="6.88197">
        <ele>2298</ele>
        <time>2026-04-17T09:01:11+00:00</time>
      </trkpt>
      <trkpt lat="45.97514" lon="6.88192">
        <ele>2292</ele>
        <time>2026-04-17T09:01:14+00:00</time>
      </trkpt>
      <trkpt lat="45.97527" lon="6.88198">
        <ele>2289</ele>
        <time>2026-04-17T09:01:17+00:00</time>
      </trkpt>
      <trkpt lat="45.97531" lon="6.88205">
        <ele>2283</ele>
        <time>2026-04-17T09:01:20+00:00</time>
      </trkpt>
      <trkpt lat="45.97533" lon="6.88207">
        <ele>2283</ele>
        <time>2026-04-17T09:01:23+00:00</time>
      </trkpt>
      <trkpt lat="45.97536" lon="6.88256">
        <ele>2280</ele>
        <time>2026-04-17T09:01:26+00:00</time>
      </trkpt>
      <trkpt lat="45.97537" lon="6.88312">
        <ele>2282</ele>
        <time>2026-04-17T09:01:29+00:00</time>
      </trkpt>
      <trkpt lat="45.9754" lon="6.8833">
        <ele>2278</ele>
        <time>2026-04-17T09:01:32+00:00</time>
      </trkpt>
      <trkpt lat="45.97551" lon="6.88351">
        <ele>2283</ele>
        <time>2026-04-17T09:01:35+00:00</time>
      </trkpt>
      <trkpt lat="45.97553" lon="6.88363">
        <ele>2285</ele>
        <time>2026-04-17T09:01:38+00:00</time>
      </trkpt>
      <trkpt lat="45.9755" lon="6.88382">
        <ele>2284</ele>
        <time>2026-04-17T09:01:41+00:00</time>
      </trkpt>
      <trkpt lat="45.97531" lon="6.88442">
        <ele>2282</ele>
        <time>2026-04-17T09:01:44+00:00</time>
      </trkpt>
      <trkpt lat="45.97529" lon="6.88482">
        <ele>2280</ele>
        <time>2026-04-17T09:01:47+00:00</time>
      </trkpt>
      <trkpt lat="45.97525" lon="6.88498">
        <ele>2281</ele>
        <time>2026-04-17T09:01:50+00:00</time>
      </trkpt>
      <trkpt lat="45.97515" lon="6.88509">
        <ele>2280</ele>
        <time>2026-04-17T09:01:53+00:00</time>
      </trkpt>
      <trkpt lat="45.97483" lon="6.88507">
        <ele>2273</ele>
        <time>2026-04-17T09:01:56+00:00</time>
      </trkpt>
      <trkpt lat="45.97473" lon="6.88511">
        <ele>2275</ele>
        <time>2026-04-17T09:01:59+00:00</time>
      </trkpt>
      <trkpt lat="45.9746" lon="6.88537">
        <ele>2272</ele>
        <time>2026-04-17T09:02:02+00:00</time>
      </trkpt>
      <trkpt lat="45.97452" lon="6.88559">
        <ele>2272</ele>
        <time>2026-04-17T09:02:05+00:00</time>
      </trkpt>
      <trkpt lat="45.97453" lon="6.88583">
        <ele>2266</ele>
        <time>2026-04-17T09:02:08+00:00</time>
      </trkpt>
      <trkpt lat="45.97451" lon="6.88605">
        <ele>2265</ele>
        <time>2026-04-17T09:02:11+00:00</time>
      </trkpt>
      <trkpt lat="45.97445" lon="6.88613">
        <ele>2262</ele>
        <time>2026-04-17T09:02:14+00:00</time>
      </trkpt>
      <trkpt lat="45.97452" lon="6.88637">
        <ele>2262</ele>
        <time>2026-04-17T09:02:17+00:00</time>
      </trkpt>
      <trkpt lat="45.97449" lon="6.88648">
        <ele>2261</ele>
        <time>2026-04-17T09:02:20+00:00</time>
      </trkpt>
      <trkpt lat="45.97452" lon="6.88657">
        <ele>2262</ele>
        <time>2026-04-17T09:02:23+00:00</time>
      </trkpt>
      <trkpt lat="45.97445" lon="6.88686">
        <ele>2261</ele>
        <time>2026-04-17T09:02:26+00:00</time>
      </trkpt>
      <trkpt lat="45.97438" lon="6.8872">
        <ele>2262</ele>
        <time>2026-04-17T09:02:29+00:00</time>
      </trkpt>
      <trkpt lat="45.97431" lon="6.88732">
        <ele>2269</ele>
        <time>2026-04-17T09:02:32+00:00</time>
      </trkpt>
      <trkpt lat="45.97426" lon="6.8878">
        <ele>2267</ele>
        <time>2026-04-17T09:02:35+00:00</time>
      </trkpt>
      <trkpt lat="45.97427" lon="6.88787">
        <ele>2267</ele>
        <time>2026-04-17T09:02:38+00:00</time>
      </trkpt>
      <trkpt lat="45.97432" lon="6.88792">
        <ele>2273</ele>
        <time>2026-04-17T09:02:41+00:00</time>
      </trkpt>
      <trkpt lat="45.97445" lon="6.88786">
        <ele>2271</ele>
        <time>2026-04-17T09:02:44+00:00</time>
      </trkpt>
      <trkpt lat="45.9747" lon="6.88801">
        <ele>2275</ele>
        <time>2026-04-17T09:02:47+00:00</time>
      </trkpt>
      <trkpt lat="45.97498" lon="6.88828">
        <ele>2285</ele>
        <time>2026-04-17T09:02:50+00:00</time>
      </trkpt>
      <trkpt lat="45.97512" lon="6.88866">
        <ele>2285</ele>
        <time>2026-04-17T09:02:53+00:00</time>
      </trkpt>
      <trkpt lat="45.97523" lon="6.88873">
        <ele>2286</ele>
        <time>2026-04-17T09:02:56+00:00</time>
      </trkpt>
      <trkpt lat="45.97548" lon="6.88874">
        <ele>2286</ele>
        <time>2026-04-17T09:02:59+00:00</time>
      </trkpt>
      <trkpt lat="45.97554" lon="6.88879">
        <ele>2290</ele>
        <time>2026-04-17T09:03:02+00:00</time>
      </trkpt>
      <trkpt lat="45.97553" lon="6.8889">
        <ele>2289</ele>
        <time>2026-04-17T09:03:05+00:00</time>
      </trkpt>
      <trkpt lat="45.97557" lon="6.889">
        <ele>2288</ele>
        <time>2026-04-17T09:03:08+00:00</time>
      </trkpt>
      <trkpt lat="45.97563" lon="6.88897">
        <ele>2289</ele>
        <time>2026-04-17T09:03:11+00:00</time>
      </trkpt>
      <trkpt lat="45.97569" lon="6.88902">
        <ele>2288</ele>
        <time>2026-04-17T09:03:14+00:00</time>
      </trkpt>
      <trkpt lat="45.97573" lon="6.88909">
        <ele>2290</ele>
        <time>2026-04-17T09:03:17+00:00</time>
      </trkpt>
      <trkpt lat="45.97582" lon="6.88907">
        <ele>2291</ele>
        <time>2026-04-17T09:03:20+00:00</time>
      </trkpt>
      <trkpt lat="45.97587" lon="6.88903">
        <ele>2291</ele>
        <time>2026-04-17T09:03:23+00:00</time>
      </trkpt>
      <trkpt lat="45.97596" lon="6.88901">
        <ele>2293</ele>
        <time>2026-04-17T09:03:26+00:00</time>
      </trkpt>
      <trkpt lat="45.97601" lon="6.88891">
        <ele>2295</ele>
        <time>2026-04-17T09:03:29+00:00</time>
      </trkpt>
      <trkpt lat="45.97606" lon="6.8889">
        <ele>2297</ele>
        <time>2026-04-17T09:03:32+00:00</time>
      </trkpt>
      <trkpt lat="45.97611" lon="6.88893">
        <ele>2293</ele>
        <time>2026-04-17T09:03:35+00:00</time>
      </trkpt>
      <trkpt lat="45.97614" lon="6.88904">
        <ele>2294</ele>
        <time>2026-04-17T09:03:38+00:00</time>
      </trkpt>
      <trkpt lat="45.97617" lon="6.88909">
        <ele>2294</ele>
        <time>2026-04-17T09:03:41+00:00</time>
      </trkpt>
      <trkpt lat="45.97626" lon="6.88912">
        <ele>2290</ele>
        <time>2026-04-17T09:03:44+00:00</time>
      </trkpt>
      <trkpt lat="45.97638" lon="6.88925">
        <ele>2294</ele>
        <time>2026-04-17T09:03:47+00:00</time>
      </trkpt>
      <trkpt lat="45.97648" lon="6.8894">
        <ele>2288</ele>
        <time>2026-04-17T09:03:50+00:00</time>
      </trkpt>
      <trkpt lat="45.97653" lon="6.88964">
        <ele>2288</ele>
        <time>2026-04-17T09:03:53+00:00</time>
      </trkpt>
      <trkpt lat="45.97661" lon="6.88982">
        <ele>2287</ele>
        <time>2026-04-17T09:03:56+00:00</time>
      </trkpt>
      <trkpt lat="45.9767" lon="6.88986">
        <ele>2287</ele>
        <time>2026-04-17T09:03:59+00:00</time>
      </trkpt>
      <trkpt lat="45.97684" lon="6.89009">
        <ele>2287</ele>
        <time>2026-04-17T09:04:02+00:00</time>
      </trkpt>
      <trkpt lat="45.97689" lon="6.89012">
        <ele>2282</ele>
        <time>2026-04-17T09:04:05+00:00</time>
      </trkpt>
      <trkpt lat="45.97692" lon="6.89011">
        <ele>2290</ele>
        <time>2026-04-17T09:04:08+00:00</time>
      </trkpt>
      <trkpt lat="45.97699" lon="6.89023">
        <ele>2288</ele>
        <time>2026-04-17T09:04:11+00:00</time>
      </trkpt>
      <trkpt lat="45.97706" lon="6.89027">
        <ele>2296</ele>
        <time>2026-04-17T09:04:14+00:00</time>
      </trkpt>
      <trkpt lat="45.97711" lon="6.89033">
        <ele>2301</ele>
        <time>2026-04-17T09:04:17+00:00</time>
      </trkpt>
      <trkpt lat="45.97717" lon="6.89034">
        <ele>2293</ele>
        <time>2026-04-17T09:04:20+00:00</time>
      </trkpt>
      <trkpt lat="45.97724" lon="6.8903">
        <ele>2307</ele>
        <time>2026-04-17T09:04:23+00:00</time>
      </trkpt>
      <trkpt lat="45.9773" lon="6.89029">
        <ele>2307</ele>
        <time>2026-04-17T09:04:26+00:00</time>
      </trkpt>
      <trkpt lat="45.97746" lon="6.8906">
        <ele>2295</ele>
        <time>2026-04-17T09:04:29+00:00</time>
      </trkpt>
      <trkpt lat="45.97747" lon="6.89081">
        <ele>2295</ele>
        <time>2026-04-17T09:04:32+00:00</time>
      </trkpt>
      <trkpt lat="45.97749" lon="6.89083">
        <ele>2295</ele>
        <time>2026-04-17T09:04:35+00:00</time>
      </trkpt>
      <trkpt lat="45.97758" lon="6.89083">
        <ele>2298</ele>
        <time>2026-04-17T09:04:38+00:00</time>
      </trkpt>
      <trkpt lat="45.97765" lon="6.89078">
        <ele>2302</ele>
        <time>2026-04-17T09:04:41+00:00</time>
      </trkpt>
      <trkpt lat="45.97778" lon="6.89077">
        <ele>2305</ele>
        <time>2026-04-17T09:04:44+00:00</time>
      </trkpt>
      <trkpt lat="45.9779" lon="6.89073">
        <ele>2306</ele>
        <time>2026-04-17T09:04:47+00:00</time>
      </trkpt>
      <trkpt lat="45.97801" lon="6.89073">
        <ele>2307</ele>
        <time>2026-04-17T09:04:50+00:00</time>
      </trkpt>
      <trkpt lat="45.97833" lon="6.89079">
        <ele>2306</ele>
        <time>2026-04-17T09:04:53+00:00</time>
      </trkpt>
      <trkpt lat="45.97846" lon="6.89085">
        <ele>2307</ele>
        <time>2026-04-17T09:04:56+00:00</time>
      </trkpt>
      <trkpt lat="45.97858" lon="6.89095">
        <ele>2305</ele>
        <time>2026-04-17T09:04:59+00:00</time>
      </trkpt>
      <trkpt lat="45.9787" lon="6.89129">
        <ele>2305</ele>
        <time>2026-04-17T09:05:02+00:00</time>
      </trkpt>
      <trkpt lat="45.97895" lon="6.89163">
        <ele>2301</ele>
        <time>2026-04-17T09:05:05+00:00</time>
      </trkpt>
      <trkpt lat="45.97887" lon="6.89163">
        <ele>2302</ele>
        <time>2026-04-17T09:05:08+00:00</time>
      </trkpt>
      <trkpt lat="45.97868" lon="6.89157">
        <ele>2297</ele>
        <time>2026-04-17T09:05:11+00:00</time>
      </trkpt>
      <trkpt lat="45.97859" lon="6.89161">
        <ele>2294</ele>
        <time>2026-04-17T09:05:14+00:00</time>
      </trkpt>
      <trkpt lat="45.97834" lon="6.89188">
        <ele>2287</ele>
        <time>2026-04-17T09:05:17+00:00</time>
      </trkpt>
      <trkpt lat="45.97823" lon="6.89203">
        <ele>2280</ele>
        <time>2026-04-17T09:05:20+00:00</time>
      </trkpt>
      <trkpt lat="45.97814" lon="6.89204">
        <ele>2278</ele>
        <time>2026-04-17T09:05:23+00:00</time>
      </trkpt>
      <trkpt lat="45.978" lon="6.89195">
        <ele>2273</ele>
        <time>2026-04-17T09:05:26+00:00</time>
      </trkpt>
      <trkpt lat="45.97796" lon="6.89196">
        <ele>2273</ele>
        <time>2026-04-17T09:05:29+00:00</time>
      </trkpt>
      <trkpt lat="45.97791" lon="6.89204">
        <ele>2272</ele>
        <time>2026-04-17T09:05:32+00:00</time>
      </trkpt>
      <trkpt lat="45.97788" lon="6.89222">
        <ele>2266</ele>
        <time>2026-04-17T09:05:35+00:00</time>
      </trkpt>
      <trkpt lat="45.97798" lon="6.8925">
        <ele>2263</ele>
        <time>2026-04-17T09:05:38+00:00</time>
      </trkpt>
      <trkpt lat="45.97795" lon="6.8926">
        <ele>2260</ele>
        <time>2026-04-17T09:05:41+00:00</time>
      </trkpt>
      <trkpt lat="45.97788" lon="6.89262">
        <ele>2254</ele>
        <time>2026-04-17T09:05:44+00:00</time>
      </trkpt>
      <trkpt lat="45.97784" lon="6.89261">
        <ele>2254</ele>
        <time>2026-04-17T09:05:47+00:00</time>
      </trkpt>
      <trkpt lat="45.97773" lon="6.89249">
        <ele>2255</ele>
        <time>2026-04-17T09:05:50+00:00</time>
      </trkpt>
      <trkpt lat="45.97758" lon="6.89246">
        <ele>2243</ele>
        <time>2026-04-17T09:05:53+00:00</time>
      </trkpt>
      <trkpt lat="45.97752" lon="6.89242">
        <ele>2243</ele>
        <time>2026-04-17T09:05:56+00:00</time>
      </trkpt>
      <trkpt lat="45.97748" lon="6.89243">
        <ele>2238</ele>
        <time>2026-04-17T09:05:59+00:00</time>
      </trkpt>
      <trkpt lat="45.97745" lon="6.8925">
        <ele>2238</ele>
        <time>2026-04-17T09:06:02+00:00</time>
      </trkpt>
      <trkpt lat="45.9775" lon="6.89264">
        <ele>2234</ele>
        <time>2026-04-17T09:06:05+00:00</time>
      </trkpt>
      <trkpt lat="45.97748" lon="6.89267">
        <ele>2234</ele>
        <time>2026-04-17T09:06:08+00:00</time>
      </trkpt>
      <trkpt lat="45.97744" lon="6.89267">
        <ele>2234</ele>
        <time>2026-04-17T09:06:11+00:00</time>
      </trkpt>
      <trkpt lat="45.97738" lon="6.89275">
        <ele>2227</ele>
        <time>2026-04-17T09:06:14+00:00</time>
      </trkpt>
      <trkpt lat="45.97732" lon="6.89275">
        <ele>2227</ele>
        <time>2026-04-17T09:06:17+00:00</time>
      </trkpt>
      <trkpt lat="45.97723" lon="6.89264">
        <ele>2227</ele>
        <time>2026-04-17T09:06:20+00:00</time>
      </trkpt>
      <trkpt lat="45.97709" lon="6.89272">
        <ele>2216</ele>
        <time>2026-04-17T09:06:23+00:00</time>
      </trkpt>
      <trkpt lat="45.97705" lon="6.8928">
        <ele>2216</ele>
        <time>2026-04-17T09:06:26+00:00</time>
      </trkpt>
      <trkpt lat="45.97708" lon="6.89285">
        <ele>2214</ele>
        <time>2026-04-17T09:06:29+00:00</time>
      </trkpt>
      <trkpt lat="45.97691" lon="6.8928">
        <ele>2212</ele>
        <time>2026-04-17T09:06:32+00:00</time>
      </trkpt>
      <trkpt lat="45.9768" lon="6.89274">
        <ele>2205</ele>
        <time>2026-04-17T09:06:35+00:00</time>
      </trkpt>
      <trkpt lat="45.97666" lon="6.89282">
        <ele>2202</ele>
        <time>2026-04-17T09:06:38+00:00</time>
      </trkpt>
      <trkpt lat="45.97632" lon="6.89294">
        <ele>2194</ele>
        <time>2026-04-17T09:06:41+00:00</time>
      </trkpt>
      <trkpt lat="45.9762" lon="6.89315">
        <ele>2188</ele>
        <time>2026-04-17T09:06:44+00:00</time>
      </trkpt>
      <trkpt lat="45.97615" lon="6.89308">
        <ele>2186</ele>
        <time>2026-04-17T09:06:47+00:00</time>
      </trkpt>
      <trkpt lat="45.97601" lon="6.89317">
        <ele>2184</ele>
        <time>2026-04-17T09:06:50+00:00</time>
      </trkpt>
      <trkpt lat="45.9759" lon="6.89316">
        <ele>2176</ele>
        <time>2026-04-17T09:06:53+00:00</time>
      </trkpt>
      <trkpt lat="45.97581" lon="6.89305">
        <ele>2175</ele>
        <time>2026-04-17T09:06:56+00:00</time>
      </trkpt>
      <trkpt lat="45.97563" lon="6.89302">
        <ele>2175</ele>
        <time>2026-04-17T09:06:59+00:00</time>
      </trkpt>
      <trkpt lat="45.97541" lon="6.8929">
        <ele>2174</ele>
        <time>2026-04-17T09:07:02+00:00</time>
      </trkpt>
      <trkpt lat="45.97526" lon="6.89292">
        <ele>2173</ele>
        <time>2026-04-17T09:07:05+00:00</time>
      </trkpt>
      <trkpt lat="45.9751" lon="6.89304">
        <ele>2169</ele>
        <time>2026-04-17T09:07:08+00:00</time>
      </trkpt>
      <trkpt lat="45.97504" lon="6.89303">
        <ele>2169</ele>
        <time>2026-04-17T09:07:11+00:00</time>
      </trkpt>
      <trkpt lat="45.97492" lon="6.89316">
        <ele>2165</ele>
        <time>2026-04-17T09:07:14+00:00</time>
      </trkpt>
      <trkpt lat="45.9748" lon="6.89316">
        <ele>2163</ele>
        <time>2026-04-17T09:07:17+00:00</time>
      </trkpt>
      <trkpt lat="45.97471" lon="6.89324">
        <ele>2161</ele>
        <time>2026-04-17T09:07:20+00:00</time>
      </trkpt>
      <trkpt lat="45.97466" lon="6.89333">
        <ele>2157</ele>
        <time>2026-04-17T09:07:23+00:00</time>
      </trkpt>
      <trkpt lat="45.97456" lon="6.89336">
        <ele>2155</ele>
        <time>2026-04-17T09:07:26+00:00</time>
      </trkpt>
      <trkpt lat="45.97429" lon="6.89326">
        <ele>2148</ele>
        <time>2026-04-17T09:07:29+00:00</time>
      </trkpt>
      <trkpt lat="45.97417" lon="6.89305">
        <ele>2148</ele>
        <time>2026-04-17T09:07:32+00:00</time>
      </trkpt>
      <trkpt lat="45.97403" lon="6.89308">
        <ele>2140</ele>
        <time>2026-04-17T09:07:35+00:00</time>
      </trkpt>
      <trkpt lat="45.97404" lon="6.89307">
        <ele>2140</ele>
        <time>2026-04-17T09:07:38+00:00</time>
      </trkpt>
      <trkpt lat="45.97395" lon="6.89319">
        <ele>2134</ele>
        <time>2026-04-17T09:07:41+00:00</time>
      </trkpt>
      <trkpt lat="45.97387" lon="6.89308">
        <ele>2131</ele>
        <time>2026-04-17T09:07:44+00:00</time>
      </trkpt>
      <trkpt lat="45.97384" lon="6.8932">
        <ele>2129</ele>
        <time>2026-04-17T09:07:47+00:00</time>
      </trkpt>
      <trkpt lat="45.97378" lon="6.89302">
        <ele>2126</ele>
        <time>2026-04-17T09:07:50+00:00</time>
      </trkpt>
      <trkpt lat="45.97375" lon="6.89307">
        <ele>2126</ele>
        <time>2026-04-17T09:07:53+00:00</time>
      </trkpt>
      <trkpt lat="45.97367" lon="6.89306">
        <ele>2120</ele>
        <time>2026-04-17T09:07:56+00:00</time>
      </trkpt>
      <trkpt lat="45.97362" lon="6.89299">
        <ele>2123</ele>
        <time>2026-04-17T09:07:59+00:00</time>
      </trkpt>
      <trkpt lat="45.97329" lon="6.89285">
        <ele>2110</ele>
        <time>2026-04-17T09:08:02+00:00</time>
      </trkpt>
      <trkpt lat="45.97314" lon="6.89286">
        <ele>2107</ele>
        <time>2026-04-17T09:08:05+00:00</time>
      </trkpt>
      <trkpt lat="45.97297" lon="6.89282">
        <ele>2099</ele>
        <time>2026-04-17T09:08:08+00:00</time>
      </trkpt>
      <trkpt lat="45.97293" lon="6.89285">
        <ele>2099</ele>
        <time>2026-04-17T09:08:11+00:00</time>
      </trkpt>
      <trkpt lat="45.97277" lon="6.89258">
        <ele>2086</ele>
        <time>2026-04-17T09:08:14+00:00</time>
      </trkpt>
      <trkpt lat="45.97264" lon="6.89255">
        <ele>2083</ele>
        <time>2026-04-17T09:08:17+00:00</time>
      </trkpt>
      <trkpt lat="45.97244" lon="6.89238">
        <ele>2080</ele>
        <time>2026-04-17T09:08:20+00:00</time>
      </trkpt>
      <trkpt lat="45.97215" lon="6.89212">
        <ele>2073</ele>
        <time>2026-04-17T09:08:23+00:00</time>
      </trkpt>
      <trkpt lat="45.97186" lon="6.89198">
        <ele>2069</ele>
        <time>2026-04-17T09:08:26+00:00</time>
      </trkpt>
      <trkpt lat="45.97186" lon="6.89186">
        <ele>2070</ele>
        <time>2026-04-17T09:08:29+00:00</time>
      </trkpt>
      <trkpt lat="45.97178" lon="6.8917">
        <ele>2070</ele>
        <time>2026-04-17T09:08:32+00:00</time>
      </trkpt>
      <trkpt lat="45.9718" lon="6.89153">
        <ele>2069</ele>
        <time>2026-04-17T09:08:35+00:00</time>
      </trkpt>
      <trkpt lat="45.97173" lon="6.8914">
        <ele>2067</ele>
        <time>2026-04-17T09:08:38+00:00</time>
      </trkpt>
      <trkpt lat="45.97158" lon="6.89124">
        <ele>2061</ele>
        <time>2026-04-17T09:08:41+00:00</time>
      </trkpt>
      <trkpt lat="45.97144" lon="6.891">
        <ele>2065</ele>
        <time>2026-04-17T09:08:44+00:00</time>
      </trkpt>
      <trkpt lat="45.97121" lon="6.89062">
        <ele>2065</ele>
        <time>2026-04-17T09:08:47+00:00</time>
      </trkpt>
      <trkpt lat="45.97103" lon="6.89045">
        <ele>2063</ele>
        <time>2026-04-17T09:08:50+00:00</time>
      </trkpt>
      <trkpt lat="45.97077" lon="6.89028">
        <ele>2055</ele>
        <time>2026-04-17T09:08:53+00:00</time>
      </trkpt>
      <trkpt lat="45.97071" lon="6.89015">
        <ele>2058</ele>
        <time>2026-04-17T09:08:56+00:00</time>
      </trkpt>
      <trkpt lat="45.97052" lon="6.88996">
        <ele>2054</ele>
        <time>2026-04-17T09:08:59+00:00</time>
      </trkpt>
      <trkpt lat="45.97025" lon="6.8897">
        <ele>2052</ele>
        <time>2026-04-17T09:09:02+00:00</time>
      </trkpt>
      <trkpt lat="45.97022" lon="6.8896">
        <ele>2052</ele>
        <time>2026-04-17T09:09:05+00:00</time>
      </trkpt>
      <trkpt lat="45.96993" lon="6.88928">
        <ele>2050</ele>
        <time>2026-04-17T09:09:08+00:00</time>
      </trkpt>
      <trkpt lat="45.96978" lon="6.88927">
        <ele>2034</ele>
        <time>2026-04-17T09:09:11+00:00</time>
      </trkpt>
      <trkpt lat="45.96978" lon="6.88916">
        <ele>2033</ele>
        <time>2026-04-17T09:09:14+00:00</time>
      </trkpt>
      <trkpt lat="45.96984" lon="6.88874">
        <ele>2033</ele>
        <time>2026-04-17T09:09:17+00:00</time>
      </trkpt>
      <trkpt lat="45.96982" lon="6.88853">
        <ele>2032</ele>
        <time>2026-04-17T09:09:20+00:00</time>
      </trkpt>
      <trkpt lat="45.96987" lon="6.88826">
        <ele>2032</ele>
        <time>2026-04-17T09:09:23+00:00</time>
      </trkpt>
      <trkpt lat="45.9698" lon="6.88804">
        <ele>2031</ele>
        <time>2026-04-17T09:09:26+00:00</time>
      </trkpt>
      <trkpt lat="45.96961" lon="6.88785">
        <ele>2031</ele>
        <time>2026-04-17T09:09:29+00:00</time>
      </trkpt>
      <trkpt lat="45.96938" lon="6.88769">
        <ele>2026</ele>
        <time>2026-04-17T09:09:32+00:00</time>
      </trkpt>
      <trkpt lat="45.96932" lon="6.88756">
        <ele>2026</ele>
        <time>2026-04-17T09:09:35+00:00</time>
      </trkpt>
      <trkpt lat="45.96931" lon="6.88746">
        <ele>2024</ele>
        <time>2026-04-17T09:09:38+00:00</time>
      </trkpt>
      <trkpt lat="45.96936" lon="6.88727">
        <ele>2018</ele>
        <time>2026-04-17T09:09:41+00:00</time>
      </trkpt>
      <trkpt lat="45.9694" lon="6.88721">
        <ele>2018</ele>
        <time>2026-04-17T09:09:44+00:00</time>
      </trkpt>
      <trkpt lat="45.96948" lon="6.88699">
        <ele>2016</ele>
        <time>2026-04-17T09:09:47+00:00</time>
      </trkpt>
      <trkpt lat="45.96958" lon="6.88684">
        <ele>2014</ele>
        <time>2026-04-17T09:09:50+00:00</time>
      </trkpt>
      <trkpt lat="45.96959" lon="6.88674">
        <ele>2016</ele>
        <time>2026-04-17T09:09:53+00:00</time>
      </trkpt>
      <trkpt lat="45.96945" lon="6.88647">
        <ele>2016</ele>
        <time>2026-04-17T09:09:56+00:00</time>
      </trkpt>
      <trkpt lat="45.96943" lon="6.88636">
        <ele>2017</ele>
        <time>2026-04-17T09:09:59+00:00</time>
      </trkpt>
      <trkpt lat="45.96939" lon="6.88631">
        <ele>2016</ele>
        <time>2026-04-17T09:10:02+00:00</time>
      </trkpt>
      <trkpt lat="45.96915" lon="6.88625">
        <ele>2014</ele>
        <time>2026-04-17T09:10:05+00:00</time>
      </trkpt>
      <trkpt lat="45.96885" lon="6.88625">
        <ele>2013</ele>
        <time>2026-04-17T09:10:08+00:00</time>
      </trkpt>
      <trkpt lat="45.9686" lon="6.88628">
        <ele>2005</ele>
        <time>2026-04-17T09:10:11+00:00</time>
      </trkpt>
      <trkpt lat="45.96849" lon="6.88615">
        <ele>2004</ele>
        <time>2026-04-17T09:10:14+00:00</time>
      </trkpt>
      <trkpt lat="45.96829" lon="6.88609">
        <ele>2002</ele>
        <time>2026-04-17T09:10:17+00:00</time>
      </trkpt>
      <trkpt lat="45.96799" lon="6.88608">
        <ele>1997</ele>
        <time>2026-04-17T09:10:20+00:00</time>
      </trkpt>
      <trkpt lat="45.96779" lon="6.88612">
        <ele>1992</ele>
        <time>2026-04-17T09:10:23+00:00</time>
      </trkpt>
      <trkpt lat="45.96749" lon="6.8859">
        <ele>1991</ele>
        <time>2026-04-17T09:10:26+00:00</time>
      </trkpt>
      <trkpt lat="45.96732" lon="6.88583">
        <ele>1989</ele>
        <time>2026-04-17T09:10:29+00:00</time>
      </trkpt>
      <trkpt lat="45.96721" lon="6.88585">
        <ele>1989</ele>
        <time>2026-04-17T09:10:32+00:00</time>
      </trkpt>
      <trkpt lat="45.9671" lon="6.88598">
        <ele>1988</ele>
        <time>2026-04-17T09:10:35+00:00</time>
      </trkpt>
      <trkpt lat="45.96691" lon="6.88619">
        <ele>1985</ele>
        <time>2026-04-17T09:10:38+00:00</time>
      </trkpt>
      <trkpt lat="45.96659" lon="6.88653">
        <ele>1977</ele>
        <time>2026-04-17T09:10:41+00:00</time>
      </trkpt>
      <trkpt lat="45.9663" lon="6.88695">
        <ele>1964</ele>
        <time>2026-04-17T09:10:44+00:00</time>
      </trkpt>
      <trkpt lat="45.96605" lon="6.88707">
        <ele>1960</ele>
        <time>2026-04-17T09:10:47+00:00</time>
      </trkpt>
      <trkpt lat="45.96575" lon="6.88722">
        <ele>1950</ele>
        <time>2026-04-17T09:10:50+00:00</time>
      </trkpt>
      <trkpt lat="45.96567" lon="6.88722">
        <ele>1947</ele>
        <time>2026-04-17T09:10:53+00:00</time>
      </trkpt>
      <trkpt lat="45.96558" lon="6.88713">
        <ele>1938</ele>
        <time>2026-04-17T09:10:56+00:00</time>
      </trkpt>
      <trkpt lat="45.96542" lon="6.88678">
        <ele>1935</ele>
        <time>2026-04-17T09:10:59+00:00</time>
      </trkpt>
      <trkpt lat="45.96523" lon="6.88648">
        <ele>1928</ele>
        <time>2026-04-17T09:11:02+00:00</time>
      </trkpt>
      <trkpt lat="45.9651" lon="6.88635">
        <ele>1922</ele>
        <time>2026-04-17T09:11:05+00:00</time>
      </trkpt>
      <trkpt lat="45.96494" lon="6.88627">
        <ele>1916</ele>
        <time>2026-04-17T09:11:08+00:00</time>
      </trkpt>
      <trkpt lat="45.96475" lon="6.88621">
        <ele>1910</ele>
        <time>2026-04-17T09:11:11+00:00</time>
      </trkpt>
      <trkpt lat="45.96468" lon="6.88615">
        <ele>1909</ele>
        <time>2026-04-17T09:11:14+00:00</time>
      </trkpt>
      <trkpt lat="45.96451" lon="6.88588">
        <ele>1907</ele>
        <time>2026-04-17T09:11:17+00:00</time>
      </trkpt>
      <trkpt lat="45.96441" lon="6.88579">
        <ele>1905</ele>
        <time>2026-04-17T09:11:20+00:00</time>
      </trkpt>
      <trkpt lat="45.96418" lon="6.8857">
        <ele>1894</ele>
        <time>2026-04-17T09:11:23+00:00</time>
      </trkpt>
      <trkpt lat="45.96413" lon="6.88576">
        <ele>1893</ele>
        <time>2026-04-17T09:11:26+00:00</time>
      </trkpt>
      <trkpt lat="45.96404" lon="6.8857">
        <ele>1891</ele>
        <time>2026-04-17T09:11:29+00:00</time>
      </trkpt>
      <trkpt lat="45.96394" lon="6.88571">
        <ele>1886</ele>
        <time>2026-04-17T09:11:32+00:00</time>
      </trkpt>
      <trkpt lat="45.96361" lon="6.88599">
        <ele>1873</ele>
        <time>2026-04-17T09:11:35+00:00</time>
      </trkpt>
      <trkpt lat="45.96345" lon="6.88589">
        <ele>1868</ele>
        <time>2026-04-17T09:11:38+00:00</time>
      </trkpt>
      <trkpt lat="45.96332" lon="6.88576">
        <ele>1867</ele>
        <time>2026-04-17T09:11:41+00:00</time>
      </trkpt>
      <trkpt lat="45.96323" lon="6.8858">
        <ele>1865</ele>
        <time>2026-04-17T09:11:44+00:00</time>
      </trkpt>
      <trkpt lat="45.96304" lon="6.88572">
        <ele>1867</ele>
        <time>2026-04-17T09:11:47+00:00</time>
      </trkpt>
      <trkpt lat="45.96269" lon="6.8858">
        <ele>1868</ele>
        <time>2026-04-17T09:11:50+00:00</time>
      </trkpt>
      <trkpt lat="45.96253" lon="6.88591">
        <ele>1868</ele>
        <time>2026-04-17T09:11:53+00:00</time>
      </trkpt>
      <trkpt lat="45.96238" lon="6.88598">
        <ele>1879</ele>
        <time>2026-04-17T09:11:56+00:00</time>
      </trkpt>
      <trkpt lat="45.96223" lon="6.88605">
        <ele>1879</ele>
        <time>2026-04-17T09:11:59+00:00</time>
      </trkpt>
      <trkpt lat="45.96199" lon="6.88624">
        <ele>1880</ele>
        <time>2026-04-17T09:12:02+00:00</time>
      </trkpt>
      <trkpt lat="45.9619" lon="6.88622">
        <ele>1884</ele>
        <time>2026-04-17T09:12:05+00:00</time>
      </trkpt>
      <trkpt lat="45.96171" lon="6.88643">
        <ele>1883</ele>
        <time>2026-04-17T09:12:08+00:00</time>
      </trkpt>
      <trkpt lat="45.96143" lon="6.88674">
        <ele>1888</ele>
        <time>2026-04-17T09:12:11+00:00</time>
      </trkpt>
      <trkpt lat="45.96123" lon="6.88684">
        <ele>1889</ele>
        <time>2026-04-17T09:12:14+00:00</time>
      </trkpt>
      <trkpt lat="45.96111" lon="6.88688">
        <ele>1890</ele>
        <time>2026-04-17T09:12:17+00:00</time>
      </trkpt>
      <trkpt lat="45.96097" lon="6.88684">
        <ele>1889</ele>
        <time>2026-04-17T09:12:20+00:00</time>
      </trkpt>
      <trkpt lat="45.96076" lon="6.88684">
        <ele>1890</ele>
        <time>2026-04-17T09:12:23+00:00</time>
      </trkpt>
      <trkpt lat="45.9607" lon="6.8868">
        <ele>1892</ele>
        <time>2026-04-17T09:12:26+00:00</time>
      </trkpt>
      <trkpt lat="45.96054" lon="6.88653">
        <ele>1890</ele>
        <time>2026-04-17T09:12:29+00:00</time>
      </trkpt>
      <trkpt lat="45.96053" lon="6.88642">
        <ele>1892</ele>
        <time>2026-04-17T09:12:32+00:00</time>
      </trkpt>
      <trkpt lat="45.96044" lon="6.88611">
        <ele>1890</ele>
        <time>2026-04-17T09:12:35+00:00</time>
      </trkpt>
      <trkpt lat="45.96036" lon="6.88599">
        <ele>1889</ele>
        <time>2026-04-17T09:12:38+00:00</time>
      </trkpt>
      <trkpt lat="45.96022" lon="6.88588">
        <ele>1887</ele>
        <time>2026-04-17T09:12:41+00:00</time>
      </trkpt>
      <trkpt lat="45.96014" lon="6.88602">
        <ele>1880</ele>
        <time>2026-04-17T09:12:44+00:00</time>
      </trkpt>
      <trkpt lat="45.9601" lon="6.88615">
        <ele>1876</ele>
        <time>2026-04-17T09:12:47+00:00</time>
      </trkpt>
      <trkpt lat="45.95998" lon="6.88638">
        <ele>1872</ele>
        <time>2026-04-17T09:12:50+00:00</time>
      </trkpt>
      <trkpt lat="45.95999" lon="6.88662">
        <ele>1868</ele>
        <time>2026-04-17T09:12:53+00:00</time>
      </trkpt>
      <trkpt lat="45.95997" lon="6.88674">
        <ele>1873</ele>
        <time>2026-04-17T09:12:56+00:00</time>
      </trkpt>
      <trkpt lat="45.95993" lon="6.88678">
        <ele>1869</ele>
        <time>2026-04-17T09:12:59+00:00</time>
      </trkpt>
      <trkpt lat="45.95992" lon="6.88691">
        <ele>1874</ele>
        <time>2026-04-17T09:13:02+00:00</time>
      </trkpt>
      <trkpt lat="45.95994" lon="6.88702">
        <ele>1872</ele>
        <time>2026-04-17T09:13:05+00:00</time>
      </trkpt>
      <trkpt lat="45.95993" lon="6.88715">
        <ele>1876</ele>
        <time>2026-04-17T09:13:08+00:00</time>
      </trkpt>
      <trkpt lat="45.95984" lon="6.88731">
        <ele>1872</ele>
        <time>2026-04-17T09:13:11+00:00</time>
      </trkpt>
      <trkpt lat="45.95993" lon="6.88746">
        <ele>1873</ele>
        <time>2026-04-17T09:13:14+00:00</time>
      </trkpt>
      <trkpt lat="45.96002" lon="6.88754">
        <ele>1871</ele>
        <time>2026-04-17T09:13:17+00:00</time>
      </trkpt>
      <trkpt lat="45.96021" lon="6.88764">
        <ele>1870</ele>
        <time>2026-04-17T09:13:20+00:00</time>
      </trkpt>
      <trkpt lat="45.96026" lon="6.88765">
        <ele>1870</ele>
        <time>2026-04-17T09:13:23+00:00</time>
      </trkpt>
      <trkpt lat="45.96045" lon="6.88782">
        <ele>1865</ele>
        <time>2026-04-17T09:13:26+00:00</time>
      </trkpt>
      <trkpt lat="45.96066" lon="6.88802">
        <ele>1856</ele>
        <time>2026-04-17T09:13:29+00:00</time>
      </trkpt>
      <trkpt lat="45.96096" lon="6.88835">
        <ele>1849</ele>
        <time>2026-04-17T09:13:32+00:00</time>
      </trkpt>
      <trkpt lat="45.96113" lon="6.88862">
        <ele>1847</ele>
        <time>2026-04-17T09:13:35+00:00</time>
      </trkpt>
      <trkpt lat="45.96135" lon="6.88891">
        <ele>1846</ele>
        <time>2026-04-17T09:13:38+00:00</time>
      </trkpt>
      <trkpt lat="45.96172" lon="6.88941">
        <ele>1844</ele>
        <time>2026-04-17T09:13:41+00:00</time>
      </trkpt>
      <trkpt lat="45.96198" lon="6.88962">
        <ele>1842</ele>
        <time>2026-04-17T09:13:44+00:00</time>
      </trkpt>
      <trkpt lat="45.96215" lon="6.88988">
        <ele>1840</ele>
        <time>2026-04-17T09:13:47+00:00</time>
      </trkpt>
      <trkpt lat="45.96234" lon="6.89018">
        <ele>1832</ele>
        <time>2026-04-17T09:13:50+00:00</time>
      </trkpt>
      <trkpt lat="45.96262" lon="6.8904">
        <ele>1828</ele>
        <time>2026-04-17T09:13:53+00:00</time>
      </trkpt>
      <trkpt lat="45.9629" lon="6.89046">
        <ele>1824</ele>
        <time>2026-04-17T09:13:56+00:00</time>
      </trkpt>
      <trkpt lat="45.96316" lon="6.89049">
        <ele>1817</ele>
        <time>2026-04-17T09:13:59+00:00</time>
      </trkpt>
      <trkpt lat="45.96348" lon="6.89052">
        <ele>1805</ele>
        <time>2026-04-17T09:14:02+00:00</time>
      </trkpt>
      <trkpt lat="45.96367" lon="6.89086">
        <ele>1800</ele>
        <time>2026-04-17T09:14:05+00:00</time>
      </trkpt>
      <trkpt lat="45.96375" lon="6.89132">
        <ele>1791</ele>
        <time>2026-04-17T09:14:08+00:00</time>
      </trkpt>
      <trkpt lat="45.96383" lon="6.89198">
        <ele>1778</ele>
        <time>2026-04-17T09:14:11+00:00</time>
      </trkpt>
      <trkpt lat="45.96385" lon="6.89252">
        <ele>1769</ele>
        <time>2026-04-17T09:14:14+00:00</time>
      </trkpt>
      <trkpt lat="45.96396" lon="6.89303">
        <ele>1762</ele>
        <time>2026-04-17T09:14:17+00:00</time>
      </trkpt>
      <trkpt lat="45.96423" lon="6.89338">
        <ele>1756</ele>
        <time>2026-04-17T09:14:20+00:00</time>
      </trkpt>
      <trkpt lat="45.96441" lon="6.89338">
        <ele>1754</ele>
        <time>2026-04-17T09:14:23+00:00</time>
      </trkpt>
      <trkpt lat="45.96445" lon="6.89342">
        <ele>1753</ele>
        <time>2026-04-17T09:14:26+00:00</time>
      </trkpt>
      <trkpt lat="45.9647" lon="6.89383">
        <ele>1749</ele>
        <time>2026-04-17T09:14:29+00:00</time>
      </trkpt>
      <trkpt lat="45.96482" lon="6.89416">
        <ele>1745</ele>
        <time>2026-04-17T09:14:32+00:00</time>
      </trkpt>
      <trkpt lat="45.96483" lon="6.89427">
        <ele>1744</ele>
        <time>2026-04-17T09:14:35+00:00</time>
      </trkpt>
      <trkpt lat="45.96489" lon="6.8944">
        <ele>1742</ele>
        <time>2026-04-17T09:14:38+00:00</time>
      </trkpt>
      <trkpt lat="45.96492" lon="6.89452">
        <ele>1740</ele>
        <time>2026-04-17T09:14:41+00:00</time>
      </trkpt>
      <trkpt lat="45.965" lon="6.89456">
        <ele>1740</ele>
        <time>2026-04-17T09:14:44+00:00</time>
      </trkpt>
      <trkpt lat="45.96505" lon="6.89463">
        <ele>1738</ele>
        <time>2026-04-17T09:14:47+00:00</time>
      </trkpt>
      <trkpt lat="45.96499" lon="6.89472">
        <ele>1735</ele>
        <time>2026-04-17T09:14:50+00:00</time>
      </trkpt>
      <trkpt lat="45.96501" lon="6.89476">
        <ele>1734</ele>
        <time>2026-04-17T09:14:53+00:00</time>
      </trkpt>
      <trkpt lat="45.96507" lon="6.89477">
        <ele>1734</ele>
        <time>2026-04-17T09:14:56+00:00</time>
      </trkpt>
      <trkpt lat="45.96508" lon="6.89488">
        <ele>1731</ele>
        <time>2026-04-17T09:14:59+00:00</time>
      </trkpt>
      <trkpt lat="45.96516" lon="6.8949">
        <ele>1731</ele>
        <time>2026-04-17T09:15:02+00:00</time>
      </trkpt>
      <trkpt lat="45.96525" lon="6.89498">
        <ele>1728</ele>
        <time>2026-04-17T09:15:05+00:00</time>
      </trkpt>
      <trkpt lat="45.96529" lon="6.89517">
        <ele>1723</ele>
        <time>2026-04-17T09:15:08+00:00</time>
      </trkpt>
      <trkpt lat="45.96544" lon="6.89551">
        <ele>1712</ele>
        <time>2026-04-17T09:15:11+00:00</time>
      </trkpt>
      <trkpt lat="45.96566" lon="6.8958">
        <ele>1712</ele>
        <time>2026-04-17T09:15:14+00:00</time>
      </trkpt>
      <trkpt lat="45.9658" lon="6.89588">
        <ele>1710</ele>
        <time>2026-04-17T09:15:17+00:00</time>
      </trkpt>
      <trkpt lat="45.96587" lon="6.89608">
        <ele>1704</ele>
        <time>2026-04-17T09:15:20+00:00</time>
      </trkpt>
      <trkpt lat="45.96598" lon="6.89631">
        <ele>1700</ele>
        <time>2026-04-17T09:15:23+00:00</time>
      </trkpt>
      <trkpt lat="45.96607" lon="6.89662">
        <ele>1695</ele>
        <time>2026-04-17T09:15:26+00:00</time>
      </trkpt>
      <trkpt lat="45.96618" lon="6.89692">
        <ele>1695</ele>
        <time>2026-04-17T09:15:29+00:00</time>
      </trkpt>
      <trkpt lat="45.96631" lon="6.89703">
        <ele>1700</ele>
        <time>2026-04-17T09:15:32+00:00</time>
      </trkpt>
      <trkpt lat="45.96631" lon="6.89711">
        <ele>1691</ele>
        <time>2026-04-17T09:15:35+00:00</time>
      </trkpt>
      <trkpt lat="45.96622" lon="6.89728">
        <ele>1690</ele>
        <time>2026-04-17T09:15:38+00:00</time>
      </trkpt>
      <trkpt lat="45.96622" lon="6.89737">
        <ele>1688</ele>
        <time>2026-04-17T09:15:41+00:00</time>
      </trkpt>
      <trkpt lat="45.96613" lon="6.89733">
        <ele>1681</ele>
        <time>2026-04-17T09:15:44+00:00</time>
      </trkpt>
      <trkpt lat="45.96612" lon="6.89741">
        <ele>1679</ele>
        <time>2026-04-17T09:15:47+00:00</time>
      </trkpt>
      <trkpt lat="45.96604" lon="6.89736">
        <ele>1678</ele>
        <time>2026-04-17T09:15:50+00:00</time>
      </trkpt>
      <trkpt lat="45.96578" lon="6.89741">
        <ele>1673</ele>
        <time>2026-04-17T09:15:53+00:00</time>
      </trkpt>
      <trkpt lat="45.96563" lon="6.89735">
        <ele>1666</ele>
        <time>2026-04-17T09:15:56+00:00</time>
      </trkpt>
      <trkpt lat="45.96564" lon="6.89724">
        <ele>1672</ele>
        <time>2026-04-17T09:15:59+00:00</time>
      </trkpt>
      <trkpt lat="45.96559" lon="6.89717">
        <ele>1665</ele>
        <time>2026-04-17T09:16:02+00:00</time>
      </trkpt>
      <trkpt lat="45.96555" lon="6.89702">
        <ele>1670</ele>
        <time>2026-04-17T09:16:05+00:00</time>
      </trkpt>
      <trkpt lat="45.96537" lon="6.89686">
        <ele>1672</ele>
        <time>2026-04-17T09:16:08+00:00</time>
      </trkpt>
      <trkpt lat="45.96534" lon="6.89669">
        <ele>1676</ele>
        <time>2026-04-17T09:16:11+00:00</time>
      </trkpt>
      <trkpt lat="45.96516" lon="6.89661">
        <ele>1673</ele>
        <time>2026-04-17T09:16:14+00:00</time>
      </trkpt>
      <trkpt lat="45.96514" lon="6.89652">
        <ele>1675</ele>
        <time>2026-04-17T09:16:17+00:00</time>
      </trkpt>
      <trkpt lat="45.96495" lon="6.89642">
        <ele>1679</ele>
        <time>2026-04-17T09:16:20+00:00</time>
      </trkpt>
      <trkpt lat="45.96475" lon="6.89631">
        <ele>1681</ele>
        <time>2026-04-17T09:16:23+00:00</time>
      </trkpt>
      <trkpt lat="45.96434" lon="6.89618">
        <ele>1680</ele>
        <time>2026-04-17T09:16:26+00:00</time>
      </trkpt>
      <trkpt lat="45.96427" lon="6.89633">
        <ele>1680</ele>
        <time>2026-04-17T09:16:29+00:00</time>
      </trkpt>
      <trkpt lat="45.96412" lon="6.89636">
        <ele>1680</ele>
        <time>2026-04-17T09:16:32+00:00</time>
      </trkpt>
      <trkpt lat="45.96401" lon="6.89628">
        <ele>1683</ele>
        <time>2026-04-17T09:16:35+00:00</time>
      </trkpt>
      <trkpt lat="45.96396" lon="6.89608">
        <ele>1683</ele>
        <time>2026-04-17T09:16:38+00:00</time>
      </trkpt>
      <trkpt lat="45.96381" lon="6.89608">
        <ele>1688</ele>
        <time>2026-04-17T09:16:41+00:00</time>
      </trkpt>
      <trkpt lat="45.96367" lon="6.89602">
        <ele>1682</ele>
        <time>2026-04-17T09:16:44+00:00</time>
      </trkpt>
      <trkpt lat="45.96345" lon="6.89619">
        <ele>1681</ele>
        <time>2026-04-17T09:16:47+00:00</time>
      </trkpt>
      <trkpt lat="45.96325" lon="6.89612">
        <ele>1677</ele>
        <time>2026-04-17T09:16:50+00:00</time>
      </trkpt>
      <trkpt lat="45.96315" lon="6.896">
        <ele>1676</ele>
        <time>2026-04-17T09:16:53+00:00</time>
      </trkpt>
      <trkpt lat="45.96305" lon="6.89607">
        <ele>1671</ele>
        <time>2026-04-17T09:16:56+00:00</time>
      </trkpt>
      <trkpt lat="45.96304" lon="6.89617">
        <ele>1668</ele>
        <time>2026-04-17T09:16:59+00:00</time>
      </trkpt>
      <trkpt lat="45.96297" lon="6.89629">
        <ele>1663</ele>
        <time>2026-04-17T09:17:02+00:00</time>
      </trkpt>
      <trkpt lat="45.96305" lon="6.89649">
        <ele>1661</ele>
        <time>2026-04-17T09:17:05+00:00</time>
      </trkpt>
      <trkpt lat="45.96304" lon="6.89655">
        <ele>1656</ele>
        <time>2026-04-17T09:17:08+00:00</time>
      </trkpt>
      <trkpt lat="45.96288" lon="6.89657">
        <ele>1650</ele>
        <time>2026-04-17T09:17:11+00:00</time>
      </trkpt>
      <trkpt lat="45.96283" lon="6.8967">
        <ele>1648</ele>
        <time>2026-04-17T09:17:14+00:00</time>
      </trkpt>
      <trkpt lat="45.96263" lon="6.89632">
        <ele>1649</ele>
        <time>2026-04-17T09:17:17+00:00</time>
      </trkpt>
      <trkpt lat="45.96256" lon="6.89628">
        <ele>1643</ele>
        <time>2026-04-17T09:17:20+00:00</time>
      </trkpt>
      <trkpt lat="45.96255" lon="6.89652">
        <ele>1635</ele>
        <time>2026-04-17T09:17:23+00:00</time>
      </trkpt>
      <trkpt lat="45.96252" lon="6.89655">
        <ele>1635</ele>
        <time>2026-04-17T09:17:26+00:00</time>
      </trkpt>
      <trkpt lat="45.9624" lon="6.89644">
        <ele>1630</ele>
        <time>2026-04-17T09:17:29+00:00</time>
      </trkpt>
      <trkpt lat="45.96228" lon="6.89638">
        <ele>1633</ele>
        <time>2026-04-17T09:17:32+00:00</time>
      </trkpt>
      <trkpt lat="45.96201" lon="6.89599">
        <ele>1631</ele>
        <time>2026-04-17T09:17:35+00:00</time>
      </trkpt>
      <trkpt lat="45.96198" lon="6.89608">
        <ele>1622</ele>
        <time>2026-04-17T09:17:38+00:00</time>
      </trkpt>
      <trkpt lat="45.9619" lon="6.89598">
        <ele>1621</ele>
        <time>2026-04-17T09:17:41+00:00</time>
      </trkpt>
      <trkpt lat="45.96183" lon="6.89596">
        <ele>1621</ele>
        <time>2026-04-17T09:17:44+00:00</time>
      </trkpt>
      <trkpt lat="45.96175" lon="6.89599">
        <ele>1618</ele>
        <time>2026-04-17T09:17:47+00:00</time>
      </trkpt>
      <trkpt lat="45.96164" lon="6.8959">
        <ele>1617</ele>
        <time>2026-04-17T09:17:50+00:00</time>
      </trkpt>
      <trkpt lat="45.96148" lon="6.896">
        <ele>1608</ele>
        <time>2026-04-17T09:17:53+00:00</time>
      </trkpt>
      <trkpt lat="45.9614" lon="6.89611">
        <ele>1600</ele>
        <time>2026-04-17T09:17:56+00:00</time>
      </trkpt>
      <trkpt lat="45.96139" lon="6.89618">
        <ele>1600</ele>
        <time>2026-04-17T09:17:59+00:00</time>
      </trkpt>
      <trkpt lat="45.96137" lon="6.89619">
        <ele>1600</ele>
        <time>2026-04-17T09:18:02+00:00</time>
      </trkpt>
      <trkpt lat="45.96125" lon="6.89612">
        <ele>1596</ele>
        <time>2026-04-17T09:18:05+00:00</time>
      </trkpt>
      <trkpt lat="45.96123" lon="6.89608">
        <ele>1596</ele>
        <time>2026-04-17T09:18:08+00:00</time>
      </trkpt>
      <trkpt lat="45.96121" lon="6.89594">
        <ele>1596</ele>
        <time>2026-04-17T09:18:11+00:00</time>
      </trkpt>
      <trkpt lat="45.96122" lon="6.89585">
        <ele>1596</ele>
        <time>2026-04-17T09:18:14+00:00</time>
      </trkpt>
      <trkpt lat="45.96115" lon="6.89583">
        <ele>1591</ele>
        <time>2026-04-17T09:18:17+00:00</time>
      </trkpt>
      <trkpt lat="45.96112" lon="6.89567">
        <ele>1591</ele>
        <time>2026-04-17T09:18:20+00:00</time>
      </trkpt>
      <trkpt lat="45.96102" lon="6.89546">
        <ele>1586</ele>
        <time>2026-04-17T09:18:23+00:00</time>
      </trkpt>
      <trkpt lat="45.96089" lon="6.89519">
        <ele>1582</ele>
        <time>2026-04-17T09:18:26+00:00</time>
      </trkpt>
      <trkpt lat="45.96068" lon="6.89504">
        <ele>1578</ele>
        <time>2026-04-17T09:18:29+00:00</time>
      </trkpt>
      <trkpt lat="45.96065" lon="6.89492">
        <ele>1572</ele>
        <time>2026-04-17T09:18:32+00:00</time>
      </trkpt>
      <trkpt lat="45.96056" lon="6.89476">
        <ele>1574</ele>
        <time>2026-04-17T09:18:35+00:00</time>
      </trkpt>
      <trkpt lat="45.96013" lon="6.89453">
        <ele>1569</ele>
        <time>2026-04-17T09:18:38+00:00</time>
      </trkpt>
      <trkpt lat="45.95995" lon="6.89431">
        <ele>1567</ele>
        <time>2026-04-17T09:18:41+00:00</time>
      </trkpt>
      <trkpt lat="45.95976" lon="6.89413">
        <ele>1566</ele>
        <time>2026-04-17T09:18:44+00:00</time>
      </trkpt>
      <trkpt lat="45.95958" lon="6.89401">
        <ele>1564</ele>
        <time>2026-04-17T09:18:47+00:00</time>
      </trkpt>
      <trkpt lat="45.95932" lon="6.89392">
        <ele>1562</ele>
        <time>2026-04-17T09:18:50+00:00</time>
      </trkpt>
      <trkpt lat="45.95916" lon="6.89389">
        <ele>1560</ele>
        <time>2026-04-17T09:18:53+00:00</time>
      </trkpt>
      <trkpt lat="45.95897" lon="6.89375">
        <ele>1559</ele>
        <time>2026-04-17T09:18:56+00:00</time>
      </trkpt>
      <trkpt lat="45.95876" lon="6.89351">
        <ele>1560</ele>
        <time>2026-04-17T09:18:59+00:00</time>
      </trkpt>
      <trkpt lat="45.9585" lon="6.8932">
        <ele>1561</ele>
        <time>2026-04-17T09:19:02+00:00</time>
      </trkpt>
      <trkpt lat="45.95841" lon="6.89293">
        <ele>1563</ele>
        <time>2026-04-17T09:19:05+00:00</time>
      </trkpt>
      <trkpt lat="45.95826" lon="6.89269">
        <ele>1565</ele>
        <time>2026-04-17T09:19:08+00:00</time>
      </trkpt>
      <trkpt lat="45.95826" lon="6.89261">
        <ele>1565</ele>
        <time>2026-04-17T09:19:11+00:00</time>
      </trkpt>
      <trkpt lat="45.95829" lon="6.89257">
        <ele>1568</ele>
        <time>2026-04-17T09:19:14+00:00</time>
      </trkpt>
      <trkpt lat="45.95828" lon="6.89249">
        <ele>1572</ele>
        <time>2026-04-17T09:19:17+00:00</time>
      </trkpt>
      <trkpt lat="45.95834" lon="6.89247">
        <ele>1581</ele>
        <time>2026-04-17T09:19:20+00:00</time>
      </trkpt>
      <trkpt lat="45.95829" lon="6.89224">
        <ele>1582</ele>
        <time>2026-04-17T09:19:23+00:00</time>
      </trkpt>
      <trkpt lat="45.95811" lon="6.89207">
        <ele>1577</ele>
        <time>2026-04-17T09:19:26+00:00</time>
      </trkpt>
      <trkpt lat="45.95797" lon="6.89204">
        <ele>1571</ele>
        <time>2026-04-17T09:19:29+00:00</time>
      </trkpt>
      <trkpt lat="45.95794" lon="6.89192">
        <ele>1579</ele>
        <time>2026-04-17T09:19:32+00:00</time>
      </trkpt>
      <trkpt lat="45.95792" lon="6.89169">
        <ele>1583</ele>
        <time>2026-04-17T09:19:35+00:00</time>
      </trkpt>
      <trkpt lat="45.95789" lon="6.89154">
        <ele>1579</ele>
        <time>2026-04-17T09:19:38+00:00</time>
      </trkpt>
      <trkpt lat="45.9576" lon="6.89109">
        <ele>1575</ele>
        <time>2026-04-17T09:19:41+00:00</time>
      </trkpt>
      <trkpt lat="45.95727" lon="6.89072">
        <ele>1572</ele>
        <time>2026-04-17T09:19:44+00:00</time>
      </trkpt>
      <trkpt lat="45.95707" lon="6.89041">
        <ele>1567</ele>
        <time>2026-04-17T09:19:47+00:00</time>
      </trkpt>
      <trkpt lat="45.95688" lon="6.89027">
        <ele>1566</ele>
        <time>2026-04-17T09:19:50+00:00</time>
      </trkpt>
      <trkpt lat="45.95676" lon="6.89009">
        <ele>1562</ele>
        <time>2026-04-17T09:19:53+00:00</time>
      </trkpt>
      <trkpt lat="45.95673" lon="6.88998">
        <ele>1566</ele>
        <time>2026-04-17T09:19:56+00:00</time>
      </trkpt>
      <trkpt lat="45.9567" lon="6.88973">
        <ele>1567</ele>
        <time>2026-04-17T09:19:59+00:00</time>
      </trkpt>
      <trkpt lat="45.95656" lon="6.88949">
        <ele>1561</ele>
        <time>2026-04-17T09:20:02+00:00</time>
      </trkpt>
      <trkpt lat="45.95634" lon="6.88912">
        <ele>1556</ele>
        <time>2026-04-17T09:20:05+00:00</time>
      </trkpt>
      <trkpt lat="45.95623" lon="6.88897">
        <ele>1554</ele>
        <time>2026-04-17T09:20:08+00:00</time>
      </trkpt>
      <trkpt lat="45.95615" lon="6.88867">
        <ele>1556</ele>
        <time>2026-04-17T09:20:11+00:00</time>
      </trkpt>
      <trkpt lat="45.9561" lon="6.88868">
        <ele>1550</ele>
        <time>2026-04-17T09:20:14+00:00</time>
      </trkpt>
      <trkpt lat="45.95611" lon="6.88892">
        <ele>1548</ele>
        <time>2026-04-17T09:20:17+00:00</time>
      </trkpt>
      <trkpt lat="45.95607" lon="6.88894">
        <ele>1542</ele>
        <time>2026-04-17T09:20:20+00:00</time>
      </trkpt>
      <trkpt lat="45.95595" lon="6.88866">
        <ele>1544</ele>
        <time>2026-04-17T09:20:23+00:00</time>
      </trkpt>
      <trkpt lat="45.95573" lon="6.88847">
        <ele>1534</ele>
        <time>2026-04-17T09:20:26+00:00</time>
      </trkpt>
      <trkpt lat="45.95554" lon="6.88827">
        <ele>1528</ele>
        <time>2026-04-17T09:20:29+00:00</time>
      </trkpt>
      <trkpt lat="45.95534" lon="6.88807">
        <ele>1522</ele>
        <time>2026-04-17T09:20:32+00:00</time>
      </trkpt>
      <trkpt lat="45.95512" lon="6.88793">
        <ele>1514</ele>
        <time>2026-04-17T09:20:35+00:00</time>
      </trkpt>
      <trkpt lat="45.9549" lon="6.88778">
        <ele>1512</ele>
        <time>2026-04-17T09:20:38+00:00</time>
      </trkpt>
      <trkpt lat="45.95471" lon="6.88756">
        <ele>1510</ele>
        <time>2026-04-17T09:20:41+00:00</time>
      </trkpt>
      <trkpt lat="45.95449" lon="6.88732">
        <ele>1500</ele>
        <time>2026-04-17T09:20:44+00:00</time>
      </trkpt>
      <trkpt lat="45.95442" lon="6.88722">
        <ele>1505</ele>
        <time>2026-04-17T09:20:47+00:00</time>
      </trkpt>
      <trkpt lat="45.95427" lon="6.88706">
        <ele>1500</ele>
        <time>2026-04-17T09:20:50+00:00</time>
      </trkpt>
      <trkpt lat="45.95408" lon="6.88666">
        <ele>1499</ele>
        <time>2026-04-17T09:20:53+00:00</time>
      </trkpt>
      <trkpt lat="45.95403" lon="6.88642">
        <ele>1497</ele>
        <time>2026-04-17T09:20:56+00:00</time>
      </trkpt>
      <trkpt lat="45.95399" lon="6.88611">
        <ele>1504</ele>
        <time>2026-04-17T09:20:59+00:00</time>
      </trkpt>
      <trkpt lat="45.95393" lon="6.88565">
        <ele>1510</ele>
        <time>2026-04-17T09:21:02+00:00</time>
      </trkpt>
      <trkpt lat="45.95385" lon="6.8852">
        <ele>1519</ele>
        <time>2026-04-17T09:21:05+00:00</time>
      </trkpt>
      <trkpt lat="45.95374" lon="6.88495">
        <ele>1521</ele>
        <time>2026-04-17T09:21:08+00:00</time>
      </trkpt>
      <trkpt lat="45.95362" lon="6.88449">
        <ele>1526</ele>
        <time>2026-04-17T09:21:11+00:00</time>
      </trkpt>
      <trkpt lat="45.95357" lon="6.88421">
        <ele>1526</ele>
        <time>2026-04-17T09:21:14+00:00</time>
      </trkpt>
      <trkpt lat="45.95362" lon="6.88397">
        <ele>1536</ele>
        <time>2026-04-17T09:21:17+00:00</time>
      </trkpt>
      <trkpt lat="45.95353" lon="6.88379">
        <ele>1527</ele>
        <time>2026-04-17T09:21:20+00:00</time>
      </trkpt>
      <trkpt lat="45.95344" lon="6.88361">
        <ele>1528</ele>
        <time>2026-04-17T09:21:23+00:00</time>
      </trkpt>
      <trkpt lat="45.95331" lon="6.88316">
        <ele>1528</ele>
        <time>2026-04-17T09:21:26+00:00</time>
      </trkpt>
      <trkpt lat="45.95325" lon="6.88303">
        <ele>1534</ele>
        <time>2026-04-17T09:21:29+00:00</time>
      </trkpt>
      <trkpt lat="45.95308" lon="6.88287">
        <ele>1528</ele>
        <time>2026-04-17T09:21:32+00:00</time>
      </trkpt>
      <trkpt lat="45.95303" lon="6.88275">
        <ele>1531</ele>
        <time>2026-04-17T09:21:35+00:00</time>
      </trkpt>
      <trkpt lat="45.95296" lon="6.88264">
        <ele>1527</ele>
        <time>2026-04-17T09:21:38+00:00</time>
      </trkpt>
      <trkpt lat="45.95293" lon="6.8825">
        <ele>1533</ele>
        <time>2026-04-17T09:21:41+00:00</time>
      </trkpt>
      <trkpt lat="45.95286" lon="6.88246">
        <ele>1520</ele>
        <time>2026-04-17T09:21:44+00:00</time>
      </trkpt>
      <trkpt lat="45.95285" lon="6.88236">
        <ele>1521</ele>
        <time>2026-04-17T09:21:47+00:00</time>
      </trkpt>
      <trkpt lat="45.9528" lon="6.88228">
        <ele>1514</ele>
        <time>2026-04-17T09:21:50+00:00</time>
      </trkpt>
      <trkpt lat="45.95271" lon="6.88193">
        <ele>1520</ele>
        <time>2026-04-17T09:21:53+00:00</time>
      </trkpt>
      <trkpt lat="45.95275" lon="6.88183">
        <ele>1513</ele>
        <time>2026-04-17T09:21:56+00:00</time>
      </trkpt>
      <trkpt lat="45.95285" lon="6.88136">
        <ele>1520</ele>
        <time>2026-04-17T09:21:59+00:00</time>
      </trkpt>
      <trkpt lat="45.95284" lon="6.88119">
        <ele>1520</ele>
        <time>2026-04-17T09:22:02+00:00</time>
      </trkpt>
      <trkpt lat="45.95285" lon="6.88099">
        <ele>1520</ele>
        <time>2026-04-17T09:22:05+00:00</time>
      </trkpt>
      <trkpt lat="45.95282" lon="6.88075">
        <ele>1520</ele>
        <time>2026-04-17T09:22:08+00:00</time>
      </trkpt>
      <trkpt lat="45.95277" lon="6.88052">
        <ele>1510</ele>
        <time>2026-04-17T09:22:11+00:00</time>
      </trkpt>
      <trkpt lat="45.95279" lon="6.88029">
        <ele>1506</ele>
        <time>2026-04-17T09:22:14+00:00</time>
      </trkpt>
      <trkpt lat="45.95289" lon="6.88011">
        <ele>1510</ele>
        <time>2026-04-17T09:22:17+00:00</time>
      </trkpt>
      <trkpt lat="45.953" lon="6.87991">
        <ele>1517</ele>
        <time>2026-04-17T09:22:20+00:00</time>
      </trkpt>
      <trkpt lat="45.95325" lon="6.87974">
        <ele>1525</ele>
        <time>2026-04-17T09:22:23+00:00</time>
      </trkpt>
      <trkpt lat="45.95336" lon="6.87961">
        <ele>1527</ele>
        <time>2026-04-17T09:22:26+00:00</time>
      </trkpt>
      <trkpt lat="45.95345" lon="6.87956">
        <ele>1528</ele>
        <time>2026-04-17T09:22:29+00:00</time>
      </trkpt>
      <trkpt lat="45.95354" lon="6.8794">
        <ele>1542</ele>
        <time>2026-04-17T09:22:32+00:00</time>
      </trkpt>
      <trkpt lat="45.95344" lon="6.87911">
        <ele>1530</ele>
        <time>2026-04-17T09:22:35+00:00</time>
      </trkpt>
      <trkpt lat="45.95336" lon="6.87905">
        <ele>1530</ele>
        <time>2026-04-17T09:22:38+00:00</time>
      </trkpt>
      <trkpt lat="45.95334" lon="6.87892">
        <ele>1534</ele>
        <time>2026-04-17T09:22:41+00:00</time>
      </trkpt>
      <trkpt lat="45.95328" lon="6.8788">
        <ele>1532</ele>
        <time>2026-04-17T09:22:44+00:00</time>
      </trkpt>
      <trkpt lat="45.95327" lon="6.87869">
        <ele>1533</ele>
        <time>2026-04-17T09:22:47+00:00</time>
      </trkpt>
      <trkpt lat="45.95335" lon="6.87856">
        <ele>1540</ele>
        <time>2026-04-17T09:22:50+00:00</time>
      </trkpt>
      <trkpt lat="45.9533" lon="6.87837">
        <ele>1540</ele>
        <time>2026-04-17T09:22:53+00:00</time>
      </trkpt>
      <trkpt lat="45.95319" lon="6.87827">
        <ele>1544</ele>
        <time>2026-04-17T09:22:56+00:00</time>
      </trkpt>
      <trkpt lat="45.95304" lon="6.87827">
        <ele>1541</ele>
        <time>2026-04-17T09:22:59+00:00</time>
      </trkpt>
      <trkpt lat="45.95289" lon="6.87805">
        <ele>1544</ele>
        <time>2026-04-17T09:23:02+00:00</time>
      </trkpt>
      <trkpt lat="45.95272" lon="6.87797">
        <ele>1548</ele>
        <time>2026-04-17T09:23:05+00:00</time>
      </trkpt>
      <trkpt lat="45.95252" lon="6.87778">
        <ele>1555</ele>
        <time>2026-04-17T09:23:08+00:00</time>
      </trkpt>
      <trkpt lat="45.95242" lon="6.87772">
        <ele>1552</ele>
        <time>2026-04-17T09:23:11+00:00</time>
      </trkpt>
      <trkpt lat="45.95243" lon="6.8776">
        <ele>1559</ele>
        <time>2026-04-17T09:23:14+00:00</time>
      </trkpt>
      <trkpt lat="45.95241" lon="6.87744">
        <ele>1570</ele>
        <time>2026-04-17T09:23:17+00:00</time>
      </trkpt>
      <trkpt lat="45.9523" lon="6.87719">
        <ele>1563</ele>
        <time>2026-04-17T09:23:20+00:00</time>
      </trkpt>
      <trkpt lat="45.95216" lon="6.87689">
        <ele>1570</ele>
        <time>2026-04-17T09:23:23+00:00</time>
      </trkpt>
      <trkpt lat="45.95196" lon="6.8765">
        <ele>1578</ele>
        <time>2026-04-17T09:23:26+00:00</time>
      </trkpt>
      <trkpt lat="45.95186" lon="6.87625">
        <ele>1581</ele>
        <time>2026-04-17T09:23:29+00:00</time>
      </trkpt>
      <trkpt lat="45.95158" lon="6.87607">
        <ele>1588</ele>
        <time>2026-04-17T09:23:32+00:00</time>
      </trkpt>
      <trkpt lat="45.95145" lon="6.87602">
        <ele>1589</ele>
        <time>2026-04-17T09:23:35+00:00</time>
      </trkpt>
      <trkpt lat="45.95125" lon="6.87604">
        <ele>1588</ele>
        <time>2026-04-17T09:23:38+00:00</time>
      </trkpt>
      <trkpt lat="45.95113" lon="6.87621">
        <ele>1584</ele>
        <time>2026-04-17T09:23:41+00:00</time>
      </trkpt>
      <trkpt lat="45.95102" lon="6.87628">
        <ele>1589</ele>
        <time>2026-04-17T09:23:44+00:00</time>
      </trkpt>
      <trkpt lat="45.95092" lon="6.87626">
        <ele>1592</ele>
        <time>2026-04-17T09:23:47+00:00</time>
      </trkpt>
      <trkpt lat="45.95071" lon="6.87633">
        <ele>1594</ele>
        <time>2026-04-17T09:23:50+00:00</time>
      </trkpt>
      <trkpt lat="45.95052" lon="6.87644">
        <ele>1599</ele>
        <time>2026-04-17T09:23:53+00:00</time>
      </trkpt>
      <trkpt lat="45.95051" lon="6.87652">
        <ele>1590</ele>
        <time>2026-04-17T09:23:56+00:00</time>
      </trkpt>
      <trkpt lat="45.95048" lon="6.87656">
        <ele>1601</ele>
        <time>2026-04-17T09:23:59+00:00</time>
      </trkpt>
      <trkpt lat="45.95043" lon="6.87655">
        <ele>1601</ele>
        <time>2026-04-17T09:24:02+00:00</time>
      </trkpt>
      <trkpt lat="45.95021" lon="6.87661">
        <ele>1605</ele>
        <time>2026-04-17T09:24:05+00:00</time>
      </trkpt>
      <trkpt lat="45.95008" lon="6.87678">
        <ele>1606</ele>
        <time>2026-04-17T09:24:08+00:00</time>
      </trkpt>
      <trkpt lat="45.95001" lon="6.87672">
        <ele>1606</ele>
        <time>2026-04-17T09:24:11+00:00</time>
      </trkpt>
      <trkpt lat="45.94987" lon="6.87669">
        <ele>1609</ele>
        <time>2026-04-17T09:24:14+00:00</time>
      </trkpt>
      <trkpt lat="45.94971" lon="6.87662">
        <ele>1607</ele>
        <time>2026-04-17T09:24:17+00:00</time>
      </trkpt>
      <trkpt lat="45.94959" lon="6.87646">
        <ele>1610</ele>
        <time>2026-04-17T09:24:20+00:00</time>
      </trkpt>
      <trkpt lat="45.94958" lon="6.87627">
        <ele>1611</ele>
        <time>2026-04-17T09:24:23+00:00</time>
      </trkpt>
      <trkpt lat="45.94953" lon="6.87616">
        <ele>1621</ele>
        <time>2026-04-17T09:24:26+00:00</time>
      </trkpt>
      <trkpt lat="45.94934" lon="6.87606">
        <ele>1616</ele>
        <time>2026-04-17T09:24:29+00:00</time>
      </trkpt>
      <trkpt lat="45.94925" lon="6.87597">
        <ele>1611</ele>
        <time>2026-04-17T09:24:32+00:00</time>
      </trkpt>
      <trkpt lat="45.94911" lon="6.87578">
        <ele>1615</ele>
        <time>2026-04-17T09:24:35+00:00</time>
      </trkpt>
      <trkpt lat="45.94897" lon="6.87557">
        <ele>1615</ele>
        <time>2026-04-17T09:24:38+00:00</time>
      </trkpt>
      <trkpt lat="45.94884" lon="6.87532">
        <ele>1618</ele>
        <time>2026-04-17T09:24:41+00:00</time>
      </trkpt>
      <trkpt lat="45.94889" lon="6.87496">
        <ele>1622</ele>
        <time>2026-04-17T09:24:44+00:00</time>
      </trkpt>
      <trkpt lat="45.94886" lon="6.8748">
        <ele>1622</ele>
        <time>2026-04-17T09:24:47+00:00</time>
      </trkpt>
      <trkpt lat="45.94891" lon="6.87444">
        <ele>1627</ele>
        <time>2026-04-17T09:24:50+00:00</time>
      </trkpt>
      <trkpt lat="45.94887" lon="6.87426">
        <ele>1623</ele>
        <time>2026-04-17T09:24:53+00:00</time>
      </trkpt>
      <trkpt lat="45.94882" lon="6.87409">
        <ele>1618</ele>
        <time>2026-04-17T09:24:56+00:00</time>
      </trkpt>
      <trkpt lat="45.94865" lon="6.87403">
        <ele>1615</ele>
        <time>2026-04-17T09:24:59+00:00</time>
      </trkpt>
      <trkpt lat="45.94859" lon="6.87394">
        <ele>1619</ele>
        <time>2026-04-17T09:25:02+00:00</time>
      </trkpt>
      <trkpt lat="45.94858" lon="6.87357">
        <ele>1618</ele>
        <time>2026-04-17T09:25:05+00:00</time>
      </trkpt>
      <trkpt lat="45.94854" lon="6.87345">
        <ele>1625</ele>
        <time>2026-04-17T09:25:08+00:00</time>
      </trkpt>
      <trkpt lat="45.94838" lon="6.87329">
        <ele>1618</ele>
        <time>2026-04-17T09:25:11+00:00</time>
      </trkpt>
      <trkpt lat="45.94821" lon="6.87313">
        <ele>1617</ele>
        <time>2026-04-17T09:25:14+00:00</time>
      </trkpt>
      <trkpt lat="45.94818" lon="6.87297">
        <ele>1608</ele>
        <time>2026-04-17T09:25:17+00:00</time>
      </trkpt>
      <trkpt lat="45.94821" lon="6.87283">
        <ele>1617</ele>
        <time>2026-04-17T09:25:20+00:00</time>
      </trkpt>
      <trkpt lat="45.94818" lon="6.87267">
        <ele>1618</ele>
        <time>2026-04-17T09:25:23+00:00</time>
      </trkpt>
      <trkpt lat="45.94815" lon="6.87262">
        <ele>1618</ele>
        <time>2026-04-17T09:25:26+00:00</time>
      </trkpt>
      <trkpt lat="45.94798" lon="6.87262">
        <ele>1614</ele>
        <time>2026-04-17T09:25:29+00:00</time>
      </trkpt>
      <trkpt lat="45.94778" lon="6.87263">
        <ele>1613</ele>
        <time>2026-04-17T09:25:32+00:00</time>
      </trkpt>
      <trkpt lat="45.94766" lon="6.87257">
        <ele>1617</ele>
        <time>2026-04-17T09:25:35+00:00</time>
      </trkpt>
      <trkpt lat="45.94762" lon="6.87258">
        <ele>1617</ele>
        <time>2026-04-17T09:25:38+00:00</time>
      </trkpt>
      <trkpt lat="45.94755" lon="6.87267">
        <ele>1617</ele>
        <time>2026-04-17T09:25:41+00:00</time>
      </trkpt>
      <trkpt lat="45.94742" lon="6.87263">
        <ele>1614</ele>
        <time>2026-04-17T09:25:44+00:00</time>
      </trkpt>
      <trkpt lat="45.94724" lon="6.87275">
        <ele>1621</ele>
        <time>2026-04-17T09:25:47+00:00</time>
      </trkpt>
      <trkpt lat="45.94681" lon="6.87267">
        <ele>1620</ele>
        <time>2026-04-17T09:25:50+00:00</time>
      </trkpt>
      <trkpt lat="45.94657" lon="6.87253">
        <ele>1620</ele>
        <time>2026-04-17T09:25:53+00:00</time>
      </trkpt>
      <trkpt lat="45.94652" lon="6.87242">
        <ele>1622</ele>
        <time>2026-04-17T09:25:56+00:00</time>
      </trkpt>
      <trkpt lat="45.9465" lon="6.87231">
        <ele>1617</ele>
        <time>2026-04-17T09:25:59+00:00</time>
      </trkpt>
      <trkpt lat="45.94643" lon="6.87222">
        <ele>1620</ele>
        <time>2026-04-17T09:26:02+00:00</time>
      </trkpt>
      <trkpt lat="45.9463" lon="6.87199">
        <ele>1616</ele>
        <time>2026-04-17T09:26:05+00:00</time>
      </trkpt>
      <trkpt lat="45.94628" lon="6.87182">
        <ele>1607</ele>
        <time>2026-04-17T09:26:08+00:00</time>
      </trkpt>
      <trkpt lat="45.94635" lon="6.87141">
        <ele>1613</ele>
        <time>2026-04-17T09:26:11+00:00</time>
      </trkpt>
      <trkpt lat="45.94635" lon="6.87119">
        <ele>1611</ele>
        <time>2026-04-17T09:26:14+00:00</time>
      </trkpt>
      <trkpt lat="45.94622" lon="6.8709">
        <ele>1607</ele>
        <time>2026-04-17T09:26:17+00:00</time>
      </trkpt>
      <trkpt lat="45.94606" lon="6.87067">
        <ele>1592</ele>
        <time>2026-04-17T09:26:20+00:00</time>
      </trkpt>
      <trkpt lat="45.9459" lon="6.87068">
        <ele>1580</ele>
        <time>2026-04-17T09:26:23+00:00</time>
      </trkpt>
      <trkpt lat="45.94581" lon="6.8706">
        <ele>1582</ele>
        <time>2026-04-17T09:26:26+00:00</time>
      </trkpt>
      <trkpt lat="45.94569" lon="6.87026">
        <ele>1572</ele>
        <time>2026-04-17T09:26:29+00:00</time>
      </trkpt>
      <trkpt lat="45.94567" lon="6.87008">
        <ele>1575</ele>
        <time>2026-04-17T09:26:32+00:00</time>
      </trkpt>
      <trkpt lat="45.94559" lon="6.8699">
        <ele>1569</ele>
        <time>2026-04-17T09:26:35+00:00</time>
      </trkpt>
      <trkpt lat="45.94553" lon="6.86958">
        <ele>1567</ele>
        <time>2026-04-17T09:26:38+00:00</time>
      </trkpt>
      <trkpt lat="45.94547" lon="6.86942">
        <ele>1562</ele>
        <time>2026-04-17T09:26:41+00:00</time>
      </trkpt>
      <trkpt lat="45.94538" lon="6.86932">
        <ele>1557</ele>
        <time>2026-04-17T09:26:44+00:00</time>
      </trkpt>
      <trkpt lat="45.94528" lon="6.86927">
        <ele>1556</ele>
        <time>2026-04-17T09:26:47+00:00</time>
      </trkpt>
      <trkpt lat="45.94516" lon="6.86927">
        <ele>1550</ele>
        <time>2026-04-17T09:26:50+00:00</time>
      </trkpt>
      <trkpt lat="45.94493" lon="6.8693">
        <ele>1544</ele>
        <time>2026-04-17T09:26:53+00:00</time>
      </trkpt>
      <trkpt lat="45.94481" lon="6.86929">
        <ele>1536</ele>
        <time>2026-04-17T09:26:56+00:00</time>
      </trkpt>
      <trkpt lat="45.94468" lon="6.86911">
        <ele>1544</ele>
        <time>2026-04-17T09:26:59+00:00</time>
      </trkpt>
      <trkpt lat="45.94454" lon="6.86908">
        <ele>1544</ele>
        <time>2026-04-17T09:27:02+00:00</time>
      </trkpt>
      <trkpt lat="45.94445" lon="6.86908">
        <ele>1544</ele>
        <time>2026-04-17T09:27:05+00:00</time>
      </trkpt>
      <trkpt lat="45.94434" lon="6.86918">
        <ele>1543</ele>
        <time>2026-04-17T09:27:08+00:00</time>
      </trkpt>
      <trkpt lat="45.94422" lon="6.86934">
        <ele>1533</ele>
        <time>2026-04-17T09:27:11+00:00</time>
      </trkpt>
      <trkpt lat="45.94441" lon="6.86932">
        <ele>1527</ele>
        <time>2026-04-17T09:27:14+00:00</time>
      </trkpt>
      <trkpt lat="45.9445" lon="6.86936">
        <ele>1527</ele>
        <time>2026-04-17T09:27:17+00:00</time>
      </trkpt>
      <trkpt lat="45.94458" lon="6.8695">
        <ele>1521</ele>
        <time>2026-04-17T09:27:20+00:00</time>
      </trkpt>
      <trkpt lat="45.94468" lon="6.86979">
        <ele>1511</ele>
        <time>2026-04-17T09:27:23+00:00</time>
      </trkpt>
      <trkpt lat="45.94484" lon="6.86991">
        <ele>1507</ele>
        <time>2026-04-17T09:27:26+00:00</time>
      </trkpt>
      <trkpt lat="45.9448" lon="6.86994">
        <ele>1508</ele>
        <time>2026-04-17T09:27:29+00:00</time>
      </trkpt>
      <trkpt lat="45.94465" lon="6.86997">
        <ele>1502</ele>
        <time>2026-04-17T09:27:32+00:00</time>
      </trkpt>
      <trkpt lat="45.94448" lon="6.86987">
        <ele>1506</ele>
        <time>2026-04-17T09:27:35+00:00</time>
      </trkpt>
      <trkpt lat="45.94439" lon="6.86993">
        <ele>1497</ele>
        <time>2026-04-17T09:27:38+00:00</time>
      </trkpt>
      <trkpt lat="45.94421" lon="6.87013">
        <ele>1487</ele>
        <time>2026-04-17T09:27:41+00:00</time>
      </trkpt>
      <trkpt lat="45.94395" lon="6.87037">
        <ele>1484</ele>
        <time>2026-04-17T09:27:44+00:00</time>
      </trkpt>
      <trkpt lat="45.94374" lon="6.87035">
        <ele>1481</ele>
        <time>2026-04-17T09:27:47+00:00</time>
      </trkpt>
      <trkpt lat="45.94343" lon="6.87048">
        <ele>1478</ele>
        <time>2026-04-17T09:27:50+00:00</time>
      </trkpt>
      <trkpt lat="45.94316" lon="6.87055">
        <ele>1468</ele>
        <time>2026-04-17T09:27:53+00:00</time>
      </trkpt>
      <trkpt lat="45.94292" lon="6.87074">
        <ele>1456</ele>
        <time>2026-04-17T09:27:56+00:00</time>
      </trkpt>
      <trkpt lat="45.94269" lon="6.87066">
        <ele>1456</ele>
        <time>2026-04-17T09:27:59+00:00</time>
      </trkpt>
      <trkpt lat="45.94248" lon="6.87044">
        <ele>1457</ele>
        <time>2026-04-17T09:28:02+00:00</time>
      </trkpt>
      <trkpt lat="45.94231" lon="6.87023">
        <ele>1451</ele>
        <time>2026-04-17T09:28:05+00:00</time>
      </trkpt>
      <trkpt lat="45.94208" lon="6.87024">
        <ele>1446</ele>
        <time>2026-04-17T09:28:08+00:00</time>
      </trkpt>
      <trkpt lat="45.94184" lon="6.87019">
        <ele>1445</ele>
        <time>2026-04-17T09:28:11+00:00</time>
      </trkpt>
      <trkpt lat="45.94164" lon="6.8699">
        <ele>1445</ele>
        <time>2026-04-17T09:28:14+00:00</time>
      </trkpt>
      <trkpt lat="45.94133" lon="6.86977">
        <ele>1432</ele>
        <time>2026-04-17T09:28:17+00:00</time>
      </trkpt>
      <trkpt lat="45.94111" lon="6.86964">
        <ele>1427</ele>
        <time>2026-04-17T09:28:20+00:00</time>
      </trkpt>
      <trkpt lat="45.94089" lon="6.86951">
        <ele>1417</ele>
        <time>2026-04-17T09:28:23+00:00</time>
      </trkpt>
      <trkpt lat="45.94074" lon="6.86953">
        <ele>1409</ele>
        <time>2026-04-17T09:28:26+00:00</time>
      </trkpt>
      <trkpt lat="45.94061" lon="6.86936">
        <ele>1416</ele>
        <time>2026-04-17T09:28:29+00:00</time>
      </trkpt>
      <trkpt lat="45.9405" lon="6.86936">
        <ele>1411</ele>
        <time>2026-04-17T09:28:32+00:00</time>
      </trkpt>
      <trkpt lat="45.94023" lon="6.86931">
        <ele>1406</ele>
        <time>2026-04-17T09:28:35+00:00</time>
      </trkpt>
      <trkpt lat="45.9401" lon="6.86941">
        <ele>1395</ele>
        <time>2026-04-17T09:28:38+00:00</time>
      </trkpt>
      <trkpt lat="45.93992" lon="6.86938">
        <ele>1395</ele>
        <time>2026-04-17T09:28:41+00:00</time>
      </trkpt>
      <trkpt lat="45.93984" lon="6.86941">
        <ele>1388</ele>
        <time>2026-04-17T09:28:44+00:00</time>
      </trkpt>
      <trkpt lat="45.93992" lon="6.8695">
        <ele>1392</ele>
        <time>2026-04-17T09:28:47+00:00</time>
      </trkpt>
      <trkpt lat="45.9401" lon="6.86954">
        <ele>1396</ele>
        <time>2026-04-17T09:28:50+00:00</time>
      </trkpt>
      <trkpt lat="45.94032" lon="6.8696">
        <ele>1392</ele>
        <time>2026-04-17T09:28:53+00:00</time>
      </trkpt>
      <trkpt lat="45.94049" lon="6.86979">
        <ele>1388</ele>
        <time>2026-04-17T09:28:56+00:00</time>
      </trkpt>
      <trkpt lat="45.94065" lon="6.87003">
        <ele>1374</ele>
        <time>2026-04-17T09:28:59+00:00</time>
      </trkpt>
      <trkpt lat="45.94076" lon="6.87029">
        <ele>1370</ele>
        <time>2026-04-17T09:29:02+00:00</time>
      </trkpt>
      <trkpt lat="45.94085" lon="6.8706">
        <ele>1367</ele>
        <time>2026-04-17T09:29:05+00:00</time>
      </trkpt>
      <trkpt lat="45.94098" lon="6.8708">
        <ele>1365</ele>
        <time>2026-04-17T09:29:08+00:00</time>
      </trkpt>
      <trkpt lat="45.94116" lon="6.87124">
        <ele>1346</ele>
        <time>2026-04-17T09:29:11+00:00</time>
      </trkpt>
      <trkpt lat="45.9412" lon="6.87123">
        <ele>1346</ele>
        <time>2026-04-17T09:29:14+00:00</time>
      </trkpt>
      <trkpt lat="45.94135" lon="6.87142">
        <ele>1346</ele>
        <time>2026-04-17T09:29:17+00:00</time>
      </trkpt>
      <trkpt lat="45.94145" lon="6.87178">
        <ele>1346</ele>
        <time>2026-04-17T09:29:20+00:00</time>
      </trkpt>
      <trkpt lat="45.9415" lon="6.87219">
        <ele>1337</ele>
        <time>2026-04-17T09:29:23+00:00</time>
      </trkpt>
      <trkpt lat="45.94148" lon="6.87224">
        <ele>1335</ele>
        <time>2026-04-17T09:29:26+00:00</time>
      </trkpt>
      <trkpt lat="45.94139" lon="6.87217">
        <ele>1324</ele>
        <time>2026-04-17T09:29:29+00:00</time>
      </trkpt>
      <trkpt lat="45.94118" lon="6.87205">
        <ele>1316</ele>
        <time>2026-04-17T09:29:32+00:00</time>
      </trkpt>
      <trkpt lat="45.94108" lon="6.87196">
        <ele>1314</ele>
        <time>2026-04-17T09:29:35+00:00</time>
      </trkpt>
      <trkpt lat="45.94085" lon="6.87185">
        <ele>1311</ele>
        <time>2026-04-17T09:29:38+00:00</time>
      </trkpt>
      <trkpt lat="45.9405" lon="6.87168">
        <ele>1304</ele>
        <time>2026-04-17T09:29:41+00:00</time>
      </trkpt>
      <trkpt lat="45.94017" lon="6.87137">
        <ele>1296</ele>
        <time>2026-04-17T09:29:44+00:00</time>
      </trkpt>
      <trkpt lat="45.93985" lon="6.87112">
        <ele>1293</ele>
        <time>2026-04-17T09:29:47+00:00</time>
      </trkpt>
      <trkpt lat="45.93965" lon="6.87113">
        <ele>1292</ele>
        <time>2026-04-17T09:29:50+00:00</time>
      </trkpt>
      <trkpt lat="45.93942" lon="6.87105">
        <ele>1292</ele>
        <time>2026-04-17T09:29:53+00:00</time>
      </trkpt>
      <trkpt lat="45.93918" lon="6.87098">
        <ele>1289</ele>
        <time>2026-04-17T09:29:56+00:00</time>
      </trkpt>
      <trkpt lat="45.93899" lon="6.871">
        <ele>1277</ele>
        <time>2026-04-17T09:29:59+00:00</time>
      </trkpt>
      <trkpt lat="45.93885" lon="6.87095">
        <ele>1272</ele>
        <time>2026-04-17T09:30:02+00:00</time>
      </trkpt>
      <trkpt lat="45.93877" lon="6.87098">
        <ele>1267</ele>
        <time>2026-04-17T09:30:05+00:00</time>
      </trkpt>
      <trkpt lat="45.93865" lon="6.87095">
        <ele>1262</ele>
        <time>2026-04-17T09:30:08+00:00</time>
      </trkpt>
      <trkpt lat="45.93851" lon="6.87083">
        <ele>1261</ele>
        <time>2026-04-17T09:30:11+00:00</time>
      </trkpt>
      <trkpt lat="45.93847" lon="6.87084">
        <ele>1256</ele>
        <time>2026-04-17T09:30:14+00:00</time>
      </trkpt>
      <trkpt lat="45.93845" lon="6.87087">
        <ele>1256</ele>
        <time>2026-04-17T09:30:17+00:00</time>
      </trkpt>
      <trkpt lat="45.93867" lon="6.87116">
        <ele>1255</ele>
        <time>2026-04-17T09:30:20+00:00</time>
      </trkpt>
      <trkpt lat="45.93884" lon="6.8713">
        <ele>1250</ele>
        <time>2026-04-17T09:30:23+00:00</time>
      </trkpt>
      <trkpt lat="45.93887" lon="6.8714">
        <ele>1244</ele>
        <time>2026-04-17T09:30:26+00:00</time>
      </trkpt>
      <trkpt lat="45.93897" lon="6.87147">
        <ele>1243</ele>
        <time>2026-04-17T09:30:29+00:00</time>
      </trkpt>
      <trkpt lat="45.93907" lon="6.87163">
        <ele>1238</ele>
        <time>2026-04-17T09:30:32+00:00</time>
      </trkpt>
      <trkpt lat="45.93918" lon="6.87179">
        <ele>1232</ele>
        <time>2026-04-17T09:30:35+00:00</time>
      </trkpt>
      <trkpt lat="45.93925" lon="6.8721">
        <ele>1223</ele>
        <time>2026-04-17T09:30:38+00:00</time>
      </trkpt>
      <trkpt lat="45.93944" lon="6.87268">
        <ele>1211</ele>
        <time>2026-04-17T09:30:41+00:00</time>
      </trkpt>
      <trkpt lat="45.9397" lon="6.87321">
        <ele>1207</ele>
        <time>2026-04-17T09:30:44+00:00</time>
      </trkpt>
      <trkpt lat="45.9398" lon="6.87354">
        <ele>1202</ele>
        <time>2026-04-17T09:30:47+00:00</time>
      </trkpt>
      <trkpt lat="45.93991" lon="6.87392">
        <ele>1197</ele>
        <time>2026-04-17T09:30:50+00:00</time>
      </trkpt>
      <trkpt lat="45.93969" lon="6.87365">
        <ele>1195</ele>
        <time>2026-04-17T09:30:53+00:00</time>
      </trkpt>
      <trkpt lat="45.93935" lon="6.87321">
        <ele>1192</ele>
        <time>2026-04-17T09:30:56+00:00</time>
      </trkpt>
      <trkpt lat="45.93918" lon="6.87296">
        <ele>1191</ele>
        <time>2026-04-17T09:30:59+00:00</time>
      </trkpt>
      <trkpt lat="45.939" lon="6.8727">
        <ele>1190</ele>
        <time>2026-04-17T09:31:02+00:00</time>
      </trkpt>
      <trkpt lat="45.93869" lon="6.87238">
        <ele>1196</ele>
        <time>2026-04-17T09:31:05+00:00</time>
      </trkpt>
      <trkpt lat="45.93854" lon="6.87193">
        <ele>1198</ele>
        <time>2026-04-17T09:31:08+00:00</time>
      </trkpt>
      <trkpt lat="45.93824" lon="6.87177">
        <ele>1200</ele>
        <time>2026-04-17T09:31:11+00:00</time>
      </trkpt>
      <trkpt lat="45.93811" lon="6.87157">
        <ele>1207</ele>
        <time>2026-04-17T09:31:14+00:00</time>
      </trkpt>
      <trkpt lat="45.93799" lon="6.87134">
        <ele>1206</ele>
        <time>2026-04-17T09:31:17+00:00</time>
      </trkpt>
      <trkpt lat="45.93778" lon="6.87117">
        <ele>1206</ele>
        <time>2026-04-17T09:31:20+00:00</time>
      </trkpt>
      <trkpt lat="45.93751" lon="6.87093">
        <ele>1206</ele>
        <time>2026-04-17T09:31:23+00:00</time>
      </trkpt>
      <trkpt lat="45.93733" lon="6.87057">
        <ele>1213</ele>
        <time>2026-04-17T09:31:26+00:00</time>
      </trkpt>
      <trkpt lat="45.93699" lon="6.87041">
        <ele>1210</ele>
        <time>2026-04-17T09:31:29+00:00</time>
      </trkpt>
      <trkpt lat="45.93678" lon="6.87057">
        <ele>1208</ele>
        <time>2026-04-17T09:31:32+00:00</time>
      </trkpt>
      <trkpt lat="45.93657" lon="6.87055">
        <ele>1208</ele>
        <time>2026-04-17T09:31:35+00:00</time>
      </trkpt>
      <trkpt lat="45.93616" lon="6.87035">
        <ele>1208</ele>
        <time>2026-04-17T09:31:38+00:00</time>
      </trkpt>
      <trkpt lat="45.93595" lon="6.87012">
        <ele>1211</ele>
        <time>2026-04-17T09:31:41+00:00</time>
      </trkpt>
      <trkpt lat="45.93568" lon="6.86983">
        <ele>1217</ele>
        <time>2026-04-17T09:31:44+00:00</time>
      </trkpt>
      <trkpt lat="45.93556" lon="6.86968">
        <ele>1222</ele>
        <time>2026-04-17T09:31:47+00:00</time>
      </trkpt>
      <trkpt lat="45.93541" lon="6.86959">
        <ele>1217</ele>
        <time>2026-04-17T09:31:50+00:00</time>
      </trkpt>
      <trkpt lat="45.93525" lon="6.8695">
        <ele>1217</ele>
        <time>2026-04-17T09:31:53+00:00</time>
      </trkpt>
      <trkpt lat="45.93504" lon="6.86921">
        <ele>1217</ele>
        <time>2026-04-17T09:31:56+00:00</time>
      </trkpt>
      <trkpt lat="45.9347" lon="6.86874">
        <ele>1218</ele>
        <time>2026-04-17T09:31:59+00:00</time>
      </trkpt>
      <trkpt lat="45.9345" lon="6.86858">
        <ele>1219</ele>
        <time>2026-04-17T09:32:02+00:00</time>
      </trkpt>
      <trkpt lat="45.93432" lon="6.86838">
        <ele>1214</ele>
        <time>2026-04-17T09:32:05+00:00</time>
      </trkpt>
      <trkpt lat="45.9341" lon="6.86819">
        <ele>1212</ele>
        <time>2026-04-17T09:32:08+00:00</time>
      </trkpt>
      <trkpt lat="45.93391" lon="6.868">
        <ele>1211</ele>
        <time>2026-04-17T09:32:11+00:00</time>
      </trkpt>
      <trkpt lat="45.93368" lon="6.86785">
        <ele>1207</ele>
        <time>2026-04-17T09:32:14+00:00</time>
      </trkpt>
      <trkpt lat="45.93356" lon="6.86792">
        <ele>1202</ele>
        <time>2026-04-17T09:32:17+00:00</time>
      </trkpt>
      <trkpt lat="45.93326" lon="6.86776">
        <ele>1200</ele>
        <time>2026-04-17T09:32:20+00:00</time>
      </trkpt>
      <trkpt lat="45.93309" lon="6.86765">
        <ele>1200</ele>
        <time>2026-04-17T09:32:23+00:00</time>
      </trkpt>
      <trkpt lat="45.93279" lon="6.86762">
        <ele>1198</ele>
        <time>2026-04-17T09:32:26+00:00</time>
      </trkpt>
      <trkpt lat="45.9326" lon="6.8676">
        <ele>1197</ele>
        <time>2026-04-17T09:32:29+00:00</time>
      </trkpt>
      <trkpt lat="45.93239" lon="6.86758">
        <ele>1189</ele>
        <time>2026-04-17T09:32:32+00:00</time>
      </trkpt>
      <trkpt lat="45.93204" lon="6.86754">
        <ele>1176</ele>
        <time>2026-04-17T09:32:35+00:00</time>
      </trkpt>
      <trkpt lat="45.93184" lon="6.86754">
        <ele>1171</ele>
        <time>2026-04-17T09:32:38+00:00</time>
      </trkpt>
      <trkpt lat="45.93165" lon="6.86754">
        <ele>1162</ele>
        <time>2026-04-17T09:32:41+00:00</time>
      </trkpt>
      <trkpt lat="45.93148" lon="6.86758">
        <ele>1156</ele>
        <time>2026-04-17T09:32:44+00:00</time>
      </trkpt>
      <trkpt lat="45.93135" lon="6.86761">
        <ele>1149</ele>
        <time>2026-04-17T09:32:47+00:00</time>
      </trkpt>
      <trkpt lat="45.93118" lon="6.86781">
        <ele>1137</ele>
        <time>2026-04-17T09:32:50+00:00</time>
      </trkpt>
      <trkpt lat="45.93093" lon="6.86778">
        <ele>1131</ele>
        <time>2026-04-17T09:32:53+00:00</time>
      </trkpt>
      <trkpt lat="45.93079" lon="6.86776">
        <ele>1126</ele>
        <time>2026-04-17T09:32:56+00:00</time>
      </trkpt>
      <trkpt lat="45.93058" lon="6.86773">
        <ele>1121</ele>
        <time>2026-04-17T09:32:59+00:00</time>
      </trkpt>
      <trkpt lat="45.93041" lon="6.86771">
        <ele>1115</ele>
        <time>2026-04-17T09:33:02+00:00</time>
      </trkpt>
      <trkpt lat="45.93022" lon="6.86758">
        <ele>1115</ele>
        <time>2026-04-17T09:33:05+00:00</time>
      </trkpt>
      <trkpt lat="45.9301" lon="6.86756">
        <ele>1112</ele>
        <time>2026-04-17T09:33:08+00:00</time>
      </trkpt>
      <trkpt lat="45.92987" lon="6.86752">
        <ele>1099</ele>
        <time>2026-04-17T09:33:11+00:00</time>
      </trkpt>
      <trkpt lat="45.92979" lon="6.86751">
        <ele>1095</ele>
        <time>2026-04-17T09:33:14+00:00</time>
      </trkpt>
      <trkpt lat="45.92963" lon="6.86748">
        <ele>1094</ele>
        <time>2026-04-17T09:33:17+00:00</time>
      </trkpt>
      <trkpt lat="45.92943" lon="6.86735">
        <ele>1092</ele>
        <time>2026-04-17T09:33:20+00:00</time>
      </trkpt>
      <trkpt lat="45.92925" lon="6.86732">
        <ele>1082</ele>
        <time>2026-04-17T09:33:23+00:00</time>
      </trkpt>
      <trkpt lat="45.92911" lon="6.86714">
        <ele>1083</ele>
        <time>2026-04-17T09:33:26+00:00</time>
      </trkpt>
      <trkpt lat="45.92893" lon="6.8669">
        <ele>1082</ele>
        <time>2026-04-17T09:33:29+00:00</time>
      </trkpt>
      <trkpt lat="45.92881" lon="6.86675">
        <ele>1084</ele>
        <time>2026-04-17T09:33:32+00:00</time>
      </trkpt>
      <trkpt lat="45.92863" lon="6.86672">
        <ele>1074</ele>
        <time>2026-04-17T09:33:35+00:00</time>
      </trkpt>
      <trkpt lat="45.92847" lon="6.86668">
        <ele>1071</ele>
        <time>2026-04-17T09:33:38+00:00</time>
      </trkpt>
      <trkpt lat="45.92826" lon="6.86655">
        <ele>1068</ele>
        <time>2026-04-17T09:33:41+00:00</time>
      </trkpt>
      <trkpt lat="45.92808" lon="6.86646">
        <ele>1063</ele>
        <time>2026-04-17T09:33:44+00:00</time>
      </trkpt>
      <trkpt lat="45.9279" lon="6.86635">
        <ele>1063</ele>
        <time>2026-04-17T09:33:47+00:00</time>
      </trkpt>
      <trkpt lat="45.92782" lon="6.86604">
        <ele>1069</ele>
        <time>2026-04-17T09:33:50+00:00</time>
      </trkpt>
      <trkpt lat="45.92768" lon="6.86569">
        <ele>1068</ele>
        <time>2026-04-17T09:33:53+00:00</time>
      </trkpt>
      <trkpt lat="45.92751" lon="6.86564">
        <ele>1071</ele>
        <time>2026-04-17T09:33:56+00:00</time>
      </trkpt>
      <trkpt lat="45.92734" lon="6.8656">
        <ele>1068</ele>
        <time>2026-04-17T09:33:59+00:00</time>
      </trkpt>
      <trkpt lat="45.92715" lon="6.86556">
        <ele>1066</ele>
        <time>2026-04-17T09:34:02+00:00</time>
      </trkpt>
      <trkpt lat="45.92692" lon="6.86567">
        <ele>1065</ele>
        <time>2026-04-17T09:34:05+00:00</time>
      </trkpt>
      <trkpt lat="45.92672" lon="6.86569">
        <ele>1065</ele>
        <time>2026-04-17T09:34:08+00:00</time>
      </trkpt>
      <trkpt lat="45.92655" lon="6.86547">
        <ele>1066</ele>
        <time>2026-04-17T09:34:11+00:00</time>
      </trkpt>
      <trkpt lat="45.92634" lon="6.8654">
        <ele>1066</ele>
        <time>2026-04-17T09:34:14+00:00</time>
      </trkpt>
      <trkpt lat="45.92607" lon="6.8655">
        <ele>1066</ele>
        <time>2026-04-17T09:34:17+00:00</time>
      </trkpt>
      <trkpt lat="45.92588" lon="6.86565">
        <ele>1063</ele>
        <time>2026-04-17T09:34:20+00:00</time>
      </trkpt>
      <trkpt lat="45.92591" lon="6.86601">
        <ele>1059</ele>
        <time>2026-04-17T09:34:23+00:00</time>
      </trkpt>
      <trkpt lat="45.92597" lon="6.86639">
        <ele>1056</ele>
        <time>2026-04-17T09:34:26+00:00</time>
      </trkpt>
      <trkpt lat="45.92606" lon="6.86661">
        <ele>1055</ele>
        <time>2026-04-17T09:34:29+00:00</time>
      </trkpt>
      <trkpt lat="45.92625" lon="6.8669">
        <ele>1052</ele>
        <time>2026-04-17T09:34:32+00:00</time>
      </trkpt>
      <trkpt lat="45.92657" lon="6.86727">
        <ele>1048</ele>
        <time>2026-04-17T09:34:35+00:00</time>
      </trkpt>
      <trkpt lat="45.92682" lon="6.86749">
        <ele>1046</ele>
        <time>2026-04-17T09:34:38+00:00</time>
      </trkpt>
      <trkpt lat="45.92722" lon="6.86784">
        <ele>1045</ele>
        <time>2026-04-17T09:34:41+00:00</time>
      </trkpt>
      <trkpt lat="45.92726" lon="6.86785">
        <ele>1045</ele>
        <time>2026-04-17T09:34:44+00:00</time>
      </trkpt>
      <trkpt lat="45.92725" lon="6.86786">
        <ele>1045</ele>
        <time>2026-04-17T09:34:47+00:00</time>
      </trkpt>
    </trkseg>
  </trk>
</gpx>
