<?xml version="1.0"?>
<gpx xmlns="http://www.topografix.com/GPX/1/1" xmlns:xsi="http://www.w3.org/2001/XMLSchema-instance" xmlns:wptx1="http://www.garmin.com/xmlschemas/WaypointExtension/v1" xmlns:gpxtrx="http://www.garmin.com/xmlschemas/GpxExtensions/v3" xmlns:gpxtpx="http://www.garmin.com/xmlschemas/TrackPointExtension/v1" xmlns:gpxx="http://www.garmin.com/xmlschemas/GpxExtensions/v3" xmlns:trp="http://www.garmin.com/xmlschemas/TripExtensions/v1" xmlns:adv="http://www.garmin.com/xmlschemas/AdventuresExtensions/v1" xmlns:prs="http://www.garmin.com/xmlschemas/PressureExtension/v1" xmlns:tmd="http://www.garmin.com/xmlschemas/TripMetaDataExtensions/v1" xmlns:vptm="http://www.garmin.com/xmlschemas/ViaPointTransportationModeExtensions/v1" xmlns:ctx="http://www.garmin.com/xmlschemas/CreationTimeExtension/v1" xmlns:gpxacc="http://www.garmin.com/xmlschemas/AccelerationExtension/v1" xmlns:gpxpx="http://www.garmin.com/xmlschemas/PowerExtension/v1" xmlns:vidx1="http://www.garmin.com/xmlschemas/VideoExtension/v1" creator="Garmin Desktop App" version="1.1" xsi:schemaLocation="http://www.topografix.com/GPX/1/1 http://www.topografix.com/GPX/1/1/gpx.xsd http://www.garmin.com/xmlschemas/WaypointExtension/v1 http://www8.garmin.com/xmlschemas/WaypointExtensionv1.xsd http://www.garmin.com/xmlschemas/TrackPointExtension/v1 http://www.garmin.com/xmlschemas/TrackPointExtensionv1.xsd http://www.garmin.com/xmlschemas/GpxExtensions/v3 http://www8.garmin.com/xmlschemas/GpxExtensionsv3.xsd http://www.garmin.com/xmlschemas/ActivityExtension/v1 http://www8.garmin.com/xmlschemas/ActivityExtensionv1.xsd http://www.garmin.com/xmlschemas/AdventuresExtensions/v1 http://www8.garmin.com/xmlschemas/AdventuresExtensionv1.xsd http://www.garmin.com/xmlschemas/PressureExtension/v1 http://www.garmin.com/xmlschemas/PressureExtensionv1.xsd http://www.garmin.com/xmlschemas/TripExtensions/v1 http://www.garmin.com/xmlschemas/TripExtensionsv1.xsd http://www.garmin.com/xmlschemas/TripMetaDataExtensions/v1 http://www.garmin.com/xmlschemas/TripMetaDataExtensionsv1.xsd http://www.garmin.com/xmlschemas/ViaPointTransportationModeExtensions/v1 http://www.garmin.com/xmlschemas/ViaPointTransportationModeExtensionsv1.xsd http://www.garmin.com/xmlschemas/CreationTimeExtension/v1 http://www.garmin.com/xmlschemas/CreationTimeExtensionsv1.xsd http://www.garmin.com/xmlschemas/AccelerationExtension/v1 http://www.garmin.com/xmlschemas/AccelerationExtensionv1.xsd http://www.garmin.com/xmlschemas/PowerExtension/v1 http://www.garmin.com/xmlschemas/PowerExtensionv1.xsd http://www.garmin.com/xmlschemas/VideoExtension/v1 http://www.garmin.com/xmlschemas/VideoExtensionv1.xsd">
  <metadata>
    <link href="http://www.garmin.com">
      <text>Garmin International</text>
    </link>
    <time>2025-08-19T14:01:59Z</time>
    <bounds maxlat="45.84823795594275" maxlon="7.183990739285946" minlat="45.790111301466823" minlon="6.970992749556899"/>
  </metadata>
  <trk>
    <name>TOR30-2025</name>
    <extensions>
      <gpxx:TrackExtension>
        <gpxx:DisplayColor>Red</gpxx:DisplayColor>
      </gpxx:TrackExtension>
    </extensions>
    <trkseg>
      <trkpt lat="45.821787687018514" lon="7.179642375558615">
        <ele>1524.22265625</ele>
        <time>2023-08-18T10:04:41Z</time>
      </trkpt>
      <trkpt lat="45.821787687018514" lon="7.179683279246092">
        <ele>1523.4609375</ele>
      </trkpt>
      <trkpt lat="45.821826830506325" lon="7.179831555113196">
        <ele>1521.64453125</ele>
      </trkpt>
      <trkpt lat="45.821859017014503" lon="7.179923336952925">
        <ele>1520.47265625</ele>
      </trkpt>
      <trkpt lat="45.821873350068927" lon="7.179970191791654">
        <ele>1519.921875</ele>
      </trkpt>
      <trkpt lat="45.821893298998475" lon="7.180043198168278">
        <ele>1519.109375</ele>
      </trkpt>
      <trkpt lat="45.821916265413165" lon="7.180101117119193">
        <ele>1519.2265625</ele>
      </trkpt>
      <trkpt lat="45.821940321475267" lon="7.180158365517855">
        <ele>1519.78515625</ele>
      </trkpt>
      <trkpt lat="45.821961527690291" lon="7.180233635008335">
        <ele>1520.16796875</ele>
      </trkpt>
      <trkpt lat="45.821980303153396" lon="7.180299935862422">
        <ele>1520.58203125</ele>
      </trkpt>
      <trkpt lat="45.82199371419847" lon="7.180342432111502">
        <ele>1520.94140625</ele>
      </trkpt>
      <trkpt lat="45.822040401399136" lon="7.180455671623349">
        <ele>1522.65234375</ele>
      </trkpt>
      <trkpt lat="45.822060015052557" lon="7.180511746555567">
        <ele>1523.3828125</ele>
      </trkpt>
      <trkpt lat="45.822086166590452" lon="7.180574191734195">
        <ele>1524.31640625</ele>
      </trkpt>
      <trkpt lat="45.822102092206478" lon="7.180616017431021">
        <ele>1524.56640625</ele>
      </trkpt>
      <trkpt lat="45.822127405554056" lon="7.180661950260401">
        <ele>1524.76953125</ele>
      </trkpt>
      <trkpt lat="45.822150623425841" lon="7.180692041292787">
        <ele>1525.03125</ele>
      </trkpt>
      <trkpt lat="45.822211727499962" lon="7.180773681029677">
        <ele>1525.6875</ele>
      </trkpt>
      <trkpt lat="45.822261013090611" lon="7.180840568616986">
        <ele>1526.2109375</ele>
      </trkpt>
      <trkpt lat="45.822290936484933" lon="7.180883567780256">
        <ele>1526.5</ele>
      </trkpt>
      <trkpt lat="45.822339886799455" lon="7.180965626612306">
        <ele>1526.6328125</ele>
      </trkpt>
      <trkpt lat="45.822378862649202" lon="7.181041315197945">
        <ele>1526.3671875</ele>
      </trkpt>
      <trkpt lat="45.822399482131004" lon="7.181078111752868">
        <ele>1526.20703125</ele>
      </trkpt>
      <trkpt lat="45.822458742186427" lon="7.181134019047022">
        <ele>1526.46875</ele>
      </trkpt>
      <trkpt lat="45.822484809905291" lon="7.181167798116803">
        <ele>1526.44921875</ele>
      </trkpt>
      <trkpt lat="45.822517583146691" lon="7.18121406622231">
        <ele>1526.671875</ele>
      </trkpt>
      <trkpt lat="45.822550691664219" lon="7.181272404268384">
        <ele>1526.8984375</ele>
      </trkpt>
      <trkpt lat="45.82256393507123" lon="7.181310374289751">
        <ele>1526.8828125</ele>
      </trkpt>
      <trkpt lat="45.82259226590395" lon="7.181340297684073">
        <ele>1527.14453125</ele>
      </trkpt>
      <trkpt lat="45.822614477947354" lon="7.181343231350183">
        <ele>1527.48046875</ele>
      </trkpt>
      <trkpt lat="45.822651525959373" lon="7.181341219693422">
        <ele>1528.05859375</ele>
      </trkpt>
      <trkpt lat="45.822678850963712" lon="7.18133233487606">
        <ele>1528.51953125</ele>
      </trkpt>
      <trkpt lat="45.822721514850855" lon="7.181325629353523">
        <ele>1529.1796875</ele>
      </trkpt>
      <trkpt lat="45.822778344154358" lon="7.181325629353523">
        <ele>1530</ele>
      </trkpt>
      <trkpt lat="45.822826959192753" lon="7.181325629353523">
        <ele>1530.69921875</ele>
      </trkpt>
      <trkpt lat="45.822859145700932" lon="7.181327221915126">
        <ele>1531.15234375</ele>
      </trkpt>
      <trkpt lat="45.822892757132649" lon="7.1813337597996">
        <ele>1531.58984375</ele>
      </trkpt>
      <trkpt lat="45.822938606142998" lon="7.181346416473389">
        <ele>1532.25</ele>
      </trkpt>
      <trkpt lat="45.822971295565367" lon="7.181346416473389">
        <ele>1532.8359375</ele>
      </trkpt>
      <trkpt lat="45.823023850098252" lon="7.181362677365541">
        <ele>1533.66796875</ele>
      </trkpt>
      <trkpt lat="45.823069028556347" lon="7.181389247998595">
        <ele>1534.2890625</ele>
      </trkpt>
      <trkpt lat="45.823104316368699" lon="7.181425038725138">
        <ele>1534.66796875</ele>
      </trkpt>
      <trkpt lat="45.823134742677212" lon="7.181470049545169">
        <ele>1534.93359375</ele>
      </trkpt>
      <trkpt lat="45.823170449584723" lon="7.181526459753513">
        <ele>1535.375</ele>
      </trkpt>
      <trkpt lat="45.823231553658843" lon="7.181639531627297">
        <ele>1536.1171875</ele>
      </trkpt>
      <trkpt lat="45.8232700265944" lon="7.181703485548496">
        <ele>1536.5625</ele>
      </trkpt>
      <trkpt lat="45.823310259729624" lon="7.181768110021949">
        <ele>1536.9375</ele>
      </trkpt>
      <trkpt lat="45.823338003829122" lon="7.18183902092278">
        <ele>1536.8515625</ele>
      </trkpt>
      <trkpt lat="45.823370860889554" lon="7.181907668709755">
        <ele>1536.62890625</ele>
      </trkpt>
      <trkpt lat="45.823383601382375" lon="7.181947901844978">
        <ele>1536.33984375</ele>
      </trkpt>
      <trkpt lat="45.82340388558805" lon="7.182004982605577">
        <ele>1535.8515625</ele>
      </trkpt>
      <trkpt lat="45.823433054611087" lon="7.182067511603236">
        <ele>1535.4765625</ele>
      </trkpt>
      <trkpt lat="45.823457026854157" lon="7.182114282622933">
        <ele>1535.2265625</ele>
      </trkpt>
      <trkpt lat="45.823476724326611" lon="7.182168010622263">
        <ele>1534.94921875</ele>
      </trkpt>
      <trkpt lat="45.823504636064172" lon="7.18220891430974">
        <ele>1534.8828125</ele>
      </trkpt>
      <trkpt lat="45.823523579165339" lon="7.182243531569839">
        <ele>1534.765625</ele>
      </trkpt>
      <trkpt lat="45.823566159233451" lon="7.182284435257316">
        <ele>1534.75</ele>
      </trkpt>
      <trkpt lat="45.8235998544842" lon="7.18232567422092">
        <ele>1534.50390625</ele>
      </trkpt>
      <trkpt lat="45.823626760393381" lon="7.182353669777513">
        <ele>1534.32421875</ele>
      </trkpt>
      <trkpt lat="45.823658695444465" lon="7.182391723617911">
        <ele>1534.0234375</ele>
      </trkpt>
      <trkpt lat="45.823700437322259" lon="7.182446625083685">
        <ele>1533.51171875</ele>
      </trkpt>
      <trkpt lat="45.823709825053811" lon="7.182459449395537">
        <ele>1533.3828125</ele>
      </trkpt>
      <trkpt lat="45.82373664714396" lon="7.182486858218908">
        <ele>1533.125</ele>
        <time>2023-08-18T10:05:26Z</time>
      </trkpt>
      <trkpt lat="45.823756512254477" lon="7.182517116889358">
        <ele>1532.85546875</ele>
      </trkpt>
      <trkpt lat="45.823824740946293" lon="7.182620549574494">
        <ele>1532.03515625</ele>
      </trkpt>
      <trkpt lat="45.823857681825757" lon="7.182669332250953">
        <ele>1531.59765625</ele>
      </trkpt>
      <trkpt lat="45.82389640621841" lon="7.182723898440599">
        <ele>1531.0703125</ele>
      </trkpt>
      <trkpt lat="45.823948793113232" lon="7.182787265628576">
        <ele>1530.453125</ele>
      </trkpt>
      <trkpt lat="45.823994977399707" lon="7.182850297540426">
        <ele>1529.7734375</ele>
      </trkpt>
      <trkpt lat="45.824045184999704" lon="7.182926740497351">
        <ele>1529.93359375</ele>
      </trkpt>
      <trkpt lat="45.824090028181672" lon="7.182993292808533">
        <ele>1530.1796875</ele>
      </trkpt>
      <trkpt lat="45.824124393984675" lon="7.183040399104357">
        <ele>1530.3828125</ele>
      </trkpt>
      <trkpt lat="45.824152054265141" lon="7.183072250336409">
        <ele>1530.56640625</ele>
      </trkpt>
      <trkpt lat="45.824171081185341" lon="7.183099994435906">
        <ele>1530.671875</ele>
      </trkpt>
      <trkpt lat="45.824196394532919" lon="7.183138048276305">
        <ele>1530.828125</ele>
      </trkpt>
      <trkpt lat="45.824217768386006" lon="7.183168893679976">
        <ele>1530.9765625</ele>
      </trkpt>
      <trkpt lat="45.824239477515221" lon="7.183214155957103">
        <ele>1531.07421875</ele>
      </trkpt>
      <trkpt lat="45.824273843318224" lon="7.18328389339149">
        <ele>1531.17578125</ele>
      </trkpt>
      <trkpt lat="45.824308712035418" lon="7.183383051306009">
        <ele>1531.1875</ele>
      </trkpt>
      <trkpt lat="45.824321368709207" lon="7.183419764041901">
        <ele>1531.28515625</ele>
      </trkpt>
      <trkpt lat="45.824346179142594" lon="7.183475168421865">
        <ele>1531.53125</ele>
      </trkpt>
      <trkpt lat="45.824364870786667" lon="7.183520011603832">
        <ele>1531.70703125</ele>
      </trkpt>
      <trkpt lat="45.824381718412042" lon="7.183569883927703">
        <ele>1531.83203125</ele>
      </trkpt>
      <trkpt lat="45.824391357600689" lon="7.183614810928702">
        <ele>1531.84375</ele>
      </trkpt>
      <trkpt lat="45.824402337893844" lon="7.18367331661284">
        <ele>1531.828125</ele>
      </trkpt>
      <trkpt lat="45.824403846636415" lon="7.183729978278279">
        <ele>1531.3984375</ele>
      </trkpt>
      <trkpt lat="45.824403846636415" lon="7.183748837560415">
        <ele>1531.23828125</ele>
      </trkpt>
      <trkpt lat="45.824435949325562" lon="7.183810109272599">
        <ele>1531.23828125</ele>
      </trkpt>
      <trkpt lat="45.824474506080151" lon="7.183919157832861">
        <ele>1530.83984375</ele>
      </trkpt>
      <trkpt lat="45.824492024257779" lon="7.183950087055564">
        <ele>1530.80078125</ele>
      </trkpt>
      <trkpt lat="45.824530581012368" lon="7.183981100097299">
        <ele>1530.9375</ele>
      </trkpt>
      <trkpt lat="45.824564946815372" lon="7.183990739285946">
        <ele>1531.29296875</ele>
      </trkpt>
      <trkpt lat="45.824596881866455" lon="7.183962408453226">
        <ele>1532.2265625</ele>
      </trkpt>
      <trkpt lat="45.824612891301513" lon="7.183929719030857">
        <ele>1532.91015625</ele>
      </trkpt>
      <trkpt lat="45.824623787775636" lon="7.183887138962746">
        <ele>1533.625</ele>
      </trkpt>
      <trkpt lat="45.824623787775636" lon="7.183828046545386">
        <ele>1534.33203125</ele>
      </trkpt>
      <trkpt lat="45.824610376730561" lon="7.183745317161083">
        <ele>1535.00390625</ele>
      </trkpt>
      <trkpt lat="45.824595792219043" lon="7.183708352968097">
        <ele>1535.078125</ele>
      </trkpt>
      <trkpt lat="45.824582045897841" lon="7.183655714616179">
        <ele>1535.1484375</ele>
      </trkpt>
      <trkpt lat="45.824563940986991" lon="7.183594023808837">
        <ele>1535.02734375</ele>
      </trkpt>
      <trkpt lat="45.8245565649122" lon="7.18354825861752">
        <ele>1535.05859375</ele>
      </trkpt>
      <trkpt lat="45.824539717286825" lon="7.18347298912704">
        <ele>1535.0234375</ele>
      </trkpt>
      <trkpt lat="45.824531083926558" lon="7.183430576696992">
        <ele>1535.0234375</ele>
      </trkpt>
      <trkpt lat="45.824519349262118" lon="7.183375675231218">
        <ele>1535.0078125</ele>
      </trkpt>
      <trkpt lat="45.824502753093839" lon="7.183307195082307">
        <ele>1534.95703125</ele>
      </trkpt>
      <trkpt lat="45.824493113905191" lon="7.18325212597847">
        <ele>1534.98046875</ele>
      </trkpt>
      <trkpt lat="45.824488252401352" lon="7.183213904500008">
        <ele>1535.03125</ele>
      </trkpt>
      <trkpt lat="45.82449059933424" lon="7.183144586160779">
        <ele>1535.32421875</ele>
      </trkpt>
      <trkpt lat="45.824492108076811" lon="7.183076106011868">
        <ele>1535.83203125</ele>
      </trkpt>
      <trkpt lat="45.824493365362287" lon="7.182984156534076">
        <ele>1536.64453125</ele>
      </trkpt>
      <trkpt lat="45.824498310685158" lon="7.182911820709705">
        <ele>1537.37890625</ele>
      </trkpt>
      <trkpt lat="45.824498310685158" lon="7.182872509583831">
        <ele>1537.72265625</ele>
      </trkpt>
      <trkpt lat="45.824498310685158" lon="7.182826576754451">
        <ele>1538.171875</ele>
      </trkpt>
      <trkpt lat="45.824498310685158" lon="7.182773938402534">
        <ele>1538.7734375</ele>
      </trkpt>
      <trkpt lat="45.824498310685158" lon="7.182723060250282">
        <ele>1539.35546875</ele>
      </trkpt>
      <trkpt lat="45.824494706466794" lon="7.182683246210217">
        <ele>1539.75</ele>
      </trkpt>
      <trkpt lat="45.82449596375227" lon="7.182637816295028">
        <ele>1540.29296875</ele>
      </trkpt>
      <trkpt lat="45.82449596375227" lon="7.182580986991525">
        <ele>1540.94921875</ele>
      </trkpt>
      <trkpt lat="45.82448816858232" lon="7.182465735822916">
        <ele>1541.74609375</ele>
      </trkpt>
      <trkpt lat="45.824486911296844" lon="7.182400356978178">
        <ele>1542.20703125</ele>
      </trkpt>
      <trkpt lat="45.824476182460785" lon="7.182346880435944">
        <ele>1542.5703125</ele>
      </trkpt>
      <trkpt lat="45.824451707303524" lon="7.182288123294711">
        <ele>1543.01171875</ele>
      </trkpt>
      <trkpt lat="45.824434440582991" lon="7.182248141616583">
        <ele>1543.234375</ele>
      </trkpt>
      <trkpt lat="45.824394207447767" lon="7.182178152725101">
        <ele>1543.67578125</ele>
      </trkpt>
      <trkpt lat="45.824374090880156" lon="7.182143870741129">
        <ele>1543.91796875</ele>
      </trkpt>
      <trkpt lat="45.824347855523229" lon="7.182101290673018">
        <ele>1544.25</ele>
      </trkpt>
      <trkpt lat="45.82431809976697" lon="7.182064326480031">
        <ele>1544.58203125</ele>
      </trkpt>
      <trkpt lat="45.824290188029408" lon="7.182029793038964">
        <ele>1544.8359375</ele>
      </trkpt>
      <trkpt lat="45.824254145845771" lon="7.181986877694726">
        <ele>1545.1875</ele>
      </trkpt>
      <trkpt lat="45.824221791699529" lon="7.181951841339469">
        <ele>1545.52734375</ele>
      </trkpt>
      <trkpt lat="45.824189269915223" lon="7.181916637346148">
        <ele>1545.83984375</ele>
      </trkpt>
      <trkpt lat="45.82415783777833" lon="7.181874392554164">
        <ele>1546.21875</ele>
      </trkpt>
      <trkpt lat="45.82412070594728" lon="7.181824520230293">
        <ele>1546.62109375</ele>
      </trkpt>
      <trkpt lat="45.824084915220737" lon="7.181781185790896">
        <ele>1546.90625</ele>
      </trkpt>
      <trkpt lat="45.824039485305548" lon="7.181775402277708">
        <ele>1546.66796875</ele>
      </trkpt>
      <trkpt lat="45.824006544426084" lon="7.181785544380546">
        <ele>1546.19140625</ele>
      </trkpt>
      <trkpt lat="45.823932532221079" lon="7.181712621822953">
        <ele>1545.87109375</ele>
      </trkpt>
      <trkpt lat="45.823832284659147" lon="7.18162888661027">
        <ele>1545.265625</ele>
      </trkpt>
      <trkpt lat="45.823745280504227" lon="7.181546492502093">
        <ele>1545.0234375</ele>
      </trkpt>
      <trkpt lat="45.823664981871843" lon="7.181449430063367">
        <ele>1544.85546875</ele>
      </trkpt>
      <trkpt lat="45.823605637997389" lon="7.181291682645679">
        <ele>1544.56640625</ele>
      </trkpt>
      <trkpt lat="45.823567165061831" lon="7.181166457012296">
        <ele>1544.43359375</ele>
      </trkpt>
      <trkpt lat="45.823513939976692" lon="7.181041482836008">
        <ele>1543.7265625</ele>
      </trkpt>
      <trkpt lat="45.823474545031786" lon="7.180902343243361">
        <ele>1543.1015625</ele>
      </trkpt>
      <trkpt lat="45.823444118723273" lon="7.180762281641364">
        <ele>1543.37109375</ele>
      </trkpt>
      <trkpt lat="45.823411680757999" lon="7.180628757923841">
        <ele>1543.77734375</ele>
      </trkpt>
      <trkpt lat="45.823376560583711" lon="7.180492971092463">
        <ele>1544.77734375</ele>
      </trkpt>
      <trkpt lat="45.823316127061844" lon="7.180443936958909">
        <ele>1545.11328125</ele>
      </trkpt>
      <trkpt lat="45.823195930570364" lon="7.180375624448061">
        <ele>1545.6953125</ele>
      </trkpt>
      <trkpt lat="45.823077159002423" lon="7.180280992761254">
        <ele>1545.48046875</ele>
      </trkpt>
      <trkpt lat="45.822992082685232" lon="7.180177392438054">
        <ele>1545.68359375</ele>
      </trkpt>
      <trkpt lat="45.822931649163365" lon="7.180032636970282">
        <ele>1546.34375</ele>
      </trkpt>
      <trkpt lat="45.822863588109612" lon="7.17990405857563">
        <ele>1545.4375</ele>
      </trkpt>
      <trkpt lat="45.822800891473889" lon="7.179760979488492">
        <ele>1544.71875</ele>
      </trkpt>
      <trkpt lat="45.822746828198433" lon="7.179635250940919">
        <ele>1544.296875</ele>
      </trkpt>
      <trkpt lat="45.822687987238169" lon="7.179504744708538">
        <ele>1544.0078125</ele>
      </trkpt>
      <trkpt lat="45.822617579251528" lon="7.179376417770982">
        <ele>1543.69140625</ele>
      </trkpt>
      <trkpt lat="45.82255907356739" lon="7.179230153560638">
        <ele>1544.0078125</ele>
      </trkpt>
      <trkpt lat="45.822416748851538" lon="7.1791872382164">
        <ele>1542.34375</ele>
      </trkpt>
      <trkpt lat="45.822349693626165" lon="7.179014068096876">
        <ele>1542.41796875</ele>
      </trkpt>
      <trkpt lat="45.822276100516319" lon="7.178819691762328">
        <ele>1542.07421875</ele>
      </trkpt>
      <trkpt lat="45.822208374738693" lon="7.178614754229784">
        <ele>1541.9140625</ele>
      </trkpt>
      <trkpt lat="45.822120448574424" lon="7.178408391773701">
        <ele>1541.2421875</ele>
      </trkpt>
      <trkpt lat="45.822051716968417" lon="7.178247459232807">
        <ele>1543.2578125</ele>
      </trkpt>
      <trkpt lat="45.821978962048888" lon="7.178088957443833">
        <ele>1545.1015625</ele>
      </trkpt>
      <trkpt lat="45.821897070854902" lon="7.177941938862205">
        <ele>1545.6875</ele>
      </trkpt>
      <trkpt lat="45.821765977889299" lon="7.177724177017808">
        <ele>1545.5390625</ele>
      </trkpt>
      <trkpt lat="45.821692552417517" lon="7.177624683827162">
        <ele>1545.02734375</ele>
      </trkpt>
      <trkpt lat="45.821692971512675" lon="7.177517227828503">
        <ele>1546.16015625</ele>
      </trkpt>
      <trkpt lat="45.821643769741058" lon="7.177408179268241">
        <ele>1545.88671875</ele>
      </trkpt>
      <trkpt lat="45.821614433079958" lon="7.177287144586444">
        <ele>1545.921875</ele>
      </trkpt>
      <trkpt lat="45.821591634303331" lon="7.177124116569757">
        <ele>1546.1796875</ele>
      </trkpt>
      <trkpt lat="45.821596328169107" lon="7.176984641700983">
        <ele>1547.22265625</ele>
      </trkpt>
      <trkpt lat="45.82157445140183" lon="7.17682815156877">
        <ele>1547.01953125</ele>
      </trkpt>
      <trkpt lat="45.821589874103665" lon="7.176682893186808">
        <ele>1548.94140625</ele>
      </trkpt>
      <trkpt lat="45.82168634980917" lon="7.176461359485984">
        <ele>1555.9375</ele>
      </trkpt>
      <trkpt lat="45.821728762239218" lon="7.176294224336743">
        <ele>1558.421875</ele>
      </trkpt>
      <trkpt lat="45.821809144690633" lon="7.17615676112473">
        <ele>1561.3515625</ele>
      </trkpt>
      <trkpt lat="45.82181341946125" lon="7.17599063180387">
        <ele>1562.625</ele>
      </trkpt>
      <trkpt lat="45.821755584329367" lon="7.175886193290353">
        <ele>1562.82421875</ele>
      </trkpt>
      <trkpt lat="45.821618791669607" lon="7.175784856081009">
        <ele>1563.9609375</ele>
      </trkpt>
      <trkpt lat="45.821482334285975" lon="7.175682010129094">
        <ele>1565.65234375</ele>
      </trkpt>
      <trkpt lat="45.821379069238901" lon="7.175552845001221">
        <ele>1568.9765625</ele>
      </trkpt>
      <trkpt lat="45.82130178809166" lon="7.175424853339791">
        <ele>1572.51171875</ele>
      </trkpt>
      <trkpt lat="45.821217047050595" lon="7.175301723182201">
        <ele>1574.421875</ele>
      </trkpt>
      <trkpt lat="45.821161977946758" lon="7.175177084282041">
        <ele>1576.00390625</ele>
      </trkpt>
      <trkpt lat="45.82110975869" lon="7.175022186711431">
        <ele>1577.921875</ele>
      </trkpt>
      <trkpt lat="45.821067932993174" lon="7.174887070432305">
        <ele>1578.953125</ele>
      </trkpt>
      <trkpt lat="45.821024347096682" lon="7.174747679382563">
        <ele>1579.79296875</ele>
      </trkpt>
      <trkpt lat="45.820979671552777" lon="7.174616670235991">
        <ele>1580.54296875</ele>
      </trkpt>
      <trkpt lat="45.820942791178823" lon="7.174472417682409">
        <ele>1581.890625</ele>
      </trkpt>
      <trkpt lat="45.82092359662056" lon="7.174343336373568">
        <ele>1584.01171875</ele>
      </trkpt>
      <trkpt lat="45.820888392627239" lon="7.174196653068066">
        <ele>1585.8828125</ele>
      </trkpt>
      <trkpt lat="45.820863330736756" lon="7.174060279503465">
        <ele>1587.51953125</ele>
      </trkpt>
      <trkpt lat="45.820836424827576" lon="7.173916278406978">
        <ele>1588.62109375</ele>
      </trkpt>
      <trkpt lat="45.820829467847943" lon="7.173764649778605">
        <ele>1589.67578125</ele>
      </trkpt>
      <trkpt lat="45.820797868072987" lon="7.173614278435707">
        <ele>1589.9296875</ele>
      </trkpt>
      <trkpt lat="45.820776745676994" lon="7.173449909314513">
        <ele>1591.30859375</ele>
      </trkpt>
      <trkpt lat="45.820757634937763" lon="7.173282019793987">
        <ele>1592.48828125</ele>
      </trkpt>
      <trkpt lat="45.820751348510385" lon="7.173117818310857">
        <ele>1594.0703125</ele>
      </trkpt>
      <trkpt lat="45.820759730413556" lon="7.172953197732568">
        <ele>1596.2734375</ele>
      </trkpt>
      <trkpt lat="45.820785881951451" lon="7.172820679843426">
        <ele>1599.0234375</ele>
      </trkpt>
      <trkpt lat="45.820800634101033" lon="7.172668967396021">
        <ele>1601.41015625</ele>
      </trkpt>
      <trkpt lat="45.820820750668645" lon="7.172522032633424">
        <ele>1604.02734375</ele>
      </trkpt>
      <trkpt lat="45.820828294381499" lon="7.172364871948957">
        <ele>1606.109375</ele>
      </trkpt>
      <trkpt lat="45.82082586362958" lon="7.172201760113239">
        <ele>1607.78515625</ele>
      </trkpt>
      <trkpt lat="45.820920998230577" lon="7.172152223065495">
        <ele>1612.0859375</ele>
      </trkpt>
      <trkpt lat="45.820931643247604" lon="7.172036049887538">
        <ele>1613.4609375</ele>
      </trkpt>
      <trkpt lat="45.820914460346103" lon="7.171896994113922">
        <ele>1613.6875</ele>
      </trkpt>
      <trkpt lat="45.820921836420894" lon="7.171764224767685">
        <ele>1614.6484375</ele>
      </trkpt>
      <trkpt lat="45.820885039865971" lon="7.171612596139312">
        <ele>1614.62890625</ele>
      </trkpt>
      <trkpt lat="45.820868024602532" lon="7.171464739367366">
        <ele>1615.0390625</ele>
      </trkpt>
      <trkpt lat="45.820873137563467" lon="7.171321157366037">
        <ele>1616.375</ele>
      </trkpt>
      <trkpt lat="45.820862744003534" lon="7.171191740781069">
        <ele>1617.07421875</ele>
      </trkpt>
      <trkpt lat="45.820852853357792" lon="7.171037681400776">
        <ele>1617.60546875</ele>
      </trkpt>
      <trkpt lat="45.820842292159796" lon="7.170903570950031">
        <ele>1617.9921875</ele>
      </trkpt>
      <trkpt lat="45.820820583030581" lon="7.170773651450872">
        <ele>1618.96484375</ele>
      </trkpt>
      <trkpt lat="45.820777751505375" lon="7.170624872669578">
        <ele>1619.07421875</ele>
      </trkpt>
      <trkpt lat="45.820736428722739" lon="7.170489253476262">
        <ele>1619.23828125</ele>
      </trkpt>
      <trkpt lat="45.820706086233258" lon="7.170337038114667">
        <ele>1619.890625</ele>
      </trkpt>
      <trkpt lat="45.820668451488018" lon="7.170184319838881">
        <ele>1619.734375</ele>
      </trkpt>
      <trkpt lat="45.820634253323078" lon="7.170046018436551">
        <ele>1620.0859375</ele>
      </trkpt>
      <trkpt lat="45.820614052936435" lon="7.169921463355422">
        <ele>1621.76953125</ele>
      </trkpt>
      <trkpt lat="45.82059527747333" lon="7.169784167781472">
        <ele>1623.578125</ele>
      </trkpt>
      <trkpt lat="45.820594187825918" lon="7.169635640457273">
        <ele>1625.1328125</ele>
      </trkpt>
      <trkpt lat="45.820609526708722" lon="7.169501362368464">
        <ele>1627.2109375</ele>
      </trkpt>
      <trkpt lat="45.820604246109724" lon="7.16934529133141">
        <ele>1627.91015625</ele>
      </trkpt>
      <trkpt lat="45.820593684911728" lon="7.16920112259686">
        <ele>1628.296875</ele>
      </trkpt>
      <trkpt lat="45.820579351857305" lon="7.169054187834263">
        <ele>1628.6328125</ele>
      </trkpt>
      <trkpt lat="45.820564180612564" lon="7.168910438194871">
        <ele>1628.8125</ele>
      </trkpt>
      <trkpt lat="45.820558145642281" lon="7.16876476071775">
        <ele>1629.296875</ele>
      </trkpt>
      <trkpt lat="45.820555044338107" lon="7.168617323040962">
        <ele>1630.05859375</ele>
      </trkpt>
      <trkpt lat="45.820551943033934" lon="7.168466029688716">
        <ele>1630.98046875</ele>
      </trkpt>
      <trkpt lat="45.820548925548792" lon="7.168316999450326">
        <ele>1631.37890625</ele>
      </trkpt>
      <trkpt lat="45.820555547252297" lon="7.168182050809264">
        <ele>1631.9921875</ele>
      </trkpt>
      <trkpt lat="45.820560324937105" lon="7.168033691123128">
        <ele>1633.0859375</ele>
      </trkpt>
      <trkpt lat="45.820561582222581" lon="7.167890444397926">
        <ele>1634.22265625</ele>
      </trkpt>
      <trkpt lat="45.82057666964829" lon="7.167739989235997">
        <ele>1635.875</ele>
      </trkpt>
      <trkpt lat="45.820588823407888" lon="7.167579559609294">
        <ele>1637.2421875</ele>
      </trkpt>
      <trkpt lat="45.820600474253297" lon="7.167441174387932">
        <ele>1638.16796875</ele>
      </trkpt>
      <trkpt lat="45.820595026016235" lon="7.167296670377254">
        <ele>1638.04296875</ele>
      </trkpt>
      <trkpt lat="45.820604749023914" lon="7.167161721736193">
        <ele>1640.25</ele>
      </trkpt>
      <trkpt lat="45.820621931925416" lon="7.167022498324513">
        <ele>1642.90234375</ele>
      </trkpt>
      <trkpt lat="45.820652777329087" lon="7.166892075911164">
        <ele>1645.2890625</ele>
      </trkpt>
      <trkpt lat="45.820712456479669" lon="7.166787469759583">
        <ele>1648.83984375</ele>
      </trkpt>
      <trkpt lat="45.820719581097364" lon="7.166652688756585">
        <ele>1649.34375</ele>
      </trkpt>
      <trkpt lat="45.820724694058299" lon="7.166510364040732">
        <ele>1649.6015625</ele>
      </trkpt>
      <trkpt lat="45.82072377204895" lon="7.166364938020706">
        <ele>1649.515625</ele>
      </trkpt>
      <trkpt lat="45.820719245821238" lon="7.166215656325221">
        <ele>1649.2421875</ele>
      </trkpt>
      <trkpt lat="45.820716563612223" lon="7.166084479540586">
        <ele>1649.515625</ele>
      </trkpt>
      <trkpt lat="45.820716479793191" lon="7.165952799841762">
        <ele>1650.02734375</ele>
      </trkpt>
      <trkpt lat="45.820715138688684" lon="7.165806787088513">
        <ele>1650.90625</ele>
      </trkpt>
      <trkpt lat="45.820713797584176" lon="7.165652392432094">
        <ele>1651.9921875</ele>
      </trkpt>
      <trkpt lat="45.820714551955462" lon="7.165519539266825">
        <ele>1652.9921875</ele>
      </trkpt>
      <trkpt lat="45.820714132860303" lon="7.165378723293543">
        <ele>1653.984375</ele>
      </trkpt>
      <trkpt lat="45.820711366832256" lon="7.165244948118925">
        <ele>1653.54296875</ele>
      </trkpt>
      <trkpt lat="45.820713127031922" lon="7.165108490735292">
        <ele>1653.0703125</ele>
      </trkpt>
      <trkpt lat="45.820731818675995" lon="7.164972284808755">
        <ele>1654.09765625</ele>
      </trkpt>
      <trkpt lat="45.820752019062638" lon="7.164838761091232">
        <ele>1655.265625</ele>
      </trkpt>
      <trkpt lat="45.820767441764474" lon="7.164696687832475">
        <ele>1655.77734375</ele>
      </trkpt>
      <trkpt lat="45.820771045982838" lon="7.164551177993417">
        <ele>1655.703125</ele>
      </trkpt>
      <trkpt lat="45.820764591917396" lon="7.164412457495928">
        <ele>1656.55859375</ele>
      </trkpt>
      <trkpt lat="45.820748163387179" lon="7.164275832474232">
        <ele>1657.265625</ele>
      </trkpt>
      <trkpt lat="45.820719329640269" lon="7.164145158603787">
        <ele>1656.96484375</ele>
      </trkpt>
      <trkpt lat="45.820690076798201" lon="7.164011048153043">
        <ele>1656.55078125</ele>
      </trkpt>
      <trkpt lat="45.820663757622242" lon="7.163875596597791">
        <ele>1655.5625</ele>
      </trkpt>
      <trkpt lat="45.820656884461641" lon="7.163740061223507">
        <ele>1655.2890625</ele>
      </trkpt>
      <trkpt lat="45.820661662146449" lon="7.163600251078606">
        <ele>1655.3203125</ele>
      </trkpt>
      <trkpt lat="45.820663925260305" lon="7.163458177819848">
        <ele>1655.06640625</ele>
      </trkpt>
      <trkpt lat="45.82066903822124" lon="7.163321720436215">
        <ele>1655.49609375</ele>
      </trkpt>
      <trkpt lat="45.820666020736098" lon="7.163167744874954">
        <ele>1656</ele>
      </trkpt>
      <trkpt lat="45.820673229172826" lon="7.163015613332391">
        <ele>1656.82421875</ele>
      </trkpt>
      <trkpt lat="45.820682449266315" lon="7.162876725196838">
        <ele>1657.62890625</ele>
      </trkpt>
      <trkpt lat="45.820686891674995" lon="7.162729622796178">
        <ele>1657.375</ele>
      </trkpt>
      <trkpt lat="45.820696363225579" lon="7.162582520395517">
        <ele>1657.14453125</ele>
      </trkpt>
      <trkpt lat="45.820696698501706" lon="7.162433071061969">
        <ele>1658.734375</ele>
      </trkpt>
      <trkpt lat="45.820697620511055" lon="7.162300134077668">
        <ele>1660.1875</ele>
      </trkpt>
      <trkpt lat="45.820690495893359" lon="7.162159737199545">
        <ele>1660.9609375</ele>
      </trkpt>
      <trkpt lat="45.820714384317398" lon="7.162028644233942">
        <ele>1662.671875</ele>
      </trkpt>
      <trkpt lat="45.820714049041271" lon="7.16187609359622">
        <ele>1663.26171875</ele>
      </trkpt>
      <trkpt lat="45.820688735693693" lon="7.161740055307746">
        <ele>1662.9609375</ele>
      </trkpt>
      <trkpt lat="45.820652274414897" lon="7.161605190485716">
        <ele>1663.21484375</ele>
      </trkpt>
      <trkpt lat="45.820589829236269" lon="7.16149153187871">
        <ele>1662.109375</ele>
      </trkpt>
      <trkpt lat="45.82055764272809" lon="7.161372257396579">
        <ele>1661.48828125</ele>
      </trkpt>
      <trkpt lat="45.820521516725421" lon="7.161241332069039">
        <ele>1660.45703125</ele>
      </trkpt>
      <trkpt lat="45.820509782060981" lon="7.161106718704104">
        <ele>1660.1875</ele>
      </trkpt>
      <trkpt lat="45.820500561967492" lon="7.160977469757199">
        <ele>1659.921875</ele>
      </trkpt>
      <trkpt lat="45.820493856444955" lon="7.16082751750946">
        <ele>1659.453125</ele>
      </trkpt>
      <trkpt lat="45.82049167715013" lon="7.160689635202289">
        <ele>1658.98828125</ele>
      </trkpt>
      <trkpt lat="45.820495281368494" lon="7.160557033494115">
        <ele>1659.40234375</ele>
      </trkpt>
      <trkpt lat="45.820487234741449" lon="7.16041068546474">
        <ele>1659.65234375</ele>
      </trkpt>
      <trkpt lat="45.820484971627593" lon="7.160274898633361">
        <ele>1659.83984375</ele>
      </trkpt>
      <trkpt lat="45.820484049618244" lon="7.160137938335538">
        <ele>1659.91015625</ele>
      </trkpt>
      <trkpt lat="45.820490084588528" lon="7.160000391304493">
        <ele>1660.09375</ele>
      </trkpt>
      <trkpt lat="45.820498047396541" lon="7.159870052710176">
        <ele>1660.234375</ele>
      </trkpt>
      <trkpt lat="45.820500981062651" lon="7.159712137654424">
        <ele>1661.03515625</ele>
      </trkpt>
      <trkpt lat="45.820489330217242" lon="7.159579787403345">
        <ele>1661.52734375</ele>
      </trkpt>
      <trkpt lat="45.820481618866324" lon="7.159419441595674">
        <ele>1662.8515625</ele>
      </trkpt>
      <trkpt lat="45.820461083203554" lon="7.15924333781004">
        <ele>1664.03125</ele>
      </trkpt>
      <trkpt lat="45.820434847846627" lon="7.159097073599696">
        <ele>1664.41015625</ele>
      </trkpt>
      <trkpt lat="45.820424454286695" lon="7.158941421657801">
        <ele>1665.33203125</ele>
      </trkpt>
      <trkpt lat="45.820428477600217" lon="7.158819884061813">
        <ele>1665.5</ele>
      </trkpt>
      <trkpt lat="45.820440631359816" lon="7.158668087795377">
        <ele>1665.99609375</ele>
      </trkpt>
      <trkpt lat="45.820466531440616" lon="7.158506065607071">
        <ele>1666.90625</ele>
      </trkpt>
      <trkpt lat="45.820474829524755" lon="7.158345384523273">
        <ele>1667.3984375</ele>
      </trkpt>
      <trkpt lat="45.820454880595207" lon="7.158190654590726">
        <ele>1667.23828125</ele>
      </trkpt>
      <trkpt lat="45.820437362417579" lon="7.158033661544323">
        <ele>1668.24609375</ele>
      </trkpt>
      <trkpt lat="45.820420179516077" lon="7.157891839742661">
        <ele>1669.69921875</ele>
      </trkpt>
      <trkpt lat="45.820414563640952" lon="7.157724117860198">
        <ele>1669.96484375</ele>
      </trkpt>
      <trkpt lat="45.820391681045294" lon="7.157546170055866">
        <ele>1668.76953125</ele>
      </trkpt>
      <trkpt lat="45.820413893088698" lon="7.157381465658545">
        <ele>1669.2109375</ele>
      </trkpt>
      <trkpt lat="45.82044817507267" lon="7.15724584646523">
        <ele>1669.75</ele>
      </trkpt>
      <trkpt lat="45.820502070710063" lon="7.157092625275254">
        <ele>1670.58984375</ele>
      </trkpt>
      <trkpt lat="45.820534927770495" lon="7.156971758231521">
        <ele>1670.265625</ele>
      </trkpt>
      <trkpt lat="45.820556217804551" lon="7.156837228685617">
        <ele>1668.6484375</ele>
      </trkpt>
      <trkpt lat="45.820573316887021" lon="7.156706554815173">
        <ele>1667.10546875</ele>
      </trkpt>
      <trkpt lat="45.820598630234599" lon="7.15656858868897">
        <ele>1665.87109375</ele>
      </trkpt>
      <trkpt lat="45.820618998259306" lon="7.156422324478626">
        <ele>1664.88671875</ele>
      </trkpt>
      <trkpt lat="45.820645233616233" lon="7.156283687800169">
        <ele>1665.4296875</ele>
      </trkpt>
      <trkpt lat="45.820674151182175" lon="7.156149577349424">
        <ele>1665.78515625</ele>
      </trkpt>
      <trkpt lat="45.820689490064979" lon="7.156012868508697">
        <ele>1664.90625</ele>
      </trkpt>
      <trkpt lat="45.820676330476999" lon="7.155876327306032">
        <ele>1663.1640625</ele>
      </trkpt>
      <trkpt lat="45.820688148960471" lon="7.155729476362467">
        <ele>1662.48828125</ele>
      </trkpt>
      <trkpt lat="45.820708768442273" lon="7.155589917674661">
        <ele>1662.3125</ele>
      </trkpt>
      <trkpt lat="45.820722263306379" lon="7.155448431149125">
        <ele>1661.8125</ele>
      </trkpt>
      <trkpt lat="45.820747660472989" lon="7.155311554670334">
        <ele>1661.21484375</ele>
      </trkpt>
      <trkpt lat="45.82077163271606" lon="7.155178869143128">
        <ele>1659.625</ele>
      </trkpt>
      <trkpt lat="45.820795018225908" lon="7.155045093968511">
        <ele>1658.24609375</ele>
      </trkpt>
      <trkpt lat="45.820813877508044" lon="7.154908468946815">
        <ele>1657.44921875</ele>
      </trkpt>
      <trkpt lat="45.820834832265973" lon="7.154777459800243">
        <ele>1656.84375</ele>
      </trkpt>
      <trkpt lat="45.820867521688342" lon="7.154659694060683">
        <ele>1656.890625</ele>
      </trkpt>
      <trkpt lat="45.820922842249274" lon="7.154553830623627">
        <ele>1657.69921875</ele>
      </trkpt>
      <trkpt lat="45.820988472551107" lon="7.154457941651344">
        <ele>1658.85546875</ele>
      </trkpt>
      <trkpt lat="45.821055863052607" lon="7.154364148154855">
        <ele>1660.1015625</ele>
      </trkpt>
      <trkpt lat="45.821119733154774" lon="7.154264822602272">
        <ele>1661</ele>
      </trkpt>
      <trkpt lat="45.821171281859279" lon="7.15415233746171">
        <ele>1660.91015625</ele>
      </trkpt>
      <trkpt lat="45.821206904947758" lon="7.154026441276073">
        <ele>1659.83984375</ele>
      </trkpt>
      <trkpt lat="45.82123339176178" lon="7.153896018862724">
        <ele>1659.078125</ele>
      </trkpt>
      <trkpt lat="45.821257196366787" lon="7.153764925897121">
        <ele>1658.83203125</ele>
      </trkpt>
      <trkpt lat="45.821287455037236" lon="7.153619164600968">
        <ele>1659.13671875</ele>
      </trkpt>
      <trkpt lat="45.821320228278637" lon="7.153488993644714">
        <ele>1659.84765625</ele>
      </trkpt>
      <trkpt lat="45.821345038712025" lon="7.153352117165923">
        <ele>1660.15234375</ele>
      </trkpt>
      <trkpt lat="45.821369094774127" lon="7.153221359476447">
        <ele>1660.11328125</ele>
      </trkpt>
      <trkpt lat="45.821405136957765" lon="7.153090685606003">
        <ele>1660.2890625</ele>
      </trkpt>
      <trkpt lat="45.821437239646912" lon="7.152963867411017">
        <ele>1660.65234375</ele>
      </trkpt>
      <trkpt lat="45.821473952382803" lon="7.152841156348586">
        <ele>1661</ele>
      </trkpt>
      <trkpt lat="45.821525752544403" lon="7.152716936543584">
        <ele>1661.46875</ele>
      </trkpt>
      <trkpt lat="45.821572691202164" lon="7.152589447796345">
        <ele>1662.87109375</ele>
      </trkpt>
      <trkpt lat="45.821594232693315" lon="7.152450056746602">
        <ele>1663.71875</ele>
      </trkpt>
      <trkpt lat="45.82161015830934" lon="7.152307648211718">
        <ele>1664.1328125</ele>
      </trkpt>
      <trkpt lat="45.821624742820859" lon="7.152169095352292">
        <ele>1664.8203125</ele>
      </trkpt>
      <trkpt lat="45.821627927944064" lon="7.15203314088285">
        <ele>1665.203125</ele>
      </trkpt>
      <trkpt lat="45.821644188836217" lon="7.151903389021754">
        <ele>1665.62890625</ele>
      </trkpt>
      <trkpt lat="45.821661036461592" lon="7.151777828112245">
        <ele>1665.9453125</ele>
      </trkpt>
      <trkpt lat="45.82167025655508" lon="7.1516471542418">
        <ele>1666.265625</ele>
      </trkpt>
      <trkpt lat="45.821678387001157" lon="7.151513798162341">
        <ele>1666.58984375</ele>
      </trkpt>
      <trkpt lat="45.821702694520354" lon="7.151358397677541">
        <ele>1668.3359375</ele>
      </trkpt>
      <trkpt lat="45.821750136092305" lon="7.151222946122289">
        <ele>1670.3359375</ele>
      </trkpt>
      <trkpt lat="45.821775030344725" lon="7.151093278080225">
        <ele>1672.2734375</ele>
      </trkpt>
      <trkpt lat="45.821767570450902" lon="7.150960760191083">
        <ele>1674.0546875</ele>
      </trkpt>
      <trkpt lat="45.821757595986128" lon="7.150831762701273">
        <ele>1675.09375</ele>
      </trkpt>
      <trkpt lat="45.821791794151068" lon="7.150711482390761">
        <ele>1676.3515625</ele>
      </trkpt>
      <trkpt lat="45.821863040328026" lon="7.15061517432332">
        <ele>1678.63671875</ele>
      </trkpt>
      <trkpt lat="45.82193948328495" lon="7.150551052764058">
        <ele>1681.26171875</ele>
      </trkpt>
      <trkpt lat="45.822010980919003" lon="7.150465976446867">
        <ele>1684.35546875</ele>
      </trkpt>
      <trkpt lat="45.822081975638866" lon="7.150392131879926">
        <ele>1687.5546875</ele>
      </trkpt>
      <trkpt lat="45.822173338383436" lon="7.150308480486274">
        <ele>1691.61328125</ele>
      </trkpt>
      <trkpt lat="45.82226637750864" lon="7.150213848799467">
        <ele>1695.1015625</ele>
      </trkpt>
      <trkpt lat="45.822338126599789" lon="7.150123659521341">
        <ele>1697.40234375</ele>
      </trkpt>
      <trkpt lat="45.822461256757379" lon="7.150083258748055">
        <ele>1699.14453125</ele>
      </trkpt>
      <trkpt lat="45.822555888444185" lon="7.150026177987456">
        <ele>1700.578125</ele>
      </trkpt>
      <trkpt lat="45.822638534009457" lon="7.149950321763754">
        <ele>1702.04296875</ele>
      </trkpt>
      <trkpt lat="45.82271296530962" lon="7.149893492460251">
        <ele>1703.94921875</ele>
      </trkpt>
      <trkpt lat="45.822806591168046" lon="7.149815876036882">
        <ele>1706.0546875</ele>
      </trkpt>
      <trkpt lat="45.822849757969379" lon="7.149686040356755">
        <ele>1711.22265625</ele>
      </trkpt>
      <trkpt lat="45.822694525122643" lon="7.149644298478961">
        <ele>1709.55859375</ele>
      </trkpt>
      <trkpt lat="45.822589667513967" lon="7.149597276002169">
        <ele>1709.01953125</ele>
      </trkpt>
      <trkpt lat="45.822490844875574" lon="7.149546062573791">
        <ele>1708.50390625</ele>
      </trkpt>
      <trkpt lat="45.822426723316312" lon="7.149441288784146">
        <ele>1708.78515625</ele>
      </trkpt>
      <trkpt lat="45.822383388876915" lon="7.149308938533068">
        <ele>1709.2421875</ele>
      </trkpt>
      <trkpt lat="45.822370061650872" lon="7.149175833910704">
        <ele>1709.984375</ele>
      </trkpt>
      <trkpt lat="45.822391770780087" lon="7.149040885269642">
        <ele>1711.73828125</ele>
      </trkpt>
      <trkpt lat="45.8224290702492" lon="7.148919263854623">
        <ele>1713.5390625</ele>
      </trkpt>
      <trkpt lat="45.822460083290935" lon="7.148789763450623">
        <ele>1714.65625</ele>
      </trkpt>
      <trkpt lat="45.822466872632504" lon="7.148645091801882">
        <ele>1715.296875</ele>
      </trkpt>
      <trkpt lat="45.822447845712304" lon="7.148505030199885">
        <ele>1715.62109375</ele>
      </trkpt>
      <trkpt lat="45.822412054985762" lon="7.148367399349809">
        <ele>1715.48046875</ele>
      </trkpt>
      <trkpt lat="45.822393195703626" lon="7.14821845293045">
        <ele>1716.359375</ele>
      </trkpt>
      <trkpt lat="45.822380874305964" lon="7.1480708476156">
        <ele>1717.25390625</ele>
      </trkpt>
      <trkpt lat="45.822357824072242" lon="7.147919051349163">
        <ele>1717.59765625</ele>
      </trkpt>
      <trkpt lat="45.822332175448537" lon="7.147791981697083">
        <ele>1717.5625</ele>
      </trkpt>
      <trkpt lat="45.822304179891944" lon="7.147643035277724">
        <ele>1717.49609375</ele>
      </trkpt>
      <trkpt lat="45.822286326438189" lon="7.147508338093758">
        <ele>1717.13671875</ele>
      </trkpt>
      <trkpt lat="45.822277860715985" lon="7.147373976185918">
        <ele>1716.80078125</ele>
      </trkpt>
      <trkpt lat="45.822281967848539" lon="7.147235339507461">
        <ele>1717.08984375</ele>
      </trkpt>
      <trkpt lat="45.82228833809495" lon="7.147097289562225">
        <ele>1717.59765625</ele>
      </trkpt>
      <trkpt lat="45.822294121608138" lon="7.146949432790279">
        <ele>1718.05078125</ele>
      </trkpt>
      <trkpt lat="45.822289176285267" lon="7.14681213721633">
        <ele>1717.94921875</ele>
      </trkpt>
      <trkpt lat="45.822283225134015" lon="7.146654222160578">
        <ele>1717.2734375</ele>
      </trkpt>
      <trkpt lat="45.822312561795115" lon="7.146553471684456">
        <ele>1718.15625</ele>
      </trkpt>
      <trkpt lat="45.822334522381425" lon="7.146425899118185">
        <ele>1718.68359375</ele>
      </trkpt>
      <trkpt lat="45.822333097457886" lon="7.146280724555254">
        <ele>1718.09375</ele>
      </trkpt>
      <trkpt lat="45.822345167398453" lon="7.14613689109683">
        <ele>1718.60546875</ele>
      </trkpt>
      <trkpt lat="45.822347933426499" lon="7.146003199741244">
        <ele>1719.21484375</ele>
      </trkpt>
      <trkpt lat="45.822351453825831" lon="7.145867999643087">
        <ele>1719.67578125</ele>
      </trkpt>
      <trkpt lat="45.82236017100513" lon="7.14573279954493">
        <ele>1720.078125</ele>
      </trkpt>
      <trkpt lat="45.822385819628835" lon="7.145608579739928">
        <ele>1721.3984375</ele>
      </trkpt>
      <trkpt lat="45.822421023622155" lon="7.145489724352956">
        <ele>1723.359375</ele>
      </trkpt>
      <trkpt lat="45.822456059977412" lon="7.145370868965983">
        <ele>1725.20703125</ele>
      </trkpt>
      <trkpt lat="45.822468884289265" lon="7.145244218409061">
        <ele>1726.93359375</ele>
      </trkpt>
      <trkpt lat="45.822442732751369" lon="7.145099546760321">
        <ele>1727.25</ele>
      </trkpt>
      <trkpt lat="45.822391351684928" lon="7.144974153488874">
        <ele>1727.40234375</ele>
      </trkpt>
      <trkpt lat="45.822338294237852" lon="7.144854627549648">
        <ele>1727.6015625</ele>
      </trkpt>
      <trkpt lat="45.822289679199457" lon="7.144740298390388">
        <ele>1728.28125</ele>
      </trkpt>
      <trkpt lat="45.822243662551045" lon="7.144623287022114">
        <ele>1729.1015625</ele>
      </trkpt>
      <trkpt lat="45.822209799662232" lon="7.144501246511936">
        <ele>1730.25390625</ele>
      </trkpt>
      <trkpt lat="45.822169734165072" lon="7.144375182688236">
        <ele>1730.8828125</ele>
      </trkpt>
      <trkpt lat="45.822133859619498" lon="7.144244089722633">
        <ele>1731.6328125</ele>
      </trkpt>
      <trkpt lat="45.822089686989784" lon="7.144110649824142">
        <ele>1733.078125</ele>
      </trkpt>
      <trkpt lat="45.822048028931022" lon="7.143981652334332">
        <ele>1734.4296875</ele>
      </trkpt>
      <trkpt lat="45.822045430541039" lon="7.143831197172403">
        <ele>1735.48046875</ele>
      </trkpt>
      <trkpt lat="45.822081053629518" lon="7.143702954053879">
        <ele>1738.00390625</ele>
      </trkpt>
      <trkpt lat="45.822158586233854" lon="7.143668672069907">
        <ele>1741.2890625</ele>
      </trkpt>
      <trkpt lat="45.822227988392115" lon="7.143591893836856">
        <ele>1744.4140625</ele>
      </trkpt>
      <trkpt lat="45.822293367236853" lon="7.143494579941034">
        <ele>1747.34375</ele>
      </trkpt>
      <trkpt lat="45.822363272309303" lon="7.143521150574088">
        <ele>1749.828125</ele>
      </trkpt>
      <trkpt lat="45.82240954041481" lon="7.143634557723999">
        <ele>1751.21875</ele>
      </trkpt>
      <trkpt lat="45.822449186816812" lon="7.14375433512032">
        <ele>1752.16015625</ele>
      </trkpt>
      <trkpt lat="45.822501489892602" lon="7.143876040354371">
        <ele>1753.09375</ele>
      </trkpt>
      <trkpt lat="45.822554463520646" lon="7.143986262381077">
        <ele>1753.94921875</ele>
      </trkpt>
      <trkpt lat="45.822612131014466" lon="7.144102519378066">
        <ele>1753.8984375</ele>
      </trkpt>
      <trkpt lat="45.822676671668887" lon="7.144202599301934">
        <ele>1754.57421875</ele>
      </trkpt>
      <trkpt lat="45.822751689702272" lon="7.144284322857857">
        <ele>1756.12890625</ele>
      </trkpt>
      <trkpt lat="45.822837688028812" lon="7.144339894875884">
        <ele>1758.859375</ele>
      </trkpt>
      <trkpt lat="45.82292553037405" lon="7.144384570419788">
        <ele>1762.3671875</ele>
      </trkpt>
      <trkpt lat="45.822962243109941" lon="7.144267978146672">
        <ele>1765.703125</ele>
      </trkpt>
      <trkpt lat="45.823002895340323" lon="7.144135041162372">
        <ele>1769.484375</ele>
      </trkpt>
      <trkpt lat="45.823052180930972" lon="7.144018616527319">
        <ele>1773.13671875</ele>
      </trkpt>
      <trkpt lat="45.823109848424792" lon="7.143910573795438">
        <ele>1776.43359375</ele>
      </trkpt>
      <trkpt lat="45.82316106185317" lon="7.143797082826495">
        <ele>1779.23828125</ele>
      </trkpt>
      <trkpt lat="45.823227195069194" lon="7.143706474453211">
        <ele>1783.3125</ele>
      </trkpt>
      <trkpt lat="45.823286371305585" lon="7.143609998747706">
        <ele>1787.37890625</ele>
      </trkpt>
      <trkpt lat="45.823320569470525" lon="7.143491981551051">
        <ele>1789.78125</ele>
      </trkpt>
      <trkpt lat="45.823331298306584" lon="7.143369438126683">
        <ele>1790.765625</ele>
      </trkpt>
      <trkpt lat="45.823416626080871" lon="7.143397852778435">
        <ele>1795.828125</ele>
      </trkpt>
      <trkpt lat="45.823497679084539" lon="7.14335217140615">
        <ele>1800.59765625</ele>
      </trkpt>
      <trkpt lat="45.823508156463504" lon="7.143228454515338">
        <ele>1801.0546875</ele>
      </trkpt>
      <trkpt lat="45.823508324101567" lon="7.143092164769769">
        <ele>1801.3828125</ele>
      </trkpt>
      <trkpt lat="45.823509246110916" lon="7.142941961064935">
        <ele>1802.51171875</ele>
      </trkpt>
      <trkpt lat="45.823488542810082" lon="7.142794355750084">
        <ele>1802.53125</ele>
      </trkpt>
      <trkpt lat="45.823486028239131" lon="7.142649684101343">
        <ele>1803.4453125</ele>
      </trkpt>
      <trkpt lat="45.823504216969013" lon="7.142514735460281">
        <ele>1805.30078125</ele>
      </trkpt>
      <trkpt lat="45.823533050715923" lon="7.142396466806531">
        <ele>1807.48046875</ele>
      </trkpt>
      <trkpt lat="45.823493991047144" lon="7.142282975837588">
        <ele>1806.49609375</ele>
      </trkpt>
      <trkpt lat="45.823530787602067" lon="7.142158336937428">
        <ele>1809.33203125</ele>
      </trkpt>
      <trkpt lat="45.823564399033785" lon="7.142035374417901">
        <ele>1811.796875</ele>
      </trkpt>
      <trkpt lat="45.823554843664169" lon="7.141903359442949">
        <ele>1812.55078125</ele>
      </trkpt>
      <trkpt lat="45.823544282466173" lon="7.141760447993875">
        <ele>1813.43359375</ele>
      </trkpt>
      <trkpt lat="45.823563728481531" lon="7.141635557636619">
        <ele>1815.1171875</ele>
      </trkpt>
      <trkpt lat="45.823606895282865" lon="7.141515864059329">
        <ele>1817.6640625</ele>
      </trkpt>
      <trkpt lat="45.82364427857101" lon="7.141418131068349">
        <ele>1820.55078125</ele>
      </trkpt>
      <trkpt lat="45.823646541684866" lon="7.141283769160509">
        <ele>1823.22265625</ele>
      </trkpt>
      <trkpt lat="45.823598764836788" lon="7.14116407558322">
        <ele>1824.2265625</ele>
      </trkpt>
      <trkpt lat="45.823578480631113" lon="7.14103264734149">
        <ele>1826.8828125</ele>
      </trkpt>
      <trkpt lat="45.823556017130613" lon="7.140939021483064">
        <ele>1828.515625</ele>
      </trkpt>
      <trkpt lat="45.823649894446135" lon="7.140882359817624">
        <ele>1832.9296875</ele>
      </trkpt>
      <trkpt lat="45.823577726259828" lon="7.140807425603271">
        <ele>1832.2734375</ele>
      </trkpt>
      <trkpt lat="45.823508156463504" lon="7.140691922977567">
        <ele>1832.46484375</ele>
      </trkpt>
      <trkpt lat="45.823527853935957" lon="7.140587484464049">
        <ele>1835.05859375</ele>
      </trkpt>
      <trkpt lat="45.823576552793384" lon="7.140545072034001">
        <ele>1837.51953125</ele>
      </trkpt>
      <trkpt lat="45.82356465049088" lon="7.14041599072516">
        <ele>1839.09765625</ele>
      </trkpt>
      <trkpt lat="45.823606560006738" lon="7.140288753435016">
        <ele>1842.34765625</ele>
      </trkpt>
      <trkpt lat="45.823671268299222" lon="7.140187248587608">
        <ele>1846.0078125</ele>
      </trkpt>
      <trkpt lat="45.823733294382691" lon="7.140097981318831">
        <ele>1849.4296875</ele>
      </trkpt>
      <trkpt lat="45.823734886944294" lon="7.139959847554564">
        <ele>1849.99609375</ele>
      </trkpt>
      <trkpt lat="45.823745280504227" lon="7.139832861721516">
        <ele>1850.8828125</ele>
      </trkpt>
      <trkpt lat="45.82377034239471" lon="7.139705959707499">
        <ele>1852.109375</ele>
      </trkpt>
      <trkpt lat="45.823818119242787" lon="7.139595150947571">
        <ele>1854.34765625</ele>
      </trkpt>
      <trkpt lat="45.82384318113327" lon="7.139454754069448">
        <ele>1855.61328125</ele>
      </trkpt>
      <trkpt lat="45.823864974081516" lon="7.139337742701173">
        <ele>1856.6484375</ele>
      </trkpt>
      <trkpt lat="45.823877630755305" lon="7.139214025810361">
        <ele>1857.19140625</ele>
      </trkpt>
      <trkpt lat="45.823923731222749" lon="7.139092488214374">
        <ele>1859.01953125</ele>
      </trkpt>
      <trkpt lat="45.823963964357972" lon="7.13896382600069">
        <ele>1860.5390625</ele>
      </trkpt>
      <trkpt lat="45.823991373181343" lon="7.138833487406373">
        <ele>1861.15625</ele>
      </trkpt>
      <trkpt lat="45.82403764128685" lon="7.138707172125578">
        <ele>1862.53515625</ele>
      </trkpt>
      <trkpt lat="45.824094638228416" lon="7.138599883764982">
        <ele>1864.02734375</ele>
      </trkpt>
      <trkpt lat="45.824148282408714" lon="7.138471640646458">
        <ele>1865.2265625</ele>
      </trkpt>
      <trkpt lat="45.824156580492854" lon="7.138335183262825">
        <ele>1864.23828125</ele>
      </trkpt>
      <trkpt lat="45.824209051206708" lon="7.138216160237789">
        <ele>1865.03125</ele>
      </trkpt>
      <trkpt lat="45.824287673458457" lon="7.1381482668221">
        <ele>1867.40234375</ele>
      </trkpt>
      <trkpt lat="45.824379790574312" lon="7.138110464438796">
        <ele>1869.625</ele>
      </trkpt>
      <trkpt lat="45.824465956538916" lon="7.138167461380363">
        <ele>1872.9453125</ele>
      </trkpt>
      <trkpt lat="45.824539046734571" lon="7.138253459706903">
        <ele>1876.26171875</ele>
      </trkpt>
      <trkpt lat="45.824566958472133" lon="7.138369716703892">
        <ele>1878.7578125</ele>
      </trkpt>
      <trkpt lat="45.824618171900511" lon="7.138394443318248">
        <ele>1880.36328125</ele>
      </trkpt>
      <trkpt lat="45.824709869921207" lon="7.13833543471992">
        <ele>1881.63671875</ele>
      </trkpt>
      <trkpt lat="45.824804082512856" lon="7.138310791924596">
        <ele>1883.50390625</ele>
      </trkpt>
      <trkpt lat="45.824896367266774" lon="7.138289669528604">
        <ele>1886.05859375</ele>
      </trkpt>
      <trkpt lat="45.824977923184633" lon="7.138225045055151">
        <ele>1888.59375</ele>
      </trkpt>
      <trkpt lat="45.825039027258754" lon="7.138139298185706">
        <ele>1890.11328125</ele>
      </trkpt>
      <trkpt lat="45.825129467993975" lon="7.138136029243469">
        <ele>1893.6875</ele>
      </trkpt>
      <trkpt lat="45.82519618794322" lon="7.138046259060502">
        <ele>1895.90625</ele>
      </trkpt>
      <trkpt lat="45.825229967013001" lon="7.138128150254488">
        <ele>1897.95703125</ele>
      </trkpt>
      <trkpt lat="45.825272044166923" lon="7.138116750866175">
        <ele>1899.69140625</ele>
      </trkpt>
      <trkpt lat="45.825331890955567" lon="7.138015748932958">
        <ele>1901.55078125</ele>
      </trkpt>
      <trkpt lat="45.825407579541206" lon="7.137964619323611">
        <ele>1904.45703125</ele>
      </trkpt>
      <trkpt lat="45.825382769107819" lon="7.13809504173696">
        <ele>1904.32421875</ele>
      </trkpt>
      <trkpt lat="45.825390229001641" lon="7.138187997043133">
        <ele>1905.44921875</ele>
      </trkpt>
      <trkpt lat="45.825444543734193" lon="7.138087749481201">
        <ele>1907.171875</ele>
      </trkpt>
      <trkpt lat="45.825524842366576" lon="7.138008289039135">
        <ele>1910.65234375</ele>
      </trkpt>
      <trkpt lat="45.825570775195956" lon="7.13789714500308">
        <ele>1912.16796875</ele>
      </trkpt>
      <trkpt lat="45.825603464618325" lon="7.137776026502252">
        <ele>1912.94140625</ele>
      </trkpt>
      <trkpt lat="45.825620982795954" lon="7.137651219964027">
        <ele>1912.92578125</ele>
      </trkpt>
      <trkpt lat="45.82565107382834" lon="7.137526161968708">
        <ele>1912.86328125</ele>
      </trkpt>
      <trkpt lat="45.825712932273746" lon="7.137416861951351">
        <ele>1913.72265625</ele>
      </trkpt>
      <trkpt lat="45.825786022469401" lon="7.137321559712291">
        <ele>1914.87890625</ele>
      </trkpt>
      <trkpt lat="45.825830698013306" lon="7.137201698496938">
        <ele>1915.53125</ele>
      </trkpt>
      <trkpt lat="45.825826758518815" lon="7.137070186436176">
        <ele>1914.19921875</ele>
      </trkpt>
      <trkpt lat="45.825803456827998" lon="7.13694185949862">
        <ele>1913.58984375</ele>
      </trkpt>
      <trkpt lat="45.825761379674077" lon="7.136817136779428">
        <ele>1912.5859375</ele>
      </trkpt>
      <trkpt lat="45.825780993327498" lon="7.136670621111989">
        <ele>1913.609375</ele>
      </trkpt>
      <trkpt lat="45.825822483748198" lon="7.136558387428522">
        <ele>1915.25390625</ele>
      </trkpt>
      <trkpt lat="45.82593496888876" lon="7.13658562861383">
        <ele>1919.7109375</ele>
      </trkpt>
      <trkpt lat="45.82602976821363" lon="7.136640278622508">
        <ele>1922.89453125</ele>
      </trkpt>
      <trkpt lat="45.826095817610621" lon="7.136731473729014">
        <ele>1924.75</ele>
      </trkpt>
      <trkpt lat="45.826159184798598" lon="7.136658048257232">
        <ele>1926.78515625</ele>
      </trkpt>
      <trkpt lat="45.826250966638327" lon="7.136611361056566">
        <ele>1929.76953125</ele>
      </trkpt>
      <trkpt lat="45.826337384060025" lon="7.136585796251893">
        <ele>1933.265625</ele>
      </trkpt>
      <trkpt lat="45.826377365738153" lon="7.136467779055238">
        <ele>1935.71484375</ele>
      </trkpt>
      <trkpt lat="45.826382981613278" lon="7.136332243680954">
        <ele>1935.95703125</ele>
      </trkpt>
      <trkpt lat="45.826407372951508" lon="7.136199390515685">
        <ele>1937.1015625</ele>
      </trkpt>
      <trkpt lat="45.826437044888735" lon="7.136071398854256">
        <ele>1937.3984375</ele>
      </trkpt>
      <trkpt lat="45.826473673805594" lon="7.135946340858936">
        <ele>1938.3125</ele>
      </trkpt>
      <trkpt lat="45.826532347127795" lon="7.135836621746421">
        <ele>1939.14453125</ele>
      </trkpt>
      <trkpt lat="45.826610131189227" lon="7.135760597884655">
        <ele>1941.0703125</ele>
      </trkpt>
      <trkpt lat="45.826655477285385" lon="7.135713240131736">
        <ele>1941.96484375</ele>
      </trkpt>
      <trkpt lat="45.826682467013597" lon="7.135676192119718">
        <ele>1942.18359375</ele>
      </trkpt>
      <trkpt lat="45.826729238033295" lon="7.135559935122728">
        <ele>1941.51171875</ele>
      </trkpt>
      <trkpt lat="45.826780116185546" lon="7.135449294000864">
        <ele>1941.04296875</ele>
      </trkpt>
      <trkpt lat="45.826820097863674" lon="7.135318284854293">
        <ele>1940.44921875</ele>
      </trkpt>
      <trkpt lat="45.826812135055661" lon="7.135236728936434">
        <ele>1939.515625</ele>
      </trkpt>
      <trkpt lat="45.826826049014926" lon="7.135157352313399">
        <ele>1939.546875</ele>
      </trkpt>
      <trkpt lat="45.826841723173857" lon="7.135019721463323">
        <ele>1938.953125</ele>
      </trkpt>
      <trkpt lat="45.826837364584208" lon="7.13487396016717">
        <ele>1937.19140625</ele>
      </trkpt>
      <trkpt lat="45.82684432156384" lon="7.134738424792886">
        <ele>1935.734375</ele>
      </trkpt>
      <trkpt lat="45.826891344040632" lon="7.13461596518755">
        <ele>1936.00390625</ele>
      </trkpt>
      <trkpt lat="45.82692495547235" lon="7.134483195841312">
        <ele>1935.96484375</ele>
      </trkpt>
      <trkpt lat="45.826933169737458" lon="7.134342966601253">
        <ele>1935.30859375</ele>
      </trkpt>
      <trkpt lat="45.82694792188704" lon="7.134214555844665">
        <ele>1935.10546875</ele>
      </trkpt>
      <trkpt lat="45.826977426186204" lon="7.13408924639225">
        <ele>1935.625</ele>
      </trkpt>
      <trkpt lat="45.827013049274683" lon="7.133960667997599">
        <ele>1936.3359375</ele>
      </trkpt>
      <trkpt lat="45.827036267146468" lon="7.133830999955535">
        <ele>1936.7890625</ele>
      </trkpt>
      <trkpt lat="45.827036099508405" lon="7.133704097941518">
        <ele>1936.359375</ele>
      </trkpt>
      <trkpt lat="45.827010199427605" lon="7.133572418242693">
        <ele>1935.80859375</ele>
      </trkpt>
      <trkpt lat="45.826976420357823" lon="7.133448952808976">
        <ele>1934.9140625</ele>
      </trkpt>
      <trkpt lat="45.826944569125772" lon="7.133325571194291">
        <ele>1934.859375</ele>
      </trkpt>
      <trkpt lat="45.8269068505615" lon="7.133195400238037">
        <ele>1934.7734375</ele>
      </trkpt>
      <trkpt lat="45.826851781457663" lon="7.133082328364253">
        <ele>1934.328125</ele>
      </trkpt>
      <trkpt lat="45.826794030144811" lon="7.132963975891471">
        <ele>1934.19921875</ele>
      </trkpt>
      <trkpt lat="45.826760418713093" lon="7.132834978401661">
        <ele>1935.3671875</ele>
      </trkpt>
      <trkpt lat="45.826721275225282" lon="7.132700532674789">
        <ele>1936.23046875</ele>
      </trkpt>
      <trkpt lat="45.826677354052663" lon="7.132584359496832">
        <ele>1935.9375</ele>
      </trkpt>
      <trkpt lat="45.82662689499557" lon="7.132465252652764">
        <ele>1934.27734375</ele>
      </trkpt>
      <trkpt lat="45.826581632718444" lon="7.132347989827394">
        <ele>1932.44921875</ele>
      </trkpt>
      <trkpt lat="45.826578279957175" lon="7.132211280986667">
        <ele>1932.5625</ele>
      </trkpt>
      <trkpt lat="45.826582638546824" lon="7.132086642086506">
        <ele>1933.03515625</ele>
      </trkpt>
      <trkpt lat="45.826583225280046" lon="7.131958734244108">
        <ele>1932.2265625</ele>
      </trkpt>
      <trkpt lat="45.826566377654672" lon="7.131820181384683">
        <ele>1929.578125</ele>
      </trkpt>
      <trkpt lat="45.826543495059013" lon="7.131689675152302">
        <ele>1926.03125</ele>
      </trkpt>
      <trkpt lat="45.826543075963855" lon="7.131554977968335">
        <ele>1923.54296875</ele>
      </trkpt>
      <trkpt lat="45.826577190309763" lon="7.131429836153984">
        <ele>1923.48046875</ele>
      </trkpt>
      <trkpt lat="45.826633684337139" lon="7.131303353235126">
        <ele>1924.8671875</ele>
      </trkpt>
      <trkpt lat="45.826679365709424" lon="7.1311872638762">
        <ele>1925.53515625</ele>
      </trkpt>
      <trkpt lat="45.826714066788554" lon="7.131060361862183">
        <ele>1924.453125</ele>
      </trkpt>
      <trkpt lat="45.826732339337468" lon="7.130920635536313">
        <ele>1922.2578125</ele>
      </trkpt>
      <trkpt lat="45.826751533895731" lon="7.130793062970042">
        <ele>1922.65234375</ele>
      </trkpt>
      <trkpt lat="45.826742984354496" lon="7.130646463483572">
        <ele>1921.1484375</ele>
      </trkpt>
      <trkpt lat="45.826730579137802" lon="7.130504976958036">
        <ele>1921.4453125</ele>
      </trkpt>
      <trkpt lat="45.826690597459674" lon="7.130383690819144">
        <ele>1919.8359375</ele>
      </trkpt>
      <trkpt lat="45.82664986141026" lon="7.130256285890937">
        <ele>1918.35546875</ele>
      </trkpt>
      <trkpt lat="45.826597893610597" lon="7.130145225673914">
        <ele>1916.16015625</ele>
      </trkpt>
      <trkpt lat="45.826579872518778" lon="7.130000721663237">
        <ele>1915.42578125</ele>
      </trkpt>
      <trkpt lat="45.826622368767858" lon="7.129894690588117">
        <ele>1917.8359375</ele>
      </trkpt>
      <trkpt lat="45.826691519469023" lon="7.129788240417838">
        <ele>1921.03515625</ele>
      </trkpt>
      <trkpt lat="45.826745163649321" lon="7.129662428051233">
        <ele>1921.4765625</ele>
      </trkpt>
      <trkpt lat="45.826784474775195" lon="7.129546673968434">
        <ele>1921.18359375</ele>
      </trkpt>
      <trkpt lat="45.826855134218931" lon="7.129446677863598">
        <ele>1922.17578125</ele>
      </trkpt>
      <trkpt lat="45.826945239678025" lon="7.129390938207507">
        <ele>1924.6484375</ele>
      </trkpt>
      <trkpt lat="45.827019419521093" lon="7.129288595169783">
        <ele>1925.203125</ele>
      </trkpt>
      <trkpt lat="45.82710231654346" lon="7.129206117242575">
        <ele>1924.0625</ele>
      </trkpt>
      <trkpt lat="45.827201223000884" lon="7.129179630428553">
        <ele>1925.76953125</ele>
      </trkpt>
      <trkpt lat="45.82730557769537" lon="7.129160016775131">
        <ele>1928.12890625</ele>
      </trkpt>
      <trkpt lat="45.827389732003212" lon="7.129086758941412">
        <ele>1926.8671875</ele>
      </trkpt>
      <trkpt lat="45.827452847734094" lon="7.128993635997176">
        <ele>1923.73828125</ele>
      </trkpt>
      <trkpt lat="45.827549993991852" lon="7.128988271579146">
        <ele>1926.921875</ele>
      </trkpt>
      <trkpt lat="45.827647894620895" lon="7.128945272415876">
        <ele>1927.7421875</ele>
      </trkpt>
      <trkpt lat="45.827763564884663" lon="7.128898920491338">
        <ele>1927.28125</ele>
      </trkpt>
      <trkpt lat="45.827867919579148" lon="7.128899088129401">
        <ele>1929.30078125</ele>
      </trkpt>
      <trkpt lat="45.827979482710361" lon="7.128899171948433">
        <ele>1929.72265625</ele>
      </trkpt>
      <trkpt lat="45.828094817698002" lon="7.128863632678986">
        <ele>1926.5625</ele>
      </trkpt>
      <trkpt lat="45.828194227069616" lon="7.128877379000187">
        <ele>1926.78125</ele>
      </trkpt>
      <trkpt lat="45.828283159062266" lon="7.128915684297681">
        <ele>1927.6171875</ele>
      </trkpt>
      <trkpt lat="45.828374521806836" lon="7.128979051485658">
        <ele>1930.2109375</ele>
      </trkpt>
      <trkpt lat="45.828464794903994" lon="7.129052141681314">
        <ele>1933.97265625</ele>
      </trkpt>
      <trkpt lat="45.828553391620517" lon="7.129077035933733">
        <ele>1935.60546875</ele>
      </trkpt>
      <trkpt lat="45.828650873154402" lon="7.129053734242916">
        <ele>1933.41015625</ele>
      </trkpt>
      <trkpt lat="45.82875145599246" lon="7.129071755334735">
        <ele>1934.50390625</ele>
      </trkpt>
      <trkpt lat="45.828847847878933" lon="7.129070330411196">
        <ele>1934.390625</ele>
      </trkpt>
      <trkpt lat="45.828937869518995" lon="7.129072258248925">
        <ele>1934.54296875</ele>
      </trkpt>
      <trkpt lat="45.829033087939024" lon="7.129101175814867">
        <ele>1936.8671875</ele>
      </trkpt>
      <trkpt lat="45.82913308404386" lon="7.129168817773461">
        <ele>1942.71484375</ele>
      </trkpt>
      <trkpt lat="45.829231990501285" lon="7.129193376749754">
        <ele>1945.25390625</ele>
      </trkpt>
      <trkpt lat="45.829327963292599" lon="7.129154736176133">
        <ele>1942.5625</ele>
      </trkpt>
      <trkpt lat="45.829405831173062" lon="7.129120621830225">
        <ele>1940.49609375</ele>
      </trkpt>
      <trkpt lat="45.829496523365378" lon="7.129131266847253">
        <ele>1942.36328125</ele>
      </trkpt>
      <trkpt lat="45.8295972738415" lon="7.129103941842914">
        <ele>1941.29296875</ele>
      </trkpt>
      <trkpt lat="45.829692743718624" lon="7.129084831103683">
        <ele>1940.9296875</ele>
      </trkpt>
      <trkpt lat="45.829789889976382" lon="7.129098242148757">
        <ele>1943.078125</ele>
      </trkpt>
      <trkpt lat="45.829888377338648" lon="7.129101594910026">
        <ele>1944.62890625</ele>
      </trkpt>
      <trkpt lat="45.829980662092566" lon="7.129069743677974">
        <ele>1943.91796875</ele>
      </trkpt>
      <trkpt lat="45.830078478902578" lon="7.129014758393168">
        <ele>1941.7734375</ele>
      </trkpt>
      <trkpt lat="45.830174116417766" lon="7.128982236608863">
        <ele>1941.28125</ele>
      </trkpt>
      <trkpt lat="45.830270927399397" lon="7.128965724259615">
        <ele>1941.953125</ele>
      </trkpt>
      <trkpt lat="45.830361535772681" lon="7.128942590206861">
        <ele>1942.0859375</ele>
      </trkpt>
      <trkpt lat="45.830459268763661" lon="7.128923647105694">
        <ele>1942.80078125</ele>
      </trkpt>
      <trkpt lat="45.830553816631436" lon="7.128891041502357">
        <ele>1942.7265625</ele>
      </trkpt>
      <trkpt lat="45.830648699775338" lon="7.128906883299351">
        <ele>1945.8046875</ele>
      </trkpt>
      <trkpt lat="45.830744672566652" lon="7.128917444497347">
        <ele>1948.8828125</ele>
      </trkpt>
      <trkpt lat="45.830839136615396" lon="7.128866650164127">
        <ele>1948.34765625</ele>
      </trkpt>
      <trkpt lat="45.830899151042104" lon="7.128777634352446">
        <ele>1944.7734375</ele>
      </trkpt>
      <trkpt lat="45.83099378272891" lon="7.12873438373208">
        <ele>1945.33984375</ele>
      </trkpt>
      <trkpt lat="45.831090258434415" lon="7.128701778128743">
        <ele>1947.0703125</ele>
      </trkpt>
      <trkpt lat="45.831179525703192" lon="7.128676464781165">
        <ele>1949.109375</ele>
      </trkpt>
      <trkpt lat="45.831271894276142" lon="7.128618462011218">
        <ele>1949.87109375</ele>
      </trkpt>
      <trkpt lat="45.831371890380979" lon="7.128599183633924">
        <ele>1953.13671875</ele>
      </trkpt>
      <trkpt lat="45.831463923677802" lon="7.128540426492691">
        <ele>1954.05859375</ele>
      </trkpt>
      <trkpt lat="45.8315400313586" lon="7.12847052142024">
        <ele>1953.33203125</ele>
      </trkpt>
      <trkpt lat="45.831637848168612" lon="7.128443699330091">
        <ele>1954.4453125</ele>
      </trkpt>
      <trkpt lat="45.831718817353249" lon="7.128488374873996">
        <ele>1958.73828125</ele>
      </trkpt>
      <trkpt lat="45.831808168441057" lon="7.128544365987182">
        <ele>1963.67578125</ele>
      </trkpt>
      <trkpt lat="45.831905817613006" lon="7.128519890829921">
        <ele>1963.6015625</ele>
      </trkpt>
      <trkpt lat="45.83201159723103" lon="7.128510922193527">
        <ele>1964.3828125</ele>
      </trkpt>
      <trkpt lat="45.832112766802311" lon="7.128533385694027">
        <ele>1967.34765625</ele>
      </trkpt>
      <trkpt lat="45.832217372953892" lon="7.128500696271658">
        <ele>1968.29296875</ele>
      </trkpt>
      <trkpt lat="45.832313178107142" lon="7.128474377095699">
        <ele>1969.2890625</ele>
      </trkpt>
      <trkpt lat="45.832396745681763" lon="7.128411177545786">
        <ele>1968.40234375</ele>
      </trkpt>
      <trkpt lat="45.832488276064396" lon="7.128345379605889">
        <ele>1968.23828125</ele>
      </trkpt>
      <trkpt lat="45.832565724849701" lon="7.128244461491704">
        <ele>1965.6484375</ele>
      </trkpt>
      <trkpt lat="45.832659937441349" lon="7.128217136487365">
        <ele>1966.79296875</ele>
      </trkpt>
      <trkpt lat="45.832754652947187" lon="7.128189895302057">
        <ele>1967.8046875</ele>
      </trkpt>
      <trkpt lat="45.832833275198936" lon="7.128106243908405">
        <ele>1966.76171875</ele>
      </trkpt>
      <trkpt lat="45.832920530810952" lon="7.128049582242966">
        <ele>1967.15625</ele>
      </trkpt>
      <trkpt lat="45.832979707047343" lon="7.127981940284371">
        <ele>1966.41796875</ele>
      </trkpt>
      <trkpt lat="45.833060089498758" lon="7.127908766269684">
        <ele>1966.0859375</ele>
      </trkpt>
      <trkpt lat="45.833149356767535" lon="7.127870796248317">
        <ele>1967.28125</ele>
      </trkpt>
      <trkpt lat="45.833192020654678" lon="7.127741295844316">
        <ele>1969.15234375</ele>
      </trkpt>
      <trkpt lat="45.833128234371543" lon="7.127633839845657">
        <ele>1968.3515625</ele>
      </trkpt>
      <trkpt lat="45.833051037043333" lon="7.127565778791904">
        <ele>1967.91015625</ele>
      </trkpt>
      <trkpt lat="45.832966379821301" lon="7.127507440745831">
        <ele>1967.67578125</ele>
      </trkpt>
      <trkpt lat="45.832889182493091" lon="7.127440050244331">
        <ele>1967.85546875</ele>
      </trkpt>
      <trkpt lat="45.832844758406281" lon="7.127329157665372">
        <ele>1970.2578125</ele>
      </trkpt>
      <trkpt lat="45.832828246057034" lon="7.127175098285079">
        <ele>1972.75390625</ele>
      </trkpt>
      <trkpt lat="45.832832437008619" lon="7.127032270655036">
        <ele>1975.36328125</ele>
      </trkpt>
      <trkpt lat="45.832890858873725" lon="7.126962365582585">
        <ele>1977.9609375</ele>
      </trkpt>
      <trkpt lat="45.832917932420969" lon="7.126894053071737">
        <ele>1979.58203125</ele>
      </trkpt>
      <trkpt lat="45.832922291010618" lon="7.12676614522934">
        <ele>1980.75390625</ele>
      </trkpt>
      <trkpt lat="45.832968140020967" lon="7.126649050042033">
        <ele>1984.00390625</ele>
      </trkpt>
      <trkpt lat="45.833027567714453" lon="7.126691043376923">
        <ele>1986.7265625</ele>
      </trkpt>
      <trkpt lat="45.833080122247338" lon="7.126792464405298">
        <ele>1988.41796875</ele>
      </trkpt>
      <trkpt lat="45.833142483606935" lon="7.126866895705462">
        <ele>1990.53515625</ele>
      </trkpt>
      <trkpt lat="45.833207778632641" lon="7.126953564584255">
        <ele>1992.30859375</ele>
      </trkpt>
      <trkpt lat="45.833279527723789" lon="7.126968149095774">
        <ele>1995.19921875</ele>
      </trkpt>
      <trkpt lat="45.833369297906756" lon="7.126981895416975">
        <ele>1998.8828125</ele>
      </trkpt>
      <trkpt lat="45.833458816632628" lon="7.127017518505454">
        <ele>2002.23828125</ele>
      </trkpt>
      <trkpt lat="45.8335483353585" lon="7.127042580395937">
        <ele>2004.203125</ele>
      </trkpt>
      <trkpt lat="45.833638273179531" lon="7.127080550417304">
        <ele>2005.26953125</ele>
      </trkpt>
      <trkpt lat="45.83373743109405" lon="7.127087339758873">
        <ele>2007.59375</ele>
      </trkpt>
      <trkpt lat="45.833835247904062" lon="7.127082394436002">
        <ele>2008.9921875</ele>
      </trkpt>
      <trkpt lat="45.833933651447296" lon="7.127056326717138">
        <ele>2010.83984375</ele>
      </trkpt>
      <trkpt lat="45.833947816863656" lon="7.126963539049029">
        <ele>2012.13671875</ele>
      </trkpt>
      <trkpt lat="45.834014285355806" lon="7.126849880442023">
        <ele>2014.08203125</ele>
      </trkpt>
      <trkpt lat="45.834044544026256" lon="7.126730186864734">
        <ele>2015.66015625</ele>
      </trkpt>
      <trkpt lat="45.834129033610225" lon="7.126689534634352">
        <ele>2017.16796875</ele>
      </trkpt>
      <trkpt lat="45.834215451031923" lon="7.126708477735519">
        <ele>2018.27734375</ele>
      </trkpt>
      <trkpt lat="45.834314525127411" lon="7.126722140237689">
        <ele>2019.80859375</ele>
      </trkpt>
      <trkpt lat="45.834395745769143" lon="7.126787351444364">
        <ele>2021.27734375</ele>
      </trkpt>
      <trkpt lat="45.834470428526402" lon="7.126865973696113">
        <ele>2022.2265625</ele>
      </trkpt>
      <trkpt lat="45.834549721330404" lon="7.126954821869731">
        <ele>2023.3359375</ele>
      </trkpt>
      <trkpt lat="45.834617279469967" lon="7.126952055841684">
        <ele>2026.76171875</ele>
      </trkpt>
      <trkpt lat="45.834625829011202" lon="7.126807468011975">
        <ele>2028.66015625</ele>
      </trkpt>
      <trkpt lat="45.834633456543088" lon="7.126669166609645">
        <ele>2030.02734375</ele>
      </trkpt>
      <trkpt lat="45.834676958620548" lon="7.126544192433357">
        <ele>2032.984375</ele>
      </trkpt>
      <trkpt lat="45.834676120430231" lon="7.126411171630025">
        <ele>2033.94140625</ele>
      </trkpt>
      <trkpt lat="45.834691794589162" lon="7.126273540779948">
        <ele>2035.9921875</ele>
      </trkpt>
      <trkpt lat="45.834690537303686" lon="7.126134065911174">
        <ele>2037.921875</ele>
      </trkpt>
      <trkpt lat="45.834702355787158" lon="7.125998781993985">
        <ele>2040.91015625</ele>
      </trkpt>
      <trkpt lat="45.83472347818315" lon="7.12586022913456">
        <ele>2044.66796875</ele>
      </trkpt>
      <trkpt lat="45.834771087393165" lon="7.125746570527554">
        <ele>2049.35546875</ele>
      </trkpt>
      <trkpt lat="45.834750467911363" lon="7.12560323998332">
        <ele>2050.890625</ele>
      </trkpt>
      <trkpt lat="45.834661955013871" lon="7.12550257332623">
        <ele>2047.83203125</ele>
      </trkpt>
      <trkpt lat="45.834611495956779" lon="7.125387070700526">
        <ele>2046.71875</ele>
      </trkpt>
      <trkpt lat="45.834575369954109" lon="7.125242650508881">
        <ele>2047.08203125</ele>
      </trkpt>
      <trkpt lat="45.83456807769835" lon="7.125103091821074">
        <ele>2048.71484375</ele>
      </trkpt>
      <trkpt lat="45.834561791270971" lon="7.12497727945447">
        <ele>2050.625</ele>
      </trkpt>
      <trkpt lat="45.834563132375479" lon="7.12483805604279">
        <ele>2053.1875</ele>
      </trkpt>
      <trkpt lat="45.834591379389167" lon="7.124696066603065">
        <ele>2057.671875</ele>
      </trkpt>
      <trkpt lat="45.83462624810636" lon="7.124555166810751">
        <ele>2062.5078125</ele>
      </trkpt>
      <trkpt lat="45.834640916436911" lon="7.124419631436467">
        <ele>2062.59375</ele>
      </trkpt>
      <trkpt lat="45.834652399644256" lon="7.12427563033998">
        <ele>2062.3046875</ele>
      </trkpt>
      <trkpt lat="45.834675952792168" lon="7.124152416363358">
        <ele>2060.45703125</ele>
      </trkpt>
      <trkpt lat="45.834758765995502" lon="7.124100532382727">
        <ele>2063.94140625</ele>
      </trkpt>
      <trkpt lat="45.834877537563443" lon="7.124090641736984">
        <ele>2070.1015625</ele>
      </trkpt>
      <trkpt lat="45.8349643740803" lon="7.124121068045497">
        <ele>2073.890625</ele>
      </trkpt>
      <trkpt lat="45.835045343264937" lon="7.124178316444159">
        <ele>2077.77734375</ele>
      </trkpt>
      <trkpt lat="45.835075518116355" lon="7.124301865696907">
        <ele>2080.30078125</ele>
      </trkpt>
      <trkpt lat="45.835040397942066" lon="7.124430863186717">
        <ele>2079.32421875</ele>
      </trkpt>
      <trkpt lat="45.835045259445906" lon="7.124576289206743">
        <ele>2078.88671875</ele>
      </trkpt>
      <trkpt lat="45.835077865049243" lon="7.124712998047471">
        <ele>2076.37890625</ele>
      </trkpt>
      <trkpt lat="45.835131844505668" lon="7.124793631955981">
        <ele>2075.875</ele>
      </trkpt>
      <trkpt lat="45.835212226957083" lon="7.124727163463831">
        <ele>2079.07421875</ele>
      </trkpt>
      <trkpt lat="45.835285233333707" lon="7.124634543433785">
        <ele>2082.42578125</ele>
      </trkpt>
      <trkpt lat="45.83535136654973" lon="7.124550892040133">
        <ele>2085.15234375</ele>
      </trkpt>
      <trkpt lat="45.835425294935703" lon="7.124456847086549">
        <ele>2086.91015625</ele>
      </trkpt>
      <trkpt lat="45.835513472557068" lon="7.124387947842479">
        <ele>2088.4765625</ele>
      </trkpt>
      <trkpt lat="45.835575750097632" lon="7.124282671138644">
        <ele>2089.76953125</ele>
      </trkpt>
      <trkpt lat="45.835641464218497" lon="7.124205389991403">
        <ele>2090.90234375</ele>
      </trkpt>
      <trkpt lat="45.835715644061565" lon="7.124129617586732">
        <ele>2092.93359375</ele>
      </trkpt>
      <trkpt lat="45.835786890238523" lon="7.124047726392746">
        <ele>2095.57421875</ele>
      </trkpt>
      <trkpt lat="45.835869954898953" lon="7.123954184353352">
        <ele>2098.78125</ele>
      </trkpt>
      <trkpt lat="45.835962491109967" lon="7.123872628435493">
        <ele>2102.34765625</ele>
      </trkpt>
      <trkpt lat="45.836045388132334" lon="7.123773554340005">
        <ele>2106.7109375</ele>
      </trkpt>
      <trkpt lat="45.836120238527656" lon="7.123652352020144">
        <ele>2108.6875</ele>
      </trkpt>
      <trkpt lat="45.836199028417468" lon="7.123600887134671">
        <ele>2110.5625</ele>
      </trkpt>
      <trkpt lat="45.836282931268215" lon="7.123505584895611">
        <ele>2112.48046875</ele>
      </trkpt>
      <trkpt lat="45.836359458044171" lon="7.123454958200455">
        <ele>2115.4140625</ele>
      </trkpt>
      <trkpt lat="45.836422238498926" lon="7.123361499980092">
        <ele>2116.69140625</ele>
      </trkpt>
      <trkpt lat="45.836503626778722" lon="7.123303916305304">
        <ele>2119.48046875</ele>
      </trkpt>
      <trkpt lat="45.836577722802758" lon="7.123247087001801">
        <ele>2122.3359375</ele>
      </trkpt>
      <trkpt lat="45.836640670895576" lon="7.123154634609818">
        <ele>2124.09375</ele>
      </trkpt>
      <trkpt lat="45.836709486320615" lon="7.123073497787118">
        <ele>2127.18359375</ele>
      </trkpt>
      <trkpt lat="45.836772853508592" lon="7.122989762574434">
        <ele>2129.9296875</ele>
      </trkpt>
      <trkpt lat="45.83683873526752" lon="7.122901836410165">
        <ele>2132.6171875</ele>
      </trkpt>
      <trkpt lat="45.836918950080872" lon="7.122802091762424">
        <ele>2135.453125</ele>
      </trkpt>
      <trkpt lat="45.837009977549314" lon="7.122757248580456">
        <ele>2139.50390625</ele>
      </trkpt>
      <trkpt lat="45.837063789367676" lon="7.1226323582232">
        <ele>2140.08984375</ele>
      </trkpt>
      <trkpt lat="45.837128916755319" lon="7.122528171166778">
        <ele>2141.08984375</ele>
      </trkpt>
      <trkpt lat="45.837216256186366" lon="7.122455667704344">
        <ele>2143.55859375</ele>
      </trkpt>
      <trkpt lat="45.83726872690022" lon="7.122352486476302">
        <ele>2143.96875</ele>
      </trkpt>
      <trkpt lat="45.837305271998048" lon="7.122228937223554">
        <ele>2143.97265625</ele>
      </trkpt>
      <trkpt lat="45.837318180128932" lon="7.122094575315714">
        <ele>2143.04296875</ele>
      </trkpt>
      <trkpt lat="45.837339889258146" lon="7.121965577825904">
        <ele>2142.34375</ele>
      </trkpt>
      <trkpt lat="45.837379787117243" lon="7.121846470981836">
        <ele>2142.4765625</ele>
      </trkpt>
      <trkpt lat="45.837432174012065" lon="7.121739434078336">
        <ele>2142.83984375</ele>
      </trkpt>
      <trkpt lat="45.837500067427754" lon="7.121649831533432">
        <ele>2143.63671875</ele>
      </trkpt>
      <trkpt lat="45.837576342746615" lon="7.121570957824588">
        <ele>2144.875</ele>
      </trkpt>
      <trkpt lat="45.837663263082504" lon="7.121469788253307">
        <ele>2145.88671875</ele>
      </trkpt>
      <trkpt lat="45.837751440703869" lon="7.121356632560492">
        <ele>2147.4453125</ele>
      </trkpt>
      <trkpt lat="45.83782528527081" lon="7.121246326714754">
        <ele>2148.94921875</ele>
      </trkpt>
      <trkpt lat="45.837892591953278" lon="7.121136859059334">
        <ele>2150.3046875</ele>
      </trkpt>
      <trkpt lat="45.837928969413042" lon="7.121008532121778">
        <ele>2150.37890625</ele>
      </trkpt>
      <trkpt lat="45.837972555309534" lon="7.12088355794549">
        <ele>2150.41796875</ele>
      </trkpt>
      <trkpt lat="45.838030725717545" lon="7.120769061148167">
        <ele>2150.421875</ele>
      </trkpt>
      <trkpt lat="45.838094679638743" lon="7.120671076700091">
        <ele>2150.875</ele>
      </trkpt>
      <trkpt lat="45.838165758177638" lon="7.120568985119462">
        <ele>2151.5625</ele>
      </trkpt>
      <trkpt lat="45.838246895000339" lon="7.120483154430985">
        <ele>2153.2890625</ele>
      </trkpt>
      <trkpt lat="45.838310765102506" lon="7.12036756798625">
        <ele>2153.16015625</ele>
      </trkpt>
      <trkpt lat="45.838362481445074" lon="7.120242342352867">
        <ele>2153.20703125</ele>
      </trkpt>
      <trkpt lat="45.838397182524204" lon="7.120096748694777">
        <ele>2151.8515625</ele>
      </trkpt>
      <trkpt lat="45.838433476164937" lon="7.119974875822663">
        <ele>2150.87890625</ele>
      </trkpt>
      <trkpt lat="45.838475720956922" lon="7.119853254407644">
        <ele>2150.33984375</ele>
      </trkpt>
      <trkpt lat="45.838515786454082" lon="7.119731968268752">
        <ele>2149.80078125</ele>
      </trkpt>
      <trkpt lat="45.838551158085465" lon="7.119610765948892">
        <ele>2149.15234375</ele>
      </trkpt>
      <trkpt lat="45.838597929105163" lon="7.119488473981619">
        <ele>2149.671875</ele>
      </trkpt>
      <trkpt lat="45.838635731488466" lon="7.119383281096816">
        <ele>2150.46875</ele>
      </trkpt>
      <trkpt lat="45.838672192767262" lon="7.119252942502499">
        <ele>2151.1796875</ele>
      </trkpt>
      <trkpt lat="45.838705636560917" lon="7.119112880900502">
        <ele>2152.65234375</ele>
      </trkpt>
      <trkpt lat="45.838726842775941" lon="7.118964688852429">
        <ele>2153.31640625</ele>
      </trkpt>
      <trkpt lat="45.838728435337543" lon="7.118821442127228">
        <ele>2152.90234375</ele>
      </trkpt>
      <trkpt lat="45.838731452822685" lon="7.118696551769972">
        <ele>2152.6171875</ele>
      </trkpt>
      <trkpt lat="45.838763723149896" lon="7.118552969768643">
        <ele>2153.578125</ele>
      </trkpt>
      <trkpt lat="45.838805716484785" lon="7.118411064147949">
        <ele>2154.76171875</ele>
      </trkpt>
      <trkpt lat="45.83885483443737" lon="7.118290867656469">
        <ele>2156.22265625</ele>
      </trkpt>
      <trkpt lat="45.838923985138535" lon="7.118195984512568">
        <ele>2158.890625</ele>
      </trkpt>
      <trkpt lat="45.83897746168077" lon="7.118084756657481">
        <ele>2160.4296875</ele>
      </trkpt>
      <trkpt lat="45.839036386460066" lon="7.117969756945968">
        <ele>2161.85546875</ele>
      </trkpt>
      <trkpt lat="45.839100172743201" lon="7.117856349796057">
        <ele>2163.26171875</ele>
      </trkpt>
      <trkpt lat="45.839150045067072" lon="7.117743361741304">
        <ele>2163.7890625</ele>
      </trkpt>
      <trkpt lat="45.839194469153881" lon="7.117611179128289">
        <ele>2163.8046875</ele>
      </trkpt>
      <trkpt lat="45.839225985109806" lon="7.117493497207761">
        <ele>2164.390625</ele>
      </trkpt>
      <trkpt lat="45.839254148304462" lon="7.117355279624462">
        <ele>2164.640625</ele>
      </trkpt>
      <trkpt lat="45.839283736422658" lon="7.117228293791413">
        <ele>2165.2890625</ele>
      </trkpt>
      <trkpt lat="45.839310977607965" lon="7.117092171683908">
        <ele>2166.015625</ele>
      </trkpt>
      <trkpt lat="45.839366130530834" lon="7.116973735392094">
        <ele>2167.87109375</ele>
      </trkpt>
      <trkpt lat="45.839434694498777" lon="7.116865776479244">
        <ele>2170.3046875</ele>
      </trkpt>
      <trkpt lat="45.839495463296771" lon="7.116751195862889">
        <ele>2172.37109375</ele>
      </trkpt>
      <trkpt lat="45.839527146890759" lon="7.116617588326335">
        <ele>2173.01953125</ele>
      </trkpt>
      <trkpt lat="45.839544665068388" lon="7.116486830636859">
        <ele>2173.05859375</ele>
      </trkpt>
      <trkpt lat="45.839561345055699" lon="7.116356324404478">
        <ele>2174.66015625</ele>
      </trkpt>
      <trkpt lat="45.839575845748186" lon="7.116229925304651">
        <ele>2176.20703125</ele>
      </trkpt>
      <trkpt lat="45.839581126347184" lon="7.11609355174005">
        <ele>2176.98046875</ele>
      </trkpt>
      <trkpt lat="45.839594956487417" lon="7.115956339985132">
        <ele>2178.10546875</ele>
      </trkpt>
      <trkpt lat="45.839624041691422" lon="7.11583161726594">
        <ele>2179.4375</ele>
      </trkpt>
      <trkpt lat="45.839654970914125" lon="7.115719467401505">
        <ele>2180.71875</ele>
      </trkpt>
      <trkpt lat="45.839682631194592" lon="7.115583177655935">
        <ele>2181.5625</ele>
      </trkpt>
      <trkpt lat="45.839697550982237" lon="7.115445379167795">
        <ele>2181.7109375</ele>
      </trkpt>
      <trkpt lat="45.839676009491086" lon="7.115307580679655">
        <ele>2181.31640625</ele>
      </trkpt>
      <trkpt lat="45.839655390009284" lon="7.115173386409879">
        <ele>2181.75</ele>
      </trkpt>
      <trkpt lat="45.839642817154527" lon="7.11503466591239">
        <ele>2182.87890625</ele>
      </trkpt>
      <trkpt lat="45.839634770527482" lon="7.114889994263649">
        <ele>2184.53125</ele>
      </trkpt>
      <trkpt lat="45.839627897366881" lon="7.114763176068664">
        <ele>2185.515625</ele>
      </trkpt>
      <trkpt lat="45.839616246521473" lon="7.114619677886367">
        <ele>2186.0546875</ele>
      </trkpt>
      <trkpt lat="45.839613480493426" lon="7.114481125026941">
        <ele>2186.96484375</ele>
      </trkpt>
      <trkpt lat="45.839614989235997" lon="7.114342739805579">
        <ele>2188.09375</ele>
      </trkpt>
      <trkpt lat="45.839630831032991" lon="7.114200247451663">
        <ele>2189.515625</ele>
      </trkpt>
      <trkpt lat="45.839654467999935" lon="7.114072171971202">
        <ele>2190.9921875</ele>
      </trkpt>
      <trkpt lat="45.839677853509784" lon="7.113932026550174">
        <ele>2192.26171875</ele>
      </trkpt>
      <trkpt lat="45.839697048068047" lon="7.113804537802935">
        <ele>2193.0234375</ele>
      </trkpt>
      <trkpt lat="45.839708028361201" lon="7.113664476200938">
        <ele>2193.765625</ele>
      </trkpt>
      <trkpt lat="45.839713392779231" lon="7.113537574186921">
        <ele>2194.65234375</ele>
      </trkpt>
      <trkpt lat="45.839725881814957" lon="7.113397596403956">
        <ele>2195.76953125</ele>
      </trkpt>
      <trkpt lat="45.839735185727477" lon="7.113257953897119">
        <ele>2196.609375</ele>
      </trkpt>
      <trkpt lat="45.839744573459029" lon="7.113113198429346">
        <ele>2197.5390625</ele>
      </trkpt>
      <trkpt lat="45.839758738875389" lon="7.112972633913159">
        <ele>2198.70703125</ele>
      </trkpt>
      <trkpt lat="45.839770222082734" lon="7.112832237035036">
        <ele>2199.73828125</ele>
      </trkpt>
      <trkpt lat="45.839772569015622" lon="7.112705837935209">
        <ele>2200.39453125</ele>
      </trkpt>
      <trkpt lat="45.839773239567876" lon="7.112573068588972">
        <ele>2201.29296875</ele>
      </trkpt>
      <trkpt lat="45.839756475761533" lon="7.112434851005673">
        <ele>2202.4765625</ele>
      </trkpt>
      <trkpt lat="45.839730827137828" lon="7.11229981854558">
        <ele>2203.55859375</ele>
      </trkpt>
      <trkpt lat="45.839692186564207" lon="7.112172245979309">
        <ele>2204.7890625</ele>
      </trkpt>
      <trkpt lat="45.839648265391588" lon="7.112052384763956">
        <ele>2206.171875</ele>
      </trkpt>
      <trkpt lat="45.83959998562932" lon="7.111944342032075">
        <ele>2207.07421875</ele>
      </trkpt>
      <trkpt lat="45.839589843526483" lon="7.111807465553284">
        <ele>2208.91796875</ele>
      </trkpt>
      <trkpt lat="45.839592525735497" lon="7.111655250191689">
        <ele>2212.421875</ele>
      </trkpt>
      <trkpt lat="45.839645331725478" lon="7.11165483109653">
        <ele>2213.21484375</ele>
      </trkpt>
      <trkpt lat="45.839650025591254" lon="7.111770417541265">
        <ele>2210.609375</ele>
      </trkpt>
      <trkpt lat="45.839724289253354" lon="7.11185809224844">
        <ele>2210.45703125</ele>
      </trkpt>
      <trkpt lat="45.839821686968207" lon="7.111896649003029">
        <ele>2211.4296875</ele>
      </trkpt>
      <trkpt lat="45.839809868484735" lon="7.111796652898192">
        <ele>2212.98828125</ele>
      </trkpt>
      <trkpt lat="45.839761085808277" lon="7.111678384244442">
        <ele>2214.453125</ele>
      </trkpt>
      <trkpt lat="45.839720517396927" lon="7.11155517026782">
        <ele>2216.453125</ele>
      </trkpt>
      <trkpt lat="45.839678691700101" lon="7.111440757289529">
        <ele>2218.72265625</ele>
      </trkpt>
      <trkpt lat="45.839634519070387" lon="7.111321985721588">
        <ele>2221.53515625</ele>
      </trkpt>
      <trkpt lat="45.839627226814628" lon="7.111193994060159">
        <ele>2224.703125</ele>
      </trkpt>
      <trkpt lat="45.839581042528152" lon="7.111088298261166">
        <ele>2226.44140625</ele>
      </trkpt>
      <trkpt lat="45.839495128020644" lon="7.111140098422766">
        <ele>2225.6796875</ele>
      </trkpt>
      <trkpt lat="45.839420361444354" lon="7.111217463389039">
        <ele>2224.625</ele>
      </trkpt>
      <trkpt lat="45.83938105031848" lon="7.111179828643799">
        <ele>2225.34765625</ele>
      </trkpt>
      <trkpt lat="45.839401837438345" lon="7.111043371260166">
        <ele>2227.4453125</ele>
      </trkpt>
      <trkpt lat="45.839424636214972" lon="7.110907416790724">
        <ele>2229.47265625</ele>
      </trkpt>
      <trkpt lat="45.839442322030663" lon="7.110772049054503">
        <ele>2231.20703125</ele>
      </trkpt>
      <trkpt lat="45.839474759995937" lon="7.110630227252841">
        <ele>2233.328125</ele>
      </trkpt>
      <trkpt lat="45.839501498267055" lon="7.110541546717286">
        <ele>2235.01953125</ele>
      </trkpt>
      <trkpt lat="45.839529996737838" lon="7.110421685501933">
        <ele>2237.28125</ele>
      </trkpt>
      <trkpt lat="45.839563775807619" lon="7.110294532030821">
        <ele>2239.3515625</ele>
      </trkpt>
      <trkpt lat="45.839614570140839" lon="7.110176850110292">
        <ele>2241.83203125</ele>
      </trkpt>
      <trkpt lat="45.839639632031322" lon="7.110025221481919">
        <ele>2244.73828125</ele>
      </trkpt>
      <trkpt lat="45.839668130502105" lon="7.10990066640079">
        <ele>2247.3046875</ele>
      </trkpt>
      <trkpt lat="45.839678859338164" lon="7.109775021672249">
        <ele>2249.80859375</ele>
      </trkpt>
      <trkpt lat="45.83971138112247" lon="7.109653064981103">
        <ele>2252.96875</ele>
      </trkpt>
      <trkpt lat="45.839749686419964" lon="7.109520547091961">
        <ele>2256.57421875</ele>
      </trkpt>
      <trkpt lat="45.839769970625639" lon="7.109374953433871">
        <ele>2259.8828125</ele>
      </trkpt>
      <trkpt lat="45.839780950918794" lon="7.109233383089304">
        <ele>2262.36328125</ele>
      </trkpt>
      <trkpt lat="45.839814897626638" lon="7.109107654541731">
        <ele>2264.2109375</ele>
      </trkpt>
      <trkpt lat="45.83986284211278" lon="7.10899768397212">
        <ele>2266.4453125</ele>
      </trkpt>
      <trkpt lat="45.839959317818284" lon="7.108944961801171">
        <ele>2269.578125</ele>
      </trkpt>
      <trkpt lat="45.840058643370867" lon="7.108969436958432">
        <ele>2272.3671875</ele>
      </trkpt>
      <trkpt lat="45.840090326964855" lon="7.108942698687315">
        <ele>2273.5703125</ele>
      </trkpt>
      <trkpt lat="45.840091835707426" lon="7.108891652897">
        <ele>2274.125</ele>
      </trkpt>
      <trkpt lat="45.840045986697078" lon="7.108773551881313">
        <ele>2273.703125</ele>
      </trkpt>
      <trkpt lat="45.840041963383555" lon="7.108752764761448">
        <ele>2273.7421875</ele>
      </trkpt>
      <trkpt lat="45.840063337236643" lon="7.108636759221554">
        <ele>2275.07421875</ele>
      </trkpt>
      <trkpt lat="45.840048752725124" lon="7.108487226068974">
        <ele>2275.08984375</ele>
      </trkpt>
      <trkpt lat="45.840095272287726" lon="7.108356216922402">
        <ele>2277.5625</ele>
      </trkpt>
      <trkpt lat="45.840091416612267" lon="7.10820852778852">
        <ele>2278.48828125</ele>
      </trkpt>
      <trkpt lat="45.840057637542486" lon="7.108077518641949">
        <ele>2278.79296875</ele>
      </trkpt>
      <trkpt lat="45.840019499883056" lon="7.107952795922756">
        <ele>2279</ele>
      </trkpt>
      <trkpt lat="45.839990330860019" lon="7.10783863440156">
        <ele>2279.3125</ele>
      </trkpt>
      <trkpt lat="45.839944733306766" lon="7.107724640518427">
        <ele>2278.84765625</ele>
      </trkpt>
      <trkpt lat="45.839897375553846" lon="7.107622968032956">
        <ele>2278.03125</ele>
      </trkpt>
      <trkpt lat="45.839853035286069" lon="7.107502855360508">
        <ele>2277.02734375</ele>
      </trkpt>
      <trkpt lat="45.839866697788239" lon="7.107363631948829">
        <ele>2278.67578125</ele>
      </trkpt>
      <trkpt lat="45.839851694181561" lon="7.107232958078384">
        <ele>2278.18359375</ele>
      </trkpt>
      <trkpt lat="45.839856220409274" lon="7.107096835970879">
        <ele>2278.4140625</ele>
      </trkpt>
      <trkpt lat="45.839840965345502" lon="7.106967335566878">
        <ele>2278.32421875</ele>
      </trkpt>
      <trkpt lat="45.839830152690411" lon="7.106829034164548">
        <ele>2278.76953125</ele>
      </trkpt>
      <trkpt lat="45.839834343641996" lon="7.106687631458044">
        <ele>2279.98828125</ele>
      </trkpt>
      <trkpt lat="45.839832164347172" lon="7.106545977294445">
        <ele>2280.8984375</ele>
      </trkpt>
      <trkpt lat="45.839830320328474" lon="7.106404323130846">
        <ele>2281.84765625</ele>
      </trkpt>
      <trkpt lat="45.839836271479726" lon="7.106272224336863">
        <ele>2283.11328125</ele>
      </trkpt>
      <trkpt lat="45.839819423854351" lon="7.106153033673763">
        <ele>2282.7734375</ele>
      </trkpt>
      <trkpt lat="45.839799726381898" lon="7.10602093487978">
        <ele>2282.25390625</ele>
      </trkpt>
      <trkpt lat="45.839788746088743" lon="7.105893529951572">
        <ele>2282.6015625</ele>
      </trkpt>
      <trkpt lat="45.839856639504433" lon="7.105804346501827">
        <ele>2285.34765625</ele>
      </trkpt>
      <trkpt lat="45.839900644496083" lon="7.105674594640732">
        <ele>2287.5</ele>
      </trkpt>
      <trkpt lat="45.839817496016622" lon="7.10557484999299">
        <ele>2287.06640625</ele>
      </trkpt>
      <trkpt lat="45.839752368628979" lon="7.105485666543245">
        <ele>2287.265625</ele>
      </trkpt>
      <trkpt lat="45.839748596772552" lon="7.105349292978644">
        <ele>2289.8515625</ele>
      </trkpt>
      <trkpt lat="45.839777095243335" lon="7.105217697098851">
        <ele>2293.41796875</ele>
      </trkpt>
      <trkpt lat="45.839807773008943" lon="7.105089873075485">
        <ele>2296.56640625</ele>
      </trkpt>
      <trkpt lat="45.839817244559526" lon="7.104962384328246">
        <ele>2298.16015625</ele>
      </trkpt>
      <trkpt lat="45.839811377227306" lon="7.104839757084846">
        <ele>2299.44921875</ele>
      </trkpt>
      <trkpt lat="45.839814143255353" lon="7.10470799356699">
        <ele>2300.44921875</ele>
      </trkpt>
      <trkpt lat="45.839810958132148" lon="7.104573464021087">
        <ele>2301.37109375</ele>
      </trkpt>
      <trkpt lat="45.839816993102431" lon="7.10443876683712">
        <ele>2302.81640625</ele>
      </trkpt>
      <trkpt lat="45.839802827686071" lon="7.104302477091551">
        <ele>2303.984375</ele>
      </trkpt>
      <trkpt lat="45.839837277308106" lon="7.104175072163343">
        <ele>2307.12890625</ele>
      </trkpt>
      <trkpt lat="45.839872397482395" lon="7.104038782417774">
        <ele>2310.71875</ele>
      </trkpt>
      <trkpt lat="45.839916570112109" lon="7.103914394974709">
        <ele>2314.11328125</ele>
      </trkpt>
      <trkpt lat="45.839911038056016" lon="7.103778859600425">
        <ele>2316.8359375</ele>
      </trkpt>
      <trkpt lat="45.839901566505432" lon="7.103652460500598">
        <ele>2318.6328125</ele>
      </trkpt>
      <trkpt lat="45.839883293956518" lon="7.103513740003109">
        <ele>2319.9140625</ele>
      </trkpt>
      <trkpt lat="45.839897124096751" lon="7.103370325639844">
        <ele>2323.32421875</ele>
      </trkpt>
      <trkpt lat="45.839885054156184" lon="7.103233197703958">
        <ele>2327.22265625</ele>
      </trkpt>
      <trkpt lat="45.839844737201929" lon="7.10311652161181">
        <ele>2329.5078125</ele>
      </trkpt>
      <trkpt lat="45.839817160740495" lon="7.10299288854003">
        <ele>2332.20703125</ele>
      </trkpt>
      <trkpt lat="45.839789332821965" lon="7.102865567430854">
        <ele>2334.80859375</ele>
      </trkpt>
      <trkpt lat="45.839748764410615" lon="7.102753166109324">
        <ele>2336.16796875</ele>
      </trkpt>
      <trkpt lat="45.839728647843003" lon="7.102640848606825">
        <ele>2338.13671875</ele>
      </trkpt>
      <trkpt lat="45.839773826301098" lon="7.102536326274276">
        <ele>2342.08984375</ele>
      </trkpt>
      <trkpt lat="45.839772736653686" lon="7.102409340441227">
        <ele>2344.83984375</ele>
      </trkpt>
      <trkpt lat="45.839764187112451" lon="7.102274978533387">
        <ele>2347.62890625</ele>
      </trkpt>
      <trkpt lat="45.839794864878058" lon="7.102149585261941">
        <ele>2350.79296875</ele>
      </trkpt>
      <trkpt lat="45.839825626462698" lon="7.102002818137407">
        <ele>2354.1640625</ele>
      </trkpt>
      <trkpt lat="45.839744489639997" lon="7.101924195885658">
        <ele>2355.78125</ele>
      </trkpt>
      <trkpt lat="45.839662179350853" lon="7.101956633850932">
        <ele>2354.69140625</ele>
      </trkpt>
      <trkpt lat="45.839583724737167" lon="7.102010529488325">
        <ele>2352.7265625</ele>
      </trkpt>
      <trkpt lat="45.839501330628991" lon="7.102059479802847">
        <ele>2350.82421875</ele>
      </trkpt>
      <trkpt lat="45.839465875178576" lon="7.10193794220686">
        <ele>2354.80078125</ele>
      </trkpt>
      <trkpt lat="45.839386666193604" lon="7.101862588897347">
        <ele>2357.265625</ele>
      </trkpt>
      <trkpt lat="45.83934542723" lon="7.101747170090675">
        <ele>2361.27734375</ele>
      </trkpt>
      <trkpt lat="45.839432682842016" lon="7.101673325523734">
        <ele>2363.5859375</ele>
      </trkpt>
      <trkpt lat="45.839502839371562" lon="7.101579448208213">
        <ele>2366.25390625</ele>
      </trkpt>
      <trkpt lat="45.839561177417636" lon="7.101457994431257">
        <ele>2370.68359375</ele>
      </trkpt>
      <trkpt lat="45.839496469125152" lon="7.101411642506719">
        <ele>2373.65625</ele>
      </trkpt>
      <trkpt lat="45.839421283453703" lon="7.101343162357807">
        <ele>2377.89453125</ele>
      </trkpt>
      <trkpt lat="45.839367555454373" lon="7.101242076605558">
        <ele>2383.74609375</ele>
      </trkpt>
      <trkpt lat="45.839281976222992" lon="7.101163621991873">
        <ele>2388.5625</ele>
      </trkpt>
      <trkpt lat="45.839230678975582" lon="7.101063961163163">
        <ele>2394.1328125</ele>
      </trkpt>
      <trkpt lat="45.839146273210645" lon="7.101051053032279">
        <ele>2395.1328125</ele>
      </trkpt>
      <trkpt lat="45.839059520512819" lon="7.101076953113079">
        <ele>2394.046875</ele>
      </trkpt>
      <trkpt lat="45.838958853855729" lon="7.10106966085732">
        <ele>2393.67578125</ele>
      </trkpt>
      <trkpt lat="45.838946448639035" lon="7.100947787985206">
        <ele>2399.8515625</ele>
      </trkpt>
      <trkpt lat="45.838935216888785" lon="7.100812839344144">
        <ele>2403.1953125</ele>
      </trkpt>
      <trkpt lat="45.838917028158903" lon="7.100686524063349">
        <ele>2406.24609375</ele>
      </trkpt>
      <trkpt lat="45.838912418112159" lon="7.100548977032304">
        <ele>2411.34375</ele>
      </trkpt>
      <trkpt lat="45.838832957670093" lon="7.100485945120454">
        <ele>2413.0234375</ele>
      </trkpt>
      <trkpt lat="45.838781325146556" lon="7.100367089733481">
        <ele>2417.4609375</ele>
      </trkpt>
      <trkpt lat="45.838774284347892" lon="7.100243540480733">
        <ele>2422.3046875</ele>
      </trkpt>
      <trkpt lat="45.838757688179612" lon="7.100109597668052">
        <ele>2427.37109375</ele>
      </trkpt>
      <trkpt lat="45.838813427835703" lon="7.100046146661043">
        <ele>2429.44140625</ele>
      </trkpt>
      <trkpt lat="45.838798759505153" lon="7.09992385469377">
        <ele>2432.5</ele>
      </trkpt>
      <trkpt lat="45.838738074526191" lon="7.099822768941522">
        <ele>2434.71875</ele>
      </trkpt>
      <trkpt lat="45.838658362627029" lon="7.099768538028002">
        <ele>2436.08203125</ele>
      </trkpt>
      <trkpt lat="45.838585775345564" lon="7.099693436175585">
        <ele>2438.48828125</ele>
      </trkpt>
      <trkpt lat="45.838510673493147" lon="7.099623363465071">
        <ele>2440.8046875</ele>
      </trkpt>
      <trkpt lat="45.838438756763935" lon="7.099549770355225">
        <ele>2443.58203125</ele>
      </trkpt>
      <trkpt lat="45.838368432596326" lon="7.099461928009987">
        <ele>2446.8203125</ele>
      </trkpt>
      <trkpt lat="45.838294671848416" lon="7.099365787580609">
        <ele>2450.16796875</ele>
      </trkpt>
      <trkpt lat="45.838230466470122" lon="7.099281633272767">
        <ele>2452.875</ele>
      </trkpt>
      <trkpt lat="45.838146982714534" lon="7.099271072074771">
        <ele>2453.015625</ele>
      </trkpt>
      <trkpt lat="45.83808864466846" lon="7.099166130647063">
        <ele>2453.6640625</ele>
      </trkpt>
      <trkpt lat="45.83813508041203" lon="7.099044341593981">
        <ele>2455.140625</ele>
      </trkpt>
      <trkpt lat="45.838172463700175" lon="7.098921965807676">
        <ele>2456.48046875</ele>
      </trkpt>
      <trkpt lat="45.838248068466783" lon="7.09884149953723">
        <ele>2457.71875</ele>
      </trkpt>
      <trkpt lat="45.838338593021035" lon="7.098786095157266">
        <ele>2459.0625</ele>
      </trkpt>
      <trkpt lat="45.838405564427376" lon="7.098684590309858">
        <ele>2460.64453125</ele>
      </trkpt>
      <trkpt lat="45.838462393730879" lon="7.098584929481149">
        <ele>2462.06640625</ele>
      </trkpt>
      <trkpt lat="45.838535651564598" lon="7.098490549251437">
        <ele>2463.671875</ele>
      </trkpt>
      <trkpt lat="45.838618464767933" lon="7.098429780453444">
        <ele>2465.60546875</ele>
      </trkpt>
      <trkpt lat="45.838707480579615" lon="7.098361635580659">
        <ele>2468.359375</ele>
      </trkpt>
      <trkpt lat="45.838776547461748" lon="7.09826348349452">
        <ele>2472.0390625</ele>
      </trkpt>
      <trkpt lat="45.838837567716837" lon="7.098178574815392">
        <ele>2475.79296875</ele>
      </trkpt>
      <trkpt lat="45.838865898549557" lon="7.098056450486183">
        <ele>2478.7734375</ele>
      </trkpt>
      <trkpt lat="45.838885344564915" lon="7.097925022244453">
        <ele>2481.8828125</ele>
      </trkpt>
      <trkpt lat="45.838838657364249" lon="7.097804239019752">
        <ele>2482.6328125</ele>
      </trkpt>
      <trkpt lat="45.838799932971597" lon="7.097687730565667">
        <ele>2483.57421875</ele>
      </trkpt>
      <trkpt lat="45.838806470856071" lon="7.097544483840466">
        <ele>2487.04296875</ele>
      </trkpt>
      <trkpt lat="45.838876878842711" lon="7.097566276788712">
        <ele>2490.09375</ele>
      </trkpt>
      <trkpt lat="45.838828179985285" lon="7.097456390038133">
        <ele>2489.9140625</ele>
      </trkpt>
      <trkpt lat="45.838843351230025" lon="7.097349353134632">
        <ele>2492.81640625</ele>
      </trkpt>
      <trkpt lat="45.838850559666753" lon="7.097229575738311">
        <ele>2495.16015625</ele>
      </trkpt>
      <trkpt lat="45.838880818337202" lon="7.097107032313943">
        <ele>2498.51171875</ele>
      </trkpt>
      <trkpt lat="45.83895105868578" lon="7.097014160826802">
        <ele>2503.58984375</ele>
      </trkpt>
      <trkpt lat="45.839071338996291" lon="7.097002677619457">
        <ele>2508.63671875</ele>
      </trkpt>
      <trkpt lat="45.839152559638023" lon="7.097090519964695">
        <ele>2509.671875</ele>
      </trkpt>
      <trkpt lat="45.839247023686767" lon="7.097129747271538">
        <ele>2512.80859375</ele>
      </trkpt>
      <trkpt lat="45.839334363117814" lon="7.097137877717614">
        <ele>2515.82421875</ele>
      </trkpt>
      <trkpt lat="45.839429162442684" lon="7.097132261842489">
        <ele>2518.9375</ele>
      </trkpt>
      <trkpt lat="45.839500660076737" lon="7.097192276269197">
        <ele>2520.82421875</ele>
      </trkpt>
      <trkpt lat="45.839609289541841" lon="7.097204932942986">
        <ele>2524.04296875</ele>
      </trkpt>
      <trkpt lat="45.839701741933823" lon="7.097227396443486">
        <ele>2526.41796875</ele>
      </trkpt>
      <trkpt lat="45.839789249002934" lon="7.09721683524549">
        <ele>2528.85546875</ele>
      </trkpt>
      <trkpt lat="45.839876923710108" lon="7.097211387008429">
        <ele>2530.734375</ele>
      </trkpt>
      <trkpt lat="45.839951690286398" lon="7.097252458333969">
        <ele>2531.32421875</ele>
      </trkpt>
      <trkpt lat="45.840028552338481" lon="7.097292440012097">
        <ele>2532.015625</ele>
      </trkpt>
      <trkpt lat="45.840114466845989" lon="7.097333427518606">
        <ele>2532.8828125</ele>
      </trkpt>
      <trkpt lat="45.840209852904081" lon="7.09734046831727">
        <ele>2532.69921875</ele>
      </trkpt>
      <trkpt lat="45.840304233133793" lon="7.097386987879872">
        <ele>2532.34375</ele>
      </trkpt>
      <trkpt lat="45.840392662212253" lon="7.097455048933625">
        <ele>2532.3984375</ele>
      </trkpt>
      <trkpt lat="45.840459298342466" lon="7.097555547952652">
        <ele>2533.21875</ele>
      </trkpt>
      <trkpt lat="45.840546051040292" lon="7.097573485225439">
        <ele>2533.94921875</ele>
      </trkpt>
      <trkpt lat="45.840633390471339" lon="7.097525373101234">
        <ele>2534.6015625</ele>
      </trkpt>
      <trkpt lat="45.84070379845798" lon="7.097425125539303">
        <ele>2535.2578125</ele>
      </trkpt>
      <trkpt lat="45.840769931674004" lon="7.097324626520276">
        <ele>2536.390625</ele>
      </trkpt>
      <trkpt lat="45.840838244184852" lon="7.097217841073871">
        <ele>2538.2265625</ele>
      </trkpt>
      <trkpt lat="45.840874034911394" lon="7.097087753936648">
        <ele>2539.98046875</ele>
      </trkpt>
      <trkpt lat="45.840897671878338" lon="7.096954816952348">
        <ele>2543.6328125</ele>
      </trkpt>
      <trkpt lat="45.840913597494364" lon="7.096808049827814">
        <ele>2547.80078125</ele>
      </trkpt>
      <trkpt lat="45.840917956084013" lon="7.096673017367721">
        <ele>2551.00390625</ele>
      </trkpt>
      <trkpt lat="45.840919045731425" lon="7.096518957987428">
        <ele>2554.50390625</ele>
      </trkpt>
      <trkpt lat="45.840981742367148" lon="7.096457937732339">
        <ele>2555.0859375</ele>
      </trkpt>
      <trkpt lat="45.841002194210887" lon="7.096410999074578">
        <ele>2555.140625</ele>
      </trkpt>
      <trkpt lat="45.840988028794527" lon="7.096334220841527">
        <ele>2555.45703125</ele>
      </trkpt>
      <trkpt lat="45.840952740982175" lon="7.096218885853887">
        <ele>2556.08984375</ele>
      </trkpt>
      <trkpt lat="45.840886440128088" lon="7.096113357692957">
        <ele>2557.27734375</ele>
      </trkpt>
      <trkpt lat="45.840852074325085" lon="7.09598746150732">
        <ele>2558.65625</ele>
      </trkpt>
      <trkpt lat="45.84084352478385" lon="7.095845974981785">
        <ele>2559.45703125</ele>
      </trkpt>
      <trkpt lat="45.840802537277341" lon="7.095728795975447">
        <ele>2560.6171875</ele>
      </trkpt>
      <trkpt lat="45.840726932510734" lon="7.095646569505334">
        <ele>2562.1484375</ele>
      </trkpt>
      <trkpt lat="45.840679155662656" lon="7.095525031909347">
        <ele>2563.01171875</ele>
      </trkpt>
      <trkpt lat="45.840666498988867" lon="7.095381617546082">
        <ele>2563.05078125</ele>
      </trkpt>
      <trkpt lat="45.840617548674345" lon="7.095249183475971">
        <ele>2563.2265625</ele>
      </trkpt>
      <trkpt lat="45.840564491227269" lon="7.095135860145092">
        <ele>2563.41796875</ele>
      </trkpt>
      <trkpt lat="45.840486958622932" lon="7.095052041113377">
        <ele>2564.37109375</ele>
      </trkpt>
      <trkpt lat="45.840405989438295" lon="7.094970736652613">
        <ele>2565.61328125</ele>
      </trkpt>
      <trkpt lat="45.840286295861006" lon="7.094950284808874">
        <ele>2564.68359375</ele>
      </trkpt>
      <trkpt lat="45.84019074216485" lon="7.094913991168141">
        <ele>2564.32421875</ele>
      </trkpt>
      <trkpt lat="45.840101055800915" lon="7.094868393614888">
        <ele>2564.109375</ele>
      </trkpt>
      <trkpt lat="45.840005334466696" lon="7.094837464392185">
        <ele>2563.0078125</ele>
      </trkpt>
      <trkpt lat="45.839921096339822" lon="7.094900496304035">
        <ele>2560.1484375</ele>
      </trkpt>
      <trkpt lat="45.839818669483066" lon="7.09495397284627">
        <ele>2557.02734375</ele>
      </trkpt>
      <trkpt lat="45.83972655236721" lon="7.094988087192178">
        <ele>2554.484375</ele>
      </trkpt>
      <trkpt lat="45.839625131338835" lon="7.095040054991841">
        <ele>2551.51171875</ele>
      </trkpt>
      <trkpt lat="45.839545084163547" lon="7.095101829618216">
        <ele>2549.0859375</ele>
      </trkpt>
      <trkpt lat="45.839461348950863" lon="7.095184978097677">
        <ele>2547.36328125</ele>
      </trkpt>
      <trkpt lat="45.839362945407629" lon="7.0952701382339">
        <ele>2545.6875</ele>
      </trkpt>
      <trkpt lat="45.839256159961224" lon="7.095322022214532">
        <ele>2544.49609375</ele>
      </trkpt>
      <trkpt lat="45.839168317615986" lon="7.095265528187156">
        <ele>2544.9453125</ele>
      </trkpt>
      <trkpt lat="45.83906932733953" lon="7.095232252031565">
        <ele>2545.36328125</ele>
      </trkpt>
      <trkpt lat="45.838936977088451" lon="7.095238119363785">
        <ele>2545.36328125</ele>
      </trkpt>
      <trkpt lat="45.838834969326854" lon="7.095182798802853">
        <ele>2546.4765625</ele>
      </trkpt>
      <trkpt lat="45.838739080354571" lon="7.095198724418879">
        <ele>2546.328125</ele>
      </trkpt>
      <trkpt lat="45.838643861934543" lon="7.095216913148761">
        <ele>2546.83203125</ele>
      </trkpt>
      <trkpt lat="45.838551493361592" lon="7.095233593136072">
        <ele>2547.31640625</ele>
      </trkpt>
      <trkpt lat="45.838463148102164" lon="7.095181373879313">
        <ele>2549.45703125</ele>
      </trkpt>
      <trkpt lat="45.83835493773222" lon="7.095168046653271">
        <ele>2550.9609375</ele>
      </trkpt>
      <trkpt lat="45.838262233883142" lon="7.095150696113706">
        <ele>2552.3984375</ele>
      </trkpt>
      <trkpt lat="45.838172882795334" lon="7.095131082460284">
        <ele>2553.72265625</ele>
      </trkpt>
      <trkpt lat="45.838086633011699" lon="7.095062686130404">
        <ele>2556.546875</ele>
      </trkpt>
      <trkpt lat="45.838002562522888" lon="7.094986997544765">
        <ele>2559.8203125</ele>
      </trkpt>
      <trkpt lat="45.837932238355279" lon="7.09489387460053">
        <ele>2563.8359375</ele>
      </trkpt>
      <trkpt lat="45.837851269170642" lon="7.094831764698029">
        <ele>2566.20703125</ele>
      </trkpt>
      <trkpt lat="45.837795529514551" lon="7.09473604336381">
        <ele>2570.34375</ele>
      </trkpt>
      <trkpt lat="45.837711878120899" lon="7.09465155377984">
        <ele>2573.34765625</ele>
      </trkpt>
      <trkpt lat="45.83763275295496" lon="7.094555078074336">
        <ele>2576.36328125</ele>
      </trkpt>
      <trkpt lat="45.837582629173994" lon="7.094445442780852">
        <ele>2579.13671875</ele>
      </trkpt>
      <trkpt lat="45.837519932538271" lon="7.094345027580857">
        <ele>2581.65625</ele>
      </trkpt>
      <trkpt lat="45.837464695796371" lon="7.094247043132782">
        <ele>2584.26171875</ele>
      </trkpt>
      <trkpt lat="45.83738992922008" lon="7.094166073948145">
        <ele>2586.59765625</ele>
      </trkpt>
      <trkpt lat="45.837405435740948" lon="7.094015954062343">
        <ele>2591.0546875</ele>
      </trkpt>
      <trkpt lat="45.837436867877841" lon="7.093891985714436">
        <ele>2593.73046875</ele>
      </trkpt>
      <trkpt lat="45.837482884526253" lon="7.093768436461687">
        <ele>2596.69140625</ele>
      </trkpt>
      <trkpt lat="45.837534517049789" lon="7.093600211665034">
        <ele>2600.078125</ele>
      </trkpt>
      <trkpt lat="45.837597297504544" lon="7.093464424833655">
        <ele>2603.31640625</ele>
      </trkpt>
      <trkpt lat="45.837616324424744" lon="7.093304498121142">
        <ele>2605.96484375</ele>
      </trkpt>
      <trkpt lat="45.837597129866481" lon="7.093171896412969">
        <ele>2607.53515625</ele>
      </trkpt>
      <trkpt lat="45.837579276412725" lon="7.093055471777916">
        <ele>2610.50390625</ele>
      </trkpt>
      <trkpt lat="45.837554633617401" lon="7.092923372983932">
        <ele>2613.77734375</ele>
      </trkpt>
      <trkpt lat="45.837547341361642" lon="7.092784065753222">
        <ele>2618.296875</ele>
      </trkpt>
      <trkpt lat="45.837564272806048" lon="7.0926383882761">
        <ele>2623.5703125</ele>
      </trkpt>
      <trkpt lat="45.837581371888518" lon="7.092465050518513">
        <ele>2627.94140625</ele>
      </trkpt>
      <trkpt lat="45.837607188150287" lon="7.092279642820358">
        <ele>2633.22265625</ele>
      </trkpt>
      <trkpt lat="45.837545162066817" lon="7.092183334752917">
        <ele>2636.24609375</ele>
      </trkpt>
      <trkpt lat="45.837440136820078" lon="7.092160871252418">
        <ele>2636.30078125</ele>
      </trkpt>
      <trkpt lat="45.837440136820078" lon="7.091996418312192">
        <ele>2641.79296875</ele>
      </trkpt>
      <trkpt lat="45.837445333600044" lon="7.091858955100179">
        <ele>2645.96875</ele>
      </trkpt>
      <trkpt lat="45.837429240345955" lon="7.091718139126897">
        <ele>2649.56640625</ele>
      </trkpt>
      <trkpt lat="45.837403424084187" lon="7.091592662036419">
        <ele>2652.12890625</ele>
      </trkpt>
      <trkpt lat="45.837403926998377" lon="7.091482020914555">
        <ele>2654.81640625</ele>
      </trkpt>
      <trkpt lat="45.837380541488528" lon="7.091322680935264">
        <ele>2658.578125</ele>
      </trkpt>
      <trkpt lat="45.837377440184355" lon="7.091177590191364">
        <ele>2662.046875</ele>
      </trkpt>
      <trkpt lat="45.837365789338946" lon="7.091067535802722">
        <ele>2664.08984375</ele>
      </trkpt>
      <trkpt lat="45.837352043017745" lon="7.090935269370675">
        <ele>2666.3125</ele>
      </trkpt>
      <trkpt lat="45.837391521781683" lon="7.0908113848418">
        <ele>2668.7890625</ele>
      </trkpt>
      <trkpt lat="45.83739185705781" lon="7.090675095096231">
        <ele>2670.2578125</ele>
      </trkpt>
      <trkpt lat="45.837341649457812" lon="7.090553641319275">
        <ele>2669.72265625</ele>
      </trkpt>
      <trkpt lat="45.837308038026094" lon="7.090408131480217">
        <ele>2670.05859375</ele>
      </trkpt>
      <trkpt lat="45.837361849844456" lon="7.090298580005765">
        <ele>2674.046875</ele>
      </trkpt>
      <trkpt lat="45.83740065805614" lon="7.090175282210112">
        <ele>2678.6796875</ele>
      </trkpt>
      <trkpt lat="45.83740945905447" lon="7.090065479278564">
        <ele>2682.125</ele>
      </trkpt>
      <trkpt lat="45.837451871484518" lon="7.089951485395432">
        <ele>2687.2734375</ele>
      </trkpt>
      <trkpt lat="45.837479783222079" lon="7.089837742969394">
        <ele>2691.796875</ele>
      </trkpt>
      <trkpt lat="45.837460169568658" lon="7.089704722166061">
        <ele>2693.34765625</ele>
      </trkpt>
      <trkpt lat="45.837466288357973" lon="7.089597182348371">
        <ele>2695.546875</ele>
      </trkpt>
      <trkpt lat="45.83742412738502" lon="7.089472459629178">
        <ele>2697.2734375</ele>
      </trkpt>
      <trkpt lat="45.837418092414737" lon="7.089326530694962">
        <ele>2701.62109375</ele>
      </trkpt>
      <trkpt lat="45.837464863434434" lon="7.089217063039541">
        <ele>2706.87890625</ele>
      </trkpt>
      <trkpt lat="45.837428485974669" lon="7.089086892083287">
        <ele>2709.5625</ele>
      </trkpt>
      <trkpt lat="45.837364196777344" lon="7.088972143828869">
        <ele>2710.16015625</ele>
      </trkpt>
      <trkpt lat="45.837330250069499" lon="7.08884172141552">
        <ele>2710.79296875</ele>
      </trkpt>
      <trkpt lat="45.8373180963099" lon="7.088694451376796">
        <ele>2712.87890625</ele>
      </trkpt>
      <trkpt lat="45.837315078824759" lon="7.088553048670292">
        <ele>2716.140625</ele>
      </trkpt>
      <trkpt lat="45.837396718561649" lon="7.088587079197168">
        <ele>2719.1640625</ele>
      </trkpt>
      <trkpt lat="45.837459079921246" lon="7.088590767234564">
        <ele>2722.22265625</ele>
      </trkpt>
      <trkpt lat="45.837425133213401" lon="7.088467050343752">
        <ele>2723.8671875</ele>
      </trkpt>
      <trkpt lat="45.837449943646789" lon="7.088403096422553">
        <ele>2726.78125</ele>
      </trkpt>
      <trkpt lat="45.837530996650457" lon="7.088483143597841">
        <ele>2729.08203125</ele>
      </trkpt>
      <trkpt lat="45.837570894509554" lon="7.088433858007193">
        <ele>2732.6484375</ele>
      </trkpt>
      <trkpt lat="45.837567960843444" lon="7.088275356218219">
        <ele>2736.8125</ele>
      </trkpt>
      <trkpt lat="45.83758145570755" lon="7.088131019845605">
        <ele>2740.80859375</ele>
      </trkpt>
      <trkpt lat="45.837617665529251" lon="7.088017193600535">
        <ele>2744.23828125</ele>
      </trkpt>
      <trkpt lat="45.837655132636428" lon="7.088148202747107">
        <ele>2744.953125</ele>
      </trkpt>
      <trkpt lat="45.837674159556627" lon="7.088035382330418">
        <ele>2747.11328125</ele>
      </trkpt>
      <trkpt lat="45.837722858414054" lon="7.087925747036934">
        <ele>2750.6484375</ele>
      </trkpt>
      <trkpt lat="45.837789746001363" lon="7.087835893034935">
        <ele>2754.609375</ele>
      </trkpt>
      <trkpt lat="45.837772060185671" lon="7.087710499763489">
        <ele>2754.640625</ele>
      </trkpt>
      <trkpt lat="45.837744064629078" lon="7.087587034329772">
        <ele>2755.1015625</ele>
      </trkpt>
      <trkpt lat="45.837680529803038" lon="7.087471280246973">
        <ele>2755.95703125</ele>
      </trkpt>
      <trkpt lat="45.837631579488516" lon="7.08736902102828">
        <ele>2757.5078125</ele>
      </trkpt>
      <trkpt lat="45.837634596973658" lon="7.087210938334465">
        <ele>2762.109375</ele>
      </trkpt>
      <trkpt lat="45.837648427113891" lon="7.087067272514105">
        <ele>2766.43359375</ele>
      </trkpt>
      <trkpt lat="45.837641134858131" lon="7.086927881464362">
        <ele>2768.28515625</ele>
      </trkpt>
      <trkpt lat="45.837660999968648" lon="7.086794441565871">
        <ele>2770.47265625</ele>
      </trkpt>
      <trkpt lat="45.837667034938931" lon="7.086667288094759">
        <ele>2772</ele>
      </trkpt>
      <trkpt lat="45.837703747674823" lon="7.086544744670391">
        <ele>2774.0390625</ele>
      </trkpt>
      <trkpt lat="45.837767031043768" lon="7.086436785757542">
        <ele>2776.08984375</ele>
      </trkpt>
      <trkpt lat="45.837809946388006" lon="7.086331341415644">
        <ele>2777.62109375</ele>
      </trkpt>
      <trkpt lat="45.837846491485834" lon="7.086201757192612">
        <ele>2779.0546875</ele>
      </trkpt>
      <trkpt lat="45.837896363809705" lon="7.086067143827677">
        <ele>2780.44921875</ele>
      </trkpt>
      <trkpt lat="45.837928634136915" lon="7.085929764434695">
        <ele>2781.8671875</ele>
      </trkpt>
      <trkpt lat="45.837916396558285" lon="7.085796743631363">
        <ele>2783.0703125</ele>
      </trkpt>
      <trkpt lat="45.837874989956617" lon="7.085668668150902">
        <ele>2783.296875</ele>
      </trkpt>
      <trkpt lat="45.837847162038088" lon="7.085534641519189">
        <ele>2783.9453125</ele>
      </trkpt>
      <trkpt lat="45.837832661345601" lon="7.085389969870448">
        <ele>2784.9921875</ele>
      </trkpt>
      <trkpt lat="45.837850430980325" lon="7.085262145847082">
        <ele>2786.0546875</ele>
      </trkpt>
      <trkpt lat="45.837879180908203" lon="7.085122587159276">
        <ele>2787.37890625</ele>
      </trkpt>
      <trkpt lat="45.837913127616048" lon="7.084991661831737">
        <ele>2788.64453125</ele>
      </trkpt>
      <trkpt lat="45.837952522560954" lon="7.084872638806701">
        <ele>2789.63671875</ele>
      </trkpt>
      <trkpt lat="45.837999796494842" lon="7.084730062633753">
        <ele>2790.37109375</ele>
      </trkpt>
      <trkpt lat="45.838033827021718" lon="7.084602573886514">
        <ele>2790.859375</ele>
      </trkpt>
      <trkpt lat="45.838094344362617" lon="7.084472738206387">
        <ele>2791.48828125</ele>
      </trkpt>
      <trkpt lat="45.838148491457105" lon="7.084371568635106">
        <ele>2791.87890625</ele>
      </trkpt>
      <trkpt lat="45.838188640773296" lon="7.084248857572675">
        <ele>2792.09375</ele>
      </trkpt>
      <trkpt lat="45.838220994919538" lon="7.084109885618091">
        <ele>2792.65234375</ele>
      </trkpt>
      <trkpt lat="45.838264999911189" lon="7.083970159292221">
        <ele>2793.5390625</ele>
      </trkpt>
      <trkpt lat="45.838285451754928" lon="7.083837976679206">
        <ele>2794.09765625</ele>
      </trkpt>
      <trkpt lat="45.838309088721871" lon="7.083702441304922">
        <ele>2794.66796875</ele>
      </trkpt>
      <trkpt lat="45.838350327685475" lon="7.083573695272207">
        <ele>2795.3984375</ele>
      </trkpt>
      <trkpt lat="45.838374048471451" lon="7.083457019180059">
        <ele>2795.81640625</ele>
      </trkpt>
      <trkpt lat="45.838415287435055" lon="7.083333134651184">
        <ele>2796.41015625</ele>
      </trkpt>
      <trkpt lat="45.838451497256756" lon="7.083208160474896">
        <ele>2796.875</ele>
      </trkpt>
      <trkpt lat="45.838491730391979" lon="7.083097016438842">
        <ele>2796.71484375</ele>
      </trkpt>
      <trkpt lat="45.838520061224699" lon="7.082968940958381">
        <ele>2796.09765625</ele>
      </trkpt>
      <trkpt lat="45.838537160307169" lon="7.082825023680925">
        <ele>2795.1171875</ele>
      </trkpt>
      <trkpt lat="45.838586529716849" lon="7.082700133323669">
        <ele>2794.81640625</ele>
      </trkpt>
      <trkpt lat="45.838624835014343" lon="7.082555210217834">
        <ele>2794.703125</ele>
      </trkpt>
      <trkpt lat="45.838694237172604" lon="7.082445491105318">
        <ele>2795.55859375</ele>
      </trkpt>
      <trkpt lat="45.838782163336873" lon="7.082355385646224">
        <ele>2796.4921875</ele>
      </trkpt>
      <trkpt lat="45.838801274076104" lon="7.08221884444356">
        <ele>2797.27734375</ele>
      </trkpt>
      <trkpt lat="45.838783588260412" lon="7.082072999328375">
        <ele>2797.67578125</ele>
      </trkpt>
      <trkpt lat="45.838794484734535" lon="7.081939978525043">
        <ele>2799.3671875</ele>
      </trkpt>
      <trkpt lat="45.838777553290129" lon="7.081808047369123">
        <ele>2800.5859375</ele>
      </trkpt>
      <trkpt lat="45.83876246586442" lon="7.081684833392501">
        <ele>2801.69140625</ele>
      </trkpt>
      <trkpt lat="45.838745450600982" lon="7.081558434292674">
        <ele>2802.73828125</ele>
      </trkpt>
      <trkpt lat="45.838701445609331" lon="7.081434298306704">
        <ele>2803.3046875</ele>
      </trkpt>
      <trkpt lat="45.838655428960919" lon="7.081320136785507">
        <ele>2803.7890625</ele>
      </trkpt>
      <trkpt lat="45.838593989610672" lon="7.081212932243943">
        <ele>2804.29296875</ele>
      </trkpt>
      <trkpt lat="45.838534394279122" lon="7.081096172332764">
        <ele>2806.57421875</ele>
      </trkpt>
      <trkpt lat="45.838473290205002" lon="7.08099726587534">
        <ele>2808.2421875</ele>
      </trkpt>
      <trkpt lat="45.838409084826708" lon="7.080900119617581">
        <ele>2810.0859375</ele>
      </trkpt>
      <trkpt lat="45.838336497545242" lon="7.080803727731109">
        <ele>2812.02734375</ele>
      </trkpt>
      <trkpt lat="45.838276231661439" lon="7.080693421885371">
        <ele>2815.05078125</ele>
      </trkpt>
      <trkpt lat="45.838197777047753" lon="7.080631731078029">
        <ele>2815.14453125</ele>
      </trkpt>
      <trkpt lat="45.838115550577641" lon="7.080572973936796">
        <ele>2815.45703125</ele>
      </trkpt>
      <trkpt lat="45.838042041286826" lon="7.080481443554163">
        <ele>2817.09765625</ele>
      </trkpt>
      <trkpt lat="45.837961072102189" lon="7.080418327823281">
        <ele>2817.6875</ele>
      </trkpt>
      <trkpt lat="45.837890328839421" lon="7.080327635630965">
        <ele>2820.8203125</ele>
      </trkpt>
      <trkpt lat="45.837833499535918" lon="7.080211965367198">
        <ele>2825.796875</ele>
      </trkpt>
      <trkpt lat="45.837772144004703" lon="7.080115992575884">
        <ele>2829.8515625</ele>
      </trkpt>
      <trkpt lat="45.837696539238095" lon="7.080068048089743">
        <ele>2831.32421875</ele>
      </trkpt>
      <trkpt lat="45.837604589760303" lon="7.080039465799928">
        <ele>2831.8671875</ele>
      </trkpt>
      <trkpt lat="45.837533427402377" lon="7.079954138025641">
        <ele>2836.41015625</ele>
      </trkpt>
      <trkpt lat="45.837452625855803" lon="7.07988909445703">
        <ele>2839.96484375</ele>
      </trkpt>
      <trkpt lat="45.837360341101885" lon="7.079837629571557">
        <ele>2842.5546875</ele>
      </trkpt>
      <trkpt lat="45.837250621989369" lon="7.079771580174565">
        <ele>2845.18359375</ele>
      </trkpt>
      <trkpt lat="45.837160348892212" lon="7.079702597111464">
        <ele>2847.73046875</ele>
      </trkpt>
      <trkpt lat="45.83706445991993" lon="7.079685078933835">
        <ele>2848.49609375</ele>
      </trkpt>
      <trkpt lat="45.836992375552654" lon="7.079603439196944">
        <ele>2851.6640625</ele>
      </trkpt>
      <trkpt lat="45.836931439116597" lon="7.07949916832149">
        <ele>2855.890625</ele>
      </trkpt>
      <trkpt lat="45.836831023916602" lon="7.079447954893112">
        <ele>2858.38671875</ele>
      </trkpt>
      <trkpt lat="45.836748462170362" lon="7.079399675130844">
        <ele>2860.8828125</ele>
      </trkpt>
      <trkpt lat="45.836664559319615" lon="7.079349299892783">
        <ele>2863.6328125</ele>
      </trkpt>
      <trkpt lat="45.836581159383059" lon="7.079258691519499">
        <ele>2869.05078125</ele>
      </trkpt>
      <trkpt lat="45.836494825780392" lon="7.079139584675431">
        <ele>2879.390625</ele>
      </trkpt>
      <trkpt lat="45.836488455533981" lon="7.079085521399975">
        <ele>2883.63671875</ele>
      </trkpt>
      <trkpt lat="45.836523491889238" lon="7.079003965482116">
        <ele>2888.33203125</ele>
      </trkpt>
      <trkpt lat="45.836531454697251" lon="7.078852588310838">
        <ele>2901.7578125</ele>
      </trkpt>
      <trkpt lat="45.836518798023462" lon="7.078705821186304">
        <ele>2913.66796875</ele>
      </trkpt>
      <trkpt lat="45.836645951494575" lon="7.078596940264106">
        <ele>2916.046875</ele>
      </trkpt>
      <trkpt lat="45.836747121065855" lon="7.078462326899171">
        <ele>2920.8359375</ele>
      </trkpt>
      <trkpt lat="45.836832281202078" lon="7.07834648899734">
        <ele>2920.546875</ele>
      </trkpt>
      <trkpt lat="45.836826162412763" lon="7.078232830390334">
        <ele>2920.7890625</ele>
      </trkpt>
      <trkpt lat="45.836835717782378" lon="7.078078184276819">
        <ele>2918.40234375</ele>
      </trkpt>
      <trkpt lat="45.836856253445148" lon="7.077951030805707">
        <ele>2916.12109375</ele>
      </trkpt>
      <trkpt lat="45.836876621469855" lon="7.077824044972658">
        <ele>2914.1796875</ele>
      </trkpt>
      <trkpt lat="45.836888775229454" lon="7.07770686596632">
        <ele>2912.15234375</ele>
      </trkpt>
      <trkpt lat="45.836932444944978" lon="7.077577030286193">
        <ele>2910.984375</ele>
      </trkpt>
      <trkpt lat="45.836955159902573" lon="7.077451637014747">
        <ele>2907.7734375</ele>
      </trkpt>
      <trkpt lat="45.836997656151652" lon="7.077326662838459">
        <ele>2906.09765625</ele>
      </trkpt>
      <trkpt lat="45.836981143802404" lon="7.077193642035127">
        <ele>2902.10546875</ele>
      </trkpt>
      <trkpt lat="45.837003523483872" lon="7.077065734192729">
        <ele>2900.78515625</ele>
      </trkpt>
      <trkpt lat="45.836986424401402" lon="7.076922571286559">
        <ele>2899.38671875</ele>
      </trkpt>
      <trkpt lat="45.836950885131955" lon="7.076786532998085">
        <ele>2897.00390625</ele>
      </trkpt>
      <trkpt lat="45.836919033899903" lon="7.076654098927975">
        <ele>2894.95703125</ele>
      </trkpt>
      <trkpt lat="45.836873017251492" lon="7.076538177207112">
        <ele>2892.2734375</ele>
      </trkpt>
      <trkpt lat="45.836841417476535" lon="7.076393589377403">
        <ele>2890.08984375</ele>
      </trkpt>
      <trkpt lat="45.836814595386386" lon="7.076272554695606">
        <ele>2888.203125</ele>
      </trkpt>
      <trkpt lat="45.836784336715937" lon="7.076150933280587">
        <ele>2886.19140625</ele>
      </trkpt>
      <trkpt lat="45.836747959256172" lon="7.076031994074583">
        <ele>2883.94140625</ele>
      </trkpt>
      <trkpt lat="45.836709151044488" lon="7.075919425114989">
        <ele>2881.5390625</ele>
      </trkpt>
      <trkpt lat="45.836646119132638" lon="7.075818926095963">
        <ele>2878</ele>
      </trkpt>
      <trkpt lat="45.836592894047499" lon="7.07569763995707">
        <ele>2874.87890625</ele>
      </trkpt>
      <trkpt lat="45.836568251252174" lon="7.075556237250566">
        <ele>2873.00390625</ele>
      </trkpt>
      <trkpt lat="45.836530365049839" lon="7.075435118749738">
        <ele>2870.046875</ele>
      </trkpt>
      <trkpt lat="45.836488623172045" lon="7.07530913874507">
        <ele>2867.38671875</ele>
      </trkpt>
      <trkpt lat="45.836429698392749" lon="7.075209645554423">
        <ele>2864.2890625</ele>
      </trkpt>
      <trkpt lat="45.836364487186074" lon="7.075117779895663">
        <ele>2860.8125</ele>
      </trkpt>
      <trkpt lat="45.83634227514267" lon="7.074981238692999">
        <ele>2859.14453125</ele>
      </trkpt>
      <trkpt lat="45.836310675367713" lon="7.074853330850601">
        <ele>2856.859375</ele>
      </trkpt>
      <trkpt lat="45.83626021631062" lon="7.074752664193511">
        <ele>2853.45703125</ele>
      </trkpt>
      <trkpt lat="45.836233897134662" lon="7.074593659490347">
        <ele>2850.91015625</ele>
      </trkpt>
      <trkpt lat="45.836198190227151" lon="7.074476648122072">
        <ele>2848.80078125</ele>
      </trkpt>
      <trkpt lat="45.836190395057201" lon="7.074345387518406">
        <ele>2847.64453125</ele>
      </trkpt>
      <trkpt lat="45.836158376187086" lon="7.074219826608896">
        <ele>2845.265625</ele>
      </trkpt>
      <trkpt lat="45.836126776412129" lon="7.074102479964495">
        <ele>2842.93359375</ele>
      </trkpt>
      <trkpt lat="45.836071036756039" lon="7.073985887691379">
        <ele>2839.23828125</ele>
      </trkpt>
      <trkpt lat="45.83603641949594" lon="7.073873486369848">
        <ele>2836.9296875</ele>
      </trkpt>
      <trkpt lat="45.836030468344688" lon="7.073738621547818">
        <ele>2836.1875</ele>
      </trkpt>
      <trkpt lat="45.836021918803453" lon="7.073592273518443">
        <ele>2834.72265625</ele>
      </trkpt>
      <trkpt lat="45.835988391190767" lon="7.073474088683724">
        <ele>2831.79296875</ele>
      </trkpt>
      <trkpt lat="45.835951762273908" lon="7.073349449783564">
        <ele>2827.73828125</ele>
      </trkpt>
      <trkpt lat="45.835931729525328" lon="7.073219446465373">
        <ele>2824.7109375</ele>
      </trkpt>
      <trkpt lat="45.835942793637514" lon="7.07307712174952">
        <ele>2823.703125</ele>
      </trkpt>
      <trkpt lat="45.835949582979083" lon="7.072926331311464">
        <ele>2822.46484375</ele>
      </trkpt>
      <trkpt lat="45.835927622392774" lon="7.072805464267731">
        <ele>2819.5546875</ele>
      </trkpt>
      <trkpt lat="45.835904572159052" lon="7.072668336331844">
        <ele>2816.3828125</ele>
      </trkpt>
      <trkpt lat="45.835866937413812" lon="7.07255233079195">
        <ele>2813.19921875</ele>
      </trkpt>
      <trkpt lat="45.835809269919991" lon="7.072440348565578">
        <ele>2808.9921875</ele>
      </trkpt>
      <trkpt lat="45.835745232179761" lon="7.072369772940874">
        <ele>2804.6640625</ele>
      </trkpt>
      <trkpt lat="45.835704999044538" lon="7.072212025523186">
        <ele>2801.73828125</ele>
      </trkpt>
      <trkpt lat="45.835666945204139" lon="7.072117980569601">
        <ele>2799.41015625</ele>
      </trkpt>
      <trkpt lat="45.835627969354391" lon="7.071973895654082">
        <ele>2797.6640625</ele>
      </trkpt>
      <trkpt lat="45.835588658228517" lon="7.071858895942569">
        <ele>2796.16015625</ele>
      </trkpt>
      <trkpt lat="45.83554532378912" lon="7.071726629510522">
        <ele>2795.05859375</ele>
      </trkpt>
      <trkpt lat="45.835487572476268" lon="7.07161758095026">
        <ele>2793.5546875</ele>
      </trkpt>
      <trkpt lat="45.835372069850564" lon="7.071585645899177">
        <ele>2789.45703125</ele>
      </trkpt>
      <trkpt lat="45.835270816460252" lon="7.071551028639078">
        <ele>2786.421875</ele>
      </trkpt>
      <trkpt lat="45.835172077640891" lon="7.071514064446092">
        <ele>2783.53125</ele>
      </trkpt>
      <trkpt lat="45.83507283590734" lon="7.071503335610032">
        <ele>2779.8203125</ele>
      </trkpt>
      <trkpt lat="45.835080966353416" lon="7.071577347815037">
        <ele>2779.62890625</ele>
      </trkpt>
      <trkpt lat="45.834974683821201" lon="7.071543233469129">
        <ele>2775.2890625</ele>
      </trkpt>
      <trkpt lat="45.834888769313693" lon="7.071495624259114">
        <ele>2771.94921875</ele>
      </trkpt>
      <trkpt lat="45.8348089735955" lon="7.07142798230052">
        <ele>2769.578125</ele>
      </trkpt>
      <trkpt lat="45.834731440991163" lon="7.071346091106534">
        <ele>2767.5</ele>
      </trkpt>
      <trkpt lat="45.834667654708028" lon="7.071245172992349">
        <ele>2765.75390625</ele>
      </trkpt>
      <trkpt lat="45.834611747413874" lon="7.071121372282505">
        <ele>2764.55078125</ele>
      </trkpt>
      <trkpt lat="45.834543853998184" lon="7.071037720888853">
        <ele>2762.7890625</ele>
      </trkpt>
      <trkpt lat="45.834476463496685" lon="7.070939233526587">
        <ele>2761.73828125</ele>
      </trkpt>
      <trkpt lat="45.834406474605203" lon="7.070843847468495">
        <ele>2760.42578125</ele>
      </trkpt>
      <trkpt lat="45.834332881495357" lon="7.070782827213407">
        <ele>2758.69921875</ele>
      </trkpt>
      <trkpt lat="45.834248475730419" lon="7.070707138627768">
        <ele>2757.0859375</ele>
      </trkpt>
      <trkpt lat="45.834182091057301" lon="7.070638658478856">
        <ele>2756.52734375</ele>
      </trkpt>
      <trkpt lat="45.834113778546453" lon="7.070533549413085">
        <ele>2756.43359375</ele>
      </trkpt>
      <trkpt lat="45.834039263427258" lon="7.070443779230118">
        <ele>2756.0625</ele>
      </trkpt>
      <trkpt lat="45.83396315574646" lon="7.070377226918936">
        <ele>2754.68359375</ele>
      </trkpt>
      <trkpt lat="45.833889981731772" lon="7.070298437029123">
        <ele>2753.140625</ele>
      </trkpt>
      <trkpt lat="45.833827620372176" lon="7.070168852806091">
        <ele>2752.27734375</ele>
      </trkpt>
      <trkpt lat="45.833790572360158" lon="7.070044633001089">
        <ele>2751.71484375</ele>
      </trkpt>
      <trkpt lat="45.833717733621597" lon="7.069967854768038">
        <ele>2749.640625</ele>
      </trkpt>
      <trkpt lat="45.83363039419055" lon="7.069916473701596">
        <ele>2746.265625</ele>
      </trkpt>
      <trkpt lat="45.833550682291389" lon="7.069823937490582">
        <ele>2743.86328125</ele>
      </trkpt>
      <trkpt lat="45.833474826067686" lon="7.069763671606779">
        <ele>2741.80078125</ele>
      </trkpt>
      <trkpt lat="45.833381451666355" lon="7.06973584368825">
        <ele>2738.08984375</ele>
      </trkpt>
      <trkpt lat="45.833307355642319" lon="7.069649929180741">
        <ele>2736.15234375</ele>
      </trkpt>
      <trkpt lat="45.833222279325128" lon="7.069576755166054">
        <ele>2733.6328125</ele>
      </trkpt>
      <trkpt lat="45.833147764205933" lon="7.069525960832834">
        <ele>2730.66796875</ele>
      </trkpt>
      <trkpt lat="45.833068219944835" lon="7.069456726312637">
        <ele>2727.60546875</ele>
      </trkpt>
      <trkpt lat="45.833005271852016" lon="7.06936938688159">
        <ele>2725.59375</ele>
      </trkpt>
      <trkpt lat="45.832953220233321" lon="7.069251537322998">
        <ele>2724.3125</ele>
      </trkpt>
      <trkpt lat="45.832874430343509" lon="7.069190097972751">
        <ele>2721.69140625</ele>
      </trkpt>
      <trkpt lat="45.832780217751861" lon="7.069126982241869">
        <ele>2718.84765625</ele>
      </trkpt>
      <trkpt lat="45.832714922726154" lon="7.069025980308652">
        <ele>2717.0546875</ele>
      </trkpt>
      <trkpt lat="45.83264485001564" lon="7.069138633087277">
        <ele>2714.10546875</ele>
      </trkpt>
      <trkpt lat="45.832571340724826" lon="7.069182051345706">
        <ele>2711.4140625</ele>
      </trkpt>
      <trkpt lat="45.832485761493444" lon="7.06914366222918">
        <ele>2708.6796875</ele>
      </trkpt>
      <trkpt lat="45.832441840320826" lon="7.069270396605134">
        <ele>2706.421875</ele>
      </trkpt>
      <trkpt lat="45.832333294674754" lon="7.069244580343366">
        <ele>2702.859375</ele>
      </trkpt>
      <trkpt lat="45.832252157852054" lon="7.06916025839746">
        <ele>2700.95703125</ele>
      </trkpt>
      <trkpt lat="45.832164399325848" lon="7.069063279777765">
        <ele>2698.7265625</ele>
      </trkpt>
      <trkpt lat="45.832096086815" lon="7.068995386362076">
        <ele>2696.80859375</ele>
      </trkpt>
      <trkpt lat="45.832024589180946" lon="7.068898994475603">
        <ele>2694.92578125</ele>
      </trkpt>
      <trkpt lat="45.831975135952234" lon="7.068788688629866">
        <ele>2693.67578125</ele>
      </trkpt>
      <trkpt lat="45.831920150667429" lon="7.06868726760149">
        <ele>2692.30078125</ele>
      </trkpt>
      <trkpt lat="45.831851419061422" lon="7.068580146878958">
        <ele>2690.48046875</ele>
      </trkpt>
      <trkpt lat="45.831795763224363" lon="7.068458357825875">
        <ele>2688.9453125</ele>
      </trkpt>
      <trkpt lat="45.831733569502831" lon="7.068324163556099">
        <ele>2686.5859375</ele>
      </trkpt>
      <trkpt lat="45.831702640280128" lon="7.068178569898009">
        <ele>2685.23046875</ele>
      </trkpt>
      <trkpt lat="45.831653354689479" lon="7.068044543266296">
        <ele>2683.01953125</ele>
      </trkpt>
      <trkpt lat="45.831611026078463" lon="7.067923927679658">
        <ele>2680.96875</ele>
      </trkpt>
      <trkpt lat="45.831547323614359" lon="7.067827032878995">
        <ele>2678.1953125</ele>
      </trkpt>
      <trkpt lat="45.831511029973626" lon="7.067672219127417">
        <ele>2676.71875</ele>
      </trkpt>
      <trkpt lat="45.831447159871459" lon="7.067551268264651">
        <ele>2674.56640625</ele>
      </trkpt>
      <trkpt lat="45.831386223435402" lon="7.06745152361691">
        <ele>2672.3515625</ele>
      </trkpt>
      <trkpt lat="45.831345152109861" lon="7.067333171144128">
        <ele>2670.875</ele>
      </trkpt>
      <trkpt lat="45.831289077177644" lon="7.067239545285702">
        <ele>2669.4921875</ele>
      </trkpt>
      <trkpt lat="45.831214729696512" lon="7.067168299108744">
        <ele>2667.6953125</ele>
      </trkpt>
      <trkpt lat="45.831138957291842" lon="7.06706989556551">
        <ele>2666.54296875</ele>
      </trkpt>
      <trkpt lat="45.831069722771645" lon="7.06696193665266">
        <ele>2665.9609375</ele>
      </trkpt>
      <trkpt lat="45.830965787172318" lon="7.066919943317771">
        <ele>2663.796875</ele>
      </trkpt>
      <trkpt lat="45.830875262618065" lon="7.066873172298074">
        <ele>2661.85546875</ele>
      </trkpt>
      <trkpt lat="45.830795969814062" lon="7.066823886707425">
        <ele>2660.02734375</ele>
      </trkpt>
      <trkpt lat="45.830711061134934" lon="7.066770745441318">
        <ele>2657.9375</ele>
      </trkpt>
      <trkpt lat="45.830624056980014" lon="7.066713748499751">
        <ele>2656.37890625</ele>
      </trkpt>
      <trkpt lat="45.830528922379017" lon="7.066674185916781">
        <ele>2654.5625</ele>
      </trkpt>
      <trkpt lat="45.830435631796718" lon="7.066607633605599">
        <ele>2652.609375</ele>
      </trkpt>
      <trkpt lat="45.83034292794764" lon="7.066565556451678">
        <ele>2650.9375</ele>
      </trkpt>
      <trkpt lat="45.830258270725608" lon="7.066474696621299">
        <ele>2649.8203125</ele>
      </trkpt>
      <trkpt lat="45.83019532263279" lon="7.066353745758533">
        <ele>2649.34765625</ele>
      </trkpt>
      <trkpt lat="45.83012348972261" lon="7.06624804995954">
        <ele>2647.80859375</ele>
      </trkpt>
      <trkpt lat="45.830063978210092" lon="7.066144030541182">
        <ele>2646.5</ele>
      </trkpt>
      <trkpt lat="45.830002119764686" lon="7.066042860969901">
        <ele>2644.13671875</ele>
      </trkpt>
      <trkpt lat="45.82995199598372" lon="7.065940266475081">
        <ele>2641.51171875</ele>
      </trkpt>
      <trkpt lat="45.829908745363355" lon="7.065796097740531">
        <ele>2639.0546875</ele>
      </trkpt>
      <trkpt lat="45.82986549474299" lon="7.065662071108818">
        <ele>2636.46484375</ele>
      </trkpt>
      <trkpt lat="45.829885192215443" lon="7.06550432369113">
        <ele>2636.96484375</ele>
      </trkpt>
      <trkpt lat="45.829868344590068" lon="7.065343810245395">
        <ele>2635.24609375</ele>
      </trkpt>
      <trkpt lat="45.829833643510938" lon="7.065216824412346">
        <ele>2632.9140625</ele>
      </trkpt>
      <trkpt lat="45.829822830855846" lon="7.065066955983639">
        <ele>2630.96875</ele>
      </trkpt>
      <trkpt lat="45.829814448952675" lon="7.064941981807351">
        <ele>2628.96875</ele>
      </trkpt>
      <trkpt lat="45.829807491973042" lon="7.064815163612366">
        <ele>2627.34765625</ele>
      </trkpt>
      <trkpt lat="45.829782346263528" lon="7.064698068425059">
        <ele>2625.90625</ele>
      </trkpt>
      <trkpt lat="45.82975116558373" lon="7.064579464495182">
        <ele>2624.359375</ele>
      </trkpt>
      <trkpt lat="45.829761642962694" lon="7.064433032646775">
        <ele>2623.21484375</ele>
      </trkpt>
      <trkpt lat="45.829776143655181" lon="7.064297497272491">
        <ele>2622.05078125</ele>
      </trkpt>
      <trkpt lat="45.829816125333309" lon="7.064165566116571">
        <ele>2620.76171875</ele>
      </trkpt>
      <trkpt lat="45.829900363460183" lon="7.064093733206391">
        <ele>2619.7890625</ele>
      </trkpt>
      <trkpt lat="45.829975884407759" lon="7.064005890861154">
        <ele>2617.58984375</ele>
      </trkpt>
      <trkpt lat="45.830036653205752" lon="7.063896674662828">
        <ele>2614.3515625</ele>
      </trkpt>
      <trkpt lat="45.830131117254496" lon="7.063830625265837">
        <ele>2611.28125</ele>
      </trkpt>
      <trkpt lat="45.83022809587419" lon="7.063848730176687">
        <ele>2609.36328125</ele>
      </trkpt>
      <trkpt lat="45.830321554094553" lon="7.063906565308571">
        <ele>2608.67578125</ele>
      </trkpt>
      <trkpt lat="45.830398164689541" lon="7.063959371298552">
        <ele>2608.265625</ele>
      </trkpt>
      <trkpt lat="45.830473434180021" lon="7.06391679123044">
        <ele>2606.203125</ele>
      </trkpt>
      <trkpt lat="45.830566389486194" lon="7.063889550045133">
        <ele>2604.5546875</ele>
      </trkpt>
      <trkpt lat="45.830636797472835" lon="7.06378435716033">
        <ele>2600.578125</ele>
      </trkpt>
      <trkpt lat="45.830695889890194" lon="7.063666088506579">
        <ele>2595.9140625</ele>
      </trkpt>
      <trkpt lat="45.830612322315574" lon="7.063653599470854">
        <ele>2595.73046875</ele>
      </trkpt>
      <trkpt lat="45.830596648156643" lon="7.063543125987053">
        <ele>2591.22265625</ele>
      </trkpt>
      <trkpt lat="45.830535795539618" lon="7.063473640009761">
        <ele>2588.52734375</ele>
      </trkpt>
      <trkpt lat="45.830472931265831" lon="7.063387054949999">
        <ele>2584.83984375</ele>
      </trkpt>
      <trkpt lat="45.830435464158654" lon="7.063266523182392">
        <ele>2579.328125</ele>
      </trkpt>
      <trkpt lat="45.830396739766002" lon="7.06316334195435">
        <ele>2574.8671875</ele>
      </trkpt>
      <trkpt lat="45.830358769744635" lon="7.063045660033822">
        <ele>2570.75390625</ele>
      </trkpt>
      <trkpt lat="45.8303018566221" lon="7.062946669757366">
        <ele>2567.6484375</ele>
      </trkpt>
      <trkpt lat="45.830236142501235" lon="7.062833849340677">
        <ele>2562.17578125</ele>
      </trkpt>
      <trkpt lat="45.830134134739637" lon="7.062803590670228">
        <ele>2561.90234375</ele>
      </trkpt>
      <trkpt lat="45.830036485567689" lon="7.062794538214803">
        <ele>2563.41015625</ele>
      </trkpt>
      <trkpt lat="45.829949146136642" lon="7.062688590958714">
        <ele>2559.27734375</ele>
      </trkpt>
      <trkpt lat="45.829934729263186" lon="7.06259798258543">
        <ele>2554.78515625</ele>
      </trkpt>
      <trkpt lat="45.829958952963352" lon="7.062522042542696">
        <ele>2550.34375</ele>
      </trkpt>
      <trkpt lat="45.829924754798412" lon="7.062387932091951">
        <ele>2544.44140625</ele>
      </trkpt>
      <trkpt lat="45.829887371510267" lon="7.062241919338703">
        <ele>2541.52734375</ele>
      </trkpt>
      <trkpt lat="45.829842695966363" lon="7.062107641249895">
        <ele>2539.7578125</ele>
      </trkpt>
      <trkpt lat="45.829782346263528" lon="7.061996329575777">
        <ele>2538.22265625</ele>
      </trkpt>
      <trkpt lat="45.829747645184398" lon="7.061871271580458">
        <ele>2535.4921875</ele>
      </trkpt>
      <trkpt lat="45.829803217202425" lon="7.061824332922697">
        <ele>2532.73828125</ele>
      </trkpt>
      <trkpt lat="45.8298943284899" lon="7.061847383156419">
        <ele>2531.10546875</ele>
      </trkpt>
      <trkpt lat="45.829982841387391" lon="7.061811676248908">
        <ele>2527.84375</ele>
      </trkpt>
      <trkpt lat="45.830039754509926" lon="7.061763647943735">
        <ele>2524.48828125</ele>
      </trkpt>
      <trkpt lat="45.830119969323277" lon="7.061707153916359">
        <ele>2520.265625</ele>
      </trkpt>
      <trkpt lat="45.83020756021142" lon="7.061641858890653">
        <ele>2515.921875</ele>
      </trkpt>
      <trkpt lat="45.830303197726607" lon="7.061625765636563">
        <ele>2513.4609375</ele>
      </trkpt>
      <trkpt lat="45.830389363691211" lon="7.061592321842909">
        <ele>2510.58984375</ele>
      </trkpt>
      <trkpt lat="45.830392045900226" lon="7.061474220827222">
        <ele>2506.24609375</ele>
      </trkpt>
      <trkpt lat="45.830353992059827" lon="7.06133977510035">
        <ele>2501.83984375</ele>
      </trkpt>
      <trkpt lat="45.830324068665504" lon="7.061211029067636">
        <ele>2497.70703125</ele>
      </trkpt>
      <trkpt lat="45.83026128821075" lon="7.061128718778491">
        <ele>2496.01171875</ele>
      </trkpt>
      <trkpt lat="45.83017629571259" lon="7.061044480651617">
        <ele>2494.50390625</ele>
      </trkpt>
      <trkpt lat="45.830097254365683" lon="7.060980862006545">
        <ele>2493.76953125</ele>
      </trkpt>
      <trkpt lat="45.830042352899909" lon="7.060848344117403">
        <ele>2489.875</ele>
      </trkpt>
      <trkpt lat="45.82998669706285" lon="7.060713730752468">
        <ele>2485.68359375</ele>
      </trkpt>
      <trkpt lat="45.829928778111935" lon="7.060597389936447">
        <ele>2482.3984375</ele>
      </trkpt>
      <trkpt lat="45.829871194437146" lon="7.060475768521428">
        <ele>2478.796875</ele>
      </trkpt>
      <trkpt lat="45.829815035685897" lon="7.060382226482034">
        <ele>2476.83984375</ele>
      </trkpt>
      <trkpt lat="45.82974823191762" lon="7.060295892879367">
        <ele>2475.875</ele>
      </trkpt>
      <trkpt lat="45.829705148935318" lon="7.060197237879038">
        <ele>2473.99609375</ele>
      </trkpt>
      <trkpt lat="45.829632645472884" lon="7.060103695839643">
        <ele>2472.015625</ele>
      </trkpt>
      <trkpt lat="45.829571625217795" lon="7.059984002262354">
        <ele>2468.32421875</ele>
      </trkpt>
      <trkpt lat="45.82949954085052" lon="7.059882245957851">
        <ele>2465.1875</ele>
      </trkpt>
      <trkpt lat="45.82943357527256" lon="7.059770347550511">
        <ele>2461.9453125</ele>
      </trkpt>
      <trkpt lat="45.829384624958038" lon="7.059683678671718">
        <ele>2459.25</ele>
      </trkpt>
      <trkpt lat="45.829323353245854" lon="7.059602038934827">
        <ele>2456.51171875</ele>
      </trkpt>
      <trkpt lat="45.829258561134338" lon="7.059480920433998">
        <ele>2453.875</ele>
      </trkpt>
      <trkpt lat="45.829187231138349" lon="7.059410344809294">
        <ele>2452.4609375</ele>
      </trkpt>
      <trkpt lat="45.829101232811809" lon="7.059364579617977">
        <ele>2451.4609375</ele>
      </trkpt>
      <trkpt lat="45.829005260020494" lon="7.059318898245692">
        <ele>2450.37109375</ele>
      </trkpt>
      <trkpt lat="45.828904425725341" lon="7.059241784736514">
        <ele>2449.01953125</ele>
      </trkpt>
      <trkpt lat="45.828886236995459" lon="7.059089485555887">
        <ele>2445.02734375</ele>
      </trkpt>
      <trkpt lat="45.828907946124673" lon="7.058962918817997">
        <ele>2441.11328125</ele>
      </trkpt>
      <trkpt lat="45.828899899497628" lon="7.058831742033362">
        <ele>2436.84375</ele>
      </trkpt>
      <trkpt lat="45.828981371596456" lon="7.058753371238708">
        <ele>2433.3828125</ele>
      </trkpt>
      <trkpt lat="45.829050941392779" lon="7.058690087869763">
        <ele>2430.62109375</ele>
      </trkpt>
      <trkpt lat="45.829092767089605" lon="7.058597970753908">
        <ele>2427.0625</ele>
      </trkpt>
      <trkpt lat="45.829185219481587" lon="7.058509038761258">
        <ele>2423.10546875</ele>
      </trkpt>
      <trkpt lat="45.829260991886258" lon="7.058413233608007">
        <ele>2419.234375</ele>
      </trkpt>
      <trkpt lat="45.829315390437841" lon="7.058325139805675">
        <ele>2415.921875</ele>
      </trkpt>
      <trkpt lat="45.829390492290258" lon="7.058250373229384">
        <ele>2412.71875</ele>
      </trkpt>
      <trkpt lat="45.829454530030489" lon="7.058148616924882">
        <ele>2408.3828125</ele>
      </trkpt>
      <trkpt lat="45.829512281343341" lon="7.058042669668794">
        <ele>2403.609375</ele>
      </trkpt>
      <trkpt lat="45.829605739563704" lon="7.058016853407025">
        <ele>2401.4140625</ele>
      </trkpt>
      <trkpt lat="45.829692156985402" lon="7.057982822880149">
        <ele>2398.9296875</ele>
      </trkpt>
      <trkpt lat="45.829748148098588" lon="7.057906463742256">
        <ele>2394.96875</ele>
      </trkpt>
      <trkpt lat="45.829831045120955" lon="7.057865476235747">
        <ele>2392.30078125</ele>
      </trkpt>
      <trkpt lat="45.82992902956903" lon="7.057874528691173">
        <ele>2391.70703125</ele>
      </trkpt>
      <trkpt lat="45.830008070915937" lon="7.057786518707871">
        <ele>2387.7421875</ele>
      </trkpt>
      <trkpt lat="45.83008979447186" lon="7.057720385491848">
        <ele>2384.42578125</ele>
      </trkpt>
      <trkpt lat="45.830166153609753" lon="7.057658024132252">
        <ele>2381.42578125</ele>
      </trkpt>
      <trkpt lat="45.83015919663012" lon="7.057533133774996">
        <ele>2379.33984375</ele>
      </trkpt>
      <trkpt lat="45.830237148329616" lon="7.057441268116236">
        <ele>2377.97265625</ele>
      </trkpt>
      <trkpt lat="45.830264557152987" lon="7.057321239262819">
        <ele>2376.26171875</ele>
      </trkpt>
      <trkpt lat="45.830244859680533" lon="7.057182686403394">
        <ele>2373.95703125</ele>
      </trkpt>
      <trkpt lat="45.830259444192052" lon="7.057037344202399">
        <ele>2371.80078125</ele>
      </trkpt>
      <trkpt lat="45.830259276553988" lon="7.056895773857832">
        <ele>2369.99609375</ele>
      </trkpt>
      <trkpt lat="45.830239746719599" lon="7.056761747226119">
        <ele>2368.6015625</ele>
      </trkpt>
      <trkpt lat="45.830223569646478" lon="7.05660643056035">
        <ele>2367.92578125</ele>
      </trkpt>
      <trkpt lat="45.830247458070517" lon="7.05647885799408">
        <ele>2367.5546875</ele>
      </trkpt>
      <trkpt lat="45.830292636528611" lon="7.056346675381064">
        <ele>2367.09375</ele>
      </trkpt>
      <trkpt lat="45.830338066443801" lon="7.056240392848849">
        <ele>2366.57421875</ele>
      </trkpt>
      <trkpt lat="45.830372264608741" lon="7.056110054254532">
        <ele>2365.2890625</ele>
      </trkpt>
      <trkpt lat="45.830416772514582" lon="7.055985918268561">
        <ele>2364.1328125</ele>
      </trkpt>
      <trkpt lat="45.830443594604731" lon="7.055865973234177">
        <ele>2362.625</ele>
      </trkpt>
      <trkpt lat="45.830507045611739" lon="7.055759523063898">
        <ele>2361.546875</ele>
      </trkpt>
      <trkpt lat="45.830565635114908" lon="7.055647289380431">
        <ele>2360.82421875</ele>
      </trkpt>
      <trkpt lat="45.830644089728594" lon="7.05556514672935">
        <ele>2360.7890625</ele>
      </trkpt>
      <trkpt lat="45.830722544342279" lon="7.055468419566751">
        <ele>2360.47265625</ele>
      </trkpt>
      <trkpt lat="45.830797897651792" lon="7.05543958581984">
        <ele>2360.5390625</ele>
      </trkpt>
      <trkpt lat="45.830880291759968" lon="7.055374039337039">
        <ele>2359.86328125</ele>
      </trkpt>
      <trkpt lat="45.830942150205374" lon="7.055311091244221">
        <ele>2358.9296875</ele>
      </trkpt>
      <trkpt lat="45.831031585112214" lon="7.055282257497311">
        <ele>2358.82421875</ele>
      </trkpt>
      <trkpt lat="45.831268206238747" lon="7.0549460593611">
        <ele>2351.079999999999927</ele>
      </trkpt>
      <trkpt lat="45.831337692216039" lon="7.054936168715358">
        <ele>2351.0300000000002</ele>
      </trkpt>
      <trkpt lat="45.831369794905186" lon="7.054889984428883">
        <ele>2351.039999999999964</ele>
      </trkpt>
      <trkpt lat="45.83143450319767" lon="7.05461229197681">
        <ele>2350</ele>
      </trkpt>
      <trkpt lat="45.831539779901505" lon="7.054372737184167">
        <ele>2347</ele>
      </trkpt>
      <trkpt lat="45.831669196486473" lon="7.054250864312053">
        <ele>2344.960000000000036</ele>
      </trkpt>
      <trkpt lat="45.83177019841969" lon="7.054201746359468">
        <ele>2344.650000000000091</ele>
      </trkpt>
      <trkpt lat="45.831777155399323" lon="7.054163105785847">
        <ele>2344</ele>
      </trkpt>
      <trkpt lat="45.83190799690783" lon="7.054141815751791">
        <ele>2343.7199999999998</ele>
      </trkpt>
      <trkpt lat="45.831946302205324" lon="7.054060930386186">
        <ele>2342.329999999999927</ele>
      </trkpt>
      <trkpt lat="45.831986702978611" lon="7.053976440802217">
        <ele>2341</ele>
      </trkpt>
      <trkpt lat="45.832020146772265" lon="7.053943835198879">
        <ele>2341</ele>
      </trkpt>
      <trkpt lat="45.832079825922847" lon="7.053869822993875">
        <ele>2339.389999999999873</ele>
      </trkpt>
      <trkpt lat="45.832109414041042" lon="7.053799917921424">
        <ele>2339</ele>
      </trkpt>
      <trkpt lat="45.832147384062409" lon="7.05373520962894">
        <ele>2338</ele>
      </trkpt>
      <trkpt lat="45.83220019005239" lon="7.053659101948142">
        <ele>2337</ele>
      </trkpt>
      <trkpt lat="45.832218211144209" lon="7.053615432232618">
        <ele>2336</ele>
      </trkpt>
      <trkpt lat="45.832225838676095" lon="7.053574277088046">
        <ele>2336</ele>
      </trkpt>
      <trkpt lat="45.832234220579267" lon="7.053500348702073">
        <ele>2335</ele>
      </trkpt>
      <trkpt lat="45.832282500341535" lon="7.053489368408918">
        <ele>2334</ele>
      </trkpt>
      <trkpt lat="45.832355339080095" lon="7.053336398676038">
        <ele>2332.050000000000182</ele>
      </trkpt>
      <trkpt lat="45.832535717636347" lon="7.053067171946168">
        <ele>2328</ele>
      </trkpt>
      <trkpt lat="45.83266094326973" lon="7.052767351269722">
        <ele>2324.369999999999891</ele>
      </trkpt>
      <trkpt lat="45.832907538861036" lon="7.052343646064401">
        <ele>2320</ele>
      </trkpt>
      <trkpt lat="45.833082972094417" lon="7.052001412957907">
        <ele>2316</ele>
      </trkpt>
      <trkpt lat="45.833096383139491" lon="7.05199521034956">
        <ele>2315.989999999999782</ele>
      </trkpt>
      <trkpt lat="45.833153128623962" lon="7.051977105438709">
        <ele>2315</ele>
      </trkpt>
      <trkpt lat="45.833209119737148" lon="7.051955815404654">
        <ele>2315</ele>
      </trkpt>
      <trkpt lat="45.833260081708431" lon="7.051898064091802">
        <ele>2314</ele>
      </trkpt>
      <trkpt lat="45.833329064771533" lon="7.051850538700819">
        <ele>2313</ele>
      </trkpt>
      <trkpt lat="45.833366867154837" lon="7.051818100735545">
        <ele>2312.289999999999964</ele>
      </trkpt>
      <trkpt lat="45.833389246836305" lon="7.051792703568935">
        <ele>2312</ele>
      </trkpt>
      <trkpt lat="45.833448925986886" lon="7.05175532028079">
        <ele>2311</ele>
      </trkpt>
      <trkpt lat="45.83354389294982" lon="7.051752805709839">
        <ele>2310</ele>
      </trkpt>
      <trkpt lat="45.833551855757833" lon="7.051747608929873">
        <ele>2310</ele>
      </trkpt>
      <trkpt lat="45.833555208519101" lon="7.051748530939221">
        <ele>2310</ele>
      </trkpt>
      <trkpt lat="45.833629136905074" lon="7.051719026640058">
        <ele>2309</ele>
      </trkpt>
      <trkpt lat="45.833659898489714" lon="7.051708297803998">
        <ele>2309</ele>
      </trkpt>
      <trkpt lat="45.833683032542467" lon="7.051704274490476">
        <ele>2309</ele>
      </trkpt>
      <trkpt lat="45.833705998957157" lon="7.05168298445642">
        <ele>2308.320000000000164</ele>
      </trkpt>
      <trkpt lat="45.83373935893178" lon="7.051656078547239">
        <ele>2308</ele>
      </trkpt>
      <trkpt lat="45.833784621208906" lon="7.051625400781631">
        <ele>2307.550000000000182</ele>
      </trkpt>
      <trkpt lat="45.833838265389204" lon="7.051592376083136">
        <ele>2307</ele>
      </trkpt>
      <trkpt lat="45.833853101357818" lon="7.051580054685473">
        <ele>2307</ele>
      </trkpt>
      <trkpt lat="45.8338678535074" lon="7.05154174938798">
        <ele>2306.5300000000002</ele>
      </trkpt>
      <trkpt lat="45.833889646455646" lon="7.051527500152588">
        <ele>2306</ele>
      </trkpt>
      <trkpt lat="45.833899704739451" lon="7.05150168389082">
        <ele>2306</ele>
      </trkpt>
      <trkpt lat="45.833970364183187" lon="7.051474945619702">
        <ele>2305</ele>
      </trkpt>
      <trkpt lat="45.834009256213903" lon="7.051462791860104">
        <ele>2304.539999999999964</ele>
      </trkpt>
      <trkpt lat="45.834037670865655" lon="7.051451141014695">
        <ele>2304</ele>
      </trkpt>
      <trkpt lat="45.834050914272666" lon="7.051436640322208">
        <ele>2304</ele>
      </trkpt>
      <trkpt lat="45.834060804918408" lon="7.05139858648181">
        <ele>2303.110000000000127</ele>
      </trkpt>
      <trkpt lat="45.834071952849627" lon="7.051362209022045">
        <ele>2303</ele>
      </trkpt>
      <trkpt lat="45.83407455123961" lon="7.051358940079808">
        <ele>2303</ele>
      </trkpt>
      <trkpt lat="45.834083938971162" lon="7.051359610632062">
        <ele>2303</ele>
      </trkpt>
      <trkpt lat="45.834142444655299" lon="7.051307139918208">
        <ele>2302</ele>
      </trkpt>
      <trkpt lat="45.834166249260306" lon="7.051291214302182">
        <ele>2301.440000000000055</ele>
      </trkpt>
      <trkpt lat="45.83420405164361" lon="7.051301775500178">
        <ele>2301</ele>
      </trkpt>
      <trkpt lat="45.834233807399869" lon="7.051282413303852">
        <ele>2301</ele>
      </trkpt>
      <trkpt lat="45.83427345380187" lon="7.051236899569631">
        <ele>2300.119999999999891</ele>
      </trkpt>
      <trkpt lat="45.834291893988848" lon="7.051214771345258">
        <ele>2300</ele>
      </trkpt>
      <trkpt lat="45.83434771746397" lon="7.051154170185328">
        <ele>2299</ele>
      </trkpt>
      <trkpt lat="45.834399601444602" lon="7.051118044182658">
        <ele>2298.679999999999836</ele>
      </trkpt>
      <trkpt lat="45.83444444462657" lon="7.051101364195347">
        <ele>2298</ele>
      </trkpt>
      <trkpt lat="45.834472021088004" lon="7.051088539883494">
        <ele>2298</ele>
      </trkpt>
      <trkpt lat="45.834495071321726" lon="7.0510726980865">
        <ele>2298</ele>
      </trkpt>
      <trkpt lat="45.834520300850272" lon="7.051051491871476">
        <ele>2297.119999999999891</ele>
      </trkpt>
      <trkpt lat="45.834547039121389" lon="7.051032213494182">
        <ele>2297</ele>
      </trkpt>
      <trkpt lat="45.834560198709369" lon="7.051013521850109">
        <ele>2296.869999999999891</ele>
      </trkpt>
      <trkpt lat="45.834569754078984" lon="7.051003547385335">
        <ele>2296.320000000000164</ele>
      </trkpt>
      <trkpt lat="45.834620632231236" lon="7.050976390019059">
        <ele>2296</ele>
      </trkpt>
      <trkpt lat="45.834755497053266" lon="7.050860887393355">
        <ele>2294</ele>
      </trkpt>
      <trkpt lat="45.834858426824212" lon="7.050772458314896">
        <ele>2292.389999999999873</ele>
      </trkpt>
      <trkpt lat="45.8349384739995" lon="7.050663158297539">
        <ele>2291</ele>
      </trkpt>
      <trkpt lat="45.835029501467943" lon="7.05055670812726">
        <ele>2289.539999999999964</ele>
      </trkpt>
      <trkpt lat="45.835050288587809" lon="7.050528461113572">
        <ele>2289</ele>
      </trkpt>
      <trkpt lat="45.835076691582799" lon="7.050502728670835">
        <ele>2288.7199999999998</ele>
      </trkpt>
      <trkpt lat="45.835087168961763" lon="7.050501052290201">
        <ele>2288.650000000000091</ele>
      </trkpt>
      <trkpt lat="45.835184566676617" lon="7.050435170531273">
        <ele>2287</ele>
      </trkpt>
      <trkpt lat="45.835243239998817" lon="7.050399882718921">
        <ele>2286</ele>
      </trkpt>
      <trkpt lat="45.835329825058579" lon="7.050343053415418">
        <ele>2285.980000000000018</ele>
      </trkpt>
      <trkpt lat="45.835412722080946" lon="7.050269208848476">
        <ele>2284.239999999999782</ele>
      </trkpt>
      <trkpt lat="45.835456978529692" lon="7.050225455313921">
        <ele>2284</ele>
      </trkpt>
      <trkpt lat="45.835478268563747" lon="7.050221767276525">
        <ele>2283.659999999999854</ele>
      </trkpt>
      <trkpt lat="45.835559237748384" lon="7.05021028406918">
        <ele>2283</ele>
      </trkpt>
      <trkpt lat="45.835719499737024" lon="7.050172481685877">
        <ele>2281.760000000000218</ele>
      </trkpt>
      <trkpt lat="45.835920413956046" lon="7.050143983215094">
        <ele>2279</ele>
      </trkpt>
      <trkpt lat="45.836108084768057" lon="7.050128811970353">
        <ele>2277.239999999999782</ele>
      </trkpt>
      <trkpt lat="45.836229454725981" lon="7.050105258822441">
        <ele>2277</ele>
      </trkpt>
      <trkpt lat="45.836310759186745" lon="7.050115233287215">
        <ele>2276</ele>
      </trkpt>
      <trkpt lat="45.836453000083566" lon="7.050082376226783">
        <ele>2275.400000000000091</ele>
      </trkpt>
      <trkpt lat="45.836648466065526" lon="7.050043232738972">
        <ele>2274</ele>
      </trkpt>
      <trkpt lat="45.836877962574363" lon="7.050011632964015">
        <ele>2273</ele>
      </trkpt>
      <trkpt lat="45.837146602571011" lon="7.049944158643484">
        <ele>2271</ele>
      </trkpt>
      <trkpt lat="45.837416835129261" lon="7.049919599667192">
        <ele>2269</ele>
      </trkpt>
      <trkpt lat="45.837550526484847" lon="7.049914989620447">
        <ele>2268</ele>
      </trkpt>
      <trkpt lat="45.837624790146947" lon="7.049905937165022">
        <ele>2266.949999999999818</ele>
      </trkpt>
      <trkpt lat="45.837714308872819" lon="7.049956480041146">
        <ele>2266.139999999999873</ele>
      </trkpt>
      <trkpt lat="45.837763678282499" lon="7.049929574131966">
        <ele>2265.409999999999854</ele>
      </trkpt>
      <trkpt lat="45.837777676060796" lon="7.049924042075872">
        <ele>2265.4699999999998</ele>
      </trkpt>
      <trkpt lat="45.837872559204698" lon="7.049897303804755">
        <ele>2264.980000000000018</ele>
      </trkpt>
      <trkpt lat="45.837893933057785" lon="7.049911636859179">
        <ele>2265.570000000000164</ele>
      </trkpt>
      <trkpt lat="45.83792008459568" lon="7.049949271604419">
        <ele>2265.650000000000091</ele>
      </trkpt>
      <trkpt lat="45.837977835908532" lon="7.049983888864517">
        <ele>2266.190000000000055</ele>
      </trkpt>
      <trkpt lat="45.838071880862117" lon="7.050036443397403">
        <ele>2266.659999999999854</ele>
      </trkpt>
      <trkpt lat="45.838126614689827" lon="7.050071144476533">
        <ele>2265.289999999999964</ele>
      </trkpt>
      <trkpt lat="45.838183863088489" lon="7.050118586048484">
        <ele>2264.090000000000146</ele>
      </trkpt>
      <trkpt lat="45.838256785646081" lon="7.050167620182037">
        <ele>2262</ele>
      </trkpt>
      <trkpt lat="45.838386286050081" lon="7.050176002085209">
        <ele>2260.510000000000218</ele>
      </trkpt>
      <trkpt lat="45.838505225256085" lon="7.050189077854156">
        <ele>2260</ele>
      </trkpt>
      <trkpt lat="45.8385597076267" lon="7.050139540806413">
        <ele>2259</ele>
      </trkpt>
      <trkpt lat="45.838687447831035" lon="7.050040801987052">
        <ele>2257</ele>
      </trkpt>
      <trkpt lat="45.838932618498802" lon="7.04992345534265">
        <ele>2255</ele>
      </trkpt>
      <trkpt lat="45.839260099455714" lon="7.049836535006762">
        <ele>2253</ele>
      </trkpt>
      <trkpt lat="45.839337045326829" lon="7.049741400405765">
        <ele>2252</ele>
      </trkpt>
      <trkpt lat="45.839447854086757" lon="7.049664035439491">
        <ele>2251</ele>
      </trkpt>
      <trkpt lat="45.839520022273064" lon="7.049576444551349">
        <ele>2250.769999999999982</ele>
      </trkpt>
      <trkpt lat="45.839899638667703" lon="7.049030866473913">
        <ele>2248</ele>
      </trkpt>
      <trkpt lat="45.840121172368526" lon="7.048872280865908">
        <ele>2247</ele>
      </trkpt>
      <trkpt lat="45.84023667499423" lon="7.048815367743373">
        <ele>2246.179999999999836</ele>
      </trkpt>
      <trkpt lat="45.840364079922438" lon="7.048633061349392">
        <ele>2245.590000000000146</ele>
      </trkpt>
      <trkpt lat="45.840524341911077" lon="7.048485036939383">
        <ele>2245.75</ele>
      </trkpt>
      <trkpt lat="45.840590056031942" lon="7.048443546518683">
        <ele>2245</ele>
      </trkpt>
      <trkpt lat="45.840711509808898" lon="7.048421334475279">
        <ele>2246.440000000000055</ele>
      </trkpt>
      <trkpt lat="45.840822989121079" lon="7.048441115766764">
        <ele>2246</ele>
      </trkpt>
      <trkpt lat="45.841020299121737" lon="7.048318907618523">
        <ele>2244.980000000000018</ele>
      </trkpt>
      <trkpt lat="45.841190619394183" lon="7.048164764419198">
        <ele>2243.840000000000146</ele>
      </trkpt>
      <trkpt lat="45.841336045414209" lon="7.047949768602848">
        <ele>2242</ele>
      </trkpt>
      <trkpt lat="45.841447608545423" lon="7.047817334532738">
        <ele>2242</ele>
      </trkpt>
      <trkpt lat="45.841707363724709" lon="7.047564955428243">
        <ele>2241.630000000000109</ele>
      </trkpt>
      <trkpt lat="45.841763522475958" lon="7.047487925738096">
        <ele>2240.789999999999964</ele>
      </trkpt>
      <trkpt lat="45.841837199404836" lon="7.047448027879">
        <ele>2240.269999999999982</ele>
      </trkpt>
      <trkpt lat="45.841937363147736" lon="7.047317186370492">
        <ele>2238.329999999999927</ele>
      </trkpt>
      <trkpt lat="45.842100977897644" lon="7.047156253829598">
        <ele>2237.5300000000002</ele>
      </trkpt>
      <trkpt lat="45.842299377545714" lon="7.046877723187208">
        <ele>2235</ele>
      </trkpt>
      <trkpt lat="45.842362409457564" lon="7.046817289665341">
        <ele>2235</ele>
      </trkpt>
      <trkpt lat="45.842532981187105" lon="7.046686531975865">
        <ele>2235</ele>
      </trkpt>
      <trkpt lat="45.842679161578417" lon="7.046619057655334">
        <ele>2235</ele>
      </trkpt>
      <trkpt lat="45.842815618962049" lon="7.046513194218278">
        <ele>2235</ele>
      </trkpt>
      <trkpt lat="45.843116613104939" lon="7.046222006902099">
        <ele>2233.7800000000002</ele>
      </trkpt>
      <trkpt lat="45.843359353020787" lon="7.046002736315131">
        <ele>2233</ele>
      </trkpt>
      <trkpt lat="45.84345230832696" lon="7.045833840966225">
        <ele>2233.650000000000091</ele>
      </trkpt>
      <trkpt lat="45.843485249206424" lon="7.045737532898784">
        <ele>2234</ele>
      </trkpt>
      <trkpt lat="45.843498157337308" lon="7.045686990022659">
        <ele>2234</ele>
      </trkpt>
      <trkpt lat="45.843489607796073" lon="7.045602919533849">
        <ele>2232.989999999999782</ele>
      </trkpt>
      <trkpt lat="45.843443423509598" lon="7.045230846852064">
        <ele>2231</ele>
      </trkpt>
      <trkpt lat="45.843419451266527" lon="7.044749641790986">
        <ele>2230.900000000000091</ele>
      </trkpt>
      <trkpt lat="45.843460187315941" lon="7.044606395065784">
        <ele>2231</ele>
      </trkpt>
      <trkpt lat="45.843459097668529" lon="7.04454411752522">
        <ele>2230.730000000000018</ele>
      </trkpt>
      <trkpt lat="45.843459097668529" lon="7.04454411752522">
        <ele>2230.730000000000018</ele>
      </trkpt>
      <trkpt lat="45.843419535085559" lon="7.04463061876595">
        <ele>2231.0300000000002</ele>
      </trkpt>
      <trkpt lat="45.843374356627464" lon="7.044723154976964">
        <ele>2229.380000000000109</ele>
      </trkpt>
      <trkpt lat="45.843205293640494" lon="7.044740673154593">
        <ele>2231</ele>
      </trkpt>
      <trkpt lat="45.843109991401434" lon="7.044599773362279">
        <ele>2230.800000000000182</ele>
      </trkpt>
      <trkpt lat="45.843090545386076" lon="7.04453774727881">
        <ele>2230.2199999999998</ele>
      </trkpt>
      <trkpt lat="45.843109991401434" lon="7.044450994580984">
        <ele>2231.019999999999982</ele>
      </trkpt>
      <trkpt lat="45.84314645268023" lon="7.044383184984326">
        <ele>2232</ele>
      </trkpt>
      <trkpt lat="45.84323538467288" lon="7.044118987396359">
        <ele>2224.769999999999982</ele>
      </trkpt>
      <trkpt lat="45.843256590887904" lon="7.044007005169988">
        <ele>2222.9699999999998</ele>
      </trkpt>
      <trkpt lat="45.843256674706936" lon="7.043816233053803">
        <ele>2220.059999999999945</ele>
      </trkpt>
      <trkpt lat="45.843277713283896" lon="7.043713890016079">
        <ele>2219</ele>
      </trkpt>
      <trkpt lat="45.843291878700256" lon="7.043573660776019">
        <ele>2216.820000000000164</ele>
      </trkpt>
      <trkpt lat="45.843212753534317" lon="7.043494703248143">
        <ele>2214.849999999999909</ele>
      </trkpt>
      <trkpt lat="45.843203198164701" lon="7.04346863552928">
        <ele>2214.039999999999964</ele>
      </trkpt>
      <trkpt lat="45.843211077153683" lon="7.043436113744974">
        <ele>2213.369999999999891</ele>
      </trkpt>
      <trkpt lat="45.843242844566703" lon="7.043377691879869">
        <ele>2211.699999999999818</ele>
      </trkpt>
      <trkpt lat="45.843250220641494" lon="7.043228577822447">
        <ele>2208.429999999999836</ele>
      </trkpt>
      <trkpt lat="45.843147039413452" lon="7.043106369674206">
        <ele>2208</ele>
      </trkpt>
      <trkpt lat="45.84305802360177" lon="7.043023724108934">
        <ele>2207.159999999999854</ele>
      </trkpt>
      <trkpt lat="45.842928355559707" lon="7.042940407991409">
        <ele>2205</ele>
      </trkpt>
      <trkpt lat="45.84287135861814" lon="7.042855666950345">
        <ele>2203</ele>
      </trkpt>
      <trkpt lat="45.842747054994106" lon="7.042743684723973">
        <ele>2201.059999999999945</ele>
      </trkpt>
      <trkpt lat="45.84268762730062" lon="7.04253095202148">
        <ele>2201.849999999999909</ele>
      </trkpt>
      <trkpt lat="45.84263633005321" lon="7.042438164353371">
        <ele>2201</ele>
      </trkpt>
      <trkpt lat="45.84262166172266" lon="7.042337330058217">
        <ele>2200.170000000000073</ele>
      </trkpt>
      <trkpt lat="45.842611938714981" lon="7.042149323970079">
        <ele>2197.320000000000164</ele>
      </trkpt>
      <trkpt lat="45.842560222372413" lon="7.04194899648428">
        <ele>2196</ele>
      </trkpt>
      <trkpt lat="45.842581009492278" lon="7.041853694245219">
        <ele>2194.079999999999927</ele>
      </trkpt>
      <trkpt lat="45.8425815962255" lon="7.041732827201486">
        <ele>2193.820000000000164</ele>
      </trkpt>
      <trkpt lat="45.8425815962255" lon="7.041732827201486">
        <ele>2193.820000000000164</ele>
      </trkpt>
      <trkpt lat="45.842601209878922" lon="7.041647918522358">
        <ele>2192.650000000000091</ele>
      </trkpt>
      <trkpt lat="45.842586625367403" lon="7.041551191359758">
        <ele>2192.360000000000127</ele>
      </trkpt>
      <trkpt lat="45.842586709186435" lon="7.041545324027538">
        <ele>2192.349999999999909</ele>
      </trkpt>
      <trkpt lat="45.842588804662228" lon="7.041540797799826">
        <ele>2192.230000000000018</ele>
      </trkpt>
      <trkpt lat="45.84260162897408" lon="7.04141347669065">
        <ele>2191.400000000000091</ele>
      </trkpt>
      <trkpt lat="45.842607747763395" lon="7.041327226907015">
        <ele>2190.980000000000018</ele>
      </trkpt>
      <trkpt lat="45.842608837410808" lon="7.041215328499675">
        <ele>2190.809999999999945</ele>
      </trkpt>
      <trkpt lat="45.84263876080513" lon="7.041119607165456">
        <ele>2188.059999999999945</ele>
      </trkpt>
      <trkpt lat="45.842650663107634" lon="7.040936462581158">
        <ele>2186.130000000000109</ele>
      </trkpt>
      <trkpt lat="45.842650663107634" lon="7.040764382109046">
        <ele>2184.880000000000109</ele>
      </trkpt>
      <trkpt lat="45.842695590108633" lon="7.040665978565812">
        <ele>2182.4699999999998</ele>
      </trkpt>
      <trkpt lat="45.842739678919315" lon="7.040518121793866">
        <ele>2180.880000000000109</ele>
      </trkpt>
      <trkpt lat="45.842800699174404" lon="7.040307484567165">
        <ele>2177.099999999999909</ele>
      </trkpt>
      <trkpt lat="45.842860713601112" lon="7.040127860382199">
        <ele>2175</ele>
      </trkpt>
      <trkpt lat="45.842897845432162" lon="7.040012609213591">
        <ele>2174</ele>
      </trkpt>
      <trkpt lat="45.842910083010793" lon="7.03993683680892">
        <ele>2172.099999999999909</ele>
      </trkpt>
      <trkpt lat="45.842932965606451" lon="7.039871541783214">
        <ele>2170.809999999999945</ele>
      </trkpt>
      <trkpt lat="45.842947382479906" lon="7.039832230657339">
        <ele>2170</ele>
      </trkpt>
      <trkpt lat="45.842955261468887" lon="7.039769617840648">
        <ele>2169.190000000000055</ele>
      </trkpt>
      <trkpt lat="45.842961547896266" lon="7.039694096893072">
        <ele>2169</ele>
      </trkpt>
      <trkpt lat="45.843015862628818" lon="7.039616983383894">
        <ele>2167.679999999999836</ele>
      </trkpt>
      <trkpt lat="45.843073613941669" lon="7.039416991174221">
        <ele>2165.039999999999964</ele>
      </trkpt>
      <trkpt lat="45.84313471801579" lon="7.039212808012962">
        <ele>2161.690000000000055</ele>
      </trkpt>
      <trkpt lat="45.843175789341331" lon="7.039062855765224">
        <ele>2159.269999999999982</ele>
      </trkpt>
      <trkpt lat="45.843228427693248" lon="7.038886751979589">
        <ele>2156.139999999999873</ele>
      </trkpt>
      <trkpt lat="45.84326321259141" lon="7.038726154714823">
        <ele>2154</ele>
      </trkpt>
      <trkpt lat="45.843281820416451" lon="7.038649376481771">
        <ele>2152.610000000000127</ele>
      </trkpt>
      <trkpt lat="45.843278970569372" lon="7.038610568270087">
        <ele>2152.010000000000218</ele>
      </trkpt>
      <trkpt lat="45.843283329159021" lon="7.038606377318501">
        <ele>2151.989999999999782</ele>
      </trkpt>
      <trkpt lat="45.843324065208435" lon="7.038439409807324">
        <ele>2149.440000000000055</ele>
      </trkpt>
      <trkpt lat="45.843376871198416" lon="7.038276130333543">
        <ele>2148</ele>
      </trkpt>
      <trkpt lat="45.843482064083219" lon="7.03810254111886">
        <ele>2146</ele>
      </trkpt>
      <trkpt lat="45.84359404630959" lon="7.037967424839735">
        <ele>2142.989999999999782</ele>
      </trkpt>
      <trkpt lat="45.843688426539302" lon="7.037865165621042">
        <ele>2140</ele>
      </trkpt>
      <trkpt lat="45.843866039067507" lon="7.037722337990999">
        <ele>2137</ele>
      </trkpt>
      <trkpt lat="45.843933764845133" lon="7.037636088207364">
        <ele>2135.800000000000182</ele>
      </trkpt>
      <trkpt lat="45.843997299671173" lon="7.037489740177989">
        <ele>2134.070000000000164</ele>
      </trkpt>
      <trkpt lat="45.844061840325594" lon="7.037397203966975">
        <ele>2132.449999999999818</ele>
      </trkpt>
      <trkpt lat="45.844161668792367" lon="7.037255968898535">
        <ele>2129.210000000000036</ele>
      </trkpt>
      <trkpt lat="45.844250600785017" lon="7.03718195669353">
        <ele>2127</ele>
      </trkpt>
      <trkpt lat="45.844377418980002" lon="7.037083804607391">
        <ele>2124.210000000000036</ele>
      </trkpt>
      <trkpt lat="45.844462998211384" lon="7.036986155435443">
        <ele>2120.260000000000218</ele>
      </trkpt>
      <trkpt lat="45.844527119770646" lon="7.036892864853144">
        <ele>2118.119999999999891</ele>
      </trkpt>
      <trkpt lat="45.844612782821059" lon="7.036717934533954">
        <ele>2114.309999999999945</ele>
      </trkpt>
      <trkpt lat="45.844701128080487" lon="7.036460945382714">
        <ele>2109.0300000000002</ele>
      </trkpt>
      <trkpt lat="45.844725100323558" lon="7.036439152434468">
        <ele>2106.929999999999836</ele>
      </trkpt>
      <trkpt lat="45.844808835536242" lon="7.036195825785398">
        <ele>2102</ele>
      </trkpt>
      <trkpt lat="45.844831634312868" lon="7.036178475245833">
        <ele>2101.5300000000002</ele>
      </trkpt>
      <trkpt lat="45.844910172745585" lon="7.036115527153015">
        <ele>2099</ele>
      </trkpt>
      <trkpt lat="45.844964571297169" lon="7.036044700071216">
        <ele>2097.010000000000218</ele>
      </trkpt>
      <trkpt lat="45.844993824139237" lon="7.035994241014123">
        <ele>2096.300000000000182</ele>
      </trkpt>
      <trkpt lat="45.845071189105511" lon="7.035948475822806">
        <ele>2094</ele>
      </trkpt>
      <trkpt lat="45.84511904977262" lon="7.03593397513032">
        <ele>2093</ele>
      </trkpt>
      <trkpt lat="45.845190966501832" lon="7.035920564085245">
        <ele>2090.519999999999982</ele>
      </trkpt>
      <trkpt lat="45.845227846875787" lon="7.035880666226149">
        <ele>2089.789999999999964</ele>
      </trkpt>
      <trkpt lat="45.845223404467106" lon="7.035835320129991">
        <ele>2088.019999999999982</ele>
      </trkpt>
      <trkpt lat="45.845202449709177" lon="7.035791482776403">
        <ele>2086.849999999999909</ele>
      </trkpt>
      <trkpt lat="45.845192223787308" lon="7.035721158608794">
        <ele>2085.0300000000002</ele>
      </trkpt>
      <trkpt lat="45.845202952623367" lon="7.035698611289263">
        <ele>2084.309999999999945</ele>
      </trkpt>
      <trkpt lat="45.84530764259398" lon="7.035583192482591">
        <ele>2081.519999999999982</ele>
      </trkpt>
      <trkpt lat="45.845474107190967" lon="7.035471796989441">
        <ele>2075.159999999999854</ele>
      </trkpt>
      <trkpt lat="45.845607966184616" lon="7.035389738157392">
        <ele>2069.650000000000091</ele>
      </trkpt>
      <trkpt lat="45.845714500173926" lon="7.035289239138365">
        <ele>2065.639999999999873</ele>
      </trkpt>
      <trkpt lat="45.845825644209981" lon="7.035152949392796">
        <ele>2061.760000000000218</ele>
      </trkpt>
      <trkpt lat="45.845896387472749" lon="7.035073069855571">
        <ele>2059.760000000000218</ele>
      </trkpt>
      <trkpt lat="45.84594190120697" lon="7.035009115934372">
        <ele>2059</ele>
      </trkpt>
      <trkpt lat="45.846021361649036" lon="7.034966535866261">
        <ele>2057.7199999999998</ele>
      </trkpt>
      <trkpt lat="45.84611289203167" lon="7.034955723211169">
        <ele>2055.179999999999836</ele>
      </trkpt>
      <trkpt lat="45.846155555918813" lon="7.034986484795809">
        <ele>2054.550000000000182</ele>
      </trkpt>
      <trkpt lat="45.846180701628327" lon="7.035009283572435">
        <ele>2053.4699999999998</ele>
      </trkpt>
      <trkpt lat="45.84620232693851" lon="7.034994531422853">
        <ele>2053</ele>
      </trkpt>
      <trkpt lat="45.84621749818325" lon="7.034962847828865">
        <ele>2052.380000000000109</ele>
      </trkpt>
      <trkpt lat="45.84632939659059" lon="7.034911634400487">
        <ele>2050</ele>
      </trkpt>
      <trkpt lat="45.846412293612957" lon="7.034835526719689">
        <ele>2048</ele>
      </trkpt>
      <trkpt lat="45.84645395167172" lon="7.034795042127371">
        <ele>2047</ele>
      </trkpt>
      <trkpt lat="45.84645395167172" lon="7.034795042127371">
        <ele>2047</ele>
      </trkpt>
      <trkpt lat="45.846468536183238" lon="7.034679120406508">
        <ele>2046</ele>
      </trkpt>
      <trkpt lat="45.846516061574221" lon="7.034568730741739">
        <ele>2044.420000000000073</ele>
      </trkpt>
      <trkpt lat="45.846513798460364" lon="7.034474685788155">
        <ele>2043.440000000000055</ele>
      </trkpt>
      <trkpt lat="45.846555205062032" lon="7.034365804865956">
        <ele>2041.039999999999964</ele>
      </trkpt>
      <trkpt lat="45.846570627763867" lon="7.03421794809401">
        <ele>2040.049999999999955</ele>
      </trkpt>
      <trkpt lat="45.846611363813281" lon="7.034131530672312">
        <ele>2038.769999999999982</ele>
      </trkpt>
      <trkpt lat="45.846655620262027" lon="7.033942183479667">
        <ele>2034.519999999999982</ele>
      </trkpt>
      <trkpt lat="45.846635838970542" lon="7.033835062757134">
        <ele>2034</ele>
      </trkpt>
      <trkpt lat="45.846620835363865" lon="7.033565165475011">
        <ele>2031.509999999999991</ele>
      </trkpt>
      <trkpt lat="45.846653105691075" lon="7.033437006175518">
        <ele>2028.630000000000109</ele>
      </trkpt>
      <trkpt lat="45.846702978014946" lon="7.033366346731782">
        <ele>2025.880000000000109</ele>
      </trkpt>
      <trkpt lat="45.846730135381222" lon="7.033285796642303">
        <ele>2024.930000000000064</ele>
      </trkpt>
      <trkpt lat="45.846738014370203" lon="7.033268362283707">
        <ele>2024.839999999999918</ele>
      </trkpt>
      <trkpt lat="45.846767770126462" lon="7.033202815800905">
        <ele>2023</ele>
      </trkpt>
      <trkpt lat="45.846767770126462" lon="7.033202815800905">
        <ele>2023</ele>
      </trkpt>
      <trkpt lat="45.846770703792572" lon="7.033196277916431">
        <ele>2023</ele>
      </trkpt>
      <trkpt lat="45.846803477033973" lon="7.033094018697739">
        <ele>2021.039999999999964</ele>
      </trkpt>
      <trkpt lat="45.846840608865023" lon="7.032978599891067">
        <ele>2019.289999999999964</ele>
      </trkpt>
      <trkpt lat="45.846852762624621" lon="7.032917663455009">
        <ele>2019</ele>
      </trkpt>
      <trkpt lat="45.846915291622281" lon="7.032991340383887">
        <ele>2017</ele>
      </trkpt>
      <trkpt lat="45.846938928589225" lon="7.032966362312436">
        <ele>2016.400000000000091</ele>
      </trkpt>
      <trkpt lat="45.846960553899407" lon="7.032863264903426">
        <ele>2015</ele>
      </trkpt>
      <trkpt lat="45.846951752901077" lon="7.032684898003936">
        <ele>2012.410000000000082</ele>
      </trkpt>
      <trkpt lat="45.847029201686382" lon="7.032587751746178">
        <ele>2009.430000000000064</ele>
      </trkpt>
      <trkpt lat="45.847084354609251" lon="7.03247451223433">
        <ele>2007</ele>
      </trkpt>
      <trkpt lat="45.847139926627278" lon="7.032247362658381">
        <ele>2002.349999999999909</ele>
      </trkpt>
      <trkpt lat="45.847115702927113" lon="7.032099841162562">
        <ele>1998.8900000000001</ele>
      </trkpt>
      <trkpt lat="45.847064238041639" lon="7.03198442235589">
        <ele>1996.039999999999964</ele>
      </trkpt>
      <trkpt lat="45.847084103152156" lon="7.03195852227509">
        <ele>1995.059999999999945</ele>
      </trkpt>
      <trkpt lat="45.847236318513751" lon="7.031905297189951">
        <ele>1990.8900000000001</ele>
      </trkpt>
      <trkpt lat="45.847219051793218" lon="7.031766576692462">
        <ele>1988.480000000000018</ele>
      </trkpt>
      <trkpt lat="45.847179740667343" lon="7.031725756824017">
        <ele>1987.150000000000091</ele>
      </trkpt>
      <trkpt lat="45.847182841971517" lon="7.031711088493466">
        <ele>1987</ele>
      </trkpt>
      <trkpt lat="45.847252579405904" lon="7.031698934733868">
        <ele>1985.809999999999945</ele>
      </trkpt>
      <trkpt lat="45.847353916615248" lon="7.031718967482448">
        <ele>1983.019999999999982</ele>
      </trkpt>
      <trkpt lat="45.847386857494712" lon="7.031749561429024">
        <ele>1982.349999999999909</ele>
      </trkpt>
      <trkpt lat="45.847363471984863" lon="7.031589047983289">
        <ele>1980.049999999999955</ele>
      </trkpt>
      <trkpt lat="45.847461791709065" lon="7.031583096832037">
        <ele>1977.029999999999973</ele>
      </trkpt>
      <trkpt lat="45.847577042877674" lon="7.031635232269764">
        <ele>1974.680000000000064</ele>
      </trkpt>
      <trkpt lat="45.847826739773154" lon="7.031772863119841">
        <ele>1968.940000000000055</ele>
      </trkpt>
      <trkpt lat="45.848101917654276" lon="7.031782418489456">
        <ele>1964.619999999999891</ele>
      </trkpt>
      <trkpt lat="45.848222365602851" lon="7.03172299079597">
        <ele>1962.430000000000064</ele>
      </trkpt>
      <trkpt lat="45.84823795594275" lon="7.031679740175605">
        <ele>1961</ele>
      </trkpt>
      <trkpt lat="45.84823795594275" lon="7.031679740175605">
        <ele>1961</ele>
      </trkpt>
      <trkpt lat="45.84816855378449" lon="7.031476395204663">
        <ele>1960</ele>
      </trkpt>
      <trkpt lat="45.84808842279017" lon="7.031328957527876">
        <ele>1960</ele>
      </trkpt>
      <trkpt lat="45.847937799990177" lon="7.031134497374296">
        <ele>1959.039999999999964</ele>
      </trkpt>
      <trkpt lat="45.847933189943433" lon="7.031055456027389">
        <ele>1958.450000000000045</ele>
      </trkpt>
      <trkpt lat="45.847859010100365" lon="7.03073107637465">
        <ele>1954.069999999999936</ele>
      </trkpt>
      <trkpt lat="45.84785632789135" lon="7.030727388337255">
        <ele>1954.089999999999918</ele>
      </trkpt>
      <trkpt lat="45.847744764760137" lon="7.030531167984009">
        <ele>1952.170000000000073</ele>
      </trkpt>
      <trkpt lat="45.847717104479671" lon="7.030497808009386">
        <ele>1952.180000000000064</ele>
      </trkpt>
      <trkpt lat="45.847671590745449" lon="7.030473668128252">
        <ele>1952.220000000000027</ele>
      </trkpt>
      <trkpt lat="45.847624568268657" lon="7.030451623722911">
        <ele>1952.269999999999982</ele>
      </trkpt>
      <trkpt lat="45.847568744793534" lon="7.030440727248788">
        <ele>1950.799999999999955</ele>
      </trkpt>
      <trkpt lat="45.847536977380514" lon="7.030424550175667">
        <ele>1950.869999999999891</ele>
      </trkpt>
      <trkpt lat="45.847510825842619" lon="7.030388927087188">
        <ele>1950.160000000000082</ele>
      </trkpt>
      <trkpt lat="45.847470089793205" lon="7.03029572032392">
        <ele>1950.3599999999999</ele>
      </trkpt>
      <trkpt lat="45.847434299066663" lon="7.030228162184358">
        <ele>1950.529999999999973</ele>
      </trkpt>
      <trkpt lat="45.84740974009037" lon="7.030198909342289">
        <ele>1950.670000000000073</ele>
      </trkpt>
      <trkpt lat="45.847370093688369" lon="7.030161693692207">
        <ele>1950.759999999999991</ele>
      </trkpt>
      <trkpt lat="45.847347714006901" lon="7.030087094753981">
        <ele>1950</ele>
      </trkpt>
      <trkpt lat="45.847278647124767" lon="7.029919708147645">
        <ele>1949</ele>
      </trkpt>
      <trkpt lat="45.84718937985599" lon="7.02979582361877">
        <ele>1947.1099999999999</ele>
      </trkpt>
      <trkpt lat="45.847021071240306" lon="7.029581246897578">
        <ele>1945</ele>
      </trkpt>
      <trkpt lat="45.846892073750496" lon="7.029422409832478">
        <ele>1944</ele>
      </trkpt>
      <trkpt lat="45.84684094414115" lon="7.029328532516956">
        <ele>1943</ele>
      </trkpt>
      <trkpt lat="45.84681554697454" lon="7.029190063476562">
        <ele>1941.710000000000036</ele>
      </trkpt>
      <trkpt lat="45.846810266375542" lon="7.029188722372055">
        <ele>1941.940000000000055</ele>
      </trkpt>
      <trkpt lat="45.846742121502757" lon="7.029163157567382">
        <ele>1941.069999999999936</ele>
      </trkpt>
      <trkpt lat="45.84672468714416" lon="7.029107920825481">
        <ele>1940</ele>
      </trkpt>
      <trkpt lat="45.846668360754848" lon="7.029064670205116">
        <ele>1940.099999999999909</ele>
      </trkpt>
      <trkpt lat="45.846618739888072" lon="7.028982611373067">
        <ele>1940.319999999999936</ele>
      </trkpt>
      <trkpt lat="45.846589151769876" lon="7.028896529227495">
        <ele>1940</ele>
      </trkpt>
      <trkpt lat="45.846450179815292" lon="7.028787480667233">
        <ele>1940.049999999999955</ele>
      </trkpt>
      <trkpt lat="45.846116077154875" lon="7.028430411592126">
        <ele>1939</ele>
      </trkpt>
      <trkpt lat="45.846051285043359" lon="7.028309628367424">
        <ele>1939.240000000000009</ele>
      </trkpt>
      <trkpt lat="45.845881467685103" lon="7.028130507096648">
        <ele>1939.400000000000091</ele>
      </trkpt>
      <trkpt lat="45.845843413844705" lon="7.028048783540726">
        <ele>1938.309999999999945</ele>
      </trkpt>
      <trkpt lat="45.845769485458732" lon="7.02796102501452">
        <ele>1938.589999999999918</ele>
      </trkpt>
      <trkpt lat="45.845731850713491" lon="7.027874104678631">
        <ele>1937.569999999999936</ele>
      </trkpt>
      <trkpt lat="45.845520878210664" lon="7.027755919843912">
        <ele>1937.519999999999982</ele>
      </trkpt>
      <trkpt lat="45.845490703359246" lon="7.027690205723047">
        <ele>1933.339999999999918</ele>
      </trkpt>
      <trkpt lat="45.845443680882454" lon="7.027668077498674">
        <ele>1933.240000000000009</ele>
      </trkpt>
      <trkpt lat="45.845463210716844" lon="7.027562716975808">
        <ele>1932.190000000000055</ele>
      </trkpt>
      <trkpt lat="45.845455415546894" lon="7.027500523254275">
        <ele>1932.8900000000001</ele>
      </trkpt>
      <trkpt lat="45.845399340614676" lon="7.027439083904028">
        <ele>1934.920000000000073</ele>
      </trkpt>
      <trkpt lat="45.845285765826702" lon="7.027418548241258">
        <ele>1938.259999999999991</ele>
      </trkpt>
      <trkpt lat="45.845244359225035" lon="7.027384098619223">
        <ele>1938.960000000000036</ele>
      </trkpt>
      <trkpt lat="45.845187781378627" lon="7.027216963469982">
        <ele>1936.480000000000018</ele>
      </trkpt>
      <trkpt lat="45.845085186883807" lon="7.027139430865645">
        <ele>1937.019999999999982</ele>
      </trkpt>
      <trkpt lat="45.844984771683812" lon="7.027024263516068">
        <ele>1936.880000000000109</ele>
      </trkpt>
      <trkpt lat="45.844962475821376" lon="7.026902306824923">
        <ele>1933.910000000000082</ele>
      </trkpt>
      <trkpt lat="45.844939677044749" lon="7.026869282126427">
        <ele>1934.619999999999891</ele>
      </trkpt>
      <trkpt lat="45.844921823590994" lon="7.026791833341122">
        <ele>1933.769999999999982</ele>
      </trkpt>
      <trkpt lat="45.844778912141919" lon="7.026579352095723">
        <ele>1931.019999999999982</ele>
      </trkpt>
      <trkpt lat="45.844726441428065" lon="7.02652302570641">
        <ele>1929.809999999999945</ele>
      </trkpt>
      <trkpt lat="45.844632983207703" lon="7.026482038199902">
        <ele>1929.450000000000045</ele>
      </trkpt>
      <trkpt lat="45.844575399532914" lon="7.026328900828958">
        <ele>1928.660000000000082</ele>
      </trkpt>
      <trkpt lat="45.844521671533585" lon="7.026213482022285">
        <ele>1929.710000000000036</ele>
      </trkpt>
      <trkpt lat="45.844495771452785" lon="7.026205603033304">
        <ele>1930.700000000000045</ele>
      </trkpt>
      <trkpt lat="45.84445989690721" lon="7.026110552251339">
        <ele>1929.230000000000018</ele>
      </trkpt>
      <trkpt lat="45.844306088984013" lon="7.025951128453016">
        <ele>1928.029999999999973</ele>
      </trkpt>
      <trkpt lat="45.844143312424421" lon="7.025890108197927">
        <ele>1928.380000000000109</ele>
      </trkpt>
      <trkpt lat="45.843977518379688" lon="7.02579203993082">
        <ele>1925.809999999999945</ele>
      </trkpt>
      <trkpt lat="45.843887077644467" lon="7.025737222284079">
        <ele>1926.150000000000091</ele>
      </trkpt>
      <trkpt lat="45.843730419874191" lon="7.025589533150196">
        <ele>1925.1099999999999</ele>
      </trkpt>
      <trkpt lat="45.84355641156435" lon="7.025503199547529">
        <ele>1929.75</ele>
      </trkpt>
      <trkpt lat="45.843494050204754" lon="7.025372022762895">
        <ele>1932.480000000000018</ele>
      </trkpt>
      <trkpt lat="45.843396317213774" lon="7.025241935625672">
        <ele>1933.190000000000055</ele>
      </trkpt>
      <trkpt lat="45.843242090195417" lon="7.02514654956758">
        <ele>1935.5</ele>
      </trkpt>
      <trkpt lat="45.843132454901934" lon="7.025150405243039">
        <ele>1937.319999999999936</ele>
      </trkpt>
      <trkpt lat="45.843055760487914" lon="7.025062730535865">
        <ele>1936.440000000000055</ele>
      </trkpt>
      <trkpt lat="45.842808745801449" lon="7.024596193805337">
        <ele>1938.880000000000109</ele>
      </trkpt>
      <trkpt lat="45.842808745801449" lon="7.024596193805337">
        <ele>1938.880000000000109</ele>
      </trkpt>
      <trkpt lat="45.842680251225829" lon="7.024502819404006">
        <ele>1941.480000000000018</ele>
      </trkpt>
      <trkpt lat="45.842564832419157" lon="7.024271227419376">
        <ele>1945.049999999999955</ele>
      </trkpt>
      <trkpt lat="45.842503225430846" lon="7.024198640137911">
        <ele>1945.700000000000045</ele>
      </trkpt>
      <trkpt lat="45.842401217669249" lon="7.024091184139252">
        <ele>1946.960000000000036</ele>
      </trkpt>
      <trkpt lat="45.842344891279936" lon="7.024038629606366">
        <ele>1947.069999999999936</ele>
      </trkpt>
      <trkpt lat="45.842235088348389" lon="7.023996636271477">
        <ele>1947.299999999999955</ele>
      </trkpt>
      <trkpt lat="45.842020260170102" lon="7.02402756549418">
        <ele>1949.200000000000045</ele>
      </trkpt>
      <trkpt lat="45.841858489438891" lon="7.023944417014718">
        <ele>1949</ele>
      </trkpt>
      <trkpt lat="45.841602087020874" lon="7.023895718157291">
        <ele>1948.589999999999918</ele>
      </trkpt>
      <trkpt lat="45.841426234692335" lon="7.023797733709216">
        <ele>1951.299999999999955</ele>
      </trkpt>
      <trkpt lat="45.841247951611876" lon="7.023606123402715">
        <ele>1952.559999999999945</ele>
      </trkpt>
      <trkpt lat="45.840999763458967" lon="7.023314516991377">
        <ele>1958.079999999999927</ele>
      </trkpt>
      <trkpt lat="45.840948130935431" lon="7.023188034072518">
        <ele>1957.809999999999945</ele>
      </trkpt>
      <trkpt lat="45.840880488976836" lon="7.023142520338297">
        <ele>1961.670000000000073</ele>
      </trkpt>
      <trkpt lat="45.840856349095702" lon="7.023086613044143">
        <ele>1961.869999999999891</ele>
      </trkpt>
      <trkpt lat="45.840738834813237" lon="7.022975385189056">
        <ele>1963.819999999999936</ele>
      </trkpt>
      <trkpt lat="45.840632049366832" lon="7.022773465141654">
        <ele>1964.990000000000009</ele>
      </trkpt>
      <trkpt lat="45.840566670522094" lon="7.022725604474545">
        <ele>1966.210000000000036</ele>
      </trkpt>
      <trkpt lat="45.840476816520095" lon="7.022555703297257">
        <ele>1964.960000000000036</ele>
      </trkpt>
      <trkpt lat="45.840093679726124" lon="7.022045832127333">
        <ele>1977</ele>
      </trkpt>
      <trkpt lat="45.839959653094411" lon="7.02193477191031">
        <ele>1978.059999999999945</ele>
      </trkpt>
      <trkpt lat="45.839836439117789" lon="7.021799823269248">
        <ele>1978.930000000000064</ele>
      </trkpt>
      <trkpt lat="45.839640721678734" lon="7.021665461361408">
        <ele>1981.190000000000055</ele>
      </trkpt>
      <trkpt lat="45.839498564600945" lon="7.021522046998143">
        <ele>1982.190000000000055</ele>
      </trkpt>
      <trkpt lat="45.83928382024169" lon="7.021423056721687">
        <ele>1987.180000000000064</ele>
      </trkpt>
      <trkpt lat="45.839245431125164" lon="7.02142171561718">
        <ele>1988.769999999999982</ele>
      </trkpt>
      <trkpt lat="45.839202180504799" lon="7.021457506343722">
        <ele>1991.6099999999999</ele>
      </trkpt>
      <trkpt lat="45.839160606265068" lon="7.021449794992805">
        <ele>1992.799999999999955</ele>
      </trkpt>
      <trkpt lat="45.839125821366906" lon="7.021430097520351">
        <ele>1993.720000000000027</ele>
      </trkpt>
      <trkpt lat="45.839000260457397" lon="7.021282156929374">
        <ele>1994.6400000000001</ele>
      </trkpt>
      <trkpt lat="45.838798843324184" lon="7.021196577697992">
        <ele>1998.849999999999909</ele>
      </trkpt>
      <trkpt lat="45.838646627962589" lon="7.021162044256926">
        <ele>2001.009999999999991</ele>
      </trkpt>
      <trkpt lat="45.838455772027373" lon="7.021087948232889">
        <ele>2003.369999999999891</ele>
      </trkpt>
      <trkpt lat="45.838241865858436" lon="7.021064395084977">
        <ele>2006.950000000000045</ele>
      </trkpt>
      <trkpt lat="45.837886221706867" lon="7.021093983203173">
        <ele>2012.6099999999999</ele>
      </trkpt>
      <trkpt lat="45.83715783432126" lon="7.021154668182135">
        <ele>2025.625</ele>
      </trkpt>
      <trkpt lat="45.8371592592448" lon="7.021123319864273">
        <ele>2024.1484375</ele>
      </trkpt>
      <trkpt lat="45.837065046653152" lon="7.021102616563439">
        <ele>2023.83984375</ele>
      </trkpt>
      <trkpt lat="45.836977455765009" lon="7.021048050373793">
        <ele>2021.65234375</ele>
      </trkpt>
      <trkpt lat="45.836891792714596" lon="7.021004632115364">
        <ele>2019.87890625</ele>
      </trkpt>
      <trkpt lat="45.83680747076869" lon="7.020915532484651">
        <ele>2015.7109375</ele>
      </trkpt>
      <trkpt lat="45.836724825203419" lon="7.020845375955105">
        <ele>2012.06640625</ele>
      </trkpt>
      <trkpt lat="45.83663497120142" lon="7.020788881927729">
        <ele>2008.921875</ele>
      </trkpt>
      <trkpt lat="45.836538076400757" lon="7.020751917734742">
        <ele>2006.66796875</ele>
      </trkpt>
      <trkpt lat="45.836453670635819" lon="7.020698189735413">
        <ele>2004.30078125</ele>
      </trkpt>
      <trkpt lat="45.836373288184404" lon="7.020628368481994">
        <ele>2002.44140625</ele>
      </trkpt>
      <trkpt lat="45.83628804422915" lon="7.020582016557455">
        <ele>2000.81640625</ele>
      </trkpt>
      <trkpt lat="45.836194921284914" lon="7.020527366548777">
        <ele>1998.2421875</ele>
      </trkpt>
      <trkpt lat="45.8361023850739" lon="7.020517643541098">
        <ele>1996.25</ele>
      </trkpt>
      <trkpt lat="45.83601932041347" lon="7.020499119535089">
        <ele>1994.26171875</ele>
      </trkpt>
      <trkpt lat="45.835931980982423" lon="7.020460898056626">
        <ele>1992.4296875</ele>
      </trkpt>
      <trkpt lat="45.835849670693278" lon="7.020511021837592">
        <ele>1993.44921875</ele>
      </trkpt>
      <trkpt lat="45.835783537477255" lon="7.020614454522729">
        <ele>1994.7421875</ele>
      </trkpt>
      <trkpt lat="45.835711788386106" lon="7.020726520568132">
        <ele>1995.41796875</ele>
      </trkpt>
      <trkpt lat="45.835637943819165" lon="7.020825929939747">
        <ele>1998.7109375</ele>
      </trkpt>
      <trkpt lat="45.835547754541039" lon="7.020909916609526">
        <ele>2001.6484375</ele>
      </trkpt>
      <trkpt lat="45.835479442030191" lon="7.020957944914699">
        <ele>2002.6796875</ele>
      </trkpt>
      <trkpt lat="45.835381876677275" lon="7.020963560789824">
        <ele>2004.29296875</ele>
      </trkpt>
      <trkpt lat="45.835333177819848" lon="7.021030951291323">
        <ele>2005.71484375</ele>
      </trkpt>
      <trkpt lat="45.835276180878282" lon="7.021081577986479">
        <ele>2007.32421875</ele>
      </trkpt>
      <trkpt lat="45.835277521982789" lon="7.020943025127053">
        <ele>2009.078125</ele>
      </trkpt>
      <trkpt lat="45.83531029522419" lon="7.020781673491001">
        <ele>2010</ele>
      </trkpt>
      <trkpt lat="45.835332423448563" lon="7.020635241642594">
        <ele>2009.9140625</ele>
      </trkpt>
      <trkpt lat="45.835303170606494" lon="7.020505573600531">
        <ele>2012.37890625</ele>
      </trkpt>
      <trkpt lat="45.835298979654908" lon="7.020352268591523">
        <ele>2013.94921875</ele>
      </trkpt>
      <trkpt lat="45.83536796271801" lon="7.020237436518073">
        <ele>2010.71875</ele>
      </trkpt>
      <trkpt lat="45.835328567773104" lon="7.020098296925426">
        <ele>2013.359375</ele>
      </trkpt>
      <trkpt lat="45.835294537246227" lon="7.019941974431276">
        <ele>2014.1328125</ele>
      </trkpt>
      <trkpt lat="45.835241060703993" lon="7.019789172336459">
        <ele>2015.42578125</ele>
      </trkpt>
      <trkpt lat="45.83526193164289" lon="7.019641399383545">
        <ele>2011.37109375</ele>
      </trkpt>
      <trkpt lat="45.835275258868933" lon="7.019518353044987">
        <ele>2010.1953125</ele>
      </trkpt>
      <trkpt lat="45.835284143686295" lon="7.019363539293408">
        <ele>2009.9765625</ele>
      </trkpt>
      <trkpt lat="45.835328735411167" lon="7.019232530146837">
        <ele>2009.6640625</ele>
      </trkpt>
      <trkpt lat="45.83538556471467" lon="7.019106550142169">
        <ele>2009.109375</ele>
      </trkpt>
      <trkpt lat="45.83544566296041" lon="7.018969422206283">
        <ele>2009.140625</ele>
      </trkpt>
      <trkpt lat="45.835496122017503" lon="7.018833551555872">
        <ele>2010.18359375</ele>
      </trkpt>
      <trkpt lat="45.835526799783111" lon="7.018687790259719">
        <ele>2011.87890625</ele>
      </trkpt>
      <trkpt lat="45.835621347650886" lon="7.018622159957886">
        <ele>2007.55078125</ele>
      </trkpt>
      <trkpt lat="45.835693180561066" lon="7.018543621525168">
        <ele>2004.78515625</ele>
      </trkpt>
      <trkpt lat="45.835739364847541" lon="7.018416216596961">
        <ele>2006.0390625</ele>
      </trkpt>
      <trkpt lat="45.835785968229175" lon="7.018274646252394">
        <ele>2007.96875</ele>
      </trkpt>
      <trkpt lat="45.835830979049206" lon="7.018125532194972">
        <ele>2009.671875</ele>
      </trkpt>
      <trkpt lat="45.835901973769069" lon="7.017999552190304">
        <ele>2008.578125</ele>
      </trkpt>
      <trkpt lat="45.835956120863557" lon="7.017877176403999">
        <ele>2007.09765625</ele>
      </trkpt>
      <trkpt lat="45.836017895489931" lon="7.01774574816227">
        <ele>2005.87109375</ele>
      </trkpt>
      <trkpt lat="45.836114538833499" lon="7.017663354054093">
        <ele>2003.0078125</ele>
      </trkpt>
      <trkpt lat="45.836194166913629" lon="7.01753418892622">
        <ele>2001.71484375</ele>
      </trkpt>
      <trkpt lat="45.836231131106615" lon="7.017402425408363">
        <ele>2002.1484375</ele>
      </trkpt>
      <trkpt lat="45.836312435567379" lon="7.017299495637417">
        <ele>2000.0546875</ele>
      </trkpt>
      <trkpt lat="45.836367169395089" lon="7.01715306378901">
        <ele>2000.21875</ele>
      </trkpt>
      <trkpt lat="45.836345376446843" lon="7.016969583928585">
        <ele>2002.5</ele>
      </trkpt>
      <trkpt lat="45.836391728371382" lon="7.016812339425087">
        <ele>2001.359375</ele>
      </trkpt>
      <trkpt lat="45.836364654824138" lon="7.016639169305563">
        <ele>2001.51171875</ele>
      </trkpt>
      <trkpt lat="45.836353255435824" lon="7.016485361382365">
        <ele>2000.5390625</ele>
      </trkpt>
      <trkpt lat="45.836309753358364" lon="7.016308335587382">
        <ele>2000.296875</ele>
      </trkpt>
      <trkpt lat="45.836254851892591" lon="7.016166429966688">
        <ele>2000.55078125</ele>
      </trkpt>
      <trkpt lat="45.836202297359705" lon="7.016048328951001">
        <ele>2001.05078125</ele>
      </trkpt>
      <trkpt lat="45.836151754483581" lon="7.015906842425466">
        <ele>2000.3671875</ele>
      </trkpt>
      <trkpt lat="45.836071036756039" lon="7.015772480517626">
        <ele>2001.5390625</ele>
      </trkpt>
      <trkpt lat="45.83603248000145" lon="7.015620768070221">
        <ele>1998.125</ele>
      </trkpt>
      <trkpt lat="45.835969867184758" lon="7.015484143048525">
        <ele>1996.0546875</ele>
      </trkpt>
      <trkpt lat="45.835903231054544" lon="7.015335028991103">
        <ele>1993.9453125</ele>
      </trkpt>
      <trkpt lat="45.835870709270239" lon="7.015202092006803">
        <ele>1990.80078125</ele>
      </trkpt>
      <trkpt lat="45.835785968229175" lon="7.01507929712534">
        <ele>1994.00390625</ele>
      </trkpt>
      <trkpt lat="45.835725534707308" lon="7.01491953805089">
        <ele>1995.48046875</ele>
      </trkpt>
      <trkpt lat="45.835679853335023" lon="7.014779895544052">
        <ele>1996.19921875</ele>
      </trkpt>
      <trkpt lat="45.835631573572755" lon="7.01464737765491">
        <ele>1996.59375</ele>
      </trkpt>
      <trkpt lat="45.835569044575095" lon="7.014522068202496">
        <ele>1996.66015625</ele>
      </trkpt>
      <trkpt lat="45.835496541112661" lon="7.014396088197827">
        <ele>1996.421875</ele>
      </trkpt>
      <trkpt lat="45.835416745394468" lon="7.014276394620538">
        <ele>1995.61328125</ele>
      </trkpt>
      <trkpt lat="45.835333094000816" lon="7.014160137623549">
        <ele>1995.08203125</ele>
      </trkpt>
      <trkpt lat="45.835285820066929" lon="7.014049999415874">
        <ele>1993.15625</ele>
      </trkpt>
      <trkpt lat="45.835231589153409" lon="7.013892671093345">
        <ele>1993.234375</ele>
      </trkpt>
      <trkpt lat="45.835201246663928" lon="7.01374389231205">
        <ele>1992.578125</ele>
      </trkpt>
      <trkpt lat="45.835182219743729" lon="7.013592766597867">
        <ele>1992.15234375</ele>
      </trkpt>
      <trkpt lat="45.835145255550742" lon="7.013435019180179">
        <ele>1992.328125</ele>
      </trkpt>
      <trkpt lat="45.835101082921028" lon="7.013281127437949">
        <ele>1991.93359375</ele>
      </trkpt>
      <trkpt lat="45.835066298022866" lon="7.013103263452649">
        <ele>1990.46484375</ele>
      </trkpt>
      <trkpt lat="45.835015084594488" lon="7.012941995635629">
        <ele>1990.546875</ele>
      </trkpt>
      <trkpt lat="45.834969151765108" lon="7.012773687019944">
        <ele>1988.48828125</ele>
      </trkpt>
      <trkpt lat="45.83490134216845" lon="7.012621555477381">
        <ele>1987.9609375</ele>
      </trkpt>
      <trkpt lat="45.834853062406182" lon="7.012493647634983">
        <ele>1986.45703125</ele>
      </trkpt>
      <trkpt lat="45.834795562550426" lon="7.012336319312453">
        <ele>1984.8203125</ele>
      </trkpt>
      <trkpt lat="45.834722137078643" lon="7.012203969061375">
        <ele>1985.36328125</ele>
      </trkpt>
      <trkpt lat="45.834639826789498" lon="7.012082599103451">
        <ele>1985.6953125</ele>
      </trkpt>
      <trkpt lat="45.834567155689001" lon="7.011956283822656">
        <ele>1984.44921875</ele>
      </trkpt>
      <trkpt lat="45.834503034129739" lon="7.011858131736517">
        <ele>1983.4296875</ele>
      </trkpt>
      <trkpt lat="45.83439658395946" lon="7.01184019446373">
        <ele>1987.04296875</ele>
      </trkpt>
      <trkpt lat="45.834295498207211" lon="7.011798955500126">
        <ele>1990.296875</ele>
      </trkpt>
      <trkpt lat="45.834357272833586" lon="7.011632658541203">
        <ele>1984.19140625</ele>
      </trkpt>
      <trkpt lat="45.834373366087675" lon="7.011480191722512">
        <ele>1981.10546875</ele>
      </trkpt>
      <trkpt lat="45.834387196227908" lon="7.011332921683788">
        <ele>1978.8828125</ele>
      </trkpt>
      <trkpt lat="45.834429021924734" lon="7.01121574267745">
        <ele>1975.15234375</ele>
      </trkpt>
      <trkpt lat="45.834419969469309" lon="7.011083140969276">
        <ele>1975.328125</ele>
      </trkpt>
      <trkpt lat="45.834403373301029" lon="7.010932769626379">
        <ele>1975.49609375</ele>
      </trkpt>
      <trkpt lat="45.834385268390179" lon="7.010787762701511">
        <ele>1975.16796875</ele>
      </trkpt>
      <trkpt lat="45.834359368309379" lon="7.01064988039434">
        <ele>1974.53515625</ele>
      </trkpt>
      <trkpt lat="45.834307316690683" lon="7.010503616183996">
        <ele>1974.5</ele>
      </trkpt>
      <trkpt lat="45.834284853190184" lon="7.010362967848778">
        <ele>1973.09765625</ele>
      </trkpt>
      <trkpt lat="45.834255432710052" lon="7.010219553485513">
        <ele>1972.20703125</ele>
      </trkpt>
      <trkpt lat="45.834202291443944" lon="7.010095585137606">
        <ele>1972.2421875</ele>
      </trkpt>
      <trkpt lat="45.83413322456181" lon="7.009989218786359">
        <ele>1972.953125</ele>
      </trkpt>
      <trkpt lat="45.834062146022916" lon="7.00988813303411">
        <ele>1973.4921875</ele>
      </trkpt>
      <trkpt lat="45.834002466872334" lon="7.009775564074516">
        <ele>1971.984375</ele>
      </trkpt>
      <trkpt lat="45.83395142108202" lon="7.009653691202402">
        <ele>1969.359375</ele>
      </trkpt>
      <trkpt lat="45.833893669769168" lon="7.009536847472191">
        <ele>1968.625</ele>
      </trkpt>
      <trkpt lat="45.833815550431609" lon="7.009425619617105">
        <ele>1969.59765625</ele>
      </trkpt>
      <trkpt lat="45.833730138838291" lon="7.009340124204755">
        <ele>1971.48046875</ele>
      </trkpt>
      <trkpt lat="45.833645481616259" lon="7.009250018745661">
        <ele>1972.734375</ele>
      </trkpt>
      <trkpt lat="45.833580438047647" lon="7.009133761748672">
        <ele>1972.11328125</ele>
      </trkpt>
      <trkpt lat="45.833520088344812" lon="7.009005853906274">
        <ele>1970.51953125</ele>
      </trkpt>
      <trkpt lat="45.833454122766852" lon="7.008898062631488">
        <ele>1969.54296875</ele>
      </trkpt>
      <trkpt lat="45.833390587940812" lon="7.008779542520642">
        <ele>1968.73046875</ele>
      </trkpt>
      <trkpt lat="45.833337781950831" lon="7.008661273866892">
        <ele>1967.58984375</ele>
      </trkpt>
      <trkpt lat="45.83327516913414" lon="7.008532360196114">
        <ele>1966.01171875</ele>
      </trkpt>
      <trkpt lat="45.833190679550171" lon="7.008456084877253">
        <ele>1967.4765625</ele>
      </trkpt>
      <trkpt lat="45.833107531070709" lon="7.008383246138692">
        <ele>1969.81640625</ele>
      </trkpt>
      <trkpt lat="45.833041649311781" lon="7.00827419757843">
        <ele>1970.0078125</ele>
      </trkpt>
      <trkpt lat="45.832985574379563" lon="7.008144780993462">
        <ele>1968.765625</ele>
      </trkpt>
      <trkpt lat="45.832952465862036" lon="7.00800497084856">
        <ele>1965.87109375</ele>
      </trkpt>
      <trkpt lat="45.832908879965544" lon="7.007883936166763">
        <ele>1963.24609375</ele>
      </trkpt>
      <trkpt lat="45.832880297675729" lon="7.007753178477287">
        <ele>1959.40625</ele>
      </trkpt>
      <trkpt lat="45.832868898287416" lon="7.007683692499995">
        <ele>1957.05078125</ele>
      </trkpt>
      <trkpt lat="45.832936624065042" lon="7.007741946727037">
        <ele>1956.83203125</ele>
      </trkpt>
      <trkpt lat="45.833019185811281" lon="7.007704563438892">
        <ele>1953.19921875</ele>
      </trkpt>
      <trkpt lat="45.833105351775885" lon="7.007782431319356">
        <ele>1953.1796875</ele>
      </trkpt>
      <trkpt lat="45.833164025098085" lon="7.007754854857922">
        <ele>1950.64453125</ele>
      </trkpt>
      <trkpt lat="45.833158744499087" lon="7.007617140188813">
        <ele>1947.61328125</ele>
      </trkpt>
      <trkpt lat="45.833081128075719" lon="7.00752317905426">
        <ele>1947.69140625</ele>
      </trkpt>
      <trkpt lat="45.833000494167209" lon="7.007444137707353">
        <ele>1947.953125</ele>
      </trkpt>
      <trkpt lat="45.832916256040335" lon="7.007386973127723">
        <ele>1948.55859375</ele>
      </trkpt>
      <trkpt lat="45.832849955186248" lon="7.007284797728062">
        <ele>1947.99609375</ele>
      </trkpt>
      <trkpt lat="45.83278264850378" lon="7.007186394184828">
        <ele>1947.1640625</ele>
      </trkpt>
      <trkpt lat="45.832708049565554" lon="7.007109029218554">
        <ele>1946.71484375</ele>
      </trkpt>
      <trkpt lat="45.832644933834672" lon="7.006984641775489">
        <ele>1944.3046875</ele>
      </trkpt>
      <trkpt lat="45.832594893872738" lon="7.006864361464977">
        <ele>1942.15234375</ele>
      </trkpt>
      <trkpt lat="45.83252415060997" lon="7.006739638745785">
        <ele>1942.8125</ele>
      </trkpt>
      <trkpt lat="45.832481570541859" lon="7.006626985967159">
        <ele>1942.734375</ele>
      </trkpt>
      <trkpt lat="45.832408564165235" lon="7.0065160933882">
        <ele>1943.3828125</ele>
      </trkpt>
      <trkpt lat="45.832327846437693" lon="7.006454737856984">
        <ele>1944.96875</ele>
      </trkpt>
      <trkpt lat="45.832258528098464" lon="7.0063641294837">
        <ele>1945.875</ele>
      </trkpt>
      <trkpt lat="45.832183174788952" lon="7.006272934377193">
        <ele>1946.640625</ele>
      </trkpt>
      <trkpt lat="45.832096254453063" lon="7.006168998777866">
        <ele>1946.0546875</ele>
      </trkpt>
      <trkpt lat="45.832014530897141" lon="7.006075289100409">
        <ele>1945.609375</ele>
      </trkpt>
      <trkpt lat="45.831933561712503" lon="7.005988955497742">
        <ele>1945.00390625</ele>
      </trkpt>
      <trkpt lat="45.83183222450316" lon="7.005897341296077">
        <ele>1943.40234375</ele>
      </trkpt>
      <trkpt lat="45.831728121265769" lon="7.005816958844662">
        <ele>1943.5859375</ele>
      </trkpt>
      <trkpt lat="45.8316436316818" lon="7.005712268874049">
        <ele>1942.75</ele>
      </trkpt>
      <trkpt lat="45.83155763335526" lon="7.005581595003605">
        <ele>1943.62890625</ele>
      </trkpt>
      <trkpt lat="45.831519830971956" lon="7.005450334399939">
        <ele>1941.875</ele>
      </trkpt>
      <trkpt lat="45.831471467390656" lon="7.005327120423317">
        <ele>1941.47265625</ele>
      </trkpt>
      <trkpt lat="45.831392593681812" lon="7.005217233672738">
        <ele>1943.2265625</ele>
      </trkpt>
      <trkpt lat="45.831298632547259" lon="7.005151938647032">
        <ele>1946.9375</ele>
      </trkpt>
      <trkpt lat="45.831197379156947" lon="7.005070131272078">
        <ele>1949.84375</ele>
      </trkpt>
      <trkpt lat="45.831110626459122" lon="7.004966447129846">
        <ele>1950.2890625</ele>
      </trkpt>
      <trkpt lat="45.831020269542933" lon="7.004858320578933">
        <ele>1950.95703125</ele>
      </trkpt>
      <trkpt lat="45.830940557643771" lon="7.004732089117169">
        <ele>1951.56640625</ele>
      </trkpt>
      <trkpt lat="45.830856654793024" lon="7.004637457430363">
        <ele>1953.26171875</ele>
      </trkpt>
      <trkpt lat="45.830749031156301" lon="7.004585489630699">
        <ele>1957.0703125</ele>
      </trkpt>
      <trkpt lat="45.830629086121917" lon="7.004530923441052">
        <ele>1960.2578125</ele>
      </trkpt>
      <trkpt lat="45.830528335645795" lon="7.004454229027033">
        <ele>1960.09375</ele>
      </trkpt>
      <trkpt lat="45.830412330105901" lon="7.004385748878121">
        <ele>1960.7578125</ele>
      </trkpt>
      <trkpt lat="45.830304371193051" lon="7.004276281222701">
        <ele>1957.36328125</ele>
      </trkpt>
      <trkpt lat="45.830199932679534" lon="7.004171088337898">
        <ele>1954.6796875</ele>
      </trkpt>
      <trkpt lat="45.830088956281543" lon="7.004133872687817">
        <ele>1957.24609375</ele>
      </trkpt>
      <trkpt lat="45.829987367615104" lon="7.004049047827721">
        <ele>1958.49609375</ele>
      </trkpt>
      <trkpt lat="45.82993489690125" lon="7.003930946812034">
        <ele>1959.40234375</ele>
      </trkpt>
      <trkpt lat="45.829864740371704" lon="7.003816533833742">
        <ele>1961.7578125</ele>
      </trkpt>
      <trkpt lat="45.829791650176048" lon="7.003679573535919">
        <ele>1964.1171875</ele>
      </trkpt>
      <trkpt lat="45.829723086208105" lon="7.003541858866811">
        <ele>1966.4140625</ele>
      </trkpt>
      <trkpt lat="45.829653516411781" lon="7.003411268815398">
        <ele>1968.48828125</ele>
      </trkpt>
      <trkpt lat="45.829610684886575" lon="7.003258299082518">
        <ele>1968.35546875</ele>
      </trkpt>
      <trkpt lat="45.829514376819134" lon="7.003149418160319">
        <ele>1969.40234375</ele>
      </trkpt>
      <trkpt lat="45.829422762617469" lon="7.00307859107852">
        <ele>1969.84765625</ele>
      </trkpt>
      <trkpt lat="45.829333998262882" lon="7.003018660470843">
        <ele>1970.0625</ele>
      </trkpt>
      <trkpt lat="45.829227967187762" lon="7.003005836158991">
        <ele>1971.65625</ele>
      </trkpt>
      <trkpt lat="45.829106848686934" lon="7.003036430105567">
        <ele>1975.2578125</ele>
      </trkpt>
      <trkpt lat="45.829014396294951" lon="7.003005333244801">
        <ele>1974.99609375</ele>
      </trkpt>
      <trkpt lat="45.828918926417828" lon="7.002903241664171">
        <ele>1972.21875</ele>
      </trkpt>
      <trkpt lat="45.828844830393791" lon="7.002804419025779">
        <ele>1970.62890625</ele>
      </trkpt>
      <trkpt lat="45.828771824017167" lon="7.002707859501243">
        <ele>1969.265625</ele>
      </trkpt>
      <trkpt lat="45.828681970015168" lon="7.002632757648826">
        <ele>1970.69140625</ele>
      </trkpt>
      <trkpt lat="45.828581973910332" lon="7.00257383286953">
        <ele>1973.73828125</ele>
      </trkpt>
      <trkpt lat="45.828522630035877" lon="7.002451876178384">
        <ele>1973.66796875</ele>
      </trkpt>
      <trkpt lat="45.828480217605829" lon="7.002318687736988">
        <ele>1972.34375</ele>
      </trkpt>
      <trkpt lat="45.82838399335742" lon="7.002271078526974">
        <ele>1975.60546875</ele>
      </trkpt>
      <trkpt lat="45.82831216044724" lon="7.002163790166378">
        <ele>1975.8515625</ele>
      </trkpt>
      <trkpt lat="45.828246781602502" lon="7.002045437693596">
        <ele>1976.5234375</ele>
      </trkpt>
      <trkpt lat="45.828175283968449" lon="7.001935383304954">
        <ele>1978.83984375</ele>
      </trkpt>
      <trkpt lat="45.828090459108353" lon="7.001839494332671">
        <ele>1983.6953125</ele>
      </trkpt>
      <trkpt lat="45.828052992001176" lon="7.001688787713647">
        <ele>1986.25</ele>
      </trkpt>
      <trkpt lat="45.828023739159107" lon="7.001535147428513">
        <ele>1988.5</ele>
      </trkpt>
      <trkpt lat="45.828026840463281" lon="7.00137278996408">
        <ele>1988.51171875</ele>
      </trkpt>
      <trkpt lat="45.828007059171796" lon="7.001208253204823">
        <ele>1989.29296875</ele>
      </trkpt>
      <trkpt lat="45.827961377799511" lon="7.001078585162759">
        <ele>1990.86328125</ele>
      </trkpt>
      <trkpt lat="45.827902117744088" lon="7.00095746666193">
        <ele>1992.796875</ele>
      </trkpt>
      <trkpt lat="45.827825926244259" lon="7.000821093097329">
        <ele>1995.84375</ele>
      </trkpt>
      <trkpt lat="45.827775551006198" lon="7.000686228275299">
        <ele>1996.8984375</ele>
      </trkpt>
      <trkpt lat="45.827686870470643" lon="7.000569049268961">
        <ele>2000.53515625</ele>
      </trkpt>
      <trkpt lat="45.827634567394853" lon="7.000434352084994">
        <ele>2001.2578125</ele>
      </trkpt>
      <trkpt lat="45.827559549361467" lon="7.000309377908707">
        <ele>2002.78515625</ele>
      </trkpt>
      <trkpt lat="45.827510934323072" lon="7.000169651582837">
        <ele>2002.140625</ele>
      </trkpt>
      <trkpt lat="45.827437676489353" lon="7.000035122036934">
        <ele>2003.89453125</ele>
      </trkpt>
      <trkpt lat="45.827373135834932" lon="6.99989908374846">
        <ele>2004.78515625</ele>
      </trkpt>
      <trkpt lat="45.827316138893366" lon="6.999759022146463">
        <ele>2004.515625</ele>
      </trkpt>
      <trkpt lat="45.827272720634937" lon="6.999600268900394">
        <ele>2003.04296875</ele>
      </trkpt>
      <trkpt lat="45.827228296548128" lon="6.999435983598232">
        <ele>2001.65625</ele>
      </trkpt>
      <trkpt lat="45.827187644317746" lon="6.99929516762495">
        <ele>2001.1484375</ele>
      </trkpt>
      <trkpt lat="45.827161073684692" lon="6.999164326116443">
        <ele>2000.984375</ele>
      </trkpt>
      <trkpt lat="45.827124696224928" lon="6.999036082997918">
        <ele>2001.375</ele>
      </trkpt>
      <trkpt lat="45.827085468918085" lon="6.998905660584569">
        <ele>2001.5703125</ele>
      </trkpt>
      <trkpt lat="45.827040458098054" lon="6.998768951743841">
        <ele>2001.48828125</ele>
      </trkpt>
      <trkpt lat="45.82699871622026" lon="6.998638194054365">
        <ele>2001.23828125</ele>
      </trkpt>
      <trkpt lat="45.826960075646639" lon="6.998486733064055">
        <ele>2000.90234375</ele>
      </trkpt>
      <trkpt lat="45.826946496963501" lon="6.998336277902126">
        <ele>2001.32421875</ele>
      </trkpt>
      <trkpt lat="45.826948843896389" lon="6.998195797204971">
        <ele>2000.83203125</ele>
      </trkpt>
      <trkpt lat="45.826933169737458" lon="6.998038217425346">
        <ele>2000.6953125</ele>
      </trkpt>
      <trkpt lat="45.826889835298061" lon="6.99790989048779">
        <ele>2001.60546875</ele>
      </trkpt>
      <trkpt lat="45.826875837519765" lon="6.997767984867096">
        <ele>2000.67578125</ele>
      </trkpt>
      <trkpt lat="45.826844153925776" lon="6.997620379552245">
        <ele>1999.83203125</ele>
      </trkpt>
      <trkpt lat="45.826791180297732" lon="6.997482245787978">
        <ele>1998.96484375</ele>
      </trkpt>
      <trkpt lat="45.82674466073513" lon="6.997348973527551">
        <ele>1997.62109375</ele>
      </trkpt>
      <trkpt lat="45.826693866401911" lon="6.997221149504185">
        <ele>1997.0625</ele>
      </trkpt>
      <trkpt lat="45.826657572761178" lon="6.997107742354274">
        <ele>1996.1484375</ele>
      </trkpt>
      <trkpt lat="45.826626056805253" lon="6.996972961351275">
        <ele>1993.546875</ele>
      </trkpt>
      <trkpt lat="45.82658632658422" lon="6.996855279430747">
        <ele>1991.578125</ele>
      </trkpt>
      <trkpt lat="45.826536789536476" lon="6.996752182021737">
        <ele>1989.51953125</ele>
      </trkpt>
      <trkpt lat="45.826455820351839" lon="6.996670961380005">
        <ele>1988.94921875</ele>
      </trkpt>
      <trkpt lat="45.826373426243663" lon="6.996605917811394">
        <ele>1988.91796875</ele>
      </trkpt>
      <trkpt lat="45.82632246427238" lon="6.996480189263821">
        <ele>1987.1015625</ele>
      </trkpt>
      <trkpt lat="45.82625306211412" lon="6.996392346918583">
        <ele>1986.953125</ele>
      </trkpt>
      <trkpt lat="45.826170332729816" lon="6.996325124055147">
        <ele>1988.390625</ele>
      </trkpt>
      <trkpt lat="45.826101768761873" lon="6.996230660006404">
        <ele>1988.3671875</ele>
      </trkpt>
      <trkpt lat="45.82605667412281" lon="6.996113481000066">
        <ele>1986.390625</ele>
      </trkpt>
      <trkpt lat="45.826027086004615" lon="6.995989177376032">
        <ele>1983.38671875</ele>
      </trkpt>
      <trkpt lat="45.825966652482748" lon="6.99587669223547">
        <ele>1981.05859375</ele>
      </trkpt>
      <trkpt lat="45.825939327478409" lon="6.995731433853507">
        <ele>1977.328125</ele>
      </trkpt>
      <trkpt lat="45.825916780158877" lon="6.995586762204766">
        <ele>1976.28515625</ele>
      </trkpt>
      <trkpt lat="45.825873361900449" lon="6.995459776371717">
        <ele>1976.40625</ele>
      </trkpt>
      <trkpt lat="45.825837990269065" lon="6.99532063677907">
        <ele>1976.08984375</ele>
      </trkpt>
      <trkpt lat="45.825836565345526" lon="6.995164817199111">
        <ele>1973.84765625</ele>
      </trkpt>
      <trkpt lat="45.825819130986929" lon="6.995026934891939">
        <ele>1971.7421875</ele>
      </trkpt>
      <trkpt lat="45.825792141258717" lon="6.994885699823499">
        <ele>1969.625</ele>
      </trkpt>
      <trkpt lat="45.825748052448034" lon="6.994750499725342">
        <ele>1967.66796875</ele>
      </trkpt>
      <trkpt lat="45.8257170394063" lon="6.994599960744381">
        <ele>1965.12890625</ele>
      </trkpt>
      <trkpt lat="45.825673621147871" lon="6.994482362642884">
        <ele>1965.1953125</ele>
      </trkpt>
      <trkpt lat="45.825611259788275" lon="6.994378343224525">
        <ele>1966.76953125</ele>
      </trkpt>
      <trkpt lat="45.825583850964904" lon="6.99425202794373">
        <ele>1966.48046875</ele>
      </trkpt>
      <trkpt lat="45.825571781024337" lon="6.994109870865941">
        <ele>1965.27734375</ele>
      </trkpt>
      <trkpt lat="45.825573373585939" lon="6.993966456502676">
        <ele>1963.91796875</ele>
      </trkpt>
      <trkpt lat="45.825591562315822" lon="6.993832932785153">
        <ele>1962.41015625</ele>
      </trkpt>
      <trkpt lat="45.825589885935187" lon="6.993699744343758">
        <ele>1961.140625</ele>
      </trkpt>
      <trkpt lat="45.825554598122835" lon="6.993574686348438">
        <ele>1960.55078125</ele>
      </trkpt>
      <trkpt lat="45.825535319745541" lon="6.993425069376826">
        <ele>1958.5078125</ele>
      </trkpt>
      <trkpt lat="45.825516041368246" lon="6.993292467668653">
        <ele>1956.21484375</ele>
      </trkpt>
      <trkpt lat="45.825464241206646" lon="6.993162967264652">
        <ele>1954.3671875</ele>
      </trkpt>
      <trkpt lat="45.825398191809654" lon="6.993032796308398">
        <ele>1952.9609375</ele>
      </trkpt>
      <trkpt lat="45.825338093563914" lon="6.992916287854314">
        <ele>1952.53125</ele>
      </trkpt>
      <trkpt lat="45.82527338527143" lon="6.992798438295722">
        <ele>1952.9453125</ele>
      </trkpt>
      <trkpt lat="45.825228961184621" lon="6.992682097479701">
        <ele>1952.91796875</ele>
      </trkpt>
      <trkpt lat="45.825188141316175" lon="6.992559134960175">
        <ele>1952.46875</ele>
      </trkpt>
      <trkpt lat="45.825151344761252" lon="6.992433071136475">
        <ele>1951.84375</ele>
      </trkpt>
      <trkpt lat="45.825110021978617" lon="6.992313293740153">
        <ele>1952.1484375</ele>
      </trkpt>
      <trkpt lat="45.825066352263093" lon="6.992174070328474">
        <ele>1952.69140625</ele>
      </trkpt>
      <trkpt lat="45.825008098036051" lon="6.992061585187912">
        <ele>1954.09375</ele>
      </trkpt>
      <trkpt lat="45.82494355738163" lon="6.991963349282742">
        <ele>1955.75390625</ele>
      </trkpt>
      <trkpt lat="45.824941964820027" lon="6.991803171113133">
        <ele>1953.984375</ele>
      </trkpt>
      <trkpt lat="45.824933331459761" lon="6.991667551919818">
        <ele>1953.3828125</ele>
      </trkpt>
      <trkpt lat="45.824911454692483" lon="6.991537464782596">
        <ele>1953.05078125</ele>
      </trkpt>
      <trkpt lat="45.824842974543571" lon="6.99142724275589">
        <ele>1953.94921875</ele>
      </trkpt>
      <trkpt lat="45.824784636497498" lon="6.991304531693459">
        <ele>1954.03515625</ele>
      </trkpt>
      <trkpt lat="45.824730070307851" lon="6.991175953298807">
        <ele>1953.0078125</ele>
      </trkpt>
      <trkpt lat="45.824661338701844" lon="6.991051733493805">
        <ele>1952.6015625</ele>
      </trkpt>
      <trkpt lat="45.824598642066121" lon="6.99093128554523">
        <ele>1952.6953125</ele>
      </trkpt>
      <trkpt lat="45.824567629024386" lon="6.990802958607674">
        <ele>1951.6328125</ele>
      </trkpt>
      <trkpt lat="45.824492359533906" lon="6.990672452375293">
        <ele>1952.53515625</ele>
      </trkpt>
      <trkpt lat="45.824447181075811" lon="6.990537419915199">
        <ele>1952.05859375</ele>
      </trkpt>
      <trkpt lat="45.824439385905862" lon="6.990388138219714">
        <ele>1949.70703125</ele>
      </trkpt>
      <trkpt lat="45.824389848858118" lon="6.990257799625397">
        <ele>1949.5</ele>
      </trkpt>
      <trkpt lat="45.824351375922561" lon="6.99010206386447">
        <ele>1949.3125</ele>
      </trkpt>
      <trkpt lat="45.8243303373456" lon="6.989949597045779">
        <ele>1949.15625</ele>
      </trkpt>
      <trkpt lat="45.82430686801672" lon="6.989791598170996">
        <ele>1949.3828125</ele>
      </trkpt>
      <trkpt lat="45.824285997077823" lon="6.989633934572339">
        <ele>1949.7578125</ele>
      </trkpt>
      <trkpt lat="45.82426336593926" lon="6.989478031173348">
        <ele>1950.17578125</ele>
      </trkpt>
      <trkpt lat="45.824248446151614" lon="6.989335455000401">
        <ele>1950.3203125</ele>
      </trkpt>
      <trkpt lat="45.824225228279829" lon="6.989187514409423">
        <ele>1951.25</ele>
      </trkpt>
      <trkpt lat="45.824192957952619" lon="6.989047536626458">
        <ele>1952.19921875</ele>
      </trkpt>
      <trkpt lat="45.824174853041768" lon="6.988898841664195">
        <ele>1953.00390625</ele>
      </trkpt>
      <trkpt lat="45.824116598814726" lon="6.988781159743667">
        <ele>1954.671875</ele>
      </trkpt>
      <trkpt lat="45.824058763682842" lon="6.98865425772965">
        <ele>1955.8046875</ele>
      </trkpt>
      <trkpt lat="45.823997324332595" lon="6.988532887771726">
        <ele>1956.734375</ele>
      </trkpt>
      <trkpt lat="45.823944685980678" lon="6.988413278013468">
        <ele>1956.6875</ele>
      </trkpt>
      <trkpt lat="45.823901519179344" lon="6.988305654376745">
        <ele>1955.84765625</ele>
      </trkpt>
      <trkpt lat="45.823841337114573" lon="6.98817933909595">
        <ele>1954.4140625</ele>
      </trkpt>
      <trkpt lat="45.823785765096545" lon="6.988085964694619">
        <ele>1953.46875</ele>
      </trkpt>
      <trkpt lat="45.823713345453143" lon="6.987997367978096">
        <ele>1953.8046875</ele>
      </trkpt>
      <trkpt lat="45.823651067912579" lon="6.987877171486616">
        <ele>1953.16015625</ele>
      </trkpt>
      <trkpt lat="45.823578648269176" lon="6.987755130976439">
        <ele>1952.1640625</ele>
      </trkpt>
      <trkpt lat="45.823514861986041" lon="6.987659661099315">
        <ele>1951.3515625</ele>
      </trkpt>
      <trkpt lat="45.823434730991721" lon="6.987578943371773">
        <ele>1952.28515625</ele>
      </trkpt>
      <trkpt lat="45.823359545320272" lon="6.987489676102996">
        <ele>1953.71484375</ele>
      </trkpt>
      <trkpt lat="45.823273798450828" lon="6.987392697483301">
        <ele>1955.69921875</ele>
      </trkpt>
      <trkpt lat="45.823210431262851" lon="6.987284319475293">
        <ele>1958.00390625</ele>
      </trkpt>
      <trkpt lat="45.823146225884557" lon="6.987156243994832">
        <ele>1960.4453125</ele>
      </trkpt>
      <trkpt lat="45.823069531470537" lon="6.987033784389496">
        <ele>1963.421875</ele>
      </trkpt>
      <trkpt lat="45.822979928925633" lon="6.986927082762122">
        <ele>1967.2265625</ele>
      </trkpt>
      <trkpt lat="45.822894852608442" lon="6.986825242638588">
        <ele>1970.15625</ele>
      </trkpt>
      <trkpt lat="45.822812793776393" lon="6.98669197037816">
        <ele>1970.56640625</ele>
      </trkpt>
      <trkpt lat="45.822720928117633" lon="6.986582837998867">
        <ele>1972.3203125</ele>
      </trkpt>
      <trkpt lat="45.822648927569389" lon="6.986491559073329">
        <ele>1971.96875</ele>
      </trkpt>
      <trkpt lat="45.822567036375403" lon="6.986390724778175">
        <ele>1971.8671875</ele>
      </trkpt>
      <trkpt lat="45.822456646710634" lon="6.986254770308733">
        <ele>1972.5546875</ele>
      </trkpt>
      <trkpt lat="45.822364278137684" lon="6.986100040376186">
        <ele>1973.87890625</ele>
      </trkpt>
      <trkpt lat="45.822281884029508" lon="6.986018652096391">
        <ele>1977.171875</ele>
      </trkpt>
      <trkpt lat="45.822195718064904" lon="6.985902227461338">
        <ele>1980.04296875</ele>
      </trkpt>
      <trkpt lat="45.822094548493624" lon="6.985755376517773">
        <ele>1984.18359375</ele>
      </trkpt>
      <trkpt lat="45.822014668956399" lon="6.985561922192574">
        <ele>1984.546875</ele>
      </trkpt>
      <trkpt lat="45.821960270404816" lon="6.985356984660029">
        <ele>1982.390625</ele>
      </trkpt>
      <trkpt lat="45.821903022006154" lon="6.98519429191947">
        <ele>1981.421875</ele>
      </trkpt>
      <trkpt lat="45.821824567392468" lon="6.98506336659193">
        <ele>1979.95703125</ele>
      </trkpt>
      <trkpt lat="45.821745945140719" lon="6.984924226999283">
        <ele>1977.5234375</ele>
      </trkpt>
      <trkpt lat="45.821672854945064" lon="6.984802605584264">
        <ele>1974.16015625</ele>
      </trkpt>
      <trkpt lat="45.821589874103665" lon="6.984713170677423">
        <ele>1972.828125</ele>
      </trkpt>
      <trkpt lat="45.821506725624204" lon="6.984639242291451">
        <ele>1972.25390625</ele>
      </trkpt>
      <trkpt lat="45.821441849693656" lon="6.984538324177265">
        <ele>1972.1953125</ele>
      </trkpt>
      <trkpt lat="45.821369513869286" lon="6.98444277048111">
        <ele>1972.828125</ele>
      </trkpt>
      <trkpt lat="45.821292316541076" lon="6.984354592859745">
        <ele>1973.90625</ele>
      </trkpt>
      <trkpt lat="45.821203216910362" lon="6.984260631725192">
        <ele>1975.6015625</ele>
      </trkpt>
      <trkpt lat="45.821128785610199" lon="6.984166838228703">
        <ele>1976.69140625</ele>
      </trkpt>
      <trkpt lat="45.821060556918383" lon="6.984069859609008">
        <ele>1977.609375</ele>
      </trkpt>
      <trkpt lat="45.820991154760122" lon="6.983973467722535">
        <ele>1978.7734375</ele>
      </trkpt>
      <trkpt lat="45.820943461731076" lon="6.983839441090822">
        <ele>1978.09765625</ele>
      </trkpt>
      <trkpt lat="45.82088403403759" lon="6.983724692836404">
        <ele>1978.5859375</ele>
      </trkpt>
      <trkpt lat="45.820833574980497" lon="6.98359158821404">
        <ele>1978.64453125</ele>
      </trkpt>
      <trkpt lat="45.820788480341434" lon="6.98344356380403">
        <ele>1978.6953125</ele>
      </trkpt>
      <trkpt lat="45.820730645209551" lon="6.983304591849446">
        <ele>1979.81640625</ele>
      </trkpt>
      <trkpt lat="45.820649843662977" lon="6.983183976262808">
        <ele>1981.44921875</ele>
      </trkpt>
      <trkpt lat="45.820572730153799" lon="6.983095463365316">
        <ele>1982.6328125</ele>
      </trkpt>
      <trkpt lat="45.82049167715013" lon="6.982994629070163">
        <ele>1983.73828125</ele>
      </trkpt>
      <trkpt lat="45.82042177207768" lon="6.982885077595711">
        <ele>1983.6875</ele>
      </trkpt>
      <trkpt lat="45.820347759872675" lon="6.982755661010742">
        <ele>1982.359375</ele>
      </trkpt>
      <trkpt lat="45.820264862850308" lon="6.982667399570346">
        <ele>1982.4296875</ele>
      </trkpt>
      <trkpt lat="45.820177774876356" lon="6.982560446485877">
        <ele>1983.0546875</ele>
      </trkpt>
      <trkpt lat="45.820098733529449" lon="6.98247947730124">
        <ele>1984.08984375</ele>
      </trkpt>
      <trkpt lat="45.820020781829953" lon="6.982375038787723">
        <ele>1984.54296875</ele>
      </trkpt>
      <trkpt lat="45.819958252832294" lon="6.982254926115274">
        <ele>1983.93359375</ele>
      </trkpt>
      <trkpt lat="45.819889353588223" lon="6.982158031314611">
        <ele>1984.3828125</ele>
      </trkpt>
      <trkpt lat="45.819820621982217" lon="6.982044540345669">
        <ele>1984.234375</ele>
      </trkpt>
      <trkpt lat="45.819763289764524" lon="6.981931133195758">
        <ele>1983.64453125</ele>
      </trkpt>
      <trkpt lat="45.81969179213047" lon="6.981804482638836">
        <ele>1983.88671875</ele>
      </trkpt>
      <trkpt lat="45.819637142121792" lon="6.981681352481246">
        <ele>1984.328125</ele>
      </trkpt>
      <trkpt lat="45.819598836824298" lon="6.98154816403985">
        <ele>1984.1328125</ele>
      </trkpt>
      <trkpt lat="45.819543516263366" lon="6.981428135186434">
        <ele>1984.20703125</ele>
      </trkpt>
      <trkpt lat="45.819486938416958" lon="6.981305843219161">
        <ele>1984.109375</ele>
      </trkpt>
      <trkpt lat="45.819437652826309" lon="6.981185562908649">
        <ele>1983.671875</ele>
      </trkpt>
      <trkpt lat="45.819390127435327" lon="6.981065785512328">
        <ele>1983.34375</ele>
      </trkpt>
      <trkpt lat="45.819324245676398" lon="6.980959167703986">
        <ele>1983.55859375</ele>
      </trkpt>
      <trkpt lat="45.819264650344849" lon="6.980848275125027">
        <ele>1983.33203125</ele>
      </trkpt>
      <trkpt lat="45.81919482909143" lon="6.980760600417852">
        <ele>1983.578125</ele>
      </trkpt>
      <trkpt lat="45.819109417498112" lon="6.980666555464268">
        <ele>1984.359375</ele>
      </trkpt>
      <trkpt lat="45.819046469405293" lon="6.980555579066277">
        <ele>1984.51953125</ele>
      </trkpt>
      <trkpt lat="45.818973546847701" lon="6.980441669002175">
        <ele>1984.12109375</ele>
      </trkpt>
      <trkpt lat="45.818889224901795" lon="6.980357933789492">
        <ele>1983.5859375</ele>
      </trkpt>
      <trkpt lat="45.818802891299129" lon="6.980296829715371">
        <ele>1983.89453125</ele>
      </trkpt>
      <trkpt lat="45.818700045347214" lon="6.980266571044922">
        <ele>1985.42578125</ele>
      </trkpt>
      <trkpt lat="45.818612119182944" lon="6.980216028168797">
        <ele>1986.4140625</ele>
      </trkpt>
      <trkpt lat="45.818524276837707" lon="6.980151487514377">
        <ele>1986.71875</ele>
      </trkpt>
      <trkpt lat="45.818439116701484" lon="6.980072865262628">
        <ele>1986.546875</ele>
      </trkpt>
      <trkpt lat="45.818353956565261" lon="6.979973874986172">
        <ele>1985.890625</ele>
      </trkpt>
      <trkpt lat="45.818273993209004" lon="6.97989265434444">
        <ele>1985.53515625</ele>
      </trkpt>
      <trkpt lat="45.818189922720194" lon="6.979800118133426">
        <ele>1985.69921875</ele>
      </trkpt>
      <trkpt lat="45.818125549703836" lon="6.979714119806886">
        <ele>1985.984375</ele>
      </trkpt>
      <trkpt lat="45.818033935502172" lon="6.979648154228926">
        <ele>1987.484375</ele>
      </trkpt>
      <trkpt lat="45.817940980195999" lon="6.979597443714738">
        <ele>1989.37890625</ele>
      </trkpt>
      <trkpt lat="45.817850539460778" lon="6.979539440944791">
        <ele>1991.28515625</ele>
      </trkpt>
      <trkpt lat="45.817757919430733" lon="6.979505578055978">
        <ele>1993.6640625</ele>
      </trkpt>
      <trkpt lat="45.817669657990336" lon="6.979434918612242">
        <ele>1994.50390625</ele>
      </trkpt>
      <trkpt lat="45.817573182284832" lon="6.979412958025932">
        <ele>1997.28125</ele>
      </trkpt>
      <trkpt lat="45.817474778741598" lon="6.979335425421596">
        <ele>1997.921875</ele>
      </trkpt>
      <trkpt lat="45.817367071285844" lon="6.979254959151149">
        <ele>1997.609375</ele>
      </trkpt>
      <trkpt lat="45.817274199798703" lon="6.979180024936795">
        <ele>1997.1640625</ele>
      </trkpt>
      <trkpt lat="45.817164145410061" lon="6.979095283895731">
        <ele>1996.23046875</ele>
      </trkpt>
      <trkpt lat="45.817067921161652" lon="6.979011464864016">
        <ele>1996.796875</ele>
      </trkpt>
      <trkpt lat="45.816962728276849" lon="6.978928986936808">
        <ele>1998.0546875</ele>
      </trkpt>
      <trkpt lat="45.816876562312245" lon="6.978868050500751">
        <ele>1998.95703125</ele>
      </trkpt>
      <trkpt lat="45.816778158769011" lon="6.978812646120787">
        <ele>2000.421875</ele>
      </trkpt>
      <trkpt lat="45.816682437434793" lon="6.978733520954847">
        <ele>2001.64453125</ele>
      </trkpt>
      <trkpt lat="45.816581435501575" lon="6.978650791570544">
        <ele>2002.96484375</ele>
      </trkpt>
      <trkpt lat="45.816470459103584" lon="6.978571666404605">
        <ele>2005.25390625</ele>
      </trkpt>
      <trkpt lat="45.816339449957013" lon="6.978499498218298">
        <ele>2008.73046875</ele>
      </trkpt>
      <trkpt lat="45.816221684217453" lon="6.978405620902777">
        <ele>2010.23046875</ele>
      </trkpt>
      <trkpt lat="45.816095368936658" lon="6.978327920660377">
        <ele>2013.140625</ele>
      </trkpt>
      <trkpt lat="45.815986823290586" lon="6.978249549865723">
        <ele>2015.38671875</ele>
      </trkpt>
      <trkpt lat="45.81589269451797" lon="6.978175118565559">
        <ele>2014.22265625</ele>
      </trkpt>
      <trkpt lat="45.815802337601781" lon="6.978097837418318">
        <ele>2012.67578125</ele>
      </trkpt>
      <trkpt lat="45.815710639581084" lon="6.978044528514147">
        <ele>2012.74609375</ele>
      </trkpt>
      <trkpt lat="45.81560293212533" lon="6.977972527965903">
        <ele>2011.4453125</ele>
      </trkpt>
      <trkpt lat="45.815488854423165" lon="6.977946292608976">
        <ele>2013.4765625</ele>
      </trkpt>
      <trkpt lat="45.815365221351385" lon="6.977909160777926">
        <ele>2014.6953125</ele>
      </trkpt>
      <trkpt lat="45.815274026244879" lon="6.977848475798965">
        <ele>2013.9765625</ele>
      </trkpt>
      <trkpt lat="45.815157517790794" lon="6.977812852710485">
        <ele>2014.40234375</ele>
      </trkpt>
      <trkpt lat="45.81502147950232" lon="6.977768260985613">
        <ele>2012.96484375</ele>
      </trkpt>
      <trkpt lat="45.814912263303995" lon="6.97778862901032">
        <ele>2012.67578125</ele>
      </trkpt>
      <trkpt lat="45.814807573333383" lon="6.977794831618667">
        <ele>2011.140625</ele>
      </trkpt>
      <trkpt lat="45.814695758745074" lon="6.977863563224673">
        <ele>2009.609375</ele>
      </trkpt>
      <trkpt lat="45.814665080979466" lon="6.97800999507308">
        <ele>2011.69140625</ele>
      </trkpt>
      <trkpt lat="45.814658626914024" lon="6.978158438578248">
        <ele>2015.28125</ele>
      </trkpt>
      <trkpt lat="45.814583022147417" lon="6.978244017809629">
        <ele>2016.88671875</ele>
      </trkpt>
      <trkpt lat="45.814479254186153" lon="6.978271510452032">
        <ele>2018.37109375</ele>
      </trkpt>
      <trkpt lat="45.814372636377811" lon="6.978273186832666">
        <ele>2018.89453125</ele>
      </trkpt>
      <trkpt lat="45.814263084903359" lon="6.978271929547191">
        <ele>2019.609375</ele>
      </trkpt>
      <trkpt lat="45.814166776835918" lon="6.978259775787592">
        <ele>2020.08984375</ele>
      </trkpt>
      <trkpt lat="45.81406082957983" lon="6.978225074708462">
        <ele>2019.2890625</ele>
      </trkpt>
      <trkpt lat="45.813929149881005" lon="6.978192972019315">
        <ele>2019.22265625</ele>
      </trkpt>
      <trkpt lat="45.813804930076003" lon="6.978184590116143">
        <ele>2020.60546875</ele>
      </trkpt>
      <trkpt lat="45.813665958121419" lon="6.978190625086427">
        <ele>2023.16796875</ele>
      </trkpt>
      <trkpt lat="45.813551042228937" lon="6.978157516568899">
        <ele>2022.609375</ele>
      </trkpt>
      <trkpt lat="45.813437635079026" lon="6.978140333667397">
        <ele>2022.9921875</ele>
      </trkpt>
      <trkpt lat="45.813301932066679" lon="6.978133544325829">
        <ele>2023.9140625</ele>
      </trkpt>
      <trkpt lat="45.813154075294733" lon="6.978120049461722">
        <ele>2024.12890625</ele>
      </trkpt>
      <trkpt lat="45.813050139695406" lon="6.978114265948534">
        <ele>2023.76171875</ele>
      </trkpt>
      <trkpt lat="45.812956346198916" lon="6.978220883756876">
        <ele>2028.9296875</ele>
      </trkpt>
      <trkpt lat="45.812888704240322" lon="6.978338230401278">
        <ele>2032.953125</ele>
      </trkpt>
      <trkpt lat="45.812795832753181" lon="6.978378295898438">
        <ele>2034.42578125</ele>
      </trkpt>
      <trkpt lat="45.812690136954188" lon="6.978363962844014">
        <ele>2034.09765625</ele>
      </trkpt>
      <trkpt lat="45.812577987089753" lon="6.978329429402947">
        <ele>2033.2265625</ele>
      </trkpt>
      <trkpt lat="45.812465334311128" lon="6.978335045278072">
        <ele>2033.96484375</ele>
      </trkpt>
      <trkpt lat="45.812347736209631" lon="6.978323729708791">
        <ele>2033.90234375</ele>
      </trkpt>
      <trkpt lat="45.812241369858384" lon="6.97834862396121">
        <ele>2034.41015625</ele>
      </trkpt>
      <trkpt lat="45.812110863626003" lon="6.978368489071727">
        <ele>2034.73046875</ele>
      </trkpt>
      <trkpt lat="45.812013549730182" lon="6.978401178494096">
        <ele>2034.57421875</ele>
      </trkpt>
      <trkpt lat="45.811913134530187" lon="6.978473095223308">
        <ele>2035.7734375</ele>
      </trkpt>
      <trkpt lat="45.811824453994632" lon="6.978540737181902">
        <ele>2036.80859375</ele>
      </trkpt>
      <trkpt lat="45.811725044623017" lon="6.978565631434321">
        <ele>2033.640625</ele>
      </trkpt>
      <trkpt lat="45.811622533947229" lon="6.978647438809276">
        <ele>2031.86328125</ele>
      </trkpt>
      <trkpt lat="45.811539217829704" lon="6.978740142658353">
        <ele>2031.265625</ele>
      </trkpt>
      <trkpt lat="45.811479538679123" lon="6.978835025802255">
        <ele>2031.3671875</ele>
      </trkpt>
      <trkpt lat="45.811417596414685" lon="6.978955138474703">
        <ele>2031.93359375</ele>
      </trkpt>
      <trkpt lat="45.811329083517194" lon="6.979032335802913">
        <ele>2029.59375</ele>
      </trkpt>
      <trkpt lat="45.81128784455359" lon="6.979160830378532">
        <ele>2033.484375</ele>
      </trkpt>
      <trkpt lat="45.81123948097229" lon="6.979287397116423">
        <ele>2038.3359375</ele>
      </trkpt>
      <trkpt lat="45.811161026358604" lon="6.979365851730108">
        <ele>2039.56640625</ele>
      </trkpt>
      <trkpt lat="45.811080392450094" lon="6.979450676590204">
        <ele>2039.42578125</ele>
      </trkpt>
      <trkpt lat="45.811004536226392" lon="6.97954086586833">
        <ele>2039.671875</ele>
      </trkpt>
      <trkpt lat="45.810901438817382" lon="6.979611022397876">
        <ele>2040.3515625</ele>
      </trkpt>
      <trkpt lat="45.810822565108538" lon="6.97971822693944">
        <ele>2041.91015625</ele>
      </trkpt>
      <trkpt lat="45.810722485184669" lon="6.979676149785519">
        <ele>2039.86328125</ele>
      </trkpt>
      <trkpt lat="45.810627937316895" lon="6.979676485061646">
        <ele>2038.91796875</ele>
      </trkpt>
      <trkpt lat="45.810525845736265" lon="6.979645052924752">
        <ele>2037.80078125</ele>
      </trkpt>
      <trkpt lat="45.810436075553298" lon="6.979656787589192">
        <ele>2037.12109375</ele>
      </trkpt>
      <trkpt lat="45.81038293428719" lon="6.97976659052074">
        <ele>2035.8984375</ele>
      </trkpt>
      <trkpt lat="45.810316130518913" lon="6.97984135709703">
        <ele>2033.78515625</ele>
      </trkpt>
      <trkpt lat="45.810279753059149" lon="6.979983346536756">
        <ele>2032.65234375</ele>
      </trkpt>
      <trkpt lat="45.810203980654478" lon="6.980055095627904">
        <ele>2030.171875</ele>
      </trkpt>
      <trkpt lat="45.810121670365334" lon="6.979988375678658">
        <ele>2027.05859375</ele>
      </trkpt>
      <trkpt lat="45.810036929324269" lon="6.979961972683668">
        <ele>2023.56640625</ele>
      </trkpt>
      <trkpt lat="45.809957133606076" lon="6.979975635185838">
        <ele>2020.15625</ele>
      </trkpt>
      <trkpt lat="45.809925617650151" lon="6.979854768142104">
        <ele>2019.4453125</ele>
      </trkpt>
      <trkpt lat="45.809874320402741" lon="6.979746222496033">
        <ele>2017.359375</ele>
      </trkpt>
      <trkpt lat="45.809780275449157" lon="6.97972459718585">
        <ele>2013.49609375</ele>
      </trkpt>
      <trkpt lat="45.809731157496572" lon="6.979631222784519">
        <ele>2011.640625</ele>
      </trkpt>
      <trkpt lat="45.809673154726624" lon="6.979571543633938">
        <ele>2009.09765625</ele>
      </trkpt>
      <trkpt lat="45.809597130864859" lon="6.97954916395247">
        <ele>2005.7421875</ele>
      </trkpt>
      <trkpt lat="45.809626635164022" lon="6.979399882256985">
        <ele>2006.15625</ele>
      </trkpt>
      <trkpt lat="45.809616576880217" lon="6.979262251406908">
        <ele>2004.7890625</ele>
      </trkpt>
      <trkpt lat="45.80958598293364" lon="6.979138953611255">
        <ele>2002.3125</ele>
      </trkpt>
      <trkpt lat="45.809545749798417" lon="6.979011883959174">
        <ele>2000.76171875</ele>
      </trkpt>
      <trkpt lat="45.809487998485565" lon="6.978896548971534">
        <ele>1999.1015625</ele>
      </trkpt>
      <trkpt lat="45.809419099241495" lon="6.978843072429299">
        <ele>1996.4765625</ele>
      </trkpt>
      <trkpt lat="45.809342991560698" lon="6.978785824030638">
        <ele>1993.44921875</ele>
      </trkpt>
      <trkpt lat="45.809280462563038" lon="6.978702927008271">
        <ele>1991.11328125</ele>
      </trkpt>
      <trkpt lat="45.809213826432824" lon="6.978621538728476">
        <ele>1988.578125</ele>
      </trkpt>
      <trkpt lat="45.809146855026484" lon="6.97855825535953">
        <ele>1985.859375</ele>
      </trkpt>
      <trkpt lat="45.809076782315969" lon="6.97852598503232">
        <ele>1982.875</ele>
      </trkpt>
      <trkpt lat="45.809010062366724" lon="6.978436717763543">
        <ele>1980.33984375</ele>
      </trkpt>
      <trkpt lat="45.808951891958714" lon="6.978386426344514">
        <ele>1978.12890625</ele>
      </trkpt>
      <trkpt lat="45.808916855603456" lon="6.978349043056369">
        <ele>1976.8671875</ele>
      </trkpt>
      <trkpt lat="45.808880478143692" lon="6.978370081633329">
        <ele>1975.26171875</ele>
      </trkpt>
      <trkpt lat="45.80885985866189" lon="6.978381900116801">
        <ele>1974.34375</ele>
      </trkpt>
      <trkpt lat="45.808865893632174" lon="6.97840285487473">
        <ele>1974.47265625</ele>
      </trkpt>
      <trkpt lat="45.808860613033175" lon="6.978463958948851">
        <ele>1973.89453125</ele>
      </trkpt>
      <trkpt lat="45.808782577514648" lon="6.978424564003944">
        <ele>1970.85546875</ele>
      </trkpt>
      <trkpt lat="45.808687023818493" lon="6.97841458953917">
        <ele>1967.57421875</ele>
      </trkpt>
      <trkpt lat="45.808590380474925" lon="6.978355580940843">
        <ele>1964.86328125</ele>
      </trkpt>
      <trkpt lat="45.808496754616499" lon="6.978304870426655">
        <ele>1962.1953125</ele>
      </trkpt>
      <trkpt lat="45.808473788201809" lon="6.97816732339561">
        <ele>1960.93359375</ele>
      </trkpt>
      <trkpt lat="45.808442188426852" lon="6.978027261793613">
        <ele>1957.953125</ele>
      </trkpt>
      <trkpt lat="45.80841226503253" lon="6.977905724197626">
        <ele>1955.6796875</ele>
      </trkpt>
      <trkpt lat="45.808387538418174" lon="6.977771949023008">
        <ele>1954.04296875</ele>
      </trkpt>
      <trkpt lat="45.808346634730697" lon="6.977678993716836">
        <ele>1951.96484375</ele>
      </trkpt>
      <trkpt lat="45.808294834569097" lon="6.977565083652735">
        <ele>1950.7890625</ele>
      </trkpt>
      <trkpt lat="45.808203220367432" lon="6.977520743384957">
        <ele>1947.58984375</ele>
      </trkpt>
      <trkpt lat="45.808115042746067" lon="6.977468188852072">
        <ele>1945.1015625</ele>
      </trkpt>
      <trkpt lat="45.808016555383801" lon="6.977386130020022">
        <ele>1942.93359375</ele>
      </trkpt>
      <trkpt lat="45.807920917868614" lon="6.977331982925534">
        <ele>1940.3828125</ele>
      </trkpt>
      <trkpt lat="45.807835841551423" lon="6.977268280461431">
        <ele>1936.46484375</ele>
      </trkpt>
      <trkpt lat="45.807797368615866" lon="6.977373976260424">
        <ele>1932.44140625</ele>
      </trkpt>
      <trkpt lat="45.807765936478972" lon="6.977504063397646">
        <ele>1928.71484375</ele>
      </trkpt>
      <trkpt lat="45.80775604583323" lon="6.977634485810995">
        <ele>1926.3828125</ele>
      </trkpt>
      <trkpt lat="45.80778194591403" lon="6.977794161066413">
        <ele>1926.52734375</ele>
      </trkpt>
      <trkpt lat="45.807837685570121" lon="6.977909160777926">
        <ele>1928.921875</ele>
      </trkpt>
      <trkpt lat="45.807849420234561" lon="6.978047797456384">
        <ele>1930.0546875</ele>
      </trkpt>
      <trkpt lat="45.807794854044914" lon="6.978258518502116">
        <ele>1929.15625</ele>
      </trkpt>
      <trkpt lat="45.807658564299345" lon="6.97837745770812">
        <ele>1922.2265625</ele>
      </trkpt>
      <trkpt lat="45.807603327557445" lon="6.978499665856361">
        <ele>1918.7578125</ele>
      </trkpt>
      <trkpt lat="45.807541133835912" lon="6.978447195142508">
        <ele>1914.046875</ele>
      </trkpt>
      <trkpt lat="45.807520681992173" lon="6.978205796331167">
        <ele>1912.1640625</ele>
      </trkpt>
      <trkpt lat="45.807474665343761" lon="6.978007899597287">
        <ele>1907.58984375</ele>
      </trkpt>
      <trkpt lat="45.807425798848271" lon="6.977940257638693">
        <ele>1904</ele>
      </trkpt>
      <trkpt lat="45.807331250980496" lon="6.978080151602626">
        <ele>1897.8203125</ele>
      </trkpt>
      <trkpt lat="45.807293029502034" lon="6.97821325622499">
        <ele>1895.796875</ele>
      </trkpt>
      <trkpt lat="45.807269141077995" lon="6.978369327262044">
        <ele>1893.75390625</ele>
      </trkpt>
      <trkpt lat="45.807210216298699" lon="6.978217363357544">
        <ele>1889.234375</ele>
      </trkpt>
      <trkpt lat="45.807162690907717" lon="6.978016616776586">
        <ele>1883.46875</ele>
      </trkpt>
      <trkpt lat="45.807092785835266" lon="6.978116780519485">
        <ele>1878.796875</ele>
      </trkpt>
      <trkpt lat="45.807043248787522" lon="6.978252232074738">
        <ele>1875.60546875</ele>
      </trkpt>
      <trkpt lat="45.80704215914011" lon="6.978407297283411">
        <ele>1875.234375</ele>
      </trkpt>
      <trkpt lat="45.807056743651628" lon="6.978541240096092">
        <ele>1876.02734375</ele>
      </trkpt>
      <trkpt lat="45.807007625699043" lon="6.978606451302767">
        <ele>1871.1796875</ele>
      </trkpt>
      <trkpt lat="45.807000584900379" lon="6.978676775470376">
        <ele>1869.7578125</ele>
      </trkpt>
      <trkpt lat="45.807055486366153" lon="6.978849694132805">
        <ele>1871.859375</ele>
      </trkpt>
      <trkpt lat="45.806930093094707" lon="6.978816585615277">
        <ele>1862.7265625</ele>
      </trkpt>
      <trkpt lat="45.806926488876343" lon="6.978946588933468">
        <ele>1860.7734375</ele>
      </trkpt>
      <trkpt lat="45.806955993175507" lon="6.979108946397901">
        <ele>1860.265625</ele>
      </trkpt>
      <trkpt lat="45.80699915997684" lon="6.979301478713751">
        <ele>1856.05859375</ele>
      </trkpt>
      <trkpt lat="45.806998070329428" lon="6.979468194767833">
        <ele>1850.55078125</ele>
      </trkpt>
      <trkpt lat="45.807012235745788" lon="6.979612279683352">
        <ele>1847.51953125</ele>
      </trkpt>
      <trkpt lat="45.807006536051631" lon="6.979773882776499">
        <ele>1843.55078125</ele>
      </trkpt>
      <trkpt lat="45.807035453617573" lon="6.979949735105038">
        <ele>1841.703125</ele>
      </trkpt>
      <trkpt lat="45.806980216875672" lon="6.980036152526736">
        <ele>1834.72265625</ele>
      </trkpt>
      <trkpt lat="45.806992370635271" lon="6.980235474184155">
        <ele>1829.6015625</ele>
      </trkpt>
      <trkpt lat="45.806956496089697" lon="6.980307977646589">
        <ele>1825.171875</ele>
      </trkpt>
      <trkpt lat="45.806901762261987" lon="6.980334799736738">
        <ele>1820.3046875</ele>
      </trkpt>
      <trkpt lat="45.806903354823589" lon="6.980498330667615">
        <ele>1816.359375</ele>
      </trkpt>
      <trkpt lat="45.806971164420247" lon="6.980638559907675">
        <ele>1817.69140625</ele>
      </trkpt>
      <trkpt lat="45.806982647627592" lon="6.980758337303996">
        <ele>1814.86328125</ele>
      </trkpt>
      <trkpt lat="45.80700846388936" lon="6.980879874899983">
        <ele>1810.27734375</ele>
      </trkpt>
      <trkpt lat="45.807073339819908" lon="6.980994958430529">
        <ele>1808.5234375</ele>
      </trkpt>
      <trkpt lat="45.807108962908387" lon="6.981149185448885">
        <ele>1806.21484375</ele>
      </trkpt>
      <trkpt lat="45.807106280699372" lon="6.981376083567739">
        <ele>1801.0234375</ele>
      </trkpt>
      <trkpt lat="45.807124217972159" lon="6.981560569256544">
        <ele>1799.4921875</ele>
      </trkpt>
      <trkpt lat="45.807131677865982" lon="6.981712784618139">
        <ele>1797.296875</ele>
      </trkpt>
      <trkpt lat="45.807140227407217" lon="6.981898359954357">
        <ele>1794.23828125</ele>
      </trkpt>
      <trkpt lat="45.807080883532763" lon="6.981896264478564">
        <ele>1790.4140625</ele>
      </trkpt>
      <trkpt lat="45.807093875482678" lon="6.982140764594078">
        <ele>1785.0859375</ele>
      </trkpt>
      <trkpt lat="45.807036040350795" lon="6.982322735711932">
        <ele>1775.9453125</ele>
      </trkpt>
      <trkpt lat="45.806959765031934" lon="6.982432957738638">
        <ele>1767.37109375</ele>
      </trkpt>
      <trkpt lat="45.806822553277016" lon="6.982256770133972">
        <ele>1763.7109375</ele>
      </trkpt>
      <trkpt lat="45.806721383705735" lon="6.982156187295914">
        <ele>1760.04296875</ele>
      </trkpt>
      <trkpt lat="45.806700093671679" lon="6.982324998825788">
        <ele>1752.86328125</ele>
      </trkpt>
      <trkpt lat="45.806599762290716" lon="6.982242185622454">
        <ele>1748.66015625</ele>
      </trkpt>
      <trkpt lat="45.80652373842895" lon="6.982082678005099">
        <ele>1748.75390625</ele>
      </trkpt>
      <trkpt lat="45.806437656283379" lon="6.981954099610448">
        <ele>1747.0078125</ele>
      </trkpt>
      <trkpt lat="45.806426759809256" lon="6.981977066025138">
        <ele>1745.5859375</ele>
      </trkpt>
      <trkpt lat="45.806392980739474" lon="6.982177142053843">
        <ele>1736.68359375</ele>
      </trkpt>
      <trkpt lat="45.806369762867689" lon="6.982398340478539">
        <ele>1726.63671875</ele>
      </trkpt>
      <trkpt lat="45.806440087035298" lon="6.982598416507244">
        <ele>1725.13671875</ele>
      </trkpt>
      <trkpt lat="45.806551817804575" lon="6.982733448967338">
        <ele>1727.8515625</ele>
      </trkpt>
      <trkpt lat="45.806599846109748" lon="6.982923382893205">
        <ele>1720.671875</ele>
      </trkpt>
      <trkpt lat="45.806724987924099" lon="6.983070066198707">
        <ele>1723.00390625</ele>
      </trkpt>
      <trkpt lat="45.806833868846297" lon="6.983263436704874">
        <ele>1724.2109375</ele>
      </trkpt>
      <trkpt lat="45.806831689551473" lon="6.983502740040421">
        <ele>1719.7421875</ele>
      </trkpt>
      <trkpt lat="45.806708559393883" lon="6.983563341200352">
        <ele>1710.40234375</ele>
      </trkpt>
      <trkpt lat="45.806626081466675" lon="6.983403246849775">
        <ele>1708.06640625</ele>
      </trkpt>
      <trkpt lat="45.806582747027278" lon="6.983352787792683">
        <ele>1706.1640625</ele>
      </trkpt>
      <trkpt lat="45.806625243276358" lon="6.983590079471469">
        <ele>1704.65234375</ele>
      </trkpt>
      <trkpt lat="45.80647193826735" lon="6.98364045470953">
        <ele>1694.7734375</ele>
      </trkpt>
      <trkpt lat="45.806468836963177" lon="6.983689488843083">
        <ele>1693.93359375</ele>
      </trkpt>
      <trkpt lat="45.806486941874027" lon="6.983875147998333">
        <ele>1692.87109375</ele>
      </trkpt>
      <trkpt lat="45.806484930217266" lon="6.984090562909842">
        <ele>1691.33984375</ele>
      </trkpt>
      <trkpt lat="45.806307652965188" lon="6.984073463827372">
        <ele>1681.75390625</ele>
      </trkpt>
      <trkpt lat="45.80618167296052" lon="6.98392778635025">
        <ele>1675.453125</ele>
      </trkpt>
      <trkpt lat="45.806077234447002" lon="6.983769033104181">
        <ele>1670.53515625</ele>
      </trkpt>
      <trkpt lat="45.806011520326138" lon="6.983866766095161">
        <ele>1665.47265625</ele>
      </trkpt>
      <trkpt lat="45.805956451222301" lon="6.984057370573282">
        <ele>1660.4765625</ele>
      </trkpt>
      <trkpt lat="45.805913284420967" lon="6.984397759661078">
        <ele>1655.94921875</ele>
      </trkpt>
      <trkpt lat="45.805828124284744" lon="6.984767653048038">
        <ele>1646.42578125</ele>
      </trkpt>
      <trkpt lat="45.805711699649692" lon="6.984630525112152">
        <ele>1640.66796875</ele>
      </trkpt>
      <trkpt lat="45.80560851842165" lon="6.984687689691782">
        <ele>1632.75</ele>
      </trkpt>
      <trkpt lat="45.805498799309134" lon="6.984502533450723">
        <ele>1626.90234375</ele>
      </trkpt>
      <trkpt lat="45.805411040782928" lon="6.984316622838378">
        <ele>1622.2265625</ele>
      </trkpt>
      <trkpt lat="45.805327976122499" lon="6.984117217361927">
        <ele>1617.44140625</ele>
      </trkpt>
      <trkpt lat="45.805249353870749" lon="6.983990650624037">
        <ele>1613.33984375</ele>
      </trkpt>
      <trkpt lat="45.80519026145339" lon="6.98384472168982">
        <ele>1610.47265625</ele>
      </trkpt>
      <trkpt lat="45.805109543725848" lon="6.983702648431063">
        <ele>1607.59375</ele>
      </trkpt>
      <trkpt lat="45.805065119639039" lon="6.983978832140565">
        <ele>1602.54296875</ele>
      </trkpt>
      <trkpt lat="45.804874682798982" lon="6.984489792957902">
        <ele>1589.3671875</ele>
      </trkpt>
      <trkpt lat="45.804818021133542" lon="6.98483956977725">
        <ele>1583.19140625</ele>
      </trkpt>
      <trkpt lat="45.804732358083129" lon="6.985075101256371">
        <ele>1575.05859375</ele>
      </trkpt>
      <trkpt lat="45.804794635623693" lon="6.985288755968213">
        <ele>1576.18359375</ele>
      </trkpt>
      <trkpt lat="45.804757084697485" lon="6.985581871122122">
        <ele>1566.4765625</ele>
      </trkpt>
      <trkpt lat="45.804791199043393" lon="6.985771805047989">
        <ele>1561.8203125</ele>
      </trkpt>
      <trkpt lat="45.804842496290803" lon="6.985975233837962">
        <ele>1559.69921875</ele>
      </trkpt>
      <trkpt lat="45.804852722212672" lon="6.986268265172839">
        <ele>1555.6015625</ele>
      </trkpt>
      <trkpt lat="45.804787175729871" lon="6.986405225470662">
        <ele>1550.171875</ele>
      </trkpt>
      <trkpt lat="45.80476613715291" lon="6.986525673419237">
        <ele>1547.32421875</ele>
      </trkpt>
      <trkpt lat="45.804669326171279" lon="6.986536821350455">
        <ele>1542.8671875</ele>
      </trkpt>
      <trkpt lat="45.804605958983302" lon="6.986415535211563">
        <ele>1541.41796875</ele>
      </trkpt>
      <trkpt lat="45.804534796625376" lon="6.986305899918079">
        <ele>1539.484375</ele>
      </trkpt>
      <trkpt lat="45.804460868239403" lon="6.986233647912741">
        <ele>1536.94140625</ele>
      </trkpt>
      <trkpt lat="45.804422562941909" lon="6.986507819965482">
        <ele>1533.80859375</ele>
      </trkpt>
      <trkpt lat="45.804288787767291" lon="6.986463982611895">
        <ele>1528.87109375</ele>
      </trkpt>
      <trkpt lat="45.804212177172303" lon="6.986331799998879">
        <ele>1525.2734375</ele>
      </trkpt>
      <trkpt lat="45.804105391725898" lon="6.986245634034276">
        <ele>1520.32421875</ele>
      </trkpt>
      <trkpt lat="45.803978489711881" lon="6.986342277377844">
        <ele>1514.3125</ele>
      </trkpt>
      <trkpt lat="45.803939681500196" lon="6.986142368987203">
        <ele>1512.078125</ele>
      </trkpt>
      <trkpt lat="45.803851671516895" lon="6.986151756718755">
        <ele>1507.64453125</ele>
      </trkpt>
      <trkpt lat="45.803775731474161" lon="6.986319562420249">
        <ele>1504.5859375</ele>
      </trkpt>
      <trkpt lat="45.803675567731261" lon="6.986069027334452">
        <ele>1498.4453125</ele>
      </trkpt>
      <trkpt lat="45.803524693474174" lon="6.986189391463995">
        <ele>1492.25</ele>
      </trkpt>
      <trkpt lat="45.80344632267952" lon="6.986338337883353">
        <ele>1489.1171875</ele>
      </trkpt>
      <trkpt lat="45.803314978256822" lon="6.986477393656969">
        <ele>1482.69921875</ele>
      </trkpt>
      <trkpt lat="45.803173072636127" lon="6.986602786928415">
        <ele>1475.9453125</ele>
      </trkpt>
      <trkpt lat="45.803099730983377" lon="6.98680822737515">
        <ele>1469.19921875</ele>
      </trkpt>
      <trkpt lat="45.8030691370368" lon="6.986816860735416">
        <ele>1467.234375</ele>
      </trkpt>
      <trkpt lat="45.803038626909256" lon="6.986767491325736">
        <ele>1466.01953125</ele>
      </trkpt>
      <trkpt lat="45.802977690473199" lon="6.986617036163807">
        <ele>1464.421875</ele>
      </trkpt>
      <trkpt lat="45.802979869768023" lon="6.9864222407341">
        <ele>1466</ele>
      </trkpt>
      <trkpt lat="45.802971068769693" lon="6.986392904073">
        <ele>1465.70703125</ele>
      </trkpt>
      <trkpt lat="45.802962938323617" lon="6.986335990950465">
        <ele>1465.6328125</ele>
      </trkpt>
      <trkpt lat="45.802948353812099" lon="6.986306821927428">
        <ele>1465.07421875</ele>
      </trkpt>
      <trkpt lat="45.802921028807759" lon="6.986161479726434">
        <ele>1463.7578125</ele>
      </trkpt>
      <trkpt lat="45.802921280264854" lon="6.985955033451319">
        <ele>1463.31640625</ele>
      </trkpt>
      <trkpt lat="45.802943995222449" lon="6.985771050676703">
        <ele>1462.859375</ele>
      </trkpt>
      <trkpt lat="45.802910467609763" lon="6.985606430098414">
        <ele>1461.00390625</ele>
      </trkpt>
      <trkpt lat="45.802819523960352" lon="6.985509283840656">
        <ele>1457.96875</ele>
      </trkpt>
      <trkpt lat="45.802685329690576" lon="6.985593270510435">
        <ele>1453.73046875</ele>
      </trkpt>
      <trkpt lat="45.802629170939326" lon="6.985885463654995">
        <ele>1450.58984375</ele>
      </trkpt>
      <trkpt lat="45.802445774897933" lon="6.985884374007583">
        <ele>1442.0078125</ele>
      </trkpt>
      <trkpt lat="45.802401518449187" lon="6.985706174746156">
        <ele>1440.6953125</ele>
      </trkpt>
      <trkpt lat="45.802352735772729" lon="6.985493274405599">
        <ele>1439.9921875</ele>
      </trkpt>
      <trkpt lat="45.802321555092931" lon="6.985320774838328">
        <ele>1438.078125</ele>
      </trkpt>
      <trkpt lat="45.802271850407124" lon="6.985201667994261">
        <ele>1435.078125</ele>
      </trkpt>
      <trkpt lat="45.802189372479916" lon="6.985070323571563">
        <ele>1430</ele>
      </trkpt>
      <trkpt lat="45.802150731906295" lon="6.984915174543858">
        <ele>1426.93359375</ele>
      </trkpt>
      <trkpt lat="45.802077893167734" lon="6.984715685248375">
        <ele>1422.02734375</ele>
      </trkpt>
      <trkpt lat="45.802023159340024" lon="6.984551399946213">
        <ele>1418.66796875</ele>
      </trkpt>
      <trkpt lat="45.801988122984767" lon="6.98430254124105">
        <ele>1415.33203125</ele>
      </trkpt>
      <trkpt lat="45.801877146586776" lon="6.984207658097148">
        <ele>1411.05078125</ele>
      </trkpt>
      <trkpt lat="45.801796093583107" lon="6.984056364744902">
        <ele>1407</ele>
      </trkpt>
      <trkpt lat="45.80172979272902" lon="6.983964834362268">
        <ele>1403.50390625</ele>
      </trkpt>
      <trkpt lat="45.801573134958744" lon="6.984031889587641">
        <ele>1398.04296875</ele>
      </trkpt>
      <trkpt lat="45.801492668688297" lon="6.984261386096478">
        <ele>1397.39453125</ele>
      </trkpt>
      <trkpt lat="45.801488980650902" lon="6.984471017494798">
        <ele>1399.2421875</ele>
      </trkpt>
      <trkpt lat="45.801388062536716" lon="6.98462164029479">
        <ele>1400.28515625</ele>
      </trkpt>
      <trkpt lat="45.801295023411512" lon="6.984635554254055">
        <ele>1400.19140625</ele>
      </trkpt>
      <trkpt lat="45.801193350926042" lon="6.984528265893459">
        <ele>1400.26171875</ele>
      </trkpt>
      <trkpt lat="45.801119338721037" lon="6.984393233433366">
        <ele>1399.15234375</ele>
      </trkpt>
      <trkpt lat="45.801041470840573" lon="6.984218722209334">
        <ele>1396.78125</ele>
      </trkpt>
      <trkpt lat="45.800973325967789" lon="6.984086874872446">
        <ele>1395.03125</ele>
      </trkpt>
      <trkpt lat="45.800967961549759" lon="6.983908340334892">
        <ele>1392.1328125</ele>
      </trkpt>
      <trkpt lat="45.800931751728058" lon="6.983751095831394">
        <ele>1392.19921875</ele>
      </trkpt>
      <trkpt lat="45.800896799191833" lon="6.983610196039081">
        <ele>1392.21875</ele>
      </trkpt>
      <trkpt lat="45.800843741744757" lon="6.983477175235748">
        <ele>1393.26953125</ele>
      </trkpt>
      <trkpt lat="45.800801664590836" lon="6.983355553820729">
        <ele>1393.75390625</ele>
      </trkpt>
      <trkpt lat="45.800774171948433" lon="6.983148856088519">
        <ele>1391.01171875</ele>
      </trkpt>
      <trkpt lat="45.800761766731739" lon="6.982955234125257">
        <ele>1386.88671875</ele>
      </trkpt>
      <trkpt lat="45.800765035673976" lon="6.982756331562996">
        <ele>1379.31640625</ele>
      </trkpt>
      <trkpt lat="45.80080283805728" lon="6.982569163665175">
        <ele>1374.046875</ele>
      </trkpt>
      <trkpt lat="45.800881460309029" lon="6.982427090406418">
        <ele>1370.0625</ele>
      </trkpt>
      <trkpt lat="45.800950778648257" lon="6.982269007712603">
        <ele>1367.40234375</ele>
      </trkpt>
      <trkpt lat="45.801016828045249" lon="6.982119223102927">
        <ele>1365.7578125</ele>
      </trkpt>
      <trkpt lat="45.80106527544558" lon="6.981960386037827">
        <ele>1364.26171875</ele>
      </trkpt>
      <trkpt lat="45.801091091707349" lon="6.981778331100941">
        <ele>1362.93359375</ele>
      </trkpt>
      <trkpt lat="45.801078351214528" lon="6.981629803776741">
        <ele>1362.4921875</ele>
      </trkpt>
      <trkpt lat="45.801048427820206" lon="6.981486473232508">
        <ele>1361.9375</ele>
      </trkpt>
      <trkpt lat="45.801024874672294" lon="6.981356386095285">
        <ele>1361.2109375</ele>
      </trkpt>
      <trkpt lat="45.80099486745894" lon="6.981225293129683">
        <ele>1360.390625</ele>
      </trkpt>
      <trkpt lat="45.800970057025552" lon="6.981090260669589">
        <ele>1359.7578125</ele>
      </trkpt>
      <trkpt lat="45.800963854417205" lon="6.980944583192468">
        <ele>1357.93359375</ele>
      </trkpt>
      <trkpt lat="45.800969386473298" lon="6.980789434164762">
        <ele>1354.9765625</ele>
      </trkpt>
      <trkpt lat="45.800952287390828" lon="6.980652892962098">
        <ele>1353.6875</ele>
      </trkpt>
      <trkpt lat="45.800874922424555" lon="6.980523895472288">
        <ele>1353.32421875</ele>
      </trkpt>
      <trkpt lat="45.800794120877981" lon="6.980441836640239">
        <ele>1352.99609375</ele>
      </trkpt>
      <trkpt lat="45.800708038732409" lon="6.980359777808189">
        <ele>1352.40625</ele>
      </trkpt>
      <trkpt lat="45.800614999607205" lon="6.980267660692334">
        <ele>1353.25390625</ele>
      </trkpt>
      <trkpt lat="45.800523720681667" lon="6.980169340968132">
        <ele>1352.58203125</ele>
      </trkpt>
      <trkpt lat="45.800473932176828" lon="6.980039086192846">
        <ele>1349.04296875</ele>
      </trkpt>
      <trkpt lat="45.800381060689688" lon="6.979958452284336">
        <ele>1347.9921875</ele>
      </trkpt>
      <trkpt lat="45.800279220566154" lon="6.979895755648613">
        <ele>1348.33984375</ele>
      </trkpt>
      <trkpt lat="45.80020722001791" lon="6.979778157547116">
        <ele>1347.046875</ele>
      </trkpt>
      <trkpt lat="45.800135135650635" lon="6.9796581286937">
        <ele>1344.86328125</ele>
      </trkpt>
      <trkpt lat="45.800056932494044" lon="6.979550924152136">
        <ele>1343.1875</ele>
      </trkpt>
      <trkpt lat="45.79998979344964" lon="6.979440031573176">
        <ele>1340.84375</ele>
      </trkpt>
      <trkpt lat="45.799920475110412" lon="6.979350261390209">
        <ele>1338.625</ele>
      </trkpt>
      <trkpt lat="45.799865573644638" lon="6.979243727400899">
        <ele>1336.10546875</ele>
      </trkpt>
      <trkpt lat="45.799804721027613" lon="6.979118166491389">
        <ele>1332.7578125</ele>
      </trkpt>
      <trkpt lat="45.799747975543141" lon="6.979003334417939">
        <ele>1330.7109375</ele>
      </trkpt>
      <trkpt lat="45.799680082127452" lon="6.978855477645993">
        <ele>1328.87109375</ele>
      </trkpt>
      <trkpt lat="45.799594921991229" lon="6.97875464335084">
        <ele>1327.82421875</ele>
      </trkpt>
      <trkpt lat="45.79951336607337" lon="6.978693287819624">
        <ele>1327.30859375</ele>
      </trkpt>
      <trkpt lat="45.799445975571871" lon="6.9786012545228">
        <ele>1326.734375</ele>
      </trkpt>
      <trkpt lat="45.799409262835979" lon="6.978496732190251">
        <ele>1326.05078125</ele>
      </trkpt>
      <trkpt lat="45.799360396340489" lon="6.978378798812628">
        <ele>1324.6484375</ele>
      </trkpt>
      <trkpt lat="45.799295688048005" lon="6.97825675830245">
        <ele>1322.86328125</ele>
      </trkpt>
      <trkpt lat="45.799228046089411" lon="6.978161539882421">
        <ele>1321.1015625</ele>
      </trkpt>
      <trkpt lat="45.799173144623637" lon="6.978040924295783">
        <ele>1319.203125</ele>
      </trkpt>
      <trkpt lat="45.799096869304776" lon="6.977948052808642">
        <ele>1317.5234375</ele>
      </trkpt>
      <trkpt lat="45.799014391377568" lon="6.977882925421">
        <ele>1316.32421875</ele>
      </trkpt>
      <trkpt lat="45.798935852944851" lon="6.977793155238032">
        <ele>1314.8671875</ele>
      </trkpt>
      <trkpt lat="45.798862930387259" lon="6.977699361741543">
        <ele>1313.48046875</ele>
      </trkpt>
      <trkpt lat="45.798776932060719" lon="6.977607747539878">
        <ele>1311.89453125</ele>
      </trkpt>
      <trkpt lat="45.798681965097785" lon="6.977490987628698">
        <ele>1309.83203125</ele>
      </trkpt>
      <trkpt lat="45.79860451631248" lon="6.977393170818686">
        <ele>1308.109375</ele>
      </trkpt>
      <trkpt lat="45.798529582098126" lon="6.977274147793651">
        <ele>1306.9921875</ele>
      </trkpt>
      <trkpt lat="45.798447523266077" lon="6.977170379832387">
        <ele>1306.37109375</ele>
      </trkpt>
      <trkpt lat="45.798354148864746" lon="6.977108186110854">
        <ele>1304.9609375</ele>
      </trkpt>
      <trkpt lat="45.798284746706486" lon="6.977004334330559">
        <ele>1303.5078125</ele>
      </trkpt>
      <trkpt lat="45.798193886876106" lon="6.976923532783985">
        <ele>1302.1015625</ele>
      </trkpt>
      <trkpt lat="45.798110738396645" lon="6.976814065128565">
        <ele>1300.5234375</ele>
      </trkpt>
      <trkpt lat="45.798050891608" lon="6.976707950234413">
        <ele>1298.98046875</ele>
      </trkpt>
      <trkpt lat="45.797972856089473" lon="6.976592531427741">
        <ele>1297.39453125</ele>
      </trkpt>
      <trkpt lat="45.797910746186972" lon="6.976474765688181">
        <ele>1296.93359375</ele>
      </trkpt>
      <trkpt lat="45.79785006120801" lon="6.976363454014063">
        <ele>1296.71484375</ele>
      </trkpt>
      <trkpt lat="45.797768421471119" lon="6.976238898932934">
        <ele>1296.14453125</ele>
      </trkpt>
      <trkpt lat="45.797695331275463" lon="6.976106129586697">
        <ele>1294.953125</ele>
      </trkpt>
      <trkpt lat="45.797617882490158" lon="6.975987358018756">
        <ele>1293.125</ele>
      </trkpt>
      <trkpt lat="45.797537416219711" lon="6.975868167355657">
        <ele>1291.03515625</ele>
      </trkpt>
      <trkpt lat="45.797447729855776" lon="6.975772194564342">
        <ele>1289.16796875</ele>
      </trkpt>
      <trkpt lat="45.797360138967633" lon="6.975691979750991">
        <ele>1287.6328125</ele>
      </trkpt>
      <trkpt lat="45.797259891405702" lon="6.975601287558675">
        <ele>1286.015625</ele>
      </trkpt>
      <trkpt lat="45.797152351588011" lon="6.975510427728295">
        <ele>1284.05859375</ele>
      </trkpt>
      <trkpt lat="45.797046320512891" lon="6.975454520434141">
        <ele>1282.5546875</ele>
      </trkpt>
      <trkpt lat="45.79695931635797" lon="6.975401798263192">
        <ele>1281.51171875</ele>
      </trkpt>
      <trkpt lat="45.796882789582014" lon="6.975317979231477">
        <ele>1280.0546875</ele>
      </trkpt>
      <trkpt lat="45.796764772385359" lon="6.975307837128639">
        <ele>1278.8359375</ele>
      </trkpt>
      <trkpt lat="45.796658992767334" lon="6.97526584379375">
        <ele>1277.62109375</ele>
      </trkpt>
      <trkpt lat="45.796561259776354" lon="6.975228544324636">
        <ele>1276.515625</ele>
      </trkpt>
      <trkpt lat="45.796461179852486" lon="6.975175319239497">
        <ele>1275.5546875</ele>
      </trkpt>
      <trkpt lat="45.796344922855496" lon="6.975141623988748">
        <ele>1274.77734375</ele>
      </trkpt>
      <trkpt lat="45.796248530969024" lon="6.975071635097265">
        <ele>1273.671875</ele>
      </trkpt>
      <trkpt lat="45.796143589541316" lon="6.974990665912628">
        <ele>1272.796875</ele>
      </trkpt>
      <trkpt lat="45.796053232625127" lon="6.974914390593767">
        <ele>1271.9765625</ele>
      </trkpt>
      <trkpt lat="45.795964132994413" lon="6.974853873252869">
        <ele>1271.1640625</ele>
      </trkpt>
      <trkpt lat="45.795868914574385" lon="6.974767288193107">
        <ele>1269.54296875</ele>
      </trkpt>
      <trkpt lat="45.795767661184072" lon="6.974731748923659">
        <ele>1268.4296875</ele>
      </trkpt>
      <trkpt lat="45.795649392530322" lon="6.974698640406132">
        <ele>1267.35546875</ele>
      </trkpt>
      <trkpt lat="45.795681746676564" lon="6.974573582410812">
        <ele>1266.3359375</ele>
      </trkpt>
      <trkpt lat="45.795726086944342" lon="6.974445590749383">
        <ele>1265.734375</ele>
      </trkpt>
      <trkpt lat="45.795777887105942" lon="6.974327573552728">
        <ele>1265.2578125</ele>
      </trkpt>
      <trkpt lat="45.795851647853851" lon="6.974216429516673">
        <ele>1264.98828125</ele>
      </trkpt>
      <trkpt lat="45.795859945937991" lon="6.974041163921356">
        <ele>1263.9375</ele>
      </trkpt>
      <trkpt lat="45.795760285109282" lon="6.973919458687305">
        <ele>1262.78125</ele>
      </trkpt>
      <trkpt lat="45.795699851587415" lon="6.973786354064941">
        <ele>1261.89453125</ele>
      </trkpt>
      <trkpt lat="45.795749556273222" lon="6.973646963015199">
        <ele>1261.63671875</ele>
      </trkpt>
      <trkpt lat="45.795774618163705" lon="6.973484940826893">
        <ele>1260.921875</ele>
      </trkpt>
      <trkpt lat="45.795769421383739" lon="6.973289139568806">
        <ele>1259.4921875</ele>
      </trkpt>
      <trkpt lat="45.795690882951021" lon="6.97318134829402">
        <ele>1258.32421875</ele>
      </trkpt>
      <trkpt lat="45.795602453872561" lon="6.973119992762804">
        <ele>1257.09375</ele>
      </trkpt>
      <trkpt lat="45.795501871034503" lon="6.973032653331757">
        <ele>1255.78125</ele>
      </trkpt>
      <trkpt lat="45.795423667877913" lon="6.972944810986519">
        <ele>1254.640625</ele>
      </trkpt>
      <trkpt lat="45.795419560745358" lon="6.972791254520416">
        <ele>1252.9765625</ele>
      </trkpt>
      <trkpt lat="45.795350577682257" lon="6.972666950896382">
        <ele>1251.44140625</ele>
      </trkpt>
      <trkpt lat="45.795269021764398" lon="6.972570726647973">
        <ele>1249.98828125</ele>
      </trkpt>
      <trkpt lat="45.795188136398792" lon="6.972463857382536">
        <ele>1247.9921875</ele>
      </trkpt>
      <trkpt lat="45.795096857473254" lon="6.972324550151825">
        <ele>1246.25390625</ele>
      </trkpt>
      <trkpt lat="45.795024605467916" lon="6.97219530120492">
        <ele>1245.01953125</ele>
      </trkpt>
      <trkpt lat="45.794961070641875" lon="6.97208683937788">
        <ele>1243.98046875</ele>
      </trkpt>
      <trkpt lat="45.794886723160744" lon="6.971959099173546">
        <ele>1242.7578125</ele>
      </trkpt>
      <trkpt lat="45.794753869995475" lon="6.971917944028974">
        <ele>1242.21484375</ele>
      </trkpt>
      <trkpt lat="45.79461338929832" lon="6.971908221021295">
        <ele>1241.83984375</ele>
      </trkpt>
      <trkpt lat="45.79441892914474" lon="6.971959685906768">
        <ele>1242.31640625</ele>
      </trkpt>
      <trkpt lat="45.79431482590735" lon="6.971942419186234">
        <ele>1241.63671875</ele>
      </trkpt>
      <trkpt lat="45.794253470376134" lon="6.971798166632652">
        <ele>1237.9296875</ele>
      </trkpt>
      <trkpt lat="45.794209381565452" lon="6.971673779189587">
        <ele>1234.98046875</ele>
      </trkpt>
      <trkpt lat="45.794133776798844" lon="6.971576465293765">
        <ele>1232.58203125</ele>
      </trkpt>
      <trkpt lat="45.794043755158782" lon="6.971535393968225">
        <ele>1231.6484375</ele>
      </trkpt>
      <trkpt lat="45.793940657749772" lon="6.971449144184589">
        <ele>1231.203125</ele>
      </trkpt>
      <trkpt lat="45.793837141245604" lon="6.971389129757881">
        <ele>1230.80078125</ele>
      </trkpt>
      <trkpt lat="45.793751981109381" lon="6.971335485577583">
        <ele>1230.33984375</ele>
      </trkpt>
      <trkpt lat="45.793676627799869" lon="6.971240183338523">
        <ele>1229.99609375</ele>
      </trkpt>
      <trkpt lat="45.793598927557468" lon="6.971119148656726">
        <ele>1229.51171875</ele>
      </trkpt>
      <trkpt lat="45.79354084096849" lon="6.970992749556899">
        <ele>1228.59375</ele>
      </trkpt>
      <trkpt lat="45.793459368869662" lon="6.971050584688783">
        <ele>1228.953125</ele>
      </trkpt>
      <trkpt lat="45.793382255360484" lon="6.97113691829145">
        <ele>1229.15625</ele>
      </trkpt>
      <trkpt lat="45.79328921623528" lon="6.971248732879758">
        <ele>1229.70703125</ele>
      </trkpt>
      <trkpt lat="45.793198775500059" lon="6.971326936036348">
        <ele>1230.02734375</ele>
      </trkpt>
      <trkpt lat="45.793127780780196" lon="6.971396086737514">
        <ele>1229.9296875</ele>
      </trkpt>
      <trkpt lat="45.793036418035626" lon="6.971493819728494">
        <ele>1229.62890625</ele>
      </trkpt>
      <trkpt lat="45.792966848239303" lon="6.971571771427989">
        <ele>1229.24609375</ele>
      </trkpt>
      <trkpt lat="45.792851429432631" lon="6.971681071445346">
        <ele>1229.44140625</ele>
      </trkpt>
      <trkpt lat="45.79270918853581" lon="6.971834544092417">
        <ele>1228.7265625</ele>
      </trkpt>
      <trkpt lat="45.792609946802258" lon="6.971921129152179">
        <ele>1228.609375</ele>
      </trkpt>
      <trkpt lat="45.792522188276052" lon="6.971995728090405">
        <ele>1229.66015625</ele>
      </trkpt>
      <trkpt lat="45.792418085038662" lon="6.972078373655677">
        <ele>1231.0625</ele>
      </trkpt>
      <trkpt lat="45.79209353774786" lon="6.972304685041308">
        <ele>1235.84765625</ele>
      </trkpt>
      <trkpt lat="45.791958589106798" lon="6.972299488261342">
        <ele>1233.32421875</ele>
      </trkpt>
      <trkpt lat="45.791717860847712" lon="6.972412141039968">
        <ele>1231.3828125</ele>
      </trkpt>
      <trkpt lat="45.791626162827015" lon="6.972444746643305">
        <ele>1230.88671875</ele>
      </trkpt>
      <trkpt lat="45.791482161730528" lon="6.972527056932449">
        <ele>1231.68359375</ele>
      </trkpt>
      <trkpt lat="45.791376298293471" lon="6.972706262022257">
        <ele>1235.9375</ele>
      </trkpt>
      <trkpt lat="45.791270770132542" lon="6.972811790183187">
        <ele>1236.69921875</ele>
      </trkpt>
      <trkpt lat="45.791165661066771" lon="6.973071293905377">
        <ele>1238.46484375</ele>
      </trkpt>
      <trkpt lat="45.791075387969613" lon="6.973259299993515">
        <ele>1238.984375</ele>
      </trkpt>
      <trkpt lat="45.790936499834061" lon="6.973395254462957">
        <ele>1237.41796875</ele>
      </trkpt>
      <trkpt lat="45.790686886757612" lon="6.97344864718616">
        <ele>1232.51171875</ele>
      </trkpt>
      <trkpt lat="45.790491756051779" lon="6.973491227254272">
        <ele>1231.17578125</ele>
      </trkpt>
      <trkpt lat="45.790419587865472" lon="6.973417885601521">
        <ele>1230.19921875</ele>
      </trkpt>
      <trkpt lat="45.790256727486849" lon="6.973367426544428">
        <ele>1229.8359375</ele>
      </trkpt>
      <trkpt lat="45.790111301466823" lon="6.973381675779819">
        <ele>1230.43359375</ele>
      </trkpt>
    </trkseg>
  </trk>
</gpx>
