<?xml version="1.0" encoding="utf-8"?><gpx version="1.1" creator="MySchweizMobil - https://map.schweizmobil.ch/" xmlns:xsi="http://www.w3.org/2001/XMLSchema-instance" xmlns="http://www.topografix.com/GPX/1/1" xsi:schemaLocation="http://www.topografix.com/GPX/1/1 http://www.topografix.com/GPX/1/1/gpx.xsd"><metadata><name>2026xalpine</name><bounds minlat="45.86751306755468" minlon="7.063248025253415" maxlat="46.12353715067729" maxlon="7.307700875215232" /></metadata><trk><name>2026xalpine</name><trkseg><trkpt lat="46.0955324457027" lon="7.227884458377957"><ele>1488.1999816894531</ele></trkpt><trkpt lat="46.09553244104609" lon="7.227881872095168"><ele>1488.1999816894531</ele></trkpt><trkpt lat="46.09555252920836" lon="7.228040834423155"><ele>1486.5999755859375</ele></trkpt><trkpt lat="46.0955399912782" lon="7.228070622310042"><ele>1486.6999816894531</ele></trkpt><trkpt lat="46.09553015232086" lon="7.228100399952382"><ele>1486.5999755859375</ele></trkpt><trkpt lat="46.09580144286156" lon="7.228379933163524"><ele>1488.8999938964844</ele></trkpt><trkpt lat="46.09580145031214" lon="7.228383812122047"><ele>1488.8999938964844</ele></trkpt><trkpt lat="46.09580145031214" lon="7.228383812122047"><ele>1488.8999938964844</ele></trkpt><trkpt lat="46.09580145031214" lon="7.228383812122047"><ele>1488.8999938964844</ele></trkpt><trkpt lat="46.09580145031214" lon="7.228383812122047"><ele>1488.8999938964844</ele></trkpt><trkpt lat="46.09580144286156" lon="7.228379933163524"><ele>1488.8999938964844</ele></trkpt><trkpt lat="46.0960014462471" lon="7.22854078700766"><ele>1490.7999877929688</ele></trkpt><trkpt lat="46.096060066949576" lon="7.228620727546513"><ele>1491.0999755859375</ele></trkpt><trkpt lat="46.09605024708435" lon="7.228660849388689"><ele>1491.1999816894531</ele></trkpt><trkpt lat="46.09605030249804" lon="7.228690588846803"><ele>1491.1999816894531</ele></trkpt><trkpt lat="46.09605033881962" lon="7.22870998410508"><ele>1491.2999877929688</ele></trkpt><trkpt lat="46.09607018483803" lon="7.228739646729082"><ele>1491.3999938964844</ele></trkpt><trkpt lat="46.09609990846366" lon="7.228760220110416"><ele>1491.5999755859375</ele></trkpt><trkpt lat="46.09609021898359" lon="7.228870165068656"><ele>1492.0</ele></trkpt><trkpt lat="46.096100244671106" lon="7.228939949534833"><ele>1492.1999816894531</ele></trkpt><trkpt lat="46.096110253594816" lon="7.229000682942569"><ele>1492.3999938964844</ele></trkpt><trkpt lat="46.09596034511924" lon="7.229170647915453"><ele>1493.2999877929688</ele></trkpt><trkpt lat="46.095890366472304" lon="7.229270480573177"><ele>1493.8999938964844</ele></trkpt><trkpt lat="46.09575245156884" lon="7.229600732214749"><ele>1496.7999877929688</ele></trkpt><trkpt lat="46.095470189116895" lon="7.230190139263868"><ele>1502.2999877929688</ele></trkpt><trkpt lat="46.09537250874564" lon="7.230389637872577"><ele>1504.1999816894531</ele></trkpt><trkpt lat="46.09524246305227" lon="7.230599603615701"><ele>1506.3999938964844</ele></trkpt><trkpt lat="46.09501996729523" lon="7.2309198272414505"><ele>1509.0</ele></trkpt><trkpt lat="46.09437018819153" lon="7.231730428989977"><ele>1513.5999755859375</ele></trkpt><trkpt lat="46.09425993030891" lon="7.231940312311053"><ele>1514.3999938964844</ele></trkpt><trkpt lat="46.09383150655776" lon="7.232790132984519"><ele>1519.1999816894531</ele></trkpt><trkpt lat="46.09372025402263" lon="7.232949589844793"><ele>1520.0</ele></trkpt><trkpt lat="46.093590040225536" lon="7.233070329297334"><ele>1520.5</ele></trkpt><trkpt lat="46.09346243226901" lon="7.233140632510185"><ele>1521.1999816894531</ele></trkpt><trkpt lat="46.093420170247555" lon="7.233149843290448"><ele>1521.5</ele></trkpt><trkpt lat="46.09324029600248" lon="7.233169918414205"><ele>1522.0999755859375</ele></trkpt><trkpt lat="46.09299025731161" lon="7.233190258964896"><ele>1523.5999755859375</ele></trkpt><trkpt lat="46.092920111492276" lon="7.233200868126005"><ele>1523.6999816894531</ele></trkpt><trkpt lat="46.09276011725888" lon="7.233269999735057"><ele>1523.8999938964844</ele></trkpt><trkpt lat="46.09269986860454" lon="7.233281863853335"><ele>1523.7999877929688</ele></trkpt><trkpt lat="46.09192000795156" lon="7.233310672454536"><ele>1526.8999938964844</ele></trkpt><trkpt lat="46.0918704951182" lon="7.233290173113346"><ele>1527.5</ele></trkpt><trkpt lat="46.09182006586343" lon="7.233260626439005"><ele>1528.0999755859375</ele></trkpt><trkpt lat="46.091700149234384" lon="7.233109808526933"><ele>1529.3999938964844</ele></trkpt><trkpt lat="46.09167149150744" lon="7.233179735019803"><ele>1529.5</ele></trkpt><trkpt lat="46.0916599445045" lon="7.233259939588606"><ele>1530.0</ele></trkpt><trkpt lat="46.091509921010584" lon="7.233370405156165"><ele>1531.5999755859375</ele></trkpt><trkpt lat="46.09150810120627" lon="7.233358775731176"><ele>1532.5</ele></trkpt><trkpt lat="46.09150810120627" lon="7.233358775731176"><ele>1532.5</ele></trkpt><trkpt lat="46.09150810120627" lon="7.233358775731176"><ele>1532.5</ele></trkpt><trkpt lat="46.09150810120627" lon="7.233358775731176"><ele>1532.5</ele></trkpt><trkpt lat="46.09150810120627" lon="7.233358775731176"><ele>1532.5</ele></trkpt><trkpt lat="46.09150810120627" lon="7.233358775731176"><ele>1532.5</ele></trkpt><trkpt lat="46.09133550385013" lon="7.233422781340778"><ele>1534.8999938964844</ele></trkpt><trkpt lat="46.091159308794886" lon="7.233486799988896"><ele>1536.5999755859375</ele></trkpt><trkpt lat="46.091042443644255" lon="7.233528614975512"><ele>1538.2999877929688</ele></trkpt><trkpt lat="46.09081043116748" lon="7.233568278606981"><ele>1540.7999877929688</ele></trkpt><trkpt lat="46.09059442207217" lon="7.2335044499486685"><ele>1543.3999938964844</ele></trkpt><trkpt lat="46.09042243845761" lon="7.233412011992186"><ele>1545.6999816894531</ele></trkpt><trkpt lat="46.09025495452806" lon="7.233320850413293"><ele>1547.6999816894531</ele></trkpt><trkpt lat="46.090087468735874" lon="7.233228396624327"><ele>1549.5</ele></trkpt><trkpt lat="46.08991818316281" lon="7.23313594982028"><ele>1551.2999877929688</ele></trkpt><trkpt lat="46.08977140765637" lon="7.233055054675788"><ele>1553.0</ele></trkpt><trkpt lat="46.08962541585788" lon="7.232910805847496"><ele>1554.7999877929688</ele></trkpt><trkpt lat="46.08941094856709" lon="7.232707345858216"><ele>1556.3999938964844</ele></trkpt><trkpt lat="46.089375109411776" lon="7.232785054016858"><ele>1557.7999877929688</ele></trkpt><trkpt lat="46.08944946574047" lon="7.233107989188284"><ele>1559.3999938964844</ele></trkpt><trkpt lat="46.08955150330439" lon="7.233319633640349"><ele>1560.8999938964844</ele></trkpt><trkpt lat="46.089619220234454" lon="7.233456422109157"><ele>1562.0</ele></trkpt><trkpt lat="46.08974728733301" lon="7.233636940829456"><ele>1563.3999938964844</ele></trkpt><trkpt lat="46.08987625595182" lon="7.233818749897182"><ele>1565.0</ele></trkpt><trkpt lat="46.09000432258472" lon="7.233999270480126"><ele>1566.6999816894531</ele></trkpt><trkpt lat="46.09013239154592" lon="7.234181084670126"><ele>1568.5999755859375</ele></trkpt><trkpt lat="46.09031546674669" lon="7.234436387196183"><ele>1570.7999877929688</ele></trkpt><trkpt lat="46.090471314731985" lon="7.234559919219464"><ele>1572.7999877929688</ele></trkpt><trkpt lat="46.09059292823076" lon="7.234655136242509"><ele>1574.5</ele></trkpt><trkpt lat="46.090727276168764" lon="7.234827880281955"><ele>1576.0999755859375</ele></trkpt><trkpt lat="46.09086342761293" lon="7.2350032036192715"><ele>1577.8999938964844</ele></trkpt><trkpt lat="46.09100942965597" lon="7.235153926536441"><ele>1580.0999755859375</ele></trkpt><trkpt lat="46.09121490921825" lon="7.2353639006614685"><ele>1582.7999877929688</ele></trkpt><trkpt lat="46.091404049191624" lon="7.235492484178394"><ele>1584.8999938964844</ele></trkpt><trkpt lat="46.09143998473883" lon="7.235466491896659"><ele>1586.0</ele></trkpt><trkpt lat="46.09149402799085" lon="7.235505077056587"><ele>1587.0</ele></trkpt><trkpt lat="46.09153024433181" lon="7.235634233336896"><ele>1588.6999816894531</ele></trkpt><trkpt lat="46.09152150666341" lon="7.235776487272233"><ele>1590.5999755859375</ele></trkpt><trkpt lat="46.09159441711381" lon="7.235802073497325"><ele>1592.5</ele></trkpt><trkpt lat="46.091604499612004" lon="7.23590546939522"><ele>1594.1999816894531</ele></trkpt><trkpt lat="46.09164945362136" lon="7.235892372671515"><ele>1595.6999816894531</ele></trkpt><trkpt lat="46.09167743334547" lon="7.235943985171616"><ele>1597.0</ele></trkpt><trkpt lat="46.091612002812326" lon="7.23607481457293"><ele>1598.3999938964844</ele></trkpt><trkpt lat="46.09163017850369" lon="7.236176887527108"><ele>1599.8999938964844</ele></trkpt><trkpt lat="46.09167515579611" lon="7.236176719889045"><ele>1600.8999938964844</ele></trkpt><trkpt lat="46.09170204913244" lon="7.236124902963638"><ele>1601.7999877929688</ele></trkpt><trkpt lat="46.09175604581833" lon="7.236137630883604"><ele>1603.0</ele></trkpt><trkpt lat="46.091747446917" lon="7.236357459798455"><ele>1604.0999755859375</ele></trkpt><trkpt lat="46.09179242467508" lon="7.236357292160392"><ele>1604.7999877929688</ele></trkpt><trkpt lat="46.09181032469496" lon="7.236306801903993"><ele>1605.2999877929688</ele></trkpt><trkpt lat="46.09189130552113" lon="7.236318136565387"><ele>1606.2999877929688</ele></trkpt><trkpt lat="46.09195441380143" lon="7.236395476851612"><ele>1607.5</ele></trkpt><trkpt lat="46.091937485616654" lon="7.236486045178026"><ele>1608.3999938964844</ele></trkpt><trkpt lat="46.0919654420577" lon="7.236524728592485"><ele>1609.0</ele></trkpt><trkpt lat="46.092045408673584" lon="7.236472714226693"><ele>1609.8999938964844</ele></trkpt><trkpt lat="46.092152478639036" lon="7.236485245171934"><ele>1611.8999938964844</ele></trkpt><trkpt lat="46.09215550404042" lon="7.236666244454682"><ele>1614.1999816894531</ele></trkpt><trkpt lat="46.09226344991475" lon="7.236665843054652"><ele>1615.7999877929688</ele></trkpt><trkpt lat="46.092296896502376" lon="7.236756224185228"><ele>1615.8999938964844</ele></trkpt><trkpt lat="46.09246041812003" lon="7.236647008918226"><ele>1613.7999877929688</ele></trkpt><trkpt lat="46.09268323518336" lon="7.236496197991073"><ele>1609.8999938964844</ele></trkpt><trkpt lat="46.092971090227365" lon="7.2364951255731285"><ele>1606.0</ele></trkpt><trkpt lat="46.09314393578097" lon="7.236568179912865"><ele>1603.5</ele></trkpt><trkpt lat="46.09330417914316" lon="7.236636110115796"><ele>1602.5</ele></trkpt><trkpt lat="46.09348235698417" lon="7.2366729429923"><ele>1601.5</ele></trkpt><trkpt lat="46.09373612469062" lon="7.236725010443479"><ele>1599.6999816894531</ele></trkpt><trkpt lat="46.09393649082631" lon="7.236594967544079"><ele>1597.5</ele></trkpt><trkpt lat="46.09393649082631" lon="7.236594967544079"><ele>1597.5</ele></trkpt><trkpt lat="46.09393649082631" lon="7.236594967544079"><ele>1597.5</ele></trkpt><trkpt lat="46.09393649082631" lon="7.236594967544079"><ele>1597.5</ele></trkpt><trkpt lat="46.09393649082631" lon="7.236594967544079"><ele>1597.5</ele></trkpt><trkpt lat="46.09393649082631" lon="7.236594967544079"><ele>1597.5</ele></trkpt><trkpt lat="46.09411092614755" lon="7.236551649868488"><ele>1595.5999755859375</ele></trkpt><trkpt lat="46.09428805811331" lon="7.236507029272616"><ele>1594.2999877929688</ele></trkpt><trkpt lat="46.09441034263" lon="7.236476834863424"><ele>1593.1999816894531</ele></trkpt><trkpt lat="46.09466195944697" lon="7.236333668697625"><ele>1591.0999755859375</ele></trkpt><trkpt lat="46.09477942669764" lon="7.236126351635903"><ele>1587.0999755859375</ele></trkpt><trkpt lat="46.0949940206483" lon="7.2359057404100895"><ele>1582.7999877929688</ele></trkpt><trkpt lat="46.095158443786204" lon="7.235797807108611"><ele>1579.5</ele></trkpt><trkpt lat="46.095320167951286" lon="7.235689882654697"><ele>1576.7999877929688</ele></trkpt><trkpt lat="46.0954432557337" lon="7.235606669913977"><ele>1574.7999877929688</ele></trkpt><trkpt lat="46.095524051226676" lon="7.235515856649727"><ele>1573.0999755859375</ele></trkpt><trkpt lat="46.095634324941784" lon="7.235311147291213"><ele>1570.3999938964844</ele></trkpt><trkpt lat="46.095748187508434" lon="7.235101251862943"><ele>1569.0</ele></trkpt><trkpt lat="46.09599134745076" lon="7.235255503561348"><ele>1570.7999877929688</ele></trkpt><trkpt lat="46.096063499338925" lon="7.235358675476164"><ele>1573.8999938964844</ele></trkpt><trkpt lat="46.09609348978847" lon="7.235526656731963"><ele>1577.1999816894531</ele></trkpt><trkpt lat="46.096199112478644" lon="7.235733146779239"><ele>1581.1999816894531</ele></trkpt><trkpt lat="46.096342431381345" lon="7.235892947297543"><ele>1585.3999938964844</ele></trkpt><trkpt lat="46.09645150182769" lon="7.236016671638936"><ele>1589.0</ele></trkpt><trkpt lat="46.09654448274523" lon="7.236197350081056"><ele>1591.8999938964844</ele></trkpt><trkpt lat="46.09649706352502" lon="7.236339760944247"><ele>1594.5</ele></trkpt><trkpt lat="46.09638942126185" lon="7.236508256755769"><ele>1597.0999755859375</ele></trkpt><trkpt lat="46.09639050764963" lon="7.236611695494503"><ele>1599.1999816894531</ele></trkpt><trkpt lat="46.09643747098744" lon="7.236714963801205"><ele>1601.1999816894531</ele></trkpt><trkpt lat="46.096533886156976" lon="7.236805117689073"><ele>1603.6999816894531</ele></trkpt><trkpt lat="46.09671742236242" lon="7.236819952260703"><ele>1606.0</ele></trkpt><trkpt lat="46.09689646353945" lon="7.236836096737534"><ele>1608.5</ele></trkpt><trkpt lat="46.09712048666552" lon="7.236854659859091"><ele>1611.8999938964844</ele></trkpt><trkpt lat="46.09721143497154" lon="7.236906044650823"><ele>1615.0999755859375</ele></trkpt><trkpt lat="46.09726642398164" lon="7.236970493104309"><ele>1618.0999755859375</ele></trkpt><trkpt lat="46.09734599897638" lon="7.237200361676514"><ele>1622.5999755859375</ele></trkpt><trkpt lat="46.09741741698235" lon="7.237396642100066"><ele>1627.0999755859375</ele></trkpt><trkpt lat="46.09757843706757" lon="7.237396045587957"><ele>1630.3999938964844</ele></trkpt><trkpt lat="46.09764147782698" lon="7.237435897346586"><ele>1632.6999816894531</ele></trkpt><trkpt lat="46.097714501898736" lon="7.237524848431349"><ele>1636.0999755859375</ele></trkpt><trkpt lat="46.097849091514945" lon="7.237834686413407"><ele>1640.8999938964844</ele></trkpt><trkpt lat="46.0979834375903" lon="7.238008754327893"><ele>1645.0</ele></trkpt><trkpt lat="46.09807541174814" lon="7.238131256774068"><ele>1648.3999938964844</ele></trkpt><trkpt lat="46.09813141589984" lon="7.238260357640684"><ele>1652.0</ele></trkpt><trkpt lat="46.09812913322821" lon="7.238493119832128"><ele>1655.5999755859375</ele></trkpt><trkpt lat="46.09815630502999" lon="7.238596465904266"><ele>1659.2999877929688</ele></trkpt><trkpt lat="46.098318432457745" lon="7.238712246064097"><ele>1664.3999938964844</ele></trkpt><trkpt lat="46.098570491652936" lon="7.238814765121788"><ele>1669.6999816894531</ele></trkpt><trkpt lat="46.098692272324115" lon="7.239005694631487"><ele>1674.5999755859375</ele></trkpt><trkpt lat="46.09885915461928" lon="7.239266285672784"><ele>1679.5</ele></trkpt><trkpt lat="46.09886842640117" lon="7.239421423058957"><ele>1683.7999877929688</ele></trkpt><trkpt lat="46.0987454643473" lon="7.23957704519853"><ele>1687.0999755859375</ele></trkpt><trkpt lat="46.098680096212775" lon="7.239745386410505"><ele>1689.1999816894531</ele></trkpt><trkpt lat="46.09868034860119" lon="7.2398876254446805"><ele>1691.5</ele></trkpt><trkpt lat="46.09878144226968" lon="7.2400812190026045"><ele>1694.6999816894531</ele></trkpt><trkpt lat="46.098756461404264" lon="7.240197688341141"><ele>1697.5999755859375</ele></trkpt><trkpt lat="46.098600182682276" lon="7.240335327107459"><ele>1700.2999877929688</ele></trkpt><trkpt lat="46.09844749979675" lon="7.240471658762544"><ele>1702.8999938964844</ele></trkpt><trkpt lat="46.09835050627589" lon="7.240561235230416"><ele>1704.5</ele></trkpt><trkpt lat="46.098173395730555" lon="7.24061877746135"><ele>1706.3999938964844</ele></trkpt><trkpt lat="46.09799808496609" lon="7.240676312241703"><ele>1709.1999816894531</ele></trkpt><trkpt lat="46.09799808496609" lon="7.240676312241703"><ele>1709.1999816894531</ele></trkpt><trkpt lat="46.09799808496609" lon="7.240676312241703"><ele>1709.1999816894531</ele></trkpt><trkpt lat="46.09799808496609" lon="7.240676312241703"><ele>1709.1999816894531</ele></trkpt><trkpt lat="46.09799808496609" lon="7.240676312241703"><ele>1709.1999816894531</ele></trkpt><trkpt lat="46.09799808496609" lon="7.240676312241703"><ele>1709.1999816894531</ele></trkpt><trkpt lat="46.09787222137675" lon="7.240718150045723"><ele>1712.0</ele></trkpt><trkpt lat="46.097719435580075" lon="7.240796291269362"><ele>1714.3999938964844</ele></trkpt><trkpt lat="46.097534425091" lon="7.240965063218027"><ele>1716.5</ele></trkpt><trkpt lat="46.097377949394286" lon="7.240991494618356"><ele>1718.0999755859375</ele></trkpt><trkpt lat="46.097324090544134" lon="7.241056343540549"><ele>1719.0999755859375</ele></trkpt><trkpt lat="46.09737822320312" lon="7.241146660409868"><ele>1720.5999755859375</ele></trkpt><trkpt lat="46.09755106456578" lon="7.241218443028629"><ele>1723.0</ele></trkpt><trkpt lat="46.09768429864198" lon="7.241274853702635"><ele>1725.6999816894531</ele></trkpt><trkpt lat="46.0978744905442" lon="7.241493984125555"><ele>1728.5999755859375</ele></trkpt><trkpt lat="46.09804910374805" lon="7.241550245322287"><ele>1731.0</ele></trkpt><trkpt lat="46.09822641313076" lon="7.241605204064399"><ele>1733.0999755859375</ele></trkpt><trkpt lat="46.098478430416435" lon="7.241685753688216"><ele>1735.5999755859375</ele></trkpt><trkpt lat="46.098645008634776" lon="7.24177695857361"><ele>1737.2999877929688</ele></trkpt><trkpt lat="46.09878547210246" lon="7.241852741222829"><ele>1738.1999816894531</ele></trkpt><trkpt lat="46.098940417170525" lon="7.241978902835399"><ele>1738.8999938964844</ele></trkpt><trkpt lat="46.09908905159682" lon="7.242097329348326"><ele>1740.0999755859375</ele></trkpt><trkpt lat="46.09925140114501" lon="7.2423424306325614"><ele>1742.0999755859375</ele></trkpt><trkpt lat="46.09944042004645" lon="7.242406402248889"><ele>1743.8999938964844</ele></trkpt><trkpt lat="46.09961845865473" lon="7.242364379577339"><ele>1745.0999755859375</ele></trkpt><trkpt lat="46.09982706839219" lon="7.242314486764371"><ele>1746.2999877929688</ele></trkpt><trkpt lat="46.10000523598865" lon="7.24234617035836"><ele>1747.1999816894531</ele></trkpt><trkpt lat="46.10018430324271" lon="7.2423778511583805"><ele>1749.5999755859375</ele></trkpt><trkpt lat="46.10036246944219" lon="7.242408242542297"><ele>1753.8999938964844</ele></trkpt><trkpt lat="46.10054243635386" lon="7.24243992054835"><ele>1756.5</ele></trkpt><trkpt lat="46.100721505470574" lon="7.2424728949554265"><ele>1756.2999877929688</ele></trkpt><trkpt lat="46.10091046942398" lon="7.242505833040923"><ele>1754.7999877929688</ele></trkpt><trkpt lat="46.1010794355534" lon="7.242419875226915"><ele>1755.0</ele></trkpt><trkpt lat="46.101293336134404" lon="7.242309184744954"><ele>1756.5999755859375</ele></trkpt><trkpt lat="46.101392331998795" lon="7.242334689479321"><ele>1757.2999877929688</ele></trkpt><trkpt lat="46.10142817813903" lon="7.242256971076131"><ele>1757.2999877929688</ele></trkpt><trkpt lat="46.10150927398354" lon="7.242334267124534"><ele>1758.5999755859375</ele></trkpt><trkpt lat="46.10172521136701" lon="7.242359349504113"><ele>1761.1999816894531</ele></trkpt><trkpt lat="46.1017522434704" lon="7.242385115008801"><ele>1763.5</ele></trkpt><trkpt lat="46.10180305317044" lon="7.242633218411356"><ele>1766.1999816894531</ele></trkpt><trkpt lat="46.10183750325814" lon="7.242785687558353"><ele>1769.0999755859375</ele></trkpt><trkpt lat="46.10189140867442" lon="7.242746698670089"><ele>1771.5</ele></trkpt><trkpt lat="46.101923973765224" lon="7.242850034497678"><ele>1774.5</ele></trkpt><trkpt lat="46.10192541545257" lon="7.243160388898104"><ele>1778.0999755859375</ele></trkpt><trkpt lat="46.10197846684605" lon="7.243147266563028"><ele>1781.3999938964844</ele></trkpt><trkpt lat="46.10206801677123" lon="7.242914174683392"><ele>1785.2999877929688</ele></trkpt><trkpt lat="46.10215846868232" lon="7.2431983458809555"><ele>1789.3999938964844</ele></trkpt><trkpt lat="46.10217706812546" lon="7.243547434918582"><ele>1793.2999877929688</ele></trkpt><trkpt lat="46.1021594600752" lon="7.243767337407917"><ele>1796.7999877929688</ele></trkpt><trkpt lat="46.1021254346706" lon="7.24385798163712"><ele>1798.7999877929688</ele></trkpt><trkpt lat="46.10216141678393" lon="7.243857852648944"><ele>1800.0999755859375</ele></trkpt><trkpt lat="46.102153413463384" lon="7.243910901714116"><ele>1801.0999755859375</ele></trkpt><trkpt lat="46.102180420421064" lon="7.2439224435947835"><ele>1803.3999938964844</ele></trkpt><trkpt lat="46.10224113985896" lon="7.24418086046353"><ele>1807.8999938964844</ele></trkpt><trkpt lat="46.10222649760544" lon="7.244555932469666"><ele>1811.3999938964844</ele></trkpt><trkpt lat="46.1021914598532" lon="7.244581921026111"><ele>1811.5</ele></trkpt><trkpt lat="46.102127459831536" lon="7.2445058529265225"><ele>1810.3999938964844</ele></trkpt><trkpt lat="46.10193050093949" lon="7.244531127624214"><ele>1809.7999877929688</ele></trkpt><trkpt lat="46.101828064303845" lon="7.244596152100712"><ele>1810.6999816894531</ele></trkpt><trkpt lat="46.1016854387708" lon="7.244829430710524"><ele>1813.0</ele></trkpt><trkpt lat="46.10151746915653" lon="7.24497227743268"><ele>1815.5999755859375</ele></trkpt><trkpt lat="46.101339410059154" lon="7.24500265577808"><ele>1817.6999816894531</ele></trkpt><trkpt lat="46.101339410059154" lon="7.24500265577808"><ele>1817.6999816894531</ele></trkpt><trkpt lat="46.101339410059154" lon="7.24500265577808"><ele>1817.6999816894531</ele></trkpt><trkpt lat="46.101339410059154" lon="7.24500265577808"><ele>1817.6999816894531</ele></trkpt><trkpt lat="46.101339410059154" lon="7.24500265577808"><ele>1817.6999816894531</ele></trkpt><trkpt lat="46.101339410059154" lon="7.24500265577808"><ele>1817.6999816894531</ele></trkpt><trkpt lat="46.10120811406523" lon="7.245025108102709"><ele>1819.1999816894531</ele></trkpt><trkpt lat="46.10110947629437" lon="7.245206499937922"><ele>1821.0</ele></trkpt><trkpt lat="46.10102896299213" lon="7.245465415529907"><ele>1823.0</ele></trkpt><trkpt lat="46.10083121806383" lon="7.245556639041752"><ele>1824.5</ele></trkpt><trkpt lat="46.100750459358096" lon="7.245673309080303"><ele>1825.8999938964844</ele></trkpt><trkpt lat="46.10076343128458" lon="7.245893096085638"><ele>1827.2999877929688</ele></trkpt><trkpt lat="46.100679118186235" lon="7.246035640127957"><ele>1828.7999877929688</ele></trkpt><trkpt lat="46.10041827149689" lon="7.246049497742206"><ele>1831.2999877929688</ele></trkpt><trkpt lat="46.100275421049446" lon="7.246153454761952"><ele>1833.8999938964844</ele></trkpt><trkpt lat="46.100096464157104" lon="7.246185124386102"><ele>1835.6999816894531</ele></trkpt><trkpt lat="46.09998045815155" lon="7.246206225827336"><ele>1837.0</ele></trkpt><trkpt lat="46.09989695576951" lon="7.24629704002291"><ele>1838.3999938964844</ele></trkpt><trkpt lat="46.09984347037971" lon="7.246581715065986"><ele>1839.8999938964844</ele></trkpt><trkpt lat="46.09979943698272" lon="7.246607732959092"><ele>1841.0</ele></trkpt><trkpt lat="46.09972745086998" lon="7.246595056727529"><ele>1841.8999938964844</ele></trkpt><trkpt lat="46.099600326735526" lon="7.246427402831614"><ele>1843.3999938964844</ele></trkpt><trkpt lat="46.09949227049947" lon="7.246363130863756"><ele>1845.3999938964844</ele></trkpt><trkpt lat="46.0995013769716" lon="7.246427753940225"><ele>1847.5999755859375</ele></trkpt><trkpt lat="46.09934843238443" lon="7.246415365487337"><ele>1851.8999938964844</ele></trkpt><trkpt lat="46.0990724270232" lon="7.2465068604797125"><ele>1858.1999816894531</ele></trkpt><trkpt lat="46.09885410312563" lon="7.246662804856896"><ele>1863.5</ele></trkpt><trkpt lat="46.09862013254315" lon="7.2466119094751775"><ele>1867.8999938964844</ele></trkpt><trkpt lat="46.098377365618944" lon="7.246677423361689"><ele>1872.3999938964844</ele></trkpt><trkpt lat="46.098221966065466" lon="7.2468072809278965"><ele>1877.0999755859375</ele></trkpt><trkpt lat="46.09797314507887" lon="7.247015052009374"><ele>1881.0999755859375</ele></trkpt><trkpt lat="46.09786194842309" lon="7.24721845658496"><ele>1884.2999877929688</ele></trkpt><trkpt lat="46.097704119980335" lon="7.247507366351783"><ele>1887.1999816894531</ele></trkpt><trkpt lat="46.09748041909188" lon="7.247676252387464"><ele>1890.2999877929688</ele></trkpt><trkpt lat="46.097626402042806" lon="7.247825734317303"><ele>1894.3999938964844</ele></trkpt><trkpt lat="46.09785799216479" lon="7.248062844853848"><ele>1899.5</ele></trkpt><trkpt lat="46.097606426570565" lon="7.24824475729838"><ele>1904.7999877929688</ele></trkpt><trkpt lat="46.097426956519485" lon="7.248503998853266"><ele>1909.7999877929688</ele></trkpt><trkpt lat="46.097340086475015" lon="7.248731881380081"><ele>1914.1999816894531</ele></trkpt><trkpt lat="46.09725143481046" lon="7.248970113694668"><ele>1918.6999816894531</ele></trkpt><trkpt lat="46.09706803690642" lon="7.2490354077890515"><ele>1923.0999755859375</ele></trkpt><trkpt lat="46.09700520010665" lon="7.249113210476935"><ele>1926.0999755859375</ele></trkpt><trkpt lat="46.09689732035622" lon="7.249152378644794"><ele>1928.1999816894531</ele></trkpt><trkpt lat="46.09681941149756" lon="7.249360830988735"><ele>1931.0999755859375</ele></trkpt><trkpt lat="46.09683509496972" lon="7.249592231120914"><ele>1934.7999877929688</ele></trkpt><trkpt lat="46.09674912225455" lon="7.249820106197149"><ele>1938.5</ele></trkpt><trkpt lat="46.09667749423534" lon="7.250019483733922"><ele>1942.3999938964844</ele></trkpt><trkpt lat="46.09657350415364" lon="7.250231903512031"><ele>1946.8999938964844</ele></trkpt><trkpt lat="46.09643546724692" lon="7.250525902025402"><ele>1951.5999755859375</ele></trkpt><trkpt lat="46.09637650521472" lon="7.2507691965438426"><ele>1956.0</ele></trkpt><trkpt lat="46.09631844423711" lon="7.251013780944049"><ele>1959.7999877929688</ele></trkpt><trkpt lat="46.0962594836019" lon="7.251258367672563"><ele>1963.5999755859375</ele></trkpt><trkpt lat="46.09620140865445" lon="7.251495192293078"><ele>1967.7999877929688</ele></trkpt><trkpt lat="46.09598406357691" lon="7.251702826004475"><ele>1972.2999877929688</ele></trkpt><trkpt lat="46.09598406357691" lon="7.251702826004475"><ele>1972.2999877929688</ele></trkpt><trkpt lat="46.09598406357691" lon="7.251702826004475"><ele>1972.2999877929688</ele></trkpt><trkpt lat="46.09598406357691" lon="7.251702826004475"><ele>1972.2999877929688</ele></trkpt><trkpt lat="46.09598406357691" lon="7.251702826004475"><ele>1972.2999877929688</ele></trkpt><trkpt lat="46.09598406357691" lon="7.251702826004475"><ele>1972.2999877929688</ele></trkpt><trkpt lat="46.09586742473766" lon="7.2518842509016395"><ele>1975.5</ele></trkpt><trkpt lat="46.09586845384911" lon="7.251961828675121"><ele>1977.1999816894531</ele></trkpt><trkpt lat="46.095994498580694" lon="7.2520260461606085"><ele>1978.0999755859375</ele></trkpt><trkpt lat="46.09594142483547" lon="7.252026229165494"><ele>1978.6999816894531</ele></trkpt><trkpt lat="46.095808506943285" lon="7.252155988011509"><ele>1979.7999877929688</ele></trkpt><trkpt lat="46.09569047251716" lon="7.252040022518486"><ele>1981.0999755859375</ele></trkpt><trkpt lat="46.095555499661714" lon="7.2520159194245934"><ele>1982.5</ele></trkpt><trkpt lat="46.09542844630778" lon="7.251885762903839"><ele>1984.5</ele></trkpt><trkpt lat="46.095329453237355" lon="7.251860243733972"><ele>1987.7999877929688</ele></trkpt><trkpt lat="46.09515143139288" lon="7.251913870219141"><ele>1992.0</ele></trkpt><trkpt lat="46.09502195939422" lon="7.251951813232154"><ele>1995.7999877929688</ele></trkpt><trkpt lat="46.0948584144935" lon="7.252055815886706"><ele>1998.6999816894531</ele></trkpt><trkpt lat="46.09473440609872" lon="7.252133822068572"><ele>2000.8999938964844</ele></trkpt><trkpt lat="46.094563492108136" lon="7.252134409733117"><ele>2003.0</ele></trkpt><trkpt lat="46.09443742642179" lon="7.25205726409331"><ele>2005.7999877929688</ele></trkpt><trkpt lat="46.09423913899809" lon="7.251825210172683"><ele>2009.3999938964844</ele></trkpt><trkpt lat="46.0941254645586" lon="7.251626483164728"><ele>2013.0</ele></trkpt><trkpt lat="46.09402442211285" lon="7.251450987067074"><ele>2015.6999816894531</ele></trkpt><trkpt lat="46.09388848254457" lon="7.251386807765812"><ele>2017.6999816894531</ele></trkpt><trkpt lat="46.093826478812844" lon="7.251425811555237"><ele>2020.8999938964844</ele></trkpt><trkpt lat="46.09365324769169" lon="7.251116097904742"><ele>2026.0</ele></trkpt><trkpt lat="46.09349098382518" lon="7.250909785274416"><ele>2032.1999816894531</ele></trkpt><trkpt lat="46.09342041844502" lon="7.251207411289215"><ele>2039.0</ele></trkpt><trkpt lat="46.09325801348314" lon="7.251454927958548"><ele>2045.1999816894531</ele></trkpt><trkpt lat="46.09311397653073" lon="7.251389484852552"><ele>2050.2999877929688</ele></trkpt><trkpt lat="46.09299842501059" lon="7.251144223380834"><ele>2055.3999938964844</ele></trkpt><trkpt lat="46.09286208311096" lon="7.251377425622195"><ele>2060.199981689453</ele></trkpt><trkpt lat="46.09281699825078" lon="7.251312934327871"><ele>2063.0</ele></trkpt><trkpt lat="46.09279249468818" lon="7.251183724496514"><ele>2064.3999938964844</ele></trkpt><trkpt lat="46.09278936358169" lon="7.250925146508962"><ele>2065.5999755859375</ele></trkpt><trkpt lat="46.09279343066737" lon="7.250667836517096"><ele>2068.2999877929688</ele></trkpt><trkpt lat="46.09278841083869" lon="7.250356254633516"><ele>2072.7999877929688</ele></trkpt><trkpt lat="46.09274745406583" lon="7.250071949325502"><ele>2077.3999938964844</ele></trkpt><trkpt lat="46.09260240988806" lon="7.249943159986287"><ele>2080.8999938964844</ele></trkpt><trkpt lat="46.09261708613485" lon="7.250111191533506"><ele>2083.5999755859375</ele></trkpt><trkpt lat="46.09251815825701" lon="7.250124465208501"><ele>2087.7999877929688</ele></trkpt><trkpt lat="46.09229650022462" lon="7.249905437231064"><ele>2093.0999755859375</ele></trkpt><trkpt lat="46.09226142056286" lon="7.249906852375716"><ele>2095.8999938964844</ele></trkpt><trkpt lat="46.09227506397292" lon="7.249996017664671"><ele>2097.0999755859375</ele></trkpt><trkpt lat="46.0922483173199" lon="7.250138333532959"><ele>2099.699981689453</ele></trkpt><trkpt lat="46.09214928094298" lon="7.250086960848421"><ele>2103.5</ele></trkpt><trkpt lat="46.09212444163859" lon="7.250293916556984"><ele>2106.7999877929688</ele></trkpt><trkpt lat="46.091960441786796" lon="7.250126405619085"><ele>2109.5999755859375</ele></trkpt><trkpt lat="46.09199043177068" lon="7.250307311303914"><ele>2112.2999877929688</ele></trkpt><trkpt lat="46.09197248425335" lon="7.250333232339472"><ele>2114.0</ele></trkpt><trkpt lat="46.091927422676235" lon="7.250282965134829"><ele>2115.199981689453</ele></trkpt><trkpt lat="46.09188246494159" lon="7.250294757541269"><ele>2117.5</ele></trkpt><trkpt lat="46.091898085549474" lon="7.2504899352788925"><ele>2120.5</ele></trkpt><trkpt lat="46.091780993156135" lon="7.250399837270379"><ele>2123.5999755859375</ele></trkpt><trkpt lat="46.091637107077986" lon="7.250424902420491"><ele>2127.199981689453</ele></trkpt><trkpt lat="46.09176341351122" lon="7.250644261483103"><ele>2131.0999755859375</ele></trkpt><trkpt lat="46.09163745585829" lon="7.250631769187748"><ele>2135.199981689453</ele></trkpt><trkpt lat="46.091442494653165" lon="7.2507759584113955"><ele>2139.5</ele></trkpt><trkpt lat="46.09159644600004" lon="7.2508517084643245"><ele>2142.7999877929688</ele></trkpt><trkpt lat="46.09166044462472" lon="7.250929062254727"><ele>2144.699981689453</ele></trkpt><trkpt lat="46.0915749873966" lon="7.250929357949644"><ele>2146.3999938964844</ele></trkpt><trkpt lat="46.091467171907425" lon="7.251007306389511"><ele>2148.8999938964844</ele></trkpt><trkpt lat="46.091584265232086" lon="7.251097405795008"><ele>2151.3999938964844</ele></trkpt><trkpt lat="46.09161136019975" lon="7.251161958556622"><ele>2153.0999755859375</ele></trkpt><trkpt lat="46.091611449141055" lon="7.2512149680405855"><ele>2154.3999938964844</ele></trkpt><trkpt lat="46.091495492029935" lon="7.251265792176127"><ele>2156.5</ele></trkpt><trkpt lat="46.091495492029935" lon="7.251265792176127"><ele>2156.5</ele></trkpt><trkpt lat="46.091495492029935" lon="7.251265792176127"><ele>2156.5</ele></trkpt><trkpt lat="46.091495492029935" lon="7.251265792176127"><ele>2156.5</ele></trkpt><trkpt lat="46.091495492029935" lon="7.251265792176127"><ele>2156.5</ele></trkpt><trkpt lat="46.091495492029935" lon="7.251265792176127"><ele>2156.5</ele></trkpt><trkpt lat="46.091570500750095" lon="7.25147240050137"><ele>2159.5</ele></trkpt><trkpt lat="46.09159425646067" lon="7.251692114863545"><ele>2162.5999755859375</ele></trkpt><trkpt lat="46.091495112050325" lon="7.251576094422489"><ele>2164.2999877929688</ele></trkpt><trkpt lat="46.09136917768046" lon="7.251577821560204"><ele>2165.0999755859375</ele></trkpt><trkpt lat="46.09124302491546" lon="7.251448965631425"><ele>2165.2999877929688</ele></trkpt><trkpt lat="46.09106843266636" lon="7.251401730347425"><ele>2165.5999755859375</ele></trkpt><trkpt lat="46.0909010428004" lon="7.251358348876238"><ele>2165.8999938964844</ele></trkpt><trkpt lat="46.09072935441509" lon="7.251433929428458"><ele>2166.2999877929688</ele></trkpt><trkpt lat="46.09055946720764" lon="7.251510796137154"><ele>2166.7999877929688</ele></trkpt><trkpt lat="46.09038507984951" lon="7.251586385071278"><ele>2167.0</ele></trkpt><trkpt lat="46.09021339099854" lon="7.251661964226514"><ele>2167.2999877929688</ele></trkpt><trkpt lat="46.09007406234741" lon="7.251723209861666"><ele>2167.5</ele></trkpt><trkpt lat="46.08983111940324" lon="7.2516852603293955"><ele>2167.699981689453</ele></trkpt><trkpt lat="46.08965120976791" lon="7.251685879658908"><ele>2168.0</ele></trkpt><trkpt lat="46.08963328367099" lon="7.251724727917463"><ele>2168.8999938964844</ele></trkpt><trkpt lat="46.08979450771585" lon="7.25184699613601"><ele>2170.699981689453</ele></trkpt><trkpt lat="46.089950339403" lon="7.251971869263798"><ele>2173.8999938964844</ele></trkpt><trkpt lat="46.090167408809066" lon="7.2521379054524004"><ele>2177.5</ele></trkpt><trkpt lat="46.090339322108775" lon="7.252196787856519"><ele>2180.5</ele></trkpt><trkpt lat="46.090518434066325" lon="7.252256938721985"><ele>2183.199981689453</ele></trkpt><trkpt lat="46.09068944770843" lon="7.252315824851394"><ele>2185.2999877929688</ele></trkpt><trkpt lat="46.090716500766575" lon="7.252355812117457"><ele>2186.3999938964844</ele></trkpt><trkpt lat="46.090705041307956" lon="7.252496777102351"><ele>2187.5999755859375</ele></trkpt><trkpt lat="46.090624489821494" lon="7.252742704004049"><ele>2189.2999877929688</ele></trkpt><trkpt lat="46.090867325197905" lon="7.252716014161706"><ele>2191.3999938964844</ele></trkpt><trkpt lat="46.09091645851731" lon="7.253052000887692"><ele>2193.7999877929688</ele></trkpt><trkpt lat="46.09099241020158" lon="7.253287049476057"><ele>2195.7999877929688</ele></trkpt><trkpt lat="46.09106745989993" lon="7.253520809113979"><ele>2197.0999755859375</ele></trkpt><trkpt lat="46.09113346412778" lon="7.2537248632870615"><ele>2198.2999877929688</ele></trkpt><trkpt lat="46.09124443959445" lon="7.253924886696041"><ele>2200.0999755859375</ele></trkpt><trkpt lat="46.09135541878641" lon="7.2541274963878095"><ele>2202.199981689453</ele></trkpt><trkpt lat="46.091467295307666" lon="7.254328811075538"><ele>2205.0999755859375</ele></trkpt><trkpt lat="46.09158999752253" lon="7.254549483302981"><ele>2208.2999877929688</ele></trkpt><trkpt lat="46.09171534096822" lon="7.254735239315778"><ele>2211.0</ele></trkpt><trkpt lat="46.09180642059073" lon="7.254871980752796"><ele>2213.2999877929688</ele></trkpt><trkpt lat="46.091987444553524" lon="7.2550019533373415"><ele>2215.199981689453</ele></trkpt><trkpt lat="46.092097462620586" lon="7.255168369039893"><ele>2216.199981689453</ele></trkpt><trkpt lat="46.09209503931925" lon="7.255336458329111"><ele>2216.3999938964844</ele></trkpt><trkpt lat="46.092034267261624" lon="7.255579734221101"><ele>2216.5999755859375</ele></trkpt><trkpt lat="46.09197442326695" lon="7.255841107107699"><ele>2217.0</ele></trkpt><trkpt lat="46.09195225080475" lon="7.256035120692104"><ele>2217.5999755859375</ele></trkpt><trkpt lat="46.09202649816871" lon="7.256332244258374"><ele>2218.5</ele></trkpt><trkpt lat="46.09206649241969" lon="7.2565868170931935"><ele>2219.3999938964844</ele></trkpt><trkpt lat="46.09209838602692" lon="7.256838831584901"><ele>2220.5</ele></trkpt><trkpt lat="46.092127460986376" lon="7.25701715843752"><ele>2221.5</ele></trkpt><trkpt lat="46.09206204721704" lon="7.257173821795732"><ele>2222.199981689453</ele></trkpt><trkpt lat="46.091855318285525" lon="7.257277946919203"><ele>2222.5</ele></trkpt><trkpt lat="46.09184749238193" lon="7.257444760296494"><ele>2222.3999938964844</ele></trkpt><trkpt lat="46.09194948570803" lon="7.2576577523723245"><ele>2222.3999938964844</ele></trkpt><trkpt lat="46.09205147717148" lon="7.257869452703744"><ele>2222.2999877929688</ele></trkpt><trkpt lat="46.092126393690705" lon="7.258026940282434"><ele>2221.5999755859375</ele></trkpt><trkpt lat="46.09224544651806" lon="7.258220483548939"><ele>2219.8999938964844</ele></trkpt><trkpt lat="46.09224544651806" lon="7.258220483548939"><ele>2219.8999938964844</ele></trkpt><trkpt lat="46.09224544651806" lon="7.258220483548939"><ele>2219.8999938964844</ele></trkpt><trkpt lat="46.09224544651806" lon="7.258220483548939"><ele>2219.8999938964844</ele></trkpt><trkpt lat="46.09224544651806" lon="7.258220483548939"><ele>2219.8999938964844</ele></trkpt><trkpt lat="46.09224544651806" lon="7.258220483548939"><ele>2219.8999938964844</ele></trkpt><trkpt lat="46.09235547995195" lon="7.258399835322052"><ele>2218.199981689453</ele></trkpt><trkpt lat="46.092451179400086" lon="7.258615438360721"><ele>2217.699981689453</ele></trkpt><trkpt lat="46.09255047608167" lon="7.258831029757857"><ele>2217.7999877929688</ele></trkpt><trkpt lat="46.09265246940777" lon="7.259045320097357"><ele>2217.5999755859375</ele></trkpt><trkpt lat="46.092731167096645" lon="7.259317870717496"><ele>2217.0999755859375</ele></trkpt><trkpt lat="46.092803252860904" lon="7.259393916465342"><ele>2216.699981689453</ele></trkpt><trkpt lat="46.09308213368058" lon="7.259405924472958"><ele>2216.699981689453</ele></trkpt><trkpt lat="46.09336444782093" lon="7.259314484894276"><ele>2217.2999877929688</ele></trkpt><trkpt lat="46.09342743689194" lon="7.259327206294984"><ele>2218.2999877929688</ele></trkpt><trkpt lat="46.09353550709784" lon="7.259404427371919"><ele>2219.3999938964844</ele></trkpt><trkpt lat="46.09358046436682" lon="7.259391349274665"><ele>2221.199981689453</ele></trkpt><trkpt lat="46.09371648309752" lon="7.2595072677358985"><ele>2224.5999755859375</ele></trkpt><trkpt lat="46.09372120862827" lon="7.259649478830397"><ele>2228.0</ele></trkpt><trkpt lat="46.093748237006366" lon="7.259675249457359"><ele>2231.2999877929688</ele></trkpt><trkpt lat="46.093955136369914" lon="7.2596758608706295"><ele>2235.199981689453</ele></trkpt><trkpt lat="46.093928230926394" lon="7.259726375807077"><ele>2238.3999938964844</ele></trkpt><trkpt lat="46.094063226133585" lon="7.25976472068578"><ele>2242.0999755859375</ele></trkpt><trkpt lat="46.094117323402315" lon="7.2598421215079725"><ele>2246.699981689453</ele></trkpt><trkpt lat="46.09429641766474" lon="7.259893251117319"><ele>2252.199981689453</ele></trkpt><trkpt lat="46.09447011444718" lon="7.259944399353117"><ele>2258.5999755859375</ele></trkpt><trkpt lat="46.094603310804814" lon="7.259982751216739"><ele>2264.7999877929688</ele></trkpt><trkpt lat="46.09478227701038" lon="7.259953717235476"><ele>2271.3999938964844</ele></trkpt><trkpt lat="46.09502150071785" lon="7.259916726499796"><ele>2278.5</ele></trkpt><trkpt lat="46.09509806660935" lon="7.259981125127524"><ele>2284.2999877929688</ele></trkpt><trkpt lat="46.095274466089904" lon="7.2600348512642086"><ele>2290.8999938964844</ele></trkpt><trkpt lat="46.095521063543856" lon="7.260109035298228"><ele>2298.699981689453</ele></trkpt><trkpt lat="46.09570003207773" lon="7.260081293992698"><ele>2305.199981689453</ele></trkpt><trkpt lat="46.09586641052738" lon="7.26005617948249"><ele>2310.0999755859375</ele></trkpt><trkpt lat="46.095884484704584" lon="7.260107841342688"><ele>2314.0999755859375</ele></trkpt><trkpt lat="46.095818248111755" lon="7.260314942803234"><ele>2318.199981689453</ele></trkpt><trkpt lat="46.0959635078907" lon="7.260586000047624"><ele>2322.199981689453</ele></trkpt><trkpt lat="46.09598348336294" lon="7.260702306870371"><ele>2325.199981689453</ele></trkpt><trkpt lat="46.09605645015836" lon="7.260766719467938"><ele>2328.5</ele></trkpt><trkpt lat="46.096197232138366" lon="7.261050724424422"><ele>2333.3999938964844</ele></trkpt><trkpt lat="46.09634141298011" lon="7.261209295596927"><ele>2338.699981689453</ele></trkpt><trkpt lat="46.096481097862124" lon="7.261369175743312"><ele>2343.5999755859375</ele></trkpt><trkpt lat="46.09666042169556" lon="7.261566425208002"><ele>2348.5</ele></trkpt><trkpt lat="46.0967200784944" lon="7.261747256387025"><ele>2352.8999938964844</ele></trkpt><trkpt lat="46.09685521572828" lon="7.261876120697707"><ele>2356.3999938964844</ele></trkpt><trkpt lat="46.09705326007679" lon="7.261965989135206"><ele>2360.0999755859375</ele></trkpt><trkpt lat="46.097179491538554" lon="7.262151777744293"><ele>2364.5999755859375</ele></trkpt><trkpt lat="46.09729940909892" lon="7.262327243108302"><ele>2368.699981689453</ele></trkpt><trkpt lat="46.097515505272895" lon="7.262455847579986"><ele>2372.699981689453</ele></trkpt><trkpt lat="46.09779442753643" lon="7.2624937342479825"><ele>2376.7999877929688</ele></trkpt><trkpt lat="46.097948470152915" lon="7.262632885482162"><ele>2379.2999877929688</ele></trkpt><trkpt lat="46.09809350501746" lon="7.2627643081359565"><ele>2380.0</ele></trkpt><trkpt lat="46.09824651200324" lon="7.262816828675568"><ele>2382.2999877929688</ele></trkpt><trkpt lat="46.09837716864422" lon="7.2629573517479"><ele>2388.0</ele></trkpt><trkpt lat="46.09860211843625" lon="7.262995416298509"><ele>2394.5999755859375</ele></trkpt><trkpt lat="46.09876331919804" lon="7.263109980151057"><ele>2400.3999938964844</ele></trkpt><trkpt lat="46.09889030037448" lon="7.263201379217207"><ele>2404.0999755859375</ele></trkpt><trkpt lat="46.098989150021225" lon="7.263136405032128"><ele>2406.0999755859375</ele></trkpt><trkpt lat="46.09916924312711" lon="7.2632522019557655"><ele>2410.5999755859375</ele></trkpt><trkpt lat="46.09916924312711" lon="7.2632522019557655"><ele>2410.5999755859375</ele></trkpt><trkpt lat="46.09916924312711" lon="7.2632522019557655"><ele>2410.5999755859375</ele></trkpt><trkpt lat="46.09916924312711" lon="7.2632522019557655"><ele>2410.5999755859375</ele></trkpt><trkpt lat="46.09916924312711" lon="7.2632522019557655"><ele>2410.5999755859375</ele></trkpt><trkpt lat="46.09916924312711" lon="7.2632522019557655"><ele>2410.5999755859375</ele></trkpt><trkpt lat="46.09943908872083" lon="7.263238399289548"><ele>2416.2999877929688</ele></trkpt><trkpt lat="46.09952019248158" lon="7.263329947832972"><ele>2419.5999755859375</ele></trkpt><trkpt lat="46.099664139095694" lon="7.2633411209098995"><ele>2421.2999877929688</ele></trkpt><trkpt lat="46.099727211054415" lon="7.263406865764409"><ele>2423.0</ele></trkpt><trkpt lat="46.09988021384925" lon="7.2634568037465215"><ele>2426.0999755859375</ele></trkpt><trkpt lat="46.100141084287316" lon="7.263455961830914"><ele>2429.8999938964844</ele></trkpt><trkpt lat="46.10024447273463" lon="7.263416834641248"><ele>2433.2999877929688</ele></trkpt><trkpt lat="46.10041637439281" lon="7.263471884187311"><ele>2437.0999755859375</ele></trkpt><trkpt lat="46.10054146684706" lon="7.263506395276636"><ele>2440.2999877929688</ele></trkpt><trkpt lat="46.10080145765096" lon="7.263518487568945"><ele>2442.5</ele></trkpt><trkpt lat="46.10094446642324" lon="7.26350509468466"><ele>2444.5</ele></trkpt><trkpt lat="46.10111617995426" lon="7.263439883943647"><ele>2448.0</ele></trkpt><trkpt lat="46.10139128379524" lon="7.2633368372917175"><ele>2453.199981689453</ele></trkpt><trkpt lat="46.1014902330935" lon="7.263335225172341"><ele>2458.199981689453</ele></trkpt><trkpt lat="46.1017153034918" lon="7.263450882397592"><ele>2463.2999877929688</ele></trkpt><trkpt lat="46.10181421600282" lon="7.263425993267447"><ele>2465.3999938964844</ele></trkpt><trkpt lat="46.10198842315003" lon="7.2632301626726985"><ele>2463.0999755859375</ele></trkpt><trkpt lat="46.102048471570015" lon="7.263089012820274"><ele>2459.3999938964844</ele></trkpt><trkpt lat="46.10218042740598" lon="7.262911421246827"><ele>2456.699981689453</ele></trkpt><trkpt lat="46.10228546522558" lon="7.262777884025127"><ele>2453.5</ele></trkpt><trkpt lat="46.10229405388236" lon="7.262519221287221"><ele>2448.0999755859375</ele></trkpt><trkpt lat="46.102307157590985" lon="7.2622721823863685"><ele>2441.8999938964844</ele></trkpt><trkpt lat="46.102363439276814" lon="7.2620250028558075"><ele>2437.699981689453</ele></trkpt><trkpt lat="46.1023964593187" lon="7.2618580758571625"><ele>2435.699981689453</ele></trkpt><trkpt lat="46.10242340480909" lon="7.2618321240879595"><ele>2434.0999755859375</ele></trkpt><trkpt lat="46.10246708616614" lon="7.261581105180085"><ele>2430.8999938964844</ele></trkpt><trkpt lat="46.1025134655647" lon="7.261330077424645"><ele>2426.3999938964844</ele></trkpt><trkpt lat="46.10255713155493" lon="7.261070005130023"><ele>2422.0999755859375</ele></trkpt><trkpt lat="46.10262340819463" lon="7.260887449607253"><ele>2418.5</ele></trkpt><trkpt lat="46.10267320787534" lon="7.260525195393711"><ele>2414.7999877929688</ele></trkpt><trkpt lat="46.10267549660057" lon="7.260267844889313"><ele>2410.8999938964844</ele></trkpt><trkpt lat="46.102672467939556" lon="7.260060945525765"><ele>2407.0</ele></trkpt><trkpt lat="46.102738454472274" lon="7.259697343688458"><ele>2403.199981689453</ele></trkpt><trkpt lat="46.10292411362752" lon="7.259917865507305"><ele>2399.2999877929688</ele></trkpt><trkpt lat="46.10310227330774" lon="7.259948314167559"><ele>2394.3999938964844</ele></trkpt><trkpt lat="46.103351519908756" lon="7.259992754552513"><ele>2389.2999877929688</ele></trkpt><trkpt lat="46.1034144484438" lon="7.259967976249754"><ele>2386.0999755859375</ele></trkpt><trkpt lat="46.1035584770143" lon="7.260030867997557"><ele>2383.5</ele></trkpt><trkpt lat="46.10373652353883" lon="7.259990192018449"><ele>2379.699981689453</ele></trkpt><trkpt lat="46.104013483040035" lon="7.259925912134349"><ele>2375.0</ele></trkpt><trkpt lat="46.10418244730681" lon="7.259830949828029"><ele>2370.2999877929688</ele></trkpt><trkpt lat="46.104350505396724" lon="7.259732110891491"><ele>2366.199981689453</ele></trkpt><trkpt lat="46.104466441553086" lon="7.259665773715824"><ele>2363.699981689453</ele></trkpt><trkpt lat="46.10464542079717" lon="7.259645784739405"><ele>2362.199981689453</ele></trkpt><trkpt lat="46.1048145047389" lon="7.259625827893615"><ele>2359.3999938964844</ele></trkpt><trkpt lat="46.105001259129494" lon="7.2594053610228"><ele>2355.0</ele></trkpt><trkpt lat="46.10516305360943" lon="7.259327231440693"><ele>2351.2999877929688</ele></trkpt><trkpt lat="46.10532742412761" lon="7.2591727916151285"><ele>2347.199981689453</ele></trkpt><trkpt lat="46.10551323462278" lon="7.258925165981054"><ele>2342.199981689453</ele></trkpt><trkpt lat="46.10551323462278" lon="7.258925165981054"><ele>2342.199981689453</ele></trkpt><trkpt lat="46.10551323462278" lon="7.258925165981054"><ele>2342.199981689453</ele></trkpt><trkpt lat="46.10551323462278" lon="7.258925165981054"><ele>2342.199981689453</ele></trkpt><trkpt lat="46.10551323462278" lon="7.258925165981054"><ele>2342.199981689453</ele></trkpt><trkpt lat="46.10551323462278" lon="7.258925165981054"><ele>2342.199981689453</ele></trkpt><trkpt lat="46.10571542568505" lon="7.258795170579106"><ele>2339.0</ele></trkpt><trkpt lat="46.10570546798408" lon="7.258756405673921"><ele>2336.2999877929688</ele></trkpt><trkpt lat="46.1059083500877" lon="7.258497081231326"><ele>2333.0</ele></trkpt><trkpt lat="46.10607911879197" lon="7.258405985310674"><ele>2331.0</ele></trkpt><trkpt lat="46.106181459501386" lon="7.258276319131255"><ele>2329.5999755859375</ele></trkpt><trkpt lat="46.106429423205554" lon="7.2580815041437745"><ele>2328.7999877929688</ele></trkpt><trkpt lat="46.10659123817459" lon="7.258016301784664"><ele>2328.8999938964844</ele></trkpt><trkpt lat="46.10676642134786" lon="7.257873458322138"><ele>2328.8999938964844</ele></trkpt><trkpt lat="46.10693541774526" lon="7.257799177896231"><ele>2328.8999938964844</ele></trkpt><trkpt lat="46.1071214932017" lon="7.2577170808799565"><ele>2328.5</ele></trkpt><trkpt lat="46.107281423173845" lon="7.257598857861012"><ele>2327.5999755859375</ele></trkpt><trkpt lat="46.10747549822554" lon="7.257457240950316"><ele>2327.2999877929688</ele></trkpt><trkpt lat="46.10764630837366" lon="7.257392005529255"><ele>2327.199981689453</ele></trkpt><trkpt lat="46.10782341519371" lon="7.257326748687774"><ele>2326.199981689453</ele></trkpt><trkpt lat="46.10794813837856" lon="7.2571323360316455"><ele>2324.0999755859375</ele></trkpt><trkpt lat="46.10807846812531" lon="7.2570672342553735"><ele>2322.0999755859375</ele></trkpt><trkpt lat="46.108157441951334" lon="7.256951864808798"><ele>2320.5999755859375</ele></trkpt><trkpt lat="46.10830042604357" lon="7.256924226414412"><ele>2319.8999938964844</ele></trkpt><trkpt lat="46.10846848040819" lon="7.256824078038335"><ele>2319.199981689453</ele></trkpt><trkpt lat="46.108630238100886" lon="7.256723949685693"><ele>2318.2999877929688</ele></trkpt><trkpt lat="46.108796493150294" lon="7.2566238064318895"><ele>2317.699981689453</ele></trkpt><trkpt lat="46.10892050713301" lon="7.256547083612531"><ele>2317.0</ele></trkpt><trkpt lat="46.108918476849794" lon="7.25640482455492"><ele>2316.199981689453</ele></trkpt><trkpt lat="46.10897232359275" lon="7.256327043753117"><ele>2315.8999938964844</ele></trkpt><trkpt lat="46.10902150440961" lon="7.2561458121053874"><ele>2315.699981689453</ele></trkpt><trkpt lat="46.10892938170582" lon="7.255919789429754"><ele>2314.8999938964844</ele></trkpt><trkpt lat="46.1088724671863" lon="7.255771248135716"><ele>2314.0</ele></trkpt><trkpt lat="46.10883247712627" lon="7.255520477890968"><ele>2312.8999938964844</ele></trkpt><trkpt lat="46.10880250670016" lon="7.255345979705453"><ele>2311.7999877929688</ele></trkpt><trkpt lat="46.10886243823916" lon="7.255138844717294"><ele>2311.0999755859375</ele></trkpt><trkpt lat="46.10888540465385" lon="7.254881395027041"><ele>2310.0</ele></trkpt><trkpt lat="46.10890927026048" lon="7.254623941611499"><ele>2308.699981689453</ele></trkpt><trkpt lat="46.10893223807216" lon="7.25436778459698"><ele>2307.5</ele></trkpt><trkpt lat="46.10896142292768" lon="7.2540637529455125"><ele>2306.2999877929688</ele></trkpt><trkpt lat="46.10905814822763" lon="7.253804757259786"><ele>2305.7999877929688</ele></trkpt><trkpt lat="46.10909411124885" lon="7.253792994655669"><ele>2305.5</ele></trkpt><trkpt lat="46.10915146674961" lon="7.253662172704935"><ele>2305.0999755859375</ele></trkpt><trkpt lat="46.10921342903748" lon="7.253597294446081"><ele>2304.699981689453</ele></trkpt><trkpt lat="46.10927340015769" lon="7.25341602275148"><ele>2304.0999755859375</ele></trkpt><trkpt lat="46.10936314146966" lon="7.253286382649094"><ele>2303.2999877929688</ele></trkpt><trkpt lat="46.10943741211668" lon="7.253049447201192"><ele>2301.8999938964844</ele></trkpt><trkpt lat="46.10950718726963" lon="7.252813820261508"><ele>2301.0</ele></trkpt><trkpt lat="46.109581457450986" lon="7.252576883882284"><ele>2300.5999755859375</ele></trkpt><trkpt lat="46.10965122934431" lon="7.25233996193856"><ele>2299.5</ele></trkpt><trkpt lat="46.109759498387575" lon="7.2519929725676775"><ele>2298.3999938964844</ele></trkpt><trkpt lat="46.10985809145495" lon="7.251777937635779"><ele>2299.199981689453</ele></trkpt><trkpt lat="46.109958483837545" lon="7.251562895718962"><ele>2301.5</ele></trkpt><trkpt lat="46.110045440495014" lon="7.251382819376886"><ele>2303.199981689453</ele></trkpt><trkpt lat="46.110169362742454" lon="7.25125305633992"><ele>2304.0</ele></trkpt><trkpt lat="46.11024128366262" lon="7.2512269406579435"><ele>2304.5999755859375</ele></trkpt><trkpt lat="46.11042121518403" lon="7.25123925274238"><ele>2304.7999877929688</ele></trkpt><trkpt lat="46.110601149033755" lon="7.2512528584338725"><ele>2304.3999938964844</ele></trkpt><trkpt lat="46.110781078692526" lon="7.251263876911253"><ele>2303.8999938964844</ele></trkpt><trkpt lat="46.110781078692526" lon="7.251263876911253"><ele>2303.8999938964844</ele></trkpt><trkpt lat="46.110781078692526" lon="7.251263876911253"><ele>2303.8999938964844</ele></trkpt><trkpt lat="46.110781078692526" lon="7.251263876911253"><ele>2303.8999938964844</ele></trkpt><trkpt lat="46.110781078692526" lon="7.251263876911253"><ele>2303.8999938964844</ele></trkpt><trkpt lat="46.110781078692526" lon="7.251263876911253"><ele>2303.8999938964844</ele></trkpt><trkpt lat="46.11088005080819" lon="7.251276468858123"><ele>2304.0999755859375</ele></trkpt><trkpt lat="46.11093408893794" lon="7.251315083820373"><ele>2305.199981689453</ele></trkpt><trkpt lat="46.110943171195686" lon="7.2513667875900865"><ele>2306.3999938964844</ele></trkpt><trkpt lat="46.11112047964707" lon="7.251424377784133"><ele>2306.699981689453</ele></trkpt><trkpt lat="46.11129418993369" lon="7.251481980551034"><ele>2306.0</ele></trkpt><trkpt lat="46.11157320346683" lon="7.251572848763317"><ele>2304.3999938964844</ele></trkpt><trkpt lat="46.111792475916445" lon="7.251441459637135"><ele>2303.199981689453</ele></trkpt><trkpt lat="46.11190046509728" lon="7.251466954592615"><ele>2302.7999877929688</ele></trkpt><trkpt lat="46.11198941245675" lon="7.251401977613568"><ele>2302.5999755859375</ele></trkpt><trkpt lat="46.11218547122553" lon="7.251375433057547"><ele>2302.5999755859375</ele></trkpt><trkpt lat="46.11238230019808" lon="7.251271280925721"><ele>2302.199981689453</ele></trkpt><trkpt lat="46.112625137437135" lon="7.251245866995305"><ele>2301.3999938964844</ele></trkpt><trkpt lat="46.112843490205705" lon="7.2511028363369405"><ele>2300.5</ele></trkpt><trkpt lat="46.11295649362728" lon="7.250899378210306"><ele>2299.0</ele></trkpt><trkpt lat="46.11310447752476" lon="7.250635006465018"><ele>2297.199981689453</ele></trkpt><trkpt lat="46.11312945000827" lon="7.250506870448589"><ele>2296.2999877929688</ele></trkpt><trkpt lat="46.11319143231958" lon="7.2504549184814095"><ele>2296.5</ele></trkpt><trkpt lat="46.11330249905586" lon="7.2501699780113995"><ele>2297.2999877929688</ele></trkpt><trkpt lat="46.11336548672989" lon="7.250181400217116"><ele>2296.8999938964844</ele></trkpt><trkpt lat="46.11339041311294" lon="7.250026101246476"><ele>2295.5999755859375</ele></trkpt><trkpt lat="46.113585226237774" lon="7.249793898314238"><ele>2295.0999755859375</ele></trkpt><trkpt lat="46.11369547620416" lon="7.249559401534498"><ele>2294.5999755859375</ele></trkpt><trkpt lat="46.11382042616606" lon="7.249507227912545"><ele>2292.2999877929688</ele></trkpt><trkpt lat="46.11393533041701" lon="7.249365841038525"><ele>2288.8999938964844</ele></trkpt><trkpt lat="46.11404643487185" lon="7.249105469323695"><ele>2284.8999938964844</ele></trkpt><trkpt lat="46.11421346664429" lon="7.2489367364905775"><ele>2282.0999755859375</ele></trkpt><trkpt lat="46.114231260027736" lon="7.24882026296109"><ele>2280.0999755859375</ele></trkpt><trkpt lat="46.114337055943906" lon="7.248612939380109"><ele>2276.0</ele></trkpt><trkpt lat="46.11444644490257" lon="7.248403015080839"><ele>2270.8999938964844</ele></trkpt><trkpt lat="46.11455402197316" lon="7.248185335658491"><ele>2268.5</ele></trkpt><trkpt lat="46.114635441452265" lon="7.247926357202232"><ele>2268.0999755859375</ele></trkpt><trkpt lat="46.114652048796415" lon="7.247641736641526"><ele>2268.0</ele></trkpt><trkpt lat="46.114701414015144" lon="7.247576889581978"><ele>2268.0999755859375</ele></trkpt><trkpt lat="46.11469941632822" lon="7.2474604845047"><ele>2267.699981689453</ele></trkpt><trkpt lat="46.114760409109294" lon="7.247356791980565"><ele>2267.199981689453</ele></trkpt><trkpt lat="46.11479505896568" lon="7.24710315046832"><ele>2266.7999877929688</ele></trkpt><trkpt lat="46.11483949702233" lon="7.24678738694638"><ele>2265.0999755859375</ele></trkpt><trkpt lat="46.11478045023978" lon="7.246451293583959"><ele>2262.0999755859375</ele></trkpt><trkpt lat="46.11477641016245" lon="7.246193907689303"><ele>2260.5999755859375</ele></trkpt><trkpt lat="46.11477515567094" lon="7.245986957103014"><ele>2260.5</ele></trkpt><trkpt lat="46.1147054429166" lon="7.245727218221873"><ele>2259.5</ele></trkpt><trkpt lat="46.11453138431534" lon="7.2454691445454955"><ele>2258.699981689453</ele></trkpt><trkpt lat="46.114477144088596" lon="7.2453141221776605"><ele>2258.8999938964844</ele></trkpt><trkpt lat="46.11446805950254" lon="7.245262416545302"><ele>2259.0999755859375</ele></trkpt><trkpt lat="46.11452444130555" lon="7.245094065088779"><ele>2258.5999755859375</ele></trkpt><trkpt lat="46.11473743338138" lon="7.244976893533021"><ele>2257.2999877929688</ele></trkpt><trkpt lat="46.11495323618874" lon="7.2449243841692805"><ele>2256.7999877929688</ele></trkpt><trkpt lat="46.11514542950317" lon="7.24474390456453"><ele>2256.3999938964844</ele></trkpt><trkpt lat="46.115204461384565" lon="7.244548378046602"><ele>2253.2999877929688</ele></trkpt><trkpt lat="46.11537512904033" lon="7.244405484292656"><ele>2248.699981689453</ele></trkpt><trkpt lat="46.115432475693524" lon="7.244275929871947"><ele>2245.699981689453</ele></trkpt><trkpt lat="46.115503495093435" lon="7.244249805808067"><ele>2244.5</ele></trkpt><trkpt lat="46.11552949203178" lon="7.244197973050177"><ele>2243.5999755859375</ele></trkpt><trkpt lat="46.11562846740708" lon="7.24421184649691"><ele>2242.5999755859375</ele></trkpt><trkpt lat="46.11562846740708" lon="7.24421184649691"><ele>2242.5999755859375</ele></trkpt><trkpt lat="46.11562846740708" lon="7.24421184649691"><ele>2242.5999755859375</ele></trkpt><trkpt lat="46.11562846740708" lon="7.24421184649691"><ele>2242.5999755859375</ele></trkpt><trkpt lat="46.11562846740708" lon="7.24421184649691"><ele>2242.5999755859375</ele></trkpt><trkpt lat="46.11562846740708" lon="7.24421184649691"><ele>2242.5999755859375</ele></trkpt><trkpt lat="46.11579743446782" lon="7.244125870522112"><ele>2241.199981689453</ele></trkpt><trkpt lat="46.11601313576102" lon="7.244015149772167"><ele>2239.199981689453</ele></trkpt><trkpt lat="46.11615408631042" lon="7.243854249827564"><ele>2238.0999755859375</ele></trkpt><trkpt lat="46.116309403441846" lon="7.243677775841206"><ele>2238.199981689453</ele></trkpt><trkpt lat="46.11657011555508" lon="7.243586293421686"><ele>2238.199981689453</ele></trkpt><trkpt lat="46.11667248420417" lon="7.243482443969697"><ele>2236.0999755859375</ele></trkpt><trkpt lat="46.11680338997394" lon="7.243236204609275"><ele>2231.7999877929688</ele></trkpt><trkpt lat="46.11692026304081" lon="7.243196977768093"><ele>2227.7999877929688</ele></trkpt><trkpt lat="46.11704145371914" lon="7.243054253514856"><ele>2224.7999877929688</ele></trkpt><trkpt lat="46.11720048217103" lon="7.2429437302052975"><ele>2222.5999755859375</ele></trkpt><trkpt lat="46.11736220726743" lon="7.242831903509796"><ele>2221.699981689453</ele></trkpt><trkpt lat="46.11751315323636" lon="7.24272916931659"><ele>2220.7999877929688</ele></trkpt><trkpt lat="46.11764149693772" lon="7.242561839520931"><ele>2218.7999877929688</ele></trkpt><trkpt lat="46.11779600009322" lon="7.24243580782786"><ele>2217.0999755859375</ele></trkpt><trkpt lat="46.117980152368546" lon="7.242288971319795"><ele>2217.0999755859375</ele></trkpt><trkpt lat="46.11814729915932" lon="7.242191350553185"><ele>2218.0</ele></trkpt><trkpt lat="46.11831444595009" lon="7.2420937293209136"><ele>2219.2999877929688</ele></trkpt><trkpt lat="46.11842947266996" lon="7.242027341388166"><ele>2219.5</ele></trkpt><trkpt lat="46.11858846899122" lon="7.2418987029232085"><ele>2219.3999938964844</ele></trkpt><trkpt lat="46.11882740911096" lon="7.241703802254051"><ele>2220.0999755859375</ele></trkpt><trkpt lat="46.11893138894811" lon="7.24149386677891"><ele>2218.7999877929688</ele></trkpt><trkpt lat="46.11906049354002" lon="7.241248912643641"><ele>2215.7999877929688</ele></trkpt><trkpt lat="46.11919242423028" lon="7.241076386999339"><ele>2212.5999755859375</ele></trkpt><trkpt lat="46.11937642842531" lon="7.240846753586084"><ele>2209.3999938964844</ele></trkpt><trkpt lat="46.119499483611435" lon="7.240742818452418"><ele>2207.199981689453</ele></trkpt><trkpt lat="46.11956044752151" lon="7.240626173559576"><ele>2206.0</ele></trkpt><trkpt lat="46.11964140692726" lon="7.240625877864659"><ele>2204.8999938964844</ele></trkpt><trkpt lat="46.11980302911252" lon="7.240457121748477"><ele>2203.0</ele></trkpt><trkpt lat="46.11985144438222" lon="7.240366393234581"><ele>2201.0</ele></trkpt><trkpt lat="46.11988742602989" lon="7.2403662614524364"><ele>2198.3999938964844</ele></trkpt><trkpt lat="46.11997318966314" lon="7.24003090756014"><ele>2194.699981689453</ele></trkpt><trkpt lat="46.11999344127253" lon="7.239783756900579"><ele>2192.5</ele></trkpt><trkpt lat="46.12007849710062" lon="7.239557066466659"><ele>2193.0999755859375</ele></trkpt><trkpt lat="46.12016445025802" lon="7.239329078700393"><ele>2195.199981689453</ele></trkpt><trkpt lat="46.12024144688621" lon="7.239123114384711"><ele>2198.3999938964844</ele></trkpt><trkpt lat="46.120271502994" lon="7.23882547672838"><ele>2201.8999938964844</ele></trkpt><trkpt lat="46.12032413901761" lon="7.238579499069601"><ele>2203.8999938964844</ele></trkpt><trkpt lat="46.120379474945366" lon="7.238334804773331"><ele>2203.5999755859375</ele></trkpt><trkpt lat="46.12043750658631" lon="7.238088806159794"><ele>2203.8999938964844</ele></trkpt><trkpt lat="46.120521414559335" lon="7.237724993377924"><ele>2206.0999755859375</ele></trkpt><trkpt lat="46.120607308112085" lon="7.237465954385698"><ele>2207.2999877929688</ele></trkpt><trkpt lat="46.120688035618514" lon="7.237336294259876"><ele>2206.3999938964844</ele></trkpt><trkpt lat="46.12067945394665" lon="7.237065961584449"><ele>2204.2999877929688</ele></trkpt><trkpt lat="46.120741127058864" lon="7.23684581881389"><ele>2201.8999938964844</ele></trkpt><trkpt lat="46.12077844934538" lon="7.236590838525444"><ele>2200.0</ele></trkpt><trkpt lat="46.120803233701736" lon="7.236366951372474"><ele>2199.0999755859375</ele></trkpt><trkpt lat="46.12087927060202" lon="7.23613123036921"><ele>2199.0999755859375</ele></trkpt><trkpt lat="46.120955309830606" lon="7.235896802507341"><ele>2199.3999938964844</ele></trkpt><trkpt lat="46.1210134816356" lon="7.235731002409011"><ele>2200.0</ele></trkpt><trkpt lat="46.1210134816356" lon="7.235731002409011"><ele>2200.0</ele></trkpt><trkpt lat="46.1210134816356" lon="7.235731002409011"><ele>2200.0</ele></trkpt><trkpt lat="46.1210134816356" lon="7.235731002409011"><ele>2200.0</ele></trkpt><trkpt lat="46.1210134816356" lon="7.235731002409011"><ele>2200.0</ele></trkpt><trkpt lat="46.1210134816356" lon="7.235731002409011"><ele>2200.0</ele></trkpt><trkpt lat="46.121092431712896" lon="7.23561428161338"><ele>2200.8999938964844</ele></trkpt><trkpt lat="46.12117912620306" lon="7.235303488560021"><ele>2201.3999938964844</ele></trkpt><trkpt lat="46.121224011760205" lon="7.235252868849784"><ele>2200.0</ele></trkpt><trkpt lat="46.12122713774443" lon="7.234992838930339"><ele>2197.0</ele></trkpt><trkpt lat="46.12123644538224" lon="7.2346693985164165"><ele>2194.199981689453</ele></trkpt><trkpt lat="46.12134837079793" lon="7.2343843802809715"><ele>2191.5999755859375</ele></trkpt><trkpt lat="46.12142343772575" lon="7.234112435486168"><ele>2188.3999938964844</ele></trkpt><trkpt lat="46.121511451900005" lon="7.2340344856493175"><ele>2185.2999877929688</ele></trkpt><trkpt lat="46.121578481048346" lon="7.233794911298901"><ele>2182.2999877929688</ele></trkpt><trkpt lat="46.12167143076658" lon="7.233464683871716"><ele>2179.2999877929688</ele></trkpt><trkpt lat="46.121710466686636" lon="7.233167000580579"><ele>2177.2999877929688</ele></trkpt><trkpt lat="46.121599489822984" lon="7.2329863123595715"><ele>2176.5999755859375</ele></trkpt><trkpt lat="46.121597453486174" lon="7.232856957241893"><ele>2176.3999938964844</ele></trkpt><trkpt lat="46.12166903773323" lon="7.232649704441428"><ele>2175.7999877929688</ele></trkpt><trkpt lat="46.1217984566465" lon="7.232585825026035"><ele>2174.699981689453</ele></trkpt><trkpt lat="46.12181242182851" lon="7.23235291801393"><ele>2175.0999755859375</ele></trkpt><trkpt lat="46.12169845821336" lon="7.232015713583678"><ele>2179.2999877929688</ele></trkpt><trkpt lat="46.1217212039046" lon="7.231666347011924"><ele>2185.0999755859375</ele></trkpt><trkpt lat="46.12181434966624" lon="7.23144478071481"><ele>2189.5</ele></trkpt><trkpt lat="46.12190032750368" lon="7.231238764710724"><ele>2193.7999877929688</ele></trkpt><trkpt lat="46.12192504480481" lon="7.230983824469149"><ele>2198.699981689453</ele></trkpt><trkpt lat="46.121952455025166" lon="7.230726286303252"><ele>2203.5</ele></trkpt><trkpt lat="46.12198245804757" lon="7.230411817319691"><ele>2207.8999938964844</ele></trkpt><trkpt lat="46.12204047339037" lon="7.230165803804994"><ele>2212.5</ele></trkpt><trkpt lat="46.12212348077446" lon="7.229814908467233"><ele>2217.199981689453</ele></trkpt><trkpt lat="46.12215449148789" lon="7.229559942148626"><ele>2220.8999938964844</ele></trkpt><trkpt lat="46.122185501269996" lon="7.229304974898696"><ele>2223.5</ele></trkpt><trkpt lat="46.12221111031249" lon="7.229048734996468"><ele>2224.7999877929688</ele></trkpt><trkpt lat="46.122241219040006" lon="7.228793770540506"><ele>2224.8999938964844</ele></trkpt><trkpt lat="46.12227042717859" lon="7.2285388093441725"><ele>2225.0</ele></trkpt><trkpt lat="46.12229349138215" lon="7.228365371469408"><ele>2225.8999938964844</ele></trkpt><trkpt lat="46.12236140901223" lon="7.228125783614814"><ele>2227.5999755859375</ele></trkpt><trkpt lat="46.1224221275188" lon="7.22788492962718"><ele>2230.8999938964844</ele></trkpt><trkpt lat="46.12248824024573" lon="7.227642761077732"><ele>2235.0999755859375</ele></trkpt><trkpt lat="46.122553455643356" lon="7.227401888463646"><ele>2239.0999755859375</ele></trkpt><trkpt lat="46.12261242279783" lon="7.227186913136393"><ele>2242.8999938964844</ele></trkpt><trkpt lat="46.122644326649606" lon="7.226931938901544"><ele>2246.3999938964844</ele></trkpt><trkpt lat="46.12267623236403" lon="7.226678258739412"><ele>2249.199981689453</ele></trkpt><trkpt lat="46.122713508084416" lon="7.226410326547921"><ele>2251.2999877929688</ele></trkpt><trkpt lat="46.12279042694718" lon="7.226175874006003"><ele>2254.0999755859375</ele></trkpt><trkpt lat="46.122891491279006" lon="7.2258662935346365"><ele>2257.7999877929688</ele></trkpt><trkpt lat="46.12288830522448" lon="7.225608868058771"><ele>2261.0</ele></trkpt><trkpt lat="46.12284644693136" lon="7.225356769282371"><ele>2263.5</ele></trkpt><trkpt lat="46.12279649777338" lon="7.225107289850712"><ele>2266.0</ele></trkpt><trkpt lat="46.12275104271248" lon="7.224856499116868"><ele>2268.5</ele></trkpt><trkpt lat="46.122706489637494" lon="7.224606999196112"><ele>2270.7999877929688</ele></trkpt><trkpt lat="46.122661055997014" lon="7.2243678527884185"><ele>2273.2999877929688</ele></trkpt><trkpt lat="46.12267945287749" lon="7.2241090489551425"><ele>2275.7999877929688</ele></trkpt><trkpt lat="46.12267945287749" lon="7.2241090489551425"><ele>2275.7999877929688</ele></trkpt><trkpt lat="46.12267945287749" lon="7.2241090489551425"><ele>2275.7999877929688</ele></trkpt><trkpt lat="46.12267945287749" lon="7.2241090489551425"><ele>2275.7999877929688</ele></trkpt><trkpt lat="46.12267945287749" lon="7.2241090489551425"><ele>2275.7999877929688</ele></trkpt><trkpt lat="46.12267945287749" lon="7.2241090489551425"><ele>2275.7999877929688</ele></trkpt><trkpt lat="46.122687101364136" lon="7.223874867428094"><ele>2278.0</ele></trkpt><trkpt lat="46.122791048604995" lon="7.223664883989841"><ele>2279.8999938964844</ele></trkpt><trkpt lat="46.12289948808029" lon="7.223452294245362"><ele>2281.699981689453</ele></trkpt><trkpt lat="46.12300343159586" lon="7.223241014871746"><ele>2283.199981689453</ele></trkpt><trkpt lat="46.123063451144844" lon="7.223110117018223"><ele>2284.699981689453</ele></trkpt><trkpt lat="46.123198056127876" lon="7.2229388183914125"><ele>2286.2999877929688</ele></trkpt><trkpt lat="46.12336048204452" lon="7.22273377282545"><ele>2288.0</ele></trkpt><trkpt lat="46.12342227762565" lon="7.222591223195195"><ele>2290.0999755859375</ele></trkpt><trkpt lat="46.12346047302708" lon="7.222338805440813"><ele>2293.199981689453</ele></trkpt><trkpt lat="46.12350221676752" lon="7.2220604992471635"><ele>2297.2999877929688</ele></trkpt><trkpt lat="46.123522410169244" lon="7.221802977845073"><ele>2302.0</ele></trkpt><trkpt lat="46.12353715067729" lon="7.221517017111182"><ele>2306.699981689453</ele></trkpt><trkpt lat="46.12352045904845" lon="7.221258349251002"><ele>2311.5999755859375</ele></trkpt><trkpt lat="46.123468508943915" lon="7.2209092658013105"><ele>2316.7999877929688</ele></trkpt><trkpt lat="46.12330149021" lon="7.220599455293268"><ele>2320.699981689453</ele></trkpt><trkpt lat="46.12335508689284" lon="7.220405189786106"><ele>2323.2999877929688</ele></trkpt><trkpt lat="46.123282418586314" lon="7.220043254550546"><ele>2325.7999877929688</ele></trkpt><trkpt lat="46.12319741770625" lon="7.219815911259502"><ele>2328.0999755859375</ele></trkpt><trkpt lat="46.123112418688834" lon="7.219589862972498"><ele>2329.8999938964844</ele></trkpt><trkpt lat="46.123027419205755" lon="7.219363814685494"><ele>2331.8999938964844</ele></trkpt><trkpt lat="46.12293612025678" lon="7.219136499334127"><ele>2334.0999755859375</ele></trkpt><trkpt lat="46.12284931819886" lon="7.218909166287631"><ele>2335.7999877929688</ele></trkpt><trkpt lat="46.12279416201636" lon="7.2187645002268255"><ele>2337.0999755859375</ele></trkpt><trkpt lat="46.12270350009203" lon="7.218403937295079"><ele>2338.699981689453</ele></trkpt><trkpt lat="46.122649397701025" lon="7.218338180799037"><ele>2340.5</ele></trkpt><trkpt lat="46.12251441460103" lon="7.218312855344266"><ele>2341.8999938964844</ele></trkpt><trkpt lat="46.12248047348112" lon="7.217977937776595"><ele>2341.7999877929688</ele></trkpt><trkpt lat="46.12237805780023" lon="7.217588965315372"><ele>2340.699981689453</ele></trkpt><trkpt lat="46.12235506437719" lon="7.217332916334271"><ele>2339.699981689453</ele></trkpt><trkpt lat="46.12233206257224" lon="7.217072986997664"><ele>2339.0</ele></trkpt><trkpt lat="46.12230044789612" lon="7.217007139697671"><ele>2338.5999755859375</ele></trkpt><trkpt lat="46.122250464279205" lon="7.216749908402562"><ele>2339.3999938964844</ele></trkpt><trkpt lat="46.12223106250167" lon="7.216491258703172"><ele>2340.7999877929688</ele></trkpt><trkpt lat="46.1222135075368" lon="7.216257181018591"><ele>2341.5</ele></trkpt><trkpt lat="46.122173429932445" lon="7.216006378177553"><ele>2341.0</ele></trkpt><trkpt lat="46.122104331851006" lon="7.215637973044068"><ele>2340.0</ele></trkpt><trkpt lat="46.12210111645982" lon="7.21537796407938"><ele>2339.2999877929688</ele></trkpt><trkpt lat="46.12210150109604" lon="7.215119233820587"><ele>2338.5</ele></trkpt><trkpt lat="46.12209641048685" lon="7.21482171677053"><ele>2337.2999877929688</ele></trkpt><trkpt lat="46.12206649268046" lon="7.214705412276089"><ele>2336.0</ele></trkpt><trkpt lat="46.12207947205752" lon="7.21444792393595"><ele>2335.0999755859375</ele></trkpt><trkpt lat="46.1220834502019" lon="7.21418788516894"><ele>2335.5999755859375</ele></trkpt><trkpt lat="46.12209550105035" lon="7.213916170876473"><ele>2336.7999877929688</ele></trkpt><trkpt lat="46.12207648344338" lon="7.213852860964835"><ele>2337.5</ele></trkpt><trkpt lat="46.12195644946769" lon="7.213656724896282"><ele>2338.0</ele></trkpt><trkpt lat="46.1218391219154" lon="7.213464459404349"><ele>2338.7999877929688</ele></trkpt><trkpt lat="46.121707442216575" lon="7.213292952626944"><ele>2339.2999877929688</ele></trkpt><trkpt lat="46.121569455601275" lon="7.213116297964007"><ele>2340.0999755859375</ele></trkpt><trkpt lat="46.12154133571312" lon="7.212999988347292"><ele>2340.7999877929688</ele></trkpt><trkpt lat="46.12154133571312" lon="7.212999988347292"><ele>2340.7999877929688</ele></trkpt><trkpt lat="46.12154133571312" lon="7.212999988347292"><ele>2340.7999877929688</ele></trkpt><trkpt lat="46.12154133571312" lon="7.212999988347292"><ele>2340.7999877929688</ele></trkpt><trkpt lat="46.12154133571312" lon="7.212999988347292"><ele>2340.7999877929688</ele></trkpt><trkpt lat="46.12154133571312" lon="7.212999988347292"><ele>2340.7999877929688</ele></trkpt><trkpt lat="46.12141051329672" lon="7.212807781994343"><ele>2340.8999938964844</ele></trkpt><trkpt lat="46.12130842683837" lon="7.212590877432376"><ele>2341.199981689453</ele></trkpt><trkpt lat="46.12124336510897" lon="7.212444969452918"><ele>2342.0</ele></trkpt><trkpt lat="46.121058435644954" lon="7.2121870163828135"><ele>2342.3999938964844</ele></trkpt><trkpt lat="46.12099048681557" lon="7.211947980802506"><ele>2342.5999755859375</ele></trkpt><trkpt lat="46.12092342879623" lon="7.2117050611414015"><ele>2343.0999755859375</ele></trkpt><trkpt lat="46.120884442236274" lon="7.211553871631622"><ele>2344.0</ele></trkpt><trkpt lat="46.120854338631034" lon="7.211347019299865"><ele>2344.7999877929688</ele></trkpt><trkpt lat="46.12074142554775" lon="7.211115935817361"><ele>2345.199981689453</ele></trkpt><trkpt lat="46.12068245373666" lon="7.21086910367012"><ele>2344.5</ele></trkpt><trkpt lat="46.120637108106166" lon="7.2106881882064044"><ele>2341.8999938964844</ele></trkpt><trkpt lat="46.120487498585135" lon="7.2105491063557565"><ele>2338.3999938964844</ele></trkpt><trkpt lat="46.120360422413796" lon="7.210431922227144"><ele>2335.5999755859375</ele></trkpt><trkpt lat="46.120295415166765" lon="7.210314477793872"><ele>2333.5999755859375</ele></trkpt><trkpt lat="46.12027607951313" lon="7.210095940623432"><ele>2331.8999938964844</ele></trkpt><trkpt lat="46.12020644219592" lon="7.209913835860789"><ele>2329.699981689453</ele></trkpt><trkpt lat="46.12016704911366" lon="7.209564730525017"><ele>2328.3999938964844</ele></trkpt><trkpt lat="46.120113474316895" lon="7.209319173358381"><ele>2328.7999877929688</ele></trkpt><trkpt lat="46.12007627543062" lon="7.209164099302143"><ele>2328.3999938964844</ele></trkpt><trkpt lat="46.1199374133721" lon="7.209002986550331"><ele>2325.199981689453</ele></trkpt><trkpt lat="46.119799450505525" lon="7.208841871004552"><ele>2321.0999755859375</ele></trkpt><trkpt lat="46.119652478955686" lon="7.20867432653904"><ele>2317.5999755859375</ele></trkpt><trkpt lat="46.11954321153462" lon="7.208469109144062"><ele>2315.199981689453</ele></trkpt><trkpt lat="46.11940142232925" lon="7.208196765277535"><ele>2314.199981689453</ele></trkpt><trkpt lat="46.11938141938299" lon="7.208093363791704"><ele>2314.0999755859375</ele></trkpt><trkpt lat="46.11927302181721" lon="7.2078739162534475"><ele>2314.7999877929688</ele></trkpt><trkpt lat="46.119312442839146" lon="7.207796134054661"><ele>2316.5</ele></trkpt><trkpt lat="46.11932643735781" lon="7.207602038513869"><ele>2319.7999877929688</ele></trkpt><trkpt lat="46.11946446541697" lon="7.207356965169311"><ele>2323.8999938964844</ele></trkpt><trkpt lat="46.119383450597525" lon="7.207330145407468"><ele>2326.3999938964844</ele></trkpt><trkpt lat="46.11939149349928" lon="7.207304240204394"><ele>2328.8999938964844</ele></trkpt><trkpt lat="46.11954142572358" lon="7.207161307800561"><ele>2332.7999877929688</ele></trkpt><trkpt lat="46.119550368282944" lon="7.207135398406535"><ele>2334.8999938964844</ele></trkpt><trkpt lat="46.11951436288655" lon="7.207123909611255"><ele>2336.0</ele></trkpt><trkpt lat="46.11957251094282" lon="7.206967138685286"><ele>2338.8999938964844</ele></trkpt><trkpt lat="46.11968646105379" lon="7.206824358552694"><ele>2342.8999938964844</ele></trkpt><trkpt lat="46.11968543101102" lon="7.20676097786054"><ele>2345.7999877929688</ele></trkpt><trkpt lat="46.119621427729726" lon="7.2066952786408365"><ele>2349.0</ele></trkpt><trkpt lat="46.11958052078262" lon="7.2064884807914495"><ele>2353.0999755859375</ele></trkpt><trkpt lat="46.1196660855785" lon="7.206539858598262"><ele>2357.0</ele></trkpt><trkpt lat="46.11960549559444" lon="7.206384888384491"><ele>2360.5</ele></trkpt><trkpt lat="46.1196054155007" lon="7.2063460811041296"><ele>2362.3999938964844</ele></trkpt><trkpt lat="46.11968648247421" lon="7.206397478003055"><ele>2363.8999938964844</ele></trkpt><trkpt lat="46.119640418794006" lon="7.206307124812156"><ele>2366.699981689453</ele></trkpt><trkpt lat="46.11971148382872" lon="7.206306821200997"><ele>2370.199981689453</ele></trkpt><trkpt lat="46.119656236842275" lon="7.2061259560287"><ele>2373.2999877929688</ele></trkpt><trkpt lat="46.11970124440268" lon="7.2061399929225445"><ele>2375.199981689453</ele></trkpt><trkpt lat="46.119728362653404" lon="7.206203262787312"><ele>2377.5</ele></trkpt><trkpt lat="46.11984503688291" lon="7.206073405221105"><ele>2381.0</ele></trkpt><trkpt lat="46.11978207156062" lon="7.206074968446046"><ele>2383.2999877929688</ele></trkpt><trkpt lat="46.119713438209146" lon="7.205945904366672"><ele>2385.7999877929688</ele></trkpt><trkpt lat="46.11966344341636" lon="7.205695163458586"><ele>2389.699981689453</ele></trkpt><trkpt lat="46.11961345328018" lon="7.205447010230273"><ele>2392.699981689453</ele></trkpt><trkpt lat="46.11956346221268" lon="7.205198857467622"><ele>2394.5999755859375</ele></trkpt><trkpt lat="46.11953251995146" lon="7.205026944167912"><ele>2396.0</ele></trkpt><trkpt lat="46.1194694195874" lon="7.2049638302996755"><ele>2396.3999938964844</ele></trkpt><trkpt lat="46.11941149830818" lon="7.204795914236456"><ele>2396.0</ele></trkpt><trkpt lat="46.11932034464553" lon="7.204652719665319"><ele>2395.5</ele></trkpt><trkpt lat="46.11930213775486" lon="7.20454931166023"><ele>2394.7999877929688</ele></trkpt><trkpt lat="46.119169471785426" lon="7.204342911485583"><ele>2393.0999755859375</ele></trkpt><trkpt lat="46.119075453840196" lon="7.204120822716504"><ele>2391.7999877929688</ele></trkpt><trkpt lat="46.11901306640357" lon="7.203968451358378"><ele>2392.2999877929688</ele></trkpt><trkpt lat="46.11891845148057" lon="7.203891246113926"><ele>2393.2999877929688</ele></trkpt><trkpt lat="46.11879649851471" lon="7.20364599628374"><ele>2394.5999755859375</ele></trkpt><trkpt lat="46.11879649851471" lon="7.20364599628374"><ele>2394.5999755859375</ele></trkpt><trkpt lat="46.11879649851471" lon="7.20364599628374"><ele>2394.5999755859375</ele></trkpt><trkpt lat="46.11879649851471" lon="7.20364599628374"><ele>2394.5999755859375</ele></trkpt><trkpt lat="46.11879649851471" lon="7.20364599628374"><ele>2394.5999755859375</ele></trkpt><trkpt lat="46.11879649851471" lon="7.20364599628374"><ele>2394.5999755859375</ele></trkpt><trkpt lat="46.118796257767826" lon="7.203530870378017"><ele>2395.699981689453</ele></trkpt><trkpt lat="46.11870045028627" lon="7.203313966747373"><ele>2396.0999755859375</ele></trkpt><trkpt lat="46.11860014172271" lon="7.2030957895331085"><ele>2397.0</ele></trkpt><trkpt lat="46.11850251862779" lon="7.202871134504676"><ele>2398.5999755859375</ele></trkpt><trkpt lat="46.11832146765664" lon="7.2027567946352065"><ele>2401.2999877929688</ele></trkpt><trkpt lat="46.118192441761494" lon="7.202571084257215"><ele>2405.5999755859375</ele></trkpt><trkpt lat="46.11806521937251" lon="7.202387954108417"><ele>2409.0999755859375</ele></trkpt><trkpt lat="46.117933463305235" lon="7.202188028022647"><ele>2409.199981689453</ele></trkpt><trkpt lat="46.117857358418405" lon="7.201930944342166"><ele>2407.2999877929688</ele></trkpt><trkpt lat="46.11795150814578" lon="7.2017869502305984"><ele>2405.8999938964844</ele></trkpt><trkpt lat="46.11794144893065" lon="7.201709381304681"><ele>2405.0999755859375</ele></trkpt><trkpt lat="46.11788347084075" lon="7.201516896020621"><ele>2404.199981689453</ele></trkpt><trkpt lat="46.117860432714224" lon="7.201256994623691"><ele>2403.699981689453</ele></trkpt><trkpt lat="46.11777647351846" lon="7.201115071773529"><ele>2402.199981689453</ele></trkpt><trkpt lat="46.11762148234993" lon="7.20098898280412"><ele>2400.5</ele></trkpt><trkpt lat="46.11752236215398" lon="7.20090921735391"><ele>2400.3999938964844</ele></trkpt><trkpt lat="46.11747713852674" lon="7.200792997609824"><ele>2402.0</ele></trkpt><trkpt lat="46.11727441381663" lon="7.200639955699444"><ele>2403.699981689453</ele></trkpt><trkpt lat="46.11725541111082" lon="7.2005870044231415"><ele>2404.5999755859375</ele></trkpt><trkpt lat="46.11729847919196" lon="7.200535074342042"><ele>2402.699981689453</ele></trkpt><trkpt lat="46.11716245440766" lon="7.2004451234824955"><ele>2397.5999755859375</ele></trkpt><trkpt lat="46.117054065689445" lon="7.200237340759486"><ele>2393.8999938964844</ele></trkpt><trkpt lat="46.11695650452748" lon="7.20004503428936"><ele>2392.0</ele></trkpt><trkpt lat="46.11680248891935" lon="7.199955164454877"><ele>2389.5</ele></trkpt><trkpt lat="46.11665618373081" lon="7.199684169143438"><ele>2387.8999938964844</ele></trkpt><trkpt lat="46.116557208355516" lon="7.199672963004559"><ele>2387.3999938964844</ele></trkpt><trkpt lat="46.11652105813846" lon="7.199594217352569"><ele>2385.0999755859375</ele></trkpt><trkpt lat="46.116323156282306" lon="7.199595087673515"><ele>2380.199981689453</ele></trkpt><trkpt lat="46.11618825327605" lon="7.19960990967229"><ele>2375.7999877929688</ele></trkpt><trkpt lat="46.11610748618841" lon="7.199700810015202"><ele>2373.2999877929688</ele></trkpt><trkpt lat="46.11608047178015" lon="7.19968799315393"><ele>2371.0</ele></trkpt><trkpt lat="46.11602608207613" lon="7.199492913670838"><ele>2367.199981689453</ele></trkpt><trkpt lat="46.115945232100785" lon="7.199545009061694"><ele>2362.0999755859375</ele></trkpt><trkpt lat="46.11577325174585" lon="7.199468155857176"><ele>2355.8999938964844</ele></trkpt><trkpt lat="46.11563008464873" lon="7.199404110666364"><ele>2350.5999755859375</ele></trkpt><trkpt lat="46.11559543246403" lon="7.199184370227158"><ele>2347.699981689453</ele></trkpt><trkpt lat="46.11554944468662" lon="7.199132833164185"><ele>2346.5</ele></trkpt><trkpt lat="46.115557374898344" lon="7.19905518880114"><ele>2346.3999938964844</ele></trkpt><trkpt lat="46.11551650892943" lon="7.198874280788004"><ele>2346.0</ele></trkpt><trkpt lat="46.11539823934436" lon="7.198674312792718"><ele>2344.699981689453</ele></trkpt><trkpt lat="46.115284467116" lon="7.198474325239658"><ele>2342.699981689453</ele></trkpt><trkpt lat="46.11515443306416" lon="7.198242073878646"><ele>2340.3999938964844</ele></trkpt><trkpt lat="46.115007501561195" lon="7.198100441601127"><ele>2338.3999938964844</ele></trkpt><trkpt lat="46.11494338372722" lon="7.197984313126653"><ele>2336.699981689453</ele></trkpt><trkpt lat="46.114979173988104" lon="7.197894904296845"><ele>2333.8999938964844</ele></trkpt><trkpt lat="46.115222270134836" lon="7.197996010538191"><ele>2327.699981689453</ele></trkpt><trkpt lat="46.11550124268979" lon="7.198047806508839"><ele>2320.0</ele></trkpt><trkpt lat="46.11560018919408" lon="7.198046073783189"><ele>2315.2999877929688</ele></trkpt><trkpt lat="46.11564508313313" lon="7.198007069993764"><ele>2312.2999877929688</ele></trkpt><trkpt lat="46.11552249407396" lon="7.197891198564321"><ele>2307.5999755859375</ele></trkpt><trkpt lat="46.115394357126206" lon="7.197705504018813"><ele>2301.3999938964844</ele></trkpt><trkpt lat="46.11527341371402" lon="7.1975184846669436"><ele>2294.3999938964844</ele></trkpt><trkpt lat="46.11511548841372" lon="7.1972850654274225"><ele>2288.699981689453</ele></trkpt><trkpt lat="46.11507045477629" lon="7.197259395383298"><ele>2284.8999938964844</ele></trkpt><trkpt lat="46.11497724428773" lon="7.197001114487648"><ele>2280.8999938964844</ele></trkpt><trkpt lat="46.114977051503956" lon="7.196911865379661"><ele>2278.3999938964844</ele></trkpt><trkpt lat="46.11492645088583" lon="7.196807318832725"><ele>2276.0</ele></trkpt><trkpt lat="46.11498503899202" lon="7.196444883942604"><ele>2270.0</ele></trkpt><trkpt lat="46.11509317904711" lon="7.196534944232553"><ele>2263.8999938964844</ele></trkpt><trkpt lat="46.115088432561606" lon="7.196419845800847"><ele>2261.5</ele></trkpt><trkpt lat="46.115088432561606" lon="7.196419845800847"><ele>2261.5</ele></trkpt><trkpt lat="46.115088432561606" lon="7.196419845800847"><ele>2261.5</ele></trkpt><trkpt lat="46.115088432561606" lon="7.196419845800847"><ele>2261.5</ele></trkpt><trkpt lat="46.115088432561606" lon="7.196419845800847"><ele>2261.5</ele></trkpt><trkpt lat="46.115088432561606" lon="7.196419845800847"><ele>2261.5</ele></trkpt><trkpt lat="46.115033445414156" lon="7.196367058437318"><ele>2259.8999938964844</ele></trkpt><trkpt lat="46.11510119633749" lon="7.196082190610468"><ele>2256.0</ele></trkpt><trkpt lat="46.11507646040991" lon="7.195875343866646"><ele>2251.7999877929688</ele></trkpt><trkpt lat="46.11518216133118" lon="7.195669207721949"><ele>2247.5999755859375</ele></trkpt><trkpt lat="46.11530849291012" lon="7.195435815025121"><ele>2242.8999938964844</ele></trkpt><trkpt lat="46.11543243099004" lon="7.195343421772122"><ele>2238.5999755859375</ele></trkpt><trkpt lat="46.11561234295368" lon="7.195343908853829"><ele>2234.0</ele></trkpt><trkpt lat="46.11579224886373" lon="7.195341808721423"><ele>2229.2999877929688</ele></trkpt><trkpt lat="46.115954167209566" lon="7.195341082755476"><ele>2225.199981689453</ele></trkpt><trkpt lat="46.11598123703152" lon="7.1953797661699355"><ele>2222.2999877929688</ele></trkpt><trkpt lat="46.115938450209796" lon="7.195561047177762"><ele>2219.2999877929688</ele></trkpt><trkpt lat="46.11595748271793" lon="7.195626929868013"><ele>2215.5999755859375</ele></trkpt><trkpt lat="46.116163475904614" lon="7.195624713785946"><ele>2210.0</ele></trkpt><trkpt lat="46.11638144496828" lon="7.195753088220954"><ele>2202.7999877929688</ele></trkpt><trkpt lat="46.1165132005699" lon="7.19594781845808"><ele>2197.699981689453</ele></trkpt><trkpt lat="46.1165852448903" lon="7.19598500803113"><ele>2194.8999938964844</ele></trkpt><trkpt lat="46.11676518479362" lon="7.19599843211472"><ele>2191.0</ele></trkpt><trkpt lat="46.11692712828517" lon="7.196009349543601"><ele>2186.2999877929688</ele></trkpt><trkpt lat="46.116999230813235" lon="7.196073703002185"><ele>2182.699981689453</ele></trkpt><trkpt lat="46.11705317860469" lon="7.196061819791794"><ele>2180.2999877929688</ele></trkpt><trkpt lat="46.117107287980616" lon="7.196124960668385"><ele>2177.8999938964844</ele></trkpt><trkpt lat="46.117179254069924" lon="7.196125932503492"><ele>2175.0</ele></trkpt><trkpt lat="46.11728739179671" lon="7.196214702446014"><ele>2171.5999755859375</ele></trkpt><trkpt lat="46.11739536514506" lon="7.196227155160159"><ele>2167.199981689453</ele></trkpt><trkpt lat="46.11755126807839" lon="7.196357105858624"><ele>2163.199981689453</ele></trkpt><trkpt lat="46.117658506613225" lon="7.1964458813890815"><ele>2159.7999877929688</ele></trkpt><trkpt lat="46.11779341008514" lon="7.196432343684137"><ele>2155.0</ele></trkpt><trkpt lat="46.117964507546276" lon="7.196516953874379"><ele>2149.699981689453</ele></trkpt><trkpt lat="46.11813649861142" lon="7.196598973125219"><ele>2143.5</ele></trkpt><trkpt lat="46.118377464823425" lon="7.196546155959368"><ele>2135.8999938964844</ele></trkpt><trkpt lat="46.11854821629822" lon="7.196470367256552"><ele>2128.8999938964844</ele></trkpt><trkpt lat="46.118794463109225" lon="7.196363196242601"><ele>2123.199981689453</ele></trkpt><trkpt lat="46.11896799411625" lon="7.196324908174574"><ele>2119.7999877929688</ele></trkpt><trkpt lat="46.119160410482436" lon="7.1962839481420815"><ele>2115.8999938964844</ele></trkpt><trkpt lat="46.11905030114576" lon="7.196116274222732"><ele>2107.8999938964844</ele></trkpt><trkpt lat="46.119036415126175" lon="7.195935234893113"><ele>2099.2999877929688</ele></trkpt><trkpt lat="46.1189434803091" lon="7.195806292351335"><ele>2093.0999755859375</ele></trkpt><trkpt lat="46.11895141052082" lon="7.19572993600741"><ele>2088.2999877929688</ele></trkpt><trkpt lat="46.11882429057732" lon="7.195599853992462"><ele>2084.8999938964844</ele></trkpt><trkpt lat="46.11877028923482" lon="7.195587159600109"><ele>2083.2999877929688</ele></trkpt><trkpt lat="46.118779172189534" lon="7.195535376667976"><ele>2080.3999938964844</ele></trkpt><trkpt lat="46.11858447641134" lon="7.195355149451643"><ele>2075.699981689453</ele></trkpt><trkpt lat="46.118419466074556" lon="7.1951747899875045"><ele>2072.199981689453</ele></trkpt><trkpt lat="46.11840943014249" lon="7.195110157132149"><ele>2069.8999938964844</ele></trkpt><trkpt lat="46.11835531657562" lon="7.195045721717179"><ele>2068.0999755859375</ele></trkpt><trkpt lat="46.1182092577219" lon="7.194893737323582"><ele>2065.699981689453</ele></trkpt><trkpt lat="46.11806409852579" lon="7.1947417496703565"><ele>2062.2999877929688</ele></trkpt><trkpt lat="46.11792344786227" lon="7.194594916887581"><ele>2058.699981689453</ele></trkpt><trkpt lat="46.117811458185315" lon="7.194391039665788"><ele>2054.3999938964844</ele></trkpt><trkpt lat="46.11767145851627" lon="7.194130373653024"><ele>2048.199981689453</ele></trkpt><trkpt lat="46.11759241018444" lon="7.193769832141697"><ele>2042.3999938964844</ele></trkpt><trkpt lat="46.117462476715446" lon="7.193588029127568"><ele>2039.2999877929688</ele></trkpt><trkpt lat="46.11733344802633" lon="7.193408810067922"><ele>2036.8999938964844</ele></trkpt><trkpt lat="46.117130424361676" lon="7.193123857490718"><ele>2033.5999755859375</ele></trkpt><trkpt lat="46.117053447291255" lon="7.192888783290982"><ele>2030.5999755859375</ele></trkpt><trkpt lat="46.11700540827587" lon="7.192723429761827"><ele>2028.3999938964844</ele></trkpt><trkpt lat="46.11688443738967" lon="7.1925273621454835"><ele>2026.3999938964844</ele></trkpt><trkpt lat="46.11688443738967" lon="7.1925273621454835"><ele>2026.3999938964844</ele></trkpt><trkpt lat="46.11688443738967" lon="7.1925273621454835"><ele>2026.3999938964844</ele></trkpt><trkpt lat="46.11688443738967" lon="7.1925273621454835"><ele>2026.3999938964844</ele></trkpt><trkpt lat="46.11688443738967" lon="7.1925273621454835"><ele>2026.3999938964844</ele></trkpt><trkpt lat="46.11688443738967" lon="7.1925273621454835"><ele>2026.3999938964844</ele></trkpt><trkpt lat="46.11676706187427" lon="7.192329985555261"><ele>2023.8999938964844</ele></trkpt><trkpt lat="46.11664245510474" lon="7.192117120139301"><ele>2021.5999755859375</ele></trkpt><trkpt lat="46.116459420416504" lon="7.191923924256116"><ele>2019.5999755859375</ele></trkpt><trkpt lat="46.11633741250262" lon="7.191665777005255"><ele>2018.0999755859375</ele></trkpt><trkpt lat="46.11627750098705" lon="7.191420283168554"><ele>2017.3999938964844</ele></trkpt><trkpt lat="46.11618849309161" lon="7.191033930517733"><ele>2016.5999755859375</ele></trkpt><trkpt lat="46.11617442872375" lon="7.190775293856859"><ele>2015.0</ele></trkpt><trkpt lat="46.116150294896215" lon="7.190437799785286"><ele>2013.0999755859375</ele></trkpt><trkpt lat="46.11605625227094" lon="7.190217040479183"><ele>2011.0</ele></trkpt><trkpt lat="46.11594231007621" lon="7.189947220496833"><ele>2009.2999877929688</ele></trkpt><trkpt lat="46.115822243038565" lon="7.189755039289594"><ele>2007.5</ele></trkpt><trkpt lat="46.1156534217298" lon="7.189482885878533"><ele>2005.1999816894531</ele></trkpt><trkpt lat="46.11565650254488" lon="7.189250043127686"><ele>2003.0</ele></trkpt><trkpt lat="46.11575099499896" lon="7.188862854149193"><ele>2000.8999938964844</ele></trkpt><trkpt lat="46.11575941136107" lon="7.188602822832763"><ele>1998.5999755859375</ele></trkpt><trkpt lat="46.115761504508555" lon="7.188331179320812"><ele>1996.3999938964844</ele></trkpt><trkpt lat="46.1157870227471" lon="7.188076243270189"><ele>1993.5999755859375</ele></trkpt><trkpt lat="46.1158214318566" lon="7.18777469964698"><ele>1990.5999755859375</ele></trkpt><trkpt lat="46.11588312452659" lon="7.187606259714812"><ele>1988.3999938964844</ele></trkpt><trkpt lat="46.11587743740529" lon="7.187476936262101"><ele>1985.7999877929688</ele></trkpt><trkpt lat="46.115729216020554" lon="7.187167182564735"><ele>1982.5999755859375</ele></trkpt><trkpt lat="46.11558046285063" lon="7.1870217067189515"><ele>1979.5</ele></trkpt><trkpt lat="46.11543350527063" lon="7.186874929815531"><ele>1977.0</ele></trkpt><trkpt lat="46.115287450142205" lon="7.186729442793876"><ele>1975.0999755859375</ele></trkpt><trkpt lat="46.11517927190289" lon="7.186626465991139"><ele>1973.0</ele></trkpt><trkpt lat="46.115118452813476" lon="7.1863822801969945"><ele>1969.7999877929688</ele></trkpt><trkpt lat="46.1150249526836" lon="7.186006312258542"><ele>1966.7999877929688</ele></trkpt><trkpt lat="46.11509548081085" lon="7.18576798401773"><ele>1964.2999877929688</ele></trkpt><trkpt lat="46.11517050024122" lon="7.185527047142386"><ele>1962.0999755859375</ele></trkpt><trkpt lat="46.11524249613285" lon="7.185540939681232"><ele>1960.3999938964844</ele></trkpt><trkpt lat="46.11534814815968" lon="7.185720241628587"><ele>1959.0999755859375</ele></trkpt><trkpt lat="46.11541120382026" lon="7.18575875274837"><ele>1958.2999877929688</ele></trkpt><trkpt lat="46.11546512134373" lon="7.185733925085515"><ele>1957.6999816894531</ele></trkpt><trkpt lat="46.115496427286416" lon="7.185654876753688"><ele>1956.3999938964844</ele></trkpt><trkpt lat="46.11544639803469" lon="7.185409347061068"><ele>1954.2999877929688</ele></trkpt><trkpt lat="46.115347099956125" lon="7.185255884658545"><ele>1951.1999816894531</ele></trkpt><trkpt lat="46.11522042937577" lon="7.184931811410934"><ele>1946.8999938964844</ele></trkpt><trkpt lat="46.11519646132365" lon="7.184675813652575"><ele>1942.3999938964844</ele></trkpt><trkpt lat="46.1151652848348" lon="7.184414675924927"><ele>1938.0</ele></trkpt><trkpt lat="46.11496949614957" lon="7.184156896546483"><ele>1933.5999755859375</ele></trkpt><trkpt lat="46.1149211153388" lon="7.183846688829362"><ele>1929.7999877929688</ele></trkpt><trkpt lat="46.114921427331865" lon="7.183587992098182"><ele>1927.0</ele></trkpt><trkpt lat="46.11492350837216" lon="7.183316352777183"><ele>1924.8999938964844</ele></trkpt><trkpt lat="46.11490043392405" lon="7.183059059549123"><ele>1923.1999816894531</ele></trkpt><trkpt lat="46.11488295625895" lon="7.182889696676284"><ele>1921.6999816894531</ele></trkpt><trkpt lat="46.11491296021268" lon="7.182634741067886"><ele>1920.0</ele></trkpt><trkpt lat="46.114947461057454" lon="7.182379763573408"><ele>1918.3999938964844</ele></trkpt><trkpt lat="46.114947461057454" lon="7.182379763573408"><ele>1918.3999938964844</ele></trkpt><trkpt lat="46.114947461057454" lon="7.182379763573408"><ele>1918.3999938964844</ele></trkpt><trkpt lat="46.114947461057454" lon="7.182379763573408"><ele>1918.3999938964844</ele></trkpt><trkpt lat="46.114947461057454" lon="7.182379763573408"><ele>1918.3999938964844</ele></trkpt><trkpt lat="46.114947461057454" lon="7.182379763573408"><ele>1918.3999938964844</ele></trkpt><trkpt lat="46.114977463614196" lon="7.182124807033688"><ele>1916.6999816894531</ele></trkpt><trkpt lat="46.115007465705276" lon="7.1818698504939675"><ele>1915.0999755859375</ele></trkpt><trkpt lat="46.11504543013871" lon="7.181556649506092"><ele>1913.2999877929688</ele></trkpt><trkpt lat="46.11502327769995" lon="7.181310993153602"><ele>1911.0999755859375</ele></trkpt><trkpt lat="46.11494142841548" lon="7.180923338513821"><ele>1908.8999938964844</ele></trkpt><trkpt lat="46.11494104191661" lon="7.1807551882229745"><ele>1907.3999938964844</ele></trkpt><trkpt lat="46.11498094210401" lon="7.180502770934254"><ele>1905.6999816894531</ele></trkpt><trkpt lat="46.11502443952486" lon="7.180250335950404"><ele>1903.8999938964844</ele></trkpt><trkpt lat="46.11506519606337" lon="7.17997980536893"><ele>1901.7999877929688</ele></trkpt><trkpt lat="46.115163368172944" lon="7.179641738999635"><ele>1899.5999755859375</ele></trkpt><trkpt lat="46.11513399425894" lon="7.179387063719332"><ele>1897.6999816894531</ele></trkpt><trkpt lat="46.11510828975588" lon="7.179163414053619"><ele>1896.0</ele></trkpt><trkpt lat="46.11515448614955" lon="7.178912258241326"><ele>1894.0999755859375</ele></trkpt><trkpt lat="46.11519348528236" lon="7.178661136422306"><ele>1892.0999755859375</ele></trkpt><trkpt lat="46.11522544361651" lon="7.1784773087129"><ele>1890.6999816894531</ele></trkpt><trkpt lat="46.11521443910897" lon="7.17838681768626"><ele>1889.0999755859375</ele></trkpt><trkpt lat="46.11512845940888" lon="7.17816216358915"><ele>1886.3999938964844</ele></trkpt><trkpt lat="46.1149972891435" lon="7.177845890633762"><ele>1883.6999816894531</ele></trkpt><trkpt lat="46.11498250532895" lon="7.177677809726447"><ele>1881.5999755859375</ele></trkpt><trkpt lat="46.11502149887383" lon="7.17742539383471"><ele>1878.5</ele></trkpt><trkpt lat="46.11506319278851" lon="7.177174258045852"><ele>1875.0</ele></trkpt><trkpt lat="46.11510848207399" lon="7.1769218114204705"><ele>1872.0</ele></trkpt><trkpt lat="46.1151483762078" lon="7.176670684013516"><ele>1869.0999755859375</ele></trkpt><trkpt lat="46.115190071985126" lon="7.17642084043473"><ele>1866.5999755859375</ele></trkpt><trkpt lat="46.115218467544764" lon="7.176253844052553"><ele>1864.1999816894531</ele></trkpt><trkpt lat="46.11530248634517" lon="7.176023197825998"><ele>1861.0999755859375</ele></trkpt><trkpt lat="46.11542402813211" lon="7.175682423170656"><ele>1857.3999938964844</ele></trkpt><trkpt lat="46.1154360184446" lon="7.175424960441887"><ele>1854.0</ele></trkpt><trkpt lat="46.115448005031794" lon="7.175166204571724"><ele>1850.5999755859375</ele></trkpt><trkpt lat="46.11547047831118" lon="7.174776755273342"><ele>1846.3999938964844</ele></trkpt><trkpt lat="46.11552902730182" lon="7.174427228514105"><ele>1842.5</ele></trkpt><trkpt lat="46.1156004332006" lon="7.174190171994269"><ele>1839.5999755859375</ele></trkpt><trkpt lat="46.11565398843959" lon="7.1740127028897405"><ele>1836.8999938964844</ele></trkpt><trkpt lat="46.11576143698767" lon="7.1738013392314315"><ele>1834.0999755859375</ele></trkpt><trkpt lat="46.1158330431208" lon="7.173649650998414"><ele>1831.1999816894531</ele></trkpt><trkpt lat="46.11592235928401" lon="7.173378873616457"><ele>1828.1999816894531</ele></trkpt><trkpt lat="46.1159604373388" lon="7.17312386771664"><ele>1825.0999755859375</ele></trkpt><trkpt lat="46.11599312676117" lon="7.172872768715024"><ele>1822.5</ele></trkpt><trkpt lat="46.11607894394547" lon="7.1726446924731135"><ele>1819.8999938964844</ele></trkpt><trkpt lat="46.11615403369069" lon="7.172445124480873"><ele>1816.8999938964844</ele></trkpt><trkpt lat="46.11618943233043" lon="7.1721991850063205"><ele>1813.7999877929688</ele></trkpt><trkpt lat="46.11619241628796" lon="7.171940469183028"><ele>1811.1999816894531</ele></trkpt><trkpt lat="46.11618814151734" lon="7.171655918471515"><ele>1809.0</ele></trkpt><trkpt lat="46.116174038965255" lon="7.171399873681366"><ele>1806.7999877929688</ele></trkpt><trkpt lat="46.11615992663428" lon="7.171139948535711"><ele>1804.2999877929688</ele></trkpt><trkpt lat="46.11614113068208" lon="7.170802436303347"><ele>1802.0</ele></trkpt><trkpt lat="46.1160874706693" lon="7.170556935481727"><ele>1800.6999816894531</ele></trkpt><trkpt lat="46.1160874706693" lon="7.170556935481727"><ele>1800.6999816894531</ele></trkpt><trkpt lat="46.1160874706693" lon="7.170556935481727"><ele>1800.6999816894531</ele></trkpt><trkpt lat="46.1160874706693" lon="7.170556935481727"><ele>1800.6999816894531</ele></trkpt><trkpt lat="46.1160874706693" lon="7.170556935481727"><ele>1800.6999816894531</ele></trkpt><trkpt lat="46.1160874706693" lon="7.170556935481727"><ele>1800.6999816894531</ele></trkpt><trkpt lat="46.11602841317654" lon="7.1703114612028"><ele>1799.0999755859375</ele></trkpt><trkpt lat="46.115971153602004" lon="7.17006597854197"><ele>1796.0</ele></trkpt><trkpt lat="46.115922981873155" lon="7.169859256595373"><ele>1792.8999938964844</ele></trkpt><trkpt lat="46.1157782827504" lon="7.16953789209947"><ele>1790.2999877929688</ele></trkpt><trkpt lat="46.11568848276511" lon="7.16922789812088"><ele>1787.6999816894531</ele></trkpt><trkpt lat="46.11564545566216" lon="7.168916379567236"><ele>1785.2999877929688</ele></trkpt><trkpt lat="46.11548248492181" lon="7.168853807263076"><ele>1783.2999877929688</ele></trkpt><trkpt lat="46.11533523630351" lon="7.168595841154456"><ele>1781.0</ele></trkpt><trkpt lat="46.11510107014328" lon="7.1684792982414365"><ele>1777.8999938964844</ele></trkpt><trkpt lat="46.11486846022308" lon="7.168261857237667"><ele>1775.0</ele></trkpt><trkpt lat="46.11470548296347" lon="7.168196700979024"><ele>1773.0</ele></trkpt><trkpt lat="46.114614254329354" lon="7.168041938915849"><ele>1771.3999938964844</ele></trkpt><trkpt lat="46.11447801440954" lon="7.167873173486441"><ele>1769.6999816894531</ele></trkpt><trkpt lat="46.1143444753252" lon="7.167705688625574"><ele>1767.7999877929688</ele></trkpt><trkpt lat="46.11420643515885" lon="7.167536933906376"><ele>1765.7999877929688</ele></trkpt><trkpt lat="46.11406749859452" lon="7.167369477450848"><ele>1763.5999755859375</ele></trkpt><trkpt lat="46.11393125727773" lon="7.167200715281069"><ele>1761.7999877929688</ele></trkpt><trkpt lat="46.11382930446416" lon="7.167075759731233"><ele>1760.0</ele></trkpt><trkpt lat="46.11365908337757" lon="7.166991243138909"><ele>1758.0999755859375</ele></trkpt><trkpt lat="46.11346904700622" lon="7.1668964782729745"><ele>1756.3999938964844</ele></trkpt><trkpt lat="46.113363486249" lon="7.1667676623910666"><ele>1754.8999938964844</ele></trkpt><trkpt lat="46.113199489656836" lon="7.166653366759419"><ele>1753.0</ele></trkpt><trkpt lat="46.11300034169108" lon="7.166510792914778"><ele>1751.0</ele></trkpt><trkpt lat="46.11284798523411" lon="7.1663744524121284"><ele>1749.0</ele></trkpt><trkpt lat="46.11268750810996" lon="7.1662278063595295"><ele>1746.7999877929688</ele></trkpt><trkpt lat="46.11250750720501" lon="7.16619119932875"><ele>1744.6999816894531</ele></trkpt><trkpt lat="46.11232840875164" lon="7.1661558812484145"><ele>1742.7999877929688</ele></trkpt><trkpt lat="46.11215020669624" lon="7.166119265835732"><ele>1740.8999938964844</ele></trkpt><trkpt lat="46.11194050498307" lon="7.1660763416439295"><ele>1738.7999877929688</ele></trkpt><trkpt lat="46.111733451951295" lon="7.1660127099603415"><ele>1736.8999938964844</ele></trkpt><trkpt lat="46.11163248261437" lon="7.165922678541392"><ele>1735.2999877929688</ele></trkpt><trkpt lat="46.11163117736578" lon="7.165755836758763"><ele>1733.7999877929688</ele></trkpt><trkpt lat="46.11174943950027" lon="7.165558645501733"><ele>1732.0</ele></trkpt><trkpt lat="46.111873076763004" lon="7.165352372918278"><ele>1730.1999816894531</ele></trkpt><trkpt lat="46.111883493606" lon="7.165197112131864"><ele>1728.7999877929688</ele></trkpt><trkpt lat="46.111864416860044" lon="7.16512089734897"><ele>1727.5</ele></trkpt><trkpt lat="46.11174609698355" lon="7.1649248958565295"><ele>1725.5999755859375</ele></trkpt><trkpt lat="46.11163047514856" lon="7.164728881791234"><ele>1723.6999816894531</ele></trkpt><trkpt lat="46.11153835197911" lon="7.164578018710017"><ele>1722.0</ele></trkpt><trkpt lat="46.111333462875336" lon="7.16429579956457"><ele>1720.1999816894531</ele></trkpt><trkpt lat="46.11133944056928" lon="7.164165136869997"><ele>1719.2999877929688</ele></trkpt><trkpt lat="46.111507415771484" lon="7.164065990131348"><ele>1719.0999755859375</ele></trkpt><trkpt lat="46.11173647129908" lon="7.16393031924963"><ele>1719.0999755859375</ele></trkpt><trkpt lat="46.11186646623537" lon="7.1637498792260885"><ele>1719.3999938964844</ele></trkpt><trkpt lat="46.11200541816652" lon="7.163553872145712"><ele>1719.7999877929688</ele></trkpt><trkpt lat="46.11212930222973" lon="7.163449772167951"><ele>1719.8999938964844</ele></trkpt><trkpt lat="46.11230548657477" lon="7.163397143129259"><ele>1719.6999816894531</ele></trkpt><trkpt lat="46.11252841586247" lon="7.163331343326718"><ele>1719.3999938964844</ele></trkpt><trkpt lat="46.11252841586247" lon="7.163331343326718"><ele>1719.3999938964844</ele></trkpt><trkpt lat="46.11252841586247" lon="7.163331343326718"><ele>1719.3999938964844</ele></trkpt><trkpt lat="46.11252841586247" lon="7.163331343326718"><ele>1719.3999938964844</ele></trkpt><trkpt lat="46.11252841586247" lon="7.163331343326718"><ele>1719.3999938964844</ele></trkpt><trkpt lat="46.11252841586247" lon="7.163331343326718"><ele>1719.3999938964844</ele></trkpt><trkpt lat="46.1126144239679" lon="7.163188631180674"><ele>1719.0</ele></trkpt><trkpt lat="46.1126321926713" lon="7.16309800138697"><ele>1718.7999877929688</ele></trkpt><trkpt lat="46.11260098265484" lon="7.16284335590899"><ele>1718.5</ele></trkpt><trkpt lat="46.11257711146027" lon="7.162646877579391"><ele>1718.5</ele></trkpt><trkpt lat="46.11252343142405" lon="7.162400107365102"><ele>1718.7999877929688</ele></trkpt><trkpt lat="46.11246435623616" lon="7.1621546586975455"><ele>1719.1999816894531</ele></trkpt><trkpt lat="46.11240797583014" lon="7.161907902918756"><ele>1719.5999755859375</ele></trkpt><trkpt lat="46.11232250044122" lon="7.1615358353592455"><ele>1719.5999755859375</ele></trkpt><trkpt lat="46.112162083853036" lon="7.161416366230696"><ele>1718.5999755859375</ele></trkpt><trkpt lat="46.11202510306612" lon="7.161316178739071"><ele>1716.7999877929688</ele></trkpt><trkpt lat="46.111892444547266" lon="7.161144833080471"><ele>1714.6999816894531</ele></trkpt><trkpt lat="46.11175437550992" lon="7.1609683418646455"><ele>1712.3999938964844</ele></trkpt><trkpt lat="46.111592104658484" lon="7.160826897248626"><ele>1710.0</ele></trkpt><trkpt lat="46.1113940118812" lon="7.160750306211412"><ele>1707.8999938964844</ele></trkpt><trkpt lat="46.11121419817209" lon="7.160790027119219"><ele>1706.2999877929688</ele></trkpt><trkpt lat="46.11116016097367" lon="7.1607644353061914"><ele>1705.0999755859375</ele></trkpt><trkpt lat="46.11109147546813" lon="7.16063544806093"><ele>1704.2999877929688</ele></trkpt><trkpt lat="46.111089451704174" lon="7.160544921644032"><ele>1703.2999877929688</ele></trkpt><trkpt lat="46.11115030059591" lon="7.160415271297097"><ele>1702.0</ele></trkpt><trkpt lat="46.111300172284245" lon="7.160272230859846"><ele>1700.1999816894531</ele></trkpt><trkpt lat="46.111411459278315" lon="7.160168189089745"><ele>1698.5</ele></trkpt><trkpt lat="46.11157492036" lon="7.1600638795644045"><ele>1696.3999938964844</ele></trkpt><trkpt lat="46.11182640818879" lon="7.159907381981611"><ele>1694.0</ele></trkpt><trkpt lat="46.111974470317364" lon="7.1597604672424495"><ele>1691.5</ele></trkpt><trkpt lat="46.11219342285767" lon="7.159543343819678"><ele>1689.2999877929688</ele></trkpt><trkpt lat="46.11226330138743" lon="7.159427870996296"><ele>1687.5999755859375</ele></trkpt><trkpt lat="46.11221796972677" lon="7.159285828471184"><ele>1686.0</ele></trkpt><trkpt lat="46.1119929831475" lon="7.1592468889430165"><ele>1684.0</ele></trkpt><trkpt lat="46.1118394783698" lon="7.15937572484836"><ele>1682.1999816894531</ele></trkpt><trkpt lat="46.11174342269078" lon="7.159455115906894"><ele>1680.8999938964844</ele></trkpt><trkpt lat="46.11168048623949" lon="7.159468372818083"><ele>1679.6999816894531</ele></trkpt><trkpt lat="46.111518471036106" lon="7.159430403262377"><ele>1678.1999816894531</ele></trkpt><trkpt lat="46.11134734097868" lon="7.159344624727964"><ele>1676.0999755859375</ele></trkpt><trkpt lat="46.11111136339605" lon="7.159226845949888"><ele>1673.7999877929688</ele></trkpt><trkpt lat="46.11093148216605" lon="7.159239410888404"><ele>1671.5</ele></trkpt><trkpt lat="46.11075250431895" lon="7.159253264777362"><ele>1669.2999877929688</ele></trkpt><trkpt lat="46.1105744256638" lon="7.159267113544047"><ele>1667.0999755859375</ele></trkpt><trkpt lat="46.11039544735104" lon="7.159280966967344"><ele>1665.3999938964844</ele></trkpt><trkpt lat="46.110251455102116" lon="7.159255839884281"><ele>1663.5999755859375</ele></trkpt><trkpt lat="46.1100874603726" lon="7.159145453479141"><ele>1661.3999938964844</ele></trkpt><trkpt lat="46.10992346564308" lon="7.159035068005323"><ele>1659.1999816894531</ele></trkpt><trkpt lat="46.109760366845876" lon="7.158923385199159"><ele>1657.2999877929688</ele></trkpt><trkpt lat="46.10964412847534" lon="7.1588450889103115"><ele>1655.1999816894531</ele></trkpt><trkpt lat="46.10936510702595" lon="7.1587818576954305"><ele>1652.7999877929688</ele></trkpt><trkpt lat="46.109203471802175" lon="7.158896503970027"><ele>1650.8999938964844</ele></trkpt><trkpt lat="46.109045434743166" lon="7.159011130686849"><ele>1649.5</ele></trkpt><trkpt lat="46.10888918675482" lon="7.159121867734939"><ele>1648.0999755859375</ele></trkpt><trkpt lat="46.10874925600365" lon="7.159282959997654"><ele>1647.1999816894531</ele></trkpt><trkpt lat="46.10857524210587" lon="7.159484319854528"><ele>1645.6999816894531</ele></trkpt><trkpt lat="46.10840590810403" lon="7.159397243522108"><ele>1643.2999877929688</ele></trkpt><trkpt lat="46.10822396725416" lon="7.159305059351027"><ele>1640.8999938964844</ele></trkpt><trkpt lat="46.10822396725416" lon="7.159305059351027"><ele>1640.8999938964844</ele></trkpt><trkpt lat="46.10822396725416" lon="7.159305059351027"><ele>1640.8999938964844</ele></trkpt><trkpt lat="46.10822396725416" lon="7.159305059351027"><ele>1640.8999938964844</ele></trkpt><trkpt lat="46.10822396725416" lon="7.159305059351027"><ele>1640.8999938964844</ele></trkpt><trkpt lat="46.10822396725416" lon="7.159305059351027"><ele>1640.8999938964844</ele></trkpt><trkpt lat="46.10799901606515" lon="7.159280349034816"><ele>1639.0999755859375</ele></trkpt><trkpt lat="46.107820079661906" lon="7.15931101469323"><ele>1637.5999755859375</ele></trkpt><trkpt lat="46.1076420461759" lon="7.159342968836427"><ele>1636.0</ele></trkpt><trkpt lat="46.10738847963512" lon="7.159386950079352"><ele>1633.5999755859375</ele></trkpt><trkpt lat="46.10718996822834" lon="7.159504366107285"><ele>1630.6999816894531</ele></trkpt><trkpt lat="46.107126999646425" lon="7.159504689276218"><ele>1627.7999877929688</ele></trkpt><trkpt lat="46.106967486441135" lon="7.159387819003314"><ele>1624.0999755859375</ele></trkpt><trkpt lat="46.10675840778276" lon="7.159234992228448"><ele>1619.6999816894531</ele></trkpt><trkpt lat="46.10667417617515" lon="7.159005220513791"><ele>1615.3999938964844</ele></trkpt><trkpt lat="46.10661348095164" lon="7.1588348196819425"><ele>1610.8999938964844</ele></trkpt><trkpt lat="46.10643730405718" lon="7.158890043385327"><ele>1605.8999938964844</ele></trkpt><trkpt lat="46.10619910946116" lon="7.158966278191656"><ele>1600.2999877929688</ele></trkpt><trkpt lat="46.10593807883561" lon="7.158902957569808"><ele>1594.6999816894531</ele></trkpt><trkpt lat="46.10586650390178" lon="7.159059809986502"><ele>1590.8999938964844</ele></trkpt><trkpt lat="46.105766938533634" lon="7.158813309855759"><ele>1589.2999877929688</ele></trkpt><trkpt lat="46.1056974795647" lon="7.158736072015017"><ele>1588.5999755859375</ele></trkpt><trkpt lat="46.10566242970526" lon="7.158749185036868"><ele>1588.1999816894531</ele></trkpt><trkpt lat="46.10564109822735" lon="7.158852755092084"><ele>1587.3999938964844</ele></trkpt><trkpt lat="46.10569838108495" lon="7.159098178613931"><ele>1586.0</ele></trkpt><trkpt lat="46.10575929656625" lon="7.1593578099273145"><ele>1583.6999816894531</ele></trkpt><trkpt lat="46.10574188036844" lon="7.159589391667396"><ele>1579.1999816894531</ele></trkpt><trkpt lat="46.10567441256717" lon="7.159951848909259"><ele>1573.7999877929688</ele></trkpt><trkpt lat="46.105581019539386" lon="7.16001699026674"><ele>1569.7999877929688</ele></trkpt><trkpt lat="46.10543847316876" lon="7.159849598072469"><ele>1565.7999877929688</ele></trkpt><trkpt lat="46.10533898277208" lon="7.159632842056453"><ele>1561.5</ele></trkpt><trkpt lat="46.105277452617884" lon="7.159488313831389"><ele>1557.8999938964844</ele></trkpt><trkpt lat="46.10512044886127" lon="7.159295133315027"><ele>1554.0999755859375</ele></trkpt><trkpt lat="46.10494145099074" lon="7.159301225561649"><ele>1550.5</ele></trkpt><trkpt lat="46.10476244986057" lon="7.159306024666876"><ele>1547.0</ele></trkpt><trkpt lat="46.104610435664654" lon="7.1593106854707"><ele>1543.2999877929688</ele></trkpt><trkpt lat="46.104431302752346" lon="7.1592624629847705"><ele>1540.0</ele></trkpt><trkpt lat="46.104240463115275" lon="7.1592091280035675"><ele>1537.1999816894531</ele></trkpt><trkpt lat="46.10406241333112" lon="7.159234614111483"><ele>1534.0999755859375</ele></trkpt><trkpt lat="46.10385198611766" lon="7.159262853208929"><ele>1530.0</ele></trkpt><trkpt lat="46.10367203410715" lon="7.159246965777129"><ele>1525.6999816894531</ele></trkpt><trkpt lat="46.10342910094187" lon="7.159226229414344"><ele>1521.0</ele></trkpt><trkpt lat="46.103257096838206" lon="7.1591508141718805"><ele>1515.5999755859375</ele></trkpt><trkpt lat="46.10308509552851" lon="7.159076692536473"><ele>1510.3999938964844</ele></trkpt><trkpt lat="46.102912191767246" lon="7.159001283347607"><ele>1505.6999816894531</ele></trkpt><trkpt lat="46.10274019045755" lon="7.158927162643522"><ele>1501.5</ele></trkpt><trkpt lat="46.10256818635389" lon="7.158851749263704"><ele>1496.8999938964844</ele></trkpt><trkpt lat="46.102312436793" lon="7.158741852268577"><ele>1491.2999877929688</ele></trkpt><trkpt lat="46.102132458705455" lon="7.158715621568263"><ele>1485.5999755859375</ele></trkpt><trkpt lat="46.10195346735418" lon="7.158724301494658"><ele>1480.3999938964844</ele></trkpt><trkpt lat="46.10177447879687" lon="7.1587342750281096"><ele>1475.3999938964844</ele></trkpt><trkpt lat="46.10157749988139" lon="7.158744340762496"><ele>1470.5</ele></trkpt><trkpt lat="46.10140041727573" lon="7.158796978183091"><ele>1465.8999938964844</ele></trkpt><trkpt lat="46.101269179489464" lon="7.158836448099464"><ele>1462.5999755859375</ele></trkpt><trkpt lat="46.10108922421932" lon="7.158819269854575"><ele>1459.5999755859375</ele></trkpt><trkpt lat="46.10108922421932" lon="7.158819269854575"><ele>1459.5999755859375</ele></trkpt><trkpt lat="46.10108922421932" lon="7.158819269854575"><ele>1459.5999755859375</ele></trkpt><trkpt lat="46.10108922421932" lon="7.158819269854575"><ele>1459.5999755859375</ele></trkpt><trkpt lat="46.10108922421932" lon="7.158819269854575"><ele>1459.5999755859375</ele></trkpt><trkpt lat="46.10108922421932" lon="7.158819269854575"><ele>1459.5999755859375</ele></trkpt><trkpt lat="46.10087328078225" lon="7.158799690660089"><ele>1456.5</ele></trkpt><trkpt lat="46.10072045400739" lon="7.158839271403849"><ele>1453.1999816894531</ele></trkpt><trkpt lat="46.10054844990373" lon="7.15876386128366"><ele>1449.2999877929688</ele></trkpt><trkpt lat="46.100376445334405" lon="7.158688451629132"><ele>1445.0999755859375</ele></trkpt><trkpt lat="46.100204441230744" lon="7.158613042440265"><ele>1440.7999877929688</ele></trkpt><trkpt lat="46.099963993765414" lon="7.158506951760501"><ele>1437.2999877929688</ele></trkpt><trkpt lat="46.09996412228793" lon="7.15855867555365"><ele>1434.7999877929688</ele></trkpt><trkpt lat="46.100073418114334" lon="7.158739149104804"><ele>1432.0</ele></trkpt><trkpt lat="46.10011823615059" lon="7.15903633646667"><ele>1428.7999877929688</ele></trkpt><trkpt lat="46.10019148513675" lon="7.159191134385765"><ele>1425.6999816894531</ele></trkpt><trkpt lat="46.10023618582636" lon="7.159441770520061"><ele>1421.6999816894531</ele></trkpt><trkpt lat="46.10028448095545" lon="7.159691095817834"><ele>1416.1999816894531</ele></trkpt><trkpt lat="46.10035741887987" lon="7.160083831753582"><ele>1409.5</ele></trkpt><trkpt lat="46.10017750505358" lon="7.160083459690213"><ele>1403.1999816894531</ele></trkpt><trkpt lat="46.09994092350826" lon="7.160084671806544"><ele>1398.1999816894531</ele></trkpt><trkpt lat="46.09976543718949" lon="7.160055828746408"><ele>1394.0999755859375</ele></trkpt><trkpt lat="46.09958544373512" lon="7.1600231300108135"><ele>1390.5999755859375</ele></trkpt><trkpt lat="46.09942795522511" lon="7.159996781498194"><ele>1387.7999877929688</ele></trkpt><trkpt lat="46.099285438191146" lon="7.159841046202928"><ele>1385.7999877929688</ele></trkpt><trkpt lat="46.099130301736295" lon="7.159675031434745"><ele>1384.0</ele></trkpt><trkpt lat="46.09918848518282" lon="7.159921715036035"><ele>1380.8999938964844</ele></trkpt><trkpt lat="46.099269438534975" lon="7.160282075405121"><ele>1376.0</ele></trkpt><trkpt lat="46.09937519719824" lon="7.160488429944962"><ele>1371.0999755859375</ele></trkpt><trkpt lat="46.099513467401266" lon="7.160746343899518"><ele>1367.0999755859375</ele></trkpt><trkpt lat="46.099660460371524" lon="7.160894299857318"><ele>1363.1999816894531</ele></trkpt><trkpt lat="46.099871480837464" lon="7.161106585059315"><ele>1358.0999755859375</ele></trkpt><trkpt lat="46.10002494556829" lon="7.161325631663203"><ele>1352.1999816894531</ele></trkpt><trkpt lat="46.10010916739702" lon="7.1615540836937726"><ele>1345.8999938964844</ele></trkpt><trkpt lat="46.10024230135605" lon="7.161919359117746"><ele>1339.0</ele></trkpt><trkpt lat="46.10029697371647" lon="7.162203568033874"><ele>1332.8999938964844</ele></trkpt><trkpt lat="46.100072340574116" lon="7.162308159749955"><ele>1327.5999755859375</ele></trkpt><trkpt lat="46.099894146900624" lon="7.162275443784893"><ele>1323.0</ele></trkpt><trkpt lat="46.0997303519398" lon="7.162245241459459"><ele>1319.0999755859375</ele></trkpt><trkpt lat="46.09960495540872" lon="7.162465707398951"><ele>1315.6999816894531</ele></trkpt><trkpt lat="46.099441478960216" lon="7.162564814090729"><ele>1312.7999877929688</ele></trkpt><trkpt lat="46.09927349863574" lon="7.1626613568514585"><ele>1310.5</ele></trkpt><trkpt lat="46.09910642076284" lon="7.162759187165648"><ele>1308.5</ele></trkpt><trkpt lat="46.09894024254754" lon="7.162857012823224"><ele>1306.5999755859375</ele></trkpt><trkpt lat="46.098801215644926" lon="7.163021940737963"><ele>1304.6999816894531</ele></trkpt><trkpt lat="46.09868909884244" lon="7.163155697286129"><ele>1303.5</ele></trkpt><trkpt lat="46.098749068100005" lon="7.16339978761971"><ele>1303.0</ele></trkpt><trkpt lat="46.098809036426246" lon="7.163643878418952"><ele>1302.2999877929688</ele></trkpt><trkpt lat="46.098888993728906" lon="7.163969333283603"><ele>1301.0999755859375</ele></trkpt><trkpt lat="46.09885323327035" lon="7.164060030598193"><ele>1299.8999938964844</ele></trkpt><trkpt lat="46.098737412597984" lon="7.16415113164112"><ele>1298.5</ele></trkpt><trkpt lat="46.098577450960875" lon="7.164216593839228"><ele>1296.5999755859375</ele></trkpt><trkpt lat="46.098577450960875" lon="7.164216593839228"><ele>1296.5999755859375</ele></trkpt><trkpt lat="46.098577450960875" lon="7.164216593839228"><ele>1296.5999755859375</ele></trkpt><trkpt lat="46.098577450960875" lon="7.164216593839228"><ele>1296.5999755859375</ele></trkpt><trkpt lat="46.098577450960875" lon="7.164216593839228"><ele>1296.5999755859375</ele></trkpt><trkpt lat="46.098577450960875" lon="7.164216593839228"><ele>1296.5999755859375</ele></trkpt><trkpt lat="46.09839850058779" lon="7.164242065511644"><ele>1294.5999755859375</ele></trkpt><trkpt lat="46.09821685496718" lon="7.164268843829632"><ele>1292.6999816894531</ele></trkpt><trkpt lat="46.09809814905748" lon="7.164283666759729"><ele>1291.0</ele></trkpt><trkpt lat="46.09791822079569" lon="7.164276816416532"><ele>1289.0</ele></trkpt><trkpt lat="46.09778327541426" lon="7.164272324647754"><ele>1286.6999816894531</ele></trkpt><trkpt lat="46.097605066839606" lon="7.164233138784766"><ele>1283.6999816894531</ele></trkpt><trkpt lat="46.09743045922369" lon="7.164195228368044"><ele>1280.0</ele></trkpt><trkpt lat="46.09714424749836" lon="7.164133313111961"><ele>1275.7999877929688</ele></trkpt><trkpt lat="46.09699135553092" lon="7.16414701519534"><ele>1272.2999877929688</ele></trkpt><trkpt lat="46.09691148530692" lon="7.1642250013537705"><ele>1269.5</ele></trkpt><trkpt lat="46.096947229932994" lon="7.164496360346675"><ele>1266.1999816894531</ele></trkpt><trkpt lat="46.09702426195145" lon="7.164730013348162"><ele>1262.2999877929688</ele></trkpt><trkpt lat="46.097083169966936" lon="7.164909450337291"><ele>1258.7999877929688</ele></trkpt><trkpt lat="46.09713235264644" lon="7.165158761199564"><ele>1255.5</ele></trkpt><trkpt lat="46.097174257040024" lon="7.16537448996678"><ele>1252.1999816894531</ele></trkpt><trkpt lat="46.09719297057018" lon="7.165671798400581"><ele>1249.7999877929688</ele></trkpt><trkpt lat="46.0971505031921" lon="7.165594428312033"><ele>1248.7999877929688</ele></trkpt><trkpt lat="46.09714808687568" lon="7.1657108147628605"><ele>1246.6999816894531</ele></trkpt><trkpt lat="46.09722092887387" lon="7.1660725036635995"><ele>1242.0999755859375</ele></trkpt><trkpt lat="46.097358412109315" lon="7.166382147464901"><ele>1237.5999755859375</ele></trkpt><trkpt lat="46.097338997758925" lon="7.166537411510944"><ele>1234.3999938964844</ele></trkpt><trkpt lat="46.09718006523326" lon="7.1666571674868464"><ele>1231.3999938964844</ele></trkpt><trkpt lat="46.09702023677528" lon="7.166778220795095"><ele>1228.2999877929688</ele></trkpt><trkpt lat="46.096890036482364" lon="7.166875849943608"><ele>1225.3999938964844</ele></trkpt><trkpt lat="46.09671200392768" lon="7.166909066028893"><ele>1222.0999755859375</ele></trkpt><trkpt lat="46.096533071715385" lon="7.166942285839468"><ele>1218.1999816894531</ele></trkpt><trkpt lat="46.09635503543541" lon="7.166974208317697"><ele>1214.7999877929688</ele></trkpt><trkpt lat="46.09624444087967" lon="7.166995448991656"><ele>1211.7999877929688</ele></trkpt><trkpt lat="46.09606886608526" lon="7.166929088532925"><ele>1208.0</ele></trkpt><trkpt lat="46.09587348205969" lon="7.166855069343001"><ele>1203.7999877929688</ele></trkpt><trkpt lat="46.09569637384266" lon="7.166898624040186"><ele>1200.0999755859375</ele></trkpt><trkpt lat="46.095519268885255" lon="7.166943471413106"><ele>1196.5</ele></trkpt><trkpt lat="46.09534306032583" lon="7.166987020988017"><ele>1192.5</ele></trkpt><trkpt lat="46.09519588993862" lon="7.167135159019381"><ele>1188.1999816894531</ele></trkpt><trkpt lat="46.095051418524235" lon="7.167283282149583"><ele>1184.1999816894531</ele></trkpt><trkpt lat="46.094930266495794" lon="7.1674028425477445"><ele>1180.5999755859375</ele></trkpt><trkpt lat="46.094770424533635" lon="7.167518716771156"><ele>1176.7999877929688</ele></trkpt><trkpt lat="46.09460788033903" lon="7.167633309960365"><ele>1173.0</ele></trkpt><trkpt lat="46.09444713871926" lon="7.167749186977744"><ele>1169.5</ele></trkpt><trkpt lat="46.094286393374205" lon="7.167863770388067"><ele>1166.2999877929688</ele></trkpt><trkpt lat="46.09418491879478" lon="7.167936682701111"><ele>1163.5999755859375</ele></trkpt><trkpt lat="46.093978489749134" lon="7.168131656944752"><ele>1160.3999938964844</ele></trkpt><trkpt lat="46.09385750815272" lon="7.1683223261497915"><ele>1156.7999877929688</ele></trkpt><trkpt lat="46.09373742574826" lon="7.168512989766896"><ele>1153.8999938964844</ele></trkpt><trkpt lat="46.093646900728345" lon="7.168650493957102"><ele>1151.1999816894531</ele></trkpt><trkpt lat="46.093542460817844" lon="7.168987183831632"><ele>1147.7999877929688</ele></trkpt><trkpt lat="46.09350446239114" lon="7.169271824881434"><ele>1144.2999877929688</ele></trkpt><trkpt lat="46.093360875267535" lon="7.16941476194188"><ele>1141.0</ele></trkpt><trkpt lat="46.093283171765506" lon="7.169647879432887"><ele>1138.0</ele></trkpt><trkpt lat="46.09320903522894" lon="7.1698680492118"><ele>1135.0999755859375</ele></trkpt><trkpt lat="46.09320903522894" lon="7.1698680492118"><ele>1135.0999755859375</ele></trkpt><trkpt lat="46.09320903522894" lon="7.1698680492118"><ele>1135.0999755859375</ele></trkpt><trkpt lat="46.09320903522894" lon="7.1698680492118"><ele>1135.0999755859375</ele></trkpt><trkpt lat="46.09320903522894" lon="7.1698680492118"><ele>1135.0999755859375</ele></trkpt><trkpt lat="46.09320903522894" lon="7.1698680492118"><ele>1135.0999755859375</ele></trkpt><trkpt lat="46.09315114887431" lon="7.170112703926861"><ele>1132.5999755859375</ele></trkpt><trkpt lat="46.093111073598266" lon="7.170282279141247"><ele>1130.2999877929688</ele></trkpt><trkpt lat="46.09312608046457" lon="7.1705395029857755"><ele>1127.5999755859375</ele></trkpt><trkpt lat="46.09314198931679" lon="7.170798015780747"><ele>1124.1999816894531</ele></trkpt><trkpt lat="46.09315699478611" lon="7.171055240090936"><ele>1120.6999816894531</ele></trkpt><trkpt lat="46.09317845990881" lon="7.171380959451199"><ele>1117.1999816894531</ele></trkpt><trkpt lat="46.093238410539925" lon="7.171625033952296"><ele>1112.8999938964844</ele></trkpt><trkpt lat="46.093312912620604" lon="7.171936270780861"><ele>1107.8999938964844</ele></trkpt><trkpt lat="46.09335219115019" lon="7.172188205178827"><ele>1103.5</ele></trkpt><trkpt lat="46.09339147200808" lon="7.172441433183849"><ele>1099.8999938964844</ele></trkpt><trkpt lat="46.09343344764784" lon="7.17269335500896"><ele>1096.2999877929688</ele></trkpt><trkpt lat="46.09347734134644" lon="7.1729956939816475"><ele>1092.6999816894531</ele></trkpt><trkpt lat="46.09353908477351" lon="7.173238469753414"><ele>1089.5999755859375</ele></trkpt><trkpt lat="46.09360082773492" lon="7.173481245990843"><ele>1086.8999938964844</ele></trkpt><trkpt lat="46.09366346988827" lon="7.1737240185029805"><ele>1084.3999938964844</ele></trkpt><trkpt lat="46.093704333063215" lon="7.1738867331296206"><ele>1082.0999755859375</ele></trkpt><trkpt lat="46.0937283243984" lon="7.1741426242515445"><ele>1079.5999755859375</ele></trkpt><trkpt lat="46.09375141840428" lon="7.174399813171476"><ele>1076.5</ele></trkpt><trkpt lat="46.09378742100671" lon="7.17479140823707"><ele>1072.7999877929688</ele></trkpt><trkpt lat="46.09378836164251" lon="7.175192224793136"><ele>1068.8999938964844</ele></trkpt><trkpt lat="46.09384318254888" lon="7.17555399145931"><ele>1066.5</ele></trkpt><trkpt lat="46.09392647957429" lon="7.175783738028258"><ele>1064.6999816894531</ele></trkpt><trkpt lat="46.09405143978074" lon="7.176134823821485"><ele>1063.0999755859375</ele></trkpt><trkpt lat="46.094026463571936" lon="7.176225452683866"><ele>1062.0999755859375</ele></trkpt><trkpt lat="46.09396349499002" lon="7.176225756760687"><ele>1060.5999755859375</ele></trkpt><trkpt lat="46.09380910452455" lon="7.176368728745729"><ele>1057.5</ele></trkpt><trkpt lat="46.093774444423616" lon="7.176549911499023"><ele>1054.5</ele></trkpt><trkpt lat="46.093857443891466" lon="7.176652948837727"><ele>1051.5999755859375</ele></trkpt><trkpt lat="46.09402049612254" lon="7.176753014791757"><ele>1048.1999816894531</ele></trkpt><trkpt lat="46.09418625058606" lon="7.1768543613143265"><ele>1044.7999877929688</ele></trkpt><trkpt lat="46.09435200178996" lon="7.176954415161163"><ele>1041.5999755859375</ele></trkpt><trkpt lat="46.09446730883792" lon="7.177024974022061"><ele>1038.5</ele></trkpt><trkpt lat="46.094621459022164" lon="7.177165167871863"><ele>1035.1999816894531</ele></trkpt><trkpt lat="46.09482790902257" lon="7.177359416615218"><ele>1031.2999877929688</ele></trkpt><trkpt lat="46.09497040975839" lon="7.177519062999636"><ele>1027.7999877929688</ele></trkpt><trkpt lat="46.095111111178994" lon="7.177678719162941"><ele>1024.5999755859375</ele></trkpt><trkpt lat="46.095255410298705" lon="7.17783835856244"><ele>1021.0999755859375</ele></trkpt><trkpt lat="46.095394312404096" lon="7.177998024970293"><ele>1016.8999938964844</ele></trkpt><trkpt lat="46.09560445789248" lon="7.178234931547195"><ele>1012.5</ele></trkpt><trkpt lat="46.0955947721377" lon="7.178325488232076"><ele>1009.0999755859375</ele></trkpt><trkpt lat="46.09541488904506" lon="7.1783379865810275"><ele>1005.1999816894531</ele></trkpt><trkpt lat="46.09518103860319" lon="7.178353329189122"><ele>1000.3999938964844</ele></trkpt><trkpt lat="46.09500549454242" lon="7.178297277074307"><ele>996.2999877929688</ele></trkpt><trkpt lat="46.09482995001599" lon="7.178241225890815"><ele>993.0</ele></trkpt><trkpt lat="46.094654405955225" lon="7.178185174707323"><ele>989.6999816894531</ele></trkpt><trkpt lat="46.0944788614288" lon="7.178129123989493"><ele>986.6999816894531</ele></trkpt><trkpt lat="46.09434382710606" lon="7.178085809573531"><ele>983.5999755859375</ele></trkpt><trkpt lat="46.09406496677548" lon="7.178087146021426"><ele>980.0</ele></trkpt><trkpt lat="46.09406496677548" lon="7.178087146021426"><ele>980.0</ele></trkpt><trkpt lat="46.09406496677548" lon="7.178087146021426"><ele>980.0</ele></trkpt><trkpt lat="46.09406496677548" lon="7.178087146021426"><ele>980.0</ele></trkpt><trkpt lat="46.09406496677548" lon="7.178087146021426"><ele>980.0</ele></trkpt><trkpt lat="46.09406496677548" lon="7.178087146021426"><ele>980.0</ele></trkpt><trkpt lat="46.093886028043926" lon="7.178119034506381"><ele>976.6999816894531</ele></trkpt><trkpt lat="46.09368730569258" lon="7.178153604269028"><ele>974.0999755859375</ele></trkpt><trkpt lat="46.09350998373702" lon="7.178106613922864"><ele>972.1999816894531</ele></trkpt><trkpt lat="46.093399269972" lon="7.17807740624994"><ele>970.7999877929688</ele></trkpt><trkpt lat="46.09336343826726" lon="7.178142226301134"><ele>969.7999877929688</ele></trkpt><trkpt lat="46.09352741623297" lon="7.17825392819941"><ele>968.5999755859375</ele></trkpt><trkpt lat="46.09366076812148" lon="7.178347676061094"><ele>967.5</ele></trkpt><trkpt lat="46.09381420025602" lon="7.178566746413708"><ele>966.5</ele></trkpt><trkpt lat="46.09381434973329" lon="7.178631394170225"><ele>965.8999938964844</ele></trkpt><trkpt lat="46.09376241546124" lon="7.178735080640763"><ele>965.3999938964844</ele></trkpt><trkpt lat="46.09366346523166" lon="7.178735553752631"><ele>964.7999877929688</ele></trkpt><trkpt lat="46.09363548923284" lon="7.178696898277849"><ele>964.5</ele></trkpt><trkpt lat="46.09361848793924" lon="7.178735768888146"><ele>965.0999755859375</ele></trkpt><trkpt lat="46.09368046512827" lon="7.17908457480371"><ele>966.7999877929688</ele></trkpt><trkpt lat="46.093779833521694" lon="7.179265116341412"><ele>968.2999877929688</ele></trkpt><trkpt lat="46.09378046076745" lon="7.179536637850106"><ele>968.5999755859375</ele></trkpt><trkpt lat="46.09360143262893" lon="7.179529733490199"><ele>968.2999877929688</ele></trkpt><trkpt lat="46.093457493465394" lon="7.179525247775018"><ele>968.1999816894531</ele></trkpt><trkpt lat="46.09327947860584" lon="7.179567471146584"><ele>968.5</ele></trkpt><trkpt lat="46.09306999761611" lon="7.17961760237813"><ele>968.8999938964844</ele></trkpt><trkpt lat="46.09291105531156" lon="7.179738604463637"><ele>968.7999877929688</ele></trkpt><trkpt lat="46.09271080465987" lon="7.179890833329409"><ele>968.3999938964844</ele></trkpt><trkpt lat="46.09265698073432" lon="7.179955736733973"><ele>968.0999755859375</ele></trkpt><trkpt lat="46.092630381695926" lon="7.180123946163803"><ele>968.0999755859375</ele></trkpt><trkpt lat="46.09257841622457" lon="7.180214699357748"><ele>968.0</ele></trkpt><trkpt lat="46.092361201532185" lon="7.180422602687031"><ele>966.8999938964844</ele></trkpt><trkpt lat="46.09219045378268" lon="7.180495817679912"><ele>965.1999816894531</ele></trkpt><trkpt lat="46.0920161078684" lon="7.18056904990226"><ele>963.1999816894531</ele></trkpt><trkpt lat="46.09184445720166" lon="7.180640975479037"><ele>960.5</ele></trkpt><trkpt lat="46.09167101047933" lon="7.18071420211345"><ele>957.1999816894531</ele></trkpt><trkpt lat="46.09152542287484" lon="7.180775659624487"><ele>953.8999938964844</ele></trkpt><trkpt lat="46.09134831279516" lon="7.180820459034294"><ele>951.5</ele></trkpt><trkpt lat="46.0912107587792" lon="7.180854727048427"><ele>949.6999816894531</ele></trkpt><trkpt lat="46.091045464389026" lon="7.1809524786658585"><ele>948.1999816894531</ele></trkpt><trkpt lat="46.090923288837075" lon="7.181024167686701"><ele>946.2999877929688</ele></trkpt><trkpt lat="46.09077700320631" lon="7.1811735443770885"><ele>943.5999755859375</ele></trkpt><trkpt lat="46.09061815356836" lon="7.181335908826441"><ele>940.5999755859375</ele></trkpt><trkpt lat="46.0904954187572" lon="7.181556281633675"><ele>938.3999938964844</ele></trkpt><trkpt lat="46.09045044425875" lon="7.181557787116617"><ele>937.5</ele></trkpt><trkpt lat="46.090422466397285" lon="7.181517839431763"><ele>937.0</ele></trkpt><trkpt lat="46.09042936656624" lon="7.1813885173760355"><ele>936.0</ele></trkpt><trkpt lat="46.09051249641925" lon="7.181157988496125"><ele>934.6999816894531</ele></trkpt><trkpt lat="46.090593829751015" lon="7.1809287602081895"><ele>933.3999938964844</ele></trkpt><trkpt lat="46.09069840842858" lon="7.180637361481786"><ele>932.0999755859375</ele></trkpt><trkpt lat="46.09084980748594" lon="7.180365133099258"><ele>931.0</ele></trkpt><trkpt lat="46.09086747094989" lon="7.180222829803824"><ele>930.2999877929688</ele></trkpt><trkpt lat="46.09100110735744" lon="7.180050237569958"><ele>929.2999877929688</ele></trkpt><trkpt lat="46.09111949848011" lon="7.179898403584957"><ele>928.0</ele></trkpt><trkpt lat="46.091136142611504" lon="7.1797043876722455"><ele>927.2999877929688</ele></trkpt><trkpt lat="46.09112025704235" lon="7.179447174537927"><ele>927.3999938964844</ele></trkpt><trkpt lat="46.09110808186233" lon="7.179239074233919"><ele>926.8999938964844</ele></trkpt><trkpt lat="46.09113717824221" lon="7.1789842317812145"><ele>926.3999938964844</ele></trkpt><trkpt lat="46.0911609781906" lon="7.1787733738310635"><ele>927.2999877929688</ele></trkpt><trkpt lat="46.090981053654104" lon="7.178767769597471"><ele>926.1999816894531</ele></trkpt><trkpt lat="46.09080112911761" lon="7.178762164898217"><ele>922.8999938964844</ele></trkpt><trkpt lat="46.09062219038606" lon="7.178794049657881"><ele>919.8999938964844</ele></trkpt><trkpt lat="46.09062219038606" lon="7.178794049657881"><ele>919.8999938964844</ele></trkpt><trkpt lat="46.09062219038606" lon="7.178794049657881"><ele>919.8999938964844</ele></trkpt><trkpt lat="46.09062219038606" lon="7.178794049657881"><ele>919.8999938964844</ele></trkpt><trkpt lat="46.09062219038606" lon="7.178794049657881"><ele>919.8999938964844</ele></trkpt><trkpt lat="46.09062219038606" lon="7.178794049657881"><ele>919.8999938964844</ele></trkpt><trkpt lat="46.090444148518145" lon="7.178824637085199"><ele>917.3999938964844</ele></trkpt><trkpt lat="46.09027150366455" lon="7.178855198435485"><ele>915.1999816894531</ele></trkpt><trkpt lat="46.09009714378044" lon="7.17892196867615"><ele>912.6999816894531</ele></trkpt><trkpt lat="46.08992278389633" lon="7.178988738451153"><ele>909.8999938964844</ele></trkpt><trkpt lat="46.08974932320416" lon="7.179055503569543"><ele>907.1999816894531</ele></trkpt><trkpt lat="46.08957496332005" lon="7.179122272413224"><ele>904.5999755859375</ele></trkpt><trkpt lat="46.08940150262788" lon="7.179189036600292"><ele>901.8999938964844</ele></trkpt><trkpt lat="46.08922804193571" lon="7.179255800321698"><ele>899.2999877929688</ele></trkpt><trkpt lat="46.08905548090115" lon="7.179322559386492"><ele>897.0</ele></trkpt><trkpt lat="46.088940436951816" lon="7.179365772288293"><ele>894.8999938964844</ele></trkpt><trkpt lat="46.08877243055031" lon="7.179457073099911"><ele>892.7999877929688</ele></trkpt><trkpt lat="46.08860442042351" lon="7.179547080770135"><ele>890.2999877929688</ele></trkpt><trkpt lat="46.08843641355634" lon="7.179638380650431"><ele>887.6999816894531</ele></trkpt><trkpt lat="46.08826750423759" lon="7.179728391114622"><ele>885.3999938964844</ele></trkpt><trkpt lat="46.088140822947025" lon="7.179796222131699"><ele>884.0999755859375</ele></trkpt><trkpt lat="46.088061484042555" lon="7.179719029925764"><ele>884.0</ele></trkpt><trkpt lat="46.088013991713524" lon="7.1794089754112065"><ele>884.0999755859375</ele></trkpt><trkpt lat="46.08795150462538" lon="7.179228276479989"><ele>883.8999938964844</ele></trkpt><trkpt lat="46.087787999305874" lon="7.1789317056536674"><ele>883.6999816894531</ele></trkpt><trkpt lat="46.08768839063123" lon="7.178647759370506"><ele>883.2999877929688</ele></trkpt><trkpt lat="46.0876609547995" lon="7.178453966509551"><ele>882.7999877929688</ele></trkpt><trkpt lat="46.08754445472732" lon="7.178256721701473"><ele>881.6999816894531</ele></trkpt><trkpt lat="46.08740809187293" lon="7.178028545342386"><ele>880.2999877929688</ele></trkpt><trkpt lat="46.087346472311765" lon="7.177834917791188"><ele>879.0</ele></trkpt><trkpt lat="46.08722815196961" lon="7.17801647959277"><ele>877.7999877929688</ele></trkpt><trkpt lat="46.0871944190003" lon="7.178210563957691"><ele>876.7999877929688</ele></trkpt><trkpt lat="46.08720491360873" lon="7.178469076752663"><ele>876.1999816894531</ele></trkpt><trkpt lat="46.087220954243094" lon="7.1787922042422"><ele>875.2999877929688</ele></trkpt><trkpt lat="46.087268508039415" lon="7.17912810947746"><ele>874.0</ele></trkpt><trkpt lat="46.0872402000241" lon="7.179335095454007"><ele>872.5</ele></trkpt><trkpt lat="46.08706026338041" lon="7.179324318189174"><ele>870.2999877929688</ele></trkpt><trkpt lat="46.0868353433907" lon="7.1793111697770655"><ele>867.7999877929688</ele></trkpt><trkpt lat="46.08665891550481" lon="7.179261591751128"><ele>865.2999877929688</ele></trkpt><trkpt lat="46.08648249041289" lon="7.1792133073322475"><ele>862.8999938964844</ele></trkpt><trkpt lat="46.08624125318602" lon="7.179145940113813"><ele>860.2999877929688</ele></trkpt><trkpt lat="46.08606323227286" lon="7.179185573477298"><ele>857.8999938964844</ele></trkpt><trkpt lat="46.08588520810008" lon="7.1792239136993885"><ele>855.3999938964844</ele></trkpt><trkpt lat="46.085708086844534" lon="7.1792635419406"><ele>852.8999938964844</ele></trkpt><trkpt lat="46.085521972738206" lon="7.179304506164044"><ele>851.0</ele></trkpt><trkpt lat="46.08552976604551" lon="7.17956302408129"><ele>849.7999877929688</ele></trkpt><trkpt lat="46.0855384580791" lon="7.179821537807584"><ele>849.0999755859375</ele></trkpt><trkpt lat="46.085542443208396" lon="7.179989580065012"><ele>847.6999816894531</ele></trkpt><trkpt lat="46.085298993159086" lon="7.180132942739874"><ele>845.1999816894531</ele></trkpt><trkpt lat="46.085145473945886" lon="7.180265535134822"><ele>842.6999816894531</ele></trkpt><trkpt lat="46.0849892529659" lon="7.180396846495569"><ele>840.5999755859375</ele></trkpt><trkpt lat="46.08483483409509" lon="7.1805294416844845"><ele>838.3999938964844</ele></trkpt><trkpt lat="46.084680411498994" lon="7.180660742800683"><ele>836.0999755859375</ele></trkpt><trkpt lat="46.08452509250492" lon="7.180793340783566"><ele>833.5999755859375</ele></trkpt><trkpt lat="46.08452509250492" lon="7.180793340783566"><ele>833.5999755859375</ele></trkpt><trkpt lat="46.08452509250492" lon="7.180793340783566"><ele>833.5999755859375</ele></trkpt><trkpt lat="46.08452509250492" lon="7.180793340783566"><ele>833.5999755859375</ele></trkpt><trkpt lat="46.08452509250492" lon="7.180793340783566"><ele>833.5999755859375</ele></trkpt><trkpt lat="46.08452509250492" lon="7.180793340783566"><ele>833.5999755859375</ele></trkpt><trkpt lat="46.084372468758374" lon="7.1809246321208775"><ele>830.6999816894531</ele></trkpt><trkpt lat="46.084140833467245" lon="7.1811209339648485"><ele>827.7999877929688</ele></trkpt><trkpt lat="46.083971014246345" lon="7.18120705941692"><ele>825.0999755859375</ele></trkpt><trkpt lat="46.08380209794268" lon="7.1812944719567895"><ele>822.2999877929688</ele></trkpt><trkpt lat="46.08363227872178" lon="7.181380596011877"><ele>819.6999816894531</ele></trkpt><trkpt lat="46.08346245950088" lon="7.181466719601303"><ele>817.5</ele></trkpt><trkpt lat="46.08332319231704" lon="7.1815384780056775"><ele>815.5</ele></trkpt><trkpt lat="46.083207475952804" lon="7.1816812246106565"><ele>814.1999816894531</ele></trkpt><trkpt lat="46.08325179060921" lon="7.181784432847053"><ele>814.0999755859375</ele></trkpt><trkpt lat="46.08331478852779" lon="7.181797062512487"><ele>814.3999938964844</ele></trkpt><trkpt lat="46.08329691551626" lon="7.181848855689168"><ele>813.0</ele></trkpt><trkpt lat="46.08317115623504" lon="7.181927012745291"><ele>810.7999877929688</ele></trkpt><trkpt lat="46.08303622389212" lon="7.181927650235593"><ele>810.0</ele></trkpt><trkpt lat="46.08282991871238" lon="7.182187166530639"><ele>807.6999816894531</ele></trkpt><trkpt lat="46.082596419844776" lon="7.182356319855899"><ele>804.1999816894531</ele></trkpt><trkpt lat="46.08257143897936" lon="7.182446926832199"><ele>802.6999816894531</ele></trkpt><trkpt lat="46.08273226581514" lon="7.182756419293582"><ele>802.3999938964844</ele></trkpt><trkpt lat="46.08273345977068" lon="7.182885685004294"><ele>802.0999755859375</ele></trkpt><trkpt lat="46.082565447781235" lon="7.18297567171976"><ele>800.5</ele></trkpt><trkpt lat="46.08239114424214" lon="7.183068273123354"><ele>798.0</ele></trkpt><trkpt lat="46.082292487844825" lon="7.183198006823659"><ele>795.7999877929688</ele></trkpt><trkpt lat="46.082294463180006" lon="7.183275559451431"><ele>793.6999816894531</ele></trkpt><trkpt lat="46.082423503510654" lon="7.183453345671296"><ele>791.2999877929688</ele></trkpt><trkpt lat="46.08250923035666" lon="7.183571871835738"><ele>789.5999755859375</ele></trkpt><trkpt lat="46.082716478034854" lon="7.183726024348289"><ele>788.6999816894531</ele></trkpt><trkpt lat="46.082870417740196" lon="7.18377701099962"><ele>788.1999816894531</ele></trkpt><trkpt lat="46.08289842121303" lon="7.1838285881094635"><ele>788.0999755859375</ele></trkpt><trkpt lat="46.08284347038716" lon="7.1841908055357635"><ele>788.1999816894531</ele></trkpt><trkpt lat="46.08272688090801" lon="7.184346476569772"><ele>787.8999938964844</ele></trkpt><trkpt lat="46.082537858746946" lon="7.18429565243423"><ele>786.3999938964844</ele></trkpt><trkpt lat="46.08233246905729" lon="7.1841673431918025"><ele>784.8999938964844</ele></trkpt><trkpt lat="46.08221372868866" lon="7.1841678991913795"><ele>784.6999816894531</ele></trkpt><trkpt lat="46.082159873563796" lon="7.1842198595404625"><ele>786.8999938964844</ele></trkpt><trkpt lat="46.082098450511694" lon="7.184504541102797"><ele>794.2999877929688</ele></trkpt><trkpt lat="46.08189146965742" lon="7.184466729871929"><ele>805.8999938964844</ele></trkpt><trkpt lat="46.081647460348904" lon="7.18436445761472"><ele>817.5</ele></trkpt><trkpt lat="46.08145873295143" lon="7.184442902449518"><ele>826.1999816894531</ele></trkpt><trkpt lat="46.081423475872725" lon="7.1843655072152615"><ele>829.8999938964844</ele></trkpt><trkpt lat="46.08126308443025" lon="7.184246039018035"><ele>831.2999877929688</ele></trkpt><trkpt lat="46.081098183523864" lon="7.184121422003955"><ele>832.6999816894531</ele></trkpt><trkpt lat="46.08095121756196" lon="7.183972160797566"><ele>834.3999938964844</ele></trkpt><trkpt lat="46.08071949472651" lon="7.183735396713018"><ele>836.2999877929688</ele></trkpt><trkpt lat="46.080557321198285" lon="7.1836236962117255"><ele>837.7999877929688</ele></trkpt><trkpt lat="46.08039514441043" lon="7.18351070350036"><ele>838.6999816894531</ele></trkpt><trkpt lat="46.08023297088221" lon="7.18339900393039"><ele>839.2999877929688</ele></trkpt><trkpt lat="46.080124855041504" lon="7.183324538171291"><ele>839.8999938964844</ele></trkpt><trkpt lat="46.08001105627045" lon="7.183124712668359"><ele>839.8999938964844</ele></trkpt><trkpt lat="46.07989725377411" lon="7.182923594955355"><ele>839.0999755859375</ele></trkpt><trkpt lat="46.07978345407173" lon="7.182723770849407"><ele>837.7999877929688</ele></trkpt><trkpt lat="46.07970035960898" lon="7.182576801162213"><ele>836.1999816894531</ele></trkpt><trkpt lat="46.07957041449845" lon="7.182397736236453"><ele>834.2999877929688</ele></trkpt><trkpt lat="46.07944046333432" lon="7.18221608735621"><ele>832.5</ele></trkpt><trkpt lat="46.07944046333432" lon="7.18221608735621"><ele>832.5</ele></trkpt><trkpt lat="46.07944046333432" lon="7.18221608735621"><ele>832.5</ele></trkpt><trkpt lat="46.07944046333432" lon="7.18221608735621"><ele>832.5</ele></trkpt><trkpt lat="46.07944046333432" lon="7.18221608735621"><ele>832.5</ele></trkpt><trkpt lat="46.07944046333432" lon="7.18221608735621"><ele>832.5</ele></trkpt><trkpt lat="46.07935732090846" lon="7.182048437651247"><ele>831.0</ele></trkpt><trkpt lat="46.07928122393787" lon="7.181814830750227"><ele>830.0999755859375</ele></trkpt><trkpt lat="46.079176139552146" lon="7.181493463460356"><ele>829.5999755859375</ele></trkpt><trkpt lat="46.07913598138839" lon="7.1812415909953415"><ele>828.3999938964844</ele></trkpt><trkpt lat="46.07909942092374" lon="7.180989702232182"><ele>826.5</ele></trkpt><trkpt lat="46.07905746251345" lon="7.180737839080393"><ele>824.8999938964844</ele></trkpt><trkpt lat="46.07901640050113" lon="7.180484679993242"><ele>824.0999755859375</ele></trkpt><trkpt lat="46.07897624047473" lon="7.180232809390873"><ele>824.7999877929688</ele></trkpt><trkpt lat="46.078936979640275" lon="7.179980935063213"><ele>825.6999816894531</ele></trkpt><trkpt lat="46.07889681821689" lon="7.179729064926505"><ele>824.8999938964844</ele></trkpt><trkpt lat="46.07885845564306" lon="7.179477186873555"><ele>823.8999938964844</ele></trkpt><trkpt lat="46.078820140101016" lon="7.17924599070102"><ele>823.1999816894531</ele></trkpt><trkpt lat="46.07875301735476" lon="7.179005884099752"><ele>821.2999877929688</ele></trkpt><trkpt lat="46.0786750158295" lon="7.178729637060314"><ele>818.5</ele></trkpt><trkpt lat="46.07856650091708" lon="7.178484559059143"><ele>815.5999755859375</ele></trkpt><trkpt lat="46.07850746344775" lon="7.178240537643433"><ele>812.5999755859375</ele></trkpt><trkpt lat="46.07841210719198" lon="7.177851918619126"><ele>809.1999816894531</ele></trkpt><trkpt lat="46.07840430922806" lon="7.177593434229493"><ele>806.5999755859375</ele></trkpt><trkpt lat="46.07839741045609" lon="7.177334945183247"><ele>805.1999816894531</ele></trkpt><trkpt lat="46.07839342067018" lon="7.177166925277561"><ele>804.0999755859375</ele></trkpt><trkpt lat="46.07834246754646" lon="7.176918989513069"><ele>803.0</ele></trkpt><trkpt lat="46.07829241361469" lon="7.1766710500232875"><ele>801.6999816894531</ele></trkpt><trkpt lat="46.078237818554044" lon="7.1764050363563"><ele>799.7999877929688</ele></trkpt><trkpt lat="46.07827289355919" lon="7.176017085555941"><ele>797.2999877929688</ele></trkpt><trkpt lat="46.07820947095752" lon="7.175823500845581"><ele>794.5999755859375</ele></trkpt><trkpt lat="46.07816930022091" lon="7.175571637228131"><ele>792.0</ele></trkpt><trkpt lat="46.07811818225309" lon="7.17525519663468"><ele>789.5</ele></trkpt><trkpt lat="46.07811397686601" lon="7.174996696412563"><ele>786.6999816894531</ele></trkpt><trkpt lat="46.07811246905476" lon="7.174738182686269"><ele>783.6999816894531</ele></trkpt><trkpt lat="46.078107454348356" lon="7.174518464598805"><ele>781.2999877929688</ele></trkpt><trkpt lat="46.07804405968636" lon="7.174337808042765"><ele>779.1999816894531</ele></trkpt><trkpt lat="46.077924862504005" lon="7.174144497606903"><ele>776.7999877929688</ele></trkpt><trkpt lat="46.0778074641712" lon="7.173951179720461"><ele>774.5999755859375</ele></trkpt><trkpt lat="46.0777099467814" lon="7.173796542920172"><ele>772.3999938964844</ele></trkpt><trkpt lat="46.07763472897932" lon="7.1735616573132575"><ele>769.6999816894531</ele></trkpt><trkpt lat="46.077521435916424" lon="7.173202869948"><ele>766.6999816894531</ele></trkpt><trkpt lat="46.07749744178727" lon="7.172947054728866"><ele>764.0999755859375</ele></trkpt><trkpt lat="46.077484474051744" lon="7.172789421863854"><ele>761.6999816894531</ele></trkpt><trkpt lat="46.07749996101484" lon="7.1724920510314405"><ele>759.0999755859375</ele></trkpt><trkpt lat="46.07745888317004" lon="7.1722401971928775"><ele>756.2999877929688</ele></trkpt><trkpt lat="46.07741780439392" lon="7.171988343819976"><ele>753.2999877929688</ele></trkpt><trkpt lat="46.0775429722853" lon="7.171664582565427"><ele>750.0</ele></trkpt><trkpt lat="46.07760626403615" lon="7.171422556973994"><ele>746.6999816894531</ele></trkpt><trkpt lat="46.07766776904464" lon="7.171185710001737"><ele>743.5999755859375</ele></trkpt><trkpt lat="46.0776599557139" lon="7.1709272298030555"><ele>741.3999938964844</ele></trkpt><trkpt lat="46.07765214238316" lon="7.1706687500700355"><ele>740.3999938964844</ele></trkpt><trkpt lat="46.07764432858676" lon="7.170410270337015"><ele>739.8999938964844</ele></trkpt><trkpt lat="46.07764432858676" lon="7.170410270337015"><ele>739.8999938964844</ele></trkpt><trkpt lat="46.07764432858676" lon="7.170410270337015"><ele>739.8999938964844</ele></trkpt><trkpt lat="46.07764432858676" lon="7.170410270337015"><ele>739.8999938964844</ele></trkpt><trkpt lat="46.07764432858676" lon="7.170410270337015"><ele>739.8999938964844</ele></trkpt><trkpt lat="46.07764432858676" lon="7.170410270337015"><ele>739.8999938964844</ele></trkpt><trkpt lat="46.077638467773795" lon="7.170216410420835"><ele>739.3999938964844</ele></trkpt><trkpt lat="46.07764144754037" lon="7.169957877602428"><ele>738.6999816894531</ele></trkpt><trkpt lat="46.07764172786847" lon="7.169699357822537"><ele>737.8999938964844</ele></trkpt><trkpt lat="46.07764290738851" lon="7.169440833851695"><ele>737.3999938964844</ele></trkpt><trkpt lat="46.077644892502576" lon="7.169143528211862"><ele>737.0</ele></trkpt><trkpt lat="46.07754722004756" lon="7.168926857411861"><ele>736.5999755859375</ele></trkpt><trkpt lat="46.07745044352487" lon="7.168708890210837"><ele>736.1999816894531</ele></trkpt><trkpt lat="46.077351870480925" lon="7.168492225464433"><ele>736.0</ele></trkpt><trkpt lat="46.07725419709459" lon="7.168275556992739"><ele>735.7999877929688</ele></trkpt><trkpt lat="46.07717640930787" lon="7.168098860420287"><ele>735.5</ele></trkpt><trkpt lat="46.07706347666681" lon="7.167896487750113"><ele>735.0999755859375</ele></trkpt><trkpt lat="46.076951446477324" lon="7.167695404030383"><ele>734.8999938964844</ele></trkpt><trkpt lat="46.07683941302821" lon="7.167493028566241"><ele>734.8999938964844</ele></trkpt><trkpt lat="46.07672648271546" lon="7.167291950900108"><ele>734.7999877929688</ele></trkpt><trkpt lat="46.07661444833502" lon="7.16708957683295"><ele>734.5999755859375</ele></trkpt><trkpt lat="46.076502413488925" lon="7.166887203697115"><ele>734.2999877929688</ele></trkpt><trkpt lat="46.07640845421702" lon="7.166719640605152"><ele>734.0999755859375</ele></trkpt><trkpt lat="46.07637032866478" lon="7.166577649302781"><ele>734.0</ele></trkpt><trkpt lat="46.076364304404706" lon="7.166319167241454"><ele>733.6999816894531</ele></trkpt><trkpt lat="46.07636020425707" lon="7.166112378239632"><ele>733.1999816894531</ele></trkpt><trkpt lat="46.07632545661181" lon="7.165879891254008"><ele>732.5</ele></trkpt><trkpt lat="46.07624393189326" lon="7.165647639892995"><ele>731.7999877929688</ele></trkpt><trkpt lat="46.07616420881823" lon="7.165416672360152"><ele>731.3999938964844</ele></trkpt><trkpt lat="46.07608810905367" lon="7.165196028072387"><ele>731.1999816894531</ele></trkpt><trkpt lat="46.07602006010711" lon="7.1649572481401265"><ele>731.0</ele></trkpt><trkpt lat="46.07595200790092" lon="7.164717175997794"><ele>730.5999755859375</ele></trkpt><trkpt lat="46.07588395802304" lon="7.164478397462517"><ele>730.1999816894531</ele></trkpt><trkpt lat="46.07578141242266" lon="7.1641118307597935"><ele>729.7999877929688</ele></trkpt><trkpt lat="46.075741212815046" lon="7.163858694955707"><ele>729.2999877929688</ele></trkpt><trkpt lat="46.0757037140429" lon="7.163606837857515"><ele>728.5999755859375</ele></trkpt><trkpt lat="46.07566531188786" lon="7.163353693205863"><ele>728.0</ele></trkpt><trkpt lat="46.075627808924764" lon="7.16310054436326"><ele>727.3999938964844</ele></trkpt><trkpt lat="46.07558940909803" lon="7.162848693318665"><ele>726.7999877929688</ele></trkpt><trkpt lat="46.075535408221185" lon="7.162471544928849"><ele>726.1999816894531</ele></trkpt><trkpt lat="46.075558804906905" lon="7.162109514232725"><ele>725.7999877929688</ele></trkpt><trkpt lat="46.075610369909555" lon="7.16186237661168"><ele>725.6999816894531</ele></trkpt><trkpt lat="46.075661931652576" lon="7.1616139453835785"><ele>725.5</ele></trkpt><trkpt lat="46.0757134957239" lon="7.16136680636555"><ele>725.2999877929688</ele></trkpt><trkpt lat="46.075765958987176" lon="7.161119662690908"><ele>725.5</ele></trkpt><trkpt lat="46.07583440840244" lon="7.160789713263512"><ele>725.8999938964844</ele></trkpt><trkpt lat="46.07587696611881" lon="7.160538741387427"><ele>726.5</ele></trkpt><trkpt lat="46.07592042256147" lon="7.160287764389068"><ele>727.2999877929688</ele></trkpt><trkpt lat="46.075962079223245" lon="7.160036796238273"><ele>728.0</ele></trkpt><trkpt lat="46.076006430666894" lon="7.159784521441907"><ele>728.6999816894531</ele></trkpt><trkpt lat="46.07604718999937" lon="7.159534849692136"><ele>729.0999755859375</ele></trkpt><trkpt lat="46.076123972423375" lon="7.159301795531064"><ele>729.5</ele></trkpt><trkpt lat="46.07620344962925" lon="7.15906743472442"><ele>729.8999938964844</ele></trkpt><trkpt lat="46.07627843180671" lon="7.15883438847959"><ele>730.0</ele></trkpt><trkpt lat="46.07627843180671" lon="7.15883438847959"><ele>730.0</ele></trkpt><trkpt lat="46.07627843180671" lon="7.15883438847959"><ele>730.0</ele></trkpt><trkpt lat="46.07627843180671" lon="7.15883438847959"><ele>730.0</ele></trkpt><trkpt lat="46.07627843180671" lon="7.15883438847959"><ele>730.0</ele></trkpt><trkpt lat="46.07627843180671" lon="7.15883438847959"><ele>730.0</ele></trkpt><trkpt lat="46.076350749935955" lon="7.158615573309362"><ele>729.6999816894531</ele></trkpt><trkpt lat="46.07639475958422" lon="7.15822757827118"><ele>729.0</ele></trkpt><trkpt lat="46.07637847028673" lon="7.158188885077834"><ele>727.8999938964844</ele></trkpt><trkpt lat="46.07644792413339" lon="7.157904163002968"><ele>726.6999816894531</ele></trkpt><trkpt lat="46.07644547848031" lon="7.157645662780851"><ele>726.8999938964844</ele></trkpt><trkpt lat="46.07643737597391" lon="7.157283787149936"><ele>727.7999877929688</ele></trkpt><trkpt lat="46.07647542422637" lon="7.157031540758908"><ele>728.3999938964844</ele></trkpt><trkpt lat="46.07651346921921" lon="7.1567780007608235"><ele>728.7999877929688</ele></trkpt><trkpt lat="46.076552416197956" lon="7.15652574878186"><ele>729.0</ele></trkpt><trkpt lat="46.076578934676945" lon="7.156339481472969"><ele>728.8999938964844</ele></trkpt><trkpt lat="46.07675271574408" lon="7.1564057930372655"><ele>728.1999816894531</ele></trkpt><trkpt lat="46.07692649308592" lon="7.15647081239149"><ele>727.3999938964844</ele></trkpt><trkpt lat="46.07710117381066" lon="7.156537119764835"><ele>726.8999938964844</ele></trkpt><trkpt lat="46.077254242263734" lon="7.156594492029399"><ele>726.3999938964844</ele></trkpt><trkpt lat="46.07743243640289" lon="7.15662717493251"><ele>726.0</ele></trkpt><trkpt lat="46.077612429857254" lon="7.156659848522395"><ele>725.5</ele></trkpt><trkpt lat="46.0777897243388" lon="7.15669253654778"><ele>725.0999755859375</ele></trkpt><trkpt lat="46.077967918943614" lon="7.156725220382214"><ele>724.6999816894531</ele></trkpt><trkpt lat="46.07814521342516" lon="7.156757908407599"><ele>724.0999755859375</ele></trkpt><trkpt lat="46.07839718321338" lon="7.15679538063705"><ele>723.5999755859375</ele></trkpt><trkpt lat="46.07848704000935" lon="7.1567561365664005"><ele>723.2999877929688</ele></trkpt><trkpt lat="46.07853179005906" lon="7.156665421556681"><ele>723.0</ele></trkpt><trkpt lat="46.07854103576392" lon="7.15640685101971"><ele>722.6999816894531</ele></trkpt><trkpt lat="46.078550283797085" lon="7.156149573158473"><ele>722.3999938964844</ele></trkpt><trkpt lat="46.07855702145025" lon="7.1559672793373466"><ele>722.1999816894531</ele></trkpt><trkpt lat="46.078610147349536" lon="7.15563092334196"><ele>721.5999755859375</ele></trkpt><trkpt lat="46.07868348620832" lon="7.155462501570582"><ele>720.8999938964844</ele></trkpt><trkpt lat="46.07880174322054" lon="7.155270577874035"><ele>719.8999938964844</ele></trkpt><trkpt lat="46.07892179582268" lon="7.155077351257205"><ele>718.6999816894531</ele></trkpt><trkpt lat="46.07901317998767" lon="7.1549308081157506"><ele>717.1999816894531</ele></trkpt><trkpt lat="46.079067430924624" lon="7.154684925917536"><ele>715.1999816894531</ele></trkpt><trkpt lat="46.07906587701291" lon="7.154426408465952"><ele>712.7999877929688</ele></trkpt><trkpt lat="46.07906489446759" lon="7.154038625769317"><ele>710.6999816894531</ele></trkpt><trkpt lat="46.079091847874224" lon="7.154025558382273"><ele>710.1999816894531</ele></trkpt><trkpt lat="46.07905498100445" lon="7.153676742687821"><ele>711.0999755859375</ele></trkpt><trkpt lat="46.07900921627879" lon="7.153366752900183"><ele>712.5</ele></trkpt><trkpt lat="46.07884847326204" lon="7.1531219985336065"><ele>713.1999816894531</ele></trkpt><trkpt lat="46.07897205138579" lon="7.1529016038402915"><ele>712.6999816894531</ele></trkpt><trkpt lat="46.079040710348636" lon="7.152663399931043"><ele>712.0</ele></trkpt><trkpt lat="46.07908797124401" lon="7.152500280179083"><ele>711.5999755859375</ele></trkpt><trkpt lat="46.07911790674552" lon="7.152245475444943"><ele>711.1999816894531</ele></trkpt><trkpt lat="46.079148740973324" lon="7.151990665122867"><ele>711.0</ele></trkpt><trkpt lat="46.079184842761606" lon="7.151685414370149"><ele>710.8999938964844</ele></trkpt><trkpt lat="46.07907679863274" lon="7.151647205930203"><ele>711.0</ele></trkpt><trkpt lat="46.07886041235179" lon="7.151454454753548"><ele>711.5999755859375</ele></trkpt><trkpt lat="46.07859031762928" lon="7.151365398429334"><ele>712.5</ele></trkpt><trkpt lat="46.07844645669684" lon="7.151392010971904"><ele>713.3999938964844</ele></trkpt><trkpt lat="46.07819428667426" lon="7.151277008466423"><ele>714.5</ele></trkpt><trkpt lat="46.07819428667426" lon="7.151277008466423"><ele>714.5</ele></trkpt><trkpt lat="46.07819428667426" lon="7.151277008466423"><ele>714.5</ele></trkpt><trkpt lat="46.07819428667426" lon="7.151277008466423"><ele>714.5</ele></trkpt><trkpt lat="46.07819428667426" lon="7.151277008466423"><ele>714.5</ele></trkpt><trkpt lat="46.07819428667426" lon="7.151277008466423"><ele>714.5</ele></trkpt><trkpt lat="46.07801438122988" lon="7.151279252022505"><ele>715.3999938964844</ele></trkpt><trkpt lat="46.07783447904512" lon="7.151282787788659"><ele>716.1999816894531</ele></trkpt><trkpt lat="46.077655473258346" lon="7.151285026688129"><ele>716.8999938964844</ele></trkpt><trkpt lat="46.0774764707312" lon="7.15128855779767"><ele>718.0</ele></trkpt><trkpt lat="46.07729476643726" lon="7.151290810666978"><ele>720.0</ele></trkpt><trkpt lat="46.07711486425251" lon="7.151294346898794"><ele>722.2999877929688</ele></trkpt><trkpt lat="46.076970940921456" lon="7.15129639999941"><ele>724.1999816894531</ele></trkpt><trkpt lat="46.076890147291124" lon="7.1513614556752145"><ele>724.8999938964844</ele></trkpt><trkpt lat="46.0768097769469" lon="7.151591958012432"><ele>724.8999938964844</ele></trkpt><trkpt lat="46.07672940893099" lon="7.1518237525597215"><ele>725.0999755859375</ele></trkpt><trkpt lat="46.076648137997836" lon="7.152054258156568"><ele>725.5</ele></trkpt><trkpt lat="46.07656776951626" lon="7.152286051306874"><ele>725.8999938964844</ele></trkpt><trkpt lat="46.076479360461235" lon="7.152539859525859"><ele>726.0999755859375</ele></trkpt><trkpt lat="46.0763530950062" lon="7.152411267627031"><ele>726.2999877929688</ele></trkpt><trkpt lat="46.07634386885911" lon="7.152320837136358"><ele>726.7999877929688</ele></trkpt><trkpt lat="46.07644046237692" lon="7.152101885527372"><ele>727.2999877929688</ele></trkpt><trkpt lat="46.076533454004675" lon="7.151881659403443"><ele>727.1999816894531</ele></trkpt><trkpt lat="46.07662914739922" lon="7.151662710588425"><ele>727.0999755859375</ele></trkpt><trkpt lat="46.07676417892799" lon="7.151349196210504"><ele>728.0999755859375</ele></trkpt><trkpt lat="46.07660186430439" lon="7.151194945909083"><ele>731.1999816894531</ele></trkpt><trkpt lat="46.07647904381156" lon="7.151006881147623"><ele>735.0999755859375</ele></trkpt><trkpt lat="46.07634899998084" lon="7.150808515027165"><ele>738.1999816894531</ele></trkpt><trkpt lat="46.07624995103106" lon="7.150770262815058"><ele>740.2999877929688</ele></trkpt><trkpt lat="46.07618704950437" lon="7.1507964469492435"><ele>742.1999816894531</ele></trkpt><trkpt lat="46.07615950005129" lon="7.150576858781278"><ele>744.5</ele></trkpt><trkpt lat="46.07595214108005" lon="7.1503970003686845"><ele>748.0</ele></trkpt><trkpt lat="46.07587418379262" lon="7.150164755061269"><ele>753.8999938964844</ele></trkpt><trkpt lat="46.07576177781448" lon="7.149829290341586"><ele>760.5</ele></trkpt><trkpt lat="46.075736491475254" lon="7.149790648370981"><ele>764.0999755859375</ele></trkpt><trkpt lat="46.07560878992081" lon="7.14980425266549"><ele>766.3999938964844</ele></trkpt><trkpt lat="46.07555238669738" lon="7.149558969773352"><ele>770.5999755859375</ele></trkpt><trkpt lat="46.07546323351562" lon="7.149171682074666"><ele>776.2999877929688</ele></trkpt><trkpt lat="46.07537090824917" lon="7.14894985826686"><ele>783.2999877929688</ele></trkpt><trkpt lat="46.07522788736969" lon="7.148604221642017"><ele>791.5999755859375</ele></trkpt><trkpt lat="46.07515441440046" lon="7.148368081077933"><ele>798.6999816894531</ele></trkpt><trkpt lat="46.07507549645379" lon="7.148113874252886"><ele>803.3999938964844</ele></trkpt><trkpt lat="46.07504941010848" lon="7.148114013951272"><ele>806.3999938964844</ele></trkpt><trkpt lat="46.07502019358799" lon="7.148295124527067"><ele>808.7999877929688</ele></trkpt><trkpt lat="46.074974447954446" lon="7.1479980875737965"><ele>811.0999755859375</ele></trkpt><trkpt lat="46.07491091126576" lon="7.1477786977775395"><ele>813.0999755859375</ele></trkpt><trkpt lat="46.07484947470948" lon="7.1476756245829165"><ele>815.0</ele></trkpt><trkpt lat="46.07467034878209" lon="7.147631344851106"><ele>817.8999938964844</ele></trkpt><trkpt lat="46.07439850270748" lon="7.1475617117248476"><ele>821.5</ele></trkpt><trkpt lat="46.07421949412674" lon="7.147562670055777"><ele>825.3999938964844</ele></trkpt><trkpt lat="46.07403778703883" lon="7.147563643287867"><ele>829.5</ele></trkpt><trkpt lat="46.07385787880048" lon="7.147564606741071"><ele>833.0999755859375</ele></trkpt><trkpt lat="46.073678920511156" lon="7.147584952414036"><ele>836.1999816894531</ele></trkpt><trkpt lat="46.07349906209856" lon="7.147605302743614"><ele>838.3999938964844</ele></trkpt><trkpt lat="46.073320103343576" lon="7.1476256479509175"><ele>839.5999755859375</ele></trkpt><trkpt lat="46.07314744172618" lon="7.147645959164947"><ele>840.8999938964844</ele></trkpt><trkpt lat="46.07314744172618" lon="7.147645959164947"><ele>840.8999938964844</ele></trkpt><trkpt lat="46.07314744172618" lon="7.147645959164947"><ele>840.8999938964844</ele></trkpt><trkpt lat="46.07314744172618" lon="7.147645959164947"><ele>840.8999938964844</ele></trkpt><trkpt lat="46.07314744172618" lon="7.147645959164947"><ele>840.8999938964844</ele></trkpt><trkpt lat="46.07314744172618" lon="7.147645959164947"><ele>840.8999938964844</ele></trkpt><trkpt lat="46.0729780998081" lon="7.147558976896107"><ele>843.5999755859375</ele></trkpt><trkpt lat="46.07275110716" lon="7.147441284265369"><ele>847.7999877929688</ele></trkpt><trkpt lat="46.07257643248886" lon="7.14737888937816"><ele>852.3999938964844</ele></trkpt><trkpt lat="46.072401757352054" lon="7.14731649402529"><ele>856.3999938964844</ele></trkpt><trkpt lat="46.07222708221525" lon="7.147254099603742"><ele>860.2999877929688</ele></trkpt><trkpt lat="46.072052410338074" lon="7.147192997857928"><ele>863.8999938964844</ele></trkpt><trkpt lat="46.07188043324277" lon="7.147130589466542"><ele>866.0999755859375</ele></trkpt><trkpt lat="46.07170305913314" lon="7.147068210411817"><ele>868.1999816894531</ele></trkpt><trkpt lat="46.071500471327454" lon="7.146995627321303"><ele>872.0999755859375</ele></trkpt><trkpt lat="46.07139342604205" lon="7.146996201947331"><ele>875.5999755859375</ele></trkpt><trkpt lat="46.071292812004685" lon="7.14704843936488"><ele>877.5999755859375</ele></trkpt><trkpt lat="46.0711754783988" lon="7.147244226653129"><ele>878.5</ele></trkpt><trkpt lat="46.07104201288894" lon="7.147463363595307"><ele>878.0</ele></trkpt><trkpt lat="46.070961255114526" lon="7.147541341837496"><ele>877.2999877929688</ele></trkpt><trkpt lat="46.070786911062896" lon="7.147606896236539"><ele>876.8999938964844</ele></trkpt><trkpt lat="46.07068446325138" lon="7.1476462171413"><ele>876.6999816894531</ele></trkpt><trkpt lat="46.07050445396453" lon="7.1476084077730775"><ele>875.8999938964844</ele></trkpt><trkpt lat="46.070241418201476" lon="7.147467649076134"><ele>874.7999877929688</ele></trkpt><trkpt lat="46.070043485146016" lon="7.147455784492195"><ele>874.1999816894531</ele></trkpt><trkpt lat="46.06986731197685" lon="7.147509716451168"><ele>873.8999938964844</ele></trkpt><trkpt lat="46.06965698255226" lon="7.147574169561267"><ele>873.3999938964844</ele></trkpt><trkpt lat="46.06948144780472" lon="7.14752729004249"><ele>873.0</ele></trkpt><trkpt lat="46.06932391691953" lon="7.147485484369099"><ele>872.3999938964844</ele></trkpt><trkpt lat="46.06914495769888" lon="7.147505827713758"><ele>871.0</ele></trkpt><trkpt lat="46.068965095561" lon="7.147524883970618"><ele>869.7999877929688</ele></trkpt><trkpt lat="46.06882930127904" lon="7.147539827041328"><ele>869.1999816894531</ele></trkpt><trkpt lat="46.06884725857526" lon="7.1475268066860735"><ele>868.7999877929688</ele></trkpt><trkpt lat="46.06867743562907" lon="7.147601381409913"><ele>867.7999877929688</ele></trkpt><trkpt lat="46.068487842567265" lon="7.147683815099299"><ele>866.3999938964844</ele></trkpt><trkpt lat="46.068397854454815" lon="7.147671372629702"><ele>864.8999938964844</ele></trkpt><trkpt lat="46.06823742715642" lon="7.147553332615644"><ele>863.0999755859375</ele></trkpt><trkpt lat="46.06813648343086" lon="7.147478915285319"><ele>861.8999938964844</ele></trkpt><trkpt lat="46.067958276718855" lon="7.147442390676588"><ele>861.5</ele></trkpt><trkpt lat="46.06783047085628" lon="7.147415935527533"><ele>861.5999755859375</ele></trkpt><trkpt lat="46.06766835227609" lon="7.147339262068272"><ele>862.0999755859375</ele></trkpt><trkpt lat="46.06770409923047" lon="7.147248605731875"><ele>863.5999755859375</ele></trkpt><trkpt lat="46.06755147315562" lon="7.1470168004743755"><ele>866.7999877929688</ele></trkpt><trkpt lat="46.067486978136" lon="7.146775477100164"><ele>870.6999816894531</ele></trkpt><trkpt lat="46.067414299584925" lon="7.146500597242266"><ele>874.5999755859375</ele></trkpt><trkpt lat="46.06732390867546" lon="7.146333077922463"><ele>877.6999816894531</ele></trkpt><trkpt lat="46.06725181080401" lon="7.146281771827489"><ele>880.5999755859375</ele></trkpt><trkpt lat="46.067000006791204" lon="7.146308972500265"><ele>884.1999816894531</ele></trkpt><trkpt lat="46.06684019463137" lon="7.146427434403449"><ele>887.3999938964844</ele></trkpt><trkpt lat="46.066613944247365" lon="7.146595360711217"><ele>889.3999938964844</ele></trkpt><trkpt lat="46.066532985307276" lon="7.146595795638859"><ele>890.5</ele></trkpt><trkpt lat="46.06648824363947" lon="7.146686499007046"><ele>891.8999938964844</ele></trkpt><trkpt lat="46.06631534360349" lon="7.1466150572523475"><ele>894.8999938964844</ele></trkpt><trkpt lat="46.066142443567514" lon="7.14654361596331"><ele>898.0</ele></trkpt><trkpt lat="46.06599295837805" lon="7.146482388023287"><ele>899.6999816894531</ele></trkpt><trkpt lat="46.065817423164845" lon="7.146435515023768"><ele>900.0999755859375</ele></trkpt><trkpt lat="46.06563919223845" lon="7.146389949601144"><ele>900.2999877929688</ele></trkpt><trkpt lat="46.065461857710034" lon="7.146343087311834"><ele>900.5999755859375</ele></trkpt><trkpt lat="46.065461857710034" lon="7.146343087311834"><ele>900.5999755859375</ele></trkpt><trkpt lat="46.065461857710034" lon="7.146343087311834"><ele>900.5999755859375</ele></trkpt><trkpt lat="46.065461857710034" lon="7.146343087311834"><ele>900.5999755859375</ele></trkpt><trkpt lat="46.065461857710034" lon="7.146343087311834"><ele>900.5999755859375</ele></trkpt><trkpt lat="46.065461857710034" lon="7.146343087311834"><ele>900.5999755859375</ele></trkpt><trkpt lat="46.065292440820485" lon="7.1462276903912425"><ele>900.6999816894531</ele></trkpt><trkpt lat="46.065263184253126" lon="7.146046925801784"><ele>900.6999816894531</ele></trkpt><trkpt lat="46.06507380818948" lon="7.145867023151368"><ele>900.5999755859375</ele></trkpt><trkpt lat="46.064905351027846" lon="7.145774885080755"><ele>901.6999816894531</ele></trkpt><trkpt lat="46.06473779724911" lon="7.145684035494924"><ele>904.0</ele></trkpt><trkpt lat="46.064569340553135" lon="7.145591898821294"><ele>907.2999877929688</ele></trkpt><trkpt lat="46.06440088385716" lon="7.145499762613326"><ele>911.2999877929688</ele></trkpt><trkpt lat="46.064232429955155" lon="7.145408919546753"><ele>914.8999938964844</ele></trkpt><trkpt lat="46.06406487245113" lon="7.145316779613495"><ele>917.6999816894531</ele></trkpt><trkpt lat="46.06389641528949" lon="7.145224645268172"><ele>920.0999755859375</ele></trkpt><trkpt lat="46.063727961387485" lon="7.145133803598583"><ele>922.5</ele></trkpt><trkpt lat="46.063560403417796" lon="7.145041665062308"><ele>924.7999877929688</ele></trkpt><trkpt lat="46.0633919457905" lon="7.144949532113969"><ele>927.0999755859375</ele></trkpt><trkpt lat="46.0632234881632" lon="7.144857400096953"><ele>929.0999755859375</ele></trkpt><trkpt lat="46.06305593345314" lon="7.144766555633396"><ele>930.5</ele></trkpt><trkpt lat="46.06294778548181" lon="7.14468960557133"><ele>932.5</ele></trkpt><trkpt lat="46.06280703423545" lon="7.144528836477548"><ele>935.8999938964844</ele></trkpt><trkpt lat="46.062666282989085" lon="7.144368068315089"><ele>939.0999755859375</ele></trkpt><trkpt lat="46.06254177400842" lon="7.144226596225053"><ele>941.5999755859375</ele></trkpt><trkpt lat="46.062426429241896" lon="7.144149686675519"><ele>944.0</ele></trkpt><trkpt lat="46.062182484194636" lon="7.144086396321654"><ele>946.5999755859375</ele></trkpt><trkpt lat="46.062003462109715" lon="7.144082197453827"><ele>948.8999938964844</ele></trkpt><trkpt lat="46.06182444328442" lon="7.14407929033041"><ele>950.7999877929688</ele></trkpt><trkpt lat="46.061668812297285" lon="7.144076256547123"><ele>952.5</ele></trkpt><trkpt lat="46.061518216039985" lon="7.143934929277748"><ele>954.5999755859375</ele></trkpt><trkpt lat="46.061380247119814" lon="7.143806456122547"><ele>957.1999816894531</ele></trkpt><trkpt lat="46.06112817209214" lon="7.14373029069975"><ele>960.5999755859375</ele></trkpt><trkpt lat="46.06097399443388" lon="7.143595446366817"><ele>964.0999755859375</ele></trkpt><trkpt lat="46.06085046892986" lon="7.143486279994249"><ele>966.7999877929688</ele></trkpt><trkpt lat="46.060678452719" lon="7.1434096824377775"><ele>969.6999816894531</ele></trkpt><trkpt lat="46.06047941651195" lon="7.14332030992955"><ele>973.2999877929688</ele></trkpt><trkpt lat="46.06031631119549" lon="7.143211360089481"><ele>976.8999938964844</ele></trkpt><trkpt lat="46.06015320913866" lon="7.143103703856468"><ele>981.0999755859375</ele></trkpt><trkpt lat="46.05994143988937" lon="7.142961423378438"><ele>986.1999816894531</ele></trkpt><trkpt lat="46.059786355122924" lon="7.142824004869908"><ele>991.0</ele></trkpt><trkpt lat="46.059633968863636" lon="7.14268657239154"><ele>995.1999816894531</ele></trkpt><trkpt lat="46.059469857253134" lon="7.14253757474944"><ele>998.8999938964844</ele></trkpt><trkpt lat="46.05933984974399" lon="7.1423586728051305"><ele>1002.5</ele></trkpt><trkpt lat="46.0592170660384" lon="7.142190069425851"><ele>1006.0999755859375</ele></trkpt><trkpt lat="46.05899346806109" lon="7.141997465863824"><ele>1008.7999877929688</ele></trkpt><trkpt lat="46.058910300023854" lon="7.141842861659825"><ele>1009.6999816894531</ele></trkpt><trkpt lat="46.05882241809741" lon="7.141946712508798"><ele>1009.0999755859375</ele></trkpt><trkpt lat="46.058587045408785" lon="7.142064288724214"><ele>1008.5</ele></trkpt><trkpt lat="46.05850635934621" lon="7.142168099991977"><ele>1008.8999938964844</ele></trkpt><trkpt lat="46.05829939665273" lon="7.142143385019153"><ele>1009.7999877929688</ele></trkpt><trkpt lat="46.058130050543696" lon="7.142056443262845"><ele>1010.6999816894531</ele></trkpt><trkpt lat="46.05794809758663" lon="7.14196440204978"><ele>1011.5999755859375</ele></trkpt><trkpt lat="46.057724498678" lon="7.141771803610027"><ele>1013.0999755859375</ele></trkpt><trkpt lat="46.057724498678" lon="7.141771803610027"><ele>1013.0999755859375</ele></trkpt><trkpt lat="46.057724498678" lon="7.141771803610027"><ele>1013.0999755859375</ele></trkpt><trkpt lat="46.057724498678" lon="7.141771803610027"><ele>1013.0999755859375</ele></trkpt><trkpt lat="46.057724498678" lon="7.141771803610027"><ele>1013.0999755859375</ele></trkpt><trkpt lat="46.057724498678" lon="7.141771803610027"><ele>1013.0999755859375</ele></trkpt><trkpt lat="46.05762327183038" lon="7.141591459512711"><ele>1014.3999938964844</ele></trkpt><trkpt lat="46.05752404825762" lon="7.141488632187247"><ele>1014.3999938964844</ele></trkpt><trkpt lat="46.05729145323858" lon="7.141296085901558"><ele>1013.7999877929688</ele></trkpt><trkpt lat="46.05710950586945" lon="7.141206632833928"><ele>1013.5999755859375</ele></trkpt><trkpt lat="46.056931307539344" lon="7.141174012329429"><ele>1014.3999938964844</ele></trkpt><trkpt lat="46.056752210017294" lon="7.141141396947205"><ele>1015.5</ele></trkpt><trkpt lat="46.05657401122153" lon="7.141108776908368"><ele>1015.7999877929688</ele></trkpt><trkpt lat="46.056395812891424" lon="7.141076157335192"><ele>1015.0999755859375</ele></trkpt><trkpt lat="46.05621941341087" lon="7.141043527517468"><ele>1014.2999877929688</ele></trkpt><trkpt lat="46.056039415765554" lon="7.14101091818884"><ele>1014.3999938964844</ele></trkpt><trkpt lat="46.05586031777784" lon="7.140978303737938"><ele>1015.0</ele></trkpt><trkpt lat="46.05567041877657" lon="7.140943164937198"><ele>1015.6999816894531</ele></trkpt><trkpt lat="46.05551333818585" lon="7.14107193890959"><ele>1015.7999877929688</ele></trkpt><trkpt lat="46.05541819520295" lon="7.141151275485754"><ele>1015.5999755859375</ele></trkpt><trkpt lat="46.055241108871996" lon="7.141198758035898"><ele>1015.6999816894531</ele></trkpt><trkpt lat="46.05506492173299" lon="7.141246235463768"><ele>1016.1999816894531</ele></trkpt><trkpt lat="46.05488783540204" lon="7.14129371708259"><ele>1016.7999877929688</ele></trkpt><trkpt lat="46.05477996589616" lon="7.141322731971741"><ele>1017.6999816894531</ele></trkpt><trkpt lat="46.054617412388325" lon="7.141423108056188"><ele>1019.0999755859375</ele></trkpt><trkpt lat="46.05450245272368" lon="7.1414922145195305"><ele>1020.6999816894531</ele></trkpt><trkpt lat="46.05432442529127" lon="7.141524196136743"><ele>1021.5999755859375</ele></trkpt><trkpt lat="46.05412391619757" lon="7.141558883711696"><ele>1021.0999755859375</ele></trkpt><trkpt lat="46.05388086894527" lon="7.141495609190315"><ele>1020.5999755859375</ele></trkpt><trkpt lat="46.05364726157859" lon="7.141600247006863"><ele>1021.0999755859375</ele></trkpt><trkpt lat="46.05350645398721" lon="7.141759934369475"><ele>1022.0999755859375</ele></trkpt><trkpt lat="46.0533243836835" lon="7.141963774804026"><ele>1023.0</ele></trkpt><trkpt lat="46.05318045662716" lon="7.141964559443295"><ele>1022.6999816894531</ele></trkpt><trkpt lat="46.053029504138976" lon="7.142029982991517"><ele>1021.5</ele></trkpt><trkpt lat="46.052938058041036" lon="7.142146761994809"><ele>1020.7999877929688</ele></trkpt><trkpt lat="46.05287482822314" lon="7.142388711683452"><ele>1021.0999755859375</ele></trkpt><trkpt lat="46.05281338375062" lon="7.1426254832185805"><ele>1021.5999755859375</ele></trkpt><trkpt lat="46.052698412910104" lon="7.142690708860755"><ele>1021.6999816894531</ele></trkpt><trkpt lat="46.05251928465441" lon="7.142646463122219"><ele>1021.5</ele></trkpt><trkpt lat="46.05234195571393" lon="7.142602208070457"><ele>1021.5999755859375</ele></trkpt><trkpt lat="46.05219342932105" lon="7.142564256675541"><ele>1022.5999755859375</ele></trkpt><trkpt lat="46.05201445473358" lon="7.142578150611371"><ele>1024.2999877929688</ele></trkpt><trkpt lat="46.05183548340574" lon="7.142593336291611"><ele>1025.6999816894531</ele></trkpt><trkpt lat="46.05167089821771" lon="7.142605859786272"><ele>1025.8999938964844</ele></trkpt><trkpt lat="46.0516077936627" lon="7.142554523888975"><ele>1025.6999816894531</ele></trkpt><trkpt lat="46.05149020534009" lon="7.142309688962996"><ele>1025.7999877929688</ele></trkpt><trkpt lat="46.05139040295035" lon="7.141987239941955"><ele>1026.2999877929688</ele></trkpt><trkpt lat="46.05121911410242" lon="7.14184605749324"><ele>1026.6999816894531</ele></trkpt><trkpt lat="46.05102245602757" lon="7.141976326238364"><ele>1027.1999816894531</ele></trkpt><trkpt lat="46.05084344744682" lon="7.141977302264422"><ele>1028.0</ele></trkpt><trkpt lat="46.050679970066994" lon="7.142068630550057"><ele>1029.5</ele></trkpt><trkpt lat="46.05049147643149" lon="7.142224692273885"><ele>1031.6999816894531</ele></trkpt><trkpt lat="46.05032117757946" lon="7.1424581706523895"><ele>1033.7999877929688</ele></trkpt><trkpt lat="46.050141238607466" lon="7.142447522841394"><ele>1035.0</ele></trkpt><trkpt lat="46.050141238607466" lon="7.142447522841394"><ele>1035.0</ele></trkpt><trkpt lat="46.050141238607466" lon="7.142447522841394"><ele>1035.0</ele></trkpt><trkpt lat="46.050141238607466" lon="7.142447522841394"><ele>1035.0</ele></trkpt><trkpt lat="46.050141238607466" lon="7.142447522841394"><ele>1035.0</ele></trkpt><trkpt lat="46.050141238607466" lon="7.142447522841394"><ele>1035.0</ele></trkpt><trkpt lat="46.04996129963547" lon="7.142436875030398"><ele>1035.7999877929688</ele></trkpt><trkpt lat="46.04971838276833" lon="7.142422694247216"><ele>1037.6999816894531</ele></trkpt><trkpt lat="46.049693420529366" lon="7.142167028505355"><ele>1041.5</ele></trkpt><trkpt lat="46.04967224737629" lon="7.141983690671623"><ele>1046.8999938964844</ele></trkpt><trkpt lat="46.049583410378546" lon="7.141725790221244"><ele>1053.2999877929688</ele></trkpt><trkpt lat="46.04943713871762" lon="7.141519881319255"><ele>1059.6999816894531</ele></trkpt><trkpt lat="46.04946327069774" lon="7.141196758020669"><ele>1065.0999755859375</ele></trkpt><trkpt lat="46.04944480070844" lon="7.14101598970592"><ele>1068.3999938964844</ele></trkpt><trkpt lat="46.04937239224091" lon="7.140848435927182"><ele>1069.7999877929688</ele></trkpt><trkpt lat="46.049251346383244" lon="7.140657894778997"><ele>1071.3999938964844</ele></trkpt><trkpt lat="46.04911945806816" lon="7.140449326485395"><ele>1073.7999877929688</ele></trkpt><trkpt lat="46.048963501583785" lon="7.140323574189097"><ele>1077.7999877929688</ele></trkpt><trkpt lat="46.048767883330584" lon="7.140167034696788"><ele>1083.6999816894531</ele></trkpt><trkpt lat="46.04862344218418" lon="7.139974041841924"><ele>1090.0</ele></trkpt><trkpt lat="46.04849699186161" lon="7.139780951663852"><ele>1095.5999755859375</ele></trkpt><trkpt lat="46.04841003101319" lon="7.139554055407643"><ele>1100.2999877929688</ele></trkpt><trkpt lat="46.04833394335583" lon="7.139356813393533"><ele>1103.8999938964844</ele></trkpt><trkpt lat="46.04818043252453" lon="7.139136744197458"><ele>1106.0999755859375</ele></trkpt><trkpt lat="46.048033417668194" lon="7.138991569634527"><ele>1107.5999755859375</ele></trkpt><trkpt lat="46.047840408980846" lon="7.138802725356072"><ele>1108.8999938964844</ele></trkpt><trkpt lat="46.0476839938201" lon="7.138506453949958"><ele>1109.2999877929688</ele></trkpt><trkpt lat="46.047522423323244" lon="7.138300644233823"><ele>1109.1999816894531</ele></trkpt><trkpt lat="46.047374507877976" lon="7.1381554789841175"><ele>1109.3999938964844</ele></trkpt><trkpt lat="46.04715444194153" lon="7.137940951623023"><ele>1110.3999938964844</ele></trkpt><trkpt lat="46.04708241298795" lon="7.137916804291308"><ele>1111.0999755859375</ele></trkpt><trkpt lat="46.04693348007277" lon="7.138063608203083"><ele>1110.6999816894531</ele></trkpt><trkpt lat="46.04682043520734" lon="7.138175332453102"><ele>1110.1999816894531</ele></trkpt><trkpt lat="46.04681932833046" lon="7.13809782685712"><ele>1110.5999755859375</ele></trkpt><trkpt lat="46.046792272944" lon="7.138072139117867"><ele>1111.7999877929688</ele></trkpt><trkpt lat="46.04661494586617" lon="7.138029195833951"><ele>1113.3999938964844</ele></trkpt><trkpt lat="46.046439421363175" lon="7.13798753451556"><ele>1114.6999816894531</ele></trkpt><trkpt lat="46.046260295435786" lon="7.1379446014761925"><ele>1115.5999755859375</ele></trkpt><trkpt lat="46.04610817274079" lon="7.137907978147268"><ele>1116.2999877929688</ele></trkpt><trkpt lat="46.04600908467546" lon="7.137856852263212"><ele>1117.0999755859375</ele></trkpt><trkpt lat="46.04586205817759" lon="7.137707811780274"><ele>1118.5</ele></trkpt><trkpt lat="46.04571503121406" lon="7.137558771762997"><ele>1120.5</ele></trkpt><trkpt lat="46.045568004250526" lon="7.137409733142704"><ele>1122.2999877929688</ele></trkpt><trkpt lat="46.04542098054662" lon="7.137261986732483"><ele>1123.6999816894531</ele></trkpt><trkpt lat="46.04532446246594" lon="7.137163050472736"><ele>1125.0</ele></trkpt><trkpt lat="46.04524243110791" lon="7.137098914012313"><ele>1126.2999877929688</ele></trkpt><trkpt lat="46.045107430778444" lon="7.137073825579137"><ele>1128.0999755859375</ele></trkpt><trkpt lat="46.044929429888725" lon="7.137114858720452"><ele>1130.2999877929688</ele></trkpt><trkpt lat="46.044711876660585" lon="7.137166445143521"><ele>1132.5999755859375</ele></trkpt><trkpt lat="46.04453279869631" lon="7.13714160118252"><ele>1134.5999755859375</ele></trkpt><trkpt lat="46.04435192188248" lon="7.137116767466068"><ele>1136.1999816894531</ele></trkpt><trkpt lat="46.044176417868584" lon="7.1370828612707555"><ele>1137.3999938964844</ele></trkpt><trkpt lat="46.04401891864836" lon="7.137054022867233"><ele>1138.0999755859375</ele></trkpt><trkpt lat="46.04384423745796" lon="7.136991693172604"><ele>1139.0</ele></trkpt><trkpt lat="46.04367045965046" lon="7.136930650565773"><ele>1140.0</ele></trkpt><trkpt lat="46.04340843996033" lon="7.1368378032930195"><ele>1141.0</ele></trkpt><trkpt lat="46.04340843996033" lon="7.1368378032930195"><ele>1141.0</ele></trkpt><trkpt lat="46.04340843996033" lon="7.1368378032930195"><ele>1141.0</ele></trkpt><trkpt lat="46.04340843996033" lon="7.1368378032930195"><ele>1141.0</ele></trkpt><trkpt lat="46.04340843996033" lon="7.1368378032930195"><ele>1141.0</ele></trkpt><trkpt lat="46.04340843996033" lon="7.1368378032930195"><ele>1141.0</ele></trkpt><trkpt lat="46.04323044558987" lon="7.136881419457495"><ele>1142.0</ele></trkpt><trkpt lat="46.04297513933852" lon="7.136943548452109"><ele>1142.8999938964844</ele></trkpt><trkpt lat="46.04280412243679" lon="7.136905743274838"><ele>1143.6999816894531</ele></trkpt><trkpt lat="46.04262702772394" lon="7.136949353385717"><ele>1143.8999938964844</ele></trkpt><trkpt lat="46.042449032887816" lon="7.1369929681532085"><ele>1143.3999938964844</ele></trkpt><trkpt lat="46.04232048150152" lon="7.137024682480842"><ele>1142.5</ele></trkpt><trkpt lat="46.04214146267623" lon="7.137021799571812"><ele>1141.7999877929688</ele></trkpt><trkpt lat="46.041958845220506" lon="7.1370189362205565"><ele>1141.3999938964844</ele></trkpt><trkpt lat="46.04173394618556" lon="7.137015015352517"><ele>1140.8999938964844</ele></trkpt><trkpt lat="46.04151788260788" lon="7.13695162627846"><ele>1140.5</ele></trkpt><trkpt lat="46.04134942498058" lon="7.136862138286233"><ele>1140.0</ele></trkpt><trkpt lat="46.04118006816134" lon="7.136772656347603"><ele>1140.2999877929688</ele></trkpt><trkpt lat="46.04101250739768" lon="7.136681873816997"><ele>1142.1999816894531</ele></trkpt><trkpt lat="46.04086927557364" lon="7.13660645717755"><ele>1144.5</ele></trkpt><trkpt lat="46.04078835202381" lon="7.1366198235191405"><ele>1146.3999938964844</ele></trkpt><trkpt lat="46.04062685230747" lon="7.1367757259868085"><ele>1148.6999816894531</ele></trkpt><trkpt lat="46.04050921741873" lon="7.136518036015332"><ele>1150.7999877929688</ele></trkpt><trkpt lat="46.040391963906586" lon="7.136402433272451"><ele>1151.7999877929688</ele></trkpt><trkpt lat="46.04023894155398" lon="7.136365823447704"><ele>1152.8999938964844</ele></trkpt><trkpt lat="46.04005999583751" lon="7.136390068102628"><ele>1154.7999877929688</ele></trkpt><trkpt lat="46.03995118988678" lon="7.1364048817195"><ele>1156.7999877929688</ele></trkpt><trkpt lat="46.039897113572806" lon="7.136366431135684"><ele>1158.1999816894531</ele></trkpt><trkpt lat="46.03986092330888" lon="7.136289130430669"><ele>1159.3999938964844</ele></trkpt><trkpt lat="46.039835050702095" lon="7.136034809984267"><ele>1160.6999816894531</ele></trkpt><trkpt lat="46.03981649177149" lon="7.1358243664726615"><ele>1161.2999877929688</ele></trkpt><trkpt lat="46.03972234018147" lon="7.135602718684822"><ele>1161.0</ele></trkpt><trkpt lat="46.03962998697534" lon="7.135381061583757"><ele>1162.0</ele></trkpt><trkpt lat="46.03952495614067" lon="7.135128476191312"><ele>1165.0</ele></trkpt><trkpt lat="46.039326428901404" lon="7.134897080250084"><ele>1168.1999816894531</ele></trkpt><trkpt lat="46.039336489047855" lon="7.134625770151615"><ele>1170.0</ele></trkpt><trkpt lat="46.03926202701405" lon="7.13436784921214"><ele>1170.7999877929688</ele></trkpt><trkpt lat="46.03919912921265" lon="7.134394034743309"><ele>1170.8999938964844</ele></trkpt><trkpt lat="46.03905833559111" lon="7.134554990101606"><ele>1170.8999938964844</ele></trkpt><trkpt lat="46.038894230499864" lon="7.134744491428137"><ele>1171.2999877929688</ele></trkpt><trkpt lat="46.03871805686504" lon="7.134795850608498"><ele>1172.1999816894531</ele></trkpt><trkpt lat="46.03858143510297" lon="7.134836655110121"><ele>1172.5999755859375</ele></trkpt><trkpt lat="46.038463045842946" lon="7.134966482408345"><ele>1172.7999877929688</ele></trkpt><trkpt lat="46.038292412646115" lon="7.135070767253637"><ele>1173.8999938964844</ele></trkpt><trkpt lat="46.03816647734493" lon="7.13507146993652"><ele>1175.3999938964844</ele></trkpt><trkpt lat="46.03799003828317" lon="7.1350246630609035"><ele>1177.0999755859375</ele></trkpt><trkpt lat="46.03778839157894" lon="7.134970247279853"><ele>1179.0</ele></trkpt><trkpt lat="46.03765325108543" lon="7.134893502574414"><ele>1180.6999816894531</ele></trkpt><trkpt lat="46.03750532446429" lon="7.134745789691806"><ele>1182.1999816894531</ele></trkpt><trkpt lat="46.03741240967065" lon="7.134649435523897"><ele>1183.5999755859375</ele></trkpt><trkpt lat="46.037229103036225" lon="7.134392132051289"><ele>1184.8999938964844</ele></trkpt><trkpt lat="46.03711195290089" lon="7.134315289091319"><ele>1186.5</ele></trkpt><trkpt lat="46.036851121578366" lon="7.134329664055258"><ele>1188.3999938964844</ele></trkpt><trkpt lat="46.03667292185128" lon="7.134297078475356"><ele>1189.8999938964844</ele></trkpt><trkpt lat="46.03649382246658" lon="7.134264498017728"><ele>1190.8999938964844</ele></trkpt><trkpt lat="46.03631742531434" lon="7.134233193937689"><ele>1191.8999938964844</ele></trkpt><trkpt lat="46.03631742531434" lon="7.134233193937689"><ele>1191.8999938964844</ele></trkpt><trkpt lat="46.03631742531434" lon="7.134233193937689"><ele>1191.8999938964844</ele></trkpt><trkpt lat="46.03631742531434" lon="7.134233193937689"><ele>1191.8999938964844</ele></trkpt><trkpt lat="46.03631742531434" lon="7.134233193937689"><ele>1191.8999938964844</ele></trkpt><trkpt lat="46.03631742531434" lon="7.134233193937689"><ele>1191.8999938964844</ele></trkpt><trkpt lat="46.03615812631324" lon="7.134204377885908"><ele>1193.0</ele></trkpt><trkpt lat="46.0359834684059" lon="7.134151107631624"><ele>1194.3999938964844</ele></trkpt><trkpt lat="46.035806111991405" lon="7.134097852744162"><ele>1195.5999755859375</ele></trkpt><trkpt lat="46.03569897590205" lon="7.134064870420843"><ele>1196.2999877929688</ele></trkpt><trkpt lat="46.0355190676637" lon="7.1340658771805465"><ele>1197.0999755859375</ele></trkpt><trkpt lat="46.035393132362515" lon="7.1340665821917355"><ele>1198.0999755859375</ele></trkpt><trkpt lat="46.035218499135226" lon="7.134022353682667"><ele>1199.5999755859375</ele></trkpt><trkpt lat="46.03503846563399" lon="7.133976864628494"><ele>1201.8999938964844</ele></trkpt><trkpt lat="46.03486113389954" lon="7.13393265241757"><ele>1205.0999755859375</ele></trkpt><trkpt lat="46.03468650113791" lon="7.133888425305486"><ele>1208.5999755859375</ele></trkpt><trkpt lat="46.03443895978853" lon="7.133827816229314"><ele>1211.8999938964844</ele></trkpt><trkpt lat="46.03428119653836" lon="7.133702126331627"><ele>1214.2999877929688</ele></trkpt><trkpt lat="46.034124332945794" lon="7.1335764322429895"><ele>1216.3999938964844</ele></trkpt><trkpt lat="46.0339701785706" lon="7.1334545984864235"><ele>1219.6999816894531</ele></trkpt><trkpt lat="46.03382941195741" lon="7.1332939439453185"><ele>1223.7999877929688</ele></trkpt><trkpt lat="46.0337454918772" lon="7.133197548799217"><ele>1227.7999877929688</ele></trkpt><trkpt lat="46.03356641065329" lon="7.133171431720257"><ele>1232.0999755859375</ele></trkpt><trkpt lat="46.03332343371585" lon="7.133135341107845"><ele>1237.0</ele></trkpt><trkpt lat="46.03314148122445" lon="7.13304595509544"><ele>1241.0999755859375</ele></trkpt><trkpt lat="46.03300748579204" lon="7.133059623185545"><ele>1244.5</ele></trkpt><trkpt lat="46.0328000090085" lon="7.1331770261749625"><ele>1247.7999877929688</ele></trkpt><trkpt lat="46.032638057135046" lon="7.133165020029992"><ele>1251.2999877929688</ele></trkpt><trkpt lat="46.03253141976893" lon="7.132984805852175"><ele>1255.0999755859375</ele></trkpt><trkpt lat="46.032463300507516" lon="7.132744965143502"><ele>1259.0</ele></trkpt><trkpt lat="46.03241242002696" lon="7.1325592724606395"><ele>1263.0999755859375</ele></trkpt><trkpt lat="46.03220395743847" lon="7.132315056864172"><ele>1268.0</ele></trkpt><trkpt lat="46.032024876214564" lon="7.132288943510503"><ele>1272.5</ele></trkpt><trkpt lat="46.03186199301854" lon="7.132265321910381"><ele>1275.5</ele></trkpt><trkpt lat="46.031861887313426" lon="7.1322265774942935"><ele>1277.1999816894531</ele></trkpt><trkpt lat="46.0317184375599" lon="7.1320724044926465"><ele>1279.3999938964844</ele></trkpt><trkpt lat="46.031649423763156" lon="7.1318351570516825"><ele>1282.0999755859375</ele></trkpt><trkpt lat="46.031599504407495" lon="7.13167270924896"><ele>1284.3999938964844</ele></trkpt><trkpt lat="46.031473039183766" lon="7.131479697767645"><ele>1286.5999755859375</ele></trkpt><trkpt lat="46.03136491822079" lon="7.131415733136237"><ele>1289.7999877929688</ele></trkpt><trkpt lat="46.03122593741864" lon="7.131251207087189"><ele>1294.8999938964844</ele></trkpt><trkpt lat="46.03108695987612" lon="7.1310879732482135"><ele>1300.0</ele></trkpt><trkpt lat="46.03099490655586" lon="7.130978717003018"><ele>1303.8999938964844</ele></trkpt><trkpt lat="46.03083447413519" lon="7.1308646821416914"><ele>1308.7999877929688</ele></trkpt><trkpt lat="46.03058030549437" lon="7.1306840213947"><ele>1314.3999938964844</ele></trkpt><trkpt lat="46.030508059542626" lon="7.1305811130441725"><ele>1319.7999877929688</ele></trkpt><trkpt lat="46.03035746188834" lon="7.130445069633424"><ele>1325.7999877929688</ele></trkpt><trkpt lat="46.030202365946025" lon="7.130309052765369"><ele>1331.3999938964844</ele></trkpt><trkpt lat="46.03007521945983" lon="7.130196124315262"><ele>1336.8999938964844</ele></trkpt><trkpt lat="46.02986848074943" lon="7.1299260896630585"><ele>1343.5</ele></trkpt><trkpt lat="46.02971339505166" lon="7.1297939494252205"><ele>1349.5</ele></trkpt><trkpt lat="46.02955830888823" lon="7.129661810118705"><ele>1354.3999938964844</ele></trkpt><trkpt lat="46.029419446364045" lon="7.1295412024483085"><ele>1359.0</ele></trkpt><trkpt lat="46.029308412224054" lon="7.129399774130434"><ele>1364.0999755859375</ele></trkpt><trkpt lat="46.029216944240034" lon="7.129176874645054"><ele>1370.3999938964844</ele></trkpt><trkpt lat="46.02908199839294" lon="7.128845741506666"><ele>1377.5</ele></trkpt><trkpt lat="46.02908199839294" lon="7.128845741506666"><ele>1377.5</ele></trkpt><trkpt lat="46.02908199839294" lon="7.128845741506666"><ele>1377.5</ele></trkpt><trkpt lat="46.02908199839294" lon="7.128845741506666"><ele>1377.5</ele></trkpt><trkpt lat="46.02908199839294" lon="7.128845741506666"><ele>1377.5</ele></trkpt><trkpt lat="46.02908199839294" lon="7.128845741506666"><ele>1377.5</ele></trkpt><trkpt lat="46.02893228037283" lon="7.128703244496137"><ele>1383.8999938964844</ele></trkpt><trkpt lat="46.02873025275767" lon="7.1285119713284075"><ele>1389.0</ele></trkpt><trkpt lat="46.02866696426645" lon="7.1283961036242545"><ele>1393.1999816894531</ele></trkpt><trkpt lat="46.02862987620756" lon="7.127995971124619"><ele>1398.3999938964844</ele></trkpt><trkpt lat="46.02856444846839" lon="7.12775743054226"><ele>1403.2999877929688</ele></trkpt><trkpt lat="46.02851449139416" lon="7.127583373337984"><ele>1407.2999877929688</ele></trkpt><trkpt lat="46.02839699713513" lon="7.127383873797953"><ele>1411.5</ele></trkpt><trkpt lat="46.02828220464289" lon="7.127185651101172"><ele>1416.5</ele></trkpt><trkpt lat="46.02814119262621" lon="7.126939797308296"><ele>1421.6999816894531</ele></trkpt><trkpt lat="46.02804523613304" lon="7.126722097396851"><ele>1426.0999755859375</ele></trkpt><trkpt lat="46.027942039072514" lon="7.126488942652941"><ele>1430.0</ele></trkpt><trkpt lat="46.027820073999465" lon="7.126299804542214"><ele>1433.7999877929688</ele></trkpt><trkpt lat="46.027698104735464" lon="7.1261093760840595"><ele>1438.0</ele></trkpt><trkpt lat="46.02757703466341" lon="7.125918942969292"><ele>1442.5</ele></trkpt><trkpt lat="46.02745506865904" lon="7.125729807652533"><ele>1447.5999755859375</ele></trkpt><trkpt lat="46.02728250110522" lon="7.125459606293589"><ele>1453.0999755859375</ele></trkpt><trkpt lat="46.027138143312186" lon="7.125305469147861"><ele>1457.8999938964844</ele></trkpt><trkpt lat="46.02699648356065" lon="7.1251513180322945"><ele>1462.1999816894531</ele></trkpt><trkpt lat="46.026780450716615" lon="7.125100906938314"><ele>1466.1999816894531</ele></trkpt><trkpt lat="46.026786423288286" lon="7.124984647613019"><ele>1468.3999938964844</ele></trkpt><trkpt lat="46.02686727326363" lon="7.124945440329611"><ele>1469.1999816894531</ele></trkpt><trkpt lat="46.02691203402355" lon="7.124867698643357"><ele>1470.5999755859375</ele></trkpt><trkpt lat="46.026895481627434" lon="7.12473865551874"><ele>1473.1999816894531</ele></trkpt><trkpt lat="46.026804411783814" lon="7.124661697540432"><ele>1476.0</ele></trkpt><trkpt lat="46.026533434167504" lon="7.124585777521133"><ele>1477.5999755859375</ele></trkpt><trkpt lat="46.02637097518891" lon="7.124393007718027"><ele>1478.5</ele></trkpt><trkpt lat="46.02624810952693" lon="7.1242051757872105"><ele>1478.7999877929688</ele></trkpt><trkpt lat="46.02611801866442" lon="7.124007055070251"><ele>1478.3999938964844</ele></trkpt><trkpt lat="46.02604090189561" lon="7.1237737624906"><ele>1477.5999755859375</ele></trkpt><trkpt lat="46.02597285993397" lon="7.123568827752024"><ele>1476.7999877929688</ele></trkpt><trkpt lat="46.02584640542045" lon="7.123384893871844"><ele>1475.6999816894531</ele></trkpt><trkpt lat="46.02572444872931" lon="7.123200934845954"><ele>1474.5</ele></trkpt><trkpt lat="46.02562148729339" lon="7.12305431580171"><ele>1473.5999755859375</ele></trkpt><trkpt lat="46.025611301418394" lon="7.122951065655798"><ele>1472.7999877929688</ele></trkpt><trkpt lat="46.02567397803068" lon="7.122847393155098"><ele>1471.0</ele></trkpt><trkpt lat="46.02569844853133" lon="7.122592851985246"><ele>1468.0999755859375</ele></trkpt><trkpt lat="46.02571843890473" lon="7.122344793751836"><ele>1466.7999877929688</ele></trkpt><trkpt lat="46.0258779884316" lon="7.122461381368339"><ele>1467.1999816894531</ele></trkpt><trkpt lat="46.02597894798964" lon="7.122535694856197"><ele>1468.3999938964844</ele></trkpt><trkpt lat="46.02608685661107" lon="7.122522154822946"><ele>1469.1999816894531</ele></trkpt><trkpt lat="46.026239392347634" lon="7.122384382877499"><ele>1468.8999938964844</ele></trkpt><trkpt lat="46.02637398103252" lon="7.1222622115164995"><ele>1468.1999816894531</ele></trkpt><trkpt lat="46.02648043585941" lon="7.12205238873139"><ele>1467.5</ele></trkpt><trkpt lat="46.02658509509638" lon="7.121843867003918"><ele>1467.2999877929688</ele></trkpt><trkpt lat="46.026687073521316" lon="7.121641817502677"><ele>1467.5999755859375</ele></trkpt><trkpt lat="46.02681247983128" lon="7.121453835628927"><ele>1468.0999755859375</ele></trkpt><trkpt lat="46.02691996470094" lon="7.121290494222194"><ele>1468.5999755859375</ele></trkpt><trkpt lat="46.02702823188156" lon="7.121085822582245"><ele>1468.8999938964844</ele></trkpt><trkpt lat="46.027153501752764" lon="7.120850057341158"><ele>1469.0</ele></trkpt><trkpt lat="46.027170300483704" lon="7.120746647473425"><ele>1469.0</ele></trkpt><trkpt lat="46.02713391650468" lon="7.120604806113988"><ele>1469.0</ele></trkpt><trkpt lat="46.02730640815571" lon="7.1205263142474"><ele>1469.1999816894531</ele></trkpt><trkpt lat="46.02730640815571" lon="7.1205263142474"><ele>1469.1999816894531</ele></trkpt><trkpt lat="46.02730640815571" lon="7.1205263142474"><ele>1469.1999816894531</ele></trkpt><trkpt lat="46.02730640815571" lon="7.1205263142474"><ele>1469.1999816894531</ele></trkpt><trkpt lat="46.02730640815571" lon="7.1205263142474"><ele>1469.1999816894531</ele></trkpt><trkpt lat="46.02730640815571" lon="7.1205263142474"><ele>1469.1999816894531</ele></trkpt><trkpt lat="46.02744835242629" lon="7.120460914447904"><ele>1469.1999816894531</ele></trkpt><trkpt lat="46.02762636216357" lon="7.120425006374717"><ele>1468.7999877929688</ele></trkpt><trkpt lat="46.0277809984982" lon="7.120394399855286"><ele>1468.2999877929688</ele></trkpt><trkpt lat="46.02801432879642" lon="7.120199323166162"><ele>1468.0999755859375</ele></trkpt><trkpt lat="46.028132481500506" lon="7.119992004707456"><ele>1468.0999755859375</ele></trkpt><trkpt lat="46.02818414149806" lon="7.119810902979225"><ele>1468.0999755859375</ele></trkpt><trkpt lat="46.028209500946105" lon="7.119555052369833"><ele>1468.0999755859375</ele></trkpt><trkpt lat="46.02823396073654" lon="7.1192992073483765"><ele>1468.1999816894531</ele></trkpt><trkpt lat="46.02825842006132" lon="7.1190433613955975"><ele>1468.2999877929688</ele></trkpt><trkpt lat="46.02828026097268" lon="7.118815942667425"><ele>1468.1999816894531</ele></trkpt><trkpt lat="46.02837046980858" lon="7.118589412886649"><ele>1468.1999816894531</ele></trkpt><trkpt lat="46.02844992093742" lon="7.1183758596889675"><ele>1468.1999816894531</ele></trkpt><trkpt lat="46.02859521145001" lon="7.11822261614725"><ele>1468.2999877929688</ele></trkpt><trkpt lat="46.02874050522223" lon="7.1180706629529595"><ele>1468.2999877929688</ele></trkpt><trkpt lat="46.02894319174811" lon="7.117856381926686"><ele>1468.1999816894531</ele></trkpt><trkpt lat="46.02906589349732" lon="7.117668399587274"><ele>1468.0999755859375</ele></trkpt><trkpt lat="46.02925846260041" lon="7.117376688402146"><ele>1468.0</ele></trkpt><trkpt lat="46.02938226610422" lon="7.117259726859629"><ele>1467.8999938964844</ele></trkpt><trkpt lat="46.029551127925515" lon="7.117170911282301"><ele>1467.5999755859375</ele></trkpt><trkpt lat="46.02973346784711" lon="7.11707684956491"><ele>1467.3999938964844</ele></trkpt><trkpt lat="46.0298850457184" lon="7.116920978762209"><ele>1467.2999877929688</ele></trkpt><trkpt lat="46.03000141540542" lon="7.116721405182034"><ele>1467.2999877929688</ele></trkpt><trkpt lat="46.03011419065297" lon="7.116523143835366"><ele>1467.5</ele></trkpt><trkpt lat="46.03023146279156" lon="7.1163248545490205"><ele>1467.5999755859375</ele></trkpt><trkpt lat="46.030333491042256" lon="7.116143444087356"><ele>1467.6999816894531</ele></trkpt><trkpt lat="46.03029945679009" lon="7.116195304784924"><ele>1467.7999877929688</ele></trkpt><trkpt lat="46.03038246417418" lon="7.115968805272132"><ele>1467.8999938964844</ele></trkpt><trkpt lat="46.03046816634014" lon="7.115740997251123"><ele>1467.8999938964844</ele></trkpt><trkpt lat="46.030565476510674" lon="7.115483415313065"><ele>1467.8999938964844</ele></trkpt><trkpt lat="46.03061423683539" lon="7.1152351619675756"><ele>1467.8999938964844</ele></trkpt><trkpt lat="46.030662996694446" lon="7.1149869076907635"><ele>1467.8999938964844</ele></trkpt><trkpt lat="46.030714454595" lon="7.114738637115806"><ele>1468.0999755859375</ele></trkpt><trkpt lat="46.03076144400984" lon="7.114500724244863"><ele>1468.3999938964844</ele></trkpt><trkpt lat="46.03081830916926" lon="7.114256294909865"><ele>1468.8999938964844</ele></trkpt><trkpt lat="46.03087607352063" lon="7.114011859986931"><ele>1469.5999755859375</ele></trkpt><trkpt lat="46.030937435571104" lon="7.113767402712256"><ele>1470.5999755859375</ele></trkpt><trkpt lat="46.03099342249334" lon="7.11353072617203"><ele>1471.8999938964844</ele></trkpt><trkpt lat="46.031068310607225" lon="7.113297810778022"><ele>1473.5999755859375</ele></trkpt><trkpt lat="46.031149494461715" lon="7.113064856734127"><ele>1475.5</ele></trkpt><trkpt lat="46.03122438164428" lon="7.112831940408796"><ele>1477.3999938964844</ele></trkpt><trkpt lat="46.03130287025124" lon="7.112600292544812"><ele>1479.0999755859375</ele></trkpt><trkpt lat="46.03138045454398" lon="7.112367358524352"><ele>1480.2999877929688</ele></trkpt><trkpt lat="46.03146339440718" lon="7.112120184581727"><ele>1481.0999755859375</ele></trkpt><trkpt lat="46.03151845186949" lon="7.111874469090253"><ele>1481.5999755859375</ele></trkpt><trkpt lat="46.03157440805808" lon="7.111628747545183"><ele>1481.6999816894531</ele></trkpt><trkpt lat="46.03162946039811" lon="7.1113817393779755"><ele>1481.5</ele></trkpt><trkpt lat="46.031694263685495" lon="7.1110855946317315"><ele>1481.0</ele></trkpt><trkpt lat="46.03174391388893" lon="7.110837326385081"><ele>1480.5999755859375</ele></trkpt><trkpt lat="46.03174391388893" lon="7.110837326385081"><ele>1480.5999755859375</ele></trkpt><trkpt lat="46.03174391388893" lon="7.110837326385081"><ele>1480.5999755859375</ele></trkpt><trkpt lat="46.03174391388893" lon="7.110837326385081"><ele>1480.5999755859375</ele></trkpt><trkpt lat="46.03174391388893" lon="7.110837326385081"><ele>1480.5999755859375</ele></trkpt><trkpt lat="46.03174391388893" lon="7.110837326385081"><ele>1480.5999755859375</ele></trkpt><trkpt lat="46.031794463284314" lon="7.110589052550495"><ele>1480.5999755859375</ele></trkpt><trkpt lat="46.031842313241214" lon="7.110340794082731"><ele>1480.7999877929688</ele></trkpt><trkpt lat="46.03189196577296" lon="7.110093816183507"><ele>1481.0</ele></trkpt><trkpt lat="46.03193542640656" lon="7.109883037395775"><ele>1481.0999755859375</ele></trkpt><trkpt lat="46.03194197965786" lon="7.1096634403802454"><ele>1481.1999816894531</ele></trkpt><trkpt lat="46.03191604278982" lon="7.10940787801519"><ele>1481.2999877929688</ele></trkpt><trkpt lat="46.03188637830317" lon="7.109108426608145"><ele>1481.5</ele></trkpt><trkpt lat="46.03191441623494" lon="7.1088538290932775"><ele>1482.2999877929688</ele></trkpt><trkpt lat="46.03195041278377" lon="7.108552688732743"><ele>1483.5999755859375</ele></trkpt><trkpt lat="46.03193814912811" lon="7.108359036501497"><ele>1484.8999938964844</ele></trkpt><trkpt lat="46.03188743349165" lon="7.108243108261377"><ele>1486.3999938964844</ele></trkpt><trkpt lat="46.03172250231728" lon="7.108136914204806"><ele>1488.5</ele></trkpt><trkpt lat="46.03148727817461" lon="7.107987236697227"><ele>1490.8999938964844</ele></trkpt><trkpt lat="46.03143288753927" lon="7.107845501974225"><ele>1492.5</ele></trkpt><trkpt lat="46.03144341567531" lon="7.107755032833666"><ele>1493.6999816894531</ele></trkpt><trkpt lat="46.03129738615826" lon="7.107652600854635"><ele>1495.8999938964844</ele></trkpt><trkpt lat="46.03118704119697" lon="7.107449215836823"><ele>1498.0</ele></trkpt><trkpt lat="46.03107849415392" lon="7.107245820574462"><ele>1499.0999755859375</ele></trkpt><trkpt lat="46.03092745505273" lon="7.106970360968262"><ele>1499.5</ele></trkpt><trkpt lat="46.03102516476065" lon="7.1068548229523"><ele>1498.6999816894531</ele></trkpt><trkpt lat="46.03106895368546" lon="7.1064529018476605"><ele>1497.1999816894531</ele></trkpt><trkpt lat="46.03111549979076" lon="7.106375128030777"><ele>1496.5</ele></trkpt><trkpt lat="46.03106845635921" lon="7.106285010930151"><ele>1496.3999938964844</ele></trkpt><trkpt lat="46.031051461119205" lon="7.106013901531696"><ele>1497.0999755859375</ele></trkpt><trkpt lat="46.0310614942573" lon="7.105756833218038"><ele>1499.5</ele></trkpt><trkpt lat="46.031073322054" lon="7.1054984629154205"><ele>1502.6999816894531</ele></trkpt><trkpt lat="46.03108342271298" lon="7.105264641344547"><ele>1504.6999816894531</ele></trkpt><trkpt lat="46.03120247833431" lon="7.105067605152726"><ele>1504.8999938964844</ele></trkpt><trkpt lat="46.03131703939289" lon="7.104871887248009"><ele>1505.1999816894531</ele></trkpt><trkpt lat="46.03141550067812" lon="7.10470726294443"><ele>1505.8999938964844</ele></trkpt><trkpt lat="46.03146815113723" lon="7.104564874898642"><ele>1506.5999755859375</ele></trkpt><trkpt lat="46.031587444245815" lon="7.104447908233851"><ele>1509.0</ele></trkpt><trkpt lat="46.031727864407" lon="7.104175830259919"><ele>1513.3999938964844</ele></trkpt><trkpt lat="46.0318054324016" lon="7.103942882269621"><ele>1517.8999938964844</ele></trkpt><trkpt lat="46.0318883578293" lon="7.1036969856359065"><ele>1520.6999816894531</ele></trkpt><trkpt lat="46.03201826289296" lon="7.103519249241799"><ele>1522.1999816894531</ele></trkpt><trkpt lat="46.03222343605012" lon="7.103242893237621"><ele>1523.1999816894531</ele></trkpt><trkpt lat="46.032246438320726" lon="7.103113599587232"><ele>1524.1999816894531</ele></trkpt><trkpt lat="46.03238048078492" lon="7.102815723512322"><ele>1526.0999755859375</ele></trkpt><trkpt lat="46.032401451841" lon="7.102608950342983"><ele>1528.7999877929688</ele></trkpt><trkpt lat="46.032453432213515" lon="7.102544053923339"><ele>1531.0999755859375</ele></trkpt><trkpt lat="46.032535455189645" lon="7.102298157289624"><ele>1532.7999877929688</ele></trkpt><trkpt lat="46.03251316957176" lon="7.102065820712596"><ele>1533.8999938964844</ele></trkpt><trkpt lat="46.032360489014536" lon="7.10184720531106"><ele>1534.5</ele></trkpt><trkpt lat="46.032341172453016" lon="7.101705257315189"><ele>1535.5999755859375</ele></trkpt><trkpt lat="46.03236649138853" lon="7.101449379231781"><ele>1537.0999755859375</ele></trkpt><trkpt lat="46.03239001473412" lon="7.1011948036029935"><ele>1538.5999755859375</ele></trkpt><trkpt lat="46.03241442888975" lon="7.10093763936311"><ele>1539.8999938964844</ele></trkpt><trkpt lat="46.03243709402159" lon="7.10069727525115"><ele>1541.0</ele></trkpt><trkpt lat="46.032534876372665" lon="7.1003092103637755"><ele>1542.3999938964844</ele></trkpt><trkpt lat="46.03257891908288" lon="7.099998970050365"><ele>1543.7999877929688</ele></trkpt><trkpt lat="46.03257891908288" lon="7.099998970050365"><ele>1543.7999877929688</ele></trkpt><trkpt lat="46.03257891908288" lon="7.099998970050365"><ele>1543.7999877929688</ele></trkpt><trkpt lat="46.03257891908288" lon="7.099998970050365"><ele>1543.7999877929688</ele></trkpt><trkpt lat="46.03257891908288" lon="7.099998970050365"><ele>1543.7999877929688</ele></trkpt><trkpt lat="46.03257891908288" lon="7.099998970050365"><ele>1543.7999877929688</ele></trkpt><trkpt lat="46.032560070976615" lon="7.099714951124042"><ele>1544.7999877929688</ele></trkpt><trkpt lat="46.03260399447754" lon="7.09936596499756"><ele>1545.8999938964844</ele></trkpt><trkpt lat="46.032559159677476" lon="7.099115687888116"><ele>1547.0999755859375</ele></trkpt><trkpt lat="46.03251247853041" lon="7.098849924746901"><ele>1548.1999816894531</ele></trkpt><trkpt lat="46.03245147783309" lon="7.09860878996551"><ele>1548.7999877929688</ele></trkpt><trkpt lat="46.03236045548692" lon="7.098256772849709"><ele>1548.8999938964844</ele></trkpt><trkpt lat="46.03231449937448" lon="7.097934179473668"><ele>1549.7999877929688</ele></trkpt><trkpt lat="46.032210401725024" lon="7.097720438614488"><ele>1551.8999938964844</ele></trkpt><trkpt lat="46.03206735663116" lon="7.09741911990568"><ele>1554.0999755859375</ele></trkpt><trkpt lat="46.03199648624286" lon="7.097187091130763"><ele>1555.6999816894531</ele></trkpt><trkpt lat="46.03197591472417" lon="7.09693020908162"><ele>1557.2999877929688</ele></trkpt><trkpt lat="46.031956241931766" lon="7.0966733219102025"><ele>1559.6999816894531</ele></trkpt><trkpt lat="46.03193746833131" lon="7.096416428685188"><ele>1562.6999816894531</ele></trkpt><trkpt lat="46.03192049730569" lon="7.096160816028714"><ele>1565.0999755859375</ele></trkpt><trkpt lat="46.03189242724329" lon="7.095805827062577"><ele>1566.3999938964844</ele></trkpt><trkpt lat="46.03181704785675" lon="7.095571246463805"><ele>1567.3999938964844</ele></trkpt><trkpt lat="46.031743462663144" lon="7.095335364341736"><ele>1568.2999877929688</ele></trkpt><trkpt lat="46.03169349441305" lon="7.0951742408797145"><ele>1568.6999816894531</ele></trkpt><trkpt lat="46.0315833161585" lon="7.0950328703038394"><ele>1569.8999938964844</ele></trkpt><trkpt lat="46.03153144940734" lon="7.094839472323656"><ele>1571.6999816894531</ele></trkpt><trkpt lat="46.031537152826786" lon="7.094645710662007"><ele>1572.8999938964844</ele></trkpt><trkpt lat="46.031594446860254" lon="7.094554943498224"><ele>1574.5</ele></trkpt><trkpt lat="46.031528503634036" lon="7.094464955385774"><ele>1577.0999755859375</ele></trkpt><trkpt lat="46.0314195016399" lon="7.094413984566927"><ele>1580.1999816894531</ele></trkpt><trkpt lat="46.03141015022993" lon="7.094297809060663"><ele>1582.5</ele></trkpt><trkpt lat="46.0313832834363" lon="7.094336723908782"><ele>1583.6999816894531</ele></trkpt><trkpt lat="46.03128429502249" lon="7.09432443510741"><ele>1585.3999938964844</ele></trkpt><trkpt lat="46.03128401795402" lon="7.094234032556415"><ele>1587.2999877929688</ele></trkpt><trkpt lat="46.03125699236989" lon="7.094221288338304"><ele>1588.7999877929688</ele></trkpt><trkpt lat="46.03118495037779" lon="7.094195914454758"><ele>1590.0999755859375</ele></trkpt><trkpt lat="46.03112222068012" lon="7.094273800961673"><ele>1591.0999755859375</ele></trkpt><trkpt lat="46.031080497428775" lon="7.0944548742845654"><ele>1593.2999877929688</ele></trkpt><trkpt lat="46.030882481019944" lon="7.094417381566018"><ele>1597.5999755859375</ele></trkpt><trkpt lat="46.0307904118672" lon="7.094314645510167"><ele>1600.8999938964844</ele></trkpt><trkpt lat="46.03074641432613" lon="7.094340753741562"><ele>1603.3999938964844</ele></trkpt><trkpt lat="46.0305735017173" lon="7.094275981653482"><ele>1607.1999816894531</ele></trkpt><trkpt lat="46.03043841710314" lon="7.094226468820125"><ele>1611.0</ele></trkpt><trkpt lat="46.03040204383433" lon="7.094098843168467"><ele>1613.6999816894531</ele></trkpt><trkpt lat="46.03033891413361" lon="7.094046292360872"><ele>1616.5</ele></trkpt><trkpt lat="46.03032108256593" lon="7.094098064582795"><ele>1619.2999877929688</ele></trkpt><trkpt lat="46.03023347072303" lon="7.093982386868447"><ele>1622.0</ele></trkpt><trkpt lat="46.030144456773996" lon="7.093995864968747"><ele>1623.8999938964844</ele></trkpt><trkpt lat="46.030114030931145" lon="7.094047716353089"><ele>1624.5</ele></trkpt><trkpt lat="46.029973465483636" lon="7.093971117865294"><ele>1624.6999816894531</ele></trkpt><trkpt lat="46.02989140897989" lon="7.09390706429258"><ele>1625.0</ele></trkpt><trkpt lat="46.02981635089964" lon="7.093778392765671"><ele>1625.0999755859375</ele></trkpt><trkpt lat="46.02975803008303" lon="7.0935346758924425"><ele>1625.5</ele></trkpt><trkpt lat="46.02970150439069" lon="7.093289656564593"><ele>1626.5</ele></trkpt><trkpt lat="46.02964321477339" lon="7.093056272249669"><ele>1627.5999755859375</ele></trkpt><trkpt lat="46.02955795451999" lon="7.0928282253444195"><ele>1628.5999755859375</ele></trkpt><trkpt lat="46.02947449684143" lon="7.0926014594733715"><ele>1629.8999938964844</ele></trkpt><trkpt lat="46.029387436341494" lon="7.092373425606638"><ele>1631.1999816894531</ele></trkpt><trkpt lat="46.0293021784164" lon="7.092146672308445"><ele>1632.3999938964844</ele></trkpt><trkpt lat="46.02919150190428" lon="7.091845177579671"><ele>1633.6999816894531</ele></trkpt><trkpt lat="46.029144087806344" lon="7.091638848185539"><ele>1635.0</ele></trkpt><trkpt lat="46.029128461144865" lon="7.091239890549332"><ele>1636.6999816894531</ele></trkpt><trkpt lat="46.02897445624694" lon="7.090890891849995"><ele>1638.5</ele></trkpt><trkpt lat="46.02897445624694" lon="7.090890891849995"><ele>1638.5</ele></trkpt><trkpt lat="46.02897445624694" lon="7.090890891849995"><ele>1638.5</ele></trkpt><trkpt lat="46.02897445624694" lon="7.090890891849995"><ele>1638.5</ele></trkpt><trkpt lat="46.02897445624694" lon="7.090890891849995"><ele>1638.5</ele></trkpt><trkpt lat="46.02897445624694" lon="7.090890891849995"><ele>1638.5</ele></trkpt><trkpt lat="46.02894323179498" lon="7.090684460476041"><ele>1639.5</ele></trkpt><trkpt lat="46.028960425872356" lon="7.090427353512496"><ele>1640.1999816894531</ele></trkpt><trkpt lat="46.028974920511246" lon="7.090170263778418"><ele>1641.2999877929688</ele></trkpt><trkpt lat="46.02899644244462" lon="7.089858888182789"><ele>1642.6999816894531</ele></trkpt><trkpt lat="46.02894946234301" lon="7.089793325401843"><ele>1644.6999816894531</ele></trkpt><trkpt lat="46.02885948540643" lon="7.089496870990843"><ele>1648.0999755859375</ele></trkpt><trkpt lat="46.02880348870531" lon="7.089135627262294"><ele>1651.3999938964844</ele></trkpt><trkpt lat="46.028660477139056" lon="7.088852429296821"><ele>1654.1999816894531</ele></trkpt><trkpt lat="46.028622093610466" lon="7.088658960536122"><ele>1656.6999816894531</ele></trkpt><trkpt lat="46.02846250496805" lon="7.088541174773127"><ele>1658.8999938964844</ele></trkpt><trkpt lat="46.028362423647195" lon="7.08846691576764"><ele>1661.7999877929688</ele></trkpt><trkpt lat="46.028217115439475" lon="7.088312879670411"><ele>1666.5</ele></trkpt><trkpt lat="46.028065470047295" lon="7.0881459708325565"><ele>1672.0</ele></trkpt><trkpt lat="46.02788209822029" lon="7.087901782244444"><ele>1676.8999938964844</ele></trkpt><trkpt lat="46.02778516616672" lon="7.087684157770127"><ele>1680.7999877929688</ele></trkpt><trkpt lat="46.02770997630432" lon="7.087515467312187"><ele>1684.5999755859375</ele></trkpt><trkpt lat="46.02745822817087" lon="7.0875558336265385"><ele>1688.8999938964844</ele></trkpt><trkpt lat="46.02738744812086" lon="7.087646688800305"><ele>1693.3999938964844</ele></trkpt><trkpt lat="46.027333062142134" lon="7.087802008725703"><ele>1699.5999755859375</ele></trkpt><trkpt lat="46.02728026127443" lon="7.088176857214421"><ele>1707.7999877929688</ele></trkpt><trkpt lat="46.02712845476344" lon="7.087958297226578"><ele>1715.7999877929688</ele></trkpt><trkpt lat="46.02696747938171" lon="7.087972248438746"><ele>1722.3999938964844</ele></trkpt><trkpt lat="46.026885501109064" lon="7.087934035342187"><ele>1726.5</ele></trkpt><trkpt lat="46.02676794026047" lon="7.087735918350518"><ele>1729.5999755859375</ele></trkpt><trkpt lat="46.02666844287887" lon="7.087560930754989"><ele>1733.5</ele></trkpt><trkpt lat="46.02646810468286" lon="7.087356892880052"><ele>1740.6999816894531</ele></trkpt><trkpt lat="46.02618920523673" lon="7.08734448812902"><ele>1750.0</ele></trkpt><trkpt lat="46.02608150430024" lon="7.087422666139901"><ele>1755.6999816894531</ele></trkpt><trkpt lat="46.025937215425074" lon="7.0873073735274374"><ele>1759.2999877929688</ele></trkpt><trkpt lat="46.025658117141575" lon="7.08723169285804"><ele>1764.5999755859375</ele></trkpt><trkpt lat="46.02553548850119" lon="7.0874261893332005"><ele>1771.5</ele></trkpt><trkpt lat="46.025425012689084" lon="7.087479848880321"><ele>1780.1999816894531</ele></trkpt><trkpt lat="46.02526644943282" lon="7.0874020997434855"><ele>1790.0</ele></trkpt><trkpt lat="46.025163943879306" lon="7.087415675632656"><ele>1797.5</ele></trkpt><trkpt lat="46.02509222878143" lon="7.08749491116032"><ele>1803.8999938964844</ele></trkpt><trkpt lat="46.02495717443526" lon="7.087455751374364"><ele>1810.8999938964844</ele></trkpt><trkpt lat="46.02490450674668" lon="7.087585226632655"><ele>1816.7999877929688</ele></trkpt><trkpt lat="46.02481345273554" lon="7.087521246634424"><ele>1821.7999877929688</ele></trkpt><trkpt lat="46.02473302045837" lon="7.087689640931785"><ele>1828.5999755859375</ele></trkpt><trkpt lat="46.024553114548326" lon="7.087690801359713"><ele>1837.0</ele></trkpt><trkpt lat="46.02451941836625" lon="7.087845980189741"><ele>1844.7999877929688</ele></trkpt><trkpt lat="46.024421450681984" lon="7.0878724390640855"><ele>1851.7999877929688</ele></trkpt><trkpt lat="46.02441939851269" lon="7.088079066481441"><ele>1857.2999877929688</ele></trkpt><trkpt lat="46.024314436130226" lon="7.088170136325061"><ele>1863.0999755859375</ele></trkpt><trkpt lat="46.02424034010619" lon="7.088351400569081"><ele>1869.7999877929688</ele></trkpt><trkpt lat="46.02416315115988" lon="7.088118167128414"><ele>1875.6999816894531</ele></trkpt><trkpt lat="46.024104121141136" lon="7.087939052842557"><ele>1880.0999755859375</ele></trkpt><trkpt lat="46.02406814089045" lon="7.08793928520754"><ele>1884.8999938964844</ele></trkpt><trkpt lat="46.02395542198792" lon="7.088138876482844"><ele>1892.5</ele></trkpt><trkpt lat="46.02382745873183" lon="7.088354060426354"><ele>1900.5</ele></trkpt><trkpt lat="46.02372721256688" lon="7.088226865511388"><ele>1908.7999877929688</ele></trkpt><trkpt lat="46.02353948960081" lon="7.088317175861448"><ele>1920.0999755859375</ele></trkpt><trkpt lat="46.023360420018435" lon="7.0882976683788"><ele>1933.5999755859375</ele></trkpt><trkpt lat="46.023360420018435" lon="7.0882976683788"><ele>1933.5999755859375</ele></trkpt><trkpt lat="46.023360420018435" lon="7.0882976683788"><ele>1933.5999755859375</ele></trkpt><trkpt lat="46.023360420018435" lon="7.0882976683788"><ele>1933.5999755859375</ele></trkpt><trkpt lat="46.023360420018435" lon="7.0882976683788"><ele>1933.5999755859375</ele></trkpt><trkpt lat="46.023360420018435" lon="7.0882976683788"><ele>1933.5999755859375</ele></trkpt><trkpt lat="46.02309046452865" lon="7.0882684155367315"><ele>1947.2999877929688</ele></trkpt><trkpt lat="46.022928456775844" lon="7.08852771949023"><ele>1958.5</ele></trkpt><trkpt lat="46.02277499996126" lon="7.088644923642278"><ele>1966.1999816894531</ele></trkpt><trkpt lat="46.02270842110738" lon="7.088929437566549"><ele>1972.7999877929688</ele></trkpt><trkpt lat="46.02258710563183" lon="7.088968956377357"><ele>1979.1999816894531</ele></trkpt><trkpt lat="46.022440045606345" lon="7.089118399657309"><ele>1986.2999877929688</ele></trkpt><trkpt lat="46.02234499761835" lon="7.089215857442468"><ele>1994.3999938964844</ele></trkpt><trkpt lat="46.0221651121974" lon="7.0892234686762094"><ele>2002.3999938964844</ele></trkpt><trkpt lat="46.02200321666896" lon="7.0892309648916125"><ele>2009.3999938964844</ele></trkpt><trkpt lat="46.021853409241885" lon="7.08936492819339"><ele>2015.0</ele></trkpt><trkpt lat="46.02169549744576" lon="7.089496359694749"><ele>2020.5</ele></trkpt><trkpt lat="46.02147749764845" lon="7.089686283376068"><ele>2027.5</ele></trkpt><trkpt lat="46.02125825313851" lon="7.089765164535493"><ele>2035.8999938964844</ele></trkpt><trkpt lat="46.020997107960284" lon="7.089676450472325"><ele>2043.7999877929688</ele></trkpt><trkpt lat="46.02088020928204" lon="7.089690112974495"><ele>2048.699981689453</ele></trkpt><trkpt lat="46.02082643844187" lon="7.089755020104349"><ele>2052.0999755859375</ele></trkpt><trkpt lat="46.02070242771879" lon="7.089795843698084"><ele>2056.0999755859375</ele></trkpt><trkpt lat="46.02065143175423" lon="7.0898852669633925"><ele>2059.3999938964844</ele></trkpt><trkpt lat="46.02058744477108" lon="7.089846939779818"><ele>2062.3999938964844</ele></trkpt><trkpt lat="46.0204944149591" lon="7.090015397872776"><ele>2065.8999938964844</ele></trkpt><trkpt lat="46.020440202672035" lon="7.089938270393759"><ele>2068.3999938964844</ele></trkpt><trkpt lat="46.02040544198826" lon="7.090041792485863"><ele>2070.0</ele></trkpt><trkpt lat="46.020359405782074" lon="7.089990437962115"><ele>2072.699981689453</ele></trkpt><trkpt lat="46.02008039364591" lon="7.08994186623022"><ele>2077.199981689453</ele></trkpt><trkpt lat="46.019865481648594" lon="7.089967776555568"><ele>2082.3999938964844</ele></trkpt><trkpt lat="46.01969842147082" lon="7.090050193481147"><ele>2087.699981689453</ele></trkpt><trkpt lat="46.01948734000325" lon="7.090150969102979"><ele>2092.7999877929688</ele></trkpt><trkpt lat="46.019426497165114" lon="7.090255947783589"><ele>2096.199981689453</ele></trkpt><trkpt lat="46.01930149784312" lon="7.090268368367106"><ele>2098.7999877929688</ele></trkpt><trkpt lat="46.01918234070763" lon="7.090424076188356"><ele>2100.8999938964844</ele></trkpt><trkpt lat="46.0191844208166" lon="7.090514448005706"><ele>2102.199981689453</ele></trkpt><trkpt lat="46.019123452715576" lon="7.09057939844206"><ele>2104.0999755859375</ele></trkpt><trkpt lat="46.01908431435004" lon="7.090721682179719"><ele>2107.5999755859375</ele></trkpt><trkpt lat="46.01895910035819" lon="7.090954900253564"><ele>2112.3999938964844</ele></trkpt><trkpt lat="46.01892744144425" lon="7.0911888112314045"><ele>2116.7999877929688</ele></trkpt><trkpt lat="46.018879022914916" lon="7.09123947750777"><ele>2119.2999877929688</ele></trkpt><trkpt lat="46.018897173926234" lon="7.09129100991413"><ele>2120.699981689453</ele></trkpt><trkpt lat="46.01886147633195" lon="7.091382913291454"><ele>2122.0999755859375</ele></trkpt><trkpt lat="46.01887242728844" lon="7.091433200985193"><ele>2124.199981689453</ele></trkpt><trkpt lat="46.01879350794479" lon="7.091511176433414"><ele>2127.199981689453</ele></trkpt><trkpt lat="46.018781198654324" lon="7.091602930799127"><ele>2130.199981689453</ele></trkpt><trkpt lat="46.01870048046112" lon="7.0916809174232185"><ele>2132.2999877929688</ele></trkpt><trkpt lat="46.018665253184736" lon="7.091925178654492"><ele>2133.7999877929688</ele></trkpt><trkpt lat="46.01853342074901" lon="7.09205513773486"><ele>2135.3999938964844</ele></trkpt><trkpt lat="46.018479448743165" lon="7.09205548139289"><ele>2136.699981689453</ele></trkpt><trkpt lat="46.01842305716127" lon="7.092146224342287"><ele>2138.2999877929688</ele></trkpt><trkpt lat="46.01831511314958" lon="7.092146911192685"><ele>2140.7999877929688</ele></trkpt><trkpt lat="46.01822745986283" lon="7.092018350027502"><ele>2143.0999755859375</ele></trkpt><trkpt lat="46.01818346278742" lon="7.0920444540679455"><ele>2145.3999938964844</ele></trkpt><trkpt lat="46.01813524728641" lon="7.092160968575627"><ele>2148.8999938964844</ele></trkpt><trkpt lat="46.01789229363203" lon="7.0921366908587515"><ele>2153.199981689453</ele></trkpt><trkpt lat="46.01782909128815" lon="7.092060913797468"><ele>2156.0999755859375</ele></trkpt><trkpt lat="46.01780218537897" lon="7.092086908407509"><ele>2157.5</ele></trkpt><trkpt lat="46.01770447334275" lon="7.091905474662781"><ele>2159.3999938964844</ele></trkpt><trkpt lat="46.01761444052681" lon="7.091880224645138"><ele>2163.0</ele></trkpt><trkpt lat="46.01753120496869" lon="7.091725814156234"><ele>2166.0999755859375</ele></trkpt><trkpt lat="46.01756244990975" lon="7.09164814511314"><ele>2169.199981689453</ele></trkpt><trkpt lat="46.01749426685274" lon="7.09141616942361"><ele>2174.7999877929688</ele></trkpt><trkpt lat="46.01741444924846" lon="7.091494149528444"><ele>2183.7999877929688</ele></trkpt><trkpt lat="46.017243480309844" lon="7.091185360681266"><ele>2195.0</ele></trkpt><trkpt lat="46.01717045903206" lon="7.0911341807805"><ele>2202.699981689453</ele></trkpt><trkpt lat="46.01707448903471" lon="7.091225175186992"><ele>2205.8999938964844</ele></trkpt><trkpt lat="46.01706447871402" lon="7.091187795624137"><ele>2208.199981689453</ele></trkpt><trkpt lat="46.01699341228232" lon="7.091186958365142"><ele>2212.7999877929688</ele></trkpt><trkpt lat="46.016899426002055" lon="7.09104682225734"><ele>2219.199981689453</ele></trkpt><trkpt lat="46.016899426002055" lon="7.09104682225734"><ele>2219.199981689453</ele></trkpt><trkpt lat="46.016899426002055" lon="7.09104682225734"><ele>2219.199981689453</ele></trkpt><trkpt lat="46.016899426002055" lon="7.09104682225734"><ele>2219.199981689453</ele></trkpt><trkpt lat="46.016899426002055" lon="7.09104682225734"><ele>2219.199981689453</ele></trkpt><trkpt lat="46.016899426002055" lon="7.09104682225734"><ele>2219.199981689453</ele></trkpt><trkpt lat="46.01685546943918" lon="7.091085838153958"><ele>2223.2999877929688</ele></trkpt><trkpt lat="46.0168014136143" lon="7.091059069149196"><ele>2226.199981689453</ele></trkpt><trkpt lat="46.01667650276795" lon="7.091099892742932"><ele>2229.199981689453</ele></trkpt><trkpt lat="46.01660543587059" lon="7.091099055018276"><ele>2232.0999755859375</ele></trkpt><trkpt lat="46.016567456070334" lon="7.0910347402095795"><ele>2234.7999877929688</ele></trkpt><trkpt lat="46.01651446381584" lon="7.091060901992023"><ele>2237.0</ele></trkpt><trkpt lat="46.016530339606106" lon="7.090958800166845"><ele>2239.0</ele></trkpt><trkpt lat="46.01649435516447" lon="7.0909577389247715"><ele>2242.7999877929688</ele></trkpt><trkpt lat="46.01634443318471" lon="7.090765025001019"><ele>2250.0</ele></trkpt><trkpt lat="46.01619843393564" lon="7.090676870197058"><ele>2259.5</ele></trkpt><trkpt lat="46.01602045586333" lon="7.090719325002283"><ele>2270.3999938964844</ele></trkpt><trkpt lat="46.01581910997629" lon="7.090768384281546"><ele>2280.699981689453</ele></trkpt><trkpt lat="46.015675145201385" lon="7.090756393503398"><ele>2286.5999755859375</ele></trkpt><trkpt lat="46.01563928415999" lon="7.090795356780291"><ele>2289.7999877929688</ele></trkpt><trkpt lat="46.015513270162046" lon="7.090770339593291"><ele>2294.199981689453</ele></trkpt><trkpt lat="46.0154334125109" lon="7.090835406444967"><ele>2300.8999938964844</ele></trkpt><trkpt lat="46.01542842108756" lon="7.090965842828155"><ele>2308.2999877929688</ele></trkpt><trkpt lat="46.015343042090535" lon="7.09099092008546"><ele>2315.0999755859375</ele></trkpt><trkpt lat="46.01512703858316" lon="7.090954856947064"><ele>2321.0</ele></trkpt><trkpt lat="46.014937452971935" lon="7.090735287871212"><ele>2326.5999755859375</ele></trkpt><trkpt lat="46.01487750560045" lon="7.0908389603719115"><ele>2333.2999877929688</ele></trkpt><trkpt lat="46.01478645345196" lon="7.0907749873586"><ele>2340.0</ele></trkpt><trkpt lat="46.01473448192701" lon="7.090839875862002"><ele>2348.199981689453</ele></trkpt><trkpt lat="46.01455945381895" lon="7.090673151426017"><ele>2358.5</ele></trkpt><trkpt lat="46.014469421468675" lon="7.090647905599326"><ele>2367.7999877929688</ele></trkpt><trkpt lat="46.0143914623186" lon="7.090454739984125"><ele>2375.5</ele></trkpt><trkpt lat="46.01433417387307" lon="7.090545483864844"><ele>2383.199981689453</ele></trkpt><trkpt lat="46.01421847380698" lon="7.090365470852703"><ele>2390.3999938964844</ele></trkpt><trkpt lat="46.014220433775336" lon="7.090417102910578"><ele>2395.0999755859375</ele></trkpt><trkpt lat="46.01410947507247" lon="7.090315816458315"><ele>2398.199981689453</ele></trkpt><trkpt lat="46.014013442676514" lon="7.09009694494307"><ele>2398.5</ele></trkpt><trkpt lat="46.013848474249244" lon="7.08998438436538"><ele>2395.0</ele></trkpt><trkpt lat="46.013675388880074" lon="7.089865420944989"><ele>2390.0</ele></trkpt><trkpt lat="46.01356732379645" lon="7.089827380143106"><ele>2386.3999938964844</ele></trkpt><trkpt lat="46.01346845459193" lon="7.089853834360838"><ele>2385.0</ele></trkpt><trkpt lat="46.013405330944806" lon="7.0898038870655"><ele>2386.5999755859375</ele></trkpt><trkpt lat="46.013355411589146" lon="7.08966089785099"><ele>2390.5</ele></trkpt><trkpt lat="46.01320843072608" lon="7.089546934701502"><ele>2394.8999938964844</ele></trkpt><trkpt lat="46.0131094539538" lon="7.089249332435429"><ele>2398.5999755859375</ele></trkpt><trkpt lat="46.01299047796056" lon="7.089173922780901"><ele>2400.199981689453</ele></trkpt><trkpt lat="46.0129755185917" lon="7.088991978671402"><ele>2400.5999755859375</ele></trkpt><trkpt lat="46.01291247457266" lon="7.088967853225768"><ele>2400.5</ele></trkpt><trkpt lat="46.01276803808287" lon="7.088804815430194"><ele>2401.5</ele></trkpt><trkpt lat="46.01265517808497" lon="7.088671270757914"><ele>2405.7999877929688</ele></trkpt><trkpt lat="46.012496498413384" lon="7.088556096423417"><ele>2411.5</ele></trkpt><trkpt lat="46.0124155045487" lon="7.088544997852296"><ele>2415.7999877929688</ele></trkpt><trkpt lat="46.01236848765984" lon="7.0884678373113275"><ele>2419.0</ele></trkpt><trkpt lat="46.012277469504625" lon="7.0884154895320535"><ele>2419.5</ele></trkpt><trkpt lat="46.012216441798955" lon="7.088173164054751"><ele>2414.0999755859375</ele></trkpt><trkpt lat="46.01214910065755" lon="7.087925715837628"><ele>2409.0</ele></trkpt><trkpt lat="46.0119425021112" lon="7.087733389809728"><ele>2411.2999877929688</ele></trkpt><trkpt lat="46.01186346914619" lon="7.0877739218994975"><ele>2416.5</ele></trkpt><trkpt lat="46.011762435082346" lon="7.087682909332216"><ele>2420.5</ele></trkpt><trkpt lat="46.01174334343523" lon="7.087618480902165"><ele>2422.699981689453</ele></trkpt><trkpt lat="46.01167134009302" lon="7.087606034707278"><ele>2422.5</ele></trkpt><trkpt lat="46.01169342407957" lon="7.087476788088679"><ele>2418.699981689453</ele></trkpt><trkpt lat="46.01151732634753" lon="7.087258447427303"><ele>2413.5</ele></trkpt><trkpt lat="46.01152150006965" lon="7.087155137211084"><ele>2410.7999877929688</ele></trkpt><trkpt lat="46.01145747071132" lon="7.087103908881545"><ele>2408.5999755859375</ele></trkpt><trkpt lat="46.01138114044443" lon="7.086859105620533"><ele>2405.699981689453</ele></trkpt><trkpt lat="46.011327046435326" lon="7.086820723954588"><ele>2403.699981689453</ele></trkpt><trkpt lat="46.011319489683956" lon="7.0867058713920414"><ele>2402.5</ele></trkpt><trkpt lat="46.0111640766263" lon="7.086486109998077"><ele>2400.699981689453</ele></trkpt><trkpt lat="46.011100420262665" lon="7.086267047561705"><ele>2399.8999938964844</ele></trkpt><trkpt lat="46.011028051842004" lon="7.0861384137533605"><ele>2400.199981689453</ele></trkpt><trkpt lat="46.010932421311736" lon="7.086049952544272"><ele>2401.0</ele></trkpt><trkpt lat="46.01089247269556" lon="7.08593272883445"><ele>2402.8999938964844</ele></trkpt><trkpt lat="46.01078412309289" lon="7.085804328788072"><ele>2404.199981689453</ele></trkpt><trkpt lat="46.01061208033934" lon="7.085731855593622"><ele>2404.5</ele></trkpt><trkpt lat="46.01061208033934" lon="7.085731855593622"><ele>2404.5</ele></trkpt><trkpt lat="46.01061208033934" lon="7.085731855593622"><ele>2404.5</ele></trkpt><trkpt lat="46.01061208033934" lon="7.085731855593622"><ele>2404.5</ele></trkpt><trkpt lat="46.01061208033934" lon="7.085731855593622"><ele>2404.5</ele></trkpt><trkpt lat="46.01061208033934" lon="7.085731855593622"><ele>2404.5</ele></trkpt><trkpt lat="46.010463441722095" lon="7.0856643952429295"><ele>2404.3999938964844</ele></trkpt><trkpt lat="46.010325488168746" lon="7.085562008898705"><ele>2404.699981689453</ele></trkpt><trkpt lat="46.01027936814353" lon="7.0854848474264145"><ele>2405.0</ele></trkpt><trkpt lat="46.01021742168814" lon="7.085523979272693"><ele>2404.699981689453</ele></trkpt><trkpt lat="46.01013532001525" lon="7.085447051096708"><ele>2404.199981689453</ele></trkpt><trkpt lat="46.01000930322334" lon="7.085422047879547"><ele>2399.7999877929688</ele></trkpt><trkpt lat="46.00991243682802" lon="7.085513044614345"><ele>2394.2999877929688</ele></trkpt><trkpt lat="46.00988336652517" lon="7.085422863252461"><ele>2391.699981689453</ele></trkpt><trkpt lat="46.009811444208026" lon="7.085436238907278"><ele>2389.5999755859375</ele></trkpt><trkpt lat="46.00980224553496" lon="7.085371749009937"><ele>2388.699981689453</ele></trkpt><trkpt lat="46.00970321940258" lon="7.085347862448543"><ele>2389.7999877929688</ele></trkpt><trkpt lat="46.00960647733882" lon="7.085192280821502"><ele>2391.199981689453</ele></trkpt><trkpt lat="46.00943234283477" lon="7.085026873741299"><ele>2392.7999877929688</ele></trkpt><trkpt lat="46.00919829728082" lon="7.084975463338196"><ele>2396.3999938964844</ele></trkpt><trkpt lat="46.00900440989062" lon="7.084821805823594"><ele>2400.3999938964844</ele></trkpt><trkpt lat="46.00895518390462" lon="7.084900875110179"><ele>2402.0</ele></trkpt><trkpt lat="46.00888321734965" lon="7.084900051821023"><ele>2403.5</ele></trkpt><trkpt lat="46.00891449814662" lon="7.084835300222039"><ele>2406.5999755859375</ele></trkpt><trkpt lat="46.00876141898334" lon="7.084785947576165"><ele>2410.699981689453</ele></trkpt><trkpt lat="46.00873242691159" lon="7.084720296785235"><ele>2414.199981689453</ele></trkpt><trkpt lat="46.00859545357525" lon="7.084643729496747"><ele>2416.3999938964844</ele></trkpt><trkpt lat="46.008560412563384" lon="7.084656866732985"><ele>2417.3999938964844</ele></trkpt><trkpt lat="46.00840437365696" lon="7.084524911828339"><ele>2418.5</ele></trkpt><trkpt lat="46.008173453155905" lon="7.084323733579367"><ele>2419.0999755859375</ele></trkpt><trkpt lat="46.00799923110753" lon="7.08413122408092"><ele>2418.5999755859375</ele></trkpt><trkpt lat="46.00791950058192" lon="7.083951010368764"><ele>2417.5</ele></trkpt><trkpt lat="46.00781842553988" lon="7.08384839259088"><ele>2415.699981689453</ele></trkpt><trkpt lat="46.007692449726164" lon="7.083836303092539"><ele>2415.0999755859375</ele></trkpt><trkpt lat="46.00760229257867" lon="7.083772343583405"><ele>2417.0</ele></trkpt><trkpt lat="46.00749545684084" lon="7.083838877733797"><ele>2420.699981689453</ele></trkpt><trkpt lat="46.007235487923026" lon="7.08383928053081"><ele>2424.699981689453</ele></trkpt><trkpt lat="46.00697315018624" lon="7.083944262936711"><ele>2426.2999877929688</ele></trkpt><trkpt lat="46.00691014248878" lon="7.083931764122099"><ele>2427.699981689453</ele></trkpt><trkpt lat="46.00678547658026" lon="7.083764756564051"><ele>2430.8999938964844</ele></trkpt><trkpt lat="46.00665843812749" lon="7.083701038733125"><ele>2432.7999877929688</ele></trkpt><trkpt lat="46.00651849154383" lon="7.08353800419718"><ele>2433.2999877929688</ele></trkpt><trkpt lat="46.00640742806718" lon="7.083405764307827"><ele>2433.0</ele></trkpt><trkpt lat="46.006316411308944" lon="7.08335472131148"><ele>2431.8999938964844</ele></trkpt><trkpt lat="46.006179109215736" lon="7.08317488944158"><ele>2431.2999877929688</ele></trkpt><trkpt lat="46.00612505571917" lon="7.083149424288422"><ele>2432.5999755859375</ele></trkpt><trkpt lat="46.00605350220576" lon="7.082994983065873"><ele>2434.7999877929688</ele></trkpt><trkpt lat="46.005962485447526" lon="7.08294394146651"><ele>2435.199981689453</ele></trkpt><trkpt lat="46.00584940519184" lon="7.082743299659342"><ele>2435.5999755859375</ele></trkpt><trkpt lat="46.005745369009674" lon="7.0825580903328955"><ele>2437.7999877929688</ele></trkpt><trkpt lat="46.0056192711927" lon="7.082507279701531"><ele>2442.0999755859375</ele></trkpt><trkpt lat="46.00550134899095" lon="7.082198237534612"><ele>2448.0</ele></trkpt><trkpt lat="46.0053694806993" lon="7.082029995042831"><ele>2453.699981689453</ele></trkpt><trkpt lat="46.00523946015164" lon="7.0818772315979"><ele>2458.199981689453</ele></trkpt><trkpt lat="46.00524829607457" lon="7.081826829351485"><ele>2460.699981689453</ele></trkpt><trkpt lat="46.00521231070161" lon="7.081825774628669"><ele>2462.5</ele></trkpt><trkpt lat="46.005067482125014" lon="7.08154272986576"><ele>2464.699981689453</ele></trkpt><trkpt lat="46.004924460314214" lon="7.081544958055019"><ele>2465.5</ele></trkpt><trkpt lat="46.00486042490229" lon="7.081492451950908"><ele>2465.699981689453</ele></trkpt><trkpt lat="46.00484648440033" lon="7.0813518380746245"><ele>2466.5</ele></trkpt><trkpt lat="46.00476143043488" lon="7.081196200568229"><ele>2467.199981689453</ele></trkpt><trkpt lat="46.004751410800964" lon="7.080874838866293"><ele>2467.8999938964844</ele></trkpt><trkpt lat="46.004714278969914" lon="7.0807963400147855"><ele>2468.5</ele></trkpt><trkpt lat="46.004726419690996" lon="7.0806542644277215"><ele>2469.199981689453</ele></trkpt><trkpt lat="46.00465453695506" lon="7.080397853627801"><ele>2470.199981689453</ele></trkpt><trkpt lat="46.004550414159894" lon="7.080186835955828"><ele>2471.0</ele></trkpt><trkpt lat="46.00444449251518" lon="7.079975831322372"><ele>2472.5</ele></trkpt><trkpt lat="46.00430050492287" lon="7.079676008783281"><ele>2474.5</ele></trkpt><trkpt lat="46.00430050492287" lon="7.079676008783281"><ele>2474.5</ele></trkpt><trkpt lat="46.00430050492287" lon="7.079676008783281"><ele>2474.5</ele></trkpt><trkpt lat="46.00430050492287" lon="7.079676008783281"><ele>2474.5</ele></trkpt><trkpt lat="46.00430050492287" lon="7.079676008783281"><ele>2474.5</ele></trkpt><trkpt lat="46.00430050492287" lon="7.079676008783281"><ele>2474.5</ele></trkpt><trkpt lat="46.00423323782161" lon="7.079457005951554"><ele>2476.3999938964844</ele></trkpt><trkpt lat="46.004112088587135" lon="7.079266757704318"><ele>2478.5</ele></trkpt><trkpt lat="46.00397105468437" lon="7.079046952538192"><ele>2481.0999755859375</ele></trkpt><trkpt lat="46.003907384350896" lon="7.078827928286046"><ele>2483.5</ele></trkpt><trkpt lat="46.003928476478904" lon="7.078672886826098"><ele>2485.0999755859375</ele></trkpt><trkpt lat="46.003861451521516" lon="7.078530045226216"><ele>2486.3999938964844</ele></trkpt><trkpt lat="46.00387020269409" lon="7.078453827649355"><ele>2488.7999877929688</ele></trkpt><trkpt lat="46.003770048264414" lon="7.078078852966428"><ele>2493.3999938964844</ele></trkpt><trkpt lat="46.00390848098323" lon="7.077768133021891"><ele>2498.199981689453</ele></trkpt><trkpt lat="46.00379047682509" lon="7.077717280946672"><ele>2501.3999938964844</ele></trkpt><trkpt lat="46.00381643883884" lon="7.077678383793682"><ele>2502.8999938964844</ele></trkpt><trkpt lat="46.00378042040393" lon="7.077667004894465"><ele>2503.5999755859375</ele></trkpt><trkpt lat="46.0037784925662" lon="7.0776270013302565"><ele>2504.3999938964844</ele></trkpt><trkpt lat="46.00381349166855" lon="7.077600952703506"><ele>2506.199981689453</ele></trkpt><trkpt lat="46.00374107249081" lon="7.077459440100938"><ele>2510.199981689453</ele></trkpt><trkpt lat="46.00370438536629" lon="7.077240239363164"><ele>2514.3999938964844</ele></trkpt><trkpt lat="46.00371317751706" lon="7.0771769299171865"><ele>2517.2999877929688</ele></trkpt><trkpt lat="46.00379748502746" lon="7.07709892001003"><ele>2519.5999755859375</ele></trkpt><trkpt lat="46.0038304310292" lon="7.076994142960757"><ele>2521.5</ele></trkpt><trkpt lat="46.00388342048973" lon="7.076967974193394"><ele>2522.8999938964844</ele></trkpt><trkpt lat="46.00389220844954" lon="7.076903373934329"><ele>2525.199981689453</ele></trkpt><trkpt lat="46.00382146239281" lon="7.076723124831915"><ele>2528.7999877929688</ele></trkpt><trkpt lat="46.00388250639662" lon="7.07668399438262"><ele>2531.8999938964844</ele></trkpt><trkpt lat="46.00390016892925" lon="7.076581900008023"><ele>2535.0999755859375</ele></trkpt><trkpt lat="46.00389843294397" lon="7.0763224507682025"><ele>2540.199981689453</ele></trkpt><trkpt lat="46.00388950435445" lon="7.076064340770245"><ele>2545.8999938964844</ele></trkpt><trkpt lat="46.003862268291414" lon="7.075987071264535"><ele>2549.3999938964844</ele></trkpt><trkpt lat="46.003817333839834" lon="7.076000279281288"><ele>2551.0999755859375</ele></trkpt><trkpt lat="46.00384848425165" lon="7.0758968042209744"><ele>2553.699981689453</ele></trkpt><trkpt lat="46.00375241646543" lon="7.075675418134779"><ele>2557.7999877929688</ele></trkpt><trkpt lat="46.0036644609645" lon="7.075459142681211"><ele>2564.5</ele></trkpt><trkpt lat="46.003643377218395" lon="7.075059121940285"><ele>2573.199981689453</ele></trkpt><trkpt lat="46.00368908699602" lon="7.075007183942944"><ele>2578.8999938964844</ele></trkpt><trkpt lat="46.00369149306789" lon="7.074916808865964"><ele>2581.199981689453</ele></trkpt><trkpt lat="46.00372747937217" lon="7.07491785986349"><ele>2583.199981689453</ele></trkpt><trkpt lat="46.003761406987906" lon="7.074838892091066"><ele>2587.699981689453</ele></trkpt><trkpt lat="46.003763479180634" lon="7.074645251967013"><ele>2594.3999938964844</ele></trkpt><trkpt lat="46.00366038829088" lon="7.074478131253272"><ele>2599.0999755859375</ele></trkpt><trkpt lat="46.00371427740902" lon="7.074451954569668"><ele>2601.5</ele></trkpt><trkpt lat="46.00366909569129" lon="7.0743890050798655"><ele>2603.7999877929688</ele></trkpt><trkpt lat="46.00367149710655" lon="7.074297339189798"><ele>2606.199981689453</ele></trkpt><trkpt lat="46.003708420321345" lon="7.074310001451522"><ele>2608.5999755859375</ele></trkpt><trkpt lat="46.0037153698504" lon="7.074233795050532"><ele>2611.199981689453</ele></trkpt><trkpt lat="46.00371335726231" lon="7.074167975690216"><ele>2612.8999938964844</ele></trkpt><trkpt lat="46.003668217454106" lon="7.074117934796959"><ele>2615.0</ele></trkpt><trkpt lat="46.00369739951566" lon="7.073962838388979"><ele>2618.2999877929688</ele></trkpt><trkpt lat="46.00359635381028" lon="7.073871864937246"><ele>2620.0999755859375</ele></trkpt><trkpt lat="46.00346936983988" lon="7.073550004512072"><ele>2621.699981689453</ele></trkpt><trkpt lat="46.00348633527756" lon="7.073511165566742"><ele>2623.199981689453</ele></trkpt><trkpt lat="46.003459269646555" lon="7.073486821260303"><ele>2624.0999755859375</ele></trkpt><trkpt lat="46.003515688702464" lon="7.073408992961049"><ele>2626.199981689453</ele></trkpt><trkpt lat="46.00338144414127" lon="7.073344060219824"><ele>2629.199981689453</ele></trkpt><trkpt lat="46.0034333653748" lon="7.0732662617228925"><ele>2631.3999938964844</ele></trkpt><trkpt lat="46.003423349466175" lon="7.073228895198554"><ele>2634.8999938964844</ele></trkpt><trkpt lat="46.00329533498734" lon="7.072867028880864"><ele>2642.2999877929688</ele></trkpt><trkpt lat="46.00314238900319" lon="7.072584073059261"><ele>2650.5</ele></trkpt><trkpt lat="46.0030592684634" lon="7.072197382804006"><ele>2657.5</ele></trkpt><trkpt lat="46.002980335615575" lon="7.071991381235421"><ele>2662.7999877929688</ele></trkpt><trkpt lat="46.00288075488061" lon="7.071798427496105"><ele>2666.5</ele></trkpt><trkpt lat="46.00284473132342" lon="7.071785761974752"><ele>2668.5999755859375</ele></trkpt><trkpt lat="46.00282648764551" lon="7.0717084356583655"><ele>2669.699981689453</ele></trkpt><trkpt lat="46.00279046455398" lon="7.071695769671351"><ele>2670.7999877929688</ele></trkpt><trkpt lat="46.00276035768911" lon="7.071566890459508"><ele>2672.3999938964844</ele></trkpt><trkpt lat="46.00277817994356" lon="7.071515137329698"><ele>2674.8999938964844</ele></trkpt><trkpt lat="46.00269826175645" lon="7.071283328346908"><ele>2680.0</ele></trkpt><trkpt lat="46.00257838703692" lon="7.0709369061514735"><ele>2686.5</ele></trkpt><trkpt lat="46.00253438949585" lon="7.070686784572899"><ele>2691.5999755859375</ele></trkpt><trkpt lat="46.00248409854248" lon="7.070437996648252"><ele>2695.199981689453</ele></trkpt><trkpt lat="46.00243740109727" lon="7.070187894161791"><ele>2698.3999938964844</ele></trkpt><trkpt lat="46.00239340541884" lon="7.069939064327627"><ele>2701.5999755859375</ele></trkpt><trkpt lat="46.00234670704231" lon="7.069688962306827"><ele>2704.5999755859375</ele></trkpt><trkpt lat="46.00229731295258" lon="7.069440169725567"><ele>2707.199981689453</ele></trkpt><trkpt lat="46.00229731295258" lon="7.069440169725567"><ele>2707.199981689453</ele></trkpt><trkpt lat="46.00229731295258" lon="7.069440169725567"><ele>2707.199981689453</ele></trkpt><trkpt lat="46.00229731295258" lon="7.069440169725567"><ele>2707.199981689453</ele></trkpt><trkpt lat="46.00229731295258" lon="7.069440169725567"><ele>2707.199981689453</ele></trkpt><trkpt lat="46.00229731295258" lon="7.069440169725567"><ele>2707.199981689453</ele></trkpt><trkpt lat="46.002262451220304" lon="7.069233875721693"><ele>2708.5</ele></trkpt><trkpt lat="46.00228537572548" lon="7.069093021564186"><ele>2708.699981689453</ele></trkpt><trkpt lat="46.00222935620695" lon="7.0687448820099235"><ele>2709.2999877929688</ele></trkpt><trkpt lat="46.00224829884246" lon="7.068487881682813"><ele>2710.3999938964844</ele></trkpt><trkpt lat="46.002266503404826" lon="7.068279936909676"><ele>2711.0</ele></trkpt><trkpt lat="46.0022183554247" lon="7.068136984016746"><ele>2711.7999877929688</ele></trkpt><trkpt lat="46.0022085076198" lon="7.067878888454288"><ele>2713.8999938964844</ele></trkpt><trkpt lat="46.00218936568126" lon="7.067530499771237"><ele>2717.0</ele></trkpt><trkpt lat="46.00216243835166" lon="7.067276393529028"><ele>2719.8999938964844</ele></trkpt><trkpt lat="46.002133707050234" lon="7.067021009046584"><ele>2721.7999877929688</ele></trkpt><trkpt lat="46.00210871407762" lon="7.066808195784688"><ele>2722.8999938964844</ele></trkpt><trkpt lat="46.00204944051802" lon="7.066565928515047"><ele>2723.8999938964844</ele></trkpt><trkpt lat="46.00198835413903" lon="7.066319801378995"><ele>2725.5</ele></trkpt><trkpt lat="46.00198835413903" lon="7.066319801378995"><ele>2725.5</ele></trkpt><trkpt lat="46.00198835413903" lon="7.066319801378995"><ele>2725.5</ele></trkpt><trkpt lat="46.00198835413903" lon="7.066319801378995"><ele>2725.5</ele></trkpt><trkpt lat="46.00198835413903" lon="7.066319801378995"><ele>2725.5</ele></trkpt><trkpt lat="46.00198835413903" lon="7.066319801378995"><ele>2725.5</ele></trkpt><trkpt lat="46.00195332383737" lon="7.066064461134374"><ele>2728.199981689453</ele></trkpt><trkpt lat="46.00193210784346" lon="7.065905837342143"><ele>2731.199981689453</ele></trkpt><trkpt lat="46.00184232601896" lon="7.0656870156526566"><ele>2735.7999877929688</ele></trkpt><trkpt lat="46.001862415578216" lon="7.065506165847182"><ele>2740.8999938964844</ele></trkpt><trkpt lat="46.00179516384378" lon="7.065300098620355"><ele>2746.0</ele></trkpt><trkpt lat="46.00181533861905" lon="7.065145064610988"><ele>2750.0999755859375</ele></trkpt><trkpt lat="46.00175836775452" lon="7.065055099315941"><ele>2753.199981689453</ele></trkpt><trkpt lat="46.00175177073106" lon="7.06496478850022"><ele>2755.5999755859375</ele></trkpt><trkpt lat="46.00178847974166" lon="7.064912904985249"><ele>2757.5999755859375</ele></trkpt><trkpt lat="46.00170649820939" lon="7.064876034390181"><ele>2759.5999755859375</ele></trkpt><trkpt lat="46.00171433202922" lon="7.064797242172062"><ele>2762.199981689453</ele></trkpt><trkpt lat="46.001649308018386" lon="7.064720240421593"><ele>2765.0999755859375</ele></trkpt><trkpt lat="46.00172375515103" lon="7.064655189868063"><ele>2769.0999755859375</ele></trkpt><trkpt lat="46.00153339933604" lon="7.064489984419197"><ele>2774.8999938964844</ele></trkpt><trkpt lat="46.001442327629775" lon="7.064155003521591"><ele>2779.5</ele></trkpt><trkpt lat="46.00144039513543" lon="7.06411500275135"><ele>2782.0</ele></trkpt><trkpt lat="46.00149437226355" lon="7.064115922898054"><ele>2784.8999938964844</ele></trkpt><trkpt lat="46.00158732244745" lon="7.064204349648207"><ele>2790.3999938964844</ele></trkpt><trkpt lat="46.00158328935504" lon="7.063804231118411"><ele>2797.199981689453</ele></trkpt><trkpt lat="46.00161272007972" lon="7.063727871980518"><ele>2801.0999755859375</ele></trkpt><trkpt lat="46.001677482388914" lon="7.063726135529578"><ele>2802.699981689453</ele></trkpt><trkpt lat="46.00168339163065" lon="7.063609923236072"><ele>2804.8999938964844</ele></trkpt><trkpt lat="46.00172635354102" lon="7.063545087818056"><ele>2806.699981689453</ele></trkpt><trkpt lat="46.00169924274087" lon="7.06350784143433"><ele>2807.5999755859375</ele></trkpt><trkpt lat="46.00173779344186" lon="7.063468852080405"><ele>2808.199981689453</ele></trkpt><trkpt lat="46.00169247156009" lon="7.0633658999577165"><ele>2809.0</ele></trkpt><trkpt lat="46.001708356663585" lon="7.063274143729359"><ele>2810.7999877929688</ele></trkpt><trkpt lat="46.00175234815106" lon="7.063248025253415"><ele>2812.3999938964844</ele></trkpt><trkpt lat="46.001900433097035" lon="7.063414809759706"><ele>2813.3999938964844</ele></trkpt><trkpt lat="46.00199839612469" lon="7.063388319686055"><ele>2816.199981689453</ele></trkpt><trkpt lat="46.00202233856544" lon="7.063284890260547"><ele>2818.5</ele></trkpt><trkpt lat="46.00199839612469" lon="7.063388319686055"><ele>2816.199981689453</ele></trkpt><trkpt lat="46.001900433097035" lon="7.063414809759706"><ele>2813.3999938964844</ele></trkpt><trkpt lat="46.00175234815106" lon="7.063248025253415"><ele>2812.3999938964844</ele></trkpt><trkpt lat="46.001708356663585" lon="7.063274143729359"><ele>2810.7999877929688</ele></trkpt><trkpt lat="46.00169247156009" lon="7.0633658999577165"><ele>2809.0</ele></trkpt><trkpt lat="46.00173779344186" lon="7.063468852080405"><ele>2808.199981689453</ele></trkpt><trkpt lat="46.00169924274087" lon="7.06350784143433"><ele>2807.5999755859375</ele></trkpt><trkpt lat="46.00172635354102" lon="7.063545087818056"><ele>2806.699981689453</ele></trkpt><trkpt lat="46.00168339163065" lon="7.063609923236072"><ele>2804.8999938964844</ele></trkpt><trkpt lat="46.001677482388914" lon="7.063726135529578"><ele>2802.699981689453</ele></trkpt><trkpt lat="46.00161272007972" lon="7.063727871980518"><ele>2801.0999755859375</ele></trkpt><trkpt lat="46.00158328935504" lon="7.063804231118411"><ele>2797.199981689453</ele></trkpt><trkpt lat="46.00158732244745" lon="7.064204349648207"><ele>2790.3999938964844</ele></trkpt><trkpt lat="46.00149437226355" lon="7.064115922898054"><ele>2784.8999938964844</ele></trkpt><trkpt lat="46.00144039513543" lon="7.06411500275135"><ele>2782.0</ele></trkpt><trkpt lat="46.001442327629775" lon="7.064155003521591"><ele>2779.5</ele></trkpt><trkpt lat="46.00153339933604" lon="7.064489984419197"><ele>2774.8999938964844</ele></trkpt><trkpt lat="46.00172375515103" lon="7.064655189868063"><ele>2769.0999755859375</ele></trkpt><trkpt lat="46.001649308018386" lon="7.064720240421593"><ele>2765.0999755859375</ele></trkpt><trkpt lat="46.00171433202922" lon="7.064797242172062"><ele>2762.199981689453</ele></trkpt><trkpt lat="46.00170649820939" lon="7.064876034390181"><ele>2759.5999755859375</ele></trkpt><trkpt lat="46.00178847974166" lon="7.064912904985249"><ele>2757.5999755859375</ele></trkpt><trkpt lat="46.00175177073106" lon="7.06496478850022"><ele>2755.5999755859375</ele></trkpt><trkpt lat="46.00175836775452" lon="7.065055099315941"><ele>2753.199981689453</ele></trkpt><trkpt lat="46.00181533861905" lon="7.065145064610988"><ele>2750.0999755859375</ele></trkpt><trkpt lat="46.00179516384378" lon="7.065300098620355"><ele>2746.0</ele></trkpt><trkpt lat="46.001862415578216" lon="7.065506165847182"><ele>2740.8999938964844</ele></trkpt><trkpt lat="46.00184232601896" lon="7.0656870156526566"><ele>2735.7999877929688</ele></trkpt><trkpt lat="46.00193210784346" lon="7.065905837342143"><ele>2731.199981689453</ele></trkpt><trkpt lat="46.00196623429656" lon="7.066159892827272"><ele>2727.3999938964844</ele></trkpt><trkpt lat="46.00198835413903" lon="7.066319801378995"><ele>2725.5</ele></trkpt><trkpt lat="46.00204224418849" lon="7.066565977409482"><ele>2724.0</ele></trkpt><trkpt lat="46.0020997277461" lon="7.066810838878155"><ele>2723.0999755859375</ele></trkpt><trkpt lat="46.002135356422514" lon="7.066975819412619"><ele>2722.0999755859375</ele></trkpt><trkpt lat="46.0021524024196" lon="7.067233865149319"><ele>2720.3999938964844</ele></trkpt><trkpt lat="46.00217123841867" lon="7.0674893176183105"><ele>2717.7999877929688</ele></trkpt><trkpt lat="46.00219277665019" lon="7.067746041808277"><ele>2714.699981689453</ele></trkpt><trkpt lat="46.0022183554247" lon="7.068136984016746"><ele>2711.7999877929688</ele></trkpt><trkpt lat="46.002266503404826" lon="7.068279936909676"><ele>2711.0</ele></trkpt><trkpt lat="46.00224846089259" lon="7.068536931183189"><ele>2710.0999755859375</ele></trkpt><trkpt lat="46.00222935620695" lon="7.0687448820099235"><ele>2709.2999877929688</ele></trkpt><trkpt lat="46.00228537572548" lon="7.069093021564186"><ele>2708.699981689453</ele></trkpt><trkpt lat="46.002262451220304" lon="7.069233875721693"><ele>2708.5</ele></trkpt><trkpt lat="46.00230735214427" lon="7.069483989384025"><ele>2706.8999938964844</ele></trkpt><trkpt lat="46.00235134875402" lon="7.069732818286866"><ele>2704.0999755859375</ele></trkpt><trkpt lat="46.002400746103376" lon="7.069982902146876"><ele>2701.0</ele></trkpt><trkpt lat="46.00244744401425" lon="7.070233004633337"><ele>2697.8999938964844</ele></trkpt><trkpt lat="46.00249233841896" lon="7.070481828879565"><ele>2695.0</ele></trkpt><trkpt lat="46.00252438057214" lon="7.070652000140399"><ele>2691.8999938964844</ele></trkpt><trkpt lat="46.002524284180254" lon="7.070897256024182"><ele>2688.3999938964844</ele></trkpt><trkpt lat="46.002491428051144" lon="7.071027850266546"><ele>2684.5999755859375</ele></trkpt><trkpt lat="46.002573353238404" lon="7.071322895120829"><ele>2680.0999755859375</ele></trkpt><trkpt lat="46.00261734938249" lon="7.071573017165065"><ele>2675.2999877929688</ele></trkpt><trkpt lat="46.002661345060915" lon="7.071823140140623"><ele>2670.5999755859375</ele></trkpt><trkpt lat="46.00270534027368" lon="7.072073263116181"><ele>2666.0999755859375</ele></trkpt><trkpt lat="46.00274746865034" lon="7.07230274612084"><ele>2662.8999938964844</ele></trkpt><trkpt lat="46.0026923478581" lon="7.072226957883686"><ele>2660.2999877929688</ele></trkpt><trkpt lat="46.00256435619667" lon="7.072149077896029"><ele>2656.0999755859375</ele></trkpt><trkpt lat="46.0025112722069" lon="7.072421797085553"><ele>2651.5</ele></trkpt><trkpt lat="46.00256869615987" lon="7.072652467992157"><ele>2648.3999938964844</ele></trkpt><trkpt lat="46.00252723880112" lon="7.0729044559411705"><ele>2647.0999755859375</ele></trkpt><trkpt lat="46.00248937914148" lon="7.073156419675797"><ele>2647.0999755859375</ele></trkpt><trkpt lat="46.002460283227265" lon="7.073337330017239"><ele>2648.5</ele></trkpt><trkpt lat="46.00244672689587" lon="7.073594294022769"><ele>2650.7999877929688</ele></trkpt><trkpt lat="46.002428722567856" lon="7.073866777122021"><ele>2651.5</ele></trkpt><trkpt lat="46.0023584603332" lon="7.07411379320547"><ele>2649.8999938964844</ele></trkpt><trkpt lat="46.00218432350084" lon="7.074229839723557"><ele>2647.0</ele></trkpt><trkpt lat="46.002054447773844" lon="7.074402385391295"><ele>2643.0</ele></trkpt><trkpt lat="46.00193439936265" lon="7.074554211460054"><ele>2638.199981689453</ele></trkpt><trkpt lat="46.00191609421745" lon="7.074735045898706"><ele>2633.0999755859375</ele></trkpt><trkpt lat="46.00195532198995" lon="7.074903878849"><ele>2629.3999938964844</ele></trkpt><trkpt lat="46.00190241634846" lon="7.074955864343792"><ele>2627.199981689453</ele></trkpt><trkpt lat="46.001874337438494" lon="7.075174197088927"><ele>2624.5</ele></trkpt><trkpt lat="46.0018037375994" lon="7.075317946728319"><ele>2620.7999877929688</ele></trkpt><trkpt lat="46.00176049116999" lon="7.075575103983283"><ele>2617.199981689453</ele></trkpt><trkpt lat="46.00178421288729" lon="7.075678209774196"><ele>2614.5999755859375</ele></trkpt><trkpt lat="46.00173940276727" lon="7.075730140320957"><ele>2612.7999877929688</ele></trkpt><trkpt lat="46.00174231408164" lon="7.075795951299369"><ele>2610.7999877929688</ele></trkpt><trkpt lat="46.001706457231194" lon="7.07583491364494"><ele>2608.3999938964844</ele></trkpt><trkpt lat="46.00161637831479" lon="7.075796789024025"><ele>2605.699981689453</ele></trkpt><trkpt lat="46.001553697977215" lon="7.0758862709626555"><ele>2601.8999938964844</ele></trkpt><trkpt lat="46.00129030458629" lon="7.0759409461170435"><ele>2597.0</ele></trkpt><trkpt lat="46.00122145283967" lon="7.076069192029536"><ele>2593.0999755859375</ele></trkpt><trkpt lat="46.001267415937036" lon="7.076095992233604"><ele>2590.2999877929688</ele></trkpt><trkpt lat="46.001174276694655" lon="7.076224399730563"><ele>2586.699981689453</ele></trkpt><trkpt lat="46.00118745304644" lon="7.076405021827668"><ele>2582.2999877929688</ele></trkpt><trkpt lat="46.00105747813359" lon="7.0765478713437915"><ele>2578.699981689453</ele></trkpt><trkpt lat="46.00106847984716" lon="7.076612337026745"><ele>2574.8999938964844</ele></trkpt><trkpt lat="46.00083424616605" lon="7.076782985124737"><ele>2570.2999877929688</ele></trkpt><trkpt lat="46.00083424616605" lon="7.076782985124737"><ele>2570.2999877929688</ele></trkpt><trkpt lat="46.00083424616605" lon="7.076782985124737"><ele>2570.2999877929688</ele></trkpt><trkpt lat="46.00083424616605" lon="7.076782985124737"><ele>2570.2999877929688</ele></trkpt><trkpt lat="46.00083424616605" lon="7.076782985124737"><ele>2570.2999877929688</ele></trkpt><trkpt lat="46.00083424616605" lon="7.076782985124737"><ele>2570.2999877929688</ele></trkpt><trkpt lat="46.00080746365711" lon="7.076846410520375"><ele>2566.699981689453</ele></trkpt><trkpt lat="46.00064849527553" lon="7.07692491216585"><ele>2563.5999755859375</ele></trkpt><trkpt lat="46.00047046970576" lon="7.076951908413321"><ele>2559.699981689453</ele></trkpt><trkpt lat="46.000357173383236" lon="7.07696685846895"><ele>2556.0999755859375</ele></trkpt><trkpt lat="46.00037528434768" lon="7.077004170510918"><ele>2554.2999877929688</ele></trkpt><trkpt lat="46.00033034896478" lon="7.077017376199365"><ele>2552.3999938964844</ele></trkpt><trkpt lat="46.000231112819165" lon="7.076928971335292"><ele>2549.199981689453</ele></trkpt><trkpt lat="46.00019740872085" lon="7.0767988273873925"><ele>2545.2999877929688</ele></trkpt><trkpt lat="46.00012308405712" lon="7.076903872191906"><ele>2541.5</ele></trkpt><trkpt lat="46.00007143104449" lon="7.076786755118519"><ele>2537.8999938964844</ele></trkpt><trkpt lat="45.999945412389934" lon="7.076761776115745"><ele>2534.699981689453</ele></trkpt><trkpt lat="45.9998994525522" lon="7.076736266259104"><ele>2533.199981689453</ele></trkpt><trkpt lat="45.99988849554211" lon="7.076685999054462"><ele>2532.199981689453</ele></trkpt><trkpt lat="45.999863433185965" lon="7.07672488829121"><ele>2530.2999877929688</ele></trkpt><trkpt lat="45.99989349208772" lon="7.076840856578201"><ele>2528.0999755859375</ele></trkpt><trkpt lat="45.9998531374149" lon="7.076879846397787"><ele>2524.699981689453</ele></trkpt><trkpt lat="45.99977213284001" lon="7.076866185292602"><ele>2520.7999877929688</ele></trkpt><trkpt lat="45.99972044257447" lon="7.076737452764064"><ele>2517.7999877929688</ele></trkpt><trkpt lat="45.99958223383874" lon="7.076558955945075"><ele>2513.8999938964844</ele></trkpt><trkpt lat="45.99961933447048" lon="7.076905920635909"><ele>2508.3999938964844</ele></trkpt><trkpt lat="45.999520134646446" lon="7.076829133555293"><ele>2502.8999938964844</ele></trkpt><trkpt lat="45.99950746865943" lon="7.0770860756747425"><ele>2497.5999755859375</ele></trkpt><trkpt lat="45.999495460651815" lon="7.077268150169402"><ele>2491.199981689453</ele></trkpt><trkpt lat="45.99935150658712" lon="7.077540160156786"><ele>2483.5</ele></trkpt><trkpt lat="45.99923052545637" lon="7.077682942617685"><ele>2477.3999938964844</ele></trkpt><trkpt lat="45.999141447246075" lon="7.077955877874047"><ele>2473.199981689453</ele></trkpt><trkpt lat="45.99909817799926" lon="7.078207857906818"><ele>2468.5</ele></trkpt><trkpt lat="45.999059442896396" lon="7.078471423592418"><ele>2462.5999755859375</ele></trkpt><trkpt lat="45.99906747043133" lon="7.07873080810532"><ele>2456.699981689453</ele></trkpt><trkpt lat="45.999068297445774" lon="7.078988949768245"><ele>2452.0</ele></trkpt><trkpt lat="45.99903350044042" lon="7.079078239854425"><ele>2448.8999938964844</ele></trkpt><trkpt lat="45.99901436176151" lon="7.079000921454281"><ele>2446.199981689453</ele></trkpt><trkpt lat="45.99889949103817" lon="7.078805487602949"><ele>2441.7999877929688</ele></trkpt><trkpt lat="45.998779222369194" lon="7.078610089607537"><ele>2436.0</ele></trkpt><trkpt lat="45.99864446138963" lon="7.078383811283857"><ele>2430.2999877929688</ele></trkpt><trkpt lat="45.998575324658304" lon="7.078144192229956"><ele>2425.8999938964844</ele></trkpt><trkpt lat="45.998512488789856" lon="7.077905823476613"><ele>2421.699981689453</ele></trkpt><trkpt lat="45.9984424514696" lon="7.077666211873293"><ele>2417.3999938964844</ele></trkpt><trkpt lat="45.99836150743067" lon="7.077391823753715"><ele>2413.5</ele></trkpt><trkpt lat="45.998353300616145" lon="7.077637114562094"><ele>2409.5</ele></trkpt><trkpt lat="45.99831846728921" lon="7.077714788261801"><ele>2406.199981689453</ele></trkpt><trkpt lat="45.99827339593321" lon="7.077965485863388"><ele>2403.199981689453</ele></trkpt><trkpt lat="45.998229219112545" lon="7.078214886598289"><ele>2399.0999755859375</ele></trkpt><trkpt lat="45.99818504136056" lon="7.078464286401868"><ele>2393.699981689453</ele></trkpt><trkpt lat="45.99818047136068" lon="7.078722458798438"><ele>2387.0999755859375</ele></trkpt><trkpt lat="45.998174105770886" lon="7.078981934115291"><ele>2380.8999938964844</ele></trkpt><trkpt lat="45.998169406317174" lon="7.079200095497072"><ele>2374.699981689453</ele></trkpt><trkpt lat="45.99819043464959" lon="7.079587170854211"><ele>2367.5999755859375</ele></trkpt><trkpt lat="45.99825148284435" lon="7.079830713570118"><ele>2360.5999755859375</ele></trkpt><trkpt lat="45.998325338121504" lon="7.080141290090978"><ele>2354.699981689453</ele></trkpt><trkpt lat="45.99833748489618" lon="7.080283188726753"><ele>2350.3999938964844</ele></trkpt><trkpt lat="45.998231111094356" lon="7.080494274850935"><ele>2345.5</ele></trkpt><trkpt lat="45.998093475587666" lon="7.080775263253599"><ele>2338.7999877929688</ele></trkpt><trkpt lat="45.99804748874158" lon="7.081023381557316"><ele>2332.0</ele></trkpt><trkpt lat="45.997987215872854" lon="7.08130515133962"><ele>2326.3999938964844</ele></trkpt><trkpt lat="45.99799846112728" lon="7.081447055563331"><ele>2321.2999877929688</ele></trkpt><trkpt lat="45.997810411732644" lon="7.081151424441487"><ele>2315.0</ele></trkpt><trkpt lat="45.99776117736474" lon="7.080945233348757"><ele>2309.5</ele></trkpt><trkpt lat="45.99776117736474" lon="7.080945233348757"><ele>2309.5</ele></trkpt><trkpt lat="45.99776117736474" lon="7.080945233348757"><ele>2309.5</ele></trkpt><trkpt lat="45.99776117736474" lon="7.080945233348757"><ele>2309.5</ele></trkpt><trkpt lat="45.99776117736474" lon="7.080945233348757"><ele>2309.5</ele></trkpt><trkpt lat="45.99776117736474" lon="7.080945233348757"><ele>2309.5</ele></trkpt><trkpt lat="45.99767948547378" lon="7.080716023687273"><ele>2304.5999755859375</ele></trkpt><trkpt lat="45.9975814614445" lon="7.080443037673831"><ele>2299.0999755859375</ele></trkpt><trkpt lat="45.99744150508195" lon="7.080278747249395"><ele>2293.5999755859375</ele></trkpt><trkpt lat="45.997302452567965" lon="7.080115742515773"><ele>2288.8999938964844</ele></trkpt><trkpt lat="45.99720945302397" lon="7.080007935874164"><ele>2285.199981689453</ele></trkpt><trkpt lat="45.99719342170283" lon="7.080058377701789"><ele>2282.0999755859375</ele></trkpt><trkpt lat="45.99723650328815" lon="7.080309779383242"><ele>2278.5</ele></trkpt><trkpt lat="45.997265031095594" lon="7.080510939471424"><ele>2274.3999938964844</ele></trkpt><trkpt lat="45.99722805293277" lon="7.080762867350131"><ele>2270.3999938964844</ele></trkpt><trkpt lat="45.997203417122364" lon="7.080935981590301"><ele>2266.0</ele></trkpt><trkpt lat="45.9971411479637" lon="7.081155807245523"><ele>2260.5</ele></trkpt><trkpt lat="45.99713334348053" lon="7.081530158407986"><ele>2254.699981689453</ele></trkpt><trkpt lat="45.99710141122341" lon="7.081672342959791"><ele>2250.0</ele></trkpt><trkpt lat="45.99701432790607" lon="7.081444460898638"><ele>2245.7999877929688</ele></trkpt><trkpt lat="45.996934436727315" lon="7.081215241923928"><ele>2241.7999877929688</ele></trkpt><trkpt lat="45.99685549736023" lon="7.081002795603126"><ele>2237.5</ele></trkpt><trkpt lat="45.996719111222774" lon="7.080829448066652"><ele>2232.699981689453</ele></trkpt><trkpt lat="45.99658542778343" lon="7.080657374113798"><ele>2228.0999755859375</ele></trkpt><trkpt lat="45.996454438660294" lon="7.080483993049711"><ele>2224.7999877929688</ele></trkpt><trkpt lat="45.99635145440698" lon="7.080347857903689"><ele>2222.2999877929688</ele></trkpt><trkpt lat="45.9963244269602" lon="7.080335128586739"><ele>2220.0999755859375</ele></trkpt><trkpt lat="45.99629310704768" lon="7.080386960878968"><ele>2215.699981689453</ele></trkpt><trkpt lat="45.99626723630354" lon="7.080736902076751"><ele>2208.0</ele></trkpt><trkpt lat="45.996105149853975" lon="7.0806850478984416"><ele>2200.5999755859375</ele></trkpt><trkpt lat="45.995915262028575" lon="7.080377826001495"><ele>2194.2999877929688</ele></trkpt><trkpt lat="45.99588345037773" lon="7.080557436682284"><ele>2190.199981689453</ele></trkpt><trkpt lat="45.99590729130432" lon="7.080699252896011"><ele>2189.3999938964844</ele></trkpt><trkpt lat="45.99597950093448" lon="7.0807762183249"><ele>2189.2999877929688</ele></trkpt><trkpt lat="45.99599246494472" lon="7.080892292782664"><ele>2187.5999755859375</ele></trkpt><trkpt lat="45.996133408509195" lon="7.0810849675908685"><ele>2184.7999877929688</ele></trkpt><trkpt lat="45.99614326702431" lon="7.081355942878872"><ele>2182.199981689453</ele></trkpt><trkpt lat="45.99619748536497" lon="7.0814330275170505"><ele>2180.7999877929688</ele></trkpt><trkpt lat="45.99618047615513" lon="7.0814589518122375"><ele>2178.5999755859375</ele></trkpt><trkpt lat="45.99607146717608" lon="7.081408039201051"><ele>2174.7999877929688</ele></trkpt><trkpt lat="45.99612143822014" lon="7.081563882064074"><ele>2170.5999755859375</ele></trkpt><trkpt lat="45.99609346082434" lon="7.081818325910717"><ele>2165.0999755859375</ele></trkpt><trkpt lat="45.99606043845415" lon="7.082183800172061"><ele>2159.0</ele></trkpt><trkpt lat="45.996075441129506" lon="7.0823760107159615"><ele>2153.7999877929688</ele></trkpt><trkpt lat="45.9960123966448" lon="7.082635845988989"><ele>2149.0</ele></trkpt><trkpt lat="45.99603749020025" lon="7.0828899424523115"><ele>2145.3999938964844</ele></trkpt><trkpt lat="45.996063421014696" lon="7.0831246743910015"><ele>2142.3999938964844</ele></trkpt><trkpt lat="45.99604444857687" lon="7.083382930606604"><ele>2138.199981689453</ele></trkpt><trkpt lat="45.99602449359372" lon="7.083615379873663"><ele>2133.699981689453</ele></trkpt><trkpt lat="45.995911478530616" lon="7.083719368558377"><ele>2129.8999938964844</ele></trkpt><trkpt lat="45.9958811388351" lon="7.083797005470842"><ele>2127.3999938964844</ele></trkpt><trkpt lat="45.99582720687613" lon="7.083810262847692"><ele>2124.2999877929688</ele></trkpt><trkpt lat="45.995790428481996" lon="7.0835588234476745"><ele>2120.5999755859375</ele></trkpt><trkpt lat="45.995767433196306" lon="7.083398931194097"><ele>2118.199981689453</ele></trkpt><trkpt lat="45.99572241073474" lon="7.083385027013719"><ele>2115.7999877929688</ele></trkpt><trkpt lat="45.99567346693948" lon="7.083553130738437"><ele>2111.0999755859375</ele></trkpt><trkpt lat="45.99552140245214" lon="7.083825157955289"><ele>2104.3999938964844</ele></trkpt><trkpt lat="45.99552041850984" lon="7.08408329449594"><ele>2098.7999877929688</ele></trkpt><trkpt lat="45.99551743129268" lon="7.084276911336929"><ele>2095.2999877929688</ele></trkpt><trkpt lat="45.99557307269424" lon="7.0845204829238355"><ele>2092.199981689453</ele></trkpt><trkpt lat="45.99561408441514" lon="7.084689291659743"><ele>2087.5999755859375</ele></trkpt><trkpt lat="45.99536348320544" lon="7.084523133933544"><ele>2081.2999877929688</ele></trkpt><trkpt lat="45.99525040900335" lon="7.08432381786406"><ele>2076.199981689453</ele></trkpt><trkpt lat="45.99525040900335" lon="7.08432381786406"><ele>2076.199981689453</ele></trkpt><trkpt lat="45.99525040900335" lon="7.08432381786406"><ele>2076.199981689453</ele></trkpt><trkpt lat="45.99525040900335" lon="7.08432381786406"><ele>2076.199981689453</ele></trkpt><trkpt lat="45.99525040900335" lon="7.08432381786406"><ele>2076.199981689453</ele></trkpt><trkpt lat="45.99525040900335" lon="7.08432381786406"><ele>2076.199981689453</ele></trkpt><trkpt lat="45.9951364309527" lon="7.0841232179664075"><ele>2072.5</ele></trkpt><trkpt lat="45.99502245616168" lon="7.083923908881843"><ele>2067.8999938964844</ele></trkpt><trkpt lat="45.994909384753555" lon="7.083725885953754"><ele>2061.3999938964844</ele></trkpt><trkpt lat="45.994831452611834" lon="7.084114874247462"><ele>2054.199981689453</ele></trkpt><trkpt lat="45.994823267217726" lon="7.084371763281524"><ele>2047.2999877929688</ele></trkpt><trkpt lat="45.99481643317267" lon="7.084771904163063"><ele>2041.5</ele></trkpt><trkpt lat="45.99479046789929" lon="7.084810791537166"><ele>2037.3999938964844</ele></trkpt><trkpt lat="45.994746507611126" lon="7.085133735090494"><ele>2032.6999816894531</ele></trkpt><trkpt lat="45.994746420532465" lon="7.08539186231792"><ele>2027.7999877929688</ele></trkpt><trkpt lat="45.99474437115714" lon="7.085598376579583"><ele>2024.5999755859375</ele></trkpt><trkpt lat="45.99459246452898" lon="7.085922018159181"><ele>2020.6999816894531</ele></trkpt><trkpt lat="45.99453745922074" lon="7.086166302673519"><ele>2015.5</ele></trkpt><trkpt lat="45.99447616096586" lon="7.086411918047816"><ele>2011.5</ele></trkpt><trkpt lat="45.994434453547" lon="7.086594165768474"><ele>2009.3999938964844</ele></trkpt><trkpt lat="45.99439049791545" lon="7.086633168160915"><ele>2007.5999755859375</ele></trkpt><trkpt lat="45.99433439364657" lon="7.086814217735082"><ele>2004.8999938964844</ele></trkpt><trkpt lat="45.99421445000917" lon="7.0870047132484615"><ele>2000.5999755859375</ele></trkpt><trkpt lat="45.994137465488166" lon="7.087125237099826"><ele>1996.5999755859375</ele></trkpt><trkpt lat="45.99405719386414" lon="7.087345159612596"><ele>1993.2999877929688</ele></trkpt><trkpt lat="45.99394718930125" lon="7.087549785617739"><ele>1989.5999755859375</ele></trkpt><trkpt lat="45.993837183807045" lon="7.087754410691559"><ele>1985.0999755859375</ele></trkpt><trkpt lat="45.993682471103966" lon="7.088045793585479"><ele>1980.5999755859375</ele></trkpt><trkpt lat="45.993685447610915" lon="7.088134826160967"><ele>1977.0</ele></trkpt><trkpt lat="45.99359249975532" lon="7.088329014368355"><ele>1972.2999877929688</ele></trkpt><trkpt lat="45.99353298731148" lon="7.088572030421346"><ele>1967.1999816894531</ele></trkpt><trkpt lat="45.99349749647081" lon="7.088729711715132"><ele>1962.5999755859375</ele></trkpt><trkpt lat="45.993325469084084" lon="7.088950217701495"><ele>1956.7999877929688</ele></trkpt><trkpt lat="45.993217268027365" lon="7.089157406706363"><ele>1950.7999877929688</ele></trkpt><trkpt lat="45.993083140812814" lon="7.089416385628283"><ele>1946.6999816894531</ele></trkpt><trkpt lat="45.99303820775822" lon="7.089430869556963"><ele>1943.7999877929688</ele></trkpt><trkpt lat="45.99292444437742" lon="7.089585178997368"><ele>1940.7999877929688</ele></trkpt><trkpt lat="45.99287047609687" lon="7.08958681486547"><ele>1938.0</ele></trkpt><trkpt lat="45.9927541539073" lon="7.089786309748888"><ele>1934.0</ele></trkpt><trkpt lat="45.99258148577064" lon="7.09009070135653"><ele>1928.0999755859375</ele></trkpt><trkpt lat="45.99256449472159" lon="7.08983398322016"><ele>1922.3999938964844</ele></trkpt><trkpt lat="45.99254401773214" lon="7.089613424148411"><ele>1919.2999877929688</ele></trkpt><trkpt lat="45.992651319131255" lon="7.089406243059784"><ele>1918.8999938964844</ele></trkpt><trkpt lat="45.99265995249152" lon="7.08929003495723"><ele>1916.2999877929688</ele></trkpt><trkpt lat="45.99259638041258" lon="7.089096853509545"><ele>1909.1999816894531</ele></trkpt><trkpt lat="45.992559150327" lon="7.088697010651231"><ele>1902.0</ele></trkpt><trkpt lat="45.992514468263835" lon="7.088503709528595"><ele>1896.6999816894531</ele></trkpt><trkpt lat="45.99240493867546" lon="7.088285014033318"><ele>1892.1999816894531</ele></trkpt><trkpt lat="45.99236547574401" lon="7.08803489478305"><ele>1887.7999877929688</ele></trkpt><trkpt lat="45.99229497555643" lon="7.087640431243926"><ele>1882.7999877929688</ele></trkpt><trkpt lat="45.99221341032535" lon="7.087447369471192"><ele>1877.5999755859375</ele></trkpt><trkpt lat="45.992159275803715" lon="7.087396094575524"><ele>1873.0</ele></trkpt><trkpt lat="45.99205648712814" lon="7.087607119698077"><ele>1867.8999938964844</ele></trkpt><trkpt lat="45.99190006451681" lon="7.087926896754652"><ele>1861.0999755859375</ele></trkpt><trkpt lat="45.99165841145441" lon="7.088031695690006"><ele>1853.3999938964844</ele></trkpt><trkpt lat="45.99155912688002" lon="7.08821301208809"><ele>1848.5999755859375</ele></trkpt><trkpt lat="45.99155912688002" lon="7.08821301208809"><ele>1848.5999755859375</ele></trkpt><trkpt lat="45.99155912688002" lon="7.08821301208809"><ele>1848.5999755859375</ele></trkpt><trkpt lat="45.99155912688002" lon="7.08821301208809"><ele>1848.5999755859375</ele></trkpt><trkpt lat="45.99155912688002" lon="7.08821301208809"><ele>1848.5999755859375</ele></trkpt><trkpt lat="45.99155912688002" lon="7.08821301208809"><ele>1848.5999755859375</ele></trkpt><trkpt lat="45.99153348291293" lon="7.088355137966573"><ele>1846.0</ele></trkpt><trkpt lat="45.991462423466146" lon="7.088356885127723"><ele>1842.8999938964844</ele></trkpt><trkpt lat="45.99136547045782" lon="7.088420744985342"><ele>1839.1999816894531</ele></trkpt><trkpt lat="45.991281397175044" lon="7.088576151058078"><ele>1835.1999816894531</ele></trkpt><trkpt lat="45.99114609370008" lon="7.088746081572026"><ele>1829.6999816894531</ele></trkpt><trkpt lat="45.99093194492161" lon="7.089017179328948"><ele>1823.5</ele></trkpt><trkpt lat="45.990860025864094" lon="7.089031836017966"><ele>1819.0999755859375</ele></trkpt><trkpt lat="45.99075643904507" lon="7.089276412501931"><ele>1814.5999755859375</ele></trkpt><trkpt lat="45.99060150189325" lon="7.089496796019375"><ele>1808.8999938964844</ele></trkpt><trkpt lat="45.990520446095616" lon="7.089755421504378"><ele>1803.2999877929688</ele></trkpt><trkpt lat="45.99036808637902" lon="7.089937070850283"><ele>1797.6999816894531</ele></trkpt><trkpt lat="45.99031308013946" lon="7.090183913242072"><ele>1792.6999816894531</ele></trkpt><trkpt lat="45.9902634229511" lon="7.090415234677494"><ele>1788.3999938964844</ele></trkpt><trkpt lat="45.99012045795098" lon="7.0907258740626276"><ele>1784.2999877929688</ele></trkpt><trkpt lat="45.990128453820944" lon="7.09098392771557"><ele>1780.6999816894531</ele></trkpt><trkpt lat="45.99013946764171" lon="7.091345204040408"><ele>1777.3999938964844</ele></trkpt><trkpt lat="45.99012227077037" lon="7.091602127999067"><ele>1774.0</ele></trkpt><trkpt lat="45.99011047091335" lon="7.09185901703313"><ele>1769.7999877929688</ele></trkpt><trkpt lat="45.990087147802114" lon="7.092171471565962"><ele>1764.8999938964844</ele></trkpt><trkpt lat="45.98988029407337" lon="7.092185691464692"><ele>1759.5999755859375</ele></trkpt><trkpt lat="45.989675478078425" lon="7.092277328949422"><ele>1754.3999938964844</ele></trkpt><trkpt lat="45.98961110971868" lon="7.09240678884089"><ele>1751.1999816894531</ele></trkpt><trkpt lat="45.989596453960985" lon="7.09261336363852"><ele>1748.5</ele></trkpt><trkpt lat="45.989467477891594" lon="7.092794853262603"><ele>1744.1999816894531</ele></trkpt><trkpt lat="45.989373427815735" lon="7.0929257911629975"><ele>1740.1999816894531</ele></trkpt><trkpt lat="45.989306977018714" lon="7.092963636852801"><ele>1736.2999877929688</ele></trkpt><trkpt lat="45.98912045825273" lon="7.092862869147211"><ele>1730.6999816894531</ele></trkpt><trkpt lat="45.988874920178205" lon="7.092876040842384"><ele>1724.5999755859375</ele></trkpt><trkpt lat="45.98871607519686" lon="7.092998354230076"><ele>1719.1999816894531</ele></trkpt><trkpt lat="45.98859044210985" lon="7.093097227625549"><ele>1714.0</ele></trkpt><trkpt lat="45.98848023591563" lon="7.093239879235625"><ele>1709.6999816894531</ele></trkpt><trkpt lat="45.9884083122015" lon="7.093253239523619"><ele>1707.2999877929688</ele></trkpt><trkpt lat="45.988401437643915" lon="7.0933578121475875"><ele>1705.0</ele></trkpt><trkpt lat="45.98831915250048" lon="7.09351190039888"><ele>1701.5</ele></trkpt><trkpt lat="45.98827520664781" lon="7.093847703654319"><ele>1697.7999877929688</ele></trkpt><trkpt lat="45.98816750058904" lon="7.093925813212991"><ele>1695.3999938964844</ele></trkpt><trkpt lat="45.98814349016175" lon="7.094016298651695"><ele>1693.5</ele></trkpt><trkpt lat="45.98809041734785" lon="7.094016633927822"><ele>1691.2999877929688</ele></trkpt><trkpt lat="45.98806045483798" lon="7.09392648935318"><ele>1688.8999938964844</ele></trkpt><trkpt lat="45.9879699582234" lon="7.094043204095215"><ele>1685.7999877929688</ele></trkpt><trkpt lat="45.9878622116521" lon="7.094108408782631"><ele>1682.5999755859375</ele></trkpt><trkpt lat="45.98780045984313" lon="7.094212036114186"><ele>1678.0999755859375</ele></trkpt><trkpt lat="45.987719488330185" lon="7.093915739096701"><ele>1672.2999877929688</ele></trkpt><trkpt lat="45.98767294967547" lon="7.093993461225182"><ele>1667.5999755859375</ele></trkpt><trkpt lat="45.98762245615944" lon="7.093955065589398"><ele>1663.3999938964844</ele></trkpt><trkpt lat="45.987574197817594" lon="7.0940586077049375"><ele>1658.5999755859375</ele></trkpt><trkpt lat="45.98749296087772" lon="7.0939687876962125"><ele>1651.3999938964844</ele></trkpt><trkpt lat="45.98733547376469" lon="7.094240779057145"><ele>1642.8999938964844</ele></trkpt><trkpt lat="45.9872779417783" lon="7.094254046212882"><ele>1636.0999755859375</ele></trkpt><trkpt lat="45.98719646781683" lon="7.0940868011675775"><ele>1630.7999877929688</ele></trkpt><trkpt lat="45.987214180175215" lon="7.093996356707066"><ele>1627.6999816894531</ele></trkpt><trkpt lat="45.987186955753714" lon="7.0939191011711955"><ele>1625.7999877929688</ele></trkpt><trkpt lat="45.98698898265138" lon="7.093895834404975"><ele>1622.5</ele></trkpt><trkpt lat="45.986863320693374" lon="7.093985669780523"><ele>1618.8999938964844</ele></trkpt><trkpt lat="45.98680926859379" lon="7.093960202299058"><ele>1615.7999877929688</ele></trkpt><trkpt lat="45.98674649884924" lon="7.094025121070445"><ele>1611.8999938964844</ele></trkpt><trkpt lat="45.98662044433877" lon="7.093987204134464"><ele>1607.0999755859375</ele></trkpt><trkpt lat="45.98655943386257" lon="7.094039207324386"><ele>1603.2999877929688</ele></trkpt><trkpt lat="45.986539881676435" lon="7.094116756692529"><ele>1600.8999938964844</ele></trkpt><trkpt lat="45.98642548220232" lon="7.094065862242132"><ele>1599.2999877929688</ele></trkpt><trkpt lat="45.986363453790545" lon="7.09407915873453"><ele>1598.0999755859375</ele></trkpt><trkpt lat="45.98620642349124" lon="7.094206613488495"><ele>1596.1999816894531</ele></trkpt><trkpt lat="45.98620642349124" lon="7.094206613488495"><ele>1596.1999816894531</ele></trkpt><trkpt lat="45.98620642349124" lon="7.094206613488495"><ele>1596.1999816894531</ele></trkpt><trkpt lat="45.98620642349124" lon="7.094206613488495"><ele>1596.1999816894531</ele></trkpt><trkpt lat="45.98620642349124" lon="7.094206613488495"><ele>1596.1999816894531</ele></trkpt><trkpt lat="45.98620642349124" lon="7.094206613488495"><ele>1596.1999816894531</ele></trkpt><trkpt lat="45.98605746449903" lon="7.0943262740038335"><ele>1591.6999816894531</ele></trkpt><trkpt lat="45.98592343274504" lon="7.094327120110393"><ele>1585.7999877929688</ele></trkpt><trkpt lat="45.98583903443068" lon="7.094379269517958"><ele>1580.6999816894531</ele></trkpt><trkpt lat="45.98574099550024" lon="7.094676685053855"><ele>1576.3999938964844</ele></trkpt><trkpt lat="45.98574198363349" lon="7.094999284017831"><ele>1573.0999755859375</ele></trkpt><trkpt lat="45.98568250471726" lon="7.095257742796093"><ele>1570.2999877929688</ele></trkpt><trkpt lat="45.9857341372408" lon="7.09537484543398"><ele>1567.6999816894531</ele></trkpt><trkpt lat="45.98587825568393" lon="7.09543716814369"><ele>1566.0999755859375</ele></trkpt><trkpt lat="45.98586937878281" lon="7.095475936774164"><ele>1564.5999755859375</ele></trkpt><trkpt lat="45.985646412242204" lon="7.095516053028405"><ele>1562.3999938964844</ele></trkpt><trkpt lat="45.985591461881995" lon="7.095490590203553"><ele>1560.7999877929688</ele></trkpt><trkpt lat="45.985527120530605" lon="7.095336145255715"><ele>1559.3999938964844</ele></trkpt><trkpt lat="45.985490111634135" lon="7.095000870060176"><ele>1557.7999877929688</ele></trkpt><trkpt lat="45.98549843393266" lon="7.094781446736306"><ele>1556.3999938964844</ele></trkpt><trkpt lat="45.985462254844606" lon="7.09471715381369"><ele>1555.6999816894531</ele></trkpt><trkpt lat="45.98549700854346" lon="7.094316905364394"><ele>1555.5</ele></trkpt><trkpt lat="45.98554842080921" lon="7.094068820588291"><ele>1555.5999755859375</ele></trkpt><trkpt lat="45.985597133636475" lon="7.093820752110332"><ele>1555.6999816894531</ele></trkpt><trkpt lat="45.9856299161911" lon="7.093657951802015"><ele>1555.6999816894531</ele></trkpt><trkpt lat="45.98561203479767" lon="7.093401271849871"><ele>1555.5</ele></trkpt><trkpt lat="45.985594152938575" lon="7.093144591897726"><ele>1555.5</ele></trkpt><trkpt lat="45.98558287369087" lon="7.09298723237589"><ele>1555.3999938964844</ele></trkpt><trkpt lat="45.985549431759864" lon="7.092935827560723"><ele>1555.5</ele></trkpt><trkpt lat="45.98537646699697" lon="7.092854338698089"><ele>1557.1999816894531</ele></trkpt><trkpt lat="45.985205301549286" lon="7.0927728386595845"><ele>1560.5</ele></trkpt><trkpt lat="45.98496116278693" lon="7.092655671294779"><ele>1563.5999755859375</ele></trkpt><trkpt lat="45.98485321877524" lon="7.0926563567481935"><ele>1564.5</ele></trkpt><trkpt lat="45.98472842620686" lon="7.092735863290727"><ele>1563.6999816894531</ele></trkpt><trkpt lat="45.984792448114604" lon="7.0927857821807265"><ele>1561.5</ele></trkpt><trkpt lat="45.9848090368323" lon="7.0929147163406014"><ele>1558.1999816894531</ele></trkpt><trkpt lat="45.98488099919632" lon="7.092914259526879"><ele>1556.0999755859375</ele></trkpt><trkpt lat="45.984981483314186" lon="7.0931200864724815"><ele>1554.7999877929688</ele></trkpt><trkpt lat="45.98522745678201" lon="7.093248858116567"><ele>1552.5999755859375</ele></trkpt><trkpt lat="45.98523296881467" lon="7.093286244664341"><ele>1549.5999755859375</ele></trkpt><trkpt lat="45.98509143758565" lon="7.093480702023953"><ele>1544.8999938964844</ele></trkpt><trkpt lat="45.98500031931326" lon="7.093687742948532"><ele>1539.3999938964844</ele></trkpt><trkpt lat="45.98489445121959" lon="7.093778740614653"><ele>1535.1999816894531</ele></trkpt><trkpt lat="45.98475843574852" lon="7.094011872541159"><ele>1532.3999938964844</ele></trkpt><trkpt lat="45.98460593121126" lon="7.094148328527808"><ele>1531.1999816894531</ele></trkpt><trkpt lat="45.984498284291476" lon="7.094245788175613"><ele>1529.7999877929688</ele></trkpt><trkpt lat="45.98437743680552" lon="7.094438819214702"><ele>1526.5999755859375</ele></trkpt><trkpt lat="45.98425748059526" lon="7.09462926350534"><ele>1522.5</ele></trkpt><trkpt lat="45.98413842730224" lon="7.094820991158485"><ele>1518.6999816894531</ele></trkpt><trkpt lat="45.98405249090865" lon="7.094958313275129"><ele>1515.0999755859375</ele></trkpt><trkpt lat="45.98402448371053" lon="7.095212694257498"><ele>1510.8999938964844</ele></trkpt><trkpt lat="45.98399814078584" lon="7.095423191785812"><ele>1507.1999816894531</ele></trkpt><trkpt lat="45.9839713126421" lon="7.095474975649267"><ele>1505.0</ele></trkpt><trkpt lat="45.98403545515612" lon="7.095564898103476"><ele>1502.6999816894531</ele></trkpt><trkpt lat="45.98407097067684" lon="7.095706616528332"><ele>1500.0</ele></trkpt><trkpt lat="45.98399928351864" lon="7.095797393936664"><ele>1497.1999816894531</ele></trkpt><trkpt lat="45.98391895601526" lon="7.096004358958453"><ele>1493.3999938964844</ele></trkpt><trkpt lat="45.98389549506828" lon="7.096275485586375"><ele>1489.3999938964844</ele></trkpt><trkpt lat="45.98392909253016" lon="7.096378504298627"><ele>1486.2999877929688</ele></trkpt><trkpt lat="45.9838954214938" lon="7.096546464599669"><ele>1483.5</ele></trkpt><trkpt lat="45.98396046785638" lon="7.096933169756085"><ele>1480.5999755859375</ele></trkpt><trkpt lat="45.983871205709875" lon="7.097160835750401"><ele>1477.7999877929688</ele></trkpt><trkpt lat="45.98377927578986" lon="7.097398840356618"><ele>1474.0999755859375</ele></trkpt><trkpt lat="45.983745862264186" lon="7.0976519621908665"><ele>1469.5</ele></trkpt><trkpt lat="45.983745862264186" lon="7.0976519621908665"><ele>1469.5</ele></trkpt><trkpt lat="45.983745862264186" lon="7.0976519621908665"><ele>1469.5</ele></trkpt><trkpt lat="45.983745862264186" lon="7.0976519621908665"><ele>1469.5</ele></trkpt><trkpt lat="45.983745862264186" lon="7.0976519621908665"><ele>1469.5</ele></trkpt><trkpt lat="45.983745862264186" lon="7.0976519621908665"><ele>1469.5</ele></trkpt><trkpt lat="45.98369132122025" lon="7.098057480063289"><ele>1464.0999755859375</ele></trkpt><trkpt lat="45.98370649246499" lon="7.0983141688629985"><ele>1460.0999755859375</ele></trkpt><trkpt lat="45.983729298226535" lon="7.098715332336724"><ele>1458.0999755859375</ele></trkpt><trkpt lat="45.9837579568848" lon="7.098970647435635"><ele>1454.0999755859375</ele></trkpt><trkpt lat="45.98378840973601" lon="7.0992246605455875"><ele>1445.6999816894531</ele></trkpt><trkpt lat="45.98383101588115" lon="7.0996308624744415"><ele>1436.0999755859375</ele></trkpt><trkpt lat="45.98382099997252" lon="7.099888999015093"><ele>1430.0</ele></trkpt><trkpt lat="45.98381430981681" lon="7.100056788884103"><ele>1426.6999816894531</ele></trkpt><trkpt lat="45.98378719436005" lon="7.100312451366335"><ele>1422.0</ele></trkpt><trkpt lat="45.983760074246675" lon="7.100566822104156"><ele>1413.6999816894531</ele></trkpt><trkpt lat="45.98373205726966" lon="7.100822489243001"><ele>1406.0</ele></trkpt><trkpt lat="45.98370493669063" lon="7.101076859980822"><ele>1401.6999816894531</ele></trkpt><trkpt lat="45.983683068770915" lon="7.101283454801887"><ele>1399.0999755859375</ele></trkpt><trkpt lat="45.98369550332427" lon="7.1015298389829695"><ele>1395.7999877929688</ele></trkpt><trkpt lat="45.983749424573034" lon="7.101812096778303"><ele>1392.0</ele></trkpt><trkpt lat="45.98375199781731" lon="7.10207015555352"><ele>1389.3999938964844</ele></trkpt><trkpt lat="45.98375847842544" lon="7.102431420236826"><ele>1388.1999816894531</ele></trkpt><trkpt lat="45.983707043807954" lon="7.102678198367357"><ele>1386.6999816894531</ele></trkpt><trkpt lat="45.98364320024848" lon="7.1029869904741645"><ele>1383.0</ele></trkpt><trkpt lat="45.983634860720485" lon="7.1032064044848084"><ele>1379.6999816894531</ele></trkpt><trkpt lat="45.983536451589316" lon="7.103387661278248"><ele>1376.5999755859375</ele></trkpt><trkpt lat="45.983510197140276" lon="7.103632992133498"><ele>1369.8999938964844</ele></trkpt><trkpt lat="45.98344343947247" lon="7.103870828635991"><ele>1362.0999755859375</ele></trkpt><trkpt lat="45.98337038513273" lon="7.10410870378837"><ele>1356.1999816894531</ele></trkpt><trkpt lat="45.98328046640381" lon="7.104422813747078"><ele>1352.2999877929688</ele></trkpt><trkpt lat="45.98327403469011" lon="7.104679635260254"><ele>1349.8999938964844</ele></trkpt><trkpt lat="45.98327105073258" lon="7.10488611087203"><ele>1347.6999816894531</ele></trkpt><trkpt lat="45.98312816163525" lon="7.105235382914543"><ele>1345.1999816894531</ele></trkpt><trkpt lat="45.983057003468275" lon="7.105506793130189"><ele>1342.1999816894531</ele></trkpt><trkpt lat="45.98302447143942" lon="7.10575990146026"><ele>1339.5</ele></trkpt><trkpt lat="45.98298744065687" lon="7.106013036798686"><ele>1335.8999938964844</ele></trkpt><trkpt lat="45.982951309066266" lon="7.106266166549176"><ele>1332.0999755859375</ele></trkpt><trkpt lat="45.98291607666761" lon="7.106519290246069"><ele>1329.0999755859375</ele></trkpt><trkpt lat="45.98287994368002" lon="7.106772419530898"><ele>1325.5999755859375</ele></trkpt><trkpt lat="45.982847412116826" lon="7.107026816345751"><ele>1322.0</ele></trkpt><trkpt lat="45.98280947562307" lon="7.107278665527701"><ele>1318.5999755859375</ele></trkpt><trkpt lat="45.982774240430444" lon="7.107531788293272"><ele>1315.1999816894531</ele></trkpt><trkpt lat="45.98275049356744" lon="7.1077151615172625"><ele>1312.0</ele></trkpt><trkpt lat="45.98265849193558" lon="7.107936369255185"><ele>1308.6999816894531</ele></trkpt><trkpt lat="45.982552165631205" lon="7.108180889394134"><ele>1305.0999755859375</ele></trkpt><trkpt lat="45.98251049499959" lon="7.1083875969052315"><ele>1301.3999938964844</ele></trkpt><trkpt lat="45.982500459533185" lon="7.108645725995302"><ele>1298.3999938964844</ele></trkpt><trkpt lat="45.98249042034149" lon="7.108902565203607"><ele>1296.0999755859375</ele></trkpt><trkpt lat="45.98248218325898" lon="7.109160683583468"><ele>1293.8999938964844</ele></trkpt><trkpt lat="45.98247394524515" lon="7.109418801497668"><ele>1291.5999755859375</ele></trkpt><trkpt lat="45.982467506080866" lon="7.109676908701658"><ele>1289.0</ele></trkpt><trkpt lat="45.982467506080866" lon="7.109676908701658"><ele>1289.0</ele></trkpt><trkpt lat="45.982467506080866" lon="7.109676908701658"><ele>1289.0</ele></trkpt><trkpt lat="45.982467506080866" lon="7.109676908701658"><ele>1289.0</ele></trkpt><trkpt lat="45.982467506080866" lon="7.109676908701658"><ele>1289.0</ele></trkpt><trkpt lat="45.982467506080866" lon="7.109676908701658"><ele>1289.0</ele></trkpt><trkpt lat="45.982457464095205" lon="7.109933747444302"><ele>1286.3999938964844</ele></trkpt><trkpt lat="45.98244832502678" lon="7.110191870946437"><ele>1283.8999938964844</ele></trkpt><trkpt lat="45.98244008468464" lon="7.110449988860637"><ele>1281.7999877929688</ele></trkpt><trkpt lat="45.98243346204981" lon="7.110646160785109"><ele>1279.8999938964844</ele></trkpt><trkpt lat="45.98238200927153" lon="7.110892925411463"><ele>1278.0</ele></trkpt><trkpt lat="45.98233145941049" lon="7.111140974331647"><ele>1275.7999877929688</ele></trkpt><trkpt lat="45.98227910604328" lon="7.111387743148953"><ele>1273.3999938964844</ele></trkpt><trkpt lat="45.982229431625456" lon="7.111628043930978"><ele>1271.2999877929688</ele></trkpt><trkpt lat="45.982123896013945" lon="7.111837711650878"><ele>1269.5</ele></trkpt><trkpt lat="45.98201835574582" lon="7.112046087626368"><ele>1267.7999877929688</ele></trkpt><trkpt lat="45.981916398741305" lon="7.11224928079173"><ele>1267.0999755859375</ele></trkpt><trkpt lat="45.98175384430215" lon="7.112030898686498"><ele>1268.1999816894531</ele></trkpt><trkpt lat="45.981601409614086" lon="7.111889877356589"><ele>1270.0</ele></trkpt><trkpt lat="45.981429362203926" lon="7.111809618771076"><ele>1272.0</ele></trkpt><trkpt lat="45.98127622762695" lon="7.111736989580095"><ele>1273.7999877929688</ele></trkpt><trkpt lat="45.981089462991804" lon="7.111854237969965"><ele>1275.2999877929688</ele></trkpt><trkpt lat="45.980944227892905" lon="7.112022849265486"><ele>1277.5999755859375</ele></trkpt><trkpt lat="45.98081844393164" lon="7.1120752156712115"><ele>1281.1999816894531</ele></trkpt><trkpt lat="45.980639479123056" lon="7.112090482376516"><ele>1285.5</ele></trkpt><trkpt lat="45.98046141350642" lon="7.1121057430282235"><ele>1289.5</ele></trkpt><trkpt lat="45.98032741388306" lon="7.1121168686077"><ele>1293.2999877929688</ele></trkpt><trkpt lat="45.98017219360918" lon="7.112254570238292"><ele>1298.2999877929688</ele></trkpt><trkpt lat="45.980012505780905" lon="7.112402619794011"><ele>1304.1999816894531</ele></trkpt><trkpt lat="45.979869953822345" lon="7.112566049210727"><ele>1308.5999755859375</ele></trkpt><trkpt lat="45.979779416229576" lon="7.112674974836409"><ele>1309.3999938964844</ele></trkpt><trkpt lat="45.97955190902576" lon="7.112702141050249"><ele>1309.0</ele></trkpt><trkpt lat="45.979380319360644" lon="7.112779293209314"><ele>1309.1999816894531</ele></trkpt><trkpt lat="45.97914944263175" lon="7.112885185051709"><ele>1308.8999938964844</ele></trkpt><trkpt lat="45.97895911661908" lon="7.113015348557383"><ele>1308.2999877929688</ele></trkpt><trkpt lat="45.97878019185737" lon="7.11304480349645"><ele>1308.5999755859375</ele></trkpt><trkpt lat="45.978601259645075" lon="7.113071677740663"><ele>1308.6999816894531</ele></trkpt><trkpt lat="45.9784223344177" lon="7.113101131748408"><ele>1307.7999877929688</ele></trkpt><trkpt lat="45.9782874644734" lon="7.113122581038624"><ele>1307.0999755859375</ele></trkpt><trkpt lat="45.97810748638585" lon="7.113099141512066"><ele>1307.6999816894531</ele></trkpt><trkpt lat="45.97791041014716" lon="7.113073224201798"><ele>1308.6999816894531</ele></trkpt><trkpt lat="45.977628068998456" lon="7.113113617524505"><ele>1309.1999816894531</ele></trkpt><trkpt lat="45.97746103350073" lon="7.1132100922986865"><ele>1310.0</ele></trkpt><trkpt lat="45.97731645591557" lon="7.113296110183001"><ele>1311.2999877929688</ele></trkpt><trkpt lat="45.97720041591674" lon="7.113296803086996"><ele>1312.0</ele></trkpt><trkpt lat="45.97701728576794" lon="7.113426917698234"><ele>1312.5</ele></trkpt><trkpt lat="45.97693632775918" lon="7.1134274010546505"><ele>1314.0</ele></trkpt><trkpt lat="45.97676606941968" lon="7.113343263510615"><ele>1314.5999755859375</ele></trkpt><trkpt lat="45.97654896695167" lon="7.1132361819036305"><ele>1313.2999877929688</ele></trkpt><trkpt lat="45.97640448343009" lon="7.113044804893434"><ele>1312.1999816894531</ele></trkpt><trkpt lat="45.97625026945025" lon="7.1129102553240955"><ele>1311.5</ele></trkpt><trkpt lat="45.97615197300911" lon="7.1128256898373365"><ele>1311.2999877929688</ele></trkpt><trkpt lat="45.97594500519335" lon="7.112801123410463"><ele>1311.6999816894531</ele></trkpt><trkpt lat="45.97571142623201" lon="7.112596090417355"><ele>1312.5999755859375</ele></trkpt><trkpt lat="45.97571142623201" lon="7.112596090417355"><ele>1312.5999755859375</ele></trkpt><trkpt lat="45.97571142623201" lon="7.112596090417355"><ele>1312.5999755859375</ele></trkpt><trkpt lat="45.97571142623201" lon="7.112596090417355"><ele>1312.5999755859375</ele></trkpt><trkpt lat="45.97571142623201" lon="7.112596090417355"><ele>1312.5999755859375</ele></trkpt><trkpt lat="45.97571142623201" lon="7.112596090417355"><ele>1312.5999755859375</ele></trkpt><trkpt lat="45.97552342386916" lon="7.112597215455025"><ele>1313.3999938964844</ele></trkpt><trkpt lat="45.975287484005094" lon="7.112508315127343"><ele>1314.7999877929688</ele></trkpt><trkpt lat="45.97512489231303" lon="7.112277057487518"><ele>1316.1999816894531</ele></trkpt><trkpt lat="45.974952859804034" lon="7.112201967742294"><ele>1316.0</ele></trkpt><trkpt lat="45.974780831020325" lon="7.112128168810159"><ele>1316.5</ele></trkpt><trkpt lat="45.97460789931938" lon="7.1120530855841935"><ele>1318.2999877929688</ele></trkpt><trkpt lat="45.97443586681038" lon="7.111977997701615"><ele>1318.5</ele></trkpt><trkpt lat="45.97433228883892" lon="7.11193346278742"><ele>1317.0</ele></trkpt><trkpt lat="45.97415241971612" lon="7.111947442404926"><ele>1316.3999938964844</ele></trkpt><trkpt lat="45.973973450250924" lon="7.111961416434497"><ele>1316.1999816894531</ele></trkpt><trkpt lat="45.97387382760644" lon="7.112039422150701"><ele>1315.6999816894531</ele></trkpt><trkpt lat="45.97371183615178" lon="7.112014589831233"><ele>1315.5</ele></trkpt><trkpt lat="45.97362203337252" lon="7.112066733650863"><ele>1316.1999816894531</ele></trkpt><trkpt lat="45.97342409892008" lon="7.112055018544197"><ele>1318.3999938964844</ele></trkpt><trkpt lat="45.973251178860664" lon="7.111983808223158"><ele>1320.6999816894531</ele></trkpt><trkpt lat="45.973090858664364" lon="7.111915102228522"><ele>1321.1999816894531</ele></trkpt><trkpt lat="45.972982914652675" lon="7.111915749497712"><ele>1320.3999938964844</ele></trkpt><trkpt lat="45.97279547341168" lon="7.111800762359053"><ele>1320.3999938964844</ele></trkpt><trkpt lat="45.972721298225224" lon="7.11165929492563"><ele>1320.8999938964844</ele></trkpt><trkpt lat="45.97263142000884" lon="7.1116856364533305"><ele>1321.0999755859375</ele></trkpt><trkpt lat="45.972469203174114" lon="7.111583400983363"><ele>1321.5</ele></trkpt><trkpt lat="45.9722894099541" lon="7.111623182892799"><ele>1322.6999816894531</ele></trkpt><trkpt lat="45.972037239931524" lon="7.111521488521248"><ele>1324.0999755859375</ele></trkpt><trkpt lat="45.971947324462235" lon="7.111534928902984"><ele>1325.1999816894531</ele></trkpt><trkpt lat="45.971848112531006" lon="7.111445218324661"><ele>1328.3999938964844</ele></trkpt><trkpt lat="45.971659023780376" lon="7.1113818497397006"><ele>1333.5</ele></trkpt><trkpt lat="45.97155250282958" lon="7.11125348135829"><ele>1337.8999938964844</ele></trkpt><trkpt lat="45.971433049067855" lon="7.111009083688259"><ele>1341.2999877929688</ele></trkpt><trkpt lat="45.97128242813051" lon="7.110873240977526"><ele>1345.0999755859375</ele></trkpt><trkpt lat="45.97114444617182" lon="7.110752804204822"><ele>1349.8999938964844</ele></trkpt><trkpt lat="45.97107442794368" lon="7.1104952110908926"><ele>1353.8999938964844</ele></trkpt><trkpt lat="45.97087649675086" lon="7.11048479238525"><ele>1355.5999755859375</ele></trkpt><trkpt lat="45.9707754435949" lon="7.110380905680358"><ele>1357.0999755859375</ele></trkpt><trkpt lat="45.970774355810136" lon="7.11031640926376"><ele>1360.3999938964844</ele></trkpt><trkpt lat="45.97092742845416" lon="7.110367090441287"><ele>1365.0</ele></trkpt><trkpt lat="45.97079185722396" lon="7.110148596577346"><ele>1370.5999755859375</ele></trkpt><trkpt lat="45.970968313515186" lon="7.110197846312076"><ele>1374.5</ele></trkpt><trkpt lat="45.97110695950687" lon="7.110237003304064"><ele>1377.0999755859375</ele></trkpt><trkpt lat="45.9709598980844" lon="7.110088241752237"><ele>1381.3999938964844</ele></trkpt><trkpt lat="45.97082727402449" lon="7.109954874496907"><ele>1385.3999938964844</ele></trkpt><trkpt lat="45.97079342417419" lon="7.1097615687176585"><ele>1387.0999755859375</ele></trkpt><trkpt lat="45.97079934645444" lon="7.109633816406131"><ele>1388.0999755859375</ele></trkpt><trkpt lat="45.970701473765075" lon="7.109388004522771"><ele>1388.5</ele></trkpt><trkpt lat="45.9705022694543" lon="7.109556915704161"><ele>1387.8999938964844</ele></trkpt><trkpt lat="45.97030647471547" lon="7.109661302529275"><ele>1388.3999938964844</ele></trkpt><trkpt lat="45.97025246499106" lon="7.109648728277534"><ele>1390.5999755859375</ele></trkpt><trkpt lat="45.97021449590102" lon="7.109584454912692"><ele>1392.2999877929688</ele></trkpt><trkpt lat="45.97008946118876" lon="7.109585209749639"><ele>1393.5</ele></trkpt><trkpt lat="45.96994437184185" lon="7.109495782759041"><ele>1395.8999938964844</ele></trkpt><trkpt lat="45.969767023809254" lon="7.1094491221010685"><ele>1397.6999816894531</ele></trkpt><trkpt lat="45.96965629467741" lon="7.109420120250434"><ele>1398.5</ele></trkpt><trkpt lat="45.969520947895944" lon="7.109279033727944"><ele>1399.7999877929688</ele></trkpt><trkpt lat="45.96939501399174" lon="7.109279795084149"><ele>1401.7999877929688</ele></trkpt><trkpt lat="45.96928849024698" lon="7.109151435550302"><ele>1403.1999816894531</ele></trkpt><trkpt lat="45.96928849024698" lon="7.109151435550302"><ele>1403.1999816894531</ele></trkpt><trkpt lat="45.96928849024698" lon="7.109151435550302"><ele>1403.1999816894531</ele></trkpt><trkpt lat="45.96928849024698" lon="7.109151435550302"><ele>1403.1999816894531</ele></trkpt><trkpt lat="45.96928849024698" lon="7.109151435550302"><ele>1403.1999816894531</ele></trkpt><trkpt lat="45.96928849024698" lon="7.109151435550302"><ele>1403.1999816894531</ele></trkpt><trkpt lat="45.96917005535215" lon="7.109255353920162"><ele>1403.8999938964844</ele></trkpt><trkpt lat="45.969080140348524" lon="7.109268797561526"><ele>1405.5999755859375</ele></trkpt><trkpt lat="45.96890026796609" lon="7.109281494747847"><ele>1406.5</ele></trkpt><trkpt lat="45.96865743584931" lon="7.109297152142972"><ele>1404.5999755859375</ele></trkpt><trkpt lat="45.96847834531218" lon="7.109269853681326"><ele>1402.5999755859375</ele></trkpt><trkpt lat="45.96825245581567" lon="7.109235098119825"><ele>1400.7999877929688</ele></trkpt><trkpt lat="45.968074465636164" lon="7.109276163391769"><ele>1398.0</ele></trkpt><trkpt lat="45.96791086392477" lon="7.109315851237625"><ele>1394.1999816894531</ele></trkpt><trkpt lat="45.9676409997046" lon="7.109316191170365"><ele>1391.0999755859375</ele></trkpt><trkpt lat="45.96753549249843" lon="7.109227818902582"><ele>1389.3999938964844</ele></trkpt><trkpt lat="45.967410415410995" lon="7.109214384574443"><ele>1386.8999938964844</ele></trkpt><trkpt lat="45.967233890201896" lon="7.109141922090203"><ele>1383.3999938964844</ele></trkpt><trkpt lat="45.96704744780436" lon="7.109061779920012"><ele>1380.5</ele></trkpt><trkpt lat="45.96695625316352" lon="7.108946232590824"><ele>1377.5999755859375</ele></trkpt><trkpt lat="45.9667402128689" lon="7.108895939774811"><ele>1374.0</ele></trkpt><trkpt lat="45.96657440252602" lon="7.108796325046569"><ele>1371.2999877929688</ele></trkpt><trkpt lat="45.966442835051566" lon="7.108717143069953"><ele>1369.7999877929688</ele></trkpt><trkpt lat="45.9663342833519" lon="7.108511405996978"><ele>1368.5999755859375</ele></trkpt><trkpt lat="45.96625286946073" lon="7.108357103541493"><ele>1367.2999877929688</ele></trkpt><trkpt lat="45.9660725062713" lon="7.108203401323408"><ele>1365.6999816894531</ele></trkpt><trkpt lat="45.96589604951441" lon="7.108154162298888"><ele>1363.5999755859375</ele></trkpt><trkpt lat="45.96572049194947" lon="7.108104918152094"><ele>1361.5</ele></trkpt><trkpt lat="45.96557734813541" lon="7.108065797947347"><ele>1359.7999877929688</ele></trkpt><trkpt lat="45.96540643693879" lon="7.108066834043711"><ele>1358.5</ele></trkpt><trkpt lat="45.96530044032261" lon="7.108117784373462"><ele>1358.1999816894531</ele></trkpt><trkpt lat="45.96525412146002" lon="7.108272857964039"><ele>1359.2999877929688</ele></trkpt><trkpt lat="45.96507426071912" lon="7.108289427123964"><ele>1360.6999816894531</ele></trkpt><trkpt lat="45.96496634790674" lon="7.1083004008978605"><ele>1362.1999816894531</ele></trkpt><trkpt lat="45.964714859146625" lon="7.10843091737479"><ele>1364.1999816894531</ele></trkpt><trkpt lat="45.96453848667443" lon="7.1084100576117635"><ele>1366.5</ele></trkpt><trkpt lat="45.96429192787036" lon="7.108381883241236"><ele>1368.6999816894531</ele></trkpt><trkpt lat="45.96411811374128" lon="7.108313281554729"><ele>1370.5999755859375</ele></trkpt><trkpt lat="45.96397041575983" lon="7.108254841063172"><ele>1372.2999877929688</ele></trkpt><trkpt lat="45.9637895077467" lon="7.108221110422164"><ele>1374.0</ele></trkpt><trkpt lat="45.96361130150035" lon="7.108188652899116"><ele>1374.8999938964844</ele></trkpt><trkpt lat="45.96350149391219" lon="7.1081673903390765"><ele>1374.8999938964844</ele></trkpt><trkpt lat="45.96332446485758" lon="7.108229088597"><ele>1374.5</ele></trkpt><trkpt lat="45.96308632846922" lon="7.108311794698238"><ele>1373.8999938964844</ele></trkpt><trkpt lat="45.96294217510149" lon="7.1082352749072015"><ele>1373.6999816894531</ele></trkpt><trkpt lat="45.96289723692462" lon="7.108248446136713"><ele>1373.6999816894531</ele></trkpt><trkpt lat="45.96269349940121" lon="7.1084044659510255"><ele>1373.6999816894531</ele></trkpt><trkpt lat="45.96242109313607" lon="7.1084577110596"><ele>1373.3999938964844</ele></trkpt><trkpt lat="45.96224948763847" lon="7.108528403099626"><ele>1373.2999877929688</ele></trkpt><trkpt lat="45.962075183633715" lon="7.108599110972136"><ele>1373.0999755859375</ele></trkpt><trkpt lat="45.961908967699856" lon="7.108667190186679"><ele>1372.7999877929688</ele></trkpt><trkpt lat="45.961733425967395" lon="7.108623107429594"><ele>1372.2999877929688</ele></trkpt><trkpt lat="45.96144986478612" lon="7.108553882688284"><ele>1372.0</ele></trkpt><trkpt lat="45.96127548487857" lon="7.108598792925477"><ele>1371.7999877929688</ele></trkpt><trkpt lat="45.96109749889001" lon="7.108641145285219"><ele>1371.5999755859375</ele></trkpt><trkpt lat="45.96109749889001" lon="7.108641145285219"><ele>1371.5999755859375</ele></trkpt><trkpt lat="45.96109749889001" lon="7.108641145285219"><ele>1371.5999755859375</ele></trkpt><trkpt lat="45.96109749889001" lon="7.108641145285219"><ele>1371.5999755859375</ele></trkpt><trkpt lat="45.96109749889001" lon="7.108641145285219"><ele>1371.5999755859375</ele></trkpt><trkpt lat="45.96109749889001" lon="7.108641145285219"><ele>1371.5999755859375</ele></trkpt><trkpt lat="45.960920416750014" lon="7.108684781938791"><ele>1371.5</ele></trkpt><trkpt lat="45.96075142221525" lon="7.1087257894687355"><ele>1371.7999877929688</ele></trkpt><trkpt lat="45.96053283615038" lon="7.108727111946791"><ele>1372.1999816894531</ele></trkpt><trkpt lat="45.96045206859708" lon="7.1087920921854675"><ele>1372.7999877929688</ele></trkpt><trkpt lat="45.960400491487235" lon="7.108689218759537"><ele>1374.2999877929688</ele></trkpt><trkpt lat="45.96022132597864" lon="7.108636131044477"><ele>1376.8999938964844</ele></trkpt><trkpt lat="45.96002144832164" lon="7.1085754302330315"><ele>1379.2999877929688</ele></trkpt><trkpt lat="45.95981222530827" lon="7.108396123629063"><ele>1381.5</ele></trkpt><trkpt lat="45.9596704673022" lon="7.10821641003713"><ele>1383.5999755859375</ele></trkpt><trkpt lat="45.95961299818009" lon="7.107945899479091"><ele>1385.5999755859375</ele></trkpt><trkpt lat="45.959540465381" lon="7.107752869371325"><ele>1387.5</ele></trkpt><trkpt lat="45.95943550672382" lon="7.1075458489358425"><ele>1389.5999755859375</ele></trkpt><trkpt lat="45.95932605024427" lon="7.1073388564400375"><ele>1392.0999755859375</ele></trkpt><trkpt lat="45.959218392614275" lon="7.107131854165345"><ele>1394.2999877929688</ele></trkpt><trkpt lat="45.959133356343955" lon="7.10696985758841"><ele>1396.8999938964844</ele></trkpt><trkpt lat="45.95905620185658" lon="7.106735585257411"><ele>1399.7999877929688</ele></trkpt><trkpt lat="45.95897905062884" lon="7.1065026037395"><ele>1402.1999816894531</ele></trkpt><trkpt lat="45.95892548980191" lon="7.106337837409228"><ele>1404.3999938964844</ele></trkpt><trkpt lat="45.95874407235533" lon="7.106132578104734"><ele>1406.7999877929688</ele></trkpt><trkpt lat="45.95857026800513" lon="7.106067859567702"><ele>1409.0999755859375</ele></trkpt><trkpt lat="45.95834242319688" lon="7.105980255175382"><ele>1411.2999877929688</ele></trkpt><trkpt lat="45.958178360480815" lon="7.105863887351006"><ele>1413.1999816894531</ele></trkpt><trkpt lat="45.958017891738564" lon="7.105746208224446"><ele>1415.0999755859375</ele></trkpt><trkpt lat="45.957857427187264" lon="7.105629819910973"><ele>1417.0</ele></trkpt><trkpt lat="45.957692445255816" lon="7.105507011059672"><ele>1419.3999938964844</ele></trkpt><trkpt lat="45.957473054528236" lon="7.1052375035360456"><ele>1421.5999755859375</ele></trkpt><trkpt lat="45.95737391477451" lon="7.1051736222580075"><ele>1423.0</ele></trkpt><trkpt lat="45.95719843683764" lon="7.105151480063796"><ele>1423.5</ele></trkpt><trkpt lat="45.95707695465535" lon="7.105136746540666"><ele>1424.1999816894531</ele></trkpt><trkpt lat="45.95684331096709" lon="7.10521685006097"><ele>1425.3999938964844</ele></trkpt><trkpt lat="45.95660043368116" lon="7.10521704563871"><ele>1426.5</ele></trkpt><trkpt lat="45.956456393934786" lon="7.105179234407842"><ele>1427.0999755859375</ele></trkpt><trkpt lat="45.95621302165091" lon="7.105013058986515"><ele>1427.6999816894531</ele></trkpt><trkpt lat="45.956070435233414" lon="7.104859164915979"><ele>1428.7999877929688</ele></trkpt><trkpt lat="45.955948434304446" lon="7.104670323431492"><ele>1430.5</ele></trkpt><trkpt lat="45.9558734158054" lon="7.104550839867443"><ele>1431.8999938964844</ele></trkpt><trkpt lat="45.95572542818263" lon="7.104395691305399"><ele>1433.0999755859375</ele></trkpt><trkpt lat="45.955581941176206" lon="7.1042418060824275"><ele>1434.5999755859375</ele></trkpt><trkpt lat="45.95542942453176" lon="7.104076369665563"><ele>1436.0999755859375</ele></trkpt><trkpt lat="45.955307425931096" lon="7.103888821788132"><ele>1437.1999816894531</ele></trkpt><trkpt lat="45.95521343545988" lon="7.103742372710258"><ele>1438.0999755859375</ele></trkpt><trkpt lat="45.95505741611123" lon="7.1036092028953135"><ele>1438.5999755859375</ele></trkpt><trkpt lat="45.954902299679816" lon="7.1034773173742"><ele>1438.7999877929688</ele></trkpt><trkpt lat="45.954748078715056" lon="7.103344137780368"><ele>1439.0</ele></trkpt><trkpt lat="45.95459386147559" lon="7.103212248533964"><ele>1439.3999938964844</ele></trkpt><trkpt lat="45.95444143982604" lon="7.103079059161246"><ele>1440.0</ele></trkpt><trkpt lat="45.95427549351007" lon="7.102935636416078"><ele>1440.6999816894531</ele></trkpt><trkpt lat="45.95409632893279" lon="7.102883862797171"><ele>1441.3999938964844</ele></trkpt><trkpt lat="45.95409632893279" lon="7.102883862797171"><ele>1441.3999938964844</ele></trkpt><trkpt lat="45.95409632893279" lon="7.102883862797171"><ele>1441.3999938964844</ele></trkpt><trkpt lat="45.95409632893279" lon="7.102883862797171"><ele>1441.3999938964844</ele></trkpt><trkpt lat="45.95409632893279" lon="7.102883862797171"><ele>1441.3999938964844</ele></trkpt><trkpt lat="45.95409632893279" lon="7.102883862797171"><ele>1441.3999938964844</ele></trkpt><trkpt lat="45.95392345683649" lon="7.102830761577934"><ele>1442.1999816894531</ele></trkpt><trkpt lat="45.953744292259216" lon="7.102778988424689"><ele>1443.2999877929688</ele></trkpt><trkpt lat="45.9536344492808" lon="7.102746134158224"><ele>1444.7999877929688</ele></trkpt><trkpt lat="45.95347130205482" lon="7.1026362287811935"><ele>1447.0</ele></trkpt><trkpt lat="45.95323694543913" lon="7.102477756328881"><ele>1449.6999816894531</ele></trkpt><trkpt lat="45.953015429433435" lon="7.1024017431773245"><ele>1452.7999877929688</ele></trkpt><trkpt lat="45.95275100693107" lon="7.102416270412505"><ele>1456.0</ele></trkpt><trkpt lat="45.952588497661054" lon="7.102519154548645"><ele>1458.6999816894531</ele></trkpt><trkpt lat="45.95242149895057" lon="7.102624644525349"><ele>1461.3999938964844</ele></trkpt><trkpt lat="45.952211908996105" lon="7.102625936735421"><ele>1464.0999755859375</ele></trkpt><trkpt lat="45.952070489991456" lon="7.102562326937914"><ele>1466.7999877929688</ele></trkpt><trkpt lat="45.951907323207706" lon="7.1024459772743285"><ele>1468.8999938964844</ele></trkpt><trkpt lat="45.95168014289811" lon="7.102281017694622"><ele>1470.6999816894531</ele></trkpt><trkpt lat="45.95149050699547" lon="7.102037161588669"><ele>1474.5</ele></trkpt><trkpt lat="45.95127419475466" lon="7.101896640844643"><ele>1480.7999877929688</ele></trkpt><trkpt lat="45.95109423948452" lon="7.1018809881061316"><ele>1487.0999755859375</ele></trkpt><trkpt lat="45.950860300567" lon="7.1018617996014655"><ele>1491.7999877929688</ele></trkpt><trkpt lat="45.950746483169496" lon="7.102003069128841"><ele>1494.1999816894531</ele></trkpt><trkpt lat="45.95056399470195" lon="7.102042883168906"><ele>1494.7999877929688</ele></trkpt><trkpt lat="45.95050087291747" lon="7.101991689763963"><ele>1496.5</ele></trkpt><trkpt lat="45.950410071760416" lon="7.101709831040353"><ele>1499.1999816894531</ele></trkpt><trkpt lat="45.95030196942389" lon="7.1016576257534325"><ele>1500.0999755859375</ele></trkpt><trkpt lat="45.95018522441387" lon="7.1017228262498975"><ele>1499.3999938964844</ele></trkpt><trkpt lat="45.94994544517249" lon="7.101556662935764"><ele>1499.6999816894531</ele></trkpt><trkpt lat="45.94979924475774" lon="7.101398949511349"><ele>1501.1999816894531</ele></trkpt><trkpt lat="45.94965844089165" lon="7.101241203024983"><ele>1502.5</ele></trkpt><trkpt lat="45.94957449706271" lon="7.101146294269711"><ele>1501.5999755859375</ele></trkpt><trkpt lat="45.94943993818015" lon="7.100971745792776"><ele>1499.0</ele></trkpt><trkpt lat="45.9493071786128" lon="7.100797187536955"><ele>1496.6999816894531</ele></trkpt><trkpt lat="45.94917531404644" lon="7.100621334742755"><ele>1495.5</ele></trkpt><trkpt lat="45.94905700488016" lon="7.100466031581163"><ele>1494.7999877929688</ele></trkpt><trkpt lat="45.9489144901745" lon="7.100337959825993"><ele>1494.5</ele></trkpt><trkpt lat="45.94876947114244" lon="7.100274382159114"><ele>1494.1999816894531</ele></trkpt><trkpt lat="45.948741235304624" lon="7.100158498156816"><ele>1493.7999877929688</ele></trkpt><trkpt lat="45.9486781898886" lon="7.100133098196238"><ele>1493.3999938964844</ele></trkpt><trkpt lat="45.94863294111565" lon="7.100043111015111"><ele>1493.5</ele></trkpt><trkpt lat="45.9484994597733" lon="7.0999278808012605"><ele>1493.6999816894531</ele></trkpt><trkpt lat="45.94835350243375" lon="7.099851415026933"><ele>1494.2999877929688</ele></trkpt><trkpt lat="45.94811246776953" lon="7.099865808151662"><ele>1495.8999938964844</ele></trkpt><trkpt lat="45.94795943098143" lon="7.099828073289245"><ele>1498.5999755859375</ele></trkpt><trkpt lat="45.94774119975045" lon="7.099648896139115"><ele>1501.5</ele></trkpt><trkpt lat="45.947660320438445" lon="7.099675189703703"><ele>1503.3999938964844</ele></trkpt><trkpt lat="45.94744427781552" lon="7.099624951835722"><ele>1505.0999755859375</ele></trkpt><trkpt lat="45.9472784800455" lon="7.09953184844926"><ele>1507.5</ele></trkpt><trkpt lat="45.947060415521264" lon="7.099408122245222"><ele>1509.5</ele></trkpt><trkpt lat="45.94692544732243" lon="7.099396066740155"><ele>1510.5999755859375</ele></trkpt><trkpt lat="45.94689744897187" lon="7.099358845502138"><ele>1511.0</ele></trkpt><trkpt lat="45.946844450663775" lon="7.099383675958961"><ele>1511.7999877929688</ele></trkpt><trkpt lat="45.94675144832581" lon="7.0992681994102895"><ele>1512.8999938964844</ele></trkpt><trkpt lat="45.94672450143844" lon="7.099281262140721"><ele>1513.7999877929688</ele></trkpt><trkpt lat="45.946588282473385" lon="7.099153160117567"><ele>1514.8999938964844</ele></trkpt><trkpt lat="45.94645311869681" lon="7.099076632410288"><ele>1515.8999938964844</ele></trkpt><trkpt lat="45.94645311869681" lon="7.099076632410288"><ele>1515.8999938964844</ele></trkpt><trkpt lat="45.94645311869681" lon="7.099076632410288"><ele>1515.8999938964844</ele></trkpt><trkpt lat="45.94645311869681" lon="7.099076632410288"><ele>1515.8999938964844</ele></trkpt><trkpt lat="45.94645311869681" lon="7.099076632410288"><ele>1515.8999938964844</ele></trkpt><trkpt lat="45.94645311869681" lon="7.099076632410288"><ele>1515.8999938964844</ele></trkpt><trkpt lat="45.94637220026925" lon="7.099090030882508"><ele>1516.2999877929688</ele></trkpt><trkpt lat="45.94621892878786" lon="7.098974931519479"><ele>1516.7999877929688</ele></trkpt><trkpt lat="45.946128975600004" lon="7.098975491710007"><ele>1517.6999816894531</ele></trkpt><trkpt lat="45.946020485367626" lon="7.098795639816672"><ele>1519.0999755859375</ele></trkpt><trkpt lat="45.94585646223277" lon="7.098694792948663"><ele>1520.5999755859375</ele></trkpt><trkpt lat="45.94573208875954" lon="7.0986169106327"><ele>1522.1999816894531</ele></trkpt><trkpt lat="45.94570842757821" lon="7.098526794929057"><ele>1523.8999938964844</ele></trkpt><trkpt lat="45.94554232759401" lon="7.098334410227835"><ele>1526.1999816894531</ele></trkpt><trkpt lat="45.94546930771321" lon="7.097986708860844"><ele>1528.6999816894531</ele></trkpt><trkpt lat="45.94528243876994" lon="7.097768666688353"><ele>1529.5999755859375</ele></trkpt><trkpt lat="45.9452184936963" lon="7.097743276972324"><ele>1529.2999877929688</ele></trkpt><trkpt lat="45.945162212941796" lon="7.097575998399407"><ele>1529.0999755859375</ele></trkpt><trkpt lat="45.94500901829451" lon="7.097486694343388"><ele>1529.0</ele></trkpt><trkpt lat="45.944965448230505" lon="7.097358020953834"><ele>1529.0999755859375</ele></trkpt><trkpt lat="45.94492942793295" lon="7.09734535170719"><ele>1529.1999816894531</ele></trkpt><trkpt lat="45.94481913931668" lon="7.0971668073907495"><ele>1529.5</ele></trkpt><trkpt lat="45.94470113515854" lon="7.09681810438633"><ele>1529.5</ele></trkpt><trkpt lat="45.9445934696123" lon="7.09661504579708"><ele>1528.6999816894531</ele></trkpt><trkpt lat="45.94448402803391" lon="7.096419735811651"><ele>1527.2999877929688</ele></trkpt><trkpt lat="45.94433443015441" lon="7.096330413129181"><ele>1526.1999816894531</ele></trkpt><trkpt lat="45.944154378492385" lon="7.096283833961934"><ele>1525.1999816894531</ele></trkpt><trkpt lat="45.9439094979316" lon="7.096217031124979"><ele>1525.0999755859375</ele></trkpt><trkpt lat="45.943737459834665" lon="7.096143324393779"><ele>1526.3999938964844</ele></trkpt><trkpt lat="45.94356541754678" lon="7.0960683287121356"><ele>1528.6999816894531</ele></trkpt><trkpt lat="45.94339247979224" lon="7.095994628965855"><ele>1531.1999816894531</ele></trkpt><trkpt lat="45.94316910114139" lon="7.095899326261133"><ele>1533.1999816894531</ele></trkpt><trkpt lat="45.94298923900351" lon="7.095914639998227"><ele>1533.7999877929688</ele></trkpt><trkpt lat="45.942836354486644" lon="7.095927205402404"><ele>1533.7999877929688</ele></trkpt><trkpt lat="45.94259312702343" lon="7.095812687650323"><ele>1534.1999816894531</ele></trkpt><trkpt lat="45.94252120424062" lon="7.095826033502817"><ele>1534.0999755859375</ele></trkpt><trkpt lat="45.94238137034699" lon="7.0959880873560905"><ele>1533.7999877929688</ele></trkpt><trkpt lat="45.9422971107997" lon="7.096085321623832"><ele>1534.8999938964844</ele></trkpt><trkpt lat="45.94203632650897" lon="7.0961127476766706"><ele>1536.0999755859375</ele></trkpt><trkpt lat="45.94186017662287" lon="7.0961654293350875"><ele>1537.0</ele></trkpt><trkpt lat="45.94173346133903" lon="7.096204906702042"><ele>1537.7999877929688</ele></trkpt><trkpt lat="45.94152387138456" lon="7.09620622266084"><ele>1538.2999877929688</ele></trkpt><trkpt lat="45.941425199154764" lon="7.096297098323703"><ele>1538.7999877929688</ele></trkpt><trkpt lat="45.94134392682463" lon="7.096194458659738"><ele>1539.7999877929688</ele></trkpt><trkpt lat="45.941175458952785" lon="7.096111707855016"><ele>1541.5999755859375</ele></trkpt><trkpt lat="45.94094844721258" lon="7.096004826948047"><ele>1543.5</ele></trkpt><trkpt lat="45.940893216989934" lon="7.095887842122465"><ele>1544.5</ele></trkpt><trkpt lat="45.9408392063342" lon="7.0958752878941596"><ele>1545.1999816894531</ele></trkpt><trkpt lat="45.94063250813633" lon="7.095645791850984"><ele>1546.2999877929688</ele></trkpt><trkpt lat="45.94046049704775" lon="7.095581116620451"><ele>1547.5999755859375</ele></trkpt><trkpt lat="45.94028243795037" lon="7.095597709063441"><ele>1548.7999877929688</ele></trkpt><trkpt lat="45.94015743536875" lon="7.09560881042853"><ele>1550.1999816894531</ele></trkpt><trkpt lat="45.93998449342325" lon="7.09553382685408"><ele>1552.1999816894531</ele></trkpt><trkpt lat="45.939812443219125" lon="7.095456259790808"><ele>1554.3999938964844</ele></trkpt><trkpt lat="45.93963949708268" lon="7.095379988197237"><ele>1556.2999877929688</ele></trkpt><trkpt lat="45.939524199813604" lon="7.095329140778631"><ele>1558.0999755859375</ele></trkpt><trkpt lat="45.93930049426854" lon="7.095420802012086"><ele>1559.5999755859375</ele></trkpt><trkpt lat="45.939134393353015" lon="7.095523703843355"><ele>1560.3999938964844</ele></trkpt><trkpt lat="45.93913030298427" lon="7.09552022209391"><ele>1560.5499877929688</ele></trkpt><trkpt lat="45.93907030299306" lon="7.095570222008973"><ele>1560.8599853515625</ele></trkpt><trkpt lat="45.93901030346751" lon="7.095600222237408"><ele>1561.8999938964844</ele></trkpt><trkpt lat="45.93898030323908" lon="7.095630222465843"><ele>1562.3999938964844</ele></trkpt><trkpt lat="45.938930303324014" lon="7.095630222465843"><ele>1562.5</ele></trkpt><trkpt lat="45.938890303485096" lon="7.095620222389698"><ele>1562.5</ele></trkpt><trkpt lat="45.938760303426534" lon="7.095570222474635"><ele>1562.5999755859375</ele></trkpt><trkpt lat="45.938720303587615" lon="7.095550222322345"><ele>1562.7999877929688</ele></trkpt><trkpt lat="45.93865030352026" lon="7.095550222322345"><ele>1563.5</ele></trkpt><trkpt lat="45.93862030375749" lon="7.095550222322345"><ele>1563.6799926757812</ele></trkpt><trkpt lat="45.9386003036052" lon="7.095550222322345"><ele>1563.6999816894531</ele></trkpt><trkpt lat="45.93850030377507" lon="7.095530222635716"><ele>1564.0999755859375</ele></trkpt><trkpt lat="45.938460303936154" lon="7.095500222407281"><ele>1564.6299743652344</ele></trkpt><trkpt lat="45.938440303783864" lon="7.095490222796798"><ele>1564.8099975585938</ele></trkpt><trkpt lat="45.93835030402988" lon="7.095390222966671"><ele>1565.9399719238281</ele></trkpt><trkpt lat="45.93831030419096" lon="7.095380222890526"><ele>1566.3799743652344</ele></trkpt><trkpt lat="45.93831030419096" lon="7.095370222814381"><ele>1566.3999938964844</ele></trkpt><trkpt lat="45.938250304199755" lon="7.095370222814381"><ele>1567.0999755859375</ele></trkpt><trkpt lat="45.93820030428469" lon="7.095400223042816"><ele>1567.6899719238281</ele></trkpt><trkpt lat="45.93819030420855" lon="7.095400223042816"><ele>1567.8299865722656</ele></trkpt><trkpt lat="45.93818030459806" lon="7.095420223195106"><ele>1567.8799743652344</ele></trkpt><trkpt lat="45.93816030444577" lon="7.095440222881734"><ele>1567.9599914550781</ele></trkpt><trkpt lat="45.93813030421734" lon="7.095470223110169"><ele>1567.969970703125</ele></trkpt><trkpt lat="45.93809030437842" lon="7.0955302231013775"><ele>1568.1499938964844</ele></trkpt><trkpt lat="45.93806030461565" lon="7.095560223329812"><ele>1568.2599792480469</ele></trkpt><trkpt lat="45.93803030438721" lon="7.095570222940296"><ele>1568.3499755859375</ele></trkpt><trkpt lat="45.93801030470058" lon="7.095580223016441"><ele>1568.4199829101562</ele></trkpt><trkpt lat="45.93799030454829" lon="7.095590223092586"><ele>1568.5799865722656</ele></trkpt><trkpt lat="45.937950304709375" lon="7.095610223244876"><ele>1568.7999877929688</ele></trkpt><trkpt lat="45.937910304404795" lon="7.095620223321021"><ele>1568.969970703125</ele></trkpt><trkpt lat="45.93785030441359" lon="7.095620223321021"><ele>1569.2799987792969</ele></trkpt><trkpt lat="45.937780304811895" lon="7.095620223321021"><ele>1569.5499877929688</ele></trkpt><trkpt lat="45.93771030474454" lon="7.095620223321021"><ele>1569.7699890136719</ele></trkpt><trkpt lat="45.93767030490562" lon="7.095610223244876"><ele>1569.8799743652344</ele></trkpt><trkpt lat="45.93766030482948" lon="7.095600223168731"><ele>1569.9399719238281</ele></trkpt><trkpt lat="45.93763030460104" lon="7.095590223558247"><ele>1570.0</ele></trkpt><trkpt lat="45.937590304762125" lon="7.095560223329812"><ele>1570.0999755859375</ele></trkpt><trkpt lat="45.93755030492321" lon="7.095540223643184"><ele>1570.6299743652344</ele></trkpt><trkpt lat="45.93753030477092" lon="7.095520223490894"><ele>1570.8399963378906</ele></trkpt><trkpt lat="45.93748030485585" lon="7.095480223651975"><ele>1571.1999816894531</ele></trkpt><trkpt lat="45.93745030509308" lon="7.095440223347396"><ele>1571.5099792480469</ele></trkpt><trkpt lat="45.937420305330306" lon="7.095400223508477"><ele>1571.9299926757812</ele></trkpt><trkpt lat="45.93739030510187" lon="7.095350223593414"><ele>1572.4099731445312</ele></trkpt><trkpt lat="45.93734030565247" lon="7.095240223687142"><ele>1574.0999755859375</ele></trkpt><trkpt lat="45.937330305576324" lon="7.095210223924369"><ele>1574.1799926757812</ele></trkpt><trkpt lat="45.937330305576324" lon="7.095200223848224"><ele>1574.22998046875</ele></trkpt><trkpt lat="45.937290305737406" lon="7.0952302240766585"><ele>1574.3499755859375</ele></trkpt><trkpt lat="45.93719030544162" lon="7.095300224144012"><ele>1574.6999816894531</ele></trkpt><trkpt lat="45.936910305637866" lon="7.0955302240327"><ele>1574.8999938964844</ele></trkpt><trkpt lat="45.936890305485576" lon="7.0955302240327"><ele>1574.8299865722656</ele></trkpt><trkpt lat="45.9368603057228" lon="7.09555022418499"><ele>1574.8399963378906</ele></trkpt><trkpt lat="45.936780305579305" lon="7.0955702238716185"><ele>1574.8999938964844</ele></trkpt><trkpt lat="45.93669030582532" lon="7.095610224176198"><ele>1574.989990234375</ele></trkpt><trkpt lat="45.936630305834115" lon="7.095630223862827"><ele>1575.1599731445312</ele></trkpt><trkpt lat="45.93660030560568" lon="7.095650224015117"><ele>1575.25</ele></trkpt><trkpt lat="45.936550305690616" lon="7.095690224319696"><ele>1575.3399963378906</ele></trkpt><trkpt lat="45.9364303057082" lon="7.09576022438705"><ele>1575.7699890136719</ele></trkpt><trkpt lat="45.93626030581072" lon="7.095880224369466"><ele>1576.5499877929688</ele></trkpt><trkpt lat="45.9362203059718" lon="7.09591022413224"><ele>1576.8799743652344</ele></trkpt><trkpt lat="45.9362203059718" lon="7.095920224208385"><ele>1576.7599792480469</ele></trkpt><trkpt lat="45.93626030581072" lon="7.096010224428028"><ele>1576.1499938964844</ele></trkpt><trkpt lat="45.93626030581072" lon="7.0960202240385115"><ele>1576.0999755859375</ele></trkpt><trkpt lat="45.93635030603036" lon="7.096190224401653"><ele>1576.0999755859375</ele></trkpt><trkpt lat="45.93636030610651" lon="7.096230224240571"><ele>1576.0999755859375</ele></trkpt><trkpt lat="45.93636030610651" lon="7.096260224003345"><ele>1576.0999755859375</ele></trkpt><trkpt lat="45.93634030595422" lon="7.0964802242815495"><ele>1576.1099853515625</ele></trkpt><trkpt lat="45.93631030572578" lon="7.096690224483609"><ele>1576.2899780273438</ele></trkpt><trkpt lat="45.9363003061153" lon="7.0967502244748175"><ele>1576.5499877929688</ele></trkpt><trkpt lat="45.9363003061153" lon="7.096760224085301"><ele>1576.5899963378906</ele></trkpt><trkpt lat="45.9363003061153" lon="7.096770224161446"><ele>1576.6699829101562</ele></trkpt><trkpt lat="45.9363003061153" lon="7.096780224237591"><ele>1576.5</ele></trkpt><trkpt lat="45.936310306191444" lon="7.096820224542171"><ele>1576.8999938964844</ele></trkpt><trkpt lat="45.93632030626759" lon="7.096840224228799"><ele>1577.0</ele></trkpt><trkpt lat="45.93635030603036" lon="7.0969202243722975"><ele>1577.2999877929688</ele></trkpt><trkpt lat="45.9363803062588" lon="7.096980224363506"><ele>1577.8299865722656</ele></trkpt><trkpt lat="45.93639030633494" lon="7.096990224439651"><ele>1577.8999938964844</ele></trkpt><trkpt lat="45.93634030641988" lon="7.097040224820375"><ele>1578.6999816894531</ele></trkpt><trkpt lat="45.93629030697048" lon="7.097290224861354"><ele>1581.5699768066406</ele></trkpt><trkpt lat="45.93627030728385" lon="7.097390225157142"><ele>1583.0199890136719</ele></trkpt><trkpt lat="45.936260307207704" lon="7.0974202253855765"><ele>1583.5</ele></trkpt><trkpt lat="45.936260307207704" lon="7.09745022514835"><ele>1583.9499816894531</ele></trkpt><trkpt lat="45.936220307834446" lon="7.0975302257575095"><ele>1585.6499938964844</ele></trkpt><trkpt lat="45.93619030807167" lon="7.097600225824863"><ele>1587.1799926757812</ele></trkpt><trkpt lat="45.93616030784324" lon="7.097640225663781"><ele>1587.3699951171875</ele></trkpt><trkpt lat="45.93607030902058" lon="7.097890226636082"><ele>1592.0999755859375</ele></trkpt><trkpt lat="45.93601030902937" lon="7.098030226770788"><ele>1592.6799926757812</ele></trkpt><trkpt lat="45.93592030974105" lon="7.098270227201283"><ele>1596.1999816894531</ele></trkpt><trkpt lat="45.935930309817195" lon="7.098430227022618"><ele>1597.1599731445312</ele></trkpt><trkpt lat="45.93587030982599" lon="7.098430227488279"><ele>1597.5999755859375</ele></trkpt><trkpt lat="45.93579031014815" lon="7.098440227098763"><ele>1597.9199829101562</ele></trkpt><trkpt lat="45.93568031024188" lon="7.098450227174908"><ele>1598.22998046875</ele></trkpt><trkpt lat="45.93563030986115" lon="7.098450227174908"><ele>1598.3399963378906</ele></trkpt><trkpt lat="45.935590310022235" lon="7.098460227251053"><ele>1598.4399719238281</ele></trkpt><trkpt lat="45.93554031010717" lon="7.098460227251053"><ele>1598.5599975585938</ele></trkpt><trkpt lat="45.935440310277045" lon="7.098460227251053"><ele>1598.7699890136719</ele></trkpt><trkpt lat="45.93532031029463" lon="7.098450227640569"><ele>1599.0499877929688</ele></trkpt><trkpt lat="45.935230310074985" lon="7.098440227564424"><ele>1599.2699890136719</ele></trkpt><trkpt lat="45.93507031025365" lon="7.098440227564424"><ele>1599.5199890136719</ele></trkpt><trkpt lat="45.93480031052604" lon="7.098440227564424"><ele>1599.8699951171875</ele></trkpt><trkpt lat="45.93477031029761" lon="7.098440227564424"><ele>1599.9099731445312</ele></trkpt><trkpt lat="45.93477031029761" lon="7.098440227564424"><ele>1599.8999938964844</ele></trkpt><trkpt lat="45.93475031014532" lon="7.098440227564424"><ele>1599.9399719238281</ele></trkpt><trkpt lat="45.93475031014532" lon="7.098440227564424"><ele>1599.9399719238281</ele></trkpt><trkpt lat="45.93459031032398" lon="7.098450227640569"><ele>1600.1199951171875</ele></trkpt><trkpt lat="45.934530310332775" lon="7.098450227640569"><ele>1600.2099914550781</ele></trkpt><trkpt lat="45.93447031034157" lon="7.098460227716714"><ele>1600.2899780273438</ele></trkpt><trkpt lat="45.93430031044409" lon="7.098490227479488"><ele>1600.6199951171875</ele></trkpt><trkpt lat="45.93410031031817" lon="7.0985202277079225"><ele>1601.1099853515625</ele></trkpt><trkpt lat="45.93401031056419" lon="7.098540227860212"><ele>1601.239990234375</ele></trkpt><trkpt lat="45.93390031065792" lon="7.098550227936357"><ele>1601.3699951171875</ele></trkpt><trkpt lat="45.933870310429484" lon="7.098560228012502"><ele>1601.4099731445312</ele></trkpt><trkpt lat="45.93374031037092" lon="7.098570227622986"><ele>1601.4299926757812</ele></trkpt><trkpt lat="45.93352031055838" lon="7.098600227851421"><ele>1601.5</ele></trkpt><trkpt lat="45.933300310745835" lon="7.098630227614194"><ele>1601.6299743652344</ele></trkpt><trkpt lat="45.93323031067848" lon="7.098630227614194"><ele>1601.6199951171875</ele></trkpt><trkpt lat="45.93321031052619" lon="7.098630227614194"><ele>1601.6099853515625</ele></trkpt><trkpt lat="45.93323031114414" lon="7.098910228349268"><ele>1604.0399780273438</ele></trkpt><trkpt lat="45.93323031114414" lon="7.098990228492767"><ele>1604.75</ele></trkpt><trkpt lat="45.93318031122908" lon="7.098990228492767"><ele>1604.72998046875</ele></trkpt><trkpt lat="45.93272031098604" lon="7.099060228094459"><ele>1604.5</ele></trkpt><trkpt lat="45.93270031129941" lon="7.0990702281706035"><ele>1604.2599792480469</ele></trkpt><trkpt lat="45.932470310945064" lon="7.099100228399038"><ele>1604.0199890136719</ele></trkpt><trkpt lat="45.9323403108865" lon="7.099120228085667"><ele>1603.3699951171875</ele></trkpt><trkpt lat="45.93231031065807" lon="7.099120228085667"><ele>1603.219970703125</ele></trkpt><trkpt lat="45.932260310743004" lon="7.099100227933377"><ele>1603.0399780273438</ele></trkpt><trkpt lat="45.9321203106083" lon="7.099050228018314"><ele>1602.489990234375</ele></trkpt><trkpt lat="45.9320403104648" lon="7.099010227713734"><ele>1602.1499938964844</ele></trkpt><trkpt lat="45.93198031047359" lon="7.0989602277986705"><ele>1601.8699951171875</ele></trkpt><trkpt lat="45.93194031063467" lon="7.098920227959752"><ele>1601.489990234375</ele></trkpt><trkpt lat="45.93190031033009" lon="7.098870227579027"><ele>1601.0999755859375</ele></trkpt><trkpt lat="45.9318803101778" lon="7.098830227740109"><ele>1600.7599792480469</ele></trkpt><trkpt lat="45.93187031010166" lon="7.098790227435529"><ele>1600.3399963378906</ele></trkpt><trkpt lat="45.93187031010166" lon="7.098720227368176"><ele>1599.8899841308594</ele></trkpt><trkpt lat="45.93187031010166" lon="7.0986902276054025"><ele>1599.75</ele></trkpt><trkpt lat="45.93183031026274" lon="7.098670227453113"><ele>1599.739990234375</ele></trkpt><trkpt lat="45.931800310034305" lon="7.098660227376968"><ele>1599.75</ele></trkpt><trkpt lat="45.93177031027153" lon="7.098640227690339"><ele>1599.75</ele></trkpt><trkpt lat="45.93177031027153" lon="7.098640227690339"><ele>1599.7699890136719</ele></trkpt><trkpt lat="45.93174031050876" lon="7.0986802275292575"><ele>1600.5499877929688</ele></trkpt><trkpt lat="45.93171031028032" lon="7.098660227842629"><ele>1601.3399963378906</ele></trkpt><trkpt lat="45.93168031051755" lon="7.098630228079855"><ele>1602.3999938964844</ele></trkpt><trkpt lat="45.93163031106815" lon="7.098600228317082"><ele>1603.8299865722656</ele></trkpt><trkpt lat="45.93161031138152" lon="7.098600228317082"><ele>1605.0399780273438</ele></trkpt><trkpt lat="45.931580311153084" lon="7.098590228240937"><ele>1606.0</ele></trkpt><trkpt lat="45.93155031139031" lon="7.0985602284781635"><ele>1606.6299743652344</ele></trkpt><trkpt lat="45.93150031147525" lon="7.098420228343457"><ele>1606.5699768066406</ele></trkpt><trkpt lat="45.931470311712474" lon="7.098360228352249"><ele>1606.7099914550781</ele></trkpt><trkpt lat="45.931430311873555" lon="7.09832022851333"><ele>1608.25</ele></trkpt><trkpt lat="45.93139031203464" lon="7.098290228750557"><ele>1610.0699768066406</ele></trkpt><trkpt lat="45.931340312585235" lon="7.098280229140073"><ele>1612.1799926757812</ele></trkpt><trkpt lat="45.93131031282246" lon="7.0982602294534445"><ele>1613.47998046875</ele></trkpt><trkpt lat="45.931250313296914" lon="7.098180229775608"><ele>1615.8699951171875</ele></trkpt><trkpt lat="45.931210313457996" lon="7.098120229784399"><ele>1616.9299926757812</ele></trkpt><trkpt lat="45.93107031332329" lon="7.097970230039209"><ele>1617.2999877929688</ele></trkpt><trkpt lat="45.931040313560516" lon="7.097950229886919"><ele>1617.469970703125</ele></trkpt><trkpt lat="45.93099031364545" lon="7.097930229734629"><ele>1617.1799926757812</ele></trkpt><trkpt lat="45.93101031379774" lon="7.097970230039209"><ele>1617.6899719238281</ele></trkpt><trkpt lat="45.93102031387389" lon="7.098010229878128"><ele>1618.239990234375</ele></trkpt><trkpt lat="45.93104031402618" lon="7.098070230334997"><ele>1619.0899963378906</ele></trkpt><trkpt lat="45.93107031425461" lon="7.098150230478495"><ele>1620.3599853515625</ele></trkpt><trkpt lat="45.93109031394124" lon="7.098170230630785"><ele>1620.7999877929688</ele></trkpt><trkpt lat="45.93111031409353" lon="7.098210230469704"><ele>1621.4599914550781</ele></trkpt><trkpt lat="45.931120314169675" lon="7.098250230774283"><ele>1622.0099792480469</ele></trkpt><trkpt lat="45.93115031439811" lon="7.09835023060441"><ele>1622.719970703125</ele></trkpt><trkpt lat="45.93115031439811" lon="7.0984002305194736"><ele>1622.97998046875</ele></trkpt><trkpt lat="45.931160314474255" lon="7.098480230662972"><ele>1623.4599914550781</ele></trkpt><trkpt lat="45.931160314939916" lon="7.098550230730325"><ele>1624.1299743652344</ele></trkpt><trkpt lat="45.93117031501606" lon="7.098610231187195"><ele>1624.6799926757812</ele></trkpt><trkpt lat="45.931200315244496" lon="7.098770231474191"><ele>1626.5199890136719</ele></trkpt><trkpt lat="45.931240315549076" lon="7.098870231304318"><ele>1627.6999816894531</ele></trkpt><trkpt lat="45.93125031562522" lon="7.098970231600106"><ele>1628.3099975585938</ele></trkpt><trkpt lat="45.931260315701365" lon="7.099020231515169"><ele>1628.5399780273438</ele></trkpt><trkpt lat="45.93125031562522" lon="7.099160231649876"><ele>1629.0399780273438</ele></trkpt><trkpt lat="45.931251978036016" lon="7.0991609576158226"><ele>1629.0</ele></trkpt><trkpt lat="45.931251978036016" lon="7.0991609576158226"><ele>1629.0</ele></trkpt><trkpt lat="45.931251978036016" lon="7.0991609576158226"><ele>1629.0</ele></trkpt><trkpt lat="45.93125017499551" lon="7.09915967984125"><ele>1629.0</ele></trkpt><trkpt lat="45.93124029086903" lon="7.099460110068321"><ele>1630.6999816894531</ele></trkpt><trkpt lat="45.93126995395869" lon="7.099749981891364"><ele>1633.5999755859375</ele></trkpt><trkpt lat="45.931270168628544" lon="7.099820883013308"><ele>1634.3999938964844</ele></trkpt><trkpt lat="45.93125145789236" lon="7.099880299530923"><ele>1635.1999816894531</ele></trkpt><trkpt lat="45.93122992804274" lon="7.099899770691991"><ele>1635.6999816894531</ele></trkpt><trkpt lat="45.931200274731964" lon="7.099910267628729"><ele>1636.2999877929688</ele></trkpt><trkpt lat="45.931171459145844" lon="7.099900133907795"><ele>1636.8999938964844</ele></trkpt><trkpt lat="45.931110139004886" lon="7.09985023830086"><ele>1637.8999938964844</ele></trkpt><trkpt lat="45.93099990999326" lon="7.099689782131463"><ele>1640.2999877929688</ele></trkpt><trkpt lat="45.930900482460856" lon="7.099531837273389"><ele>1642.0999755859375</ele></trkpt><trkpt lat="45.93083001114428" lon="7.099430434871465"><ele>1643.3999938964844</ele></trkpt><trkpt lat="45.93079031119123" lon="7.0993907186202705"><ele>1644.0999755859375</ele></trkpt><trkpt lat="45.930720089469105" lon="7.0993718188256025"><ele>1644.8999938964844</ele></trkpt><trkpt lat="45.93068050639704" lon="7.099370775744319"><ele>1645.5999755859375</ele></trkpt><trkpt lat="45.93055022787303" lon="7.099421862047166"><ele>1647.8999938964844</ele></trkpt><trkpt lat="45.9304414675571" lon="7.099449610337615"><ele>1649.8999938964844</ele></trkpt><trkpt lat="45.930351483635604" lon="7.099439857061952"><ele>1651.0</ele></trkpt><trkpt lat="45.93031004676595" lon="7.099420777987689"><ele>1651.5</ele></trkpt><trkpt lat="45.93025145307183" lon="7.099379891064018"><ele>1652.5</ele></trkpt><trkpt lat="45.92994014453143" lon="7.099060840439051"><ele>1658.7999877929688</ele></trkpt><trkpt lat="45.92981998808682" lon="7.09889013832435"><ele>1661.2999877929688</ele></trkpt><trkpt lat="45.9297901825048" lon="7.098850361537188"><ele>1661.6999816894531</ele></trkpt><trkpt lat="45.929370084777474" lon="7.098550042603165"><ele>1667.5</ele></trkpt><trkpt lat="45.92929152119905" lon="7.098449983634055"><ele>1669.1999816894531</ele></trkpt><trkpt lat="45.9292400367558" lon="7.098380694165826"><ele>1670.1999816894531</ele></trkpt><trkpt lat="45.9291803939268" lon="7.098290829919279"><ele>1671.2999877929688</ele></trkpt><trkpt lat="45.9291115407832" lon="7.098130124155432"><ele>1673.0999755859375</ele></trkpt><trkpt lat="45.92903015669435" lon="7.09799012215808"><ele>1675.3999938964844</ele></trkpt><trkpt lat="45.92897150339559" lon="7.097929901909083"><ele>1676.5999755859375</ele></trkpt><trkpt lat="45.92893992969766" lon="7.097900450229645"><ele>1677.2999877929688</ele></trkpt><trkpt lat="45.92890035081655" lon="7.097900697495788"><ele>1678.0</ele></trkpt><trkpt lat="45.928871624637395" lon="7.097920213360339"><ele>1678.5999755859375</ele></trkpt><trkpt lat="45.92886002128944" lon="7.097949934657663"><ele>1679.0999755859375</ele></trkpt><trkpt lat="45.92885024799034" lon="7.097989957313985"><ele>1679.5</ele></trkpt><trkpt lat="45.928900252562016" lon="7.098460159730166"><ele>1682.5</ele></trkpt><trkpt lat="45.928951538167894" lon="7.0987601964734495"><ele>1684.1999816894531</ele></trkpt><trkpt lat="45.92899151239544" lon="7.098890144843608"><ele>1685.3999938964844</ele></trkpt><trkpt lat="45.92906030267477" lon="7.099030226934701"><ele>1686.5999755859375</ele></trkpt><trkpt lat="45.92918039718643" lon="7.099180302582681"><ele>1688.0999755859375</ele></trkpt><trkpt lat="45.929190354421735" lon="7.099200866185129"><ele>1688.3999938964844</ele></trkpt><trkpt lat="45.92918141791597" lon="7.099220258183777"><ele>1688.5999755859375</ele></trkpt><trkpt lat="45.9291715817526" lon="7.099239655770361"><ele>1689.5</ele></trkpt><trkpt lat="45.92914999322966" lon="7.0992397903464735"><ele>1690.0999755859375</ele></trkpt><trkpt lat="45.92910042963922" lon="7.0992104494944215"><ele>1690.8999938964844</ele></trkpt><trkpt lat="45.92870155815035" lon="7.098790115211159"><ele>1696.5999755859375</ele></trkpt><trkpt lat="45.9286301904358" lon="7.0986900120042264"><ele>1697.3999938964844</ele></trkpt><trkpt lat="45.92847012123093" lon="7.098409992642701"><ele>1699.6999816894531</ele></trkpt><trkpt lat="45.928411468397826" lon="7.098349771928042"><ele>1700.0999755859375</ele></trkpt><trkpt lat="45.9283600426279" lon="7.09829981951043"><ele>1700.5999755859375</ele></trkpt><trkpt lat="45.9283302994445" lon="7.098280668724328"><ele>1701.0999755859375</ele></trkpt><trkpt lat="45.92830151459202" lon="7.098280848469585"><ele>1701.5</ele></trkpt><trkpt lat="45.92827014904469" lon="7.098319716285914"><ele>1702.0</ele></trkpt><trkpt lat="45.928280227817595" lon="7.098380239680409"><ele>1702.7999877929688</ele></trkpt><trkpt lat="45.928319897037" lon="7.098409641068429"><ele>1703.5</ele></trkpt><trkpt lat="45.92836142843589" lon="7.098459655418992"><ele>1704.1999816894531</ele></trkpt><trkpt lat="45.928420445881784" lon="7.098639757372439"><ele>1705.8999938964844</ele></trkpt><trkpt lat="45.9284702562727" lon="7.098750307224691"><ele>1707.0</ele></trkpt><trkpt lat="45.92869012011215" lon="7.099170465953648"><ele>1711.2999877929688</ele></trkpt><trkpt lat="45.928911567199975" lon="7.099519718438387"><ele>1714.8999938964844</ele></trkpt><trkpt lat="45.92901025945321" lon="7.099731803871691"><ele>1716.7999877929688</ele></trkpt><trkpt lat="45.929049991071224" lon="7.099781831726432"><ele>1717.3999938964844</ele></trkpt><trkpt lat="45.92921145865694" lon="7.099930362775922"><ele>1718.8999938964844</ele></trkpt><trkpt lat="45.92924036458135" lon="7.099970145151019"><ele>1719.1999816894531</ele></trkpt><trkpt lat="45.9293001932092" lon="7.100121886469424"><ele>1720.0</ele></trkpt><trkpt lat="45.92933023581281" lon="7.1002402966842055"><ele>1720.5</ele></trkpt><trkpt lat="45.929320462048054" lon="7.100280318874866"><ele>1720.7999877929688</ele></trkpt><trkpt lat="45.92931158747524" lon="7.100320335943252"><ele>1721.0</ele></trkpt><trkpt lat="45.92928019352257" lon="7.100350179709494"><ele>1721.5999755859375</ele></trkpt><trkpt lat="45.929260403849185" lon="7.100350302644074"><ele>1721.8999938964844</ele></trkpt><trkpt lat="45.929221607744694" lon="7.10031187068671"><ele>1723.0</ele></trkpt><trkpt lat="45.92917002737522" lon="7.1002103528007865"><ele>1724.0999755859375</ele></trkpt><trkpt lat="45.92909146472812" lon="7.10011029150337"><ele>1725.2999877929688</ele></trkpt><trkpt lat="45.92903020372614" lon="7.100079733878374"><ele>1726.1999816894531</ele></trkpt><trkpt lat="45.92889161454514" lon="7.100059968885034"><ele>1727.5</ele></trkpt><trkpt lat="45.928840251639485" lon="7.100030639208853"><ele>1728.0999755859375</ele></trkpt><trkpt lat="45.92877161502838" lon="7.099940829910338"><ele>1729.1999816894531</ele></trkpt><trkpt lat="45.92873005382717" lon="7.099880501162261"><ele>1729.8999938964844</ele></trkpt><trkpt lat="45.92860045097768" lon="7.099560327362269"><ele>1733.1999816894531</ele></trkpt><trkpt lat="45.928581471554935" lon="7.099530796520412"><ele>1733.5999755859375</ele></trkpt><trkpt lat="45.92853996856138" lon="7.09948980435729"><ele>1734.1999816894531</ele></trkpt><trkpt lat="45.928500389214605" lon="7.09949005022645"><ele>1734.5</ele></trkpt><trkpt lat="45.92847160436213" lon="7.099490229506046"><ele>1734.5999755859375</ele></trkpt><trkpt lat="45.928440210875124" lon="7.099520073272288"><ele>1734.6999816894531</ele></trkpt><trkpt lat="45.92840165179223" lon="7.099560273811221"><ele>1734.7999877929688</ele></trkpt><trkpt lat="45.928380243014544" lon="7.099619704298675"><ele>1735.5</ele></trkpt><trkpt lat="45.92838033661246" lon="7.09965064143762"><ele>1735.7999877929688</ele></trkpt><trkpt lat="45.92840036842972" lon="7.099730439484119"><ele>1736.8999938964844</ele></trkpt><trkpt lat="45.928590395953506" lon="7.10010180156678"><ele>1739.5999755859375</ele></trkpt><trkpt lat="45.92867012694478" lon="7.100290800910443"><ele>1741.2999877929688</ele></trkpt><trkpt lat="45.92882146546617" lon="7.100659828167409"><ele>1744.1999816894531</ele></trkpt><trkpt lat="45.92885148804635" lon="7.10077179223299"><ele>1744.8999938964844</ele></trkpt><trkpt lat="45.92887049494311" lon="7.100810347124934"><ele>1745.0999755859375</ele></trkpt><trkpt lat="45.92890026886016" lon="7.100839811842889"><ele>1745.3999938964844</ele></trkpt><trkpt lat="45.929000361356884" lon="7.100920404307544"><ele>1746.8999938964844</ele></trkpt><trkpt lat="45.929150293115526" lon="7.101121862884611"><ele>1748.8999938964844</ele></trkpt><trkpt lat="45.92921001976356" lon="7.1012400896288455"><ele>1750.2999877929688</ele></trkpt><trkpt lat="45.929310503881425" lon="7.101450879126787"><ele>1752.0999755859375</ele></trkpt><trkpt lat="45.92949020862579" lon="7.1016818061470985"><ele>1755.3999938964844</ele></trkpt><trkpt lat="45.92957164347172" lon="7.101839861832559"><ele>1757.2999877929688</ele></trkpt><trkpt lat="45.92968004010618" lon="7.1019900175742805"><ele>1758.5</ele></trkpt><trkpt lat="45.92969005508348" lon="7.1020299177616835"><ele>1758.7999877929688</ele></trkpt><trkpt lat="45.92969014821574" lon="7.102060855831951"><ele>1759.0999755859375</ele></trkpt><trkpt lat="45.92966142157093" lon="7.1020803693681955"><ele>1759.7999877929688</ele></trkpt><trkpt lat="45.929629907011986" lon="7.102070251479745"><ele>1760.3999938964844</ele></trkpt><trkpt lat="45.92950993729755" lon="7.101960129570216"><ele>1762.2999877929688</ele></trkpt><trkpt lat="45.92937011923641" lon="7.101830794475973"><ele>1763.6999816894531</ele></trkpt><trkpt lat="45.92930166237056" lon="7.101800279226154"><ele>1764.3999938964844</ele></trkpt><trkpt lat="45.929160312749445" lon="7.10175990127027"><ele>1765.8999938964844</ele></trkpt><trkpt lat="45.928811529651284" lon="7.101540334057063"><ele>1770.5999755859375</ele></trkpt><trkpt lat="45.92845033109188" lon="7.101380143780261"><ele>1774.5</ele></trkpt><trkpt lat="45.92829165002331" lon="7.101259952876717"><ele>1776.5999755859375</ele></trkpt><trkpt lat="45.92822046717629" lon="7.101220432203263"><ele>1777.2999877929688</ele></trkpt><trkpt lat="45.928070184309036" lon="7.101200737059116"><ele>1778.8999938964844</ele></trkpt><trkpt lat="45.92798022786155" lon="7.101200004573911"><ele>1779.6999816894531</ele></trkpt><trkpt lat="45.92783995997161" lon="7.101220208220184"><ele>1781.5</ele></trkpt><trkpt lat="45.92778154928237" lon="7.101239905692637"><ele>1782.1999816894531</ele></trkpt><trkpt lat="45.927619964350015" lon="7.1013504741713405"><ele>1783.5</ele></trkpt><trkpt lat="45.92743040109053" lon="7.101430278271437"><ele>1785.5999755859375</ele></trkpt><trkpt lat="45.92741160048172" lon="7.10146004287526"><ele>1786.0</ele></trkpt><trkpt lat="45.927411689888686" lon="7.101489690132439"><ele>1786.2999877929688</ele></trkpt><trkpt lat="45.92740998417139" lon="7.101520637981594"><ele>1786.6999816894531</ele></trkpt><trkpt lat="45.92743163090199" lon="7.101539839990437"><ele>1787.0999755859375</ele></trkpt><trkpt lat="45.92746044695377" lon="7.101549974642694"><ele>1787.6999816894531</ele></trkpt><trkpt lat="45.927601646166295" lon="7.101540078874677"><ele>1790.2999877929688</ele></trkpt><trkpt lat="45.92772047687322" lon="7.1015702821314335"><ele>1791.3999938964844</ele></trkpt><trkpt lat="45.92780158575624" lon="7.101620054338127"><ele>1792.0999755859375</ele></trkpt><trkpt lat="45.928160447161645" lon="7.101900142617524"><ele>1796.0999755859375</ele></trkpt><trkpt lat="45.92830998217687" lon="7.10197011847049"><ele>1798.5</ele></trkpt><trkpt lat="45.92837037099525" lon="7.102009707130492"><ele>1799.2999877929688</ele></trkpt><trkpt lat="45.92860047891736" lon="7.1022506332956254"><ele>1802.0999755859375</ele></trkpt><trkpt lat="45.92862032633275" lon="7.102269846946001"><ele>1802.3999938964844</ele></trkpt><trkpt lat="45.92862044647336" lon="7.102309807669371"><ele>1802.7999877929688</ele></trkpt><trkpt lat="45.92860080813989" lon="7.102360202930868"><ele>1803.5999755859375</ele></trkpt><trkpt lat="45.92856029840186" lon="7.102350139990449"><ele>1804.3999938964844</ele></trkpt><trkpt lat="45.928460211493075" lon="7.102270834613591"><ele>1805.8999938964844</ele></trkpt><trkpt lat="45.92837016610429" lon="7.102240452542901"><ele>1806.8999938964844</ele></trkpt><trkpt lat="45.92829016596079" lon="7.1022602817974985"><ele>1807.6999816894531</ele></trkpt><trkpt lat="45.92818150157109" lon="7.102320249192417"><ele>1809.3999938964844</ele></trkpt><trkpt lat="45.928091638255864" lon="7.10235045151785"><ele>1810.2999877929688</ele></trkpt><trkpt lat="45.92791160941124" lon="7.1023103119805455"><ele>1812.2999877929688</ele></trkpt><trkpt lat="45.927370025310665" lon="7.102290449198335"><ele>1818.5</ele></trkpt><trkpt lat="45.92725149681792" lon="7.102360788267106"><ele>1818.7999877929688</ele></trkpt><trkpt lat="45.92710046144202" lon="7.102390077896416"><ele>1818.5</ele></trkpt><trkpt lat="45.92685170983896" lon="7.102530826348811"><ele>1816.5999755859375</ele></trkpt><trkpt lat="45.926720494870096" lon="7.102570305578411"><ele>1817.0</ele></trkpt><trkpt lat="45.92642148537561" lon="7.10275003220886"><ele>1814.3999938964844</ele></trkpt><trkpt lat="45.92636046791449" lon="7.102800679858774"><ele>1813.8999938964844</ele></trkpt><trkpt lat="45.9262814251706" lon="7.102839836850762"><ele>1812.0999755859375</ele></trkpt><trkpt lat="45.92622040817514" lon="7.102890484035015"><ele>1811.5999755859375</ele></trkpt><trkpt lat="45.92610028805211" lon="7.10303043667227"><ele>1809.5999755859375</ele></trkpt><trkpt lat="45.9260715614073" lon="7.10304994834587"><ele>1809.5999755859375</ele></trkpt><trkpt lat="45.926020349841565" lon="7.103070887736976"><ele>1809.1999816894531</ele></trkpt><trkpt lat="45.925970123149455" lon="7.10312017891556"><ele>1809.0999755859375</ele></trkpt><trkpt lat="45.92597641609609" lon="7.10311885131523"><ele>1809.5999755859375</ele></trkpt><trkpt lat="45.92597641609609" lon="7.10311885131523"><ele>1809.5999755859375</ele></trkpt><trkpt lat="45.92597641609609" lon="7.10311885131523"><ele>1809.5999755859375</ele></trkpt><trkpt lat="45.92597641609609" lon="7.10311885131523"><ele>1809.5999755859375</ele></trkpt><trkpt lat="45.92597641609609" lon="7.10311885131523"><ele>1809.5999755859375</ele></trkpt><trkpt lat="45.92597641609609" lon="7.10311885131523"><ele>1809.5999755859375</ele></trkpt><trkpt lat="45.9258275073953" lon="7.103257691022009"><ele>1809.0999755859375</ele></trkpt><trkpt lat="45.92567500425503" lon="7.103397840633988"><ele>1808.1999816894531</ele></trkpt><trkpt lat="45.925552108325064" lon="7.103512028232217"><ele>1807.5999755859375</ele></trkpt><trkpt lat="45.92538598924875" lon="7.103611012455076"><ele>1807.7999877929688</ele></trkpt><trkpt lat="45.92520550778136" lon="7.103720396291465"><ele>1807.3999938964844</ele></trkpt><trkpt lat="45.925048471894115" lon="7.103848970029503"><ele>1806.0999755859375</ele></trkpt><trkpt lat="45.924891443457454" lon="7.103980121202767"><ele>1804.7999877929688</ele></trkpt><trkpt lat="45.924793149810284" lon="7.104199850931764"><ele>1803.5999755859375</ele></trkpt><trkpt lat="45.92468237737194" lon="7.104458326473832"><ele>1802.3999938964844</ele></trkpt><trkpt lat="45.924431486055255" lon="7.104485642630607"><ele>1801.1999816894531</ele></trkpt><trkpt lat="45.92430438334122" lon="7.104396192822605"><ele>1799.2999877929688</ele></trkpt><trkpt lat="45.924196439329535" lon="7.104396853595972"><ele>1796.6999816894531</ele></trkpt><trkpt lat="45.92406545393169" lon="7.104513662401587"><ele>1792.8999938964844</ele></trkpt><trkpt lat="45.92388749308884" lon="7.1045637326315045"><ele>1788.2999877929688</ele></trkpt><trkpt lat="45.92373829334974" lon="7.1046058922074735"><ele>1783.3999938964844</ele></trkpt><trkpt lat="45.92347792908549" lon="7.1047750492580235"><ele>1778.0999755859375</ele></trkpt><trkpt lat="45.9233882445842" lon="7.104865824338049"><ele>1774.0</ele></trkpt><trkpt lat="45.92337044561282" lon="7.104930380359292"><ele>1770.7999877929688</ele></trkpt><trkpt lat="45.9231641292572" lon="7.105124983470887"><ele>1766.3999938964844</ele></trkpt><trkpt lat="45.92298429971561" lon="7.105151860974729"><ele>1761.1999816894531</ele></trkpt><trkpt lat="45.922798497602344" lon="7.104985434096307"><ele>1756.3999938964844</ele></trkpt><trkpt lat="45.922668965067714" lon="7.104986225720495"><ele>1752.7999877929688</ele></trkpt><trkpt lat="45.922489289194345" lon="7.105064659845084"><ele>1750.0999755859375</ele></trkpt><trkpt lat="45.92236549966037" lon="7.1051814197562635"><ele>1747.8999938964844</ele></trkpt><trkpt lat="45.922312427312136" lon="7.1051817438565195"><ele>1745.7999877929688</ele></trkpt><trkpt lat="45.92219232907519" lon="7.105027806945145"><ele>1743.0999755859375</ele></trkpt><trkpt lat="45.922021264676005" lon="7.104977295733988"><ele>1739.7999877929688</ele></trkpt><trkpt lat="45.921904364135116" lon="7.104990899562836"><ele>1736.3999938964844</ele></trkpt><trkpt lat="45.92170047806576" lon="7.105095258913934"><ele>1732.8999938964844</ele></trkpt><trkpt lat="45.921546165365726" lon="7.1052328259684145"><ele>1729.6999816894531</ele></trkpt><trkpt lat="45.92131201736629" lon="7.105445635970682"><ele>1726.0999755859375</ele></trkpt><trkpt lat="45.921139468904585" lon="7.105500823352486"><ele>1723.6999816894531</ele></trkpt><trkpt lat="45.920891421847045" lon="7.105577093549073"><ele>1724.3999938964844</ele></trkpt><trkpt lat="45.92086642747745" lon="7.105641691014171"><ele>1727.0</ele></trkpt><trkpt lat="45.920647479593754" lon="7.1058234721422195"><ele>1729.6999816894531</ele></trkpt><trkpt lat="45.920605431776494" lon="7.105901062022895"><ele>1731.2999877929688</ele></trkpt><trkpt lat="45.920534445904195" lon="7.105927272699773"><ele>1732.1999816894531</ele></trkpt><trkpt lat="45.92037944076583" lon="7.1061344388872385"><ele>1734.1999816894531</ele></trkpt><trkpt lat="45.920278418343514" lon="7.106345141772181"><ele>1736.5</ele></trkpt><trkpt lat="45.92020150646567" lon="7.106496409047395"><ele>1738.1999816894531</ele></trkpt><trkpt lat="45.920083227567375" lon="7.106651793699712"><ele>1739.3999938964844</ele></trkpt><trkpt lat="45.91995944082737" lon="7.106769834179431"><ele>1739.7999877929688</ele></trkpt><trkpt lat="45.91989643173292" lon="7.106756039895117"><ele>1739.1999816894531</ele></trkpt><trkpt lat="45.9197239628993" lon="7.106838287319988"><ele>1738.3999938964844</ele></trkpt><trkpt lat="45.919554196763784" lon="7.106921806931496"><ele>1738.3999938964844</ele></trkpt><trkpt lat="45.91938442690298" lon="7.107004037126899"><ele>1739.3999938964844</ele></trkpt><trkpt lat="45.919195466674864" lon="7.107288733124733"><ele>1740.6999816894531</ele></trkpt><trkpt lat="45.91902419086546" lon="7.107470212038606"><ele>1741.0999755859375</ele></trkpt><trkpt lat="45.918961147312075" lon="7.107444817665964"><ele>1740.5999755859375</ele></trkpt><trkpt lat="45.91888046078384" lon="7.10753681557253"><ele>1740.5</ele></trkpt><trkpt lat="45.91875448497012" lon="7.107523403130472"><ele>1741.0999755859375</ele></trkpt><trkpt lat="45.91859018057585" lon="7.107628796249628"><ele>1742.0999755859375</ele></trkpt><trkpt lat="45.91859018057585" lon="7.107628796249628"><ele>1742.0999755859375</ele></trkpt><trkpt lat="45.91859018057585" lon="7.107628796249628"><ele>1742.0999755859375</ele></trkpt><trkpt lat="45.91859018057585" lon="7.107628796249628"><ele>1742.0999755859375</ele></trkpt><trkpt lat="45.91859018057585" lon="7.107628796249628"><ele>1742.0999755859375</ele></trkpt><trkpt lat="45.91859018057585" lon="7.107628796249628"><ele>1742.0999755859375</ele></trkpt><trkpt lat="45.91846717428416" lon="7.107706872280687"><ele>1743.0</ele></trkpt><trkpt lat="45.918233449570835" lon="7.107759843580425"><ele>1743.3999938964844</ele></trkpt><trkpt lat="45.9180654627271" lon="7.107836902607232"><ele>1742.8999938964844</ele></trkpt><trkpt lat="45.91780224395916" lon="7.107954492326826"><ele>1741.3999938964844</ele></trkpt><trkpt lat="45.91754138097167" lon="7.107956073246896"><ele>1740.2999877929688</ele></trkpt><trkpt lat="45.91736405249685" lon="7.107915905769914"><ele>1740.0999755859375</ele></trkpt><trkpt lat="45.91718942252919" lon="7.10787572292611"><ele>1740.5999755859375</ele></trkpt><trkpt lat="45.917008500080556" lon="7.107836866751313"><ele>1741.0999755859375</ele></trkpt><trkpt lat="45.91682126559317" lon="7.107792894355953"><ele>1741.1999816894531</ele></trkpt><trkpt lat="45.91666350560263" lon="7.107677859719843"><ele>1741.1999816894531</ele></trkpt><trkpt lat="45.9164534593001" lon="7.107524479273707"><ele>1742.2999877929688</ele></trkpt><trkpt lat="45.91640744963661" lon="7.107783805113286"><ele>1745.0999755859375</ele></trkpt><trkpt lat="45.916462027002126" lon="7.107988391537219"><ele>1748.5</ele></trkpt><trkpt lat="45.91646818583831" lon="7.108246112242341"><ele>1752.0999755859375</ele></trkpt><trkpt lat="45.916472278535366" lon="7.108413630630821"><ele>1755.7999877929688</ele></trkpt><trkpt lat="45.91655744239688" lon="7.108619321603328"><ele>1758.8999938964844</ele></trkpt><trkpt lat="45.91654511913657" lon="7.108710900414735"><ele>1761.0999755859375</ele></trkpt><trkpt lat="45.91639349469915" lon="7.108845851384103"><ele>1763.5999755859375</ele></trkpt><trkpt lat="45.916284936945885" lon="7.108943166676909"><ele>1766.7999877929688</ele></trkpt><trkpt lat="45.916087311226875" lon="7.1090358649380505"><ele>1770.1999816894531</ele></trkpt><trkpt lat="45.915916435886174" lon="7.10904849646613"><ele>1772.5999755859375</ele></trkpt><trkpt lat="45.91575433174148" lon="7.108985037077218"><ele>1774.3999938964844</ele></trkpt><trkpt lat="45.915686461143196" lon="7.109152987599373"><ele>1776.3999938964844</ele></trkpt><trkpt lat="45.915619934443384" lon="7.109166277106851"><ele>1778.3999938964844</ele></trkpt><trkpt lat="45.9155482002534" lon="7.109244036488235"><ele>1780.2999877929688</ele></trkpt><trkpt lat="45.91553047578782" lon="7.109334357548505"><ele>1783.0</ele></trkpt><trkpt lat="45.91561234276742" lon="7.109643168281764"><ele>1787.5</ele></trkpt><trkpt lat="45.915559091139585" lon="7.109888355247676"><ele>1792.0</ele></trkpt><trkpt lat="45.91560448426753" lon="7.110029846429825"><ele>1794.3999938964844</ele></trkpt><trkpt lat="45.91549638984725" lon="7.109978947322816"><ele>1795.0999755859375</ele></trkpt><trkpt lat="45.91531745204702" lon="7.110003222711384"><ele>1794.6999816894531</ele></trkpt><trkpt lat="45.915094452910125" lon="7.110032918397337"><ele>1794.3999938964844</ele></trkpt><trkpt lat="45.91493242466822" lon="7.109995231498033"><ele>1794.6999816894531</ele></trkpt><trkpt lat="45.91488501476124" lon="7.110085729975253"><ele>1795.0</ele></trkpt><trkpt lat="45.91481301467866" lon="7.110073275864124"><ele>1795.1999816894531</ele></trkpt><trkpt lat="45.91462542954832" lon="7.110216167289764"><ele>1795.2999877929688</ele></trkpt><trkpt lat="45.914499496109784" lon="7.110216925386339"><ele>1795.0999755859375</ele></trkpt><trkpt lat="45.91443042131141" lon="7.110281778033823"><ele>1795.0</ele></trkpt><trkpt lat="45.91415727138519" lon="7.110387809574604"><ele>1795.6999816894531</ele></trkpt><trkpt lat="45.91400423552841" lon="7.110348779708147"><ele>1797.1999816894531</ele></trkpt><trkpt lat="45.91382545698434" lon="7.1104271789081395"><ele>1799.5</ele></trkpt><trkpt lat="45.913677469827235" lon="7.1105762724764645"><ele>1802.1999816894531</ele></trkpt><trkpt lat="45.913582403212786" lon="7.110673498362303"><ele>1803.6999816894531</ele></trkpt><trkpt lat="45.91343042161316" lon="7.110687299165875"><ele>1804.5</ele></trkpt><trkpt lat="45.91323193209246" lon="7.110792878083885"><ele>1806.1999816894531</ele></trkpt><trkpt lat="45.913088442292064" lon="7.110941941849887"><ele>1808.5</ele></trkpt><trkpt lat="45.912918037734926" lon="7.111115651670843"><ele>1809.8999938964844</ele></trkpt><trkpt lat="45.912837117910385" lon="7.111129024531692"><ele>1809.7999877929688</ele></trkpt><trkpt lat="45.912695441395044" lon="7.111283230129629"><ele>1809.6999816894531</ele></trkpt><trkpt lat="45.91254926659167" lon="7.111437461804599"><ele>1809.3999938964844</ele></trkpt><trkpt lat="45.91240848926827" lon="7.111591659951955"><ele>1808.5999755859375</ele></trkpt><trkpt lat="45.91231701197103" lon="7.111686282325536"><ele>1808.2999877929688</ele></trkpt><trkpt lat="45.91235329397023" lon="7.11178916040808"><ele>1808.5</ele></trkpt><trkpt lat="45.91230831760913" lon="7.111789429560304"><ele>1808.0</ele></trkpt><trkpt lat="45.91230831760913" lon="7.111789429560304"><ele>1808.0</ele></trkpt><trkpt lat="45.91230831760913" lon="7.111789429560304"><ele>1808.0</ele></trkpt><trkpt lat="45.91230831760913" lon="7.111789429560304"><ele>1808.0</ele></trkpt><trkpt lat="45.91230831760913" lon="7.111789429560304"><ele>1808.0</ele></trkpt><trkpt lat="45.91230831760913" lon="7.111789429560304"><ele>1808.0</ele></trkpt><trkpt lat="45.91227447800338" lon="7.111906902864575"><ele>1807.5999755859375</ele></trkpt><trkpt lat="45.912211432121694" lon="7.111880218144506"><ele>1807.7999877929688</ele></trkpt><trkpt lat="45.9121649954468" lon="7.111996477935463"><ele>1808.2999877929688</ele></trkpt><trkpt lat="45.911949447356164" lon="7.1121137496083975"><ele>1808.3999938964844</ele></trkpt><trkpt lat="45.91187842236832" lon="7.112127061467618"><ele>1807.5999755859375</ele></trkpt><trkpt lat="45.91173326037824" lon="7.112011949066073"><ele>1806.5</ele></trkpt><trkpt lat="45.91159818088636" lon="7.111961210612208"><ele>1806.0999755859375</ele></trkpt><trkpt lat="45.911418275907636" lon="7.111962287686765"><ele>1806.3999938964844</ele></trkpt><trkpt lat="45.91123837092891" lon="7.111963365226984"><ele>1806.6999816894531</ele></trkpt><trkpt lat="45.91105846548453" lon="7.111964442301542"><ele>1807.0999755859375</ele></trkpt><trkpt lat="45.91089745098725" lon="7.111965406220406"><ele>1808.0999755859375</ele></trkpt><trkpt lat="45.91080944798887" lon="7.112017479259521"><ele>1809.2999877929688</ele></trkpt><trkpt lat="45.91060248436406" lon="7.112302221357822"><ele>1811.0</ele></trkpt><trkpt lat="45.910430915653706" lon="7.112385720945895"><ele>1812.6999816894531</ele></trkpt><trkpt lat="45.910260249860585" lon="7.1124705034308136"><ele>1814.0999755859375</ele></trkpt><trkpt lat="45.910152460914105" lon="7.112523981835693"><ele>1814.5999755859375</ele></trkpt><trkpt lat="45.91001712018624" lon="7.112692313268781"><ele>1814.0</ele></trkpt><trkpt lat="45.90988204488531" lon="7.112642863299698"><ele>1812.5999755859375</ele></trkpt><trkpt lat="45.909703087527305" lon="7.112660684157163"><ele>1810.1999816894531</ele></trkpt><trkpt lat="45.909504352137446" lon="7.112682489212602"><ele>1807.8999938964844</ele></trkpt><trkpt lat="45.90936539787799" lon="7.1128456853330135"><ele>1807.2999877929688</ele></trkpt><trkpt lat="45.90921747870743" lon="7.113019242882729"><ele>1808.0</ele></trkpt><trkpt lat="45.909129980485886" lon="7.113245272543281"><ele>1808.5999755859375</ele></trkpt><trkpt lat="45.90904337819666" lon="7.113470007665455"><ele>1808.6999816894531</ele></trkpt><trkpt lat="45.908967482857406" lon="7.113665039651096"><ele>1807.5</ele></trkpt><trkpt lat="45.90883236657828" lon="7.113601414021105"><ele>1804.6999816894531</ele></trkpt><trkpt lat="45.908760441467166" lon="7.113614728208631"><ele>1802.5</ele></trkpt><trkpt lat="45.90867937589064" lon="7.1135778413154185"><ele>1801.3999938964844</ele></trkpt><trkpt lat="45.90867022704333" lon="7.113525062799454"><ele>1800.3999938964844</ele></trkpt><trkpt lat="45.90854211430997" lon="7.113704941235483"><ele>1798.8999938964844</ele></trkpt><trkpt lat="45.90835846262053" lon="7.113965042401105"><ele>1797.1999816894531</ele></trkpt><trkpt lat="45.908210451714694" lon="7.114107668399811"><ele>1795.7999877929688</ele></trkpt><trkpt lat="45.90805705077946" lon="7.114252902101725"><ele>1794.3999938964844</ele></trkpt><trkpt lat="45.90785431023687" lon="7.114444817882031"><ele>1793.0</ele></trkpt><trkpt lat="45.907782496884465" lon="7.11449678754434"><ele>1791.8999938964844</ele></trkpt><trkpt lat="45.9076404129155" lon="7.114511805586517"><ele>1790.5</ele></trkpt><trkpt lat="45.90753044281155" lon="7.114433855749667"><ele>1789.3999938964844</ele></trkpt><trkpt lat="45.907410443760455" lon="7.1146201230585575"><ele>1789.6999816894531</ele></trkpt><trkpt lat="45.90728235244751" lon="7.114807726815343"><ele>1791.0</ele></trkpt><trkpt lat="45.90711845085025" lon="7.115054816007614"><ele>1792.2999877929688</ele></trkpt><trkpt lat="45.90701020415872" lon="7.115261628292501"><ele>1793.6999816894531</ele></trkpt><trkpt lat="45.90690645109862" lon="7.11546712461859"><ele>1795.0999755859375</ele></trkpt><trkpt lat="45.90679550496861" lon="7.115673951338977"><ele>1796.2999877929688</ele></trkpt><trkpt lat="45.906687253620476" lon="7.115879472345114"><ele>1797.0999755859375</ele></trkpt><trkpt lat="45.906579005066305" lon="7.116086281370372"><ele>1798.0</ele></trkpt><trkpt lat="45.906473451294005" lon="7.116291785147041"><ele>1799.0</ele></trkpt><trkpt lat="45.90636340714991" lon="7.116499891970307"><ele>1799.7999877929688</ele></trkpt><trkpt lat="45.90628646314144" lon="7.116644663270563"><ele>1800.8999938964844</ele></trkpt><trkpt lat="45.90605310583487" lon="7.11682643648237"><ele>1803.0</ele></trkpt><trkpt lat="45.90587746538222" lon="7.117059409618378"><ele>1805.7999877929688</ele></trkpt><trkpt lat="45.90577643364668" lon="7.117273902054876"><ele>1808.1999816894531</ele></trkpt><trkpt lat="45.90571295237169" lon="7.11740828352049"><ele>1810.0999755859375</ele></trkpt><trkpt lat="45.90556343412027" lon="7.117653984576464"><ele>1812.0</ele></trkpt><trkpt lat="45.90556343412027" lon="7.117653984576464"><ele>1812.0</ele></trkpt><trkpt lat="45.90556343412027" lon="7.117653984576464"><ele>1812.0</ele></trkpt><trkpt lat="45.90556343412027" lon="7.117653984576464"><ele>1812.0</ele></trkpt><trkpt lat="45.90556343412027" lon="7.117653984576464"><ele>1812.0</ele></trkpt><trkpt lat="45.90556343412027" lon="7.117653984576464"><ele>1812.0</ele></trkpt><trkpt lat="45.90541997225955" lon="7.117815894540399"><ele>1813.8999938964844</ele></trkpt><trkpt lat="45.90530342189595" lon="7.117951875086874"><ele>1815.5999755859375</ele></trkpt><trkpt lat="45.90514809964225" lon="7.118055869825184"><ele>1817.8999938964844</ele></trkpt><trkpt lat="45.90498044202104" lon="7.118250132538378"><ele>1820.6999816894531</ele></trkpt><trkpt lat="45.904898460023105" lon="7.118521202355623"><ele>1822.8999938964844</ele></trkpt><trkpt lat="45.904863436706364" lon="7.118856421671808"><ele>1824.5999755859375</ele></trkpt><trkpt lat="45.90483041247353" lon="7.118946811184287"><ele>1826.0</ele></trkpt><trkpt lat="45.90468241786584" lon="7.1190971452742815"><ele>1828.0</ele></trkpt><trkpt lat="45.904450121335685" lon="7.11933687934652"><ele>1830.5999755859375</ele></trkpt><trkpt lat="45.904396403580904" lon="7.119426100514829"><ele>1832.5999755859375</ele></trkpt><trkpt lat="45.90433141775429" lon="7.119664853438735"><ele>1834.2999877929688</ele></trkpt><trkpt lat="45.904281503520906" lon="7.119826207868755"><ele>1836.0</ele></trkpt><trkpt lat="45.9041389268823" lon="7.119984237942845"><ele>1838.1999816894531</ele></trkpt><trkpt lat="45.90400443132967" lon="7.120137065649033"><ele>1840.6999816894531</ele></trkpt><trkpt lat="45.90384108480066" lon="7.12026686873287"><ele>1843.2999877929688</ele></trkpt><trkpt lat="45.903779107145965" lon="7.120615121908486"><ele>1845.3999938964844</ele></trkpt><trkpt lat="45.90371632343158" lon="7.120679912623018"><ele>1846.5</ele></trkpt><trkpt lat="45.90358146838844" lon="7.120706467889249"><ele>1847.5999755859375</ele></trkpt><trkpt lat="45.903410302475095" lon="7.120617271866649"><ele>1849.1999816894531</ele></trkpt><trkpt lat="45.9032663423568" lon="7.120605226606131"><ele>1851.3999938964844</ele></trkpt><trkpt lat="45.90310293296352" lon="7.120713122654706"><ele>1854.0999755859375</ele></trkpt><trkpt lat="45.902970049064606" lon="7.120800224598497"><ele>1856.7999877929688</ele></trkpt><trkpt lat="45.90281749982387" lon="7.120931248180568"><ele>1859.5999755859375</ele></trkpt><trkpt lat="45.90258417185396" lon="7.121125875972211"><ele>1862.5</ele></trkpt><trkpt lat="45.90242214454338" lon="7.121086877305061"><ele>1865.0999755859375</ele></trkpt><trkpt lat="45.902250504121184" lon="7.121147145051509"><ele>1867.5999755859375</ele></trkpt><trkpt lat="45.90207346621901" lon="7.121207443997264"><ele>1870.0999755859375</ele></trkpt><trkpt lat="45.901811057236046" lon="7.121297873556614"><ele>1872.6999816894531</ele></trkpt><trkpt lat="45.90163110895082" lon="7.121283459011465"><ele>1875.1999816894531</ele></trkpt><trkpt lat="45.90145206032321" lon="7.1212690393440425"><ele>1877.0999755859375</ele></trkpt><trkpt lat="45.90133419679478" lon="7.121260705869645"><ele>1878.0999755859375</ele></trkpt><trkpt lat="45.90126550476998" lon="7.121145146898925"><ele>1879.6999816894531</ele></trkpt><trkpt lat="45.901181096211076" lon="7.1211971757002175"><ele>1882.5999755859375</ele></trkpt><trkpt lat="45.901091107632965" lon="7.1211848156526685"><ele>1886.2999877929688</ele></trkpt><trkpt lat="45.900856976397336" lon="7.121095988899469"><ele>1890.5</ele></trkpt><trkpt lat="45.90069743571803" lon="7.120982248801738"><ele>1894.2999877929688</ele></trkpt><trkpt lat="45.90049643628299" lon="7.120840405579656"><ele>1897.2999877929688</ele></trkpt><trkpt lat="45.90047949226573" lon="7.120892040897161"><ele>1900.5999755859375</ele></trkpt><trkpt lat="45.9005422918126" lon="7.121149358805269"><ele>1906.5999755859375</ele></trkpt><trkpt lat="45.90043515339494" lon="7.121433432679623"><ele>1912.8999938964844</ele></trkpt><trkpt lat="45.90039902692661" lon="7.121382107026875"><ele>1916.0999755859375</ele></trkpt><trkpt lat="45.90034512896091" lon="7.121408188715577"><ele>1918.5</ele></trkpt><trkpt lat="45.90029343171045" lon="7.121575982309878"><ele>1921.3999938964844</ele></trkpt><trkpt lat="45.90024144202471" lon="7.121640705037862"><ele>1923.5999755859375</ele></trkpt><trkpt lat="45.90022914111614" lon="7.121743849013001"><ele>1925.6999816894531</ele></trkpt><trkpt lat="45.90012097964063" lon="7.121667173225433"><ele>1928.0999755859375</ele></trkpt><trkpt lat="45.90008747857064" lon="7.121590064372867"><ele>1930.5999755859375</ele></trkpt><trkpt lat="45.8999604312703" lon="7.121514787431806"><ele>1933.7999877929688</ele></trkpt><trkpt lat="45.89978429256007" lon="7.121575077529997"><ele>1937.0</ele></trkpt><trkpt lat="45.89966207835823" lon="7.121618304867297"><ele>1939.0999755859375</ele></trkpt><trkpt lat="45.8997072041966" lon="7.121670866850764"><ele>1940.6999816894531</ele></trkpt><trkpt lat="45.89973541442305" lon="7.121785370167345"><ele>1943.0</ele></trkpt><trkpt lat="45.89975341735408" lon="7.1221073642373085"><ele>1946.3999938964844</ele></trkpt><trkpt lat="45.89980800868943" lon="7.122326075099409"><ele>1949.5</ele></trkpt><trkpt lat="45.89979937765747" lon="7.122454965021461"><ele>1951.2999877929688</ele></trkpt><trkpt lat="45.89971845690161" lon="7.122468317858875"><ele>1952.7999877929688</ele></trkpt><trkpt lat="45.899554452858865" lon="7.122366197407246"><ele>1954.5999755859375</ele></trkpt><trkpt lat="45.899554452858865" lon="7.122366197407246"><ele>1954.5999755859375</ele></trkpt><trkpt lat="45.899554452858865" lon="7.122366197407246"><ele>1954.5999755859375</ele></trkpt><trkpt lat="45.899554452858865" lon="7.122366197407246"><ele>1954.5999755859375</ele></trkpt><trkpt lat="45.899554452858865" lon="7.122366197407246"><ele>1954.5999755859375</ele></trkpt><trkpt lat="45.899554452858865" lon="7.122366197407246"><ele>1954.5999755859375</ele></trkpt><trkpt lat="45.899367024190724" lon="7.122251329012215"><ele>1956.5</ele></trkpt><trkpt lat="45.899187090341" lon="7.122242065612227"><ele>1958.0</ele></trkpt><trkpt lat="45.89900715695694" lon="7.122232802212238"><ele>1959.5</ele></trkpt><trkpt lat="45.898828119039536" lon="7.122222245205194"><ele>1961.1999816894531</ele></trkpt><trkpt lat="45.89864818146452" lon="7.122211693320423"><ele>1962.8999938964844</ele></trkpt><trkpt lat="45.89851233176887" lon="7.122204751241952"><ele>1964.5999755859375</ele></trkpt><trkpt lat="45.898343462031335" lon="7.122290762141347"><ele>1966.5</ele></trkpt><trkpt lat="45.89815303264186" lon="7.1223872047849"><ele>1968.3999938964844</ele></trkpt><trkpt lat="45.89797323709354" lon="7.122426897287369"><ele>1970.1999816894531</ele></trkpt><trkpt lat="45.89773047482595" lon="7.122466954868287"><ele>1972.1999816894531</ele></trkpt><trkpt lat="45.897551448084414" lon="7.122460261918604"><ele>1974.0</ele></trkpt><trkpt lat="45.89737242506817" lon="7.122454857919365"><ele>1976.0999755859375</ele></trkpt><trkpt lat="45.89715741015971" lon="7.122445797547698"><ele>1978.7999877929688</ele></trkpt><trkpt lat="45.896978481672704" lon="7.122473889496177"><ele>1981.5999755859375</ele></trkpt><trkpt lat="45.89680045284331" lon="7.122501975856721"><ele>1984.0</ele></trkpt><trkpt lat="45.896651193965226" lon="7.122524742037058"><ele>1986.0</ele></trkpt><trkpt lat="45.896480495575815" lon="7.1226004534401"><ele>1988.0999755859375</ele></trkpt><trkpt lat="45.89626847021282" lon="7.122694440186024"><ele>1990.0999755859375</ele></trkpt><trkpt lat="45.896102994680405" lon="7.122708281502128"><ele>1992.0</ele></trkpt><trkpt lat="45.89593643741682" lon="7.122657713945955"><ele>1993.6999816894531</ele></trkpt><trkpt lat="45.89588700002059" lon="7.122670883312821"><ele>1995.0</ele></trkpt><trkpt lat="45.89585127402097" lon="7.122761271428317"><ele>1996.0999755859375</ele></trkpt><trkpt lat="45.89597947895527" lon="7.122928008902818"><ele>1997.7999877929688</ele></trkpt><trkpt lat="45.896143497899175" lon="7.123035278171301"><ele>1999.8999938964844</ele></trkpt><trkpt lat="45.89631112245843" lon="7.123145103920251"><ele>2001.8999938964844</ele></trkpt><trkpt lat="45.8964885068126" lon="7.12320720590651"><ele>2003.3999938964844</ele></trkpt><trkpt lat="45.89663527812809" lon="7.123259178828448"><ele>2004.3999938964844</ele></trkpt><trkpt lat="45.89668946759775" lon="7.123336165212095"><ele>2005.0</ele></trkpt><trkpt lat="45.89668148057535" lon="7.1233748607337475"><ele>2005.5</ele></trkpt><trkpt lat="45.89664740813896" lon="7.1234137075953186"><ele>2006.6999816894531</ele></trkpt><trkpt lat="45.89645048882812" lon="7.123441899660975"><ele>2008.8999938964844</ele></trkpt><trkpt lat="45.89628342771903" lon="7.123531758785248"><ele>2011.3999938964844</ele></trkpt><trkpt lat="45.896110074128956" lon="7.123622941318899"><ele>2013.8999938964844</ele></trkpt><trkpt lat="45.89594211708754" lon="7.123714092653245"><ele>2016.5</ele></trkpt><trkpt lat="45.895773260854185" lon="7.123805248178542"><ele>2019.0</ele></trkpt><trkpt lat="45.89560343977064" lon="7.123873219359666"><ele>2021.5999755859375</ele></trkpt><trkpt lat="45.895443498622626" lon="7.123935980256647"><ele>2024.5</ele></trkpt><trkpt lat="45.89526445418596" lon="7.123922842089087"><ele>2027.2999877929688</ele></trkpt><trkpt lat="45.89512049825862" lon="7.123912077862769"><ele>2029.8999938964844</ele></trkpt><trkpt lat="45.89491015486419" lon="7.12396482238546"><ele>2032.0999755859375</ele></trkpt><trkpt lat="45.89473025035113" lon="7.1239658603444695"><ele>2034.2999877929688</ele></trkpt><trkpt lat="45.89445139840245" lon="7.123967468272895"><ele>2036.6999816894531</ele></trkpt><trkpt lat="45.89427146874368" lon="7.123959488235414"><ele>2038.6999816894531</ele></trkpt><trkpt lat="45.89409243455157" lon="7.123950214590877"><ele>2039.6999816894531</ele></trkpt><trkpt lat="45.89395749149844" lon="7.123945839703083"><ele>2040.1999816894531</ele></trkpt><trkpt lat="45.893857499584556" lon="7.123894886113703"><ele>2041.0</ele></trkpt><trkpt lat="45.893743477761745" lon="7.123972839210182"><ele>2042.5</ele></trkpt><trkpt lat="45.89373206999153" lon="7.12407467700541"><ele>2043.8999938964844</ele></trkpt><trkpt lat="45.89384915679693" lon="7.12412682082504"><ele>2044.8999938964844</ele></trkpt><trkpt lat="45.89384926203638" lon="7.124164179433137"><ele>2045.6999816894531</ele></trkpt><trkpt lat="45.89374146424234" lon="7.124216331169009"><ele>2047.8999938964844</ele></trkpt><trkpt lat="45.893615142442286" lon="7.124398702289909"><ele>2052.3999938964844</ele></trkpt><trkpt lat="45.893466433510184" lon="7.1246172725223005"><ele>2057.7999877929688</ele></trkpt><trkpt lat="45.89363131811842" lon="7.124712943099439"><ele>2062.5999755859375</ele></trkpt><trkpt lat="45.89363131811842" lon="7.124712943099439"><ele>2062.5999755859375</ele></trkpt><trkpt lat="45.89363131811842" lon="7.124712943099439"><ele>2062.5999755859375</ele></trkpt><trkpt lat="45.89363131811842" lon="7.124712943099439"><ele>2062.5999755859375</ele></trkpt><trkpt lat="45.89363131811842" lon="7.124712943099439"><ele>2062.5999755859375</ele></trkpt><trkpt lat="45.89363131811842" lon="7.124712943099439"><ele>2062.5999755859375</ele></trkpt><trkpt lat="45.893797998316586" lon="7.12480731587857"><ele>2067.7999877929688</ele></trkpt><trkpt lat="45.89404936786741" lon="7.124948868062347"><ele>2074.0999755859375</ele></trkpt><trkpt lat="45.894223446026444" lon="7.12511534197256"><ele>2079.2999877929688</ele></trkpt><trkpt lat="45.8942334856838" lon="7.125166815239936"><ele>2082.5999755859375</ele></trkpt><trkpt lat="45.89413130143657" lon="7.125296229030937"><ele>2086.5</ele></trkpt><trkpt lat="45.89396243728697" lon="7.125384800601751"><ele>2092.0</ele></trkpt><trkpt lat="45.893727094866335" lon="7.125504671595991"><ele>2098.5999755859375</ele></trkpt><trkpt lat="45.8936289800331" lon="7.125802820548415"><ele>2104.699981689453</ele></trkpt><trkpt lat="45.893426476977766" lon="7.126086107455194"><ele>2109.7999877929688</ele></trkpt><trkpt lat="45.89333625510335" lon="7.126312067266554"><ele>2115.0</ele></trkpt><trkpt lat="45.89320943970233" lon="7.126641294453293"><ele>2119.5999755859375</ele></trkpt><trkpt lat="45.89316417882219" lon="7.126861842349172"><ele>2123.2999877929688</ele></trkpt><trkpt lat="45.892967069521546" lon="7.1271450920030475"><ele>2126.8999938964844</ele></trkpt><trkpt lat="45.892874132376164" lon="7.127365909982473"><ele>2129.7999877929688</ele></trkpt><trkpt lat="45.892762440722436" lon="7.127635787241161"><ele>2132.699981689453</ele></trkpt><trkpt lat="45.892586457077414" lon="7.127752730622888"><ele>2135.5999755859375</ele></trkpt><trkpt lat="45.892431411892176" lon="7.127959729172289"><ele>2138.0999755859375</ele></trkpt><trkpt lat="45.89240309223533" lon="7.128127359319478"><ele>2140.7999877929688</ele></trkpt><trkpt lat="45.89230748731643" lon="7.128359782975167"><ele>2144.8999938964844</ele></trkpt><trkpt lat="45.89213546132669" lon="7.128606810234487"><ele>2149.3999938964844</ele></trkpt><trkpt lat="45.89216944342479" lon="7.1288591073825955"><ele>2152.0999755859375</ele></trkpt><trkpt lat="45.892198987305164" lon="7.129133329726756"><ele>2153.7999877929688</ele></trkpt><trkpt lat="45.89215544518083" lon="7.129326808732003"><ele>2155.0999755859375</ele></trkpt><trkpt lat="45.89215529290959" lon="7.129597334656864"><ele>2154.8999938964844</ele></trkpt><trkpt lat="45.89210448227823" lon="7.12976509006694"><ele>2155.0</ele></trkpt><trkpt lat="45.89197645522654" lon="7.129984810482711"><ele>2158.0999755859375</ele></trkpt><trkpt lat="45.89177013374865" lon="7.130192090757191"><ele>2163.3999938964844</ele></trkpt><trkpt lat="45.89159933151677" lon="7.130231702700257"><ele>2167.7999877929688</ele></trkpt><trkpt lat="45.89143319334835" lon="7.130331833381206"><ele>2171.0999755859375</ele></trkpt><trkpt lat="45.89129399135709" lon="7.130413776263595"><ele>2174.7999877929688</ele></trkpt><trkpt lat="45.89107246091589" lon="7.130324854981154"><ele>2178.0999755859375</ele></trkpt><trkpt lat="45.89100146992132" lon="7.130351020023227"><ele>2180.7999877929688</ele></trkpt><trkpt lat="45.890844412148" lon="7.130482013802975"><ele>2183.8999938964844</ele></trkpt><trkpt lat="45.89068645518273" lon="7.130613012704998"><ele>2188.199981689453</ele></trkpt><trkpt lat="45.89053209219128" lon="7.130742702167481"><ele>2192.8999938964844</ele></trkpt><trkpt lat="45.89035350596532" lon="7.130895714275539"><ele>2197.5</ele></trkpt><trkpt lat="45.89032414089888" lon="7.131011815741658"><ele>2201.5999755859375</ele></trkpt><trkpt lat="45.89019949734211" lon="7.131154217291623"><ele>2206.2999877929688</ele></trkpt><trkpt lat="45.89008348016068" lon="7.131489794701338"><ele>2212.0999755859375</ele></trkpt><trkpt lat="45.88999301800504" lon="7.131632002536207"><ele>2217.5999755859375</ele></trkpt><trkpt lat="45.88991550216451" lon="7.131902952678502"><ele>2222.2999877929688</ele></trkpt><trkpt lat="45.8899524891749" lon="7.131941390223801"><ele>2225.5</ele></trkpt><trkpt lat="45.89002247946337" lon="7.131877877283841"><ele>2228.0999755859375</ele></trkpt><trkpt lat="45.89001210592687" lon="7.132031227461994"><ele>2232.199981689453</ele></trkpt><trkpt lat="45.89005847647786" lon="7.132211310788989"><ele>2237.5999755859375</ele></trkpt><trkpt lat="45.890221467707306" lon="7.132274804636836"><ele>2242.3999938964844</ele></trkpt><trkpt lat="45.8902643318288" lon="7.132159917615354"><ele>2246.0999755859375</ele></trkpt><trkpt lat="45.890482489950955" lon="7.132002823986113"><ele>2250.699981689453</ele></trkpt><trkpt lat="45.890482489950955" lon="7.132002823986113"><ele>2250.699981689453</ele></trkpt><trkpt lat="45.890482489950955" lon="7.132002823986113"><ele>2250.699981689453</ele></trkpt><trkpt lat="45.890482489950955" lon="7.132002823986113"><ele>2250.699981689453</ele></trkpt><trkpt lat="45.890482489950955" lon="7.132002823986113"><ele>2250.699981689453</ele></trkpt><trkpt lat="45.890482489950955" lon="7.132002823986113"><ele>2250.699981689453</ele></trkpt><trkpt lat="45.89066049782559" lon="7.131965755484998"><ele>2256.0999755859375</ele></trkpt><trkpt lat="45.89079445367679" lon="7.131937951315194"><ele>2259.8999938964844</ele></trkpt><trkpt lat="45.89080542093143" lon="7.132001011166722"><ele>2261.7999877929688</ele></trkpt><trkpt lat="45.89077048143372" lon="7.132052734959871"><ele>2263.8999938964844</ele></trkpt><trkpt lat="45.890723371412605" lon="7.132259108591825"><ele>2267.8999938964844</ele></trkpt><trkpt lat="45.890903322957456" lon="7.132274845615029"><ele>2272.699981689453</ele></trkpt><trkpt lat="45.89113726047799" lon="7.132295432500541"><ele>2278.3999938964844</ele></trkpt><trkpt lat="45.8913714196533" lon="7.132397174369544"><ele>2284.2999877929688</ele></trkpt><trkpt lat="45.891479223035276" lon="7.132345042191446"><ele>2290.5</ele></trkpt><trkpt lat="45.89171549864113" lon="7.1325627118349075"><ele>2298.3999938964844</ele></trkpt><trkpt lat="45.89182347804308" lon="7.132574988994747"><ele>2303.8999938964844</ele></trkpt><trkpt lat="45.89173204405233" lon="7.132691440638155"><ele>2306.5999755859375</ele></trkpt><trkpt lat="45.89157030638307" lon="7.1327567575499415"><ele>2309.3999938964844</ele></trkpt><trkpt lat="45.891544431913644" lon="7.132834195159376"><ele>2312.5</ele></trkpt><trkpt lat="45.8913854630664" lon="7.132925259880722"><ele>2315.3999938964844</ele></trkpt><trkpt lat="45.89135505538434" lon="7.132989840116352"><ele>2317.3999938964844</ele></trkpt><trkpt lat="45.89126524422318" lon="7.1330418712459505"><ele>2319.2999877929688</ele></trkpt><trkpt lat="45.891174098011106" lon="7.133263950701803"><ele>2322.2999877929688</ele></trkpt><trkpt lat="45.89104543812573" lon="7.133584141265601"><ele>2325.5999755859375</ele></trkpt><trkpt lat="45.891070420853794" lon="7.133839063346386"><ele>2328.5999755859375</ele></trkpt><trkpt lat="45.89108815090731" lon="7.134073414839804"><ele>2331.3999938964844</ele></trkpt><trkpt lat="45.89101041806862" lon="7.134267076849937"><ele>2334.0</ele></trkpt><trkpt lat="45.89093843661249" lon="7.134590813424438"><ele>2337.699981689453</ele></trkpt><trkpt lat="45.89098347956315" lon="7.134615038521588"><ele>2341.199981689453</ele></trkpt><trkpt lat="45.89093715976924" lon="7.134782760869712"><ele>2344.199981689453</ele></trkpt><trkpt lat="45.89097202755511" lon="7.135035051498562"><ele>2348.2999877929688</ele></trkpt><trkpt lat="45.89102242467925" lon="7.135374852921814"><ele>2353.5</ele></trkpt><trkpt lat="45.891011118888855" lon="7.135517905000597"><ele>2358.2999877929688</ele></trkpt><trkpt lat="45.89095745887607" lon="7.135632852092385"><ele>2361.5</ele></trkpt><trkpt lat="45.89092241274193" lon="7.1356459287926555"><ele>2363.7999877929688</ele></trkpt><trkpt lat="45.89090643078089" lon="7.135723309125751"><ele>2366.0999755859375</ele></trkpt><trkpt lat="45.89083246095106" lon="7.135646428912878"><ele>2367.8999938964844</ele></trkpt><trkpt lat="45.890716422349215" lon="7.1356470733881"><ele>2369.2999877929688</ele></trkpt><trkpt lat="45.89064322318882" lon="7.135854876600206"><ele>2370.2999877929688</ele></trkpt><trkpt lat="45.89050946943462" lon="7.135957384482026"><ele>2371.8999938964844</ele></trkpt><trkpt lat="45.890329499263316" lon="7.1359339081682265"><ele>2374.7999877929688</ele></trkpt><trkpt lat="45.89015941647813" lon="7.135907800402492"><ele>2377.5999755859375</ele></trkpt><trkpt lat="45.89003549143672" lon="7.135985777713358"><ele>2379.699981689453</ele></trkpt><trkpt lat="45.89016146026552" lon="7.1359979612752795"><ele>2382.699981689453</ele></trkpt><trkpt lat="45.89037423627451" lon="7.136177125852555"><ele>2387.0999755859375</ele></trkpt><trkpt lat="45.89059946965426" lon="7.136305983643979"><ele>2390.699981689453</ele></trkpt><trkpt lat="45.89077932620421" lon="7.136286952998489"><ele>2393.0</ele></trkpt><trkpt lat="45.89095828309655" lon="7.136267927475274"><ele>2396.0</ele></trkpt><trkpt lat="45.89113004785031" lon="7.1362502300180495"><ele>2400.0</ele></trkpt><trkpt lat="45.89103348786011" lon="7.136468469165266"><ele>2403.8999938964844</ele></trkpt><trkpt lat="45.89092441089451" lon="7.136715116444975"><ele>2406.8999938964844</ele></trkpt><trkpt lat="45.890690291300416" lon="7.136626239866018"><ele>2409.0999755859375</ele></trkpt><trkpt lat="45.8904114048928" lon="7.136614901944995"><ele>2412.5</ele></trkpt><trkpt lat="45.89027042360976" lon="7.136705854441971"><ele>2416.8999938964844</ele></trkpt><trkpt lat="45.89017826318741" lon="7.136887996457517"><ele>2420.699981689453</ele></trkpt><trkpt lat="45.89030430139974" lon="7.136925945058465"><ele>2423.5999755859375</ele></trkpt><trkpt lat="45.89032239327207" lon="7.136963202152401"><ele>2425.5999755859375</ele></trkpt><trkpt lat="45.89027845580131" lon="7.137014972046018"><ele>2428.199981689453</ele></trkpt><trkpt lat="45.89039511978626" lon="7.137246198486537"><ele>2431.0999755859375</ele></trkpt><trkpt lat="45.890404323115945" lon="7.137323438189924"><ele>2433.0999755859375</ele></trkpt><trkpt lat="45.89034350635484" lon="7.137453879695386"><ele>2436.5</ele></trkpt><trkpt lat="45.89028050424531" lon="7.1377749824896455"><ele>2442.199981689453</ele></trkpt><trkpt lat="45.89028050424531" lon="7.1377749824896455"><ele>2442.199981689453</ele></trkpt><trkpt lat="45.89028050424531" lon="7.1377749824896455"><ele>2442.199981689453</ele></trkpt><trkpt lat="45.89028050424531" lon="7.1377749824896455"><ele>2442.199981689453</ele></trkpt><trkpt lat="45.89028050424531" lon="7.1377749824896455"><ele>2442.199981689453</ele></trkpt><trkpt lat="45.89028050424531" lon="7.1377749824896455"><ele>2442.199981689453</ele></trkpt><trkpt lat="45.89020245755091" lon="7.137853991705924"><ele>2447.2999877929688</ele></trkpt><trkpt lat="45.890154503751546" lon="7.138084838166833"><ele>2451.7999877929688</ele></trkpt><trkpt lat="45.890012417919934" lon="7.13809979101643"><ele>2456.5999755859375</ele></trkpt><trkpt lat="45.8899884740822" lon="7.138227451592684"><ele>2460.3999938964844</ele></trkpt><trkpt lat="45.8897344279103" lon="7.1384220737963915"><ele>2463.7999877929688</ele></trkpt><trkpt lat="45.8896324490197" lon="7.138633892405778"><ele>2466.0999755859375</ele></trkpt><trkpt lat="45.88950452813879" lon="7.138899954967201"><ele>2467.0999755859375</ele></trkpt><trkpt lat="45.88932843180373" lon="7.138979498762637"><ele>2466.0</ele></trkpt><trkpt lat="45.88908047275618" lon="7.1390967927873135"><ele>2463.0999755859375</ele></trkpt><trkpt lat="45.88887440925464" lon="7.139070872683078"><ele>2460.699981689453</ele></trkpt><trkpt lat="45.88883050810546" lon="7.139136808458716"><ele>2460.0</ele></trkpt><trkpt lat="45.88862831844017" lon="7.139213917311281"><ele>2459.699981689453</ele></trkpt><trkpt lat="45.88844831008464" lon="7.1391762611456215"><ele>2458.7999877929688</ele></trkpt><trkpt lat="45.88835811987519" lon="7.1390878753736615"><ele>2457.8999938964844</ele></trkpt><trkpt lat="45.88823249610141" lon="7.138868296518922"><ele>2457.5</ele></trkpt><trkpt lat="45.88815247640014" lon="7.138882905244827"><ele>2457.7999877929688</ele></trkpt><trkpt lat="45.887980247382075" lon="7.139062899630517"><ele>2459.0999755859375</ele></trkpt><trkpt lat="45.887837464921176" lon="7.13915385119617"><ele>2461.0999755859375</ele></trkpt><trkpt lat="45.88779221009463" lon="7.139385960064828"><ele>2463.699981689453</ele></trkpt><trkpt lat="45.887895479332656" lon="7.139655897393823"><ele>2466.0</ele></trkpt><trkpt lat="45.88787447568029" lon="7.139874991495162"><ele>2466.5</ele></trkpt><trkpt lat="45.88783448189497" lon="7.140056834090501"><ele>2466.199981689453</ele></trkpt><trkpt lat="45.88774916436523" lon="7.14010882563889"><ele>2466.5</ele></trkpt><trkpt lat="45.88761844905093" lon="7.140340111684054"><ele>2467.199981689453</ele></trkpt><trkpt lat="45.88747123628855" lon="7.140456845983863"><ele>2469.699981689453</ele></trkpt><trkpt lat="45.8873274163343" lon="7.140496274922043"><ele>2473.199981689453</ele></trkpt><trkpt lat="45.88719650125131" lon="7.140652850270271"><ele>2476.0</ele></trkpt><trkpt lat="45.88703942485154" lon="7.140781229361892"><ele>2478.3999938964844</ele></trkpt><trkpt lat="45.88685543416068" lon="7.140936804469675"><ele>2480.3999938964844</ele></trkpt><trkpt lat="45.886753231287" lon="7.141066170763224"><ele>2481.0999755859375</ele></trkpt><trkpt lat="45.88659138511866" lon="7.1410928149707615"><ele>2481.2999877929688</ele></trkpt><trkpt lat="45.88635730370879" lon="7.141016806475818"><ele>2482.0999755859375</ele></trkpt><trkpt lat="45.88617742341012" lon="7.141026804223657"><ele>2483.5</ele></trkpt><trkpt lat="45.886051500216126" lon="7.141031355597079"><ele>2484.5999755859375</ele></trkpt><trkpt lat="45.885998466517776" lon="7.141045813448727"><ele>2485.0999755859375</ele></trkpt><trkpt lat="45.88596448674798" lon="7.141121994704008"><ele>2485.2999877929688</ele></trkpt><trkpt lat="45.88591947592795" lon="7.141109359450638"><ele>2485.5</ele></trkpt><trkpt lat="45.885876504704356" lon="7.141186877619475"><ele>2486.0</ele></trkpt><trkpt lat="45.88569944258779" lon="7.141241941601038"><ele>2487.3999938964844</ele></trkpt><trkpt lat="45.88553945766762" lon="7.141291759908199"><ele>2489.7999877929688</ele></trkpt><trkpt lat="45.885426425840706" lon="7.141408300958574"><ele>2491.5</ele></trkpt><trkpt lat="45.88530153268948" lon="7.141461791470647"><ele>2493.0</ele></trkpt><trkpt lat="45.885117144323885" lon="7.141467947978526"><ele>2495.0</ele></trkpt><trkpt lat="45.88487429404631" lon="7.141476999036968"><ele>2497.0</ele></trkpt><trkpt lat="45.884726256132126" lon="7.14162206556648"><ele>2498.8999938964844</ele></trkpt><trkpt lat="45.884560281876475" lon="7.141787837259471"><ele>2500.8999938964844</ele></trkpt><trkpt lat="45.884417463093996" lon="7.141865896061063"><ele>2503.0</ele></trkpt><trkpt lat="45.88429741607979" lon="7.142050737515092"><ele>2505.699981689453</ele></trkpt><trkpt lat="45.884210490621626" lon="7.142174860928208"><ele>2508.5999755859375</ele></trkpt><trkpt lat="45.88416142994538" lon="7.14233097853139"><ele>2511.699981689453</ele></trkpt><trkpt lat="45.884025166742504" lon="7.142506889998913"><ele>2515.5999755859375</ele></trkpt><trkpt lat="45.88389429729432" lon="7.142681483179331"><ele>2520.199981689453</ele></trkpt><trkpt lat="45.88376343110576" lon="7.142857363447547"><ele>2524.5</ele></trkpt><trkpt lat="45.88363346364349" lon="7.143033237662166"><ele>2527.5999755859375</ele></trkpt><trkpt lat="45.88363346364349" lon="7.143033237662166"><ele>2527.5999755859375</ele></trkpt><trkpt lat="45.88363346364349" lon="7.143033237662166"><ele>2527.5999755859375</ele></trkpt><trkpt lat="45.88363346364349" lon="7.143033237662166"><ele>2527.5999755859375</ele></trkpt><trkpt lat="45.88363346364349" lon="7.143033237662166"><ele>2527.5999755859375</ele></trkpt><trkpt lat="45.88363346364349" lon="7.143033237662166"><ele>2527.5999755859375</ele></trkpt><trkpt lat="45.883538441266865" lon="7.143157401587814"><ele>2529.8999938964844</ele></trkpt><trkpt lat="45.88343735644594" lon="7.143370470497757"><ele>2531.8999938964844</ele></trkpt><trkpt lat="45.883326444309205" lon="7.143609351944178"><ele>2534.0999755859375</ele></trkpt><trkpt lat="45.88322050496936" lon="7.143687205389142"><ele>2537.3999938964844</ele></trkpt><trkpt lat="45.88303608307615" lon="7.143680474720895"><ele>2542.0</ele></trkpt><trkpt lat="45.88289214670658" lon="7.143676101230085"><ele>2546.2999877929688</ele></trkpt><trkpt lat="45.882740480825305" lon="7.143810872454196"><ele>2549.2999877929688</ele></trkpt><trkpt lat="45.88255110941827" lon="7.1439741817303"><ele>2551.699981689453</ele></trkpt><trkpt lat="45.88237116765231" lon="7.1439609858207405"><ele>2554.199981689453</ele></trkpt><trkpt lat="45.88219212228432" lon="7.143946497235447"><ele>2557.0999755859375</ele></trkpt><trkpt lat="45.88207426201552" lon="7.143938118591905"><ele>2561.2999877929688</ele></trkpt><trkpt lat="45.88182215904817" lon="7.1438493225723505"><ele>2566.5999755859375</ele></trkpt><trkpt lat="45.88167840568349" lon="7.143914497923106"><ele>2570.3999938964844</ele></trkpt><trkpt lat="45.881723484024405" lon="7.143952894024551"><ele>2572.5999755859375</ele></trkpt><trkpt lat="45.88154444564134" lon="7.14394098194316"><ele>2577.199981689453</ele></trkpt><trkpt lat="45.88136449782178" lon="7.143925210926682"><ele>2582.699981689453</ele></trkpt><trkpt lat="45.881095483433455" lon="7.14390476886183"><ele>2586.3999938964844</ele></trkpt><trkpt lat="45.88082416728139" lon="7.14403502875939"><ele>2588.5</ele></trkpt><trkpt lat="45.880645213183016" lon="7.144055314362049"><ele>2590.5</ele></trkpt><trkpt lat="45.88046446396038" lon="7.1440768972970545"><ele>2593.0999755859375</ele></trkpt><trkpt lat="45.88028548983857" lon="7.144089454784989"><ele>2596.0</ele></trkpt><trkpt lat="45.880108318291605" lon="7.144103290513158"><ele>2598.699981689453</ele></trkpt><trkpt lat="45.87992844823748" lon="7.1441171411424875"><ele>2601.5999755859375</ele></trkpt><trkpt lat="45.8797494773753" lon="7.144130986649543"><ele>2604.7999877929688</ele></trkpt><trkpt lat="45.87956510996446" lon="7.144144861027598"><ele>2608.0</ele></trkpt><trkpt lat="45.879353556316346" lon="7.144082895480096"><ele>2611.199981689453</ele></trkpt><trkpt lat="45.87917370349169" lon="7.144103185273707"><ele>2614.7999877929688</ele></trkpt><trkpt lat="45.87899115867913" lon="7.1441260650753975"><ele>2619.2999877929688</ele></trkpt><trkpt lat="45.878812212496996" lon="7.144148925784975"><ele>2625.199981689453</ele></trkpt><trkpt lat="45.87858740054071" lon="7.144175897352397"><ele>2631.0999755859375</ele></trkpt><trkpt lat="45.878388369455934" lon="7.1440868196077645"><ele>2636.0999755859375</ele></trkpt><trkpt lat="45.87821032945067" lon="7.1441122512333095"><ele>2640.8999938964844</ele></trkpt><trkpt lat="45.87803139304742" lon="7.144138975068927"><ele>2645.5</ele></trkpt><trkpt lat="45.87782367505133" lon="7.144167141523212"><ele>2649.2999877929688</ele></trkpt><trkpt lat="45.87764840805903" lon="7.1442208904773"><ele>2652.7999877929688</ele></trkpt><trkpt lat="45.8774713347666" lon="7.144272073172033"><ele>2656.5</ele></trkpt><trkpt lat="45.877293368801475" lon="7.144325835630298"><ele>2660.5</ele></trkpt><trkpt lat="45.877048138994724" lon="7.144455944187939"><ele>2664.5</ele></trkpt><trkpt lat="45.87699440168217" lon="7.144545096438378"><ele>2668.2999877929688</ele></trkpt><trkpt lat="45.876859304495156" lon="7.1444814321585"><ele>2671.699981689453</ele></trkpt><trkpt lat="45.87683218391612" lon="7.144430064596236"><ele>2673.7999877929688</ele></trkpt><trkpt lat="45.87677828082815" lon="7.144456112757325"><ele>2675.5999755859375</ele></trkpt><trkpt lat="45.87672734679654" lon="7.144585172645748"><ele>2678.5999755859375</ele></trkpt><trkpt lat="45.87656030757353" lon="7.144689100794494"><ele>2682.8999938964844</ele></trkpt><trkpt lat="45.87640046374872" lon="7.144792989362031"><ele>2687.3999938964844</ele></trkpt><trkpt lat="45.87629538960755" lon="7.144857947714627"><ele>2690.7999877929688</ele></trkpt><trkpt lat="45.87618347723037" lon="7.145059452857822"><ele>2693.3999938964844</ele></trkpt><trkpt lat="45.87610736908391" lon="7.145193797070533"><ele>2694.699981689453</ele></trkpt><trkpt lat="45.87593574915081" lon="7.145266838371754"><ele>2693.699981689453</ele></trkpt><trkpt lat="45.87580276792869" lon="7.145324217155576"><ele>2690.8999938964844</ele></trkpt><trkpt lat="45.87570368498564" lon="7.14527323609218"><ele>2686.699981689453</ele></trkpt><trkpt lat="45.87570368498564" lon="7.14527323609218"><ele>2686.699981689453</ele></trkpt><trkpt lat="45.87570368498564" lon="7.14527323609218"><ele>2686.699981689453</ele></trkpt><trkpt lat="45.87570368498564" lon="7.14527323609218"><ele>2686.699981689453</ele></trkpt><trkpt lat="45.87570368498564" lon="7.14527323609218"><ele>2686.699981689453</ele></trkpt><trkpt lat="45.87570368498564" lon="7.14527323609218"><ele>2686.699981689453</ele></trkpt><trkpt lat="45.87552475603297" lon="7.145303816534579"><ele>2679.7999877929688</ele></trkpt><trkpt lat="45.87528737168759" lon="7.145339861977845"><ele>2671.5999755859375</ele></trkpt><trkpt lat="45.87510837940499" lon="7.145345974713564"><ele>2666.0</ele></trkpt><trkpt lat="45.8749293833971" lon="7.1453507989645"><ele>2659.0999755859375</ele></trkpt><trkpt lat="45.87465143902227" lon="7.1453561540693045"><ele>2648.699981689453</ele></trkpt><trkpt lat="45.874522326048464" lon="7.145173979457468"><ele>2640.699981689453</ele></trkpt><trkpt lat="45.874399503692985" lon="7.144989197142422"><ele>2637.2999877929688</ele></trkpt><trkpt lat="45.87422433961183" lon="7.144740307237953"><ele>2633.0999755859375</ele></trkpt><trkpt lat="45.874100684188306" lon="7.144923837855458"><ele>2624.8999938964844</ele></trkpt><trkpt lat="45.873981478624046" lon="7.145089314319193"><ele>2614.5</ele></trkpt><trkpt lat="45.87372927274555" lon="7.144961891695857"><ele>2605.3999938964844</ele></trkpt><trkpt lat="45.87369935354218" lon="7.145215744152665"><ele>2599.5999755859375</ele></trkpt><trkpt lat="45.873668456915766" lon="7.145439982879907"><ele>2595.0</ele></trkpt><trkpt lat="45.8734874157235" lon="7.145350810606033"><ele>2590.0999755859375</ele></trkpt><trkpt lat="45.87348808674142" lon="7.145607073325664"><ele>2585.8999938964844</ele></trkpt><trkpt lat="45.87349249282852" lon="7.14591611456126"><ele>2582.0</ele></trkpt><trkpt lat="45.87331247981638" lon="7.145875870715827"><ele>2576.699981689453</ele></trkpt><trkpt lat="45.87310546077788" lon="7.145828044973314"><ele>2571.2999877929688</ele></trkpt><trkpt lat="45.87308041797951" lon="7.146227385848761"><ele>2567.2999877929688</ele></trkpt><trkpt lat="45.872981142252684" lon="7.146446836180985"><ele>2562.7999877929688</ele></trkpt><trkpt lat="45.872885460499674" lon="7.146664978936315"><ele>2557.3999938964844</ele></trkpt><trkpt lat="45.87279247678816" lon="7.146883106324822"><ele>2552.0999755859375</ele></trkpt><trkpt lat="45.87269949307665" lon="7.1471012332476676"><ele>2547.7999877929688</ele></trkpt><trkpt lat="45.872640470042825" lon="7.1472341869957745"><ele>2545.0</ele></trkpt><trkpt lat="45.87258443329483" lon="7.147477870807052"><ele>2542.2999877929688</ele></trkpt><trkpt lat="45.87252210266888" lon="7.14772287523374"><ele>2538.5999755859375</ele></trkpt><trkpt lat="45.872446516063064" lon="7.148059379775077"><ele>2534.699981689453</ele></trkpt><trkpt lat="45.87235443620011" lon="7.148280074354261"><ele>2531.699981689453</ele></trkpt><trkpt lat="45.87228110944852" lon="7.14844787074253"><ele>2529.0</ele></trkpt><trkpt lat="45.8721484169364" lon="7.148617269936949"><ele>2525.3999938964844</ele></trkpt><trkpt lat="45.87201212905347" lon="7.148787974845618"><ele>2519.8999938964844</ele></trkpt><trkpt lat="45.87183641223237" lon="7.149016836192459"><ele>2513.699981689453</ele></trkpt><trkpt lat="45.87167842173949" lon="7.149143871385604"><ele>2508.5999755859375</ele></trkpt><trkpt lat="45.8715204349719" lon="7.149272193200886"><ele>2503.8999938964844</ele></trkpt><trkpt lat="45.87136514671147" lon="7.1494005005806684"><ele>2500.3999938964844</ele></trkpt><trkpt lat="45.87118741730228" lon="7.149546954315156"><ele>2498.5999755859375</ele></trkpt><trkpt lat="45.87122404947877" lon="7.149799153208733"><ele>2495.5999755859375</ele></trkpt><trkpt lat="45.87127806711942" lon="7.150165867060423"><ele>2489.2999877929688</ele></trkpt><trkpt lat="45.87123643187806" lon="7.1504159034229815"><ele>2479.8999938964844</ele></trkpt><trkpt lat="45.8711894354783" lon="7.150680132210255"><ele>2470.199981689453</ele></trkpt><trkpt lat="45.871024180203676" lon="7.15078144473955"><ele>2462.5999755859375</ele></trkpt><trkpt lat="45.87086342275143" lon="7.150882733054459"><ele>2455.5</ele></trkpt><trkpt lat="45.87069547222927" lon="7.15098534617573"><ele>2447.0</ele></trkpt><trkpt lat="45.870475438423455" lon="7.151123000774533"><ele>2437.199981689453</ele></trkpt><trkpt lat="45.87031341716647" lon="7.151432900689542"><ele>2427.5999755859375</ele></trkpt><trkpt lat="45.87031341716647" lon="7.151432900689542"><ele>2427.5999755859375</ele></trkpt><trkpt lat="45.87031341716647" lon="7.151432900689542"><ele>2427.5999755859375</ele></trkpt><trkpt lat="45.87031341716647" lon="7.151432900689542"><ele>2427.5999755859375</ele></trkpt><trkpt lat="45.87031341716647" lon="7.151432900689542"><ele>2427.5999755859375</ele></trkpt><trkpt lat="45.87031341716647" lon="7.151432900689542"><ele>2427.5999755859375</ele></trkpt><trkpt lat="45.87013541953638" lon="7.151476330123842"><ele>2419.0999755859375</ele></trkpt><trkpt lat="45.86995742516592" lon="7.151521046645939"><ele>2411.5999755859375</ele></trkpt><trkpt lat="45.86978841945529" lon="7.151563140563667"><ele>2404.7999877929688</ele></trkpt><trkpt lat="45.86987926252186" lon="7.151910338085145"><ele>2399.699981689453</ele></trkpt><trkpt lat="45.86989611014724" lon="7.152166499290615"><ele>2398.5999755859375</ele></trkpt><trkpt lat="45.869907369371504" lon="7.152348004281521"><ele>2399.2999877929688</ele></trkpt><trkpt lat="45.86973119433969" lon="7.152400435414165"><ele>2395.5999755859375</ele></trkpt><trkpt lat="45.86955951619893" lon="7.1524528418667614"><ele>2388.5999755859375</ele></trkpt><trkpt lat="45.86938243731856" lon="7.1525039887055755"><ele>2381.199981689453</ele></trkpt><trkpt lat="45.86915232660249" lon="7.152570865582675"><ele>2375.699981689453</ele></trkpt><trkpt lat="45.86918909708038" lon="7.1528797135688365"><ele>2373.5999755859375</ele></trkpt><trkpt lat="45.8693352076225" lon="7.153030894231051"><ele>2372.0</ele></trkpt><trkpt lat="45.869481310714036" lon="7.153179499786347"><ele>2369.5</ele></trkpt><trkpt lat="45.86958050727844" lon="7.153276844415814"><ele>2366.8999938964844</ele></trkpt><trkpt lat="45.86952446075156" lon="7.153521796222776"><ele>2362.8999938964844</ele></trkpt><trkpt lat="45.86943542631343" lon="7.15388281038031"><ele>2358.7999877929688</ele></trkpt><trkpt lat="45.86931446241215" lon="7.154068866278976"><ele>2356.3999938964844</ele></trkpt><trkpt lat="45.869115508161485" lon="7.154360916465521"><ele>2355.5</ele></trkpt><trkpt lat="45.86904442962259" lon="7.15470895729959"><ele>2356.0</ele></trkpt><trkpt lat="45.86903609149158" lon="7.154967822134495"><ele>2357.2999877929688</ele></trkpt><trkpt lat="45.86903044488281" lon="7.155224097426981"><ele>2358.8999938964844</ele></trkpt><trkpt lat="45.869027502369136" lon="7.155482934322208"><ele>2360.3999938964844</ele></trkpt><trkpt lat="45.86902545252815" lon="7.155739190988243"><ele>2361.199981689453</ele></trkpt><trkpt lat="45.869021443184465" lon="7.155932361725718"><ele>2361.0</ele></trkpt><trkpt lat="45.86888242699206" lon="7.156095327343792"><ele>2358.7999877929688</ele></trkpt><trkpt lat="45.86874341638759" lon="7.156260866671801"><ele>2355.2999877929688</ele></trkpt><trkpt lat="45.86857747891918" lon="7.156449723057449"><ele>2352.2999877929688</ele></trkpt><trkpt lat="45.86858442472294" lon="7.156707217916846"><ele>2350.0</ele></trkpt><trkpt lat="45.86858947342262" lon="7.156926093157381"><ele>2346.8999938964844</ele></trkpt><trkpt lat="45.868714190553874" lon="7.157157228328288"><ele>2345.5</ele></trkpt><trkpt lat="45.868886187672615" lon="7.1572310263291"><ele>2348.699981689453</ele></trkpt><trkpt lat="45.86910141073167" lon="7.157323916908354"><ele>2353.5</ele></trkpt><trkpt lat="45.86923945276067" lon="7.157488028053194"><ele>2356.699981689453</ele></trkpt><trkpt lat="45.869377494324" lon="7.157652139663696"><ele>2358.8999938964844</ele></trkpt><trkpt lat="45.86949839629233" lon="7.157797025516629"><ele>2360.3999938964844</ele></trkpt><trkpt lat="45.869477450847626" lon="7.158053380902857"><ele>2360.5999755859375</ele></trkpt><trkpt lat="45.86945650167763" lon="7.1583084487356246"><ele>2360.699981689453</ele></trkpt><trkpt lat="45.86943730292842" lon="7.158544192556292"><ele>2362.699981689453</ele></trkpt><trkpt lat="45.86938935145736" lon="7.158792960923165"><ele>2366.699981689453</ele></trkpt><trkpt lat="45.86934139626101" lon="7.159040440805256"><ele>2371.2999877929688</ele></trkpt><trkpt lat="45.869295217096806" lon="7.1592788975685835"><ele>2374.7999877929688</ele></trkpt><trkpt lat="45.86925806803629" lon="7.159531471785158"><ele>2376.7999877929688</ele></trkpt><trkpt lat="45.86922541214153" lon="7.15978273563087"><ele>2379.2999877929688</ele></trkpt><trkpt lat="45.86918646330014" lon="7.160035318695009"><ele>2384.5999755859375</ele></trkpt><trkpt lat="45.86914843553677" lon="7.160296910442412"><ele>2389.8999938964844</ele></trkpt><trkpt lat="45.869018459226936" lon="7.16047913627699"><ele>2403.699981689453</ele></trkpt><trkpt lat="45.869018459226936" lon="7.16047913627699"><ele>2403.699981689453</ele></trkpt><trkpt lat="45.869018459226936" lon="7.16047913627699"><ele>2403.699981689453</ele></trkpt><trkpt lat="45.869018459226936" lon="7.16047913627699"><ele>2403.699981689453</ele></trkpt><trkpt lat="45.869018459226936" lon="7.16047913627699"><ele>2403.699981689453</ele></trkpt><trkpt lat="45.869010341353714" lon="7.160470164380968"><ele>2403.699981689453</ele></trkpt><trkpt lat="45.86823145439848" lon="7.161600827705115"><ele>2414.2999877929688</ele></trkpt><trkpt lat="45.86763033270836" lon="7.162959762848914"><ele>2448.0999755859375</ele></trkpt><trkpt lat="45.86790357204154" lon="7.162870823405683"><ele>2450.0</ele></trkpt><trkpt lat="45.86818029219285" lon="7.163830011151731"><ele>2457.0999755859375</ele></trkpt><trkpt lat="45.86839049728587" lon="7.164080044720322"><ele>2457.3999938964844</ele></trkpt><trkpt lat="45.86839141277596" lon="7.164086478762329"><ele>2457.3999938964844</ele></trkpt><trkpt lat="45.86839141277596" lon="7.164086478762329"><ele>2457.3999938964844</ele></trkpt><trkpt lat="45.86839141277596" lon="7.164086478762329"><ele>2457.3999938964844</ele></trkpt><trkpt lat="45.86839141277596" lon="7.164086478762329"><ele>2457.3999938964844</ele></trkpt><trkpt lat="45.86839141277596" lon="7.164086478762329"><ele>2457.3999938964844</ele></trkpt><trkpt lat="45.86843846179545" lon="7.164198267273605"><ele>2452.7999877929688</ele></trkpt><trkpt lat="45.86848460929468" lon="7.164308773353696"><ele>2453.0</ele></trkpt><trkpt lat="45.868527164682746" lon="7.164421873167157"><ele>2452.0999755859375</ele></trkpt><trkpt lat="45.86857240879908" lon="7.164531096350402"><ele>2450.5</ele></trkpt><trkpt lat="45.86861945828423" lon="7.1646428857930005"><ele>2449.199981689453</ele></trkpt><trkpt lat="45.8686556504108" lon="7.164728977251798"><ele>2448.3999938964844</ele></trkpt><trkpt lat="45.8686556504108" lon="7.164728977251798"><ele>2448.3999938964844</ele></trkpt><trkpt lat="45.8686556504108" lon="7.164728977251798"><ele>2448.3999938964844</ele></trkpt><trkpt lat="45.8686556504108" lon="7.164728977251798"><ele>2448.3999938964844</ele></trkpt><trkpt lat="45.8686556504108" lon="7.164728977251798"><ele>2448.3999938964844</ele></trkpt><trkpt lat="45.86862626252696" lon="7.164850164670497"><ele>2448.0999755859375</ele></trkpt><trkpt lat="45.86860047886148" lon="7.164973909035325"><ele>2447.5999755859375</ele></trkpt><trkpt lat="45.868574691936374" lon="7.165096365381032"><ele>2447.0</ele></trkpt><trkpt lat="45.86854530638084" lon="7.16521883988753"><ele>2446.0</ele></trkpt><trkpt lat="45.8685061680153" lon="7.165399307385087"><ele>2444.2999877929688</ele></trkpt><trkpt lat="45.8685061680153" lon="7.165399307385087"><ele>2444.2999877929688</ele></trkpt><trkpt lat="45.8685061680153" lon="7.165399307385087"><ele>2444.2999877929688</ele></trkpt><trkpt lat="45.8685061680153" lon="7.165399307385087"><ele>2444.2999877929688</ele></trkpt><trkpt lat="45.8685061680153" lon="7.165399307385087"><ele>2444.2999877929688</ele></trkpt><trkpt lat="45.86841618735343" lon="7.165388169232756"><ele>2444.0999755859375</ele></trkpt><trkpt lat="45.86832710308954" lon="7.165375738404691"><ele>2443.7999877929688</ele></trkpt><trkpt lat="45.8682371256873" lon="7.1653658878058195"><ele>2443.699981689453</ele></trkpt><trkpt lat="45.86814804142341" lon="7.165353457443416"><ele>2443.5999755859375</ele></trkpt><trkpt lat="45.86805805750191" lon="7.165341031737626"><ele>2443.699981689453</ele></trkpt><trkpt lat="45.86797167500481" lon="7.165329875424504"><ele>2443.699981689453</ele></trkpt><trkpt lat="45.86784570105374" lon="7.165313766803592"><ele>2443.5999755859375</ele></trkpt><trkpt lat="45.86784570105374" lon="7.165313766803592"><ele>2443.5999755859375</ele></trkpt><trkpt lat="45.86784570105374" lon="7.165313766803592"><ele>2443.5999755859375</ele></trkpt><trkpt lat="45.86784570105374" lon="7.165313766803592"><ele>2443.5999755859375</ele></trkpt><trkpt lat="45.86784570105374" lon="7.165313766803592"><ele>2443.5999755859375</ele></trkpt><trkpt lat="45.867778453975916" lon="7.165402950718999"><ele>2443.3999938964844</ele></trkpt><trkpt lat="45.86771210329607" lon="7.165490842424333"><ele>2444.199981689453</ele></trkpt><trkpt lat="45.86764845158905" lon="7.165578720159829"><ele>2446.0999755859375</ele></trkpt><trkpt lat="45.867581204511225" lon="7.165667903609574"><ele>2448.199981689453</ele></trkpt><trkpt lat="45.86751306755468" lon="7.165760953910649"><ele>2449.5</ele></trkpt><trkpt lat="45.86751306755468" lon="7.165760953910649"><ele>2449.5</ele></trkpt><trkpt lat="45.86751306755468" lon="7.165760953910649"><ele>2449.5</ele></trkpt><trkpt lat="45.86751306755468" lon="7.165760953910649"><ele>2449.5</ele></trkpt><trkpt lat="45.86751306755468" lon="7.165760953910649"><ele>2449.5</ele></trkpt><trkpt lat="45.8675214741379" lon="7.165888387709856"><ele>2449.5999755859375</ele></trkpt><trkpt lat="45.86753257922828" lon="7.166015807539225"><ele>2449.199981689453</ele></trkpt><trkpt lat="45.86753739370033" lon="7.16614583414048"><ele>2448.7999877929688</ele></trkpt><trkpt lat="45.86754849553108" lon="7.16627196688205"><ele>2448.0999755859375</ele></trkpt><trkpt lat="45.86755420919508" lon="7.166401988826692"><ele>2447.2999877929688</ele></trkpt><trkpt lat="45.86756441416219" lon="7.166529413778335"><ele>2447.199981689453</ele></trkpt><trkpt lat="45.867570121306926" lon="7.166656861081719"><ele>2448.3999938964844</ele></trkpt><trkpt lat="45.86757849017158" lon="7.1667688437737525"><ele>2450.699981689453</ele></trkpt><trkpt lat="45.86757849017158" lon="7.1667688437737525"><ele>2450.699981689453</ele></trkpt><trkpt lat="45.86757849017158" lon="7.1667688437737525"><ele>2450.699981689453</ele></trkpt><trkpt lat="45.86757849017158" lon="7.1667688437737525"><ele>2450.699981689453</ele></trkpt><trkpt lat="45.86757849017158" lon="7.1667688437737525"><ele>2450.699981689453</ele></trkpt><trkpt lat="45.867619243916124" lon="7.166881952434778"><ele>2450.699981689453</ele></trkpt><trkpt lat="45.8676635986194" lon="7.1669963309541345"><ele>2450.3999938964844</ele></trkpt><trkpt lat="45.867703455965966" lon="7.167110732290894"><ele>2450.5</ele></trkpt><trkpt lat="45.86774331331253" lon="7.167225133627653"><ele>2450.8999938964844</ele></trkpt><trkpt lat="45.86778766475618" lon="7.167338225059211"><ele>2450.199981689453</ele></trkpt><trkpt lat="45.86782842408866" lon="7.16745391022414"><ele>2449.5999755859375</ele></trkpt><trkpt lat="45.86786827817559" lon="7.167567024473101"><ele>2450.0999755859375</ele></trkpt><trkpt lat="45.86791354138404" lon="7.167685262393206"><ele>2450.3999938964844</ele></trkpt><trkpt lat="45.86791354138404" lon="7.167685262393206"><ele>2450.3999938964844</ele></trkpt><trkpt lat="45.86791354138404" lon="7.167685262393206"><ele>2450.3999938964844</ele></trkpt><trkpt lat="45.86791354138404" lon="7.167685262393206"><ele>2450.3999938964844</ele></trkpt><trkpt lat="45.86791354138404" lon="7.167685262393206"><ele>2450.3999938964844</ele></trkpt><trkpt lat="45.86791745107621" lon="7.167814007028937"><ele>2449.7999877929688</ele></trkpt><trkpt lat="45.86792136123404" lon="7.167942751664668"><ele>2449.2999877929688</ele></trkpt><trkpt lat="45.86792706977576" lon="7.168071487452835"><ele>2448.5</ele></trkpt><trkpt lat="45.86793547356501" lon="7.168198922183365"><ele>2447.5999755859375</ele></trkpt><trkpt lat="45.8679384868592" lon="7.168328959029168"><ele>2448.2999877929688</ele></trkpt><trkpt lat="45.86794329294935" lon="7.168456411920488"><ele>2450.2999877929688</ele></trkpt><trkpt lat="45.86795169999823" lon="7.168585134670138"><ele>2452.0999755859375</ele></trkpt><trkpt lat="45.86795650841668" lon="7.168713875580579"><ele>2453.199981689453</ele></trkpt><trkpt lat="45.86796042043716" lon="7.168843907769769"><ele>2453.3999938964844</ele></trkpt><trkpt lat="45.867964323144406" lon="7.168970077298582"><ele>2453.5</ele></trkpt><trkpt lat="45.867972729261965" lon="7.169098800048232"><ele>2454.0999755859375</ele></trkpt><trkpt lat="45.86797850485891" lon="7.169255864340812"><ele>2454.699981689453</ele></trkpt><trkpt lat="45.86797850485891" lon="7.169255864340812"><ele>2454.699981689453</ele></trkpt><trkpt lat="45.86797850485891" lon="7.169255864340812"><ele>2454.699981689453</ele></trkpt><trkpt lat="45.86797850485891" lon="7.169255864340812"><ele>2454.699981689453</ele></trkpt><trkpt lat="45.86797850485891" lon="7.169255864340812"><ele>2454.699981689453</ele></trkpt><trkpt lat="45.86802644049749" lon="7.169363789726049"><ele>2456.3999938964844</ele></trkpt><trkpt lat="45.86807527206838" lon="7.1694704233668745"><ele>2457.699981689453</ele></trkpt><trkpt lat="45.86812770506367" lon="7.169578327331692"><ele>2458.5</ele></trkpt><trkpt lat="45.86817743908614" lon="7.169686244800687"><ele>2460.0999755859375</ele></trkpt><trkpt lat="45.86822447506711" lon="7.169794175773859"><ele>2463.5999755859375</ele></trkpt><trkpt lat="45.86829048488289" lon="7.169936780352145"><ele>2469.0999755859375</ele></trkpt><trkpt lat="45.86829048488289" lon="7.169936780352145"><ele>2469.0999755859375</ele></trkpt><trkpt lat="45.86829048488289" lon="7.169936780352145"><ele>2469.0999755859375</ele></trkpt><trkpt lat="45.86829048488289" lon="7.169936780352145"><ele>2469.0999755859375</ele></trkpt><trkpt lat="45.86829048488289" lon="7.169936780352145"><ele>2469.0999755859375</ele></trkpt><trkpt lat="45.868281501811" lon="7.169941975269467"><ele>2469.0999755859375</ele></trkpt><trkpt lat="45.8684904044494" lon="7.170029794797301"><ele>2468.8999938964844</ele></trkpt><trkpt lat="45.86856341129169" lon="7.170089954975992"><ele>2468.0999755859375</ele></trkpt><trkpt lat="45.868520305491984" lon="7.170119783375412"><ele>2468.5</ele></trkpt><trkpt lat="45.868493465241045" lon="7.170180435292423"><ele>2469.0999755859375</ele></trkpt><trkpt lat="45.868493610527366" lon="7.170240954495966"><ele>2469.3999938964844</ele></trkpt><trkpt lat="45.86861024843529" lon="7.170490186195821"><ele>2470.2999877929688</ele></trkpt><trkpt lat="45.868640296626836" lon="7.170641982462257"><ele>2470.7999877929688</ele></trkpt><trkpt lat="45.8686424260959" lon="7.170779751613736"><ele>2471.3999938964844</ele></trkpt><trkpt lat="45.86864424031228" lon="7.17078618099913"><ele>2471.3999938964844</ele></trkpt><trkpt lat="45.86864424031228" lon="7.17078618099913"><ele>2471.3999938964844</ele></trkpt><trkpt lat="45.86864424031228" lon="7.17078618099913"><ele>2471.3999938964844</ele></trkpt><trkpt lat="45.86864424031228" lon="7.17078618099913"><ele>2471.3999938964844</ele></trkpt><trkpt lat="45.86864424031228" lon="7.17078618099913"><ele>2471.3999938964844</ele></trkpt><trkpt lat="45.8686424260959" lon="7.170779751613736"><ele>2471.3999938964844</ele></trkpt><trkpt lat="45.86862046504393" lon="7.171000048518181"><ele>2471.5999755859375</ele></trkpt><trkpt lat="45.86863344348967" lon="7.171160941943526"><ele>2471.2999877929688</ele></trkpt><trkpt lat="45.86867347499356" lon="7.1713500316254795"><ele>2470.199981689453</ele></trkpt><trkpt lat="45.86870046053082" lon="7.171349899377674"><ele>2469.7999877929688</ele></trkpt><trkpt lat="45.868732437025756" lon="7.17117977142334"><ele>2468.5</ele></trkpt><trkpt lat="45.86881019594148" lon="7.170970789156854"><ele>2467.5</ele></trkpt><trkpt lat="45.86885150335729" lon="7.17094097007066"><ele>2467.8999938964844</ele></trkpt><trkpt lat="45.868913545738906" lon="7.170930364634842"><ele>2468.199981689453</ele></trkpt><trkpt lat="45.86900358321145" lon="7.171341975685209"><ele>2464.699981689453</ele></trkpt><trkpt lat="45.869082459714264" lon="7.171600410249084"><ele>2463.0999755859375</ele></trkpt><trkpt lat="45.8691602027975" lon="7.171760988421738"><ele>2462.0999755859375</ele></trkpt><trkpt lat="45.86930017825216" lon="7.171990796923637"><ele>2459.7999877929688</ele></trkpt><trkpt lat="45.86935356305912" lon="7.172121878713369"><ele>2459.199981689453</ele></trkpt><trkpt lat="45.869393448811024" lon="7.172250451520085"><ele>2458.199981689453</ele></trkpt><trkpt lat="45.869400079827756" lon="7.172390775755048"><ele>2457.199981689453</ele></trkpt><trkpt lat="45.86936358222738" lon="7.17293048882857"><ele>2453.0</ele></trkpt><trkpt lat="45.86939146742225" lon="7.172930352855474"><ele>2452.8999938964844</ele></trkpt><trkpt lat="45.869401411153376" lon="7.172950907610357"><ele>2454.199981689453</ele></trkpt><trkpt lat="45.86945036565885" lon="7.173110341653228"><ele>2458.5999755859375</ele></trkpt><trkpt lat="45.86948362365365" lon="7.173099878709763"><ele>2459.2999877929688</ele></trkpt><trkpt lat="45.86949342349544" lon="7.173059912864119"><ele>2459.8999938964844</ele></trkpt><trkpt lat="45.86951243318617" lon="7.173110039904714"><ele>2461.199981689453</ele></trkpt><trkpt lat="45.86962340818718" lon="7.1732498575001955"><ele>2464.2999877929688</ele></trkpt><trkpt lat="45.86978018889204" lon="7.173359836917371"><ele>2469.3999938964844</ele></trkpt><trkpt lat="45.86993145616725" lon="7.173420910723507"><ele>2473.0999755859375</ele></trkpt><trkpt lat="45.870070341043174" lon="7.173570896498859"><ele>2478.3999938964844</ele></trkpt><trkpt lat="45.87009005760774" lon="7.17353989649564"><ele>2480.0999755859375</ele></trkpt><trkpt lat="45.87005017045885" lon="7.1734100338071585"><ele>2481.8999938964844</ele></trkpt><trkpt lat="45.870063620619476" lon="7.17339194053784"><ele>2482.199981689453</ele></trkpt><trkpt lat="45.87012050440535" lon="7.173481802921742"><ele>2483.8999938964844</ele></trkpt><trkpt lat="45.8701434629038" lon="7.173679995816201"><ele>2484.3999938964844</ele></trkpt><trkpt lat="45.87034244975075" lon="7.174140025861561"><ele>2487.7999877929688</ele></trkpt><trkpt lat="45.87034247117117" lon="7.1741490396671"><ele>2487.7999877929688</ele></trkpt><trkpt lat="45.87034247117117" lon="7.1741490396671"><ele>2487.7999877929688</ele></trkpt><trkpt lat="45.87034247117117" lon="7.1741490396671"><ele>2487.7999877929688</ele></trkpt><trkpt lat="45.87034247117117" lon="7.1741490396671"><ele>2487.7999877929688</ele></trkpt><trkpt lat="45.87034247117117" lon="7.1741490396671"><ele>2487.7999877929688</ele></trkpt><trkpt lat="45.87034244975075" lon="7.174140025861561"><ele>2487.7999877929688</ele></trkpt><trkpt lat="45.87043359084055" lon="7.174261915963143"><ele>2488.2999877929688</ele></trkpt><trkpt lat="45.870463461149484" lon="7.174340320751071"><ele>2489.199981689453</ele></trkpt><trkpt lat="45.870510288048536" lon="7.174361985176802"><ele>2489.2999877929688</ele></trkpt><trkpt lat="45.87057341542095" lon="7.174429927486926"><ele>2487.5</ele></trkpt><trkpt lat="45.87060144357383" lon="7.174490313511342"><ele>2487.0999755859375</ele></trkpt><trkpt lat="45.87065016385168" lon="7.174551887437701"><ele>2487.0</ele></trkpt><trkpt lat="45.87068008212373" lon="7.174650895874947"><ele>2486.5999755859375</ele></trkpt><trkpt lat="45.8707234505564" lon="7.174731811508536"><ele>2485.7999877929688</ele></trkpt><trkpt lat="45.8707235660404" lon="7.174780743662268"><ele>2484.5999755859375</ele></trkpt><trkpt lat="45.87085359217599" lon="7.174990011844784"><ele>2484.699981689453</ele></trkpt><trkpt lat="45.870920275337994" lon="7.175039910245687"><ele>2483.5999755859375</ele></trkpt><trkpt lat="45.870963455177844" lon="7.1750409891828895"><ele>2483.3999938964844</ele></trkpt><trkpt lat="45.87099048634991" lon="7.1750601744279265"><ele>2483.2999877929688</ele></trkpt><trkpt lat="45.871192428749055" lon="7.175249780993909"><ele>2484.699981689453</ele></trkpt><trkpt lat="45.871283541899174" lon="7.175360085442662"><ele>2485.8999938964844</ele></trkpt><trkpt lat="45.871493415907025" lon="7.1754801189526916"><ele>2488.0</ele></trkpt><trkpt lat="45.87154014920816" lon="7.175461865961552"><ele>2490.3999938964844</ele></trkpt><trkpt lat="45.871573474258184" lon="7.175479733850807"><ele>2492.0</ele></trkpt><trkpt lat="45.871653511188924" lon="7.1754703335464"><ele>2493.5999755859375</ele></trkpt><trkpt lat="45.8717514439486" lon="7.175420927815139"><ele>2494.2999877929688</ele></trkpt><trkpt lat="45.8718025078997" lon="7.175331828184426"><ele>2496.199981689453</ele></trkpt><trkpt lat="45.87193360179663" lon="7.175230752211064"><ele>2496.3999938964844</ele></trkpt><trkpt lat="45.872003527823836" lon="7.1751299714669585"><ele>2496.3999938964844</ele></trkpt><trkpt lat="45.872012407984585" lon="7.175080994609743"><ele>2496.7999877929688</ele></trkpt><trkpt lat="45.87196340877563" lon="7.17490094806999"><ele>2497.7999877929688</ele></trkpt><trkpt lat="45.87195247178897" lon="7.174840477760881"><ele>2497.2999877929688</ele></trkpt><trkpt lat="45.871970368083566" lon="7.174800471402705"><ele>2497.699981689453</ele></trkpt><trkpt lat="45.87193050701171" lon="7.174680904950947"><ele>2500.699981689453</ele></trkpt><trkpt lat="45.87198343640193" lon="7.174620125442743"><ele>2501.699981689453</ele></trkpt><trkpt lat="45.87213361123577" lon="7.174600082915276"><ele>2503.2999877929688</ele></trkpt><trkpt lat="45.872210095170885" lon="7.174610015004873"><ele>2503.8999938964844</ele></trkpt><trkpt lat="45.872310085687786" lon="7.174670055508614"><ele>2506.199981689453</ele></trkpt><trkpt lat="45.872370378579944" lon="7.174680066294968"><ele>2508.7999877929688</ele></trkpt><trkpt lat="45.87254244927317" lon="7.174789980519563"><ele>2511.699981689453</ele></trkpt><trkpt lat="45.872801473364234" lon="7.174771987833083"><ele>2517.199981689453</ele></trkpt><trkpt lat="45.87288148282096" lon="7.174750997219235"><ele>2518.3999938964844</ele></trkpt><trkpt lat="45.87291019456461" lon="7.174719952046871"><ele>2518.5</ele></trkpt><trkpt lat="45.87298040650785" lon="7.1747402171604335"><ele>2520.5999755859375</ele></trkpt><trkpt lat="45.87303340854123" lon="7.174710342194885"><ele>2521.0999755859375</ele></trkpt><trkpt lat="45.87304048612714" lon="7.174660085234791"><ele>2522.199981689453</ele></trkpt><trkpt lat="45.873140124138445" lon="7.174570748116821"><ele>2525.5999755859375</ele></trkpt><trkpt lat="45.87332353275269" lon="7.174529939889908"><ele>2525.199981689453</ele></trkpt><trkpt lat="45.873453540727496" lon="7.174350310582668"><ele>2526.0</ele></trkpt><trkpt lat="45.87350024655461" lon="7.174320465885103"><ele>2528.0</ele></trkpt><trkpt lat="45.87355149490759" lon="7.174309915397316"><ele>2528.5999755859375</ele></trkpt><trkpt lat="45.87360014533624" lon="7.174341874197125"><ele>2529.5</ele></trkpt><trkpt lat="45.87374345352873" lon="7.174460944253951"><ele>2534.5999755859375</ele></trkpt><trkpt lat="45.87377036688849" lon="7.174429907463491"><ele>2536.3999938964844</ele></trkpt><trkpt lat="45.87375038955361" lon="7.174350162036717"><ele>2538.5</ele></trkpt><trkpt lat="45.87379361828789" lon="7.174371845088899"><ele>2538.2999877929688</ele></trkpt><trkpt lat="45.87388018332422" lon="7.174460283014923"><ele>2542.5</ele></trkpt><trkpt lat="45.874230433721095" lon="7.174600244965404"><ele>2548.7999877929688</ele></trkpt><trkpt lat="45.87427015835419" lon="7.174661866854876"><ele>2548.7999877929688</ele></trkpt><trkpt lat="45.874393441714346" lon="7.174681874923408"><ele>2548.8999938964844</ele></trkpt><trkpt lat="45.87456243438646" lon="7.174630833789706"><ele>2552.199981689453</ele></trkpt><trkpt lat="45.87458037631586" lon="7.174610142596066"><ele>2554.0999755859375</ele></trkpt><trkpt lat="45.874522500671446" lon="7.174480355810374"><ele>2557.2999877929688</ele></trkpt><trkpt lat="45.87452148227021" lon="7.174430136568844"><ele>2558.2999877929688</ele></trkpt><trkpt lat="45.874540348071605" lon="7.174419743008912"><ele>2558.699981689453</ele></trkpt><trkpt lat="45.87459342367947" lon="7.174420773983002"><ele>2561.199981689453</ele></trkpt><trkpt lat="45.874673603102565" lon="7.174471898004413"><ele>2561.8999938964844</ele></trkpt><trkpt lat="45.87478244304657" lon="7.174470083788037"><ele>2564.7999877929688</ele></trkpt><trkpt lat="45.87490035360679" lon="7.1745004202239215"><ele>2566.5999755859375</ele></trkpt><trkpt lat="45.875160270836204" lon="7.174479844979942"><ele>2567.2999877929688</ele></trkpt><trkpt lat="45.875330119393766" lon="7.174410768318921"><ele>2567.0</ele></trkpt><trkpt lat="45.87540016323328" lon="7.174360204488039"><ele>2566.7999877929688</ele></trkpt><trkpt lat="45.8756304718554" lon="7.174371967092156"><ele>2567.699981689453</ele></trkpt><trkpt lat="45.87590146344155" lon="7.174469817895442"><ele>2569.699981689453</ele></trkpt><trkpt lat="45.87597359251231" lon="7.174540298990905"><ele>2569.8999938964844</ele></trkpt><trkpt lat="45.8760314239189" lon="7.1746507729403675"><ele>2570.7999877929688</ele></trkpt><trkpt lat="45.87616142630577" lon="7.174849758390337"><ele>2570.5</ele></trkpt><trkpt lat="45.87625142745674" lon="7.174869928508997"><ele>2571.5999755859375</ele></trkpt><trkpt lat="45.87629361078143" lon="7.174829801544547"><ele>2571.5999755859375</ele></trkpt><trkpt lat="45.876293622888625" lon="7.174834953155369"><ele>2571.5999755859375</ele></trkpt><trkpt lat="45.876293622888625" lon="7.174834953155369"><ele>2571.5999755859375</ele></trkpt><trkpt lat="45.876293622888625" lon="7.174834953155369"><ele>2571.5999755859375</ele></trkpt><trkpt lat="45.876293622888625" lon="7.174834953155369"><ele>2571.5999755859375</ele></trkpt><trkpt lat="45.876293622888625" lon="7.174834953155369"><ele>2571.5999755859375</ele></trkpt><trkpt lat="45.87629361078143" lon="7.174829801544547"><ele>2571.5999755859375</ele></trkpt><trkpt lat="45.876330378465354" lon="7.174781973939389"><ele>2570.5</ele></trkpt><trkpt lat="45.8764135632664" lon="7.174581956118345"><ele>2570.2999877929688</ele></trkpt><trkpt lat="45.87649347493425" lon="7.174519753083587"><ele>2571.3999938964844</ele></trkpt><trkpt lat="45.876530243083835" lon="7.174471925012767"><ele>2572.8999938964844</ele></trkpt><trkpt lat="45.87653012154624" lon="7.1744204121641815"><ele>2573.699981689453</ele></trkpt><trkpt lat="45.8766800831072" lon="7.1743102190084755"><ele>2572.699981689453</ele></trkpt><trkpt lat="45.876790347509086" lon="7.174149991478771"><ele>2573.699981689453</ele></trkpt><trkpt lat="45.87691036565229" lon="7.173930475022644"><ele>2574.0</ele></trkpt><trkpt lat="45.87697361642495" lon="7.173670022282749"><ele>2576.8999938964844</ele></trkpt><trkpt lat="45.87707041064277" lon="7.173520160838962"><ele>2576.5</ele></trkpt><trkpt lat="45.87717364449054" lon="7.173050879500806"><ele>2582.199981689453</ele></trkpt><trkpt lat="45.87724144011736" lon="7.172811008058488"><ele>2586.699981689453</ele></trkpt><trkpt lat="45.877300425898284" lon="7.172649738378823"><ele>2587.0999755859375</ele></trkpt><trkpt lat="45.87731361249462" lon="7.17252088803798"><ele>2589.0</ele></trkpt><trkpt lat="45.87736343732104" lon="7.172290117479861"><ele>2589.3999938964844</ele></trkpt><trkpt lat="45.87739029712975" lon="7.17185983993113"><ele>2588.5999755859375</ele></trkpt><trkpt lat="45.87737027090043" lon="7.171760772354901"><ele>2588.699981689453</ele></trkpt><trkpt lat="45.87737010233104" lon="7.17168994108215"><ele>2589.2999877929688</ele></trkpt><trkpt lat="45.87742359703407" lon="7.171490060631186"><ele>2590.8999938964844</ele></trkpt><trkpt lat="45.87757242284715" lon="7.171281985472888"><ele>2591.7999877929688</ele></trkpt><trkpt lat="45.87760011758655" lon="7.171202002093196"><ele>2594.0</ele></trkpt><trkpt lat="45.87767359241843" lon="7.171081870328635"><ele>2595.5999755859375</ele></trkpt><trkpt lat="45.87780115613714" lon="7.171010412275791"><ele>2599.699981689453</ele></trkpt><trkpt lat="45.87782354885712" lon="7.170970378443599"><ele>2600.3999938964844</ele></trkpt><trkpt lat="45.8778935209848" lon="7.170890187378973"><ele>2603.0</ele></trkpt><trkpt lat="45.877964512910694" lon="7.170860217884183"><ele>2605.5</ele></trkpt><trkpt lat="45.87805250007659" lon="7.170790241099894"><ele>2607.8999938964844</ele></trkpt><trkpt lat="45.8779136845842" lon="7.170669863000512"><ele>2612.2999877929688</ele></trkpt><trkpt lat="45.87788123078644" lon="7.1706404010765254"><ele>2613.699981689453</ele></trkpt><trkpt lat="45.878021294716746" lon="7.1705302442424"><ele>2616.699981689453</ele></trkpt><trkpt lat="45.87808244116604" lon="7.170520928688347"><ele>2618.0999755859375</ele></trkpt><trkpt lat="45.87819374166429" lon="7.170419927220792"><ele>2620.5999755859375</ele></trkpt><trkpt lat="45.87827110430226" lon="7.170420835260302"><ele>2622.8999938964844</ele></trkpt><trkpt lat="45.87829441810027" lon="7.1703898115083575"><ele>2624.199981689453</ele></trkpt><trkpt lat="45.878331085667014" lon="7.170300767291337"><ele>2625.3999938964844</ele></trkpt><trkpt lat="45.878372414037585" lon="7.17027995781973"><ele>2625.7999877929688</ele></trkpt><trkpt lat="45.8784234742634" lon="7.170190842822194"><ele>2628.0</ele></trkpt><trkpt lat="45.8785924189724" lon="7.170120466034859"><ele>2633.3999938964844</ele></trkpt><trkpt lat="45.87877242313698" lon="7.170160793699324"><ele>2636.2999877929688</ele></trkpt><trkpt lat="45.87883368646726" lon="7.170200416818261"><ele>2636.0999755859375</ele></trkpt><trkpt lat="45.8789245383814" lon="7.170199969783425"><ele>2636.2999877929688</ele></trkpt><trkpt lat="45.87907350156456" lon="7.170049841050059"><ele>2640.5999755859375</ele></trkpt><trkpt lat="45.87914250232279" lon="7.169940029736608"><ele>2643.5999755859375</ele></trkpt><trkpt lat="45.879184471443295" lon="7.16981103271246"><ele>2646.5999755859375</ele></trkpt><trkpt lat="45.879231076687574" lon="7.169739968609065"><ele>2648.7999877929688</ele></trkpt><trkpt lat="45.87933343369514" lon="7.169660902116448"><ele>2651.199981689453</ele></trkpt><trkpt lat="45.87938375771046" lon="7.169640047475696"><ele>2652.199981689453</ele></trkpt><trkpt lat="45.879413494840264" lon="7.169661795254797"><ele>2651.699981689453</ele></trkpt><trkpt lat="45.879511397797614" lon="7.169600781053305"><ele>2653.2999877929688</ele></trkpt><trkpt lat="45.87961136875674" lon="7.169651804957539"><ele>2654.0999755859375</ele></trkpt><trkpt lat="45.87967340834439" lon="7.169639907777309"><ele>2655.5</ele></trkpt><trkpt lat="45.8797911289148" lon="7.169590387027711"><ele>2659.0999755859375</ele></trkpt><trkpt lat="45.879813713021576" lon="7.169630201533437"><ele>2659.5999755859375</ele></trkpt><trkpt lat="45.87993247574195" lon="7.169639919418842"><ele>2662.199981689453</ele></trkpt><trkpt lat="45.88000346720219" lon="7.169609947595745"><ele>2664.5</ele></trkpt><trkpt lat="45.88009344460443" lon="7.169619807507843"><ele>2666.0999755859375</ele></trkpt><trkpt lat="45.880182408262044" lon="7.169582019560039"><ele>2669.3999938964844</ele></trkpt><trkpt lat="45.88022110937163" lon="7.169590844307095"><ele>2669.2999877929688</ele></trkpt><trkpt lat="45.88026348641142" lon="7.169631849043071"><ele>2669.7999877929688</ele></trkpt><trkpt lat="45.88043449213728" lon="7.169670931994915"><ele>2671.2999877929688</ele></trkpt><trkpt lat="45.88058126391843" lon="7.169732030015439"><ele>2674.699981689453</ele></trkpt><trkpt lat="45.88062453409657" lon="7.169770454987884"><ele>2676.0</ele></trkpt><trkpt lat="45.88063348038122" lon="7.169749804306775"><ele>2677.3999938964844</ele></trkpt><trkpt lat="45.88079121336341" lon="7.169880397617817"><ele>2679.5</ele></trkpt><trkpt lat="45.88086246745661" lon="7.169959899038076"><ele>2680.7999877929688</ele></trkpt><trkpt lat="45.88091133534908" lon="7.170082013122737"><ele>2677.8999938964844</ele></trkpt><trkpt lat="45.88094369042665" lon="7.170070262160152"><ele>2678.3999938964844</ele></trkpt><trkpt lat="45.88096442865208" lon="7.170090767554939"><ele>2678.199981689453</ele></trkpt><trkpt lat="45.88101236661896" lon="7.170200007036328"><ele>2679.199981689453</ele></trkpt><trkpt lat="45.881151212379336" lon="7.1703319838270545"><ele>2684.199981689453</ele></trkpt><trkpt lat="45.88126110006124" lon="7.170391977764666"><ele>2686.5</ele></trkpt><trkpt lat="45.88136456720531" lon="7.170400484930724"><ele>2687.199981689453</ele></trkpt><trkpt lat="45.88148442097008" lon="7.170490053016692"><ele>2691.0</ele></trkpt><trkpt lat="45.88152139727026" lon="7.170529798604548"><ele>2692.7999877929688</ele></trkpt><trkpt lat="45.8815811984241" lon="7.170709819532931"><ele>2695.199981689453</ele></trkpt><trkpt lat="45.88160368986428" lon="7.1707109971903265"><ele>2695.7999877929688</ele></trkpt><trkpt lat="45.881654411088675" lon="7.170480203349143"><ele>2699.7999877929688</ele></trkpt><trkpt lat="45.88162247417495" lon="7.17029103031382"><ele>2703.3999938964844</ele></trkpt><trkpt lat="45.881621145643294" lon="7.170112010091543"><ele>2706.8999938964844</ele></trkpt><trkpt lat="45.88160108728334" lon="7.17000005627051"><ele>2708.2999877929688</ele></trkpt><trkpt lat="45.88156131654978" lon="7.169920398853719"><ele>2709.199981689453</ele></trkpt><trkpt lat="45.881531295366585" lon="7.16978015890345"><ele>2710.5</ele></trkpt><trkpt lat="45.881454498972744" lon="7.16964015038684"><ele>2713.699981689453</ele></trkpt><trkpt lat="45.8815037375316" lon="7.16954202298075"><ele>2715.199981689453</ele></trkpt><trkpt lat="45.88161238422617" lon="7.169460345059633"><ele>2712.7999877929688</ele></trkpt><trkpt lat="45.881663417909294" lon="7.169360919855535"><ele>2711.0</ele></trkpt><trkpt lat="45.88169130310416" lon="7.169360782019794"><ele>2710.2999877929688</ele></trkpt><trkpt lat="45.88179131690413" lon="7.169429838191718"><ele>2706.699981689453</ele></trkpt><trkpt lat="45.88179119909182" lon="7.169380895793438"><ele>2705.5999755859375</ele></trkpt><trkpt lat="45.881732490845025" lon="7.169282012153417"><ele>2703.699981689453</ele></trkpt><trkpt lat="45.88170452788472" lon="7.1692499509081244"><ele>2703.2999877929688</ele></trkpt><trkpt lat="45.881542371120304" lon="7.169150290079415"><ele>2699.5999755859375</ele></trkpt><trkpt lat="45.881281240843236" lon="7.169040814973414"><ele>2693.5999755859375</ele></trkpt><trkpt lat="45.88136120187119" lon="7.169000492896885"><ele>2691.5</ele></trkpt><trkpt lat="45.88143138913438" lon="7.169010449200869"><ele>2689.5999755859375</ele></trkpt><trkpt lat="45.88159231003374" lon="7.168971014674753"><ele>2685.0</ele></trkpt><trkpt lat="45.88180238706991" lon="7.168799962848425"><ele>2675.0999755859375</ele></trkpt><trkpt lat="45.88199138501659" lon="7.168840242549777"><ele>2667.7999877929688</ele></trkpt><trkpt lat="45.88204453140497" lon="7.168870890978724"><ele>2666.699981689453</ele></trkpt><trkpt lat="45.88210124755278" lon="7.168889929540455"><ele>2663.5999755859375</ele></trkpt><trkpt lat="45.88232111791149" lon="7.169049838557839"><ele>2655.2999877929688</ele></trkpt><trkpt lat="45.88225375674665" lon="7.168720448389649"><ele>2648.7999877929688</ele></trkpt><trkpt lat="45.88221130799502" lon="7.168649819679558"><ele>2648.5</ele></trkpt><trkpt lat="45.882171196397394" lon="7.168429773766547"><ele>2645.3999938964844</ele></trkpt><trkpt lat="45.882371256593615" lon="7.168580763507634"><ele>2637.7999877929688</ele></trkpt><trkpt lat="45.882562414743006" lon="7.1687704380601645"><ele>2631.0</ele></trkpt><trkpt lat="45.882660093251616" lon="7.168990200385451"><ele>2625.699981689453</ele></trkpt><trkpt lat="45.882731329184026" lon="7.1690619750879705"><ele>2623.0999755859375</ele></trkpt><trkpt lat="45.88282134896144" lon="7.1690898654051125"><ele>2618.7999877929688</ele></trkpt><trkpt lat="45.88286024564877" lon="7.1691798330284655"><ele>2618.3999938964844</ele></trkpt><trkpt lat="45.88290352188051" lon="7.169220834504813"><ele>2617.199981689453</ele></trkpt><trkpt lat="45.88293026480824" lon="7.169120238628238"><ele>2612.8999938964844</ele></trkpt><trkpt lat="45.882943496573716" lon="7.169011981226504"><ele>2610.7999877929688</ele></trkpt><trkpt lat="45.88293241010979" lon="7.168890964239836"><ele>2608.699981689453</ele></trkpt><trkpt lat="45.88296367879957" lon="7.168801937717944"><ele>2606.3999938964844</ele></trkpt><trkpt lat="45.88305144617334" lon="7.168641791678965"><ele>2603.699981689453</ele></trkpt><trkpt lat="45.88307036086917" lon="7.168652002234012"><ele>2602.8999938964844</ele></trkpt><trkpt lat="45.88308250764385" lon="7.168839989230037"><ele>2598.699981689453</ele></trkpt><trkpt lat="45.883102470543236" lon="7.168912018183619"><ele>2597.0999755859375</ele></trkpt><trkpt lat="45.88319015875459" lon="7.169091904070228"><ele>2593.3999938964844</ele></trkpt><trkpt lat="45.88329031504691" lon="7.169220208656043"><ele>2588.3999938964844</ele></trkpt><trkpt lat="45.88333354936913" lon="7.168870945461094"><ele>2582.0999755859375</ele></trkpt><trkpt lat="45.883370090741664" lon="7.168730372097343"><ele>2580.3999938964844</ele></trkpt><trkpt lat="45.88340015988797" lon="7.168889935594052"><ele>2577.699981689453</ele></trkpt><trkpt lat="45.88346249377355" lon="7.169000395573676"><ele>2575.5999755859375</ele></trkpt><trkpt lat="45.88350030127913" lon="7.169011800549924"><ele>2573.0</ele></trkpt><trkpt lat="45.883510168176144" lon="7.169000159483403"><ele>2572.3999938964844</ele></trkpt><trkpt lat="45.88350005587563" lon="7.168910048902035"><ele>2571.0999755859375</ele></trkpt><trkpt lat="45.88351240986958" lon="7.168810810893774"><ele>2570.0</ele></trkpt><trkpt lat="45.8835403942503" lon="7.168851888738573"><ele>2568.8999938964844</ele></trkpt><trkpt lat="45.88362146867439" lon="7.168900431599468"><ele>2565.5999755859375</ele></trkpt><trkpt lat="45.883723427541554" lon="7.169030016288161"><ele>2560.699981689453</ele></trkpt><trkpt lat="45.88366358028725" lon="7.1688319579698145"><ele>2558.699981689453</ele></trkpt><trkpt lat="45.8836103589274" lon="7.168770396150649"><ele>2555.5999755859375</ele></trkpt><trkpt lat="45.8836102373898" lon="7.168720164336264"><ele>2555.699981689453</ele></trkpt><trkpt lat="45.8835414131172" lon="7.168529879301786"><ele>2552.199981689453</ele></trkpt><trkpt lat="45.88352245138958" lon="7.1685003489255905"><ele>2551.7999877929688</ele></trkpt><trkpt lat="45.88347346847877" lon="7.168331861961633"><ele>2547.8999938964844</ele></trkpt><trkpt lat="45.883472472429276" lon="7.168291938491166"><ele>2546.8999938964844</ele></trkpt><trkpt lat="45.883572465740144" lon="7.168351978994906"><ele>2544.699981689453</ele></trkpt><trkpt lat="45.88356242142618" lon="7.168290204368532"><ele>2544.5</ele></trkpt><trkpt lat="45.8834702828899" lon="7.168130947742611"><ele>2540.5999755859375</ele></trkpt><trkpt lat="45.88335032761097" lon="7.168000165373087"><ele>2535.8999938964844</ele></trkpt><trkpt lat="45.883311454672366" lon="7.1679205019026995"><ele>2534.5999755859375</ele></trkpt><trkpt lat="45.883262442890555" lon="7.1677404241636395"><ele>2530.8999938964844</ele></trkpt><trkpt lat="45.88327141338959" lon="7.167730075772852"><ele>2530.699981689453</ele></trkpt><trkpt lat="45.88340026559308" lon="7.167820883449167"><ele>2525.8999938964844</ele></trkpt><trkpt lat="45.88348141591996" lon="7.167900336906314"><ele>2523.7999877929688</ele></trkpt><trkpt lat="45.88347043143585" lon="7.1678218226879835"><ele>2522.8999938964844</ele></trkpt><trkpt lat="45.883380085229874" lon="7.16765998210758"><ele>2520.199981689453</ele></trkpt><trkpt lat="45.88337011868134" lon="7.1676304074935615"><ele>2519.5999755859375</ele></trkpt><trkpt lat="45.883520484901965" lon="7.167690196540207"><ele>2515.699981689453</ele></trkpt><trkpt lat="45.88356021326035" lon="7.1677518230862916"><ele>2512.7999877929688</ele></trkpt><trkpt lat="45.8836403391324" lon="7.167779761366546"><ele>2510.5999755859375</ele></trkpt><trkpt lat="45.88361038919538" lon="7.167670428752899"><ele>2508.0</ele></trkpt><trkpt lat="45.88372037420049" lon="7.167770347092301"><ele>2505.3999938964844</ele></trkpt><trkpt lat="45.88372042402625" lon="7.1677909549325705"><ele>2505.2999877929688</ele></trkpt><trkpt lat="45.88384040025994" lon="7.167930752970278"><ele>2502.5999755859375</ele></trkpt><trkpt lat="45.88386013964191" lon="7.1679100464098155"><ele>2501.5999755859375</ele></trkpt><trkpt lat="45.88395035965368" lon="7.168020368088037"><ele>2498.5</ele></trkpt><trkpt lat="45.88399358605966" lon="7.168040761258453"><ele>2495.8999938964844</ele></trkpt><trkpt lat="45.883943578694016" lon="7.167820758186281"><ele>2493.5</ele></trkpt><trkpt lat="45.883910274133086" lon="7.167811906896532"><ele>2492.199981689453</ele></trkpt><trkpt lat="45.88388034328818" lon="7.1677103019319475"><ele>2490.0</ele></trkpt><trkpt lat="45.883820318151265" lon="7.167440116405487"><ele>2485.0999755859375</ele></trkpt><trkpt lat="45.88380040647462" lon="7.167389982845634"><ele>2484.199981689453</ele></trkpt><trkpt lat="45.883720251731575" lon="7.167350452393293"><ele>2482.3999938964844</ele></trkpt><trkpt lat="45.88367243018001" lon="7.1672901539132"><ele>2482.5999755859375</ele></trkpt><trkpt lat="45.88365040440112" lon="7.167109942063689"><ele>2483.699981689453</ele></trkpt><trkpt lat="45.88366010505706" lon="7.167030036915094"><ele>2483.0</ele></trkpt><trkpt lat="45.88380347145721" lon="7.166800056118518"><ele>2480.7999877929688</ele></trkpt><trkpt lat="45.88387032831088" lon="7.1665498479269445"><ele>2480.5</ele></trkpt><trkpt lat="45.88389245280996" lon="7.166400327347219"><ele>2479.3999938964844</ele></trkpt><trkpt lat="45.88393025752157" lon="7.166410442907363"><ele>2478.2999877929688</ele></trkpt><trkpt lat="45.88393030455336" lon="7.166429762728512"><ele>2478.0</ele></trkpt><trkpt lat="45.883913529571146" lon="7.166559936013073"><ele>2475.7999877929688</ele></trkpt><trkpt lat="45.88393003679812" lon="7.166689942590892"><ele>2470.8999938964844</ele></trkpt><trkpt lat="45.883961422834545" lon="7.16664985800162"><ele>2471.0</ele></trkpt><trkpt lat="45.884001441299915" lon="7.166460319422185"><ele>2472.199981689453</ele></trkpt><trkpt lat="45.88402037648484" lon="7.166109883226454"><ele>2466.7999877929688</ele></trkpt><trkpt lat="45.884052467532456" lon="7.165989936795086"><ele>2465.0</ele></trkpt><trkpt lat="45.88434033934027" lon="7.165630424860865"><ele>2453.7999877929688</ele></trkpt><trkpt lat="45.88453040039167" lon="7.165000912733376"><ele>2442.7999877929688</ele></trkpt><trkpt lat="45.88453008187935" lon="7.164870823267847"><ele>2442.0999755859375</ele></trkpt><trkpt lat="45.884603473357856" lon="7.164719754830003"><ele>2439.8999938964844</ele></trkpt><trkpt lat="45.884673540946096" lon="7.164680761285126"><ele>2436.5999755859375</ele></trkpt><trkpt lat="45.88470040354878" lon="7.164630392566323"><ele>2434.0999755859375</ele></trkpt><trkpt lat="45.884720044676214" lon="7.1645697564817965"><ele>2433.3999938964844</ele></trkpt><trkpt lat="45.88473346456885" lon="7.164540064055473"><ele>2433.3999938964844</ele></trkpt><trkpt lat="45.88468362484127" lon="7.1643909025006"><ele>2434.0</ele></trkpt><trkpt lat="45.88469150243327" lon="7.1643019882030785"><ele>2432.0999755859375</ele></trkpt><trkpt lat="45.884760443121195" lon="7.164170261472464"><ele>2430.5</ele></trkpt><trkpt lat="45.88475032756105" lon="7.164080149959773"><ele>2431.8999938964844</ele></trkpt><trkpt lat="45.884823572356254" lon="7.163869830779731"><ele>2429.699981689453</ele></trkpt><trkpt lat="45.88484022626653" lon="7.163691997062415"><ele>2428.3999938964844</ele></trkpt><trkpt lat="45.88481014268473" lon="7.1635298556648195"><ele>2426.5</ele></trkpt><trkpt lat="45.884823439177126" lon="7.163449930027127"><ele>2425.199981689453</ele></trkpt><trkpt lat="45.8849503621459" lon="7.163120838813484"><ele>2421.199981689453</ele></trkpt><trkpt lat="45.885010335128754" lon="7.163000747561455"><ele>2420.5</ele></trkpt><trkpt lat="45.88515021977946" lon="7.162821002304554"><ele>2419.5999755859375</ele></trkpt><trkpt lat="45.885303472168744" lon="7.162590954452753"><ele>2417.5999755859375</ele></trkpt><trkpt lat="45.8855035030283" lon="7.162361956667155"><ele>2415.5999755859375</ele></trkpt><trkpt lat="45.88552046660334" lon="7.162310348358005"><ele>2415.0999755859375</ele></trkpt><trkpt lat="45.88557341462001" lon="7.162259845994413"><ele>2414.8999938964844</ele></trkpt><trkpt lat="45.885680044069886" lon="7.162091857753694"><ele>2413.0</ele></trkpt><trkpt lat="45.88591147726402" lon="7.1618304955773056"><ele>2410.3999938964844</ele></trkpt><trkpt lat="45.88593021733686" lon="7.161769861355424"><ele>2410.3999938964844</ele></trkpt><trkpt lat="45.88608004851267" lon="7.1616119565442204"><ele>2408.3999938964844</ele></trkpt><trkpt lat="45.88625009031966" lon="7.161260737106204"><ele>2407.8999938964844</ele></trkpt><trkpt lat="45.88626243453473" lon="7.161160205025226"><ele>2408.3999938964844</ele></trkpt><trkpt lat="45.88631241163239" lon="7.161000229418278"><ele>2408.8999938964844</ele></trkpt><trkpt lat="45.88636028440669" lon="7.1610798463225365"><ele>2407.5</ele></trkpt><trkpt lat="45.88647342054173" lon="7.161360071506351"><ele>2403.5</ele></trkpt><trkpt lat="45.88647019537166" lon="7.161510792560875"><ele>2401.199981689453</ele></trkpt><trkpt lat="45.88645247556269" lon="7.161620368715376"><ele>2400.199981689453</ele></trkpt><trkpt lat="45.88646356621757" lon="7.16174010373652"><ele>2398.699981689453</ele></trkpt><trkpt lat="45.886443469673395" lon="7.161979787517339"><ele>2396.0</ele></trkpt><trkpt lat="45.886530071962625" lon="7.162079818081111"><ele>2393.3999938964844</ele></trkpt><trkpt lat="45.88655030634254" lon="7.162260046228766"><ele>2390.2999877929688</ele></trkpt><trkpt lat="45.88654035096988" lon="7.162600149400532"><ele>2387.199981689453</ele></trkpt><trkpt lat="45.88652348238975" lon="7.162690399680287"><ele>2385.199981689453</ele></trkpt><trkpt lat="45.88655149098486" lon="7.162740493193269"><ele>2384.3999938964844</ele></trkpt><trkpt lat="45.88663141662255" lon="7.163051804061979"><ele>2378.8999938964844</ele></trkpt><trkpt lat="45.88672353560105" lon="7.163200756069273"><ele>2376.5</ele></trkpt><trkpt lat="45.88670049002394" lon="7.1633399850688875"><ele>2374.3999938964844</ele></trkpt><trkpt lat="45.886702412739396" lon="7.163390210364014"><ele>2373.5</ele></trkpt><trkpt lat="45.88673146953806" lon="7.1635008389130235"><ele>2372.0</ele></trkpt><trkpt lat="45.88676039967686" lon="7.163559944368899"><ele>2370.699981689453</ele></trkpt><trkpt lat="45.886770468670875" lon="7.163630738388747"><ele>2369.7999877929688</ele></trkpt><trkpt lat="45.88681024359539" lon="7.163710398599505"><ele>2368.0999755859375</ele></trkpt><trkpt lat="45.886853518895805" lon="7.16375011112541"><ele>2367.3999938964844</ele></trkpt><trkpt lat="45.886873554904014" lon="7.16385048115626"><ele>2365.5999755859375</ele></trkpt><trkpt lat="45.88689023628831" lon="7.1640500500798225"><ele>2363.8999938964844</ele></trkpt><trkpt lat="45.88697246229276" lon="7.164200342260301"><ele>2361.3999938964844</ele></trkpt><trkpt lat="45.88701241090894" lon="7.164350847713649"><ele>2360.0</ele></trkpt><trkpt lat="45.88713343581185" lon="7.164549893233925"><ele>2356.7999877929688</ele></trkpt><trkpt lat="45.88710049726069" lon="7.164690461009741"><ele>2356.5</ele></trkpt><trkpt lat="45.88710018387064" lon="7.164930047467351"><ele>2354.5</ele></trkpt><trkpt lat="45.88717015879229" lon="7.165220804978162"><ele>2352.2999877929688</ele></trkpt><trkpt lat="45.88722352311015" lon="7.165340330451727"><ele>2351.8999938964844</ele></trkpt><trkpt lat="45.887310195248574" lon="7.165469993837178"><ele>2350.699981689453</ele></trkpt><trkpt lat="45.88742013834417" lon="7.165551881771535"><ele>2349.3999938964844</ele></trkpt><trkpt lat="45.88756357412785" lon="7.16571990493685"><ele>2348.0999755859375</ele></trkpt><trkpt lat="45.88767348881811" lon="7.165790200699121"><ele>2345.8999938964844</ele></trkpt><trkpt lat="45.88773033162579" lon="7.1658607623539865"><ele>2345.3999938964844</ele></trkpt><trkpt lat="45.88782244734466" lon="7.166009722277522"><ele>2345.3999938964844</ele></trkpt><trkpt lat="45.88797031715512" lon="7.166151963640004"><ele>2344.0</ele></trkpt><trkpt lat="45.88805351220071" lon="7.166331883985549"><ele>2342.0999755859375</ele></trkpt><trkpt lat="45.88808351289481" lon="7.166461833752692"><ele>2340.2999877929688</ele></trkpt><trkpt lat="45.88817011145875" lon="7.166561874561012"><ele>2337.5</ele></trkpt><trkpt lat="45.88822352094576" lon="7.166700724512339"><ele>2335.5</ele></trkpt><trkpt lat="45.88836143910885" lon="7.1668198318220675"><ele>2332.5999755859375</ele></trkpt><trkpt lat="45.88843009993434" lon="7.166941861156374"><ele>2330.3999938964844</ele></trkpt><trkpt lat="45.88844144716859" lon="7.167169802356511"><ele>2327.199981689453</ele></trkpt><trkpt lat="45.888460458721966" lon="7.167219944298267"><ele>2327.0999755859375</ele></trkpt><trkpt lat="45.888500256463885" lon="7.167309915181249"><ele>2325.5</ele></trkpt><trkpt lat="45.88867354858667" lon="7.167549932841212"><ele>2322.3999938964844</ele></trkpt><trkpt lat="45.88898023823276" lon="7.167900069616735"><ele>2318.8999938964844</ele></trkpt><trkpt lat="45.88912358041853" lon="7.168030748143792"><ele>2316.8999938964844</ele></trkpt><trkpt lat="45.889323588926345" lon="7.168159858323634"><ele>2314.3999938964844</ele></trkpt><trkpt lat="45.88952009892091" lon="7.168330207467079"><ele>2311.699981689453</ele></trkpt><trkpt lat="45.889590504579246" lon="7.168430333957076"><ele>2310.699981689453</ele></trkpt><trkpt lat="45.89005030551925" lon="7.168860877864063"><ele>2302.8999938964844</ele></trkpt><trkpt lat="45.89014045055956" lon="7.168940297793597"><ele>2302.3999938964844</ele></trkpt><trkpt lat="45.89034043671563" lon="7.1690603964962065"><ele>2299.3999938964844</ele></trkpt><trkpt lat="45.890380260534585" lon="7.16916196513921"><ele>2297.0999755859375</ele></trkpt><trkpt lat="45.89044344378635" lon="7.169251824263483"><ele>2295.0</ele></trkpt><trkpt lat="45.890620181337" lon="7.169430007692426"><ele>2291.5</ele></trkpt><trkpt lat="45.89068142650649" lon="7.169461909681559"><ele>2291.7999877929688</ele></trkpt><trkpt lat="45.890730164945126" lon="7.169529942329973"><ele>2290.699981689453</ele></trkpt><trkpt lat="45.89078243635595" lon="7.169570906087756"><ele>2289.0</ele></trkpt><trkpt lat="45.890883470885456" lon="7.169690208509564"><ele>2287.3999938964844</ele></trkpt><trkpt lat="45.89106004405767" lon="7.169800121337175"><ele>2285.5999755859375</ele></trkpt><trkpt lat="45.891232502646744" lon="7.170069790910929"><ele>2283.0999755859375</ele></trkpt><trkpt lat="45.891280251555145" lon="7.170100472401828"><ele>2282.2999877929688</ele></trkpt><trkpt lat="45.891320071648806" lon="7.170200755354017"><ele>2282.0999755859375</ele></trkpt><trkpt lat="45.891371415462345" lon="7.170230130665004"><ele>2281.0999755859375</ele></trkpt><trkpt lat="45.891410265117884" lon="7.17030079010874"><ele>2281.0999755859375</ele></trkpt><trkpt lat="45.891532469540834" lon="7.170620949473232"><ele>2278.8999938964844</ele></trkpt><trkpt lat="45.89198047993705" lon="7.171390383969992"><ele>2275.5999755859375</ele></trkpt><trkpt lat="45.89202012959868" lon="7.171419818419963"><ele>2275.5</ele></trkpt><trkpt lat="45.8921335185878" lon="7.171439873985946"><ele>2272.5</ele></trkpt><trkpt lat="45.89219035767019" lon="7.171510446816683"><ele>2270.5999755859375</ele></trkpt><trkpt lat="45.89247040543705" lon="7.172010191716254"><ele>2267.0</ele></trkpt><trkpt lat="45.89259002869949" lon="7.172381902113557"><ele>2262.7999877929688</ele></trkpt><trkpt lat="45.892690347507596" lon="7.172579798847437"><ele>2260.2999877929688</ele></trkpt><trkpt lat="45.892711465246975" lon="7.172760046552867"><ele>2258.699981689453</ele></trkpt><trkpt lat="45.892780002206564" lon="7.173211879096925"><ele>2252.5</ele></trkpt><trkpt lat="45.89282246585935" lon="7.173290254082531"><ele>2250.8999938964844</ele></trkpt><trkpt lat="45.892830229364336" lon="7.17352982563898"><ele>2245.7999877929688</ele></trkpt><trkpt lat="45.89286356046796" lon="7.173550275154412"><ele>2245.2999877929688</ele></trkpt><trkpt lat="45.89285013778135" lon="7.173579969443381"><ele>2244.5999755859375</ele></trkpt><trkpt lat="45.89290248090401" lon="7.173651855904609"><ele>2243.199981689453</ele></trkpt><trkpt lat="45.89290349604562" lon="7.173700803425163"><ele>2242.5</ele></trkpt><trkpt lat="45.89296149183065" lon="7.173880873247981"><ele>2238.5</ele></trkpt><trkpt lat="45.89292049081996" lon="7.1740408120676875"><ele>2234.2999877929688</ele></trkpt><trkpt lat="45.89295031502843" lon="7.174099925905466"><ele>2233.0</ele></trkpt><trkpt lat="45.89290006039664" lon="7.174150410108268"><ele>2231.5999755859375</ele></trkpt><trkpt lat="45.892900130245835" lon="7.174180039204657"><ele>2231.3999938964844</ele></trkpt><trkpt lat="45.892933485563844" lon="7.1742107947357"><ele>2230.2999877929688</ele></trkpt><trkpt lat="45.89301344938576" lon="7.1745517873205245"><ele>2224.5999755859375</ele></trkpt><trkpt lat="45.89309030631557" lon="7.174720173235983"><ele>2219.7999877929688</ele></trkpt><trkpt lat="45.893113455269486" lon="7.17500089481473"><ele>2213.8999938964844</ele></trkpt><trkpt lat="45.893111414741725" lon="7.175280451308936"><ele>2211.199981689453</ele></trkpt><trkpt lat="45.89315342856571" lon="7.1755507765337825"><ele>2206.5999755859375</ele></trkpt><trkpt lat="45.89319033315405" lon="7.17556090420112"><ele>2205.199981689453</ele></trkpt><trkpt lat="45.89322250708938" lon="7.175471860915422"><ele>2203.8999938964844</ele></trkpt><trkpt lat="45.89326352998614" lon="7.175320939160883"><ele>2202.5</ele></trkpt><trkpt lat="45.89326243987307" lon="7.175239785574377"><ele>2202.8999938964844</ele></trkpt><trkpt lat="45.8933434211649" lon="7.175249699968845"><ele>2202.2999877929688</ele></trkpt><trkpt lat="45.89336013048887" lon="7.1754699079319835"><ele>2200.2999877929688</ele></trkpt><trkpt lat="45.89344357419759" lon="7.175761935766786"><ele>2196.8999938964844</ele></trkpt><trkpt lat="45.893448086921126" lon="7.175768354907632"><ele>2196.8999938964844</ele></trkpt><trkpt lat="45.893448086921126" lon="7.175768354907632"><ele>2196.8999938964844</ele></trkpt><trkpt lat="45.893448086921126" lon="7.175768354907632"><ele>2196.8999938964844</ele></trkpt><trkpt lat="45.893448086921126" lon="7.175768354907632"><ele>2196.8999938964844</ele></trkpt><trkpt lat="45.893448086921126" lon="7.175768354907632"><ele>2196.8999938964844</ele></trkpt><trkpt lat="45.89344357419759" lon="7.175761935766786"><ele>2196.8999938964844</ele></trkpt><trkpt lat="45.89349010307342" lon="7.176039971411228"><ele>2194.699981689453</ele></trkpt><trkpt lat="45.8935004202649" lon="7.1762202749960124"><ele>2190.8999938964844</ele></trkpt><trkpt lat="45.893520303070545" lon="7.176260114647448"><ele>2189.8999938964844</ele></trkpt><trkpt lat="45.89364001248032" lon="7.176290456671268"><ele>2188.5999755859375</ele></trkpt><trkpt lat="45.89367248909548" lon="7.176330235786736"><ele>2187.699981689453</ele></trkpt><trkpt lat="45.89371147332713" lon="7.176460161339492"><ele>2186.8999938964844</ele></trkpt><trkpt lat="45.893730025272816" lon="7.1766996858641505"><ele>2185.7999877929688</ele></trkpt><trkpt lat="45.89390016859397" lon="7.177140738349408"><ele>2179.2999877929688</ele></trkpt><trkpt lat="45.89390028268099" lon="7.177189690992236"><ele>2177.7999877929688</ele></trkpt><trkpt lat="45.893929990939796" lon="7.177199854515493"><ele>2177.3999938964844</ele></trkpt><trkpt lat="45.893972457852215" lon="7.177280810661614"><ele>2175.199981689453</ele></trkpt><trkpt lat="45.893973547033966" lon="7.177361965179443"><ele>2173.5999755859375</ele></trkpt><trkpt lat="45.89401240972802" lon="7.177440362051129"><ele>2171.0999755859375</ele></trkpt><trkpt lat="45.89403245411813" lon="7.177549767307937"><ele>2168.5</ele></trkpt><trkpt lat="45.894020028878" lon="7.177621969021857"><ele>2167.0</ele></trkpt><trkpt lat="45.89400030532852" lon="7.177650404628366"><ele>2165.0999755859375</ele></trkpt><trkpt lat="45.89400247624144" lon="7.177810137625784"><ele>2162.199981689453</ele></trkpt><trkpt lat="45.89397023431957" lon="7.177870839368552"><ele>2161.0</ele></trkpt><trkpt lat="45.893970395904034" lon="7.177940404042602"><ele>2159.8999938964844</ele></trkpt><trkpt lat="45.893940090667456" lon="7.178060356061906"><ele>2156.7999877929688</ele></trkpt><trkpt lat="45.893963526468724" lon="7.178080855868757"><ele>2156.3999938964844</ele></trkpt><trkpt lat="45.89395021926612" lon="7.178160790819675"><ele>2154.5999755859375</ele></trkpt><trkpt lat="45.89400350069627" lon="7.178250713739544"><ele>2151.7999877929688</ele></trkpt><trkpt lat="45.8940724725835" lon="7.178511900361627"><ele>2149.5</ele></trkpt><trkpt lat="45.89413027279079" lon="7.1786108198575675"><ele>2147.8999938964844</ele></trkpt><trkpt lat="45.89429242350161" lon="7.178711819462478"><ele>2145.5999755859375</ele></trkpt><trkpt lat="45.894310479518026" lon="7.178740074858069"><ele>2144.699981689453</ele></trkpt><trkpt lat="45.89431246416643" lon="7.178819937165827"><ele>2143.3999938964844</ele></trkpt><trkpt lat="45.89444144582376" lon="7.178970049601048"><ele>2141.5</ele></trkpt><trkpt lat="45.894410216249526" lon="7.1790797002613544"><ele>2139.0999755859375</ele></trkpt><trkpt lat="45.89446347905323" lon="7.179161895532161"><ele>2137.0</ele></trkpt><trkpt lat="45.89446267206222" lon="7.179201835300773"><ele>2136.2999877929688</ele></trkpt><trkpt lat="45.894483474548906" lon="7.179250690620393"><ele>2135.5999755859375</ele></trkpt><trkpt lat="45.89446024782956" lon="7.179320367053151"><ele>2134.0999755859375</ele></trkpt><trkpt lat="45.894390179775655" lon="7.179361924063414"><ele>2131.5999755859375</ele></trkpt><trkpt lat="45.89431016379967" lon="7.179380340036005"><ele>2130.3999938964844</ele></trkpt><trkpt lat="45.894290490075946" lon="7.179430675692856"><ele>2129.3999938964844</ele></trkpt><trkpt lat="45.894240209367126" lon="7.179470850620419"><ele>2128.5999755859375</ele></trkpt><trkpt lat="45.89416049979627" lon="7.179621954914182"><ele>2125.7999877929688</ele></trkpt><trkpt lat="45.89418047107756" lon="7.179700443986803"><ele>2125.0</ele></trkpt><trkpt lat="45.894210203085095" lon="7.179720914456993"><ele>2123.8999938964844</ele></trkpt><trkpt lat="45.894230221863836" lon="7.179820015095174"><ele>2121.5</ele></trkpt><trkpt lat="45.89420150546357" lon="7.179849781095982"><ele>2120.0999755859375</ele></trkpt><trkpt lat="45.89421147434041" lon="7.179881940130144"><ele>2118.8999938964844</ele></trkpt><trkpt lat="45.894260089844465" lon="7.179899744689465"><ele>2116.3999938964844</ele></trkpt><trkpt lat="45.894280042964965" lon="7.179970504250377"><ele>2114.5999755859375</ele></trkpt><trkpt lat="45.894340358674526" lon="7.179990830365568"><ele>2112.699981689453</ele></trkpt><trkpt lat="45.894323544576764" lon="7.180110718123615"><ele>2111.7999877929688</ele></trkpt><trkpt lat="45.89427344733849" lon="7.180230763275176"><ele>2109.199981689453</ele></trkpt><trkpt lat="45.89429342420772" lon="7.1803118288517"><ele>2107.3999938964844</ele></trkpt><trkpt lat="45.89438247354701" lon="7.1803101184777915"><ele>2105.0999755859375</ele></trkpt><trkpt lat="45.894410266540945" lon="7.180270050652325"><ele>2104.0999755859375</ele></trkpt><trkpt lat="45.89443997479975" lon="7.180280216038227"><ele>2103.199981689453</ele></trkpt><trkpt lat="45.89440249744803" lon="7.1804117960855365"><ele>2101.0999755859375</ele></trkpt><trkpt lat="45.8944124574773" lon="7.180440090596676"><ele>2100.3999938964844</ele></trkpt><trkpt lat="45.894430447835475" lon="7.18044000538066"><ele>2099.7999877929688</ele></trkpt><trkpt lat="45.89452035538852" lon="7.180420255288482"><ele>2097.2999877929688</ele></trkpt><trkpt lat="45.89456249633804" lon="7.180360795464367"><ele>2096.0999755859375</ele></trkpt><trkpt lat="45.894623547792435" lon="7.180310263764113"><ele>2095.5</ele></trkpt><trkpt lat="45.894680173601955" lon="7.18029067106545"><ele>2095.0999755859375</ele></trkpt><trkpt lat="45.89478020509705" lon="7.180370070040226"><ele>2093.7999877929688</ele></trkpt><trkpt lat="45.89491245849058" lon="7.180379749741405"><ele>2091.0</ele></trkpt><trkpt lat="45.89491345034912" lon="7.180419681593776"><ele>2090.699981689453</ele></trkpt><trkpt lat="45.89485147502273" lon="7.180459911003709"><ele>2088.699981689453</ele></trkpt><trkpt lat="45.894852466415614" lon="7.180499842856079"><ele>2088.199981689453</ele></trkpt><trkpt lat="45.894942466169596" lon="7.180520028807223"><ele>2086.5999755859375</ele></trkpt><trkpt lat="45.895061414688826" lon="7.180610933341086"><ele>2084.699981689453</ele></trkpt><trkpt lat="45.89510028110817" lon="7.180691910907626"><ele>2083.0</ele></trkpt><trkpt lat="45.89514015940949" lon="7.180821838323027"><ele>2080.0</ele></trkpt><trkpt lat="45.89516008226201" lon="7.18087971676141"><ele>2078.699981689453</ele></trkpt><trkpt lat="45.89539354573935" lon="7.181089891586453"><ele>2074.5</ele></trkpt><trkpt lat="45.8955000359565" lon="7.18124011810869"><ele>2070.8999938964844</ele></trkpt><trkpt lat="45.89554148539901" lon="7.1812708410434425"><ele>2069.8999938964844</ele></trkpt><trkpt lat="45.89559001242742" lon="7.181249999906868"><ele>2070.5999755859375</ele></trkpt><trkpt lat="45.89568005967885" lon="7.181290799751878"><ele>2069.5999755859375</ele></trkpt><trkpt lat="45.8957314924337" lon="7.181360125076026"><ele>2068.3999938964844</ele></trkpt><trkpt lat="45.8958524428308" lon="7.181539915502071"><ele>2064.199981689453</ele></trkpt><trkpt lat="45.895890430081636" lon="7.181629917118698"><ele>2062.5</ele></trkpt><trkpt lat="45.89602039894089" lon="7.1818199721165"><ele>2057.199981689453</ele></trkpt><trkpt lat="45.89608015725389" lon="7.181989746168256"><ele>2053.2999877929688</ele></trkpt><trkpt lat="45.89614016888663" lon="7.182270313613117"><ele>2048.5999755859375</ele></trkpt><trkpt lat="45.8961835289374" lon="7.182349984534085"><ele>2048.0</ele></trkpt><trkpt lat="45.89614037517458" lon="7.182360493578017"><ele>2046.3999938964844</ele></trkpt><trkpt lat="45.89602242130786" lon="7.182310803327709"><ele>2042.7999877929688</ele></trkpt><trkpt lat="45.89599003503099" lon="7.182309667114168"><ele>2041.6999816894531</ele></trkpt><trkpt lat="45.89594348985702" lon="7.182410372886807"><ele>2039.3999938964844</ele></trkpt><trkpt lat="45.89615999581292" lon="7.182679899968207"><ele>2041.8999938964844</ele></trkpt><trkpt lat="45.89627354545519" lon="7.18277083709836"><ele>2042.7999877929688</ele></trkpt><trkpt lat="45.89652250241488" lon="7.183069847058505"><ele>2048.2999877929688</ele></trkpt><trkpt lat="45.896632430143654" lon="7.183150495868176"><ele>2049.8999938964844</ele></trkpt><trkpt lat="45.89686146005988" lon="7.183390338905156"><ele>2051.0</ele></trkpt><trkpt lat="45.89730350859463" lon="7.183949982281774"><ele>2051.0</ele></trkpt><trkpt lat="45.89736025221646" lon="7.183981925714761"><ele>2050.0999755859375</ele></trkpt><trkpt lat="45.8973702788353" lon="7.184039853513241"><ele>2050.0</ele></trkpt><trkpt lat="45.897451444063336" lon="7.184130946174264"><ele>2048.5</ele></trkpt><trkpt lat="45.89746147347614" lon="7.184190162923187"><ele>2047.7999877929688</ele></trkpt><trkpt lat="45.89756996696815" lon="7.1844318634830415"><ele>2044.5</ele></trkpt><trkpt lat="45.89762045443058" lon="7.184481873176992"><ele>2043.5</ele></trkpt><trkpt lat="45.89764042245224" lon="7.184560368768871"><ele>2042.6999816894531</ele></trkpt><trkpt lat="45.89769007731229" lon="7.184640014544129"><ele>2041.2999877929688</ele></trkpt><trkpt lat="45.89772342983633" lon="7.184670779388398"><ele>2041.0</ele></trkpt><trkpt lat="45.89775149943307" lon="7.184751813765615"><ele>2039.0</ele></trkpt><trkpt lat="45.897755118086934" lon="7.18476081546396"><ele>2039.0999755859375</ele></trkpt><trkpt lat="45.897755118086934" lon="7.18476081546396"><ele>2039.0999755859375</ele></trkpt><trkpt lat="45.897755118086934" lon="7.18476081546396"><ele>2039.0999755859375</ele></trkpt><trkpt lat="45.897755118086934" lon="7.18476081546396"><ele>2039.0999755859375</ele></trkpt><trkpt lat="45.897755118086934" lon="7.18476081546396"><ele>2039.0999755859375</ele></trkpt><trkpt lat="45.897755118086934" lon="7.18476081546396"><ele>2039.0999755859375</ele></trkpt><trkpt lat="45.8978724880144" lon="7.184950943104923"><ele>2035.0</ele></trkpt><trkpt lat="45.89796229964122" lon="7.185285495128483"><ele>2031.3999938964844</ele></trkpt><trkpt lat="45.89798441296443" lon="7.185517294332385"><ele>2028.2999877929688</ele></trkpt><trkpt lat="45.89812532160431" lon="7.185774310026318"><ele>2025.7999877929688</ele></trkpt><trkpt lat="45.89818840706721" lon="7.185826839879155"><ele>2023.5</ele></trkpt><trkpt lat="45.89824295742437" lon="7.186082968953997"><ele>2020.6999816894531</ele></trkpt><trkpt lat="45.89818910183385" lon="7.186134751886129"><ele>2018.5999755859375</ele></trkpt><trkpt lat="45.89818924712017" lon="7.186199168674648"><ele>2017.0999755859375</ele></trkpt><trkpt lat="45.89826135383919" lon="7.186263252515346"><ele>2015.0</ele></trkpt><trkpt lat="45.898307462222874" lon="7.186366106849164"><ele>2012.7999877929688</ele></trkpt><trkpt lat="45.898361462168396" lon="7.18637874070555"><ele>2011.0999755859375</ele></trkpt><trkpt lat="45.89845999516547" lon="7.18659343989566"><ele>2008.1999816894531</ele></trkpt><trkpt lat="45.89860642282292" lon="7.186905834823847"><ele>2004.0</ele></trkpt><trkpt lat="45.89866814063862" lon="7.18715033819899"><ele>2000.3999938964844</ele></trkpt><trkpt lat="45.898803463205695" lon="7.187324931379408"><ele>1997.6999816894531</ele></trkpt><trkpt lat="45.89894150663167" lon="7.187509820330888"><ele>1994.6999816894531</ele></trkpt><trkpt lat="45.898894091602415" lon="7.187625991180539"><ele>1991.7999877929688</ele></trkpt><trkpt lat="45.898912171367556" lon="7.18766584713012"><ele>1989.0999755859375</ele></trkpt><trkpt lat="45.89904749253765" lon="7.187840442638844"><ele>1986.5999755859375</ele></trkpt><trkpt lat="45.89921350777149" lon="7.188063856214285"><ele>1985.1999816894531</ele></trkpt><trkpt lat="45.89931810973212" lon="7.188178041018546"><ele>1984.6999816894531</ele></trkpt><trkpt lat="45.89938107645139" lon="7.188177751842886"><ele>1984.1999816894531</ele></trkpt><trkpt lat="45.89945741510019" lon="7.188525264151394"><ele>1983.5999755859375</ele></trkpt><trkpt lat="45.89948997087777" lon="7.188602417707443"><ele>1983.0999755859375</ele></trkpt><trkpt lat="45.89958909153938" lon="7.188679266255349"><ele>1982.1999816894531</ele></trkpt><trkpt lat="45.89965234603733" lon="7.188807814847678"><ele>1980.7999877929688</ele></trkpt><trkpt lat="45.899681420996785" lon="7.1889378083869815"><ele>1979.2999877929688</ele></trkpt><trkpt lat="45.89984222361818" lon="7.1892449972219765"><ele>1977.7999877929688</ele></trkpt><trkpt lat="45.89987042732537" lon="7.18938787933439"><ele>1976.0</ele></trkpt><trkpt lat="45.899965362623334" lon="7.189605183899403"><ele>1974.5999755859375</ele></trkpt><trkpt lat="45.900050348136574" lon="7.189798054751009"><ele>1974.0</ele></trkpt><trkpt lat="45.90015950612724" lon="7.189939280506223"><ele>1973.5999755859375</ele></trkpt><trkpt lat="45.900249134749174" lon="7.190197839867324"><ele>1973.3999938964844</ele></trkpt><trkpt lat="45.90033939899877" lon="7.190337864682078"><ele>1973.0999755859375</ele></trkpt><trkpt lat="45.900511380285025" lon="7.190414385404438"><ele>1971.2999877929688</ele></trkpt><trkpt lat="45.90068336110562" lon="7.19049090705812"><ele>1968.7999877929688</ele></trkpt><trkpt lat="45.90080041345209" lon="7.190541910473257"><ele>1966.7999877929688</ele></trkpt><trkpt lat="45.90098745748401" lon="7.190515290480107"><ele>1964.0999755859375</ele></trkpt><trkpt lat="45.90119646163657" lon="7.190656065475196"><ele>1960.5</ele></trkpt><trkpt lat="45.90121645061299" lon="7.19074616394937"><ele>1957.3999938964844</ele></trkpt><trkpt lat="45.901331503875554" lon="7.190706987865269"><ele>1955.5999755859375</ele></trkpt><trkpt lat="45.90150542650372" lon="7.190847923979163"><ele>1953.6999816894531</ele></trkpt><trkpt lat="45.9015832929872" lon="7.191076910123229"><ele>1949.6999816894531</ele></trkpt><trkpt lat="45.90169099671766" lon="7.191375337075442"><ele>1944.0</ele></trkpt><trkpt lat="45.901807479094714" lon="7.191575804725289"><ele>1940.1999816894531</ele></trkpt><trkpt lat="45.901919461321086" lon="7.191775004845113"><ele>1938.0</ele></trkpt><trkpt lat="45.901998029556125" lon="7.191915088798851"><ele>1934.7999877929688</ele></trkpt><trkpt lat="45.90209745662287" lon="7.192132385447621"><ele>1930.8999938964844</ele></trkpt><trkpt lat="45.90219238353893" lon="7.192348414566368"><ele>1927.3999938964844</ele></trkpt><trkpt lat="45.90225114393979" lon="7.1924808588810265"><ele>1924.2999877929688</ele></trkpt><trkpt lat="45.902278441470116" lon="7.192622464615852"><ele>1921.2999877929688</ele></trkpt><trkpt lat="45.90227004000917" lon="7.192893075756729"><ele>1917.5</ele></trkpt><trkpt lat="45.90237844642252" lon="7.193103892263025"><ele>1912.7999877929688</ele></trkpt><trkpt lat="45.90247241221368" lon="7.193292871117592"><ele>1908.8999938964844</ele></trkpt><trkpt lat="45.90261846315116" lon="7.193441674578935"><ele>1906.2999877929688</ele></trkpt><trkpt lat="45.902730266563594" lon="7.193560997955501"><ele>1904.5</ele></trkpt><trkpt lat="45.902730266563594" lon="7.193560997955501"><ele>1904.5</ele></trkpt><trkpt lat="45.902730266563594" lon="7.193560997955501"><ele>1904.5</ele></trkpt><trkpt lat="45.902730266563594" lon="7.193560997955501"><ele>1904.5</ele></trkpt><trkpt lat="45.902730266563594" lon="7.193560997955501"><ele>1904.5</ele></trkpt><trkpt lat="45.902730266563594" lon="7.193560997955501"><ele>1904.5</ele></trkpt><trkpt lat="45.90279447147623" lon="7.193715324159712"><ele>1902.0999755859375</ele></trkpt><trkpt lat="45.90293694054708" lon="7.1938718762248755"><ele>1899.2999877929688</ele></trkpt><trkpt lat="45.90307940915227" lon="7.194028429221362"><ele>1896.5</ele></trkpt><trkpt lat="45.903262455016375" lon="7.194229897577316"><ele>1893.5</ele></trkpt><trkpt lat="45.903417457360774" lon="7.194359338376671"><ele>1891.0999755859375</ele></trkpt><trkpt lat="45.9035724629648" lon="7.194490068592131"><ele>1889.3999938964844</ele></trkpt><trkpt lat="45.90372746810317" lon="7.1946207992732525"><ele>1887.6999816894531</ele></trkpt><trkpt lat="45.90394735755399" lon="7.194805356673896"><ele>1885.7999877929688</ele></trkpt><trkpt lat="45.9040952026844" lon="7.194952871650457"><ele>1883.7999877929688</ele></trkpt><trkpt lat="45.90424214815721" lon="7.195100391283631"><ele>1882.0999755859375</ele></trkpt><trkpt lat="45.90438999282196" lon="7.1952479081228375"><ele>1881.2999877929688</ele></trkpt><trkpt lat="45.904587423894554" lon="7.195446744561195"><ele>1880.1999816894531</ele></trkpt><trkpt lat="45.904759395867586" lon="7.195520710200071"><ele>1877.3999938964844</ele></trkpt><trkpt lat="45.904932264238596" lon="7.195593384094536"><ele>1873.6999816894531</ele></trkpt><trkpt lat="45.905104235745966" lon="7.195667350664735"><ele>1870.6999816894531</ele></trkpt><trkpt lat="45.905277106910944" lon="7.195741313975304"><ele>1868.5999755859375</ele></trkpt><trkpt lat="45.90544907609001" lon="7.1958139929920435"><ele>1866.5999755859375</ele></trkpt><trkpt lat="45.905621947254986" lon="7.195887957233936"><ele>1863.8999938964844</ele></trkpt><trkpt lat="45.90579841658473" lon="7.195961906109005"><ele>1861.0</ele></trkpt><trkpt lat="45.90596948843449" lon="7.196035879198462"><ele>1858.5</ele></trkpt><trkpt lat="45.906141459941864" lon="7.196109848562628"><ele>1856.2999877929688</ele></trkpt><trkpt lat="45.906313431449234" lon="7.196183818858117"><ele>1854.0999755859375</ele></trkpt><trkpt lat="45.906484503299" lon="7.196257793344557"><ele>1851.7999877929688</ele></trkpt><trkpt lat="45.906649267766625" lon="7.196326642297208"><ele>1849.5999755859375</ele></trkpt><trkpt lat="45.90682920347899" lon="7.19634001608938"><ele>1848.0</ele></trkpt><trkpt lat="45.90700824325904" lon="7.196354683022946"><ele>1847.0999755859375</ele></trkpt><trkpt lat="45.907279048580676" lon="7.196375384926796"><ele>1846.5</ele></trkpt><trkpt lat="45.907458937261254" lon="7.1963668540120125"><ele>1845.8999938964844</ele></trkpt><trkpt lat="45.90764242177829" lon="7.196357018779963"><ele>1845.0</ele></trkpt><trkpt lat="45.907821408007294" lon="7.196347203105688"><ele>1844.1999816894531</ele></trkpt><trkpt lat="45.90800046175718" lon="7.196368312928826"><ele>1843.5999755859375</ele></trkpt><trkpt lat="45.90813542716205" lon="7.196384464390576"><ele>1842.8999938964844</ele></trkpt><trkpt lat="45.90831092977896" lon="7.196427496615797"><ele>1842.0999755859375</ele></trkpt><trkpt lat="45.90848823450506" lon="7.196471809409559"><ele>1841.5999755859375</ele></trkpt><trkpt lat="45.90866643609479" lon="7.196514829993248"><ele>1841.0999755859375</ele></trkpt><trkpt lat="45.90884643653408" lon="7.196557843126357"><ele>1840.1999816894531</ele></trkpt><trkpt lat="45.908972434233874" lon="7.1965869213454425"><ele>1838.7999877929688</ele></trkpt><trkpt lat="45.909151423722506" lon="7.196578394621611"><ele>1837.0</ele></trkpt><trkpt lat="45.909330412745476" lon="7.196569867897779"><ele>1835.2999877929688</ele></trkpt><trkpt lat="45.90951030142605" lon="7.196561336982995"><ele>1833.6999816894531</ele></trkpt><trkpt lat="45.90969019057229" lon="7.196552806068212"><ele>1832.1999816894531</ele></trkpt><trkpt lat="45.9098700764589" lon="7.196542986668646"><ele>1830.6999816894531</ele></trkpt><trkpt lat="45.91015250328928" lon="7.196530134417117"><ele>1829.5</ele></trkpt><trkpt lat="45.910332447849214" lon="7.1965473759919405"><ele>1828.8999938964844</ele></trkpt><trkpt lat="45.91051149601117" lon="7.196565910708159"><ele>1828.5</ele></trkpt><trkpt lat="45.910790408495814" lon="7.196591733489186"><ele>1827.8999938964844</ele></trkpt><trkpt lat="45.910790408495814" lon="7.196591733489186"><ele>1827.8999938964844</ele></trkpt><trkpt lat="45.910790408495814" lon="7.196591733489186"><ele>1827.8999938964844</ele></trkpt><trkpt lat="45.910790408495814" lon="7.196591733489186"><ele>1827.8999938964844</ele></trkpt><trkpt lat="45.910790408495814" lon="7.196591733489186"><ele>1827.8999938964844</ele></trkpt><trkpt lat="45.910790408495814" lon="7.196591733489186"><ele>1827.8999938964844</ele></trkpt><trkpt lat="45.910968484357" lon="7.196576767601073"><ele>1827.2999877929688</ele></trkpt><trkpt lat="45.911120479460806" lon="7.1965644946321845"><ele>1827.0999755859375</ele></trkpt><trkpt lat="45.91130042169243" lon="7.196580448187888"><ele>1827.5999755859375</ele></trkpt><trkpt lat="45.91147946706042" lon="7.196597694419324"><ele>1828.0999755859375</ele></trkpt><trkpt lat="45.91166030894965" lon="7.196613644249737"><ele>1828.3999938964844</ele></trkpt><trkpt lat="45.91184018692002" lon="7.196599958930165"><ele>1828.5999755859375</ele></trkpt><trkpt lat="45.91201916243881" lon="7.1965849888511"><ele>1829.0</ele></trkpt><trkpt lat="45.91218195250258" lon="7.196572667919099"><ele>1829.1999816894531</ele></trkpt><trkpt lat="45.91238949261606" lon="7.196455764584243"><ele>1829.1999816894531</ele></trkpt><trkpt lat="45.91256750468165" lon="7.1964111579582095"><ele>1829.2999877929688</ele></trkpt><trkpt lat="45.91270326077938" lon="7.1963770487345755"><ele>1829.3999938964844</ele></trkpt><trkpt lat="45.912883155513555" lon="7.196371094323695"><ele>1829.8999938964844</ele></trkpt><trkpt lat="45.91306305071339" lon="7.196365140378475"><ele>1830.6999816894531</ele></trkpt><trkpt lat="45.91324294824153" lon="7.196360474918038"><ele>1831.8999938964844</ele></trkpt><trkpt lat="45.9134264444001" lon="7.196355793159455"><ele>1833.2999877929688</ele></trkpt><trkpt lat="45.91365041071549" lon="7.196347065735608"><ele>1834.7999877929688</ele></trkpt><trkpt lat="45.913819363340735" lon="7.196272857952863"><ele>1837.0</ele></trkpt><trkpt lat="45.91399550670758" lon="7.196196040138602"><ele>1839.0999755859375</ele></trkpt><trkpt lat="45.914150974713266" lon="7.196125757880509"><ele>1840.6999816894531</ele></trkpt><trkpt lat="45.91439741849899" lon="7.196111774072051"><ele>1842.1999816894531</ele></trkpt><trkpt lat="45.91456910036504" lon="7.196051728446037"><ele>1844.1999816894531</ele></trkpt><trkpt lat="45.91474348073825" lon="7.195991670712829"><ele>1846.0999755859375</ele></trkpt><trkpt lat="45.914924152195454" lon="7.195929006673396"><ele>1847.5999755859375</ele></trkpt><trkpt lat="45.91510403063148" lon="7.195915318559855"><ele>1848.7999877929688</ele></trkpt><trkpt lat="45.91528840921819" lon="7.195902898907661"><ele>1850.0999755859375</ele></trkpt><trkpt lat="45.91546648554504" lon="7.19588792975992"><ele>1851.8999938964844</ele></trkpt><trkpt lat="45.915565490256995" lon="7.195913264062256"><ele>1853.2999877929688</ele></trkpt><trkpt lat="45.915600487962365" lon="7.195874445606023"><ele>1853.7999877929688</ele></trkpt><trkpt lat="45.91577941039577" lon="7.195834985934198"><ele>1854.1999816894531</ele></trkpt><trkpt lat="45.916012277361006" lon="7.1957823978737"><ele>1855.5</ele></trkpt><trkpt lat="45.91619220003486" lon="7.195789329241961"><ele>1857.2999877929688</ele></trkpt><trkpt lat="45.916300155222416" lon="7.195794003549963"><ele>1858.5999755859375</ele></trkpt><trkpt lat="45.916420496534556" lon="7.195703252684325"><ele>1859.5999755859375</ele></trkpt><trkpt lat="45.916599503252655" lon="7.19570245500654"><ele>1861.0999755859375</ele></trkpt><trkpt lat="45.91686846315861" lon="7.195701256394386"><ele>1863.5999755859375</ele></trkpt><trkpt lat="45.91704307869077" lon="7.195749452803284"><ele>1866.0999755859375</ele></trkpt><trkpt lat="45.917291494552046" lon="7.195815363898873"><ele>1867.6999816894531</ele></trkpt><trkpt lat="45.91743541974574" lon="7.195814722683281"><ele>1868.7999877929688</ele></trkpt><trkpt lat="45.917559415102005" lon="7.19574972987175"><ele>1869.0</ele></trkpt><trkpt lat="45.917820166796446" lon="7.195697015617043"><ele>1868.6999816894531</ele></trkpt><trkpt lat="45.918081030249596" lon="7.195695852860808"><ele>1869.1999816894531</ele></trkpt><trkpt lat="45.91823818022385" lon="7.195571425836533"><ele>1872.7999877929688</ele></trkpt><trkpt lat="45.91844022832811" lon="7.195410710759461"><ele>1878.8999938964844</ele></trkpt><trkpt lat="45.91855050669983" lon="7.195242670830339"><ele>1881.0999755859375</ele></trkpt><trkpt lat="45.91879023145884" lon="7.195035385899246"><ele>1877.1999816894531</ele></trkpt><trkpt lat="45.918950088787824" lon="7.194916097447276"><ele>1872.0</ele></trkpt><trkpt lat="45.9191090464592" lon="7.1947968122549355"><ele>1868.3999938964844</ele></trkpt><trkpt lat="45.9191090464592" lon="7.1947968122549355"><ele>1868.3999938964844</ele></trkpt><trkpt lat="45.9191090464592" lon="7.1947968122549355"><ele>1868.3999938964844</ele></trkpt><trkpt lat="45.9191090464592" lon="7.1947968122549355"><ele>1868.3999938964844</ele></trkpt><trkpt lat="45.9191090464592" lon="7.1947968122549355"><ele>1868.3999938964844</ele></trkpt><trkpt lat="45.9191090464592" lon="7.1947968122549355"><ele>1868.3999938964844</ele></trkpt><trkpt lat="45.919272504746914" lon="7.1946787955239415"><ele>1866.1999816894531</ele></trkpt><trkpt lat="45.91943146567792" lon="7.194560798350722"><ele>1864.1999816894531</ele></trkpt><trkpt lat="45.919607480522245" lon="7.194425968918949"><ele>1861.6999816894531</ele></trkpt><trkpt lat="45.9197244187817" lon="7.19442544458434"><ele>1858.5</ele></trkpt><trkpt lat="45.91981448652223" lon="7.194477883633226"><ele>1854.7999877929688</ele></trkpt><trkpt lat="45.92007532157004" lon="7.194463825784624"><ele>1851.1999816894531</ele></trkpt><trkpt lat="45.920254378113896" lon="7.1944862231612206"><ele>1848.5999755859375</ele></trkpt><trkpt lat="45.92046222835779" lon="7.194512357935309"><ele>1846.5999755859375</ele></trkpt><trkpt lat="45.92053433088586" lon="7.19457647902891"><ele>1845.7999877929688</ele></trkpt><trkpt lat="45.920571411028504" lon="7.194667823147029"><ele>1845.0999755859375</ele></trkpt><trkpt lat="45.92081650160253" lon="7.194858769420534"><ele>1843.1999816894531</ele></trkpt><trkpt lat="45.92084095720202" lon="7.194935992825776"><ele>1841.2999877929688</ele></trkpt><trkpt lat="45.921018259599805" lon="7.19497902225703"><ele>1839.0</ele></trkpt><trkpt lat="45.921263959724456" lon="7.195037212222815"><ele>1834.7999877929688</ele></trkpt><trkpt lat="45.921454462688416" lon="7.19494613725692"><ele>1829.7999877929688</ele></trkpt><trkpt lat="45.92158045200631" lon="7.194971350952983"><ele>1824.3999938964844</ele></trkpt><trkpt lat="45.92156009981409" lon="7.194713660981506"><ele>1818.6999816894531</ele></trkpt><trkpt lat="45.921635462902486" lon="7.194623100105673"><ele>1815.8999938964844</ele></trkpt><trkpt lat="45.92186045786366" lon="7.194673649035394"><ele>1816.2999877929688</ele></trkpt><trkpt lat="45.92198543669656" lon="7.194647311698645"><ele>1817.6999816894531</ele></trkpt><trkpt lat="45.922054504044354" lon="7.194556778296828"><ele>1818.7999877929688</ele></trkpt><trkpt lat="45.92218041047454" lon="7.194543325342238"><ele>1819.0</ele></trkpt><trkpt lat="45.92244149884209" lon="7.1946452697739005"><ele>1819.0</ele></trkpt><trkpt lat="45.92259739851579" lon="7.194773464463651"><ele>1819.0999755859375</ele></trkpt><trkpt lat="45.922742476221174" lon="7.194888819474727"><ele>1819.7999877929688</ele></trkpt><trkpt lat="45.92291706101969" lon="7.194922839757055"><ele>1820.5999755859375</ele></trkpt><trkpt lat="45.92314743343741" lon="7.194964344613254"><ele>1821.0999755859375</ele></trkpt><trkpt lat="45.923351092264056" lon="7.19513099687174"><ele>1821.6999816894531</ele></trkpt><trkpt lat="45.92352842865512" lon="7.195189496036619"><ele>1822.1999816894531</ele></trkpt><trkpt lat="45.92369316658005" lon="7.195245474111289"><ele>1822.7999877929688</ele></trkpt><trkpt lat="45.92392735276371" lon="7.1953862137161195"><ele>1823.5999755859375</ele></trkpt><trkpt lat="45.924055486917496" lon="7.195569963660091"><ele>1824.2999877929688</ele></trkpt><trkpt lat="45.92418002244085" lon="7.195753729902208"><ele>1825.0999755859375</ele></trkpt><trkpt lat="45.924360499251634" lon="7.196015875320882"><ele>1825.8999938964844</ele></trkpt><trkpt lat="45.92446144251153" lon="7.196105653885752"><ele>1826.3999938964844</ele></trkpt><trkpt lat="45.92457944853231" lon="7.1961824670434"><ele>1826.6999816894531</ele></trkpt><trkpt lat="45.9248214783147" lon="7.19620716990903"><ele>1827.0999755859375</ele></trkpt><trkpt lat="45.92496842565015" lon="7.196356038097292"><ele>1827.5999755859375</ele></trkpt><trkpt lat="45.925099150743335" lon="7.196490800473839"><ele>1827.8999938964844</ele></trkpt><trkpt lat="45.92526848288253" lon="7.196591878309846"><ele>1827.8999938964844</ele></trkpt><trkpt lat="45.92543242033571" lon="7.196694269310683"><ele>1827.8999938964844</ele></trkpt><trkpt lat="45.925606180448085" lon="7.196763103827834"><ele>1828.0</ele></trkpt><trkpt lat="45.92577904090285" lon="7.196831942535937"><ele>1827.6999816894531</ele></trkpt><trkpt lat="45.925955501850694" lon="7.19690205482766"><ele>1827.1999816894531</ele></trkpt><trkpt lat="45.92607344361022" lon="7.196949224919081"><ele>1827.0</ele></trkpt><trkpt lat="45.92622306616977" lon="7.197087774518877"><ele>1826.7999877929688</ele></trkpt><trkpt lat="45.926423157099634" lon="7.197269928175956"><ele>1826.5</ele></trkpt><trkpt lat="45.926586208399385" lon="7.197378772310913"><ele>1825.8999938964844</ele></trkpt><trkpt lat="45.92671142378822" lon="7.197462004609406"><ele>1825.3999938964844</ele></trkpt><trkpt lat="45.92671142378822" lon="7.197462004609406"><ele>1825.3999938964844</ele></trkpt><trkpt lat="45.92671142378822" lon="7.197462004609406"><ele>1825.3999938964844</ele></trkpt><trkpt lat="45.92671142378822" lon="7.197462004609406"><ele>1825.3999938964844</ele></trkpt><trkpt lat="45.92671142378822" lon="7.197462004609406"><ele>1825.3999938964844</ele></trkpt><trkpt lat="45.92671142378822" lon="7.197462004609406"><ele>1825.3999938964844</ele></trkpt><trkpt lat="45.92680342821404" lon="7.197578898631036"><ele>1824.7999877929688</ele></trkpt><trkpt lat="45.92690821783617" lon="7.197784679476172"><ele>1823.8999938964844</ele></trkpt><trkpt lat="45.92702745227143" lon="7.198014888912439"><ele>1823.1999816894531</ele></trkpt><trkpt lat="45.927177087403834" lon="7.198159888852388"><ele>1822.6999816894531</ele></trkpt><trkpt lat="45.92731048678979" lon="7.198284336831421"><ele>1822.2999877929688</ele></trkpt><trkpt lat="45.927490503527224" lon="7.1983351041562855"><ele>1822.0999755859375</ele></trkpt><trkpt lat="45.92766401078552" lon="7.198286644183099"><ele>1821.8999938964844</ele></trkpt><trkpt lat="45.927775491494685" lon="7.198257793672383"><ele>1822.0999755859375</ele></trkpt><trkpt lat="45.92804444860667" lon="7.1982553182169795"><ele>1822.2999877929688</ele></trkpt><trkpt lat="45.928224427159876" lon="7.198288039769977"><ele>1822.2999877929688</ele></trkpt><trkpt lat="45.92838640930131" lon="7.1983182625845075"><ele>1822.0</ele></trkpt><trkpt lat="45.928540422581136" lon="7.198407818097621"><ele>1821.1999816894531</ele></trkpt><trkpt lat="45.92869544029236" lon="7.198546353727579"><ele>1819.3999938964844</ele></trkpt><trkpt lat="45.92886398965493" lon="7.198702877853066"><ele>1816.5</ele></trkpt><trkpt lat="45.92901844391599" lon="7.198998684994876"><ele>1813.1999816894531</ele></trkpt><trkpt lat="45.92922496050596" lon="7.199242702219635"><ele>1810.2999877929688</ele></trkpt><trkpt lat="45.92931628972292" lon="7.199465312063694"><ele>1807.7999877929688</ele></trkpt><trkpt lat="45.92940941732377" lon="7.199687914922833"><ele>1805.6999816894531</ele></trkpt><trkpt lat="45.92947815032676" lon="7.199860351160169"><ele>1804.1999816894531</ele></trkpt><trkpt lat="45.929550250060856" lon="7.199924489483237"><ele>1802.5999755859375</ele></trkpt><trkpt lat="45.92972827423364" lon="7.19988503633067"><ele>1800.2999877929688</ele></trkpt><trkpt lat="45.92990539595485" lon="7.19984429795295"><ele>1797.5999755859375</ele></trkpt><trkpt lat="45.93008342059329" lon="7.199804844334722"><ele>1795.0</ele></trkpt><trkpt lat="45.930252451915294" lon="7.199766719248146"><ele>1792.6999816894531</ele></trkpt><trkpt lat="45.930427081882954" lon="7.199822674039751"><ele>1790.5</ele></trkpt><trkpt lat="45.93060441315174" lon="7.199879906605929"><ele>1788.3999938964844</ele></trkpt><trkpt lat="45.93077814299613" lon="7.199935866519809"><ele>1786.2999877929688</ele></trkpt><trkpt lat="45.930973473005" lon="7.199996888171881"><ele>1784.3999938964844</ele></trkpt><trkpt lat="45.93103747442365" lon="7.20005977479741"><ele>1783.1999816894531</ele></trkpt><trkpt lat="45.93103502271697" lon="7.200175806879997"><ele>1782.0999755859375</ele></trkpt><trkpt lat="45.93085509957746" lon="7.200168859213591"><ele>1780.5999755859375</ele></trkpt><trkpt lat="45.93074714485556" lon="7.200164175126702"><ele>1779.0999755859375</ele></trkpt><trkpt lat="45.93057548766956" lon="7.2002371163107455"><ele>1777.5</ele></trkpt><trkpt lat="45.930442477576435" lon="7.200294419191778"><ele>1775.5999755859375</ele></trkpt><trkpt lat="45.930184421129525" lon="7.200347112026066"><ele>1773.6999816894531</ele></trkpt><trkpt lat="45.93008198402822" lon="7.20039912359789"><ele>1771.7999877929688</ele></trkpt><trkpt lat="45.92989442078397" lon="7.200606198981404"><ele>1769.6999816894531</ele></trkpt><trkpt lat="45.929743490647525" lon="7.200697094667703"><ele>1767.3999938964844</ele></trkpt><trkpt lat="45.92956437403336" lon="7.200646312907338"><ele>1765.0</ele></trkpt><trkpt lat="45.9293474489823" lon="7.200582805555314"><ele>1762.5</ele></trkpt><trkpt lat="45.92926398431882" lon="7.200673406012356"><ele>1759.6999816894531</ele></trkpt><trkpt lat="45.92936446145177" lon="7.200969456229359"><ele>1756.0999755859375</ele></trkpt><trkpt lat="45.929502453655005" lon="7.201140302699059"><ele>1753.2999877929688</ele></trkpt><trkpt lat="45.92959806881845" lon="7.201264927629381"><ele>1751.8999938964844</ele></trkpt><trkpt lat="45.92969715362415" lon="7.2013289500027895"><ele>1749.0</ele></trkpt><trkpt lat="45.929824453778565" lon="7.201548830606043"><ele>1745.0999755859375</ele></trkpt><trkpt lat="45.9299964280799" lon="7.201625428162515"><ele>1742.6999816894531</ele></trkpt><trkpt lat="45.930104477796704" lon="7.201675232965499"><ele>1740.7999877929688</ele></trkpt><trkpt lat="45.930205415934324" lon="7.201765031088144"><ele>1738.8999938964844</ele></trkpt><trkpt lat="45.930294499732554" lon="7.201778823509812"><ele>1738.0</ele></trkpt><trkpt lat="45.930336938239634" lon="7.201854696497321"><ele>1737.3999938964844</ele></trkpt><trkpt lat="45.93039091024548" lon="7.201854461804032"><ele>1736.5</ele></trkpt><trkpt lat="45.9304810538888" lon="7.201944307424128"><ele>1734.5999755859375</ele></trkpt><trkpt lat="45.9304810538888" lon="7.201944307424128"><ele>1734.5999755859375</ele></trkpt><trkpt lat="45.9304810538888" lon="7.201944307424128"><ele>1734.5999755859375</ele></trkpt><trkpt lat="45.9304810538888" lon="7.201944307424128"><ele>1734.5999755859375</ele></trkpt><trkpt lat="45.9304810538888" lon="7.201944307424128"><ele>1734.5999755859375</ele></trkpt><trkpt lat="45.9304810538888" lon="7.201944307424128"><ele>1734.5999755859375</ele></trkpt><trkpt lat="45.93068813625723" lon="7.202033645939082"><ele>1731.7999877929688</ele></trkpt><trkpt lat="45.93086719699204" lon="7.202058650087565"><ele>1728.3999938964844</ele></trkpt><trkpt lat="45.93113803723827" lon="7.202096147462726"><ele>1724.7999877929688</ele></trkpt><trkpt lat="45.93132947338745" lon="7.202017968054861"><ele>1721.8999938964844</ele></trkpt><trkpt lat="45.93150847963989" lon="7.202017190400511"><ele>1719.5</ele></trkpt><trkpt lat="45.93166347965598" lon="7.20214929850772"><ele>1717.2999877929688</ele></trkpt><trkpt lat="45.93181847920641" lon="7.202281407080591"><ele>1715.8999938964844</ele></trkpt><trkpt lat="45.93195726303384" lon="7.202401984483004"><ele>1714.6999816894531</ele></trkpt><trkpt lat="45.932129233609885" lon="7.202477298676968"><ele>1713.0</ele></trkpt><trkpt lat="45.9323012069799" lon="7.202553902287036"><ele>1711.1999816894531</ele></trkpt><trkpt lat="45.932542501948774" lon="7.202657278627157"><ele>1710.0</ele></trkpt><trkpt lat="45.93269750662148" lon="7.202791969291866"><ele>1710.0</ele></trkpt><trkpt lat="45.93284891592339" lon="7.202927965670824"><ele>1710.0</ele></trkpt><trkpt lat="45.93300212128088" lon="7.203062665648758"><ele>1710.0</ele></trkpt><trkpt lat="45.93315532943234" lon="7.20319865597412"><ele>1710.7999877929688</ele></trkpt><trkpt lat="45.93330943444744" lon="7.203333354089409"><ele>1711.7999877929688</ele></trkpt><trkpt lat="45.93346444144845" lon="7.203469337895513"><ele>1711.5999755859375</ele></trkpt><trkpt lat="45.93361494736746" lon="7.203604052308947"><ele>1710.7999877929688</ele></trkpt><trkpt lat="45.93376815225929" lon="7.203738756477833"><ele>1711.0999755859375</ele></trkpt><trkpt lat="45.933966422919184" lon="7.203915810678154"><ele>1712.2999877929688</ele></trkpt><trkpt lat="45.93411050736904" lon="7.203991252463311"><ele>1712.2999877929688</ele></trkpt><trkpt lat="45.93423046916723" lon="7.204145439434797"><ele>1710.5999755859375</ele></trkpt><trkpt lat="45.93438990181312" lon="7.204247889108956"><ele>1707.3999938964844</ele></trkpt><trkpt lat="45.93451443314552" lon="7.2044368661008775"><ele>1703.2999877929688</ele></trkpt><trkpt lat="45.93463536631316" lon="7.204625859390944"><ele>1699.2999877929688</ele></trkpt><trkpt lat="45.93475809833035" lon="7.204814846161753"><ele>1695.6999816894531</ele></trkpt><trkpt lat="45.934859165456146" lon="7.204967828467488"><ele>1692.6999816894531</ele></trkpt><trkpt lat="45.934994453098625" lon="7.2051387135870755"><ele>1689.8999938964844</ele></trkpt><trkpt lat="45.93509546061978" lon="7.205263334792107"><ele>1686.5</ele></trkpt><trkpt lat="45.935261173173785" lon="7.205358027014881"><ele>1683.0</ele></trkpt><trkpt lat="45.935430486220866" lon="7.205453993752599"><ele>1680.1999816894531</ele></trkpt><trkpt lat="45.93567905481905" lon="7.205596034415066"><ele>1678.7999877929688</ele></trkpt><trkpt lat="45.935858961194754" lon="7.205595264676958"><ele>1677.8999938964844</ele></trkpt><trkpt lat="45.9359938907437" lon="7.205594687256962"><ele>1676.8999938964844</ele></trkpt><trkpt lat="45.93608392449096" lon="7.20563297951594"><ele>1676.0999755859375</ele></trkpt><trkpt lat="45.936252327635884" lon="7.205723795574158"><ele>1675.6999816894531</ele></trkpt><trkpt lat="45.93646215740591" lon="7.205837641842663"><ele>1675.5999755859375</ele></trkpt><trkpt lat="45.936507294885814" lon="7.205914804246277"><ele>1675.5999755859375</ele></trkpt><trkpt lat="45.936677483376116" lon="7.205999168101698"><ele>1675.5</ele></trkpt><trkpt lat="45.93684947350994" lon="7.206084814388305"><ele>1675.1999816894531</ele></trkpt><trkpt lat="45.937048476655036" lon="7.2061832384206355"><ele>1675.0999755859375</ele></trkpt><trkpt lat="45.93723745876923" lon="7.206221110187471"><ele>1676.0</ele></trkpt><trkpt lat="45.937416452914476" lon="7.2062139003537595"><ele>1677.8999938964844</ele></trkpt><trkpt lat="45.937569360714406" lon="7.206206801813096"><ele>1680.0999755859375</ele></trkpt><trkpt lat="45.937740448862314" lon="7.206291164737195"><ele>1682.6999816894531</ele></trkpt><trkpt lat="45.93791243433952" lon="7.2063742354512215"><ele>1685.7999877929688</ele></trkpt><trkpt lat="45.93807992711663" lon="7.20645990408957"><ele>1688.5</ele></trkpt><trkpt lat="45.93819248396903" lon="7.206514864228666"><ele>1690.5</ele></trkpt><trkpt lat="45.93819248396903" lon="7.206514864228666"><ele>1690.5</ele></trkpt><trkpt lat="45.93819248396903" lon="7.206514864228666"><ele>1690.5</ele></trkpt><trkpt lat="45.93819248396903" lon="7.206514864228666"><ele>1690.5</ele></trkpt><trkpt lat="45.93819248396903" lon="7.206514864228666"><ele>1690.5</ele></trkpt><trkpt lat="45.93819248396903" lon="7.206514864228666"><ele>1690.5</ele></trkpt><trkpt lat="45.9383724629879" lon="7.206548908725381"><ele>1692.3999938964844</ele></trkpt><trkpt lat="45.93851644778624" lon="7.206576660275459"><ele>1694.5</ele></trkpt><trkpt lat="45.93874043179676" lon="7.206575706601143"><ele>1697.2999877929688</ele></trkpt><trkpt lat="45.93891845177859" lon="7.206532401032746"><ele>1699.8999938964844</ele></trkpt><trkpt lat="45.93909646850079" lon="7.206487806048244"><ele>1701.5999755859375</ele></trkpt><trkpt lat="45.93932393519208" lon="7.206431396305561"><ele>1701.7999877929688</ele></trkpt><trkpt lat="45.939557439181954" lon="7.206249895039946"><ele>1700.5999755859375</ele></trkpt><trkpt lat="45.93967432714999" lon="7.2062248988077044"><ele>1699.0</ele></trkpt><trkpt lat="45.93985426053405" lon="7.206237024161965"><ele>1697.8999938964844</ele></trkpt><trkpt lat="45.93999820947647" lon="7.206248014234006"><ele>1697.0</ele></trkpt><trkpt lat="45.94025923451409" lon="7.206324260681868"><ele>1695.3999938964844</ele></trkpt><trkpt lat="45.94051107624546" lon="7.206310293171555"><ele>1692.8999938964844</ele></trkpt><trkpt lat="45.94065841194242" lon="7.20621940959245"><ele>1690.6999816894531</ele></trkpt><trkpt lat="45.940854483284056" lon="7.206205679103732"><ele>1689.1999816894531</ele></trkpt><trkpt lat="45.941017986275256" lon="7.2061031218618155"><ele>1687.5999755859375</ele></trkpt><trkpt lat="45.94118508230895" lon="7.205997969955206"><ele>1685.8999938964844</ele></trkpt><trkpt lat="45.941428038757294" lon="7.206036902498454"><ele>1684.5999755859375</ele></trkpt><trkpt lat="45.94160606293008" lon="7.205996171571314"><ele>1683.5</ele></trkpt><trkpt lat="45.94172744592652" lon="7.205969865433872"><ele>1681.1999816894531</ele></trkpt><trkpt lat="45.94190425099805" lon="7.205775702837855"><ele>1677.6999816894531</ele></trkpt><trkpt lat="45.942076216917485" lon="7.20584975136444"><ele>1673.5</ele></trkpt><trkpt lat="45.942249082028866" lon="7.205923796631396"><ele>1669.2999877929688</ele></trkpt><trkpt lat="45.9423814304173" lon="7.205979963764548"><ele>1665.6999816894531</ele></trkpt><trkpt lat="45.94250728422776" lon="7.205940743908286"><ele>1661.7999877929688</ele></trkpt><trkpt lat="45.94266028422862" lon="7.205978771671653"><ele>1657.0999755859375</ele></trkpt><trkpt lat="45.942820156458765" lon="7.205860752146691"><ele>1652.0</ele></trkpt><trkpt lat="45.94298002542928" lon="7.205741443205625"><ele>1647.5</ele></trkpt><trkpt lat="45.94313989765942" lon="7.2056234227493405"><ele>1643.6999816894531</ele></trkpt><trkpt lat="45.94328898843378" lon="7.205511895008385"><ele>1640.0999755859375</ele></trkpt><trkpt lat="45.94346891064197" lon="7.205518860835582"><ele>1636.0</ele></trkpt><trkpt lat="45.943634434603155" lon="7.20552330929786"><ele>1631.5999755859375</ele></trkpt><trkpt lat="45.94380612624809" lon="7.205465839244425"><ele>1627.5</ele></trkpt><trkpt lat="45.94398141652346" lon="7.205408353358507"><ele>1624.0</ele></trkpt><trkpt lat="45.94410726753995" lon="7.205367841757834"><ele>1621.0999755859375</ele></trkpt><trkpt lat="45.94428717112169" lon="7.205365781672299"><ele>1618.2999877929688</ele></trkpt><trkpt lat="45.94446707703173" lon="7.205365010537207"><ele>1615.1999816894531</ele></trkpt><trkpt lat="45.94464613171294" lon="7.20538745354861"><ele>1611.8999938964844</ele></trkpt><trkpt lat="45.944825186859816" lon="7.205409896094352"><ele>1608.8999938964844</ele></trkpt><trkpt lat="45.94497094862163" lon="7.205427323933691"><ele>1606.2999877929688</ele></trkpt><trkpt lat="45.94514350267127" lon="7.205351796466857"><ele>1603.8999938964844</ele></trkpt><trkpt lat="45.94532144302502" lon="7.20527108758688"><ele>1601.7999877929688</ele></trkpt><trkpt lat="45.94520942028612" lon="7.205472722649574"><ele>1600.0999755859375</ele></trkpt><trkpt lat="45.94513323903084" lon="7.205607152078301"><ele>1598.3999938964844</ele></trkpt><trkpt lat="45.944909415673465" lon="7.205685476306826"><ele>1596.0999755859375</ele></trkpt><trkpt lat="45.94482144899666" lon="7.205776114016771"><ele>1593.6999816894531</ele></trkpt><trkpt lat="45.944711208343506" lon="7.205970001872629"><ele>1591.7999877929688</ele></trkpt><trkpt lat="45.94471144909039" lon="7.206086051184684"><ele>1591.1999816894531</ele></trkpt><trkpt lat="45.944830431602895" lon="7.206202883273363"><ele>1592.3999938964844</ele></trkpt><trkpt lat="45.94495650054887" lon="7.206266818102449"><ele>1594.5</ele></trkpt><trkpt lat="45.94495650054887" lon="7.206266818102449"><ele>1594.5</ele></trkpt><trkpt lat="45.94495650054887" lon="7.206266818102449"><ele>1594.5</ele></trkpt><trkpt lat="45.94495650054887" lon="7.206266818102449"><ele>1594.5</ele></trkpt><trkpt lat="45.94495650054887" lon="7.206266818102449"><ele>1594.5</ele></trkpt><trkpt lat="45.94495650054887" lon="7.206266818102449"><ele>1594.5</ele></trkpt><trkpt lat="45.945153078529984" lon="7.206496792845428"><ele>1597.0</ele></trkpt><trkpt lat="45.94531612191349" lon="7.206605702172965"><ele>1599.5999755859375</ele></trkpt><trkpt lat="45.94555843062699" lon="7.2067658537998796"><ele>1602.3999938964844</ele></trkpt><trkpt lat="45.945810300763696" lon="7.206764781847596"><ele>1605.3999938964844</ele></trkpt><trkpt lat="45.94598833145574" lon="7.206726629752666"><ele>1608.0</ele></trkpt><trkpt lat="45.94616635935381" lon="7.206687187310308"><ele>1609.8999938964844</ele></trkpt><trkpt lat="45.94634439004585" lon="7.206649034284055"><ele>1611.5</ele></trkpt><trkpt lat="45.94653950352222" lon="7.2066069399006665"><ele>1613.1999816894531</ele></trkpt><trkpt lat="45.94671026011929" lon="7.20653142221272"><ele>1615.1999816894531</ele></trkpt><trkpt lat="45.94695201609284" lon="7.206424653530121"><ele>1617.5</ele></trkpt><trkpt lat="45.94713190943003" lon="7.206417439039797"><ele>1619.0999755859375</ele></trkpt><trkpt lat="45.94730550656095" lon="7.206410251557827"><ele>1620.3999938964844</ele></trkpt><trkpt lat="45.94747922895476" lon="7.206463670358062"><ele>1621.3999938964844</ele></trkpt><trkpt lat="45.94765744637698" lon="7.2065157811157405"><ele>1622.0999755859375</ele></trkpt><trkpt lat="45.9478554725647" lon="7.206576834432781"><ele>1623.1999816894531</ele></trkpt><trkpt lat="45.94807045906782" lon="7.206574629060924"><ele>1625.0999755859375</ele></trkpt><trkpt lat="45.94822990940884" lon="7.2066861391067505"><ele>1627.2999877929688</ele></trkpt><trkpt lat="45.94832900026813" lon="7.206754062790424"><ele>1629.5999755859375</ele></trkpt><trkpt lat="45.9483921546489" lon="7.206844061147422"><ele>1631.1999816894531</ele></trkpt><trkpt lat="45.9483743510209" lon="7.2069344045594335"><ele>1632.2999877929688</ele></trkpt><trkpt lat="45.94824249623343" lon="7.207116789650172"><ele>1634.0</ele></trkpt><trkpt lat="45.94820418721065" lon="7.2072961973026395"><ele>1636.1999816894531</ele></trkpt><trkpt lat="45.94828044110909" lon="7.2076311516575515"><ele>1638.5999755859375</ele></trkpt><trkpt lat="45.94826803402975" lon="7.207721471320838"><ele>1638.7999877929688</ele></trkpt><trkpt lat="45.948313143569976" lon="7.207785756792873"><ele>1637.3999938964844</ele></trkpt><trkpt lat="45.94849047390744" lon="7.207844323478639"><ele>1637.0</ele></trkpt><trkpt lat="45.948619197588414" lon="7.207887622527778"><ele>1636.5</ele></trkpt><trkpt lat="45.94876433862373" lon="7.208040462806821"><ele>1635.0999755859375</ele></trkpt><trkpt lat="45.94890046259388" lon="7.208183025941253"><ele>1633.6999816894531</ele></trkpt><trkpt lat="45.94912746362388" lon="7.208336811047047"><ele>1632.0999755859375</ele></trkpt><trkpt lat="45.94926146743819" lon="7.208323348779231"><ele>1630.6999816894531</ele></trkpt><trkpt lat="45.94942950736731" lon="7.208238816820085"><ele>1629.0999755859375</ele></trkpt><trkpt lat="45.949598452076316" lon="7.208156859502196"><ele>1627.3999938964844</ele></trkpt><trkpt lat="45.94976918818429" lon="7.2080710250884295"><ele>1625.7999877929688</ele></trkpt><trkpt lat="45.94994442164898" lon="7.20798517158255"><ele>1624.3999938964844</ele></trkpt><trkpt lat="45.95015843352303" lon="7.2079468672163785"><ele>1623.0999755859375</ele></trkpt><trkpt lat="45.95033650100231" lon="7.207926769275218"><ele>1621.8999938964844</ele></trkpt><trkpt lat="45.95053525548428" lon="7.207905293442309"><ele>1621.0</ele></trkpt><trkpt lat="45.95071515953168" lon="7.207903241738677"><ele>1620.6999816894531</ele></trkpt><trkpt lat="45.950895064044744" lon="7.207901190035045"><ele>1620.8999938964844</ele></trkpt><trkpt lat="45.95107496576384" lon="7.207897848915309"><ele>1621.2999877929688</ele></trkpt><trkpt lat="45.951258467976004" lon="7.207895781844854"><ele>1621.2999877929688</ele></trkpt><trkpt lat="45.9514374723658" lon="7.2078937334008515"><ele>1621.0999755859375</ele></trkpt><trkpt lat="45.95161647722125" lon="7.20789168542251"><ele>1620.7999877929688</ele></trkpt><trkpt lat="45.95179548161104" lon="7.207889637444168"><ele>1620.5999755859375</ele></trkpt><trkpt lat="45.95204644650221" lon="7.207885995041579"><ele>1620.3999938964844</ele></trkpt><trkpt lat="45.951867463067174" lon="7.207898359745741"><ele>1620.5</ele></trkpt><trkpt lat="45.95168847963214" lon="7.207910724449903"><ele>1620.6999816894531</ele></trkpt><trkpt lat="45.95168847963214" lon="7.207910724449903"><ele>1620.6999816894531</ele></trkpt><trkpt lat="45.95168847963214" lon="7.207910724449903"><ele>1620.6999816894531</ele></trkpt><trkpt lat="45.95168847963214" lon="7.207910724449903"><ele>1620.6999816894531</ele></trkpt><trkpt lat="45.95168847963214" lon="7.207910724449903"><ele>1620.6999816894531</ele></trkpt><trkpt lat="45.95168847963214" lon="7.207910724449903"><ele>1620.6999816894531</ele></trkpt><trkpt lat="45.951509496197104" lon="7.207923089619726"><ele>1621.0</ele></trkpt><trkpt lat="45.95123697211966" lon="7.207941008731723"><ele>1621.5</ele></trkpt><trkpt lat="45.951327164657414" lon="7.2080566911026835"><ele>1622.0</ele></trkpt><trkpt lat="45.95156130939722" lon="7.208184660412371"><ele>1622.2999877929688</ele></trkpt><trkpt lat="45.95173950213939" lon="7.208225174341351"><ele>1622.3999938964844</ele></trkpt><trkpt lat="45.95191949419677" lon="7.2082656803540885"><ele>1622.6999816894531</ele></trkpt><trkpt lat="45.952094088774174" lon="7.208306209649891"><ele>1623.0999755859375</ele></trkpt><trkpt lat="45.952227286063135" lon="7.208337887190282"><ele>1623.5</ele></trkpt><trkpt lat="45.95239747874439" lon="7.208424862008542"><ele>1624.0</ele></trkpt><trkpt lat="45.95256946515292" lon="7.208509251009673"><ele>1624.5999755859375</ele></trkpt><trkpt lat="45.952678428031504" lon="7.208566823974252"><ele>1625.1999816894531</ele></trkpt><trkpt lat="45.95283699268475" lon="7.208686090540141"><ele>1625.8999938964844</ele></trkpt><trkpt lat="45.952996456995606" lon="7.208805354312062"><ele>1626.5</ele></trkpt><trkpt lat="45.9531559208408" lon="7.208924618083984"><ele>1626.6999816894531</ele></trkpt><trkpt lat="45.95331538422033" lon="7.209043883252889"><ele>1626.7999877929688</ele></trkpt><trkpt lat="45.953478443436325" lon="7.209161843638867"><ele>1626.7999877929688</ele></trkpt><trkpt lat="45.9536352083087" lon="7.209281121380627"><ele>1626.5999755859375</ele></trkpt><trkpt lat="45.95379647053778" lon="7.209400380495936"><ele>1625.5999755859375</ele></trkpt><trkpt lat="45.95395413413644" lon="7.209519655443728"><ele>1623.8999938964844</ele></trkpt><trkpt lat="45.954155039042234" lon="7.209669701289386"><ele>1623.0999755859375</ele></trkpt><trkpt lat="45.954306464176625" lon="7.209817376919091"><ele>1623.0999755859375</ele></trkpt><trkpt lat="45.95439841412008" lon="7.209913716185838"><ele>1621.7999877929688</ele></trkpt><trkpt lat="45.95457127224654" lon="7.209985211957246"><ele>1620.1999816894531</ele></trkpt><trkpt lat="45.954741426277906" lon="7.210054140072316"><ele>1619.3999938964844</ele></trkpt><trkpt lat="45.95491694100201" lon="7.210104990750551"><ele>1618.7999877929688</ele></trkpt><trkpt lat="45.95509335491806" lon="7.2101558381691575"><ele>1618.3999938964844</ele></trkpt><trkpt lat="45.95527246501297" lon="7.210205384530127"><ele>1618.0</ele></trkpt><trkpt lat="45.955407476983964" lon="7.210244799032807"><ele>1617.7999877929688</ele></trkpt><trkpt lat="45.955587428528816" lon="7.210265968926251"><ele>1617.6999816894531</ele></trkpt><trkpt lat="45.95576648041606" lon="7.210287143010646"><ele>1617.5</ele></trkpt><trkpt lat="45.95594643242657" lon="7.210308313835412"><ele>1617.2999877929688</ele></trkpt><trkpt lat="45.95614437991753" lon="7.210331988055259"><ele>1617.2999877929688</ele></trkpt><trkpt lat="45.956323347985744" lon="7.210311891976744"><ele>1617.1999816894531</ele></trkpt><trkpt lat="45.95650320779532" lon="7.210287922993302"><ele>1617.1999816894531</ele></trkpt><trkpt lat="45.9566929647699" lon="7.2102652015164495"><ele>1617.1999816894531</ele></trkpt><trkpt lat="45.95687201432884" lon="7.210285086650401"><ele>1617.1999816894531</ele></trkpt><trkpt lat="45.95713744033128" lon="7.210314927157015"><ele>1617.6999816894531</ele></trkpt><trkpt lat="45.95731547754258" lon="7.210279357619584"><ele>1618.6999816894531</ele></trkpt><trkpt lat="45.95748991938308" lon="7.21024509286508"><ele>1620.2999877929688</ele></trkpt><trkpt lat="45.95767245674506" lon="7.210210794117302"><ele>1622.7999877929688</ele></trkpt><trkpt lat="45.957871173042804" lon="7.210169978439808"><ele>1625.0</ele></trkpt><trkpt lat="45.95804642746225" lon="7.210093147587031"><ele>1627.0</ele></trkpt><trkpt lat="45.95831245044246" lon="7.209974662400782"><ele>1628.8999938964844</ele></trkpt><trkpt lat="45.9585544783622" lon="7.209999441634864"><ele>1630.0999755859375</ele></trkpt><trkpt lat="45.958666442427784" lon="7.210205335635692"><ele>1630.5999755859375</ele></trkpt><trkpt lat="45.9587433738634" lon="7.210435883142054"><ele>1631.6999816894531</ele></trkpt><trkpt lat="45.95881845848635" lon="7.210643223021179"><ele>1632.8999938964844</ele></trkpt><trkpt lat="45.95881845848635" lon="7.210643223021179"><ele>1632.8999938964844</ele></trkpt><trkpt lat="45.95881845848635" lon="7.210643223021179"><ele>1632.8999938964844</ele></trkpt><trkpt lat="45.95881845848635" lon="7.210643223021179"><ele>1632.8999938964844</ele></trkpt><trkpt lat="45.95881845848635" lon="7.210643223021179"><ele>1632.8999938964844</ele></trkpt><trkpt lat="45.95881845848635" lon="7.210643223021179"><ele>1632.8999938964844</ele></trkpt><trkpt lat="45.95881718490273" lon="7.210901184473187"><ele>1634.0</ele></trkpt><trkpt lat="45.95882046036422" lon="7.211184922605753"><ele>1635.1999816894531</ele></trkpt><trkpt lat="45.9588809129782" lon="7.211274954956025"><ele>1636.5999755859375</ele></trkpt><trkpt lat="45.95915106218308" lon="7.211415703874081"><ele>1638.3999938964844</ele></trkpt><trkpt lat="45.95932925166562" lon="7.211454943753779"><ele>1640.5</ele></trkpt><trkpt lat="45.959507438819855" lon="7.211492894683033"><ele>1643.0999755859375</ele></trkpt><trkpt lat="45.95968742761761" lon="7.211532128043473"><ele>1645.5</ele></trkpt><trkpt lat="45.95986291579902" lon="7.211570090614259"><ele>1647.5</ele></trkpt><trkpt lat="45.960040205623955" lon="7.211609335616231"><ele>1650.0999755859375</ele></trkpt><trkpt lat="45.960257990751415" lon="7.2116561508737504"><ele>1652.2999877929688</ele></trkpt><trkpt lat="45.96043790318072" lon="7.211657980456948"><ele>1652.8999938964844</ele></trkpt><trkpt lat="45.96062141377479" lon="7.211659795138985"><ele>1653.8999938964844</ele></trkpt><trkpt lat="45.96080042980611" lon="7.2116629187949"><ele>1657.0</ele></trkpt><trkpt lat="45.96107749501243" lon="7.2116656340658665"><ele>1660.2999877929688</ele></trkpt><trkpt lat="45.96125744981691" lon="7.2116881012916565"><ele>1663.2999877929688</ele></trkpt><trkpt lat="45.96147249964997" lon="7.2117168717086315"><ele>1667.1999816894531</ele></trkpt><trkpt lat="45.96170745976269" lon="7.211804892402142"><ele>1671.2999877929688</ele></trkpt><trkpt lat="45.961871408391744" lon="7.211919006891549"><ele>1674.1999816894531</ele></trkpt><trkpt lat="45.9620344620198" lon="7.212035704869777"><ele>1675.5999755859375</ele></trkpt><trkpt lat="45.962213433813304" lon="7.212016902398318"><ele>1677.5999755859375</ele></trkpt><trkpt lat="45.9624094911851" lon="7.2119954489171505"><ele>1681.0999755859375</ele></trkpt><trkpt lat="45.96258941758424" lon="7.212003729306161"><ele>1685.2999877929688</ele></trkpt><trkpt lat="45.96276844665408" lon="7.21201330376789"><ele>1689.3999938964844</ele></trkpt><trkpt lat="45.96289439545944" lon="7.212019229307771"><ele>1693.0999755859375</ele></trkpt><trkpt lat="45.963061903137714" lon="7.212113983929157"><ele>1697.0999755859375</ele></trkpt><trkpt lat="45.963229408022016" lon="7.212207449134439"><ele>1701.3999938964844</ele></trkpt><trkpt lat="45.96337349899113" lon="7.212288113310933"><ele>1705.0999755859375</ele></trkpt><trkpt lat="45.963597079738975" lon="7.21253226371482"><ele>1707.7999877929688</ele></trkpt><trkpt lat="45.963759204838425" lon="7.21263478230685"><ele>1710.0999755859375</ele></trkpt><trkpt lat="45.96400202810764" lon="7.212607976514846"><ele>1712.5</ele></trkpt><trkpt lat="45.96420026477426" lon="7.21277484158054"><ele>1715.0</ele></trkpt><trkpt lat="45.96437932737172" lon="7.212801187299192"><ele>1717.1999816894531</ele></trkpt><trkpt lat="45.964542193338275" lon="7.212825020309538"><ele>1719.5</ele></trkpt><trkpt lat="45.96471326472238" lon="7.21290299622342"><ele>1722.5999755859375</ele></trkpt><trkpt lat="45.964885235298425" lon="7.212980968877673"><ele>1725.8999938964844</ele></trkpt><trkpt lat="45.96499238209799" lon="7.213030832353979"><ele>1729.0</ele></trkpt><trkpt lat="45.965120451990515" lon="7.2131967027671635"><ele>1732.1999816894531</ele></trkpt><trkpt lat="45.96525644091889" lon="7.213274825830013"><ele>1734.5</ele></trkpt><trkpt lat="45.96525746770203" lon="7.213338028639555"><ele>1735.5999755859375</ele></trkpt><trkpt lat="45.96520894486457" lon="7.213364027906209"><ele>1737.3999938964844</ele></trkpt><trkpt lat="45.96492990804836" lon="7.213274888694286"><ele>1741.7999877929688</ele></trkpt><trkpt lat="45.96467822045088" lon="7.213366225361824"><ele>1746.7999877929688</ele></trkpt><trkpt lat="45.96449829824269" lon="7.213359231129289"><ele>1750.5</ele></trkpt><trkpt lat="45.96438135113567" lon="7.213355845306069"><ele>1752.5999755859375</ele></trkpt><trkpt lat="45.96432748064399" lon="7.213406375143677"><ele>1753.6999816894531</ele></trkpt><trkpt lat="45.96433745371178" lon="7.21344503108412"><ele>1755.1999816894531</ele></trkpt><trkpt lat="45.964508444070816" lon="7.213483022060245"><ele>1758.0999755859375</ele></trkpt><trkpt lat="45.96473549073562" lon="7.213662671856582"><ele>1761.2999877929688</ele></trkpt><trkpt lat="45.96473549073562" lon="7.213662671856582"><ele>1761.2999877929688</ele></trkpt><trkpt lat="45.96473549073562" lon="7.213662671856582"><ele>1761.2999877929688</ele></trkpt><trkpt lat="45.96473549073562" lon="7.213662671856582"><ele>1761.2999877929688</ele></trkpt><trkpt lat="45.96473549073562" lon="7.213662671856582"><ele>1761.2999877929688</ele></trkpt><trkpt lat="45.96473549073562" lon="7.213662671856582"><ele>1761.2999877929688</ele></trkpt><trkpt lat="45.964815500192344" lon="7.213637833017856"><ele>1762.8999938964844</ele></trkpt><trkpt lat="45.96489745937288" lon="7.213687801267952"><ele>1763.6999816894531</ele></trkpt><trkpt lat="45.964916427619755" lon="7.213726420886815"><ele>1764.8999938964844</ele></trkpt><trkpt lat="45.96487645665184" lon="7.213979410938919"><ele>1767.3999938964844</ele></trkpt><trkpt lat="45.964853416197" lon="7.214152356144041"><ele>1770.0999755859375</ele></trkpt><trkpt lat="45.96486891526729" lon="7.214255486149341"><ele>1771.6999816894531</ele></trkpt><trkpt lat="45.964905000291765" lon="7.214306934736669"><ele>1773.0</ele></trkpt><trkpt lat="45.965083186514676" lon="7.214344898704439"><ele>1775.6999816894531</ele></trkpt><trkpt lat="45.96526497090235" lon="7.21438284823671"><ele>1779.1999816894531</ele></trkpt><trkpt lat="45.965364049654454" lon="7.214446936734021"><ele>1781.7999877929688</ele></trkpt><trkpt lat="45.96539124287665" lon="7.214550020173192"><ele>1783.8999938964844</ele></trkpt><trkpt lat="45.96534942975268" lon="7.214782380498946"><ele>1786.0</ele></trkpt><trkpt lat="45.96538302209228" lon="7.2149370345287025"><ele>1788.1999816894531</ele></trkpt><trkpt lat="45.96553641045466" lon="7.215169883798808"><ele>1791.5999755859375</ele></trkpt><trkpt lat="45.96563525684178" lon="7.2151178806088865"><ele>1795.1999816894531</ele></trkpt><trkpt lat="45.96566542703658" lon="7.214910076931119"><ele>1798.0</ele></trkpt><trkpt lat="45.96585142519325" lon="7.214806117117405"><ele>1801.2999877929688</ele></trkpt><trkpt lat="45.966026946436614" lon="7.214860863983631"><ele>1804.3999938964844</ele></trkpt><trkpt lat="45.96614845376462" lon="7.214895193465054"><ele>1807.0999755859375</ele></trkpt><trkpt lat="45.96629443950951" lon="7.215024879667908"><ele>1810.1999816894531</ele></trkpt><trkpt lat="45.966473458334804" lon="7.21502930438146"><ele>1813.2999877929688</ele></trkpt><trkpt lat="45.966643483843654" lon="7.215035056229681"><ele>1816.2999877929688</ele></trkpt><trkpt lat="45.96680741896853" lon="7.215144030749798"><ele>1819.0999755859375</ele></trkpt><trkpt lat="45.96691550826654" lon="7.215215825475752"><ele>1821.5999755859375</ele></trkpt><trkpt lat="45.96698500216007" lon="7.215330348350108"><ele>1824.1999816894531</ele></trkpt><trkpt lat="45.967032274696976" lon="7.215579119510949"><ele>1827.3999938964844</ele></trkpt><trkpt lat="45.967079506255686" lon="7.215807252097875"><ele>1831.0</ele></trkpt><trkpt lat="45.967193415388465" lon="7.216091870795935"><ele>1834.2999877929688</ele></trkpt><trkpt lat="45.96723242662847" lon="7.216258118860424"><ele>1837.2999877929688</ele></trkpt><trkpt lat="45.96740107610822" lon="7.2164767272770405"><ele>1840.7999877929688</ele></trkpt><trkpt lat="45.96763531444594" lon="7.216656370088458"><ele>1844.0999755859375</ele></trkpt><trkpt lat="45.96773416176438" lon="7.216604367829859"><ele>1846.0999755859375</ele></trkpt><trkpt lat="45.967798467725515" lon="7.216371907386929"><ele>1848.0</ele></trkpt><trkpt lat="45.967949103564024" lon="7.2161261937581"><ele>1850.7999877929688</ele></trkpt><trkpt lat="45.968095428310335" lon="7.2159746661782265"><ele>1853.6999816894531</ele></trkpt><trkpt lat="45.96823995420709" lon="7.215823145117611"><ele>1856.1999816894531</ele></trkpt><trkpt lat="45.96833511022851" lon="7.215724715963006"><ele>1858.1999816894531</ele></trkpt><trkpt lat="45.9683980778791" lon="7.215724458452314"><ele>1860.1999816894531</ele></trkpt><trkpt lat="45.96854220982641" lon="7.215827069245279"><ele>1862.8999938964844</ele></trkpt><trkpt lat="45.968687338754535" lon="7.215978696942329"><ele>1866.8999938964844</ele></trkpt><trkpt lat="45.968914492521435" lon="7.216213841922581"><ele>1871.8999938964844</ele></trkpt><trkpt lat="45.96907419525087" lon="7.216457003727555"><ele>1876.2999877929688</ele></trkpt><trkpt lat="45.96923545608297" lon="7.21657889848575"><ele>1879.2999877929688</ele></trkpt><trkpt lat="45.96936248289421" lon="7.2166751329787076"><ele>1881.5999755859375</ele></trkpt><trkpt lat="45.96947042783722" lon="7.216674692928791"><ele>1884.3999938964844</ele></trkpt><trkpt lat="45.96974003640935" lon="7.216545880306512"><ele>1888.1999816894531</ele></trkpt><trkpt lat="45.96987548330799" lon="7.216351822484285"><ele>1892.1999816894531</ele></trkpt><trkpt lat="45.970045186113566" lon="7.216195034794509"><ele>1895.8999938964844</ele></trkpt><trkpt lat="45.970197492744774" lon="7.215884801466018"><ele>1899.1999816894531</ele></trkpt><trkpt lat="45.97028747247532" lon="7.215897333808243"><ele>1901.8999938964844</ele></trkpt><trkpt lat="45.97026729397476" lon="7.216154136694968"><ele>1904.7999877929688</ele></trkpt><trkpt lat="45.97025236394256" lon="7.216336095239967"><ele>1907.6999816894531</ele></trkpt><trkpt lat="45.97012701816857" lon="7.216633317992091"><ele>1911.0999755859375</ele></trkpt><trkpt lat="45.9700774140656" lon="7.217021824326366"><ele>1914.8999938964844</ele></trkpt><trkpt lat="45.9700774140656" lon="7.217021824326366"><ele>1914.8999938964844</ele></trkpt><trkpt lat="45.9700774140656" lon="7.217021824326366"><ele>1914.8999938964844</ele></trkpt><trkpt lat="45.9700774140656" lon="7.217021824326366"><ele>1914.8999938964844</ele></trkpt><trkpt lat="45.9700774140656" lon="7.217021824326366"><ele>1914.8999938964844</ele></trkpt><trkpt lat="45.9700774140656" lon="7.217021824326366"><ele>1914.8999938964844</ele></trkpt><trkpt lat="45.96998429438099" lon="7.217240221332759"><ele>1918.0</ele></trkpt><trkpt lat="45.96984699461609" lon="7.2174071948975325"><ele>1921.1999816894531</ele></trkpt><trkpt lat="45.96964328736067" lon="7.2176544200629"><ele>1925.1999816894531</ele></trkpt><trkpt lat="45.9694761573337" lon="7.217747981194407"><ele>1928.8999938964844</ele></trkpt><trkpt lat="45.969323409721255" lon="7.217836323659867"><ele>1931.5999755859375</ele></trkpt><trkpt lat="45.96926044486463" lon="7.21783786918968"><ele>1933.5</ele></trkpt><trkpt lat="45.9692481062375" lon="7.217966922093183"><ele>1935.7999877929688</ele></trkpt><trkpt lat="45.969500076491386" lon="7.218016212340444"><ele>1938.8999938964844</ele></trkpt><trkpt lat="45.96967997401953" lon="7.218010323587805"><ele>1942.0999755859375</ele></trkpt><trkpt lat="45.969863472506404" lon="7.21800570981577"><ele>1945.1999816894531</ele></trkpt><trkpt lat="45.96999749634415" lon="7.218001297209412"><ele>1948.0</ele></trkpt><trkpt lat="45.97017298033461" lon="7.2180379973724484"><ele>1950.6999816894531</ele></trkpt><trkpt lat="45.970351160503924" lon="7.218073397409171"><ele>1954.0999755859375</ele></trkpt><trkpt lat="45.97055544005707" lon="7.218115142080933"><ele>1958.0</ele></trkpt><trkpt lat="45.970733472611755" lon="7.218075719196349"><ele>1961.5999755859375</ele></trkpt><trkpt lat="45.970912410411984" lon="7.218038872815669"><ele>1965.5999755859375</ele></trkpt><trkpt lat="45.97109223715961" lon="7.217996862716973"><ele>1969.6999816894531</ele></trkpt><trkpt lat="45.971239471808076" lon="7.217849197797477"><ele>1972.5999755859375</ele></trkpt><trkpt lat="45.97144237020984" lon="7.2176471231505275"><ele>1974.0</ele></trkpt><trkpt lat="45.971541293896735" lon="7.217633820604533"><ele>1974.5999755859375</ele></trkpt><trkpt lat="45.97180231241509" lon="7.217710166238248"><ele>1975.6999816894531</ele></trkpt><trkpt lat="45.97192145930603" lon="7.217916097026318"><ele>1978.0</ele></trkpt><trkpt lat="45.97209342895076" lon="7.2179953856393695"><ele>1980.6999816894531</ele></trkpt><trkpt lat="45.972264498937875" lon="7.218074678443372"><ele>1982.7999877929688</ele></trkpt><trkpt lat="45.9724364685826" lon="7.218153968453407"><ele>1985.1999816894531</ele></trkpt><trkpt lat="45.972608438227326" lon="7.218233258463442"><ele>1987.8999938964844</ele></trkpt><trkpt lat="45.972829033620656" lon="7.218338154722005"><ele>1990.7999877929688</ele></trkpt><trkpt lat="45.97294546989724" lon="7.218538941349834"><ele>1993.0999755859375</ele></trkpt><trkpt lat="45.97307544481009" lon="7.218762896023691"><ele>1995.2999877929688</ele></trkpt><trkpt lat="45.97314248466864" lon="7.219003877602518"><ele>1997.7999877929688</ele></trkpt><trkpt lat="45.973181451205164" lon="7.219149503856897"><ele>2000.0999755859375</ele></trkpt><trkpt lat="45.973274485673755" lon="7.219343937467784"><ele>2002.6999816894531</ele></trkpt><trkpt lat="45.97344297496602" lon="7.219483882654458"><ele>2006.0</ele></trkpt><trkpt lat="45.97355119790882" lon="7.219625361263752"><ele>2009.0999755859375</ele></trkpt><trkpt lat="45.97367750201374" lon="7.219813212286681"><ele>2012.1999816894531</ele></trkpt><trkpt lat="45.97379840631038" lon="7.219999795779586"><ele>2016.3999938964844</ele></trkpt><trkpt lat="45.97399328369647" lon="7.220294455066323"><ele>2020.6999816894531</ele></trkpt><trkpt lat="45.97414647741243" lon="7.2204331760294735"><ele>2023.7999877929688</ele></trkpt><trkpt lat="45.97434743400663" lon="7.2206168617121875"><ele>2026.0</ele></trkpt><trkpt lat="45.974366422742605" lon="7.220667101442814"><ele>2027.3999938964844</ele></trkpt><trkpt lat="45.97430443018675" lon="7.220706054009497"><ele>2028.5999755859375</ele></trkpt><trkpt lat="45.97421345161274" lon="7.220641911495477"><ele>2030.3999938964844</ele></trkpt><trkpt lat="45.97403345396742" lon="7.220596188213676"><ele>2033.3999938964844</ele></trkpt><trkpt lat="45.973855258431286" lon="7.220551747828722"><ele>2036.8999938964844</ele></trkpt><trkpt lat="45.97368245758116" lon="7.220505996141583"><ele>2040.0999755859375</ele></trkpt><trkpt lat="45.973565460182726" lon="7.220476792193949"><ele>2042.8999938964844</ele></trkpt><trkpt lat="45.97339437017217" lon="7.220385879743844"><ele>2046.0</ele></trkpt><trkpt lat="45.973239476792514" lon="7.220297483261675"><ele>2048.5</ele></trkpt><trkpt lat="45.97321249358356" lon="7.22029888164252"><ele>2050.0999755859375</ele></trkpt><trkpt lat="45.973205496091396" lon="7.220400829333812"><ele>2052.0</ele></trkpt><trkpt lat="45.97336414223537" lon="7.220567909535021"><ele>2054.7999877929688</ele></trkpt><trkpt lat="45.97336414223537" lon="7.220567909535021"><ele>2054.7999877929688</ele></trkpt><trkpt lat="45.97336414223537" lon="7.220567909535021"><ele>2054.7999877929688</ele></trkpt><trkpt lat="45.97336414223537" lon="7.220567909535021"><ele>2054.7999877929688</ele></trkpt><trkpt lat="45.97336414223537" lon="7.220567909535021"><ele>2054.7999877929688</ele></trkpt><trkpt lat="45.97336414223537" lon="7.220567909535021"><ele>2054.7999877929688</ele></trkpt><trkpt lat="45.9734850525856" lon="7.220758364070207"><ele>2057.8999938964844</ele></trkpt><trkpt lat="45.97360596526414" lon="7.220950109418482"><ele>2061.199981689453</ele></trkpt><trkpt lat="45.97370702261105" lon="7.221108391880989"><ele>2065.199981689453</ele></trkpt><trkpt lat="45.97391439275816" lon="7.221352689433843"><ele>2069.7999877929688</ele></trkpt><trkpt lat="45.97402543481439" lon="7.221557378768921"><ele>2073.5999755859375</ele></trkpt><trkpt lat="45.974113018251956" lon="7.221726038027555"><ele>2077.2999877929688</ele></trkpt><trkpt lat="45.974302421323955" lon="7.221983312629163"><ele>2081.199981689453</ele></trkpt><trkpt lat="45.97441049152985" lon="7.2220473904162645"><ele>2084.5999755859375</ele></trkpt><trkpt lat="45.97451148973778" lon="7.2221760037355125"><ele>2087.5</ele></trkpt><trkpt lat="45.974665485322475" lon="7.222265702206641"><ele>2089.0999755859375</ele></trkpt><trkpt lat="45.97477100556716" lon="7.222407199908048"><ele>2090.3999938964844</ele></trkpt><trkpt lat="45.97494118055329" lon="7.222490384243429"><ele>2092.7999877929688</ele></trkpt><trkpt lat="45.97511315718293" lon="7.222574852406979"><ele>2096.199981689453</ele></trkpt><trkpt lat="45.97522150585428" lon="7.222783430013806"><ele>2099.7999877929688</ele></trkpt><trkpt lat="45.97531542368233" lon="7.222972712479532"><ele>2102.5999755859375</ele></trkpt><trkpt lat="45.97548743430525" lon="7.2230752450414"><ele>2104.3999938964844</ele></trkpt><trkpt lat="45.975582159589976" lon="7.223216789308935"><ele>2106.8999938964844</ele></trkpt><trkpt lat="45.97563050547615" lon="7.223564945627004"><ele>2110.2999877929688</ele></trkpt><trkpt lat="45.97558327624574" lon="7.2237973641604185"><ele>2113.0</ele></trkpt><trkpt lat="45.97549645230174" lon="7.224022197071463"><ele>2115.199981689453</ele></trkpt><trkpt lat="45.97544004395604" lon="7.2241591778583825"><ele>2117.2999877929688</ele></trkpt><trkpt lat="45.97544945962727" lon="7.22437847033143"><ele>2118.2999877929688</ele></trkpt><trkpt lat="45.975414094980806" lon="7.2247011521831155"><ele>2119.199981689453</ele></trkpt><trkpt lat="45.97533447248861" lon="7.224929825402796"><ele>2120.0999755859375</ele></trkpt><trkpt lat="45.97524945484474" lon="7.2251598089933395"><ele>2120.7999877929688</ele></trkpt><trkpt lat="45.97516442928463" lon="7.22538592107594"><ele>2121.8999938964844</ele></trkpt><trkpt lat="45.975051468703896" lon="7.225586339365691"><ele>2124.199981689453</ele></trkpt><trkpt lat="45.97487843502313" lon="7.225890204310417"><ele>2126.8999938964844</ele></trkpt><trkpt lat="45.974859037436545" lon="7.226096705533564"><ele>2128.3999938964844</ele></trkpt><trkpt lat="45.97493122378364" lon="7.2262138281948864"><ele>2129.699981689453</ele></trkpt><trkpt lat="45.975111153908074" lon="7.2262247377075255"><ele>2132.0999755859375</ele></trkpt><trkpt lat="45.97528009861708" lon="7.2261350569315255"><ele>2134.7999877929688</ele></trkpt><trkpt lat="45.975454435218126" lon="7.226042774505913"><ele>2137.0</ele></trkpt><trkpt lat="45.97563249524683" lon="7.226016275584698"><ele>2139.0999755859375</ele></trkpt><trkpt lat="45.97581145213917" lon="7.225988482590765"><ele>2141.0</ele></trkpt><trkpt lat="45.97599041135982" lon="7.225961979944259"><ele>2143.199981689453</ele></trkpt><trkpt lat="45.97616846906021" lon="7.225934190675616"><ele>2146.7999877929688</ele></trkpt><trkpt lat="45.97641847282648" lon="7.225897088646889"><ele>2151.0999755859375</ele></trkpt><trkpt lat="45.97655148198828" lon="7.2258320595137775"><ele>2153.8999938964844</ele></trkpt><trkpt lat="45.97663949010894" lon="7.225754303392023"><ele>2156.0999755859375</ele></trkpt><trkpt lat="45.97671120800078" lon="7.225625003222376"><ele>2158.699981689453</ele></trkpt><trkpt lat="45.97679211804643" lon="7.225598882883787"><ele>2160.7999877929688</ele></trkpt><trkpt lat="45.97681023180485" lon="7.225663322024047"><ele>2162.3999938964844</ele></trkpt><trkpt lat="45.97672250401229" lon="7.2258881609886885"><ele>2164.2999877929688</ele></trkpt><trkpt lat="45.97666699346155" lon="7.226025139447302"><ele>2167.0999755859375</ele></trkpt><trkpt lat="45.97661343822256" lon="7.2262446829117835"><ele>2171.5999755859375</ele></trkpt><trkpt lat="45.9766320171766" lon="7.2265542591921985"><ele>2177.5999755859375</ele></trkpt><trkpt lat="45.97659741528332" lon="7.226807273924351"><ele>2183.7999877929688</ele></trkpt><trkpt lat="45.97655208595097" lon="7.227096455171704"><ele>2188.7999877929688</ele></trkpt><trkpt lat="45.976561496499926" lon="7.227315752767026"><ele>2191.699981689453</ele></trkpt><trkpt lat="45.9766454459168" lon="7.227470250800252"><ele>2193.0</ele></trkpt><trkpt lat="45.9766454459168" lon="7.227470250800252"><ele>2193.0</ele></trkpt><trkpt lat="45.9766454459168" lon="7.227470250800252"><ele>2193.0</ele></trkpt><trkpt lat="45.9766454459168" lon="7.227470250800252"><ele>2193.0</ele></trkpt><trkpt lat="45.9766454459168" lon="7.227470250800252"><ele>2193.0</ele></trkpt><trkpt lat="45.9766454459168" lon="7.227470250800252"><ele>2193.0</ele></trkpt><trkpt lat="45.976726504042745" lon="7.227522834204137"><ele>2193.0</ele></trkpt><trkpt lat="45.97675344115123" lon="7.227496925741434"><ele>2192.199981689453</ele></trkpt><trkpt lat="45.97676826827228" lon="7.22725043958053"><ele>2191.5999755859375</ele></trkpt><trkpt lat="45.97685348056257" lon="7.227121088188142"><ele>2191.699981689453</ele></trkpt><trkpt lat="45.97684343904257" lon="7.227043714374304"><ele>2190.2999877929688</ele></trkpt><trkpt lat="45.97696516569704" lon="7.22672068933025"><ele>2187.5</ele></trkpt><trkpt lat="45.976947052404284" lon="7.226656248793006"><ele>2185.0</ele></trkpt><trkpt lat="45.97697744052857" lon="7.2265529138967395"><ele>2182.5999755859375</ele></trkpt><trkpt lat="45.97693049302325" lon="7.226462781894952"><ele>2179.699981689453</ele></trkpt><trkpt lat="45.976991245057434" lon="7.226243209093809"><ele>2176.2999877929688</ele></trkpt><trkpt lat="45.97719944734126" lon="7.22598435357213"><ele>2173.2999877929688</ele></trkpt><trkpt lat="45.97731444053352" lon="7.225906490813941"><ele>2171.5</ele></trkpt><trkpt lat="45.97750742407516" lon="7.225686399266124"><ele>2170.8999938964844</ele></trkpt><trkpt lat="45.977543430402875" lon="7.225699160248041"><ele>2170.8999938964844</ele></trkpt><trkpt lat="45.97767443396151" lon="7.225525757763535"><ele>2170.7999877929688</ele></trkpt><trkpt lat="45.977806341368705" lon="7.22535493131727"><ele>2171.0</ele></trkpt><trkpt lat="45.9778924905695" lon="7.225246214307845"><ele>2171.3999938964844</ele></trkpt><trkpt lat="45.97794643836096" lon="7.225233100820333"><ele>2171.8999938964844</ele></trkpt><trkpt lat="45.97806850541383" lon="7.2250906964764"><ele>2172.5999755859375</ele></trkpt><trkpt lat="45.97820336231962" lon="7.225051460321993"><ele>2173.699981689453</ele></trkpt><trkpt lat="45.978335259482265" lon="7.224875470157713"><ele>2175.0</ele></trkpt><trkpt lat="45.978455492295325" lon="7.224715008400381"><ele>2177.0</ele></trkpt><trkpt lat="45.97861446952447" lon="7.224587939679623"><ele>2180.5999755859375</ele></trkpt><trkpt lat="45.97874200483784" lon="7.224482928402722"><ele>2183.699981689453</ele></trkpt><trkpt lat="45.97886749356985" lon="7.2242488991469145"><ele>2185.699981689453</ele></trkpt><trkpt lat="45.978957348968834" lon="7.2241969355382025"><ele>2188.8999938964844</ele></trkpt><trkpt lat="45.97907841671258" lon="7.2240029205568135"><ele>2194.0999755859375</ele></trkpt><trkpt lat="45.979218451771885" lon="7.223848828114569"><ele>2201.5999755859375</ele></trkpt><trkpt lat="45.979432994965464" lon="7.223614444490522"><ele>2211.199981689453</ele></trkpt><trkpt lat="45.97962132887915" lon="7.223316939547658"><ele>2219.2999877929688</ele></trkpt><trkpt lat="45.97964804293588" lon="7.223174904938787"><ele>2224.0999755859375</ele></trkpt><trkpt lat="45.97970223939046" lon="7.223290815483779"><ele>2228.5999755859375</ele></trkpt><trkpt lat="45.97980446740985" lon="7.223123966250569"><ele>2233.0</ele></trkpt><trkpt lat="45.97983750235289" lon="7.2229948081076145"><ele>2235.699981689453</ele></trkpt><trkpt lat="45.97990843979642" lon="7.222928723320365"><ele>2238.3999938964844</ele></trkpt><trkpt lat="45.979998021386564" lon="7.222734827082604"><ele>2242.3999938964844</ele></trkpt><trkpt lat="45.9801272097975" lon="7.222554965876043"><ele>2247.199981689453</ele></trkpt><trkpt lat="45.98024025093764" lon="7.222398393321782"><ele>2253.2999877929688</ele></trkpt><trkpt lat="45.98048650147393" lon="7.222281289752573"><ele>2260.3999938964844</ele></trkpt><trkpt lat="45.98064547404647" lon="7.222152919508517"><ele>2266.5</ele></trkpt><trkpt lat="45.98068910045549" lon="7.2219192031770945"><ele>2270.0</ele></trkpt><trkpt lat="45.98075201828033" lon="7.221893146634102"><ele>2271.0999755859375</ele></trkpt><trkpt lat="45.98079145047814" lon="7.221816862002015"><ele>2270.5999755859375</ele></trkpt><trkpt lat="45.98084314586595" lon="7.221570208668709"><ele>2269.7999877929688</ele></trkpt><trkpt lat="45.98089844174683" lon="7.22132483124733"><ele>2269.3999938964844</ele></trkpt><trkpt lat="45.98094838997349" lon="7.221105280797929"><ele>2269.7999877929688</ele></trkpt><trkpt lat="45.98102002730593" lon="7.2209372548386455"><ele>2270.5</ele></trkpt><trkpt lat="45.98112846724689" lon="7.220729081891477"><ele>2271.2999877929688</ele></trkpt><trkpt lat="45.98123331135139" lon="7.2205222132615745"><ele>2272.0</ele></trkpt><trkpt lat="45.98134444933385" lon="7.220314027741551"><ele>2272.3999938964844</ele></trkpt><trkpt lat="45.9814474908635" lon="7.220105873886496"><ele>2272.5999755859375</ele></trkpt><trkpt lat="45.98156041186303" lon="7.219889937900007"><ele>2272.5</ele></trkpt><trkpt lat="45.98164841532707" lon="7.219812165014446"><ele>2272.699981689453</ele></trkpt><trkpt lat="45.98180000856519" lon="7.21959220059216"><ele>2272.5999755859375</ele></trkpt><trkpt lat="45.981881462503225" lon="7.2193854209035635"><ele>2272.0999755859375</ele></trkpt><trkpt lat="45.98193445941433" lon="7.219346497673541"><ele>2272.199981689453</ele></trkpt><trkpt lat="45.982019467744976" lon="7.219117767177522"><ele>2271.5999755859375</ele></trkpt><trkpt lat="45.982113405130804" lon="7.218855451326817"><ele>2270.3999938964844</ele></trkpt><trkpt lat="45.982113405130804" lon="7.218855451326817"><ele>2270.3999938964844</ele></trkpt><trkpt lat="45.982113405130804" lon="7.218855451326817"><ele>2270.3999938964844</ele></trkpt><trkpt lat="45.982113405130804" lon="7.218855451326817"><ele>2270.3999938964844</ele></trkpt><trkpt lat="45.982113405130804" lon="7.218855451326817"><ele>2270.3999938964844</ele></trkpt><trkpt lat="45.982113405130804" lon="7.218855451326817"><ele>2270.3999938964844</ele></trkpt><trkpt lat="45.982185292523354" lon="7.218816451262683"><ele>2270.5999755859375</ele></trkpt><trkpt lat="45.98232246842235" lon="7.218584927730262"><ele>2271.5999755859375</ele></trkpt><trkpt lat="45.98237330792472" lon="7.218364074360579"><ele>2271.0</ele></trkpt><trkpt lat="45.98240143246949" lon="7.218028473202139"><ele>2269.5999755859375</ele></trkpt><trkpt lat="45.98244541045278" lon="7.217977971769869"><ele>2268.8999938964844</ele></trkpt><trkpt lat="45.98251149011776" lon="7.217731249053031"><ele>2267.3999938964844</ele></trkpt><trkpt lat="45.98261445527896" lon="7.21748695615679"><ele>2265.0999755859375</ele></trkpt><trkpt lat="45.982650025747716" lon="7.217279066331685"><ele>2262.5999755859375</ele></trkpt><trkpt lat="45.982740432024" lon="7.217052888125181"><ele>2260.699981689453</ele></trkpt><trkpt lat="45.982825438492" lon="7.21682544099167"><ele>2259.5</ele></trkpt><trkpt lat="45.98295428371057" lon="7.216477811802179"><ele>2257.699981689453</ele></trkpt><trkpt lat="45.98301941389218" lon="7.216207862365991"><ele>2255.5999755859375</ele></trkpt><trkpt lat="45.98312244284898" lon="7.215997113846242"><ele>2254.2999877929688</ele></trkpt><trkpt lat="45.98320847237483" lon="7.21583288628608"><ele>2253.5</ele></trkpt><trkpt lat="45.983241472393274" lon="7.215690812096"><ele>2252.7999877929688</ele></trkpt><trkpt lat="45.9833213747479" lon="7.2156117730773985"><ele>2252.199981689453</ele></trkpt><trkpt lat="45.98340547597036" lon="7.2153830346651375"><ele>2250.5999755859375</ele></trkpt><trkpt lat="45.98349047359079" lon="7.2151530012488365"><ele>2248.5999755859375</ele></trkpt><trkpt lat="45.98354502301663" lon="7.21499148150906"><ele>2247.3999938964844</ele></trkpt><trkpt lat="45.98367149429396" lon="7.21480902004987"><ele>2246.8999938964844</ele></trkpt><trkpt lat="45.98381411051378" lon="7.214603264816105"><ele>2246.2999877929688</ele></trkpt><trkpt lat="45.98385250614956" lon="7.214461165945977"><ele>2245.3999938964844</ele></trkpt><trkpt lat="45.98400245513767" lon="7.214323768392205"><ele>2245.0</ele></trkpt><trkpt lat="45.98424040898681" lon="7.214111165609211"><ele>2245.5</ele></trkpt><trkpt lat="45.984489454422146" lon="7.214046909473836"><ele>2245.8999938964844</ele></trkpt><trkpt lat="45.98455935670063" lon="7.213916291948408"><ele>2245.5999755859375</ele></trkpt><trkpt lat="45.98472646344453" lon="7.213812370318919"><ele>2244.7999877929688</ele></trkpt><trkpt lat="45.98491243459284" lon="7.213695466518402"><ele>2243.8999938964844</ele></trkpt><trkpt lat="45.98508048709482" lon="7.21361476695165"><ele>2242.5999755859375</ele></trkpt><trkpt lat="45.98521529324353" lon="7.2135522700846195"><ele>2241.2999877929688</ele></trkpt><trkpt lat="45.98532329220325" lon="7.213578921742737"><ele>2241.5999755859375</ele></trkpt><trkpt lat="45.98535243840888" lon="7.213758167810738"><ele>2243.5999755859375</ele></trkpt><trkpt lat="45.98546341853216" lon="7.2139254626818"><ele>2246.0999755859375</ele></trkpt><trkpt lat="45.98555022291839" lon="7.2141483458690345"><ele>2249.3999938964844</ele></trkpt><trkpt lat="45.98564242385328" lon="7.21437120763585"><ele>2254.3999938964844</ele></trkpt><trkpt lat="45.985775312874466" lon="7.214698426425457"><ele>2260.0999755859375</ele></trkpt><trkpt lat="45.98589444486424" lon="7.214894080068916"><ele>2264.199981689453</ele></trkpt><trkpt lat="45.985986502375454" lon="7.215045971795917"><ele>2266.5999755859375</ele></trkpt><trkpt lat="45.98606843780726" lon="7.215084347873926"><ele>2268.2999877929688</ele></trkpt><trkpt lat="45.98618845036253" lon="7.215270966757089"><ele>2270.2999877929688</ele></trkpt><trkpt lat="45.986317455302924" lon="7.215456259436905"><ele>2272.699981689453</ele></trkpt><trkpt lat="45.98644648073241" lon="7.215651876293123"><ele>2275.0999755859375</ele></trkpt><trkpt lat="45.98651441652328" lon="7.215887747704983"><ele>2278.3999938964844</ele></trkpt><trkpt lat="45.986583256628364" lon="7.216126196552068"><ele>2281.5999755859375</ele></trkpt><trkpt lat="45.986633067484945" lon="7.216295040212572"><ele>2283.3999938964844</ele></trkpt><trkpt lat="45.986758477054536" lon="7.216482931748033"><ele>2284.0999755859375</ele></trkpt><trkpt lat="45.9868820826523" lon="7.216668250970542"><ele>2284.0999755859375</ele></trkpt><trkpt lat="45.98699845792726" lon="7.216836824547499"><ele>2284.5</ele></trkpt><trkpt lat="45.987030220683664" lon="7.216977353673428"><ele>2286.0999755859375</ele></trkpt><trkpt lat="45.98718347446993" lon="7.217144487891346"><ele>2287.699981689453</ele></trkpt><trkpt lat="45.98730618972331" lon="7.217334975488484"><ele>2289.0999755859375</ele></trkpt><trkpt lat="45.98730618972331" lon="7.217334975488484"><ele>2289.0999755859375</ele></trkpt><trkpt lat="45.98730618972331" lon="7.217334975488484"><ele>2289.0999755859375</ele></trkpt><trkpt lat="45.98730618972331" lon="7.217334975488484"><ele>2289.0999755859375</ele></trkpt><trkpt lat="45.98730618972331" lon="7.217334975488484"><ele>2289.0999755859375</ele></trkpt><trkpt lat="45.98730618972331" lon="7.217334975488484"><ele>2289.0999755859375</ele></trkpt><trkpt lat="45.98740904824808" lon="7.217491992749274"><ele>2290.5</ele></trkpt><trkpt lat="45.98744531022385" lon="7.217633795924485"><ele>2292.0999755859375</ele></trkpt><trkpt lat="45.98756443383172" lon="7.21782817132771"><ele>2293.199981689453</ele></trkpt><trkpt lat="45.98768445197493" lon="7.218019962776452"><ele>2294.5999755859375</ele></trkpt><trkpt lat="45.98775250231847" lon="7.218316493555903"><ele>2297.3999938964844</ele></trkpt><trkpt lat="45.98788346815854" lon="7.218586961273104"><ele>2299.0999755859375</ele></trkpt><trkpt lat="45.987969025969505" lon="7.218638234306127"><ele>2299.0</ele></trkpt><trkpt lat="45.988067504018545" lon="7.218855925370008"><ele>2300.3999938964844</ele></trkpt><trkpt lat="45.98817048501223" lon="7.219076180364937"><ele>2303.0999755859375</ele></trkpt><trkpt lat="45.98821641225368" lon="7.219101804774255"><ele>2304.8999938964844</ele></trkpt><trkpt lat="45.98824912495911" lon="7.2192694349214435"><ele>2306.2999877929688</ele></trkpt><trkpt lat="45.988339306320995" lon="7.219385214149952"><ele>2307.699981689453</ele></trkpt><trkpt lat="45.98836646974087" lon="7.219475438352674"><ele>2309.199981689453</ele></trkpt><trkpt lat="45.98849546024576" lon="7.219656876754016"><ele>2311.0</ele></trkpt><trkpt lat="45.98862444516271" lon="7.219835734926164"><ele>2312.8999938964844</ele></trkpt><trkpt lat="45.988753432407975" lon="7.220015884377062"><ele>2315.199981689453</ele></trkpt><trkpt lat="45.98888241965324" lon="7.220196035224944"><ele>2318.3999938964844</ele></trkpt><trkpt lat="45.98908801842481" lon="7.22045330889523"><ele>2322.8999938964844</ele></trkpt><trkpt lat="45.98927245242521" lon="7.220466765575111"><ele>2327.0999755859375</ele></trkpt><trkpt lat="45.98942449782044" lon="7.220477771013975"><ele>2329.5</ele></trkpt><trkpt lat="45.98960545612499" lon="7.220554475672543"><ele>2330.0999755859375</ele></trkpt><trkpt lat="45.9896550308913" lon="7.220605897251517"><ele>2330.0</ele></trkpt><trkpt lat="45.989718300290406" lon="7.220760504715145"><ele>2330.8999938964844</ele></trkpt><trkpt lat="45.989880453795195" lon="7.220881164073944"><ele>2332.5</ele></trkpt><trkpt lat="45.98998946370557" lon="7.220965901855379"><ele>2334.5</ele></trkpt><trkpt lat="45.990156061947346" lon="7.221059443429112"><ele>2337.0999755859375</ele></trkpt><trkpt lat="45.99033346492797" lon="7.2211581049486995"><ele>2339.5999755859375</ele></trkpt><trkpt lat="45.99031312670559" lon="7.22133885929361"><ele>2341.5</ele></trkpt><trkpt lat="45.990395460277796" lon="7.22158373054117"><ele>2342.8999938964844</ele></trkpt><trkpt lat="45.99039748497307" lon="7.221699869725853"><ele>2343.8999938964844</ele></trkpt><trkpt lat="45.99049403518438" lon="7.221854348201305"><ele>2344.0999755859375</ele></trkpt><trkpt lat="45.99053241498768" lon="7.222163921687752"><ele>2344.2999877929688</ele></trkpt><trkpt lat="45.99063343787566" lon="7.222305478062481"><ele>2344.699981689453</ele></trkpt><trkpt lat="45.9908124464564" lon="7.222304766532034"><ele>2345.199981689453</ele></trkpt><trkpt lat="45.991020414512604" lon="7.222394277341664"><ele>2345.8999938964844</ele></trkpt><trkpt lat="45.99106444232166" lon="7.222368291579187"><ele>2347.2999877929688</ele></trkpt><trkpt lat="45.99123549507931" lon="7.222439882811159"><ele>2350.3999938964844</ele></trkpt><trkpt lat="45.99144345102832" lon="7.222522942814976"><ele>2354.199981689453</ele></trkpt><trkpt lat="45.991612462792546" lon="7.2224693591706455"><ele>2357.0999755859375</ele></trkpt><trkpt lat="45.991780480369925" lon="7.222366737667471"><ele>2359.0999755859375</ele></trkpt><trkpt lat="45.99194130115211" lon="7.222264144103974"><ele>2360.699981689453</ele></trkpt><trkpt lat="45.99210842140019" lon="7.222162815742195"><ele>2361.699981689453</ele></trkpt><trkpt lat="45.99224049644545" lon="7.222080984618515"><ele>2361.5999755859375</ele></trkpt><trkpt lat="45.9923922563903" lon="7.221944870427251"><ele>2361.8999938964844</ele></trkpt><trkpt lat="45.99254941102117" lon="7.221807443536818"><ele>2363.0999755859375</ele></trkpt><trkpt lat="45.99266345286742" lon="7.221703743096441"><ele>2364.199981689453</ele></trkpt><trkpt lat="45.99278813647106" lon="7.221521274186671"><ele>2365.3999938964844</ele></trkpt><trkpt lat="45.992950507905334" lon="7.221290902700275"><ele>2367.199981689453</ele></trkpt><trkpt lat="45.99302244372666" lon="7.221276418771595"><ele>2368.699981689453</ele></trkpt><trkpt lat="45.993030414450914" lon="7.2212118580937386"><ele>2369.8999938964844</ele></trkpt><trkpt lat="45.993101278319955" lon="7.221108328085393"><ele>2372.199981689453</ele></trkpt><trkpt lat="45.99314050748944" lon="7.220927488990128"><ele>2375.199981689453</ele></trkpt><trkpt lat="45.993325313553214" lon="7.220669921953231"><ele>2378.0999755859375</ele></trkpt><trkpt lat="45.99339947057888" lon="7.22041021566838"><ele>2380.8999938964844</ele></trkpt><trkpt lat="45.99353125039488" lon="7.220177379436791"><ele>2383.7999877929688</ele></trkpt><trkpt lat="45.99353125039488" lon="7.220177379436791"><ele>2383.7999877929688</ele></trkpt><trkpt lat="45.99353125039488" lon="7.220177379436791"><ele>2383.7999877929688</ele></trkpt><trkpt lat="45.99353125039488" lon="7.220177379436791"><ele>2383.7999877929688</ele></trkpt><trkpt lat="45.99353125039488" lon="7.220177379436791"><ele>2383.7999877929688</ele></trkpt><trkpt lat="45.99353125039488" lon="7.220177379436791"><ele>2383.7999877929688</ele></trkpt><trkpt lat="45.99362346762791" lon="7.219953735824674"><ele>2386.199981689453</ele></trkpt><trkpt lat="45.99371118657291" lon="7.219730108976364"><ele>2388.199981689453</ele></trkpt><trkpt lat="45.99382041627541" lon="7.21946638636291"><ele>2390.699981689453</ele></trkpt><trkpt lat="45.99393427930772" lon="7.219272336922586"><ele>2393.2999877929688</ele></trkpt><trkpt lat="45.9940174841322" lon="7.219040982890874"><ele>2395.199981689453</ele></trkpt><trkpt lat="45.99406845448539" lon="7.218885903712362"><ele>2397.199981689453</ele></trkpt><trkpt lat="45.99418049445376" lon="7.218680243939161"><ele>2399.7999877929688</ele></trkpt><trkpt lat="45.99428803892806" lon="7.218475892208517"><ele>2402.5</ele></trkpt><trkpt lat="45.99439737992361" lon="7.218270241748542"><ele>2405.199981689453</ele></trkpt><trkpt lat="45.99450942128897" lon="7.218065870460123"><ele>2407.8999938964844</ele></trkpt><trkpt lat="45.99465552018955" lon="7.217798118945211"><ele>2410.5</ele></trkpt><trkpt lat="45.99479644559324" lon="7.2176439627073705"><ele>2413.0</ele></trkpt><trkpt lat="45.994992135092616" lon="7.217435376252979"><ele>2415.2999877929688</ele></trkpt><trkpt lat="45.99511139700189" lon="7.217243877239525"><ele>2417.0</ele></trkpt><trkpt lat="45.9952880423516" lon="7.216957927215844"><ele>2418.699981689453</ele></trkpt><trkpt lat="45.995433456264436" lon="7.216799876652658"><ele>2420.7999877929688</ele></trkpt><trkpt lat="45.99554834747687" lon="7.216672925278544"><ele>2423.199981689453</ele></trkpt><trkpt lat="45.99570732843131" lon="7.216552246361971"><ele>2425.7999877929688</ele></trkpt><trkpt lat="45.99586721137166" lon="7.216432854067534"><ele>2428.3999938964844</ele></trkpt><trkpt lat="45.9960261923261" lon="7.216312174219638"><ele>2430.5</ele></trkpt><trkpt lat="45.99622650258243" lon="7.21616680175066"><ele>2432.3999938964844</ele></trkpt><trkpt lat="45.996392456348985" lon="7.215933803468943"><ele>2433.7999877929688</ele></trkpt><trkpt lat="45.9964864612557" lon="7.215708842501044"><ele>2435.2999877929688</ele></trkpt><trkpt lat="45.9965804326348" lon="7.21546710235998"><ele>2437.199981689453</ele></trkpt><trkpt lat="45.996647419873625" lon="7.215226762462407"><ele>2438.7999877929688</ele></trkpt><trkpt lat="45.99671350698918" lon="7.214986426290125"><ele>2440.5999755859375</ele></trkpt><trkpt lat="45.996780490968376" lon="7.214744795113802"><ele>2442.8999938964844</ele></trkpt><trkpt lat="45.99683939386159" lon="7.214510940480977"><ele>2445.2999877929688</ele></trkpt><trkpt lat="45.99691628711298" lon="7.214277010876685"><ele>2447.5</ele></trkpt><trkpt lat="45.996993182227015" lon="7.214044371619821"><ele>2449.199981689453</ele></trkpt><trkpt lat="45.99710048502311" lon="7.213723839726299"><ele>2450.2999877929688</ele></trkpt><trkpt lat="45.997188224922866" lon="7.213516967371106"><ele>2451.699981689453</ele></trkpt><trkpt lat="45.99739550007507" lon="7.213257972151041"><ele>2452.8999938964844</ele></trkpt><trkpt lat="45.99745944235474" lon="7.213295137044042"><ele>2452.5999755859375</ele></trkpt><trkpt lat="45.99748746026307" lon="7.213360846508294"><ele>2451.7999877929688</ele></trkpt><trkpt lat="45.99749517533928" lon="7.213618952780962"><ele>2451.5</ele></trkpt><trkpt lat="45.997505482286215" lon="7.213824130129069"><ele>2451.0999755859375</ele></trkpt><trkpt lat="45.99756722059101" lon="7.214107827749103"><ele>2450.5</ele></trkpt><trkpt lat="45.99765942618251" lon="7.214333319105208"><ele>2449.5999755859375</ele></trkpt><trkpt lat="45.997793270275" lon="7.214689000044018"><ele>2448.8999938964844</ele></trkpt><trkpt lat="45.997741484083235" lon="7.2148828180506825"><ele>2448.7999877929688</ele></trkpt><trkpt lat="45.99776713224128" lon="7.2151137473993"><ele>2448.699981689453</ele></trkpt><trkpt lat="45.99788438156247" lon="7.215268149971962"><ele>2449.0</ele></trkpt><trkpt lat="45.99795703915879" lon="7.215616341680288"><ele>2449.199981689453</ele></trkpt><trkpt lat="45.998038177378476" lon="7.2157063581980765"><ele>2448.2999877929688</ele></trkpt><trkpt lat="45.99805742735043" lon="7.215886977966875"><ele>2447.5999755859375</ele></trkpt><trkpt lat="45.998149439226836" lon="7.216016962658614"><ele>2446.3999938964844</ele></trkpt><trkpt lat="45.9981202641502" lon="7.2162739327177405"><ele>2444.2999877929688</ele></trkpt><trkpt lat="45.9981202641502" lon="7.2162739327177405"><ele>2444.2999877929688</ele></trkpt><trkpt lat="45.9981202641502" lon="7.2162739327177405"><ele>2444.2999877929688</ele></trkpt><trkpt lat="45.9981202641502" lon="7.2162739327177405"><ele>2444.2999877929688</ele></trkpt><trkpt lat="45.9981202641502" lon="7.2162739327177405"><ele>2444.2999877929688</ele></trkpt><trkpt lat="45.9981202641502" lon="7.2162739327177405"><ele>2444.2999877929688</ele></trkpt><trkpt lat="45.99813848501071" lon="7.216390021611005"><ele>2442.199981689453</ele></trkpt><trkpt lat="45.99822144722566" lon="7.216492938809097"><ele>2440.0</ele></trkpt><trkpt lat="45.99824709445238" lon="7.216725161764771"><ele>2438.699981689453</ele></trkpt><trkpt lat="45.998337406199425" lon="7.216905493289232"><ele>2437.5</ele></trkpt><trkpt lat="45.998373387381434" lon="7.2169053461402655"><ele>2436.0999755859375</ele></trkpt><trkpt lat="45.99846550030634" lon="7.217086961492896"><ele>2433.3999938964844</ele></trkpt><trkpt lat="45.99861142644659" lon="7.217188333161175"><ele>2428.5999755859375</ele></trkpt><trkpt lat="45.99868919653818" lon="7.2173958220519125"><ele>2423.7999877929688</ele></trkpt><trkpt lat="45.998806490097195" lon="7.217574754729867"><ele>2420.3999938964844</ele></trkpt><trkpt lat="45.9988794545643" lon="7.217626087367535"><ele>2418.2999877929688</ele></trkpt><trkpt lat="45.998927435372025" lon="7.217780779581517"><ele>2418.5</ele></trkpt><trkpt lat="45.998915175907314" lon="7.217949914280325"><ele>2420.5999755859375</ele></trkpt><trkpt lat="45.99904236709699" lon="7.218130100984126"><ele>2422.5</ele></trkpt><trkpt lat="45.999133475124836" lon="7.218258805107325"><ele>2424.199981689453</ele></trkpt><trkpt lat="45.999177135527134" lon="7.218503867276013"><ele>2426.5</ele></trkpt><trkpt lat="45.99931150721386" lon="7.21867628255859"><ele>2428.2999877929688</ele></trkpt><trkpt lat="45.99940350372344" lon="7.21879982156679"><ele>2430.199981689453</ele></trkpt><trkpt lat="45.9992342106998" lon="7.2187088639475405"><ele>2432.699981689453</ele></trkpt><trkpt lat="45.99908743426204" lon="7.218632014002651"><ele>2435.0999755859375</ele></trkpt><trkpt lat="45.99898818368092" lon="7.218478819355369"><ele>2438.3999938964844</ele></trkpt><trkpt lat="45.99898246815428" lon="7.218774419277906"><ele>2443.0999755859375</ele></trkpt><trkpt lat="45.99905206263065" lon="7.218941933475435"><ele>2446.5</ele></trkpt><trkpt lat="45.99917832762003" lon="7.219109219033271"><ele>2448.7999877929688</ele></trkpt><trkpt lat="45.99918942619115" lon="7.219264062587172"><ele>2451.5</ele></trkpt><trkpt lat="45.99931407114491" lon="7.219522998202592"><ele>2454.199981689453</ele></trkpt><trkpt lat="45.99932344304398" lon="7.21971527999267"><ele>2456.8999938964844</ele></trkpt><trkpt lat="45.99929748289287" lon="7.21977992169559"><ele>2458.8999938964844</ele></trkpt><trkpt lat="45.99934441037476" lon="7.219857177231461"><ele>2460.0</ele></trkpt><trkpt lat="45.99931850330904" lon="7.219948924146593"><ele>2463.199981689453</ele></trkpt><trkpt lat="45.99938844656572" lon="7.220295852050185"><ele>2468.5</ele></trkpt><trkpt lat="45.99948242958635" lon="7.220516191795468"><ele>2473.199981689453</ele></trkpt><trkpt lat="45.99955924041569" lon="7.22069529723376"><ele>2476.699981689453</ele></trkpt><trkpt lat="45.999589478131384" lon="7.220979139674455"><ele>2479.699981689453</ele></trkpt><trkpt lat="45.999736381694674" lon="7.221121824812144"><ele>2481.0999755859375</ele></trkpt><trkpt lat="45.99989048112184" lon="7.221264481544495"><ele>2481.0</ele></trkpt><trkpt lat="46.00003648456186" lon="7.221407171804458"><ele>2481.5999755859375</ele></trkpt><trkpt lat="46.00021041370928" lon="7.221570403315127"><ele>2482.8999938964844</ele></trkpt><trkpt lat="46.000244446564466" lon="7.221492822282016"><ele>2483.3999938964844</ele></trkpt><trkpt lat="46.00030743936077" lon="7.221505478490144"><ele>2483.199981689453</ele></trkpt><trkpt lat="46.00039042206481" lon="7.221621315460652"><ele>2483.3999938964844</ele></trkpt><trkpt lat="46.00056941853836" lon="7.221614148002118"><ele>2485.0</ele></trkpt><trkpt lat="46.00073042418808" lon="7.221607052255422"><ele>2487.5999755859375</ele></trkpt><trkpt lat="46.00085940863937" lon="7.221787245944142"><ele>2489.3999938964844</ele></trkpt><trkpt lat="46.00097742350772" lon="7.221877129748464"><ele>2490.5999755859375</ele></trkpt><trkpt lat="46.001088451594114" lon="7.2220754669979215"><ele>2491.5999755859375</ele></trkpt><trkpt lat="46.00122744496912" lon="7.222314998973161"><ele>2492.699981689453</ele></trkpt><trkpt lat="46.00139939971268" lon="7.222387889865786"><ele>2493.699981689453</ele></trkpt><trkpt lat="46.00157135678455" lon="7.222462072502822"><ele>2495.5</ele></trkpt><trkpt lat="46.00176941789687" lon="7.222545186989009"><ele>2497.3999938964844</ele></trkpt><trkpt lat="46.00193744990975" lon="7.222450291737914"><ele>2498.199981689453</ele></trkpt><trkpt lat="46.00210548238829" lon="7.222355395089835"><ele>2498.0</ele></trkpt><trkpt lat="46.002273516729474" lon="7.222261789254844"><ele>2497.2999877929688</ele></trkpt><trkpt lat="46.00243615126237" lon="7.222166913095862"><ele>2497.0999755859375</ele></trkpt><trkpt lat="46.002603283617646" lon="7.222072018776089"><ele>2497.699981689453</ele></trkpt><trkpt lat="46.002771315630525" lon="7.221977120265365"><ele>2499.199981689453</ele></trkpt><trkpt lat="46.002920482773334" lon="7.221895204856992"><ele>2500.8999938964844</ele></trkpt><trkpt lat="46.002920482773334" lon="7.221895204856992"><ele>2500.8999938964844</ele></trkpt><trkpt lat="46.002920482773334" lon="7.221895204856992"><ele>2500.8999938964844</ele></trkpt><trkpt lat="46.002920482773334" lon="7.221895204856992"><ele>2500.8999938964844</ele></trkpt><trkpt lat="46.002920482773334" lon="7.221895204856992"><ele>2500.8999938964844</ele></trkpt><trkpt lat="46.002920482773334" lon="7.221895204856992"><ele>2500.8999938964844</ele></trkpt><trkpt lat="46.00309850415215" lon="7.221849316731095"><ele>2502.0999755859375</ele></trkpt><trkpt lat="46.00337542593479" lon="7.221777217462659"><ele>2503.7999877929688</ele></trkpt><trkpt lat="46.00351008493453" lon="7.221635980065912"><ele>2506.0</ele></trkpt><trkpt lat="46.003674493636936" lon="7.221528185065836"><ele>2508.5999755859375</ele></trkpt><trkpt lat="46.00384250562638" lon="7.221422956790775"><ele>2512.5</ele></trkpt><trkpt lat="46.004013201221824" lon="7.221309972461313"><ele>2517.0</ele></trkpt><trkpt lat="46.004183057229966" lon="7.221227970439941"><ele>2520.199981689453</ele></trkpt><trkpt lat="46.00435650348663" lon="7.221142081078142"><ele>2522.2999877929688</ele></trkpt><trkpt lat="46.00446344912052" lon="7.22109001968056"><ele>2524.7999877929688</ele></trkpt><trkpt lat="46.00458722282201" lon="7.220902350731194"><ele>2528.5</ele></trkpt><trkpt lat="46.004759445786476" lon="7.220649943687022"><ele>2533.3999938964844</ele></trkpt><trkpt lat="46.00492945732549" lon="7.220647972077131"><ele>2537.2999877929688</ele></trkpt><trkpt lat="46.00497425859794" lon="7.220557431690395"><ele>2539.199981689453</ele></trkpt><trkpt lat="46.004994495771825" lon="7.220324994530529"><ele>2540.5</ele></trkpt><trkpt lat="46.00518037378788" lon="7.22015643492341"><ele>2542.199981689453</ele></trkpt><trkpt lat="46.005272422451526" lon="7.219846255611628"><ele>2545.0999755859375</ele></trkpt><trkpt lat="46.0053504309617" lon="7.219716854393482"><ele>2549.0999755859375</ele></trkpt><trkpt lat="46.0054074972868" lon="7.219458449631929"><ele>2552.199981689453</ele></trkpt><trkpt lat="46.005610265769064" lon="7.219187838025391"><ele>2554.5999755859375</ele></trkpt><trkpt lat="46.00566843058914" lon="7.219031406566501"><ele>2557.3999938964844</ele></trkpt><trkpt lat="46.005627495702356" lon="7.218799213413149"><ele>2560.0</ele></trkpt><trkpt lat="46.00565427960828" lon="7.21869583427906"><ele>2561.199981689453</ele></trkpt><trkpt lat="46.005690263584256" lon="7.218696979805827"><ele>2560.7999877929688</ele></trkpt><trkpt lat="46.00580043764785" lon="7.218915984965861"><ele>2558.7999877929688</ele></trkpt><trkpt lat="46.00577466515824" lon="7.218617893755436"><ele>2556.5999755859375</ele></trkpt><trkpt lat="46.005789110437036" lon="7.218644943553954"><ele>2555.0999755859375</ele></trkpt><trkpt lat="46.005871419329196" lon="7.2188743888400495"><ele>2552.699981689453</ele></trkpt><trkpt lat="46.005997168365866" lon="7.219237911980599"><ele>2548.699981689453</ele></trkpt><trkpt lat="46.00600745342672" lon="7.218978400807828"><ele>2545.199981689453</ele></trkpt><trkpt lat="46.00601429725066" lon="7.218798938207328"><ele>2542.0</ele></trkpt><trkpt lat="46.00606341660023" lon="7.218618014361709"><ele>2539.2999877929688</ele></trkpt><trkpt lat="46.00594341987744" lon="7.218436483293772"><ele>2536.699981689453</ele></trkpt><trkpt lat="46.00612342869863" lon="7.218487390317023"><ele>2534.0999755859375</ele></trkpt><trkpt lat="46.00616945978254" lon="7.218565948307514"><ele>2532.5999755859375</ele></trkpt><trkpt lat="46.00633145309985" lon="7.218604019843042"><ele>2531.699981689453</ele></trkpt><trkpt lat="46.00659946259111" lon="7.218575826846063"><ele>2530.5</ele></trkpt><trkpt lat="46.006776542402804" lon="7.2185092736035585"><ele>2529.0</ele></trkpt><trkpt lat="46.00694642635062" lon="7.218442749232054"><ele>2527.8999938964844</ele></trkpt><trkpt lat="46.007123506162316" lon="7.218376195523888"><ele>2527.7999877929688</ele></trkpt><trkpt lat="46.00729339243844" lon="7.21831096149981"><ele>2528.0999755859375</ele></trkpt><trkpt lat="46.00755136786029" lon="7.218211805913597"><ele>2528.0</ele></trkpt><trkpt lat="46.00771846389398" lon="7.218100108206272"><ele>2528.0</ele></trkpt><trkpt lat="46.00782447261736" lon="7.218029967974871"><ele>2527.7999877929688</ele></trkpt><trkpt lat="46.00792750250548" lon="7.217817835975438"><ele>2527.199981689453</ele></trkpt><trkpt lat="46.00803143391386" lon="7.217606990598142"><ele>2526.8999938964844</ele></trkpt><trkpt lat="46.00810848129913" lon="7.217447891831398"><ele>2527.199981689453</ele></trkpt><trkpt lat="46.00831853784621" lon="7.217226285487413"><ele>2528.0</ele></trkpt><trkpt lat="46.008333472535014" lon="7.217045492026955"><ele>2527.5</ele></trkpt><trkpt lat="46.00851122383028" lon="7.216864034533501"><ele>2526.199981689453</ele></trkpt><trkpt lat="46.00857551023364" lon="7.21662107296288"><ele>2526.8999938964844</ele></trkpt><trkpt lat="46.00857551023364" lon="7.21662107296288"><ele>2526.8999938964844</ele></trkpt><trkpt lat="46.00857551023364" lon="7.21662107296288"><ele>2526.8999938964844</ele></trkpt><trkpt lat="46.00857551023364" lon="7.21662107296288"><ele>2526.8999938964844</ele></trkpt><trkpt lat="46.00857551023364" lon="7.21662107296288"><ele>2526.8999938964844</ele></trkpt><trkpt lat="46.00857551023364" lon="7.21662107296288"><ele>2526.8999938964844</ele></trkpt><trkpt lat="46.008609381038696" lon="7.216463438700885"><ele>2528.5</ele></trkpt><trkpt lat="46.008762100711465" lon="7.2163608288392425"><ele>2528.8999938964844</ele></trkpt><trkpt lat="46.00882845930755" lon="7.216255990322679"><ele>2529.199981689453</ele></trkpt><trkpt lat="46.00893211411312" lon="7.2159070069901645"><ele>2531.3999938964844</ele></trkpt><trkpt lat="46.00888649513945" lon="7.215584453660995"><ele>2533.2999877929688</ele></trkpt><trkpt lat="46.009024432860315" lon="7.215286965947598"><ele>2533.0999755859375</ele></trkpt><trkpt lat="46.009129421785474" lon="7.215157438069582"><ele>2532.5</ele></trkpt><trkpt lat="46.00921829836443" lon="7.215067996177822"><ele>2532.3999938964844</ele></trkpt><trkpt lat="46.00948345428333" lon="7.214962337166071"><ele>2532.7999877929688</ele></trkpt><trkpt lat="46.00966246565804" lon="7.214962892234325"><ele>2533.2999877929688</ele></trkpt><trkpt lat="46.009913437534124" lon="7.214961860328913"><ele>2533.8999938964844</ele></trkpt><trkpt lat="46.01008442789316" lon="7.214999887160957"><ele>2534.3999938964844</ele></trkpt><trkpt lat="46.01026244927198" lon="7.21495526144281"><ele>2534.0</ele></trkpt><trkpt lat="46.0104404729791" lon="7.214911926072091"><ele>2533.0</ele></trkpt><trkpt lat="46.01055825082585" lon="7.214880457613617"><ele>2532.0</ele></trkpt><trkpt lat="46.01062551001087" lon="7.214776900596917"><ele>2530.7999877929688</ele></trkpt><trkpt lat="46.010683494620025" lon="7.214533952996135"><ele>2529.0999755859375</ele></trkpt><trkpt lat="46.01071913493797" lon="7.214363393373787"><ele>2527.5</ele></trkpt><trkpt lat="46.010872441809624" lon="7.214105850085616"><ele>2526.2999877929688</ele></trkpt><trkpt lat="46.01096014585346" lon="7.213880852330476"><ele>2525.0999755859375</ele></trkpt><trkpt lat="46.01102548604831" lon="7.213717914652079"><ele>2524.2999877929688</ele></trkpt><trkpt lat="46.01119847223163" lon="7.213406064547598"><ele>2523.5</ele></trkpt><trkpt lat="46.011256454046816" lon="7.213163112755865"><ele>2522.3999938964844</ele></trkpt><trkpt lat="46.01129211857915" lon="7.21300546079874"><ele>2521.5</ele></trkpt><trkpt lat="46.01139345439151" lon="7.212850117590278"><ele>2520.8999938964844</ele></trkpt><trkpt lat="46.01153527433053" lon="7.2126971879042685"><ele>2520.199981689453</ele></trkpt><trkpt lat="46.011682491749525" lon="7.212544234935194"><ele>2518.5999755859375</ele></trkpt><trkpt lat="46.01185842836276" lon="7.212358885910362"><ele>2516.199981689453</ele></trkpt><trkpt lat="46.01202644407749" lon="7.212260067928582"><ele>2513.7999877929688</ele></trkpt><trkpt lat="46.01223848992959" lon="7.212137827649713"><ele>2511.5999755859375</ele></trkpt><trkpt lat="46.012408362235874" lon="7.212067403364927"><ele>2509.699981689453</ele></trkpt><trkpt lat="46.012585430406034" lon="7.211996948812157"><ele>2508.0</ele></trkpt><trkpt lat="46.01281912252307" lon="7.2119030193425715"><ele>2506.0</ele></trkpt><trkpt lat="46.01298350049183" lon="7.211784847546369"><ele>2503.7999877929688</ele></trkpt><trkpt lat="46.013205346651375" lon="7.211616083513945"><ele>2501.5999755859375</ele></trkpt><trkpt lat="46.01339650340378" lon="7.211395803838968"><ele>2498.8999938964844</ele></trkpt><trkpt lat="46.01349050924182" lon="7.21117592882365"><ele>2495.5</ele></trkpt><trkpt lat="46.013610444031656" lon="7.21087847976014"><ele>2492.5999755859375</ele></trkpt><trkpt lat="46.013654445298016" lon="7.210840854328126"><ele>2490.5999755859375</ele></trkpt><trkpt lat="46.01373313181102" lon="7.210608130786568"><ele>2488.199981689453</ele></trkpt><trkpt lat="46.013841344509274" lon="7.210297817364335"><ele>2484.2999877929688</ele></trkpt><trkpt lat="46.013869415502995" lon="7.2099478165619075"><ele>2479.199981689453</ele></trkpt><trkpt lat="46.01385629642755" lon="7.209690946154296"><ele>2475.3999938964844</ele></trkpt><trkpt lat="46.01385147916153" lon="7.2095347456634045"><ele>2473.3999938964844</ele></trkpt><trkpt lat="46.01390944980085" lon="7.209290487226099"><ele>2472.199981689453</ele></trkpt><trkpt lat="46.013991464395076" lon="7.208927347324789"><ele>2471.8999938964844</ele></trkpt><trkpt lat="46.014031424652785" lon="7.208674125839025"><ele>2471.7999877929688</ele></trkpt><trkpt lat="46.014031424652785" lon="7.208674125839025"><ele>2471.7999877929688</ele></trkpt><trkpt lat="46.014031424652785" lon="7.208674125839025"><ele>2471.7999877929688</ele></trkpt><trkpt lat="46.014031424652785" lon="7.208674125839025"><ele>2471.7999877929688</ele></trkpt><trkpt lat="46.014031424652785" lon="7.208674125839025"><ele>2471.7999877929688</ele></trkpt><trkpt lat="46.014031424652785" lon="7.208674125839025"><ele>2471.7999877929688</ele></trkpt><trkpt lat="46.01406242093071" lon="7.208436435554177"><ele>2471.8999938964844</ele></trkpt><trkpt lat="46.014056493062526" lon="7.208178244065493"><ele>2472.8999938964844</ele></trkpt><trkpt lat="46.014051464386284" lon="7.20792004885152"><ele>2474.699981689453</ele></trkpt><trkpt lat="46.01404444966465" lon="7.2075714860111475"><ele>2476.7999877929688</ele></trkpt><trkpt lat="46.01396113540977" lon="7.207302004098892"><ele>2478.0999755859375</ele></trkpt><trkpt lat="46.013866225257516" lon="7.207080341875553"><ele>2478.0</ele></trkpt><trkpt lat="46.013789393007755" lon="7.206901209428906"><ele>2477.5999755859375</ele></trkpt><trkpt lat="46.013884304091334" lon="7.207122870720923"><ele>2478.0</ele></trkpt><trkpt lat="46.01396113540977" lon="7.207302004098892"><ele>2478.0999755859375</ele></trkpt><trkpt lat="46.01404444966465" lon="7.2075714860111475"><ele>2476.7999877929688</ele></trkpt><trkpt lat="46.014049482066184" lon="7.207830972503871"><ele>2475.199981689453</ele></trkpt><trkpt lat="46.01405450841412" lon="7.2080878764390945"><ele>2473.2999877929688</ele></trkpt><trkpt lat="46.014053186867386" lon="7.20832027727738"><ele>2471.8999938964844</ele></trkpt><trkpt lat="46.01408249698579" lon="7.208575787488371"><ele>2470.0999755859375</ele></trkpt><trkpt lat="46.014117372687906" lon="7.208913903683424"><ele>2466.5</ele></trkpt><trkpt lat="46.01407311158255" lon="7.209263973869383"><ele>2462.3999938964844</ele></trkpt><trkpt lat="46.01409149542451" lon="7.2094562677666545"><ele>2459.0999755859375</ele></trkpt><trkpt lat="46.01419449131936" lon="7.209675318095833"><ele>2456.5999755859375</ele></trkpt><trkpt lat="46.01419115625322" lon="7.209804440848529"><ele>2454.7999877929688</ele></trkpt><trkpt lat="46.014290316496044" lon="7.20990731054917"><ele>2452.2999877929688</ele></trkpt><trkpt lat="46.01444747066125" lon="7.210217802785337"><ele>2449.2999877929688</ele></trkpt><trkpt lat="46.01448929356411" lon="7.210435821674764"><ele>2447.0</ele></trkpt><trkpt lat="46.01460043899715" lon="7.210681954398751"><ele>2445.5</ele></trkpt><trkpt lat="46.01465042028576" lon="7.210930926725268"><ele>2444.5999755859375</ele></trkpt><trkpt lat="46.01468046149239" lon="7.211106390692294"><ele>2444.0999755859375</ele></trkpt><trkpt lat="46.01477535860613" lon="7.211325480602682"><ele>2443.3999938964844</ele></trkpt><trkpt lat="46.01487115211785" lon="7.211543276440352"><ele>2441.8999938964844</ele></trkpt><trkpt lat="46.014952479396015" lon="7.211724982596934"><ele>2439.8999938964844</ele></trkpt><trkpt lat="46.01497813640162" lon="7.211957274004817"><ele>2437.8999938964844</ele></trkpt><trkpt lat="46.0150614422746" lon="7.2122280593030155"><ele>2436.0</ele></trkpt><trkpt lat="46.015198435634375" lon="7.212357891257852"><ele>2434.2999877929688</ele></trkpt><trkpt lat="46.015231415163726" lon="7.212653418071568"><ele>2432.699981689453</ele></trkpt><trkpt lat="46.01531741768122" lon="7.212924194522202"><ele>2430.7999877929688</ele></trkpt><trkpt lat="46.01529521448538" lon="7.213066308293492"><ele>2427.0</ele></trkpt><trkpt lat="46.01553040929139" lon="7.213271911256015"><ele>2420.0</ele></trkpt><trkpt lat="46.01568742375821" lon="7.213517863769084"><ele>2413.199981689453</ele></trkpt><trkpt lat="46.01584520563483" lon="7.2136979680508375"><ele>2408.5</ele></trkpt><trkpt lat="46.01591040985659" lon="7.213915897998959"><ele>2404.2999877929688</ele></trkpt><trkpt lat="46.0160554703325" lon="7.2140327910892665"><ele>2399.3999938964844</ele></trkpt><trkpt lat="46.01613845769316" lon="7.214147358667105"><ele>2395.199981689453</ele></trkpt><trkpt lat="46.01618842873722" lon="7.214395049959421"><ele>2393.0999755859375</ele></trkpt><trkpt lat="46.01624746154994" lon="7.214676273986697"><ele>2391.8999938964844</ele></trkpt><trkpt lat="46.01624350529164" lon="7.2149474285542965"><ele>2390.7999877929688</ele></trkpt><trkpt lat="46.016293476801366" lon="7.2151964120566845"><ele>2389.0999755859375</ele></trkpt><trkpt lat="46.01633715350181" lon="7.215446712914854"><ele>2386.3999938964844</ele></trkpt><trkpt lat="46.01639807224274" lon="7.215773120522499"><ele>2383.199981689453</ele></trkpt><trkpt lat="46.016417424194515" lon="7.216005445923656"><ele>2380.8999938964844</ele></trkpt><trkpt lat="46.016464482061565" lon="7.216147278435528"><ele>2378.3999938964844</ele></trkpt><trkpt lat="46.016464482061565" lon="7.216147278435528"><ele>2378.3999938964844</ele></trkpt><trkpt lat="46.016464482061565" lon="7.216147278435528"><ele>2378.3999938964844</ele></trkpt><trkpt lat="46.016464482061565" lon="7.216147278435528"><ele>2378.3999938964844</ele></trkpt><trkpt lat="46.016464482061565" lon="7.216147278435528"><ele>2378.3999938964844</ele></trkpt><trkpt lat="46.016464482061565" lon="7.216147278435528"><ele>2378.3999938964844</ele></trkpt><trkpt lat="46.016637451946735" lon="7.216276976279914"><ele>2374.5</ele></trkpt><trkpt lat="46.016725475899875" lon="7.216210767161101"><ele>2370.2999877929688</ele></trkpt><trkpt lat="46.016817461233586" lon="7.216327885165811"><ele>2366.8999938964844</ele></trkpt><trkpt lat="46.01685344008729" lon="7.216326446272433"><ele>2364.699981689453</ele></trkpt><trkpt lat="46.016868501435965" lon="7.216210181359202"><ele>2363.3999938964844</ele></trkpt><trkpt lat="46.01689546182752" lon="7.216197159141302"><ele>2361.7999877929688</ele></trkpt><trkpt lat="46.01697649946436" lon="7.216236853040755"><ele>2359.5</ele></trkpt><trkpt lat="46.017014456447214" lon="7.216325787361711"><ele>2357.199981689453</ele></trkpt><trkpt lat="46.01706642471254" lon="7.216222282033414"><ele>2355.0</ele></trkpt><trkpt lat="46.01713049644604" lon="7.216325312387198"><ele>2352.5</ele></trkpt><trkpt lat="46.017192487604916" lon="7.216286323964596"><ele>2350.5999755859375</ele></trkpt><trkpt lat="46.01719241309911" lon="7.216248880606145"><ele>2349.5</ele></trkpt><trkpt lat="46.01724645961076" lon="7.216286102775484"><ele>2347.5999755859375</ele></trkpt><trkpt lat="46.017335462383926" lon="7.21625991538167"><ele>2344.5</ele></trkpt><trkpt lat="46.01736350171268" lon="7.216337270103395"><ele>2341.7999877929688</ele></trkpt><trkpt lat="46.01734422566369" lon="7.216596871614456"><ele>2338.8999938964844</ele></trkpt><trkpt lat="46.01738950610161" lon="7.21675033448264"><ele>2334.199981689453</ele></trkpt><trkpt lat="46.01754741044715" lon="7.216995011083782"><ele>2328.199981689453</ele></trkpt><trkpt lat="46.017693428788334" lon="7.2171428999863565"><ele>2323.0999755859375</ele></trkpt><trkpt lat="46.01784936990589" lon="7.217304951976985"><ele>2318.5999755859375</ele></trkpt><trkpt lat="46.01798845687881" lon="7.2175871529616416"><ele>2314.0999755859375</ele></trkpt><trkpt lat="46.01799346273765" lon="7.217845367267728"><ele>2310.0</ele></trkpt><trkpt lat="46.01799217425287" lon="7.218104898463935"><ele>2306.2999877929688</ele></trkpt><trkpt lat="46.01799525087699" lon="7.218297271057963"><ele>2303.7999877929688</ele></trkpt><trkpt lat="46.0180494771339" lon="7.218426168896258"><ele>2302.2999877929688</ele></trkpt><trkpt lat="46.01820446411148" lon="7.218561114743352"><ele>2299.0</ele></trkpt><trkpt lat="46.01840450614691" lon="7.218735905829817"><ele>2293.7999877929688</ele></trkpt><trkpt lat="46.01860944600776" lon="7.218656314071268"><ele>2288.8999938964844</ele></trkpt><trkpt lat="46.01887244079262" lon="7.218823105096817"><ele>2284.199981689453</ele></trkpt><trkpt lat="46.018980412743986" lon="7.218836871441454"><ele>2280.699981689453</ele></trkpt><trkpt lat="46.0191154954955" lon="7.218913797289133"><ele>2277.3999938964844</ele></trkpt><trkpt lat="46.019114426802844" lon="7.219286958687007"><ele>2273.7999877929688</ele></trkpt><trkpt lat="46.019079473335296" lon="7.2193529503419995"><ele>2271.0</ele></trkpt><trkpt lat="46.01913122367114" lon="7.219596778973937"><ele>2267.7999877929688</ele></trkpt><trkpt lat="46.01912247994915" lon="7.219725933857262"><ele>2265.0</ele></trkpt><trkpt lat="46.019158461131155" lon="7.219725789036602"><ele>2262.5999755859375</ele></trkpt><trkpt lat="46.01923342514783" lon="7.219880430959165"><ele>2257.7999877929688</ele></trkpt><trkpt lat="46.01942443149164" lon="7.220035898499191"><ele>2251.5</ele></trkpt><trkpt lat="46.019393221475184" lon="7.220176764763892"><ele>2246.8999938964844</ele></trkpt><trkpt lat="46.019457465969026" lon="7.220370188355446"><ele>2244.3999938964844</ele></trkpt><trkpt lat="46.01949302526191" lon="7.22061537578702"><ele>2243.5</ele></trkpt><trkpt lat="46.019466465804726" lon="7.220834988169372"><ele>2243.5999755859375</ele></trkpt><trkpt lat="46.01934449700639" lon="7.221025284379721"><ele>2243.8999938964844</ele></trkpt><trkpt lat="46.01923328731209" lon="7.221197459381074"><ele>2244.0</ele></trkpt><trkpt lat="46.019262423273176" lon="7.221378111746162"><ele>2243.7999877929688</ele></trkpt><trkpt lat="46.01922846632078" lon="7.221494456287473"><ele>2244.3999938964844</ele></trkpt><trkpt lat="46.01937801577151" lon="7.22161006834358"><ele>2246.3999938964844</ele></trkpt><trkpt lat="46.01943218847737" lon="7.221713148988783"><ele>2248.7999877929688</ele></trkpt><trkpt lat="46.019405252765864" lon="7.221739081200212"><ele>2250.7999877929688</ele></trkpt><trkpt lat="46.01940125506371" lon="7.2219973392784595"><ele>2252.3999938964844</ele></trkpt><trkpt lat="46.0193972340785" lon="7.222243976313621"><ele>2252.3999938964844</ele></trkpt><trkpt lat="46.019438196439296" lon="7.222494307905436"><ele>2251.0999755859375</ele></trkpt><trkpt lat="46.0194700662978" lon="7.22269431874156"><ele>2250.0</ele></trkpt><trkpt lat="46.01940744649619" lon="7.222875336650759"><ele>2248.699981689453</ele></trkpt><trkpt lat="46.01939444756135" lon="7.223132338840514"><ele>2247.0</ele></trkpt><trkpt lat="46.01938145281747" lon="7.223391923122108"><ele>2245.8999938964844</ele></trkpt><trkpt lat="46.0193755030632" lon="7.223572716116905"><ele>2245.8999938964844</ele></trkpt><trkpt lat="46.01953524257988" lon="7.223843238782138"><ele>2246.7999877929688</ele></trkpt><trkpt lat="46.01961944438517" lon="7.224126973655075"><ele>2247.0999755859375</ele></trkpt><trkpt lat="46.01977530261502" lon="7.2242503156885505"><ele>2247.8999938964844</ele></trkpt><trkpt lat="46.01991403941065" lon="7.2243582317605615"><ele>2248.3999938964844</ele></trkpt><trkpt lat="46.01991403941065" lon="7.2243582317605615"><ele>2248.3999938964844</ele></trkpt><trkpt lat="46.01991403941065" lon="7.2243582317605615"><ele>2248.3999938964844</ele></trkpt><trkpt lat="46.01991403941065" lon="7.2243582317605615"><ele>2248.3999938964844</ele></trkpt><trkpt lat="46.01991403941065" lon="7.2243582317605615"><ele>2248.3999938964844</ele></trkpt><trkpt lat="46.01991403941065" lon="7.2243582317605615"><ele>2248.3999938964844</ele></trkpt><trkpt lat="46.020067010540515" lon="7.224383452907205"><ele>2246.199981689453</ele></trkpt><trkpt lat="46.02025047224015" lon="7.224359487183392"><ele>2241.8999938964844</ele></trkpt><trkpt lat="46.020429437980056" lon="7.224336830433458"><ele>2236.3999938964844</ele></trkpt><trkpt lat="46.02060750173405" lon="7.224312885664403"><ele>2230.2999877929688</ele></trkpt><trkpt lat="46.020786467473954" lon="7.224290227983147"><ele>2224.8999938964844</ele></trkpt><trkpt lat="46.02096543088555" lon="7.224266279488802"><ele>2220.3999938964844</ele></trkpt><trkpt lat="46.02114350022748" lon="7.224244916811585"><ele>2215.8999938964844</ele></trkpt><trkpt lat="46.02129008760676" lon="7.224224969744682"><ele>2211.3999938964844</ele></trkpt><trkpt lat="46.021353175863624" lon="7.224287991877645"><ele>2207.0999755859375</ele></trkpt><trkpt lat="46.021530483383685" lon="7.224338942207396"><ele>2200.699981689453</ele></trkpt><trkpt lat="46.02179419575259" lon="7.22441537771374"><ele>2193.0</ele></trkpt><trkpt lat="46.02188434638083" lon="7.22451832331717"><ele>2188.2999877929688</ele></trkpt><trkpt lat="46.02190350787714" lon="7.224660287145525"><ele>2185.7999877929688</ele></trkpt><trkpt lat="46.02207841305062" lon="7.224866202101111"><ele>2183.7999877929688</ele></trkpt><trkpt lat="46.02207403816283" lon="7.224930782802403"><ele>2182.199981689453</ele></trkpt><trkpt lat="46.02220839681104" lon="7.225101993884891"><ele>2179.199981689453</ele></trkpt><trkpt lat="46.02232742635533" lon="7.225253897253424"><ele>2176.2999877929688</ele></trkpt><trkpt lat="46.022515329532325" lon="7.225200216751546"><ele>2175.0</ele></trkpt><trkpt lat="46.02264148648828" lon="7.225315937306732"><ele>2173.2999877929688</ele></trkpt><trkpt lat="46.022821470629424" lon="7.2253552605398"><ele>2170.2999877929688</ele></trkpt><trkpt lat="46.02300145709887" lon="7.225395875517279"><ele>2166.7999877929688</ele></trkpt><trkpt lat="46.023262441623956" lon="7.2254568338394165"><ele>2163.2999877929688</ele></trkpt><trkpt lat="46.023434423375875" lon="7.225545259192586"><ele>2160.3999938964844</ele></trkpt><trkpt lat="46.023588507436216" lon="7.225682824850082"><ele>2157.8999938964844</ele></trkpt><trkpt lat="46.02373809320852" lon="7.22582040913403"><ele>2155.199981689453</ele></trkpt><trkpt lat="46.023974179755896" lon="7.226033843122423"><ele>2151.7999877929688</ele></trkpt><trkpt lat="46.02421730058268" lon="7.226162024307996"><ele>2148.0999755859375</ele></trkpt><trkpt lat="46.024289263412356" lon="7.2261617430485785"><ele>2145.5999755859375</ele></trkpt><trkpt lat="46.02435232885182" lon="7.2262131492607296"><ele>2143.199981689453</ele></trkpt><trkpt lat="46.024453493300825" lon="7.226432279217988"><ele>2139.8999938964844</ele></trkpt><trkpt lat="46.02452548034489" lon="7.226444911211729"><ele>2137.199981689453</ele></trkpt><trkpt lat="46.02459041820839" lon="7.226535050664097"><ele>2134.5</ele></trkpt><trkpt lat="46.02482099365443" lon="7.2266891109757125"><ele>2130.5</ele></trkpt><trkpt lat="46.024999178014696" lon="7.226728447712958"><ele>2126.199981689453</ele></trkpt><trkpt lat="46.02522145956755" lon="7.226777943316847"><ele>2122.699981689453</ele></trkpt><trkpt lat="46.02531044045463" lon="7.2267388557083905"><ele>2120.0999755859375</ele></trkpt><trkpt lat="46.0253251013346" lon="7.2268808465451"><ele>2117.699981689453</ele></trkpt><trkpt lat="46.025460398290306" lon="7.227074021939188"><ele>2114.7999877929688</ele></trkpt><trkpt lat="46.025581448338926" lon="7.2273447355255485"><ele>2112.2999877929688</ele></trkpt><trkpt lat="46.025704133789986" lon="7.227528922725469"><ele>2110.5999755859375</ele></trkpt><trkpt lat="46.025830417405814" lon="7.227713096886873"><ele>2109.3999938964844</ele></trkpt><trkpt lat="46.02593144308776" lon="7.227859920356423"><ele>2108.8999938964844</ele></trkpt><trkpt lat="46.02603143779561" lon="7.227937014307827"><ele>2108.3999938964844</ele></trkpt><trkpt lat="46.02620603656396" lon="7.227982826996595"><ele>2107.5</ele></trkpt><trkpt lat="46.02633742801845" lon="7.228013311047107"><ele>2106.8999938964844</ele></trkpt><trkpt lat="46.02635549148545" lon="7.2280519818887115"><ele>2106.699981689453</ele></trkpt><trkpt lat="46.026534446980804" lon="7.228022878523916"><ele>2105.699981689453</ele></trkpt><trkpt lat="46.02675746520981" lon="7.227985855657607"><ele>2104.3999938964844</ele></trkpt><trkpt lat="46.02692945022136" lon="7.228076877538115"><ele>2103.5</ele></trkpt><trkpt lat="46.02707546716556" lon="7.228231278713793"><ele>2103.199981689453</ele></trkpt><trkpt lat="46.02721608662978" lon="7.228385701775551"><ele>2102.8999938964844</ele></trkpt><trkpt lat="46.02733416669071" lon="7.228513093199581"><ele>2102.5</ele></trkpt><trkpt lat="46.02733416669071" lon="7.228513093199581"><ele>2102.5</ele></trkpt><trkpt lat="46.02733416669071" lon="7.228513093199581"><ele>2102.5</ele></trkpt><trkpt lat="46.02733416669071" lon="7.228513093199581"><ele>2102.5</ele></trkpt><trkpt lat="46.02733416669071" lon="7.228513093199581"><ele>2102.5</ele></trkpt><trkpt lat="46.02733416669071" lon="7.228513093199581"><ele>2102.5</ele></trkpt><trkpt lat="46.02742543909699" lon="7.228736152872443"><ele>2102.199981689453</ele></trkpt><trkpt lat="46.027569136116654" lon="7.229093316476792"><ele>2101.699981689453</ele></trkpt><trkpt lat="46.0275874407962" lon="7.229261128231883"><ele>2101.699981689453</ele></trkpt><trkpt lat="46.02777942921966" lon="7.229467013850808"><ele>2101.5999755859375</ele></trkpt><trkpt lat="46.027886477299035" lon="7.22946789348498"><ele>2101.199981689453</ele></trkpt><trkpt lat="46.02799549046904" lon="7.229557872749865"><ele>2100.5999755859375</ele></trkpt><trkpt lat="46.02818541228771" lon="7.22962042177096"><ele>2100.0999755859375</ele></trkpt><trkpt lat="46.02830898901448" lon="7.229802036657929"><ele>2099.699981689453</ele></trkpt><trkpt lat="46.02839828422293" lon="7.229930835776031"><ele>2099.0999755859375</ele></trkpt><trkpt lat="46.02854550816119" lon="7.230251835193485"><ele>2098.5999755859375</ele></trkpt><trkpt lat="46.028669082093984" lon="7.230432161595672"><ele>2098.5</ele></trkpt><trkpt lat="46.028804157394916" lon="7.23050913028419"><ele>2098.0999755859375</ele></trkpt><trkpt lat="46.028894087299705" lon="7.230495871510357"><ele>2097.5</ele></trkpt><trkpt lat="46.028993132989854" lon="7.230547149665654"><ele>2097.2999877929688</ele></trkpt><trkpt lat="46.02911312971264" lon="7.230739114806056"><ele>2096.7999877929688</ele></trkpt><trkpt lat="46.02921146946028" lon="7.230895002838224"><ele>2095.8999938964844</ele></trkpt><trkpt lat="46.029366442002356" lon="7.231030012015253"><ele>2095.5999755859375</ele></trkpt><trkpt lat="46.02948898356408" lon="7.231139317154884"><ele>2096.2999877929688</ele></trkpt><trkpt lat="46.02975444449112" lon="7.231189962476492"><ele>2096.8999938964844</ele></trkpt><trkpt lat="46.02985810721293" lon="7.231305797584355"><ele>2096.5999755859375</ele></trkpt><trkpt lat="46.02992107719183" lon="7.231306849047542"><ele>2095.5999755859375</ele></trkpt><trkpt lat="46.03006349876523" lon="7.231465155258775"><ele>2095.0999755859375</ele></trkpt><trkpt lat="46.03021944500506" lon="7.231640200596303"><ele>2096.5</ele></trkpt><trkpt lat="46.03032699180767" lon="7.2319109993986785"><ele>2099.199981689453</ele></trkpt><trkpt lat="46.0304171605967" lon="7.232026888988912"><ele>2100.7999877929688</ele></trkpt><trkpt lat="46.03056944301352" lon="7.232167080976069"><ele>2101.2999877929688</ele></trkpt><trkpt lat="46.03071902692318" lon="7.2323072836734354"><ele>2101.5</ele></trkpt><trkpt lat="46.03087041154504" lon="7.232448772061616"><ele>2101.8999938964844</ele></trkpt><trkpt lat="46.03101548040286" lon="7.232579953037202"><ele>2102.0999755859375</ele></trkpt><trkpt lat="46.031170434784144" lon="7.232705931644887"><ele>2101.5</ele></trkpt><trkpt lat="46.031326287891716" lon="7.232831906992942"><ele>2101.199981689453</ele></trkpt><trkpt lat="46.03146231872961" lon="7.232939877547324"><ele>2102.0999755859375</ele></trkpt><trkpt lat="46.031669358257204" lon="7.233017875812948"><ele>2103.0999755859375</ele></trkpt><trkpt lat="46.03183416696265" lon="7.233121864032"><ele>2104.199981689453</ele></trkpt><trkpt lat="46.031998076010495" lon="7.233225856907666"><ele>2104.8999938964844</ele></trkpt><trkpt lat="46.03217549435794" lon="7.233338838908821"><ele>2104.5</ele></trkpt><trkpt lat="46.03229245590046" lon="7.2333500208333135"><ele>2103.699981689453</ele></trkpt><trkpt lat="46.03244920121506" lon="7.233472123276442"><ele>2104.0</ele></trkpt><trkpt lat="46.03261044481769" lon="7.233594209421426"><ele>2105.5999755859375</ele></trkpt><trkpt lat="46.03275931859389" lon="7.233839037828147"><ele>2107.699981689453</ele></trkpt><trkpt lat="46.03286046907306" lon="7.234058216679841"><ele>2110.199981689453</ele></trkpt><trkpt lat="46.03291938500479" lon="7.234302094206214"><ele>2112.199981689453</ele></trkpt><trkpt lat="46.03296741656959" lon="7.234496934805065"><ele>2112.7999877929688</ele></trkpt><trkpt lat="46.032979489304125" lon="7.234704825561494"><ele>2113.0</ele></trkpt><trkpt lat="46.032932163681835" lon="7.234897441230714"><ele>2113.0999755859375</ele></trkpt><trkpt lat="46.03295945515856" lon="7.235065237618983"><ele>2112.699981689453</ele></trkpt><trkpt lat="46.032950999215245" lon="7.235362321138382"><ele>2112.5999755859375</ele></trkpt><trkpt lat="46.03291518101469" lon="7.23545286199078"><ele>2112.5</ele></trkpt><trkpt lat="46.032933289185166" lon="7.235517370514572"><ele>2112.0</ele></trkpt><trkpt lat="46.03290042700246" lon="7.235749968327582"><ele>2111.5</ele></trkpt><trkpt lat="46.032817049883306" lon="7.235905262641609"><ele>2110.8999938964844</ele></trkpt><trkpt lat="46.03279943251982" lon="7.236111972481012"><ele>2109.699981689453</ele></trkpt><trkpt lat="46.03276446694508" lon="7.2361766789108515"><ele>2108.2999877929688</ele></trkpt><trkpt lat="46.03276446694508" lon="7.2361766789108515"><ele>2108.2999877929688</ele></trkpt><trkpt lat="46.03276446694508" lon="7.2361766789108515"><ele>2108.2999877929688</ele></trkpt><trkpt lat="46.03276446694508" lon="7.2361766789108515"><ele>2108.2999877929688</ele></trkpt><trkpt lat="46.03276446694508" lon="7.2361766789108515"><ele>2108.2999877929688</ele></trkpt><trkpt lat="46.03276446694508" lon="7.2361766789108515"><ele>2108.2999877929688</ele></trkpt><trkpt lat="46.032719042152166" lon="7.236427403520793"><ele>2105.3999938964844</ele></trkpt><trkpt lat="46.032675420399755" lon="7.236680703703314"><ele>2102.5</ele></trkpt><trkpt lat="46.03258747421205" lon="7.23679726710543"><ele>2100.5</ele></trkpt><trkpt lat="46.03249533241615" lon="7.237081742845476"><ele>2097.7999877929688</ele></trkpt><trkpt lat="46.03238946432248" lon="7.237237117253244"><ele>2095.199981689453</ele></trkpt><trkpt lat="46.03235641308129" lon="7.237366390880197"><ele>2093.3999938964844</ele></trkpt><trkpt lat="46.03231998812407" lon="7.23762095393613"><ele>2091.3999938964844</ele></trkpt><trkpt lat="46.0322934249416" lon="7.237857399042696"><ele>2088.699981689453</ele></trkpt><trkpt lat="46.03235743334517" lon="7.237935944460332"><ele>2086.8999938964844</ele></trkpt><trkpt lat="46.032353095244616" lon="7.238025075290352"><ele>2086.699981689453</ele></trkpt><trkpt lat="46.03230814123526" lon="7.238038156181574"><ele>2086.199981689453</ele></trkpt><trkpt lat="46.032290265429765" lon="7.238102797418833"><ele>2084.5</ele></trkpt><trkpt lat="46.03236239030957" lon="7.238192936871201"><ele>2081.199981689453</ele></trkpt><trkpt lat="46.03216850338504" lon="7.238426123280078"><ele>2076.2999877929688</ele></trkpt><trkpt lat="46.03194936225191" lon="7.238621947355568"><ele>2071.7999877929688</ele></trkpt><trkpt lat="46.0318414834328" lon="7.238659797701985"><ele>2068.5</ele></trkpt><trkpt lat="46.03166644042358" lon="7.238867080770433"><ele>2065.0999755859375</ele></trkpt><trkpt lat="46.03160817921162" lon="7.238984820898622"><ele>2062.5</ele></trkpt><trkpt lat="46.03166231047362" lon="7.239073735196143"><ele>2061.5999755859375</ele></trkpt><trkpt lat="46.03170149633661" lon="7.239357721526176"><ele>2061.0</ele></trkpt><trkpt lat="46.03160028392449" lon="7.23960347706452"><ele>2060.7999877929688</ele></trkpt><trkpt lat="46.03156434837729" lon="7.23962943861261"><ele>2060.7999877929688</ele></trkpt><trkpt lat="46.03157345857471" lon="7.2396939801983535"><ele>2061.0</ele></trkpt><trkpt lat="46.03149743517861" lon="7.23994093388319"><ele>2061.3999938964844</ele></trkpt><trkpt lat="46.0313754407689" lon="7.240135103929788"><ele>2062.0</ele></trkpt><trkpt lat="46.03125346638262" lon="7.2403408964164555"><ele>2062.7999877929688</ele></trkpt><trkpt lat="46.03127816552296" lon="7.240573274437338"><ele>2063.2999877929688</ele></trkpt><trkpt lat="46.031377161387354" lon="7.240598743315786"><ele>2063.7999877929688</ele></trkpt><trkpt lat="46.03140426194295" lon="7.240663219243288"><ele>2064.3999938964844</ele></trkpt><trkpt lat="46.031386408023536" lon="7.240740774199367"><ele>2065.199981689453</ele></trkpt><trkpt lat="46.031515430659056" lon="7.240959858521819"><ele>2066.0999755859375</ele></trkpt><trkpt lat="46.03154349885881" lon="7.2410630765371025"><ele>2067.199981689453</ele></trkpt><trkpt lat="46.03156747901812" lon="7.241398778744042"><ele>2068.7999877929688</ele></trkpt><trkpt lat="46.03153546154499" lon="7.241606825962663"><ele>2070.0999755859375</ele></trkpt><trkpt lat="46.03164023999125" lon="7.241851830855012"><ele>2070.7999877929688</ele></trkpt><trkpt lat="46.03179341647774" lon="7.241995924152434"><ele>2071.199981689453</ele></trkpt><trkpt lat="46.03189344052225" lon="7.2420950080268085"><ele>2071.3999938964844</ele></trkpt><trkpt lat="46.03201342653483" lon="7.24229217460379"><ele>2071.3999938964844</ele></trkpt><trkpt lat="46.03208201145753" lon="7.242417203262448"><ele>2071.7999877929688</ele></trkpt><trkpt lat="46.03229828644544" lon="7.24263597978279"><ele>2072.3999938964844</ele></trkpt><trkpt lat="46.03236343758181" lon="7.242855302523822"><ele>2072.199981689453</ele></trkpt><trkpt lat="46.03234423371032" lon="7.243191165383905"><ele>2070.5</ele></trkpt><trkpt lat="46.03237346885726" lon="7.243449362926185"><ele>2068.0999755859375</ele></trkpt><trkpt lat="46.032440453302115" lon="7.243689344264567"><ele>2066.7999877929688</ele></trkpt><trkpt lat="46.03248028922826" lon="7.243836434558034"><ele>2066.5</ele></trkpt><trkpt lat="46.0326434453018" lon="7.244030869100243"><ele>2065.0999755859375</ele></trkpt><trkpt lat="46.0327424374409" lon="7.244055053219199"><ele>2063.7999877929688</ele></trkpt><trkpt lat="46.0327814319171" lon="7.244235727470368"><ele>2064.0999755859375</ele></trkpt><trkpt lat="46.03281750390306" lon="7.244287259411067"><ele>2065.2999877929688</ele></trkpt><trkpt lat="46.03297601873055" lon="7.244399055838585"><ele>2066.5</ele></trkpt><trkpt lat="46.03313813172281" lon="7.24451084015891"><ele>2068.3999938964844</ele></trkpt><trkpt lat="46.03330024285242" lon="7.244621333666146"><ele>2071.8999938964844</ele></trkpt><trkpt lat="46.03344446094707" lon="7.244788719341159"><ele>2075.3999938964844</ele></trkpt><trkpt lat="46.03363336576149" lon="7.244788045994937"><ele>2077.5</ele></trkpt><trkpt lat="46.033805469051" lon="7.244955333415419"><ele>2078.0999755859375</ele></trkpt><trkpt lat="46.03389542363584" lon="7.244955012574792"><ele>2077.2999877929688</ele></trkpt><trkpt lat="46.03400348033756" lon="7.245019205380231"><ele>2077.2999877929688</ele></trkpt><trkpt lat="46.034272488672286" lon="7.24504407774657"><ele>2077.199981689453</ele></trkpt><trkpt lat="46.034272488672286" lon="7.24504407774657"><ele>2077.199981689453</ele></trkpt><trkpt lat="46.034272488672286" lon="7.24504407774657"><ele>2077.199981689453</ele></trkpt><trkpt lat="46.034272488672286" lon="7.24504407774657"><ele>2077.199981689453</ele></trkpt><trkpt lat="46.034272488672286" lon="7.24504407774657"><ele>2077.199981689453</ele></trkpt><trkpt lat="46.034272488672286" lon="7.24504407774657"><ele>2077.199981689453</ele></trkpt><trkpt lat="46.034470323473215" lon="7.2450059172697365"><ele>2076.5</ele></trkpt><trkpt lat="46.03464941540733" lon="7.245053067337722"><ele>2076.5999755859375</ele></trkpt><trkpt lat="46.03488431265578" lon="7.245119392406195"><ele>2077.0</ele></trkpt><trkpt lat="46.0350371459499" lon="7.245067184790969"><ele>2076.699981689453</ele></trkpt><trkpt lat="46.03511817427352" lon="7.245106935501099"><ele>2077.5</ele></trkpt><trkpt lat="46.03523509064689" lon="7.245092311874032"><ele>2078.699981689453</ele></trkpt><trkpt lat="46.03528897417709" lon="7.245040456298739"><ele>2079.2999877929688</ele></trkpt><trkpt lat="46.03538799099624" lon="7.245078851468861"><ele>2080.2999877929688</ele></trkpt><trkpt lat="46.03557149833068" lon="7.245078198146075"><ele>2081.2999877929688</ele></trkpt><trkpt lat="46.03572442336008" lon="7.24507894506678"><ele>2082.2999877929688</ele></trkpt><trkpt lat="46.03575147455558" lon="7.2451163050718606"><ele>2084.0999755859375</ele></trkpt><trkpt lat="46.035930439364165" lon="7.245089835952967"><ele>2085.3999938964844</ele></trkpt><trkpt lat="46.036082418169826" lon="7.2450634627602994"><ele>2086.5999755859375</ele></trkpt><trkpt lat="46.03624720685184" lon="7.245162329636514"><ele>2087.7999877929688</ele></trkpt><trkpt lat="46.036407488863915" lon="7.245256046298891"><ele>2089.0</ele></trkpt><trkpt lat="46.03654898703098" lon="7.245411828160286"><ele>2090.199981689453</ele></trkpt><trkpt lat="46.03677429398522" lon="7.2456551431678236"><ele>2091.0</ele></trkpt><trkpt lat="46.0368104535155" lon="7.245758344419301"><ele>2089.7999877929688</ele></trkpt><trkpt lat="46.03693648055196" lon="7.24581085331738"><ele>2087.0999755859375</ele></trkpt><trkpt lat="46.03692948166281" lon="7.2459258320741355"><ele>2084.199981689453</ele></trkpt><trkpt lat="46.03701950190589" lon="7.245964261237532"><ele>2080.8999938964844</ele></trkpt><trkpt lat="46.03706641308963" lon="7.246042883489281"><ele>2077.3999938964844</ele></trkpt><trkpt lat="46.03706312272698" lon="7.246222430840135"><ele>2074.0</ele></trkpt><trkpt lat="46.03697448829189" lon="7.246468152850866"><ele>2070.3999938964844</ele></trkpt><trkpt lat="46.03694343753159" lon="7.246721419971436"><ele>2066.0</ele></trkpt><trkpt lat="46.03688745992258" lon="7.247127186506987"><ele>2062.5999755859375</ele></trkpt><trkpt lat="46.03687350591645" lon="7.247384268324822"><ele>2061.0999755859375</ele></trkpt><trkpt lat="46.03686043340713" lon="7.247631013859063"><ele>2059.8999938964844</ele></trkpt><trkpt lat="46.03686447115615" lon="7.247889323625714"><ele>2057.5</ele></trkpt><trkpt lat="46.03686945186928" lon="7.248173462692648"><ele>2053.8999938964844</ele></trkpt><trkpt lat="46.03693209029734" lon="7.24850906431675"><ele>2050.199981689453</ele></trkpt><trkpt lat="46.03694242332131" lon="7.248767352662981"><ele>2048.5</ele></trkpt><trkpt lat="46.03695448907092" lon="7.248986886348575"><ele>2048.199981689453</ele></trkpt><trkpt lat="46.03703233040869" lon="7.24927077209577"><ele>2046.0</ele></trkpt><trkpt lat="46.03703546477482" lon="7.24952908558771"><ele>2042.1999816894531</ele></trkpt><trkpt lat="46.0370332011953" lon="7.249787418171763"><ele>2038.7999877929688</ele></trkpt><trkpt lat="46.0370334838517" lon="7.249955328181386"><ele>2036.2999877929688</ele></trkpt><trkpt lat="46.03706441586837" lon="7.2501618806272745"><ele>2034.2999877929688</ele></trkpt><trkpt lat="46.03704315237701" lon="7.250355698168278"><ele>2032.2999877929688</ele></trkpt><trkpt lat="46.03699837019667" lon="7.250472099054605"><ele>2031.0999755859375</ele></trkpt><trkpt lat="46.036830415483564" lon="7.25062767509371"><ele>2030.3999938964844</ele></trkpt><trkpt lat="46.036693152971566" lon="7.250847725197673"><ele>2028.6999816894531</ele></trkpt><trkpt lat="46.03673832444474" lon="7.250963814090937"><ele>2025.2999877929688</ele></trkpt><trkpt lat="46.036673963069916" lon="7.251206859946251"><ele>2021.5999755859375</ele></trkpt><trkpt lat="46.036631050519645" lon="7.251365876290947"><ele>2019.0999755859375</ele></trkpt><trkpt lat="46.036550282966346" lon="7.251481107901782"><ele>2017.1999816894531</ele></trkpt><trkpt lat="46.03651743289083" lon="7.251740835141391"><ele>2014.6999816894531</ele></trkpt><trkpt lat="46.03640713356435" lon="7.251947871875018"><ele>2012.8999938964844</ele></trkpt><trkpt lat="46.03642527293414" lon="7.252036930993199"><ele>2013.0999755859375</ele></trkpt><trkpt lat="46.03637440968305" lon="7.252283803187311"><ele>2014.7999877929688</ele></trkpt><trkpt lat="46.03630030620843" lon="7.252619876060635"><ele>2017.5999755859375</ele></trkpt><trkpt lat="46.03618340706453" lon="7.252644817344844"><ele>2022.0999755859375</ele></trkpt><trkpt lat="46.036057407502085" lon="7.252606501337141"><ele>2026.3999938964844</ele></trkpt><trkpt lat="46.03603050718084" lon="7.25265825772658"><ele>2027.5999755859375</ele></trkpt><trkpt lat="46.03603449091315" lon="7.25289073260501"><ele>2027.2999877929688</ele></trkpt><trkpt lat="46.03597715590149" lon="7.253033004235476"><ele>2026.7999877929688</ele></trkpt><trkpt lat="46.03597715590149" lon="7.253033004235476"><ele>2026.7999877929688</ele></trkpt><trkpt lat="46.03597715590149" lon="7.253033004235476"><ele>2026.7999877929688</ele></trkpt><trkpt lat="46.03597715590149" lon="7.253033004235476"><ele>2026.7999877929688</ele></trkpt><trkpt lat="46.03597715590149" lon="7.253033004235476"><ele>2026.7999877929688</ele></trkpt><trkpt lat="46.03597715590149" lon="7.253033004235476"><ele>2026.7999877929688</ele></trkpt><trkpt lat="46.03600446507335" lon="7.253227942623198"><ele>2025.8999938964844</ele></trkpt><trkpt lat="46.03596149850637" lon="7.253355958033353"><ele>2026.8999938964844</ele></trkpt><trkpt lat="46.035843037068844" lon="7.253524269908667"><ele>2029.3999938964844</ele></trkpt><trkpt lat="46.03578009083867" lon="7.253537401091307"><ele>2032.7999877929688</ele></trkpt><trkpt lat="46.0355914644897" lon="7.253705950919539"><ele>2037.0999755859375</ele></trkpt><trkpt lat="46.03558347793296" lon="7.253771849907935"><ele>2039.7999877929688</ele></trkpt><trkpt lat="46.03553942171857" lon="7.253784915897995"><ele>2041.2999877929688</ele></trkpt><trkpt lat="46.03550448687747" lon="7.253874154295772"><ele>2041.6999816894531</ele></trkpt><trkpt lat="46.03530412260443" lon="7.254016909748316"><ele>2040.5</ele></trkpt><trkpt lat="46.035131492652" lon="7.2540678679943085"><ele>2039.5999755859375</ele></trkpt><trkpt lat="46.034989431034774" lon="7.25410838983953"><ele>2040.3999938964844</ele></trkpt><trkpt lat="46.0349404476583" lon="7.254406910389662"><ele>2042.1999816894531</ele></trkpt><trkpt lat="46.03486407129094" lon="7.254458832554519"><ele>2043.2999877929688</ele></trkpt><trkpt lat="46.034855265170336" lon="7.254573812708259"><ele>2043.7999877929688</ele></trkpt><trkpt lat="46.03481030929834" lon="7.254586880560964"><ele>2044.2999877929688</ele></trkpt><trkpt lat="46.03479244560003" lon="7.254664435982704"><ele>2045.5</ele></trkpt><trkpt lat="46.03464950574562" lon="7.254717874340713"><ele>2047.6999816894531</ele></trkpt><trkpt lat="46.03457143437117" lon="7.25483308872208"><ele>2049.2999877929688</ele></trkpt><trkpt lat="46.034464409574866" lon="7.254846366122365"><ele>2049.2999877929688</ele></trkpt><trkpt lat="46.0344151253812" lon="7.25496277352795"><ele>2048.7999877929688</ele></trkpt><trkpt lat="46.034307391382754" lon="7.255092293955386"><ele>2047.8999938964844</ele></trkpt><trkpt lat="46.034245036076754" lon="7.255467056296766"><ele>2045.2999877929688</ele></trkpt><trkpt lat="46.034155123867095" lon="7.255493190605193"><ele>2043.5999755859375</ele></trkpt><trkpt lat="46.03404841804877" lon="7.255701490677893"><ele>2045.0999755859375</ele></trkpt><trkpt lat="46.033952481579036" lon="7.255894255358726"><ele>2048.0</ele></trkpt><trkpt lat="46.03393104067072" lon="7.255984736606479"><ele>2050.2999877929688</ele></trkpt><trkpt lat="46.03384108655155" lon="7.255985039286315"><ele>2052.5999755859375</ele></trkpt><trkpt lat="46.033724441193044" lon="7.2561662485823035"><ele>2055.699981689453</ele></trkpt><trkpt lat="46.033680053427815" lon="7.256528031080961"><ele>2060.0</ele></trkpt><trkpt lat="46.03356342809275" lon="7.256722154095769"><ele>2064.199981689453</ele></trkpt><trkpt lat="46.03347443649545" lon="7.256761198397726"><ele>2064.699981689453</ele></trkpt><trkpt lat="46.033321471419185" lon="7.256735879462212"><ele>2062.7999877929688</ele></trkpt><trkpt lat="46.033248484134674" lon="7.256659923121333"><ele>2060.199981689453</ele></trkpt><trkpt lat="46.03317748242989" lon="7.256698906421661"><ele>2057.2999877929688</ele></trkpt><trkpt lat="46.03320542862639" lon="7.256736266892403"><ele>2055.0</ele></trkpt><trkpt lat="46.033062444999814" lon="7.256763867568225"><ele>2052.8999938964844</ele></trkpt><trkpt lat="46.03295228071511" lon="7.257059996481985"><ele>2051.3999938964844</ele></trkpt><trkpt lat="46.032809500116855" lon="7.257212873548269"><ele>2050.8999938964844</ele></trkpt><trkpt lat="46.03260204382241" lon="7.257422792725265"><ele>2050.5</ele></trkpt><trkpt lat="46.03247648384422" lon="7.257655684836209"><ele>2049.7999877929688</ele></trkpt><trkpt lat="46.032386966980994" lon="7.257927200756967"><ele>2047.6999816894531</ele></trkpt><trkpt lat="46.03236033394933" lon="7.258146846201271"><ele>2044.6999816894531</ele></trkpt><trkpt lat="46.03239646088332" lon="7.258237131871283"><ele>2041.2999877929688</ele></trkpt><trkpt lat="46.03229813370854" lon="7.25862491177395"><ele>2037.0</ele></trkpt><trkpt lat="46.03234331775457" lon="7.25875391298905"><ele>2034.0</ele></trkpt><trkpt lat="46.03229842334986" lon="7.258805721998215"><ele>2032.0999755859375</ele></trkpt><trkpt lat="46.0322825005278" lon="7.258973671123385"><ele>2030.1999816894531</ele></trkpt><trkpt lat="46.032177440822124" lon="7.259090254548937"><ele>2031.0</ele></trkpt><trkpt lat="46.03210126981139" lon="7.259271318092942"><ele>2034.8999938964844</ele></trkpt><trkpt lat="46.032011275179684" lon="7.259245785884559"><ele>2040.8999938964844</ele></trkpt><trkpt lat="46.03189746849239" lon="7.25951737863943"><ele>2046.5</ele></trkpt><trkpt lat="46.03185024904087" lon="7.259802956599742"><ele>2048.699981689453</ele></trkpt><trkpt lat="46.031796377617866" lon="7.259866417385638"><ele>2049.0999755859375</ele></trkpt><trkpt lat="46.03172298986465" lon="7.260101711843163"><ele>2048.5999755859375</ele></trkpt><trkpt lat="46.03167107934132" lon="7.260267193894833"><ele>2046.6999816894531</ele></trkpt><trkpt lat="46.03155420022085" lon="7.260306322481483"><ele>2044.7999877929688</ele></trkpt><trkpt lat="46.03141248272732" lon="7.260565085802227"><ele>2042.8999938964844</ele></trkpt><trkpt lat="46.031356998253614" lon="7.26074607623741"><ele>2040.5</ele></trkpt><trkpt lat="46.03137523448095" lon="7.260900994762778"><ele>2037.0999755859375</ele></trkpt><trkpt lat="46.03136214800179" lon="7.2611580435186625"><ele>2032.6999816894531</ele></trkpt><trkpt lat="46.03134906524792" lon="7.261417675297707"><ele>2027.7999877929688</ele></trkpt><trkpt lat="46.03139430703595" lon="7.2615854209288955"><ele>2023.0999755859375</ele></trkpt><trkpt lat="46.03139430703595" lon="7.2615854209288955"><ele>2023.0999755859375</ele></trkpt><trkpt lat="46.03139430703595" lon="7.2615854209288955"><ele>2023.0999755859375</ele></trkpt><trkpt lat="46.03139430703595" lon="7.2615854209288955"><ele>2023.0999755859375</ele></trkpt><trkpt lat="46.03139430703595" lon="7.2615854209288955"><ele>2023.0999755859375</ele></trkpt><trkpt lat="46.03139430703595" lon="7.2615854209288955"><ele>2023.0999755859375</ele></trkpt><trkpt lat="46.03140640864149" lon="7.261843679472804"><ele>2018.2999877929688</ele></trkpt><trkpt lat="46.03142220946029" lon="7.262166500091553"><ele>2014.0</ele></trkpt><trkpt lat="46.031377498060465" lon="7.262335830833763"><ele>2011.7999877929688</ele></trkpt><trkpt lat="46.03135540988296" lon="7.2625903259031475"><ele>2010.3999938964844</ele></trkpt><trkpt lat="46.03132437588647" lon="7.262877136934549"><ele>2008.0</ele></trkpt><trkpt lat="46.03125249268487" lon="7.262929028365761"><ele>2005.2999877929688</ele></trkpt><trkpt lat="46.0310820043087" lon="7.263200791552663"><ele>2003.0999755859375</ele></trkpt><trkpt lat="46.031082186382264" lon="7.263317024335265"><ele>2002.3999938964844</ele></trkpt><trkpt lat="46.03101032366976" lon="7.26338183041662"><ele>2003.0999755859375</ele></trkpt><trkpt lat="46.03098349971697" lon="7.263485235627741"><ele>2004.5</ele></trkpt><trkpt lat="46.03095241356641" lon="7.263739758171141"><ele>2006.3999938964844</ele></trkpt><trkpt lat="46.030930215492845" lon="7.263925802893937"><ele>2008.0999755859375</ele></trkpt><trkpt lat="46.030823486391455" lon="7.2641289085149765"><ele>2009.6999816894531</ele></trkpt><trkpt lat="46.03071046201512" lon="7.26433332497254"><ele>2011.3999938964844</ele></trkpt><trkpt lat="46.03060013614595" lon="7.264537732116878"><ele>2013.0</ele></trkpt><trkpt lat="46.03052748600021" lon="7.264674860984087"><ele>2014.6999816894531</ele></trkpt><trkpt lat="46.0305494745262" lon="7.264931793790311"><ele>2016.6999816894531</ele></trkpt><trkpt lat="46.03057244606316" lon="7.265242965426296"><ele>2018.7999877929688</ele></trkpt><trkpt lat="46.03055841336027" lon="7.265475475694984"><ele>2020.7999877929688</ele></trkpt><trkpt lat="46.03049402218312" lon="7.265718477312475"><ele>2022.8999938964844</ele></trkpt><trkpt lat="46.030434127897024" lon="7.265961464494467"><ele>2025.2999877929688</ele></trkpt><trkpt lat="46.030373335350305" lon="7.2662057457491755"><ele>2027.2999877929688</ele></trkpt><trkpt lat="46.03031343407929" lon="7.266444857232273"><ele>2029.3999938964844</ele></trkpt><trkpt lat="46.030278048012406" lon="7.26683240942657"><ele>2031.7999877929688</ele></trkpt><trkpt lat="46.030233453493565" lon="7.267081803176552"><ele>2034.2999877929688</ele></trkpt><trkpt lat="46.030162018723786" lon="7.267426849808544"><ele>2036.7999877929688</ele></trkpt><trkpt lat="46.03018040256575" lon="7.267683793324977"><ele>2039.0999755859375</ele></trkpt><trkpt lat="46.030208001844585" lon="7.268085351679474"><ele>2041.0999755859375</ele></trkpt><trkpt lat="46.030190247576684" lon="7.268240383360535"><ele>2042.5999755859375</ele></trkpt><trkpt lat="46.030102430377156" lon="7.268462790176272"><ele>2044.3999938964844</ele></trkpt><trkpt lat="46.03000741638243" lon="7.268685219343752"><ele>2046.2999877929688</ele></trkpt><trkpt lat="46.0299303419888" lon="7.268874013330787"><ele>2047.8999938964844</ele></trkpt><trkpt lat="46.029913485981524" lon="7.269029040820897"><ele>2049.0</ele></trkpt><trkpt lat="46.029831998981535" lon="7.269274672027677"><ele>2050.0999755859375</ele></trkpt><trkpt lat="46.02980539994314" lon="7.2695304630324244"><ele>2051.699981689453</ele></trkpt><trkpt lat="46.02978149661794" lon="7.269784953910857"><ele>2053.199981689453</ele></trkpt><trkpt lat="46.02976105036214" lon="7.269946448970586"><ele>2054.3999938964844</ele></trkpt><trkpt lat="46.02960838098079" lon="7.270114812068641"><ele>2055.699981689453</ele></trkpt><trkpt lat="46.02957445150241" lon="7.2702828058972955"><ele>2057.2999877929688</ele></trkpt><trkpt lat="46.029591167811304" lon="7.27063144557178"><ele>2059.3999938964844</ele></trkpt><trkpt lat="46.0296824676916" lon="7.2709281970746815"><ele>2061.5999755859375</ele></trkpt><trkpt lat="46.029699984472245" lon="7.271212262567133"><ele>2063.5999755859375</ele></trkpt><trkpt lat="46.029835225548595" lon="7.2714184783399105"><ele>2065.0</ele></trkpt><trkpt lat="46.029862366151065" lon="7.271521711256355"><ele>2066.0999755859375</ele></trkpt><trkpt lat="46.02979249320924" lon="7.2717169360257685"><ele>2068.0</ele></trkpt><trkpt lat="46.029827212914824" lon="7.272077145520598"><ele>2070.2999877929688</ele></trkpt><trkpt lat="46.0298814359121" lon="7.272244868334383"><ele>2072.199981689453</ele></trkpt><trkpt lat="46.03000046964735" lon="7.272442097309977"><ele>2073.7999877929688</ele></trkpt><trkpt lat="46.03007441852242" lon="7.272567142732441"><ele>2075.5999755859375</ele></trkpt><trkpt lat="46.03018827876076" lon="7.272915489971638"><ele>2078.5</ele></trkpt><trkpt lat="46.03018827876076" lon="7.272915489971638"><ele>2078.5</ele></trkpt><trkpt lat="46.03018827876076" lon="7.272915489971638"><ele>2078.5</ele></trkpt><trkpt lat="46.03018827876076" lon="7.272915489971638"><ele>2078.5</ele></trkpt><trkpt lat="46.03018827876076" lon="7.272915489971638"><ele>2078.5</ele></trkpt><trkpt lat="46.03018827876076" lon="7.272915489971638"><ele>2078.5</ele></trkpt><trkpt lat="46.030198499094695" lon="7.273135007824749"><ele>2081.5</ele></trkpt><trkpt lat="46.03023641370237" lon="7.273225294891745"><ele>2083.2999877929688</ele></trkpt><trkpt lat="46.03027247218415" lon="7.27327684359625"><ele>2084.5999755859375</ele></trkpt><trkpt lat="46.03037146059796" lon="7.273302372079343"><ele>2086.8999938964844</ele></trkpt><trkpt lat="46.03047707024962" lon="7.273547430057079"><ele>2090.5999755859375</ele></trkpt><trkpt lat="46.03045919444412" lon="7.273624972905964"><ele>2093.7999877929688</ele></trkpt><trkpt lat="46.0302792689763" lon="7.273613897152245"><ele>2096.3999938964844</ele></trkpt><trkpt lat="46.03017447749153" lon="7.273922875523567"><ele>2099.0</ele></trkpt><trkpt lat="46.03019899362698" lon="7.2740777768194675"><ele>2100.8999938964844</ele></trkpt><trkpt lat="46.030271203722805" lon="7.274245448410511"><ele>2100.5999755859375</ele></trkpt><trkpt lat="46.03003042843193" lon="7.274452810641378"><ele>2097.7999877929688</ele></trkpt><trkpt lat="46.02986950427294" lon="7.274517869576812"><ele>2095.3999938964844</ele></trkpt><trkpt lat="46.02985799917951" lon="7.274647049605846"><ele>2094.199981689453</ele></trkpt><trkpt lat="46.02971446886659" lon="7.274918687529862"><ele>2092.699981689453</ele></trkpt><trkpt lat="46.02967442339286" lon="7.275215841829777"><ele>2091.3999938964844</ele></trkpt><trkpt lat="46.02958915522322" lon="7.275345243047923"><ele>2090.5999755859375</ele></trkpt><trkpt lat="46.02957133529708" lon="7.2754628183320165"><ele>2089.699981689453</ele></trkpt><trkpt lat="46.029517360497266" lon="7.275461689103395"><ele>2088.0999755859375</ele></trkpt><trkpt lat="46.02948242845014" lon="7.275565109215677"><ele>2085.7999877929688</ele></trkpt><trkpt lat="46.02941048331559" lon="7.275578239466995"><ele>2084.199981689453</ele></trkpt><trkpt lat="46.02925143903121" lon="7.2756988210603595"><ele>2084.0999755859375</ele></trkpt><trkpt lat="46.02914899820462" lon="7.275772740598768"><ele>2085.3999938964844</ele></trkpt><trkpt lat="46.02909519523382" lon="7.275889131706208"><ele>2087.199981689453</ele></trkpt><trkpt lat="46.02907729847357" lon="7.275953757576644"><ele>2088.0</ele></trkpt><trkpt lat="46.02910432219505" lon="7.275979504920542"><ele>2087.699981689453</ele></trkpt><trkpt lat="46.02911444194615" lon="7.276134447194636"><ele>2087.2999877929688</ele></trkpt><trkpt lat="46.02908850507811" lon="7.276237839832902"><ele>2086.699981689453</ele></trkpt><trkpt lat="46.02916341274977" lon="7.276406793855131"><ele>2085.5999755859375</ele></trkpt><trkpt lat="46.02910535177216" lon="7.276689792051911"><ele>2084.699981689453</ele></trkpt><trkpt lat="46.02904446283355" lon="7.276883688755333"><ele>2083.2999877929688</ele></trkpt><trkpt lat="46.028894445393234" lon="7.277027484495193"><ele>2082.199981689453</ele></trkpt><trkpt lat="46.0288001219742" lon="7.277116873767227"><ele>2082.0999755859375</ele></trkpt><trkpt lat="46.02869350463152" lon="7.277414219453931"><ele>2082.199981689453</ele></trkpt><trkpt lat="46.02856850484386" lon="7.277440418954939"><ele>2081.5999755859375</ele></trkpt><trkpt lat="46.02848047949374" lon="7.277531079482287"><ele>2080.2999877929688</ele></trkpt><trkpt lat="46.02837341511622" lon="7.277518482878804"><ele>2079.0</ele></trkpt><trkpt lat="46.028219384141266" lon="7.277374301105738"><ele>2077.7999877929688</ele></trkpt><trkpt lat="46.02807345148176" lon="7.277231387794018"><ele>2077.199981689453</ele></trkpt><trkpt lat="46.027928427327424" lon="7.277094929479063"><ele>2077.0999755859375</ele></trkpt><trkpt lat="46.027747225016356" lon="7.276822982355952"><ele>2077.0</ele></trkpt><trkpt lat="46.0275580980815" lon="7.276669869199395"><ele>2076.5999755859375</ele></trkpt><trkpt lat="46.02736910060048" lon="7.276605863589793"><ele>2077.0999755859375</ele></trkpt><trkpt lat="46.02724646171555" lon="7.276398315560073"><ele>2079.2999877929688</ele></trkpt><trkpt lat="46.02705748286098" lon="7.276347225066274"><ele>2081.0999755859375</ele></trkpt><trkpt lat="46.02689001429826" lon="7.276241831947118"><ele>2082.2999877929688</ele></trkpt><trkpt lat="46.026741445530206" lon="7.276142840273678"><ele>2084.2999877929688</ele></trkpt><trkpt lat="46.02666046610102" lon="7.27612887788564"><ele>2086.2999877929688</ele></trkpt><trkpt lat="46.02661646576598" lon="7.276181956287473"><ele>2087.3999938964844</ele></trkpt><trkpt lat="46.02658042591065" lon="7.276142031420022"><ele>2088.5999755859375</ele></trkpt><trkpt lat="46.02648149523884" lon="7.276155241299421"><ele>2089.8999938964844</ele></trkpt><trkpt lat="46.02643299475312" lon="7.276207041926682"><ele>2090.7999877929688</ele></trkpt><trkpt lat="46.02636099420488" lon="7.276181430090219"><ele>2092.5</ele></trkpt><trkpt lat="46.02627445291728" lon="7.276053843554109"><ele>2095.3999938964844</ele></trkpt><trkpt lat="46.026112439576536" lon="7.275988469365984"><ele>2097.199981689453</ele></trkpt><trkpt lat="46.02606750000268" lon="7.2760144313797355"><ele>2098.0999755859375</ele></trkpt><trkpt lat="46.025922486092895" lon="7.275885730050504"><ele>2100.5</ele></trkpt><trkpt lat="46.02575144171715" lon="7.275795848108828"><ele>2104.0</ele></trkpt><trkpt lat="46.02566849626601" lon="7.275666961912066"><ele>2107.0</ele></trkpt><trkpt lat="46.02562441909686" lon="7.275667094159871"><ele>2108.5999755859375</ele></trkpt><trkpt lat="46.02553343353793" lon="7.2755769728682935"><ele>2110.199981689453</ele></trkpt><trkpt lat="46.02546147070825" lon="7.275577189400792"><ele>2112.0999755859375</ele></trkpt><trkpt lat="46.0254434235394" lon="7.275538503192365"><ele>2114.7999877929688</ele></trkpt><trkpt lat="46.02520140912384" lon="7.275513403583318"><ele>2117.699981689453</ele></trkpt><trkpt lat="46.025087459012866" lon="7.275713904295117"><ele>2119.3999938964844</ele></trkpt><trkpt lat="46.025087459012866" lon="7.275713904295117"><ele>2118.699981689453</ele></trkpt><trkpt lat="46.02509015193209" lon="7.275710022076964"><ele>2118.699981689453</ele></trkpt><trkpt lat="46.02500044601038" lon="7.275880748406053"><ele>2121.2999877929688</ele></trkpt><trkpt lat="46.02497076103464" lon="7.2758808373473585"><ele>2121.199981689453</ele></trkpt><trkpt lat="46.024940204806626" lon="7.2759002991952"><ele>2121.0</ele></trkpt><trkpt lat="46.02485030796379" lon="7.27594059985131"><ele>2119.0</ele></trkpt><trkpt lat="46.02478011325002" lon="7.275920148473233"><ele>2117.7999877929688</ele></trkpt><trkpt lat="46.02476029517129" lon="7.27590083796531"><ele>2117.0</ele></trkpt><trkpt lat="46.02474041702226" lon="7.275840204674751"><ele>2116.5</ele></trkpt><trkpt lat="46.024740358348936" lon="7.275800173636526"><ele>2116.3999938964844</ele></trkpt><trkpt lat="46.02473037689924" lon="7.275740801822394"><ele>2115.5999755859375</ele></trkpt><trkpt lat="46.02467084536329" lon="7.275629926007241"><ele>2114.7999877929688</ele></trkpt><trkpt lat="46.024650026112795" lon="7.275540886446834"><ele>2115.2999877929688</ele></trkpt><trkpt lat="46.02461034292355" lon="7.275469982996583"><ele>2116.7999877929688</ele></trkpt><trkpt lat="46.02449061628431" lon="7.275410941336304"><ele>2115.2999877929688</ele></trkpt><trkpt lat="46.024330233223736" lon="7.27523063775152"><ele>2113.0</ele></trkpt><trkpt lat="46.02406062372029" lon="7.274789818096906"><ele>2112.0</ele></trkpt><trkpt lat="46.024020072538406" lon="7.274740870576352"><ele>2113.0</ele></trkpt><trkpt lat="46.0239300141111" lon="7.274670120328665"><ele>2113.5999755859375</ele></trkpt><trkpt lat="46.0238804067485" lon="7.274579877965152"><ele>2112.7999877929688</ele></trkpt><trkpt lat="46.02377042733133" lon="7.2744200876913965"><ele>2112.199981689453</ele></trkpt><trkpt lat="46.02363066049293" lon="7.274190657772124"><ele>2112.0999755859375</ele></trkpt><trkpt lat="46.023590048309416" lon="7.274100389331579"><ele>2112.5</ele></trkpt><trkpt lat="46.02357015572488" lon="7.274030718952417"><ele>2112.3999938964844</ele></trkpt><trkpt lat="46.02350072702393" lon="7.273919877130538"><ele>2111.5999755859375</ele></trkpt><trkpt lat="46.023460175376385" lon="7.273870930541307"><ele>2111.0999755859375</ele></trkpt><trkpt lat="46.02338080806658" lon="7.273730419576168"><ele>2111.5999755859375</ele></trkpt><trkpt lat="46.02335010562092" lon="7.27365045202896"><ele>2112.0</ele></trkpt><trkpt lat="46.02334010787308" lon="7.273580752313137"><ele>2112.3999938964844</ele></trkpt><trkpt lat="46.023280546069145" lon="7.2734505124390125"><ele>2113.5</ele></trkpt><trkpt lat="46.02324084797874" lon="7.273370572831482"><ele>2113.8999938964844</ele></trkpt><trkpt lat="46.02315071597695" lon="7.273250756319612"><ele>2114.5</ele></trkpt><trkpt lat="46.02306055370718" lon="7.27311028027907"><ele>2115.5999755859375</ele></trkpt><trkpt lat="46.023030765820295" lon="7.2730406410992146"><ele>2116.5999755859375</ele></trkpt><trkpt lat="46.022940528579056" lon="7.272849805653095"><ele>2117.5999755859375</ele></trkpt><trkpt lat="46.022910725325346" lon="7.272769836708903"><ele>2118.699981689453</ele></trkpt><trkpt lat="46.02288003778085" lon="7.272700200788677"><ele>2119.0</ele></trkpt><trkpt lat="46.02283048816025" lon="7.272649991791695"><ele>2119.3999938964844</ele></trkpt><trkpt lat="46.02276027947664" lon="7.272620507050306"><ele>2119.7999877929688</ele></trkpt><trkpt lat="46.02272064052522" lon="7.2725805984809995"><ele>2120.3999938964844</ele></trkpt><trkpt lat="46.022640506736934" lon="7.272530483547598"><ele>2121.699981689453</ele></trkpt><trkpt lat="46.02247041882947" lon="7.272480644285679"><ele>2125.5</ele></trkpt><trkpt lat="46.0223705698736" lon="7.272480950225145"><ele>2128.7999877929688</ele></trkpt><trkpt lat="46.02234082389623" lon="7.272439720574766"><ele>2129.5999755859375</ele></trkpt><trkpt lat="46.022310107480735" lon="7.272350716870278"><ele>2131.2999877929688</ele></trkpt><trkpt lat="46.02226052712649" lon="7.272279848344624"><ele>2131.3999938964844</ele></trkpt><trkpt lat="46.02221013698727" lon="7.272269672714174"><ele>2131.3999938964844</ele></trkpt><trkpt lat="46.02215076703578" lon="7.272269854322076"><ele>2131.5999755859375</ele></trkpt><trkpt lat="46.02211027452722" lon="7.272260939702392"><ele>2132.0999755859375</ele></trkpt><trkpt lat="46.022010423243046" lon="7.272259954363108"><ele>2132.5999755859375</ele></trkpt><trkpt lat="46.021950197871774" lon="7.272289838176221"><ele>2132.7999877929688</ele></trkpt><trkpt lat="46.02183057460934" lon="7.272300534881651"><ele>2135.5</ele></trkpt><trkpt lat="46.02180001884699" lon="7.272319997660816"><ele>2136.199981689453</ele></trkpt><trkpt lat="46.021780259907246" lon="7.272340718656778"><ele>2136.5999755859375</ele></trkpt><trkpt lat="46.02177046844736" lon="7.2724104770459235"><ele>2137.5999755859375</ele></trkpt><trkpt lat="46.021760588977486" lon="7.2724208370782435"><ele>2137.8999938964844</ele></trkpt><trkpt lat="46.02167057339102" lon="7.272379792295396"><ele>2138.699981689453</ele></trkpt><trkpt lat="46.021640004590154" lon="7.272390216123313"><ele>2138.7999877929688</ele></trkpt><trkpt lat="46.021540361922234" lon="7.2725299769081175"><ele>2138.3999938964844</ele></trkpt><trkpt lat="46.02145045157522" lon="7.27255995105952"><ele>2138.3999938964844</ele></trkpt><trkpt lat="46.0214208108373" lon="7.272589740343392"><ele>2139.0</ele></trkpt><trkpt lat="46.02139022666961" lon="7.272589833941311"><ele>2139.199981689453</ele></trkpt><trkpt lat="46.021370423492044" lon="7.272580855991691"><ele>2139.8999938964844</ele></trkpt><trkpt lat="46.021320046857" lon="7.272579718846828"><ele>2140.2999877929688</ele></trkpt><trkpt lat="46.02131013898179" lon="7.272570710629225"><ele>2141.5</ele></trkpt><trkpt lat="46.0212507233955" lon="7.2725399024784565"><ele>2143.199981689453</ele></trkpt><trkpt lat="46.021190454252064" lon="7.272540086880326"><ele>2144.3999938964844</ele></trkpt><trkpt lat="46.021130110602826" lon="7.272489913273603"><ele>2146.699981689453</ele></trkpt><trkpt lat="46.02112015616149" lon="7.272449914831668"><ele>2147.699981689453</ele></trkpt><trkpt lat="46.02109045628458" lon="7.272439675871283"><ele>2149.0</ele></trkpt><trkpt lat="46.02110026311129" lon="7.272380249109119"><ele>2150.5999755859375</ele></trkpt><trkpt lat="46.021090309135616" lon="7.272340251132846"><ele>2152.7999877929688</ele></trkpt><trkpt lat="46.0210803989321" lon="7.272329951636493"><ele>2153.0999755859375</ele></trkpt><trkpt lat="46.021050713956356" lon="7.272330042440444"><ele>2154.0</ele></trkpt><trkpt lat="46.021050670184195" lon="7.272300343960524"><ele>2154.8999938964844</ele></trkpt><trkpt lat="46.020980475470424" lon="7.272279899567366"><ele>2157.8999938964844</ele></trkpt><trkpt lat="46.020940026734024" lon="7.272300683427602"><ele>2158.0999755859375</ele></trkpt><trkpt lat="46.020850013010204" lon="7.272260930854827"><ele>2159.3999938964844</ele></trkpt><trkpt lat="46.02083022147417" lon="7.272259700112045"><ele>2160.0999755859375</ele></trkpt><trkpt lat="46.0207907166332" lon="7.272310179658234"><ele>2160.7999877929688</ele></trkpt><trkpt lat="46.02078082179651" lon="7.272310209926218"><ele>2161.3999938964844</ele></trkpt><trkpt lat="46.02078076265752" lon="7.272270182147622"><ele>2162.8999938964844</ele></trkpt><trkpt lat="46.020689997356385" lon="7.272329857107252"><ele>2164.5</ele></trkpt><trkpt lat="46.02058031223714" lon="7.272370221558958"><ele>2165.0999755859375</ele></trkpt><trkpt lat="46.02049023937434" lon="7.272290441207588"><ele>2167.5</ele></trkpt><trkpt lat="46.02049019560218" lon="7.272260743193328"><ele>2168.2999877929688</ele></trkpt><trkpt lat="46.020470346324146" lon="7.2722207759507"><ele>2170.5</ele></trkpt><trkpt lat="46.02044064598158" lon="7.272210536990315"><ele>2170.0999755859375</ele></trkpt><trkpt lat="46.020419985521585" lon="7.272229969035834"><ele>2170.5</ele></trkpt><trkpt lat="46.0203902721405" lon="7.272210691589862"><ele>2171.699981689453</ele></trkpt><trkpt lat="46.02038033120334" lon="7.272179732564837"><ele>2172.699981689453</ele></trkpt><trkpt lat="46.02031010715291" lon="7.272139919921756"><ele>2172.7999877929688</ele></trkpt><trkpt lat="46.02026054402813" lon="7.272080675698817"><ele>2174.199981689453</ele></trkpt><trkpt lat="46.02015075460076" lon="7.27205002354458"><ele>2178.0</ele></trkpt><trkpt lat="46.020140800159425" lon="7.272010026033968"><ele>2179.8999938964844</ele></trkpt><trkpt lat="46.020110187120736" lon="7.271990751847625"><ele>2179.699981689453</ele></trkpt><trkpt lat="46.01991041190922" lon="7.271939716301858"><ele>2181.8999938964844</ele></trkpt><trkpt lat="46.01988074183464" lon="7.271950136870146"><ele>2181.0999755859375</ele></trkpt><trkpt lat="46.01981053315103" lon="7.2719206544570625"><ele>2180.0</ele></trkpt><trkpt lat="46.019800622947514" lon="7.27191035496071"><ele>2179.699981689453</ele></trkpt><trkpt lat="46.01979068340734" lon="7.271880687680095"><ele>2179.5999755859375</ele></trkpt><trkpt lat="46.01975017320365" lon="7.2718601524829865"><ele>2179.5999755859375</ele></trkpt><trkpt lat="46.019730338826776" lon="7.271830515470356"><ele>2179.3999938964844</ele></trkpt><trkpt lat="46.01970065385103" lon="7.271830606274307"><ele>2179.0999755859375</ele></trkpt><trkpt lat="46.01964030927047" lon="7.271780434530228"><ele>2179.0</ele></trkpt><trkpt lat="46.019580024294555" lon="7.271770289633423"><ele>2177.199981689453</ele></trkpt><trkpt lat="46.019560189917684" lon="7.271740652620792"><ele>2176.5</ele></trkpt><trkpt lat="46.019530445337296" lon="7.27170071657747"><ele>2175.699981689453</ele></trkpt><trkpt lat="46.01946017425507" lon="7.271629915572703"><ele>2173.5999755859375</ele></trkpt><trkpt lat="46.01931084971875" lon="7.271630374249071"><ele>2170.3999938964844</ele></trkpt><trkpt lat="46.01928030932322" lon="7.271660165861249"><ele>2169.699981689453</ele></trkpt><trkpt lat="46.01927063707262" lon="7.271809975150973"><ele>2167.199981689453</ele></trkpt><trkpt lat="46.01922033773735" lon="7.2718604863621294"><ele>2166.0999755859375</ele></trkpt><trkpt lat="46.01903012441471" lon="7.272190325893462"><ele>2164.5</ele></trkpt><trkpt lat="46.019100438803434" lon="7.272290823981166"><ele>2164.7999877929688</ele></trkpt><trkpt lat="46.01912028808147" lon="7.272330790758133"><ele>2165.0999755859375</ele></trkpt><trkpt lat="46.0191500922665" lon="7.272410754114389"><ele>2165.699981689453</ele></trkpt><trkpt lat="46.019150195643306" lon="7.272480478510261"><ele>2165.7999877929688</ele></trkpt><trkpt lat="46.0191800436005" lon="7.272590139415115"><ele>2166.0999755859375</ele></trkpt><trkpt lat="46.01922064181417" lon="7.27267006970942"><ele>2166.2999877929688</ele></trkpt><trkpt lat="46.01923068612814" lon="7.272770753130317"><ele>2165.0</ele></trkpt><trkpt lat="46.01925053540617" lon="7.272810719907284"><ele>2165.3999938964844</ele></trkpt><trkpt lat="46.019230051897466" lon="7.272950232028961"><ele>2163.699981689453</ele></trkpt><trkpt lat="46.01923025865108" lon="7.273089681286365"><ele>2163.699981689453</ele></trkpt><trkpt lat="46.01926004886627" lon="7.273160607088357"><ele>2165.5999755859375</ele></trkpt><trkpt lat="46.01929066190496" lon="7.2731798817403615"><ele>2166.3999938964844</ele></trkpt><trkpt lat="46.01930063124746" lon="7.2732302085496485"><ele>2166.199981689453</ele></trkpt><trkpt lat="46.01930072112009" lon="7.273290894925594"><ele>2165.7999877929688</ele></trkpt><trkpt lat="46.01931079290807" lon="7.273410946130753"><ele>2164.0</ele></trkpt><trkpt lat="46.019270475488156" lon="7.273520820774138"><ele>2163.0999755859375</ele></trkpt><trkpt lat="46.01925074448809" lon="7.273560908157378"><ele>2162.699981689453</ele></trkpt><trkpt lat="46.01922018872574" lon="7.273580369073898"><ele>2162.699981689453</ele></trkpt><trkpt lat="46.01918060844764" lon="7.27358048921451"><ele>2162.2999877929688</ele></trkpt><trkpt lat="46.01915006758645" lon="7.273610279895365"><ele>2161.199981689453</ele></trkpt><trkpt lat="46.01911057531834" lon="7.273669794667512"><ele>2159.8999938964844</ele></trkpt><trkpt lat="46.01909084385261" lon="7.273709881585091"><ele>2159.199981689453</ele></trkpt><trkpt lat="46.01908999029547" lon="7.273740873206407"><ele>2158.5999755859375</ele></trkpt><trkpt lat="46.01916043367237" lon="7.273930465336889"><ele>2155.7999877929688</ele></trkpt><trkpt lat="46.019330725539476" lon="7.274119755718857"><ele>2151.2999877929688</ele></trkpt><trkpt lat="46.01936051482335" lon="7.2741906815208495"><ele>2150.2999877929688</ele></trkpt><trkpt lat="46.0193507662043" lon="7.274290134198964"><ele>2152.2999877929688</ele></trkpt><trkpt lat="46.01938068633899" lon="7.274450153578073"><ele>2154.0999755859375</ele></trkpt><trkpt lat="46.019410519395024" lon="7.274550777859986"><ele>2154.0</ele></trkpt><trkpt lat="46.019450216554105" lon="7.274630712810904"><ele>2155.0999755859375</ele></trkpt><trkpt lat="46.01945034740493" lon="7.274719805922359"><ele>2155.8999938964844</ele></trkpt><trkpt lat="46.01941001601517" lon="7.274820642080158"><ele>2158.2999877929688</ele></trkpt><trkpt lat="46.019410074688494" lon="7.274860669393092"><ele>2158.7999877929688</ele></trkpt><trkpt lat="46.01950035057962" lon="7.275079903192818"><ele>2161.5999755859375</ele></trkpt><trkpt lat="46.01956072403118" lon="7.27515073819086"><ele>2162.7999877929688</ele></trkpt><trkpt lat="46.01957069057971" lon="7.275199774187058"><ele>2162.699981689453</ele></trkpt><trkpt lat="46.01964020496234" lon="7.275370005518198"><ele>2164.7999877929688</ele></trkpt><trkpt lat="46.019670051988214" lon="7.27548096049577"><ele>2165.199981689453</ele></trkpt><trkpt lat="46.01971058966592" lon="7.275520866271108"><ele>2165.5</ele></trkpt><trkpt lat="46.01973043801263" lon="7.275560834445059"><ele>2165.5</ele></trkpt><trkpt lat="46.01977017708123" lon="7.275670467875898"><ele>2162.0</ele></trkpt><trkpt lat="46.01985033834353" lon="7.275739953387529"><ele>2162.7999877929688</ele></trkpt><trkpt lat="46.01997029874474" lon="7.275960391853005"><ele>2162.7999877929688</ele></trkpt><trkpt lat="46.02011007722467" lon="7.276200141292065"><ele>2164.2999877929688</ele></trkpt><trkpt lat="46.020114567596465" lon="7.2761949631385505"><ele>2164.2999877929688</ele></trkpt><trkpt lat="46.020114567596465" lon="7.2761949631385505"><ele>2164.2999877929688</ele></trkpt><trkpt lat="46.02011007722467" lon="7.276200141292065"><ele>2164.2999877929688</ele></trkpt><trkpt lat="46.02023086324334" lon="7.276370221748948"><ele>2164.2999877929688</ele></trkpt><trkpt lat="46.02034078165889" lon="7.27648997772485"><ele>2164.3999938964844</ele></trkpt><trkpt lat="46.020510056987405" lon="7.276600518263876"><ele>2164.5</ele></trkpt><trkpt lat="46.02053076121956" lon="7.276610786560923"><ele>2164.7999877929688</ele></trkpt><trkpt lat="46.02055063750595" lon="7.276670124381781"><ele>2165.7999877929688</ele></trkpt><trkpt lat="46.0206001708284" lon="7.2767100050114095"><ele>2167.3999938964844</ele></trkpt><trkpt lat="46.02061011083424" lon="7.2767409649677575"><ele>2168.2999877929688</ele></trkpt><trkpt lat="46.020600243937224" lon="7.276760363020003"><ele>2169.0</ele></trkpt><trkpt lat="46.02062009181827" lon="7.276800332590938"><ele>2170.0999755859375</ele></trkpt><trkpt lat="46.02071019215509" lon="7.276900780852884"><ele>2171.8999938964844</ele></trkpt><trkpt lat="46.02073011128232" lon="7.276989817153662"><ele>2174.0</ele></trkpt><trkpt lat="46.0207508308813" lon="7.2770104156807065"><ele>2174.3999938964844</ele></trkpt><trkpt lat="46.02085071010515" lon="7.277030778117478"><ele>2173.5999755859375</ele></trkpt><trkpt lat="46.02091020857915" lon="7.277119696605951"><ele>2173.5999755859375</ele></trkpt><trkpt lat="46.0209805755876" lon="7.277260232716799"><ele>2171.8999938964844</ele></trkpt><trkpt lat="46.020990585908294" lon="7.277340260334313"><ele>2171.5</ele></trkpt><trkpt lat="46.02103022346273" lon="7.277380170766264"><ele>2170.8999938964844</ele></trkpt><trkpt lat="46.021070833317935" lon="7.277470437809825"><ele>2170.7999877929688</ele></trkpt><trkpt lat="46.02111049834639" lon="7.277529717423022"><ele>2170.0999755859375</ele></trkpt><trkpt lat="46.02111055608839" lon="7.277569745667279"><ele>2169.8999938964844</ele></trkpt><trkpt lat="46.02115029562265" lon="7.27768067503348"><ele>2168.5999755859375</ele></trkpt><trkpt lat="46.02118000853807" lon="7.277699955739081"><ele>2167.8999938964844</ele></trkpt><trkpt lat="46.021240507718176" lon="7.277859891299158"><ele>2167.2999877929688</ele></trkpt><trkpt lat="46.021260312758386" lon="7.2778701623901725"><ele>2166.7999877929688</ele></trkpt><trkpt lat="46.0212801322341" lon="7.277890763711184"><ele>2166.5999755859375</ele></trkpt><trkpt lat="46.02127029467374" lon="7.277930821757764"><ele>2165.8999938964844</ele></trkpt><trkpt lat="46.02131998445839" lon="7.2780804596841335"><ele>2164.3999938964844</ele></trkpt><trkpt lat="46.02131014689803" lon="7.278120517730713"><ele>2164.2999877929688</ele></trkpt><trkpt lat="46.02131018927321" lon="7.2781502162106335"><ele>2163.8999938964844</ele></trkpt><trkpt lat="46.021330021787435" lon="7.278179856482893"><ele>2163.5999755859375</ele></trkpt><trkpt lat="46.02134004607797" lon="7.278270214796066"><ele>2163.5999755859375</ele></trkpt><trkpt lat="46.02135001355782" lon="7.27832054393366"><ele>2163.8999938964844</ele></trkpt><trkpt lat="46.02139059267938" lon="7.278390151914209"><ele>2162.5999755859375</ele></trkpt><trkpt lat="46.02141049737111" lon="7.278470151126385"><ele>2163.0999755859375</ele></trkpt><trkpt lat="46.02152041345835" lon="7.278589913621545"><ele>2162.0</ele></trkpt><trkpt lat="46.02158075477928" lon="7.278640094678849"><ele>2162.3999938964844</ele></trkpt><trkpt lat="46.02160061663017" lon="7.278690395411104"><ele>2162.5</ele></trkpt><trkpt lat="46.02162062050775" lon="7.27884012227878"><ele>2160.5999755859375</ele></trkpt><trkpt lat="46.021670224610716" lon="7.278930364642292"><ele>2160.8999938964844</ele></trkpt><trkpt lat="46.021750413347036" lon="7.279020517598838"><ele>2163.199981689453</ele></trkpt><trkpt lat="46.02176036546007" lon="7.279060517437756"><ele>2163.0999755859375</ele></trkpt><trkpt lat="46.02180003002286" lon="7.279119798913598"><ele>2163.0</ele></trkpt><trkpt lat="46.021830743178725" lon="7.279210097156465"><ele>2163.0</ele></trkpt><trkpt lat="46.02191025996581" lon="7.279460369609296"><ele>2163.199981689453</ele></trkpt><trkpt lat="46.021910302340984" lon="7.279490068554878"><ele>2162.699981689453</ele></trkpt><trkpt lat="46.021900449413806" lon="7.27951979637146"><ele>2162.199981689453</ele></trkpt><trkpt lat="46.02190050622448" lon="7.2795598255470395"><ele>2162.199981689453</ele></trkpt><trkpt lat="46.02192038251087" lon="7.279620456974953"><ele>2161.699981689453</ele></trkpt><trkpt lat="46.021920481231064" lon="7.279690185096115"><ele>2161.5999755859375</ele></trkpt><trkpt lat="46.021950223017484" lon="7.279730127193034"><ele>2161.5</ele></trkpt><trkpt lat="46.02197008486837" lon="7.27978042839095"><ele>2161.0999755859375</ele></trkpt><trkpt lat="46.0219307448715" lon="7.279949699528515"><ele>2162.7999877929688</ele></trkpt><trkpt lat="46.02193085895851" lon="7.280029758345336"><ele>2164.3999938964844</ele></trkpt><trkpt lat="46.02188061317429" lon="7.280120294075459"><ele>2167.8999938964844</ele></trkpt><trkpt lat="46.02189059415832" lon="7.280180954374373"><ele>2168.3999938964844</ele></trkpt><trkpt lat="46.02194012561813" lon="7.280220839194953"><ele>2167.5999755859375</ele></trkpt><trkpt lat="46.02197076706216" lon="7.280260779429227"><ele>2169.199981689453</ele></trkpt><trkpt lat="46.022000521887094" lon="7.280309760477394"><ele>2169.2999877929688</ele></trkpt><trkpt lat="46.02202035533264" lon="7.280340693425387"><ele>2168.5999755859375</ele></trkpt><trkpt lat="46.02209080243483" lon="7.2805406344123185"><ele>2166.5999755859375</ele></trkpt><trkpt lat="46.022100711707026" lon="7.280550935771316"><ele>2166.2999877929688</ele></trkpt><trkpt lat="46.022130608558655" lon="7.280700636096299"><ele>2166.5</ele></trkpt><trkpt lat="46.02213000319898" lon="7.280909823719412"><ele>2162.8999938964844</ele></trkpt><trkpt lat="46.02216072939336" lon="7.281010453589261"><ele>2161.5999755859375</ele></trkpt><trkpt lat="46.022179999854416" lon="7.281280273105949"><ele>2159.7999877929688</ele></trkpt><trkpt lat="46.022180126514286" lon="7.281370661687106"><ele>2158.5</ele></trkpt><trkpt lat="46.022170427720994" lon="7.28151014726609"><ele>2158.699981689453</ele></trkpt><trkpt lat="46.022140813060105" lon="7.281560592819005"><ele>2158.699981689453</ele></trkpt><trkpt lat="46.022130101919174" lon="7.281620021909475"><ele>2157.8999938964844</ele></trkpt><trkpt lat="46.02213014382869" lon="7.2816497213207185"><ele>2157.8999938964844</ele></trkpt><trkpt lat="46.022150004282594" lon="7.281700023449957"><ele>2157.0999755859375</ele></trkpt><trkpt lat="46.022140179760754" lon="7.281750411260873"><ele>2157.199981689453</ele></trkpt><trkpt lat="46.02213036827743" lon="7.281809838023037"><ele>2157.0999755859375</ele></trkpt><trkpt lat="46.02214036276564" lon="7.281880829017609"><ele>2156.8999938964844</ele></trkpt><trkpt lat="46.02213062159717" lon="7.2819906156510115"><ele>2158.2999877929688</ele></trkpt><trkpt lat="46.02215049462393" lon="7.282049956731498"><ele>2157.5999755859375</ele></trkpt><trkpt lat="46.022200054489076" lon="7.282110503874719"><ele>2157.8999938964844</ele></trkpt><trkpt lat="46.02221998339519" lon="7.2822098741307855"><ele>2158.0</ele></trkpt><trkpt lat="46.02222003927454" lon="7.282249903772026"><ele>2157.199981689453</ele></trkpt><trkpt lat="46.0222407579422" lon="7.282270504627377"><ele>2158.0999755859375</ele></trkpt><trkpt lat="46.02227044291794" lon="7.2822704189457"><ele>2157.0</ele></trkpt><trkpt lat="46.022290274035186" lon="7.2823000606149435"><ele>2155.199981689453</ele></trkpt><trkpt lat="46.022280434612185" lon="7.282340118661523"><ele>2154.8999938964844</ele></trkpt><trkpt lat="46.022320099174976" lon="7.282400694210082"><ele>2154.0</ele></trkpt><trkpt lat="46.02233006246388" lon="7.282449733931571"><ele>2153.0</ele></trkpt><trkpt lat="46.02232022350654" lon="7.282489791978151"><ele>2152.8999938964844</ele></trkpt><trkpt lat="46.02233024453744" lon="7.282580152153969"><ele>2153.199981689453</ele></trkpt><trkpt lat="46.02236008271575" lon="7.282689825166017"><ele>2153.0</ele></trkpt><trkpt lat="46.022420450579375" lon="7.28276067180559"><ele>2151.5</ele></trkpt><trkpt lat="46.02246012771502" lon="7.282830286771059"><ele>2150.5</ele></trkpt><trkpt lat="46.022430568467826" lon="7.282920761033893"><ele>2149.2999877929688</ele></trkpt><trkpt lat="46.022400066722184" lon="7.282980247400701"><ele>2149.2999877929688</ele></trkpt><trkpt lat="46.022320077288896" lon="7.283030836377293"><ele>2149.8999938964844</ele></trkpt><trkpt lat="46.02228051004931" lon="7.283039988949895"><ele>2150.0999755859375</ele></trkpt><trkpt lat="46.02224010042846" lon="7.283090464305133"><ele>2149.0999755859375</ele></trkpt><trkpt lat="46.02219063974917" lon="7.283100936096162"><ele>2148.199981689453</ele></trkpt><trkpt lat="46.02208009036258" lon="7.283169689588249"><ele>2146.0999755859375</ele></trkpt><trkpt lat="46.021940716542304" lon="7.283210118301213"><ele>2144.7999877929688</ele></trkpt><trkpt lat="46.02193085011095" lon="7.283230806700885"><ele>2144.7999877929688</ele></trkpt><trkpt lat="46.021929991897196" lon="7.283260508440435"><ele>2145.0</ele></trkpt><trkpt lat="46.0219400129281" lon="7.283350868616253"><ele>2147.0999755859375</ele></trkpt><trkpt lat="46.02193020051345" lon="7.2834102949127555"><ele>2147.2999877929688</ele></trkpt><trkpt lat="46.02186013292521" lon="7.283480223733932"><ele>2147.699981689453</ele></trkpt><trkpt lat="46.02182059409097" lon="7.2835100358352065"><ele>2147.8999938964844</ele></trkpt><trkpt lat="46.02171083539724" lon="7.2835000194609165"><ele>2148.0999755859375</ele></trkpt><trkpt lat="46.02162006404251" lon="7.283559676725417"><ele>2148.5999755859375</ele></trkpt><trkpt lat="46.02156086079776" lon="7.283679933287203"><ele>2149.7999877929688</ele></trkpt><trkpt lat="46.021540267858654" lon="7.283749719616026"><ele>2149.699981689453</ele></trkpt><trkpt lat="46.021540366113186" lon="7.283820738550276"><ele>2149.8999938964844</ele></trkpt><trkpt lat="46.021530512254685" lon="7.283850465901196"><ele>2149.699981689453</ele></trkpt><trkpt lat="46.02150084171444" lon="7.283860880415887"><ele>2149.7999877929688</ele></trkpt><trkpt lat="46.02138048131019" lon="7.283990349154919"><ele>2149.5</ele></trkpt><trkpt lat="46.021339987404644" lon="7.283980134408921"><ele>2149.8999938964844</ele></trkpt><trkpt lat="46.02131026145071" lon="7.283950520213693"><ele>2149.7999877929688</ele></trkpt><trkpt lat="46.02129049832001" lon="7.283969945274293"><ele>2149.199981689453</ele></trkpt><trkpt lat="46.02119008125737" lon="7.284210403915495"><ele>2148.8999938964844</ele></trkpt><trkpt lat="46.02116039628163" lon="7.284210488200188"><ele>2149.0</ele></trkpt><trkpt lat="46.02113079326227" lon="7.284269969910383"><ele>2148.3999938964844</ele></trkpt><trkpt lat="46.021020274143666" lon="7.284360671415925"><ele>2150.5999755859375</ele></trkpt><trkpt lat="46.02095026150346" lon="7.284470626618713"><ele>2152.2999877929688</ele></trkpt><trkpt lat="46.02090078685433" lon="7.284470767248422"><ele>2153.8999938964844</ele></trkpt><trkpt lat="46.02083075977862" lon="7.284570391755551"><ele>2154.699981689453</ele></trkpt><trkpt lat="46.02079041674733" lon="7.284669931512326"><ele>2153.7999877929688</ele></trkpt><trkpt lat="46.020750117022544" lon="7.284800461027771"><ele>2153.5</ele></trkpt><trkpt lat="46.02065040403977" lon="7.284900168888271"><ele>2154.0999755859375</ele></trkpt><trkpt lat="46.020610824692994" lon="7.284900281112641"><ele>2155.3999938964844</ele></trkpt><trkpt lat="46.020530820358545" lon="7.284940536133945"><ele>2155.0999755859375</ele></trkpt><trkpt lat="46.02050030324608" lon="7.284989689476788"><ele>2156.0999755859375</ele></trkpt><trkpt lat="46.020460778381675" lon="7.285029829479754"><ele>2156.699981689453</ele></trkpt><trkpt lat="46.02036009868607" lon="7.285080472007394"><ele>2155.699981689453</ele></trkpt><trkpt lat="46.02027038997039" lon="7.285260206088424"><ele>2153.0999755859375</ele></trkpt><trkpt lat="46.020160019397736" lon="7.285460657440126"><ele>2149.699981689453</ele></trkpt><trkpt lat="46.020100716967136" lon="7.285509891342372"><ele>2149.0999755859375</ele></trkpt><trkpt lat="46.02007017284632" lon="7.285539675503969"><ele>2148.3999938964844</ele></trkpt><trkpt lat="46.020060332491994" lon="7.285579731222242"><ele>2147.5999755859375</ele></trkpt><trkpt lat="46.02003068989143" lon="7.285610803868622"><ele>2147.199981689453</ele></trkpt><trkpt lat="46.0200100550428" lon="7.285650889854878"><ele>2145.7999877929688</ele></trkpt><trkpt lat="46.020000281743705" lon="7.285740011371672"><ele>2146.0999755859375</ele></trkpt><trkpt lat="46.01998056052253" lon="7.285790424793959"><ele>2145.2999877929688</ele></trkpt><trkpt lat="46.01995003037155" lon="7.285830538254231"><ele>2144.8999938964844</ele></trkpt><trkpt lat="46.019910572096705" lon="7.285919743590057"><ele>2144.3999938964844</ele></trkpt><trkpt lat="46.01985038584098" lon="7.285980599932373"><ele>2144.699981689453</ele></trkpt><trkpt lat="46.019710301887244" lon="7.286160472780466"><ele>2145.0999755859375</ele></trkpt><trkpt lat="46.01969053829089" lon="7.2861798969097435"><ele>2145.699981689453</ele></trkpt><trkpt lat="46.019680697936565" lon="7.286219951696694"><ele>2145.0</ele></trkpt><trkpt lat="46.01963041815907" lon="7.286289818584919"><ele>2144.8999938964844</ele></trkpt><trkpt lat="46.019620577804744" lon="7.286329873837531"><ele>2144.5</ele></trkpt><trkpt lat="46.0195900760591" lon="7.286390646360815"><ele>2144.5999755859375</ele></trkpt><trkpt lat="46.01953078666702" lon="7.2864502081647515"><ele>2144.5999755859375</ele></trkpt><trkpt lat="46.0195201151073" lon="7.28654062282294"><ele>2143.2999877929688</ele></trkpt><trkpt lat="46.01949055120349" lon="7.286629798822105"><ele>2142.7999877929688</ele></trkpt><trkpt lat="46.01944027328864" lon="7.286700956057757"><ele>2142.199981689453</ele></trkpt><trkpt lat="46.01944033941254" lon="7.286750021856278"><ele>2141.5999755859375</ele></trkpt><trkpt lat="46.01943048508838" lon="7.286779746878892"><ele>2141.699981689453</ele></trkpt><trkpt lat="46.0192408435978" lon="7.286900359205902"><ele>2138.5</ele></trkpt><trkpt lat="46.01919046929106" lon="7.28690049983561"><ele>2138.0</ele></trkpt><trkpt lat="46.019180587958544" lon="7.286910857073963"><ele>2137.3999938964844</ele></trkpt><trkpt lat="46.01917074713856" lon="7.286950911395252"><ele>2136.2999877929688</ele></trkpt><trkpt lat="46.019130307715386" lon="7.286980722099543"><ele>2135.3999938964844</ele></trkpt><trkpt lat="46.01904041972011" lon="7.2870300388894975"><ele>2135.3999938964844</ele></trkpt><trkpt lat="46.01901078922674" lon="7.28707014862448"><ele>2135.5999755859375</ele></trkpt><trkpt lat="46.01894022664055" lon="7.287440918851644"><ele>2135.0</ele></trkpt><trkpt lat="46.018920517060906" lon="7.2875003684312105"><ele>2134.0999755859375</ele></trkpt><trkpt lat="46.01893043797463" lon="7.287519708741456"><ele>2133.3999938964844</ele></trkpt><trkpt lat="46.01891070185229" lon="7.287559791002423"><ele>2132.7999877929688</ele></trkpt><trkpt lat="46.01881012925878" lon="7.287690481171012"><ele>2132.3999938964844</ele></trkpt><trkpt lat="46.018770575057715" lon="7.287709958851337"><ele>2132.0999755859375</ele></trkpt><trkpt lat="46.018700424581766" lon="7.287720483727753"><ele>2131.699981689453</ele></trkpt><trkpt lat="46.01860072277486" lon="7.287830511573702"><ele>2129.5999755859375</ele></trkpt><trkpt lat="46.018530760426074" lon="7.287980483379215"><ele>2129.699981689453</ele></trkpt><trkpt lat="46.01848045177758" lon="7.2880296879448"><ele>2129.0999755859375</ele></trkpt><trkpt lat="46.018410329241306" lon="7.288060870952904"><ele>2128.699981689453</ele></trkpt><trkpt lat="46.01837086956948" lon="7.288150072097778"><ele>2129.3999938964844</ele></trkpt><trkpt lat="46.01822079345584" lon="7.288260238710791"><ele>2131.699981689453</ele></trkpt><trkpt lat="46.0181902628392" lon="7.288300349842757"><ele>2132.0999755859375</ele></trkpt><trkpt lat="46.01813007378951" lon="7.288359910715371"><ele>2132.8999938964844</ele></trkpt><trkpt lat="46.018050028476864" lon="7.2883704621344805"><ele>2133.8999938964844</ele></trkpt><trkpt lat="46.01798081723973" lon="7.288410680368543"><ele>2135.0</ele></trkpt><trkpt lat="46.01778027135879" lon="7.288449970539659"><ele>2137.0</ele></trkpt><trkpt lat="46.01774075906724" lon="7.288500435650349"><ele>2136.2999877929688</ele></trkpt><trkpt lat="46.01771026849747" lon="7.288570242933929"><ele>2136.5</ele></trkpt><trkpt lat="46.01765009248629" lon="7.288640132173896"><ele>2137.8999938964844</ele></trkpt><trkpt lat="46.01761052664369" lon="7.288650570902973"><ele>2138.3999938964844</ele></trkpt><trkpt lat="46.01757008722052" lon="7.288680379744619"><ele>2139.2999877929688</ele></trkpt><trkpt lat="46.017490135040134" lon="7.288760652765632"><ele>2139.199981689453</ele></trkpt><trkpt lat="46.01728068711236" lon="7.288869688287377"><ele>2141.699981689453</ele></trkpt><trkpt lat="46.017070448957384" lon="7.289060068782419"><ele>2146.5999755859375</ele></trkpt><trkpt lat="46.01694008288905" lon="7.289110783021897"><ele>2147.699981689453</ele></trkpt><trkpt lat="46.01690054265782" lon="7.2891405881382525"><ele>2147.699981689453</ele></trkpt><trkpt lat="46.01686012884602" lon="7.289189763367176"><ele>2148.3999938964844</ele></trkpt><trkpt lat="46.016800853889436" lon="7.289260939694941"><ele>2149.3999938964844</ele></trkpt><trkpt lat="46.0166804343462" lon="7.2893503601662815"><ele>2151.2999877929688</ele></trkpt><trkpt lat="46.016640841029584" lon="7.289340139832348"><ele>2151.5</ele></trkpt><trkpt lat="46.01662011165172" lon="7.289310500957072"><ele>2152.5</ele></trkpt><trkpt lat="46.01658050483093" lon="7.289289951790124"><ele>2154.0</ele></trkpt><trkpt lat="46.01655085943639" lon="7.289319729898125"><ele>2155.5</ele></trkpt><trkpt lat="46.0164402439259" lon="7.289340692572296"><ele>2159.3999938964844</ele></trkpt><trkpt lat="46.01640071813017" lon="7.289380826987326"><ele>2161.0</ele></trkpt><trkpt lat="46.01639086287469" lon="7.289410550147295"><ele>2162.0</ele></trkpt><trkpt lat="46.01631086925045" lon="7.289459833409637"><ele>2162.8999938964844</ele></trkpt><trkpt lat="46.016240797936916" lon="7.289529747329652"><ele>2164.0</ele></trkpt><trkpt lat="46.01618054276332" lon="7.289540242403746"><ele>2165.8999938964844</ele></trkpt><trkpt lat="46.01595044601709" lon="7.289680316578597"><ele>2170.5999755859375</ele></trkpt><trkpt lat="46.01592081459239" lon="7.289720422588289"><ele>2169.7999877929688</ele></trkpt><trkpt lat="46.015830013900995" lon="7.2897606967017055"><ele>2171.5</ele></trkpt><trkpt lat="46.01577064441517" lon="7.289760859683156"><ele>2172.3999938964844</ele></trkpt><trkpt lat="46.01565015735105" lon="7.289799924008548"><ele>2173.5999755859375</ele></trkpt><trkpt lat="46.015630420763046" lon="7.289840002544224"><ele>2174.0999755859375</ele></trkpt><trkpt lat="46.01557016512379" lon="7.289850497152656"><ele>2174.7999877929688</ele></trkpt><trkpt lat="46.01556029636413" lon="7.28986989101395"><ele>2175.8999938964844</ele></trkpt><trkpt lat="46.015470328740776" lon="7.289859808981419"><ele>2178.5</ele></trkpt><trkpt lat="46.01547042327002" lon="7.289930819999427"><ele>2180.199981689453</ele></trkpt><trkpt lat="46.015420021954924" lon="7.289910300634801"><ele>2181.5</ele></trkpt><trkpt lat="46.01532014552504" lon="7.289889916777611"><ele>2184.2999877929688</ele></trkpt><trkpt lat="46.0151501330547" lon="7.289890383835882"><ele>2190.2999877929688</ele></trkpt><trkpt lat="46.015100604854524" lon="7.289850495290011"><ele>2191.3999938964844</ele></trkpt><trkpt lat="46.01512050163001" lon="7.289930489845574"><ele>2193.0999755859375</ele></trkpt><trkpt lat="46.015020586084574" lon="7.289880410768092"><ele>2196.3999938964844</ele></trkpt><trkpt lat="46.01498006749898" lon="7.289850826840848"><ele>2198.3999938964844</ele></trkpt><trkpt lat="46.01488005742431" lon="7.289729738142341"><ele>2203.5999755859375</ele></trkpt><trkpt lat="46.01487021613866" lon="7.289769789669663"><ele>2204.3999938964844</ele></trkpt><trkpt lat="46.01486932160333" lon="7.289773665368557"><ele>2204.3999938964844</ele></trkpt><trkpt lat="46.01486932160333" lon="7.289773665368557"><ele>2204.3999938964844</ele></trkpt><trkpt lat="46.01487021613866" lon="7.289769789669663"><ele>2204.3999938964844</ele></trkpt><trkpt lat="46.014860374387354" lon="7.289809840731323"><ele>2205.199981689453</ele></trkpt><trkpt lat="46.014810781460255" lon="7.289720891509205"><ele>2208.5</ele></trkpt><trkpt lat="46.01473065605387" lon="7.289670758880675"><ele>2212.2999877929688</ele></trkpt><trkpt lat="46.0147200752981" lon="7.2898308844305575"><ele>2215.7999877929688</ele></trkpt><trkpt lat="46.01471020607278" lon="7.28985027782619"><ele>2216.5</ele></trkpt><trkpt lat="46.014690363314" lon="7.2898103087209165"><ele>2217.5999755859375</ele></trkpt><trkpt lat="46.014590380713344" lon="7.289709878154099"><ele>2221.8999938964844</ele></trkpt><trkpt lat="46.01456063054502" lon="7.289660898502916"><ele>2223.5</ele></trkpt><trkpt lat="46.01455084234476" lon="7.28974097315222"><ele>2225.0</ele></trkpt><trkpt lat="46.0145607907325" lon="7.28978096973151"><ele>2225.5</ele></trkpt><trkpt lat="46.01455012895167" lon="7.289880413562059"><ele>2227.3999938964844</ele></trkpt><trkpt lat="46.014470836147666" lon="7.289779926184565"><ele>2231.0</ele></trkpt><trkpt lat="46.01445034658536" lon="7.289929749444127"><ele>2234.5999755859375</ele></trkpt><trkpt lat="46.014400753658265" lon="7.289840800687671"><ele>2237.699981689453</ele></trkpt><trkpt lat="46.014390024356544" lon="7.289889891631901"><ele>2238.7999877929688</ele></trkpt><trkpt lat="46.01432066736743" lon="7.289820363279432"><ele>2242.0</ele></trkpt><trkpt lat="46.01432061428204" lon="7.289780339691788"><ele>2242.5999755859375</ele></trkpt><trkpt lat="46.01429089019075" lon="7.289750726427883"><ele>2243.5999755859375</ele></trkpt><trkpt lat="46.0142703470774" lon="7.28986052563414"><ele>2246.5</ele></trkpt><trkpt lat="46.01425055740401" lon="7.28986058011651"><ele>2247.0</ele></trkpt><trkpt lat="46.014240582007915" lon="7.289799926336855"><ele>2248.5</ele></trkpt><trkpt lat="46.014180234167725" lon="7.289740702603012"><ele>2251.5999755859375</ele></trkpt><trkpt lat="46.01415046863258" lon="7.2896801037713885"><ele>2253.2999877929688</ele></trkpt><trkpt lat="46.0141504551284" lon="7.289669774938375"><ele>2253.5999755859375</ele></trkpt><trkpt lat="46.01412000507116" lon="7.289770563598722"><ele>2256.5</ele></trkpt><trkpt lat="46.01403073826805" lon="7.2896107151173055"><ele>2262.0</ele></trkpt><trkpt lat="46.014020036906004" lon="7.289680462796241"><ele>2263.199981689453</ele></trkpt><trkpt lat="46.01396050769836" lon="7.289560556411743"><ele>2266.699981689453</ele></trkpt><trkpt lat="46.01397032197565" lon="7.289499849081039"><ele>2268.3999938964844</ele></trkpt><trkpt lat="46.01393067697063" lon="7.289450897369534"><ele>2270.199981689453</ele></trkpt><trkpt lat="46.01390085788444" lon="7.289350275415927"><ele>2272.699981689453</ele></trkpt><trkpt lat="46.01387039478868" lon="7.289440735243261"><ele>2274.8999938964844</ele></trkpt><trkpt lat="46.0138702346012" lon="7.289320665877312"><ele>2277.2999877929688</ele></trkpt><trkpt lat="46.01381000550464" lon="7.289350526407361"><ele>2279.5999755859375</ele></trkpt><trkpt lat="46.01380008319393" lon="7.289329896681011"><ele>2281.0</ele></trkpt><trkpt lat="46.013750582467765" lon="7.28931066673249"><ele>2281.7999877929688</ele></trkpt><trkpt lat="46.013810771517456" lon="7.289249821100384"><ele>2284.199981689453</ele></trkpt><trkpt lat="46.01378017477691" lon="7.289240867830813"><ele>2284.7999877929688</ele></trkpt><trkpt lat="46.013720710761845" lon="7.2891700230538845"><ele>2286.699981689453</ele></trkpt><trkpt lat="46.01371077587828" lon="7.28914035577327"><ele>2287.699981689453</ele></trkpt><trkpt lat="46.013520824257284" lon="7.289029847364873"><ele>2290.3999938964844</ele></trkpt><trkpt lat="46.01325003569946" lon="7.289009937550873"><ele>2296.699981689453</ele></trkpt><trkpt lat="46.01318067731336" lon="7.28894041152671"><ele>2296.5</ele></trkpt><trkpt lat="46.01309070922434" lon="7.2889303313568234"><ele>2297.5999755859375</ele></trkpt><trkpt lat="46.01295046042651" lon="7.288990106899291"><ele>2298.8999938964844</ele></trkpt><trkpt lat="46.01292076148093" lon="7.288979860488325"><ele>2299.2999877929688</ele></trkpt><trkpt lat="46.01277053868398" lon="7.288980274926871"><ele>2302.199981689453</ele></trkpt><trkpt lat="46.01266067381948" lon="7.288890204858035"><ele>2304.7999877929688</ele></trkpt><trkpt lat="46.01255088951439" lon="7.288860813714564"><ele>2303.699981689453</ele></trkpt><trkpt lat="46.01247077481821" lon="7.288819721434265"><ele>2304.199981689453</ele></trkpt><trkpt lat="46.01227023033425" lon="7.288860296830535"><ele>2304.5</ele></trkpt><trkpt lat="46.01213085465133" lon="7.2889007036574185"><ele>2303.5999755859375</ele></trkpt><trkpt lat="46.012000393588096" lon="7.288880406878889"><ele>2304.0</ele></trkpt><trkpt lat="46.01178089110181" lon="7.288870684336871"><ele>2303.7999877929688</ele></trkpt><trkpt lat="46.01171075226739" lon="7.28889024304226"><ele>2302.699981689453</ele></trkpt><trkpt lat="46.01156055461615" lon="7.288910022936761"><ele>2303.0999755859375</ele></trkpt><trkpt lat="46.01151027344167" lon="7.28897987678647"><ele>2303.5</ele></trkpt><trkpt lat="46.0114302681759" lon="7.289020118769258"><ele>2304.5999755859375</ele></trkpt><trkpt lat="46.01128083700314" lon="7.288940487895161"><ele>2305.3999938964844</ele></trkpt><trkpt lat="46.01109085883945" lon="7.288810620084405"><ele>2306.2999877929688</ele></trkpt><trkpt lat="46.01100086281076" lon="7.288779884111136"><ele>2305.3999938964844</ele></trkpt><trkpt lat="46.01087041571736" lon="7.28876991616562"><ele>2307.8999938964844</ele></trkpt><trkpt lat="46.010750791057944" lon="7.288780575152487"><ele>2310.8999938964844</ele></trkpt><trkpt lat="46.01059051183984" lon="7.288660954684019"><ele>2312.199981689453</ele></trkpt><trkpt lat="46.0104105216451" lon="7.288600775413215"><ele>2313.0999755859375</ele></trkpt><trkpt lat="46.01038076961413" lon="7.288550509139895"><ele>2313.5999755859375</ele></trkpt><trkpt lat="46.01032044645399" lon="7.28851065505296"><ele>2314.199981689453</ele></trkpt><trkpt lat="46.01021067472175" lon="7.288490303326398"><ele>2316.7999877929688</ele></trkpt><trkpt lat="46.01018005050719" lon="7.288460695184767"><ele>2317.0999755859375</ele></trkpt><trkpt lat="46.01015027053654" lon="7.288389773108065"><ele>2317.0</ele></trkpt><trkpt lat="46.010060329921544" lon="7.288400350138545"><ele>2316.0999755859375</ele></trkpt><trkpt lat="46.009860523510724" lon="7.288320861756802"><ele>2315.0</ele></trkpt><trkpt lat="46.00979035720229" lon="7.28831976512447"><ele>2314.7999877929688</ele></trkpt><trkpt lat="46.00974001083523" lon="7.288340560160577"><ele>2314.8999938964844</ele></trkpt><trkpt lat="46.00967081170529" lon="7.288389808963984"><ele>2315.0</ele></trkpt><trkpt lat="46.009630386251956" lon="7.288429941050708"><ele>2315.699981689453</ele></trkpt><trkpt lat="46.009590834379196" lon="7.288450706284493"><ele>2316.0</ele></trkpt><trkpt lat="46.009530565235764" lon="7.288450872991234"><ele>2316.7999877929688</ele></trkpt><trkpt lat="46.00951078720391" lon="7.2884599645622075"><ele>2316.8999938964844</ele></trkpt><trkpt lat="46.009470294229686" lon="7.2884497488848865"><ele>2317.5999755859375</ele></trkpt><trkpt lat="46.0094307558611" lon="7.288480842020363"><ele>2318.3999938964844</ele></trkpt><trkpt lat="46.00939024891704" lon="7.2884602984413505"><ele>2318.199981689453</ele></trkpt><trkpt lat="46.00932090263814" lon="7.288399814628065"><ele>2319.2999877929688</ele></trkpt><trkpt lat="46.00920036388561" lon="7.288400148507208"><ele>2318.8999938964844</ele></trkpt><trkpt lat="46.009130159858614" lon="7.288370650727302"><ele>2320.0999755859375</ele></trkpt><trkpt lat="46.00908060371876" lon="7.288310112897307"><ele>2321.699981689453</ele></trkpt><trkpt lat="46.00904012424871" lon="7.288310224656016"><ele>2322.0</ele></trkpt><trkpt lat="46.0089708995074" lon="7.28834010893479"><ele>2323.0999755859375</ele></trkpt><trkpt lat="46.00892047164962" lon="7.288300228770822"><ele>2323.3999938964844</ele></trkpt><trkpt lat="46.00888090580702" lon="7.288310666102916"><ele>2324.5999755859375</ele></trkpt><trkpt lat="46.00875044474378" lon="7.288290372584015"><ele>2328.199981689453</ele></trkpt><trkpt lat="46.00857044151053" lon="7.28821986913681"><ele>2331.199981689453</ele></trkpt><trkpt lat="46.008490328677" lon="7.288180071860552"><ele>2332.7999877929688</ele></trkpt><trkpt lat="46.00849392497912" lon="7.288178771268576"><ele>2332.7999877929688</ele></trkpt><trkpt lat="46.00849392497912" lon="7.288178771268576"><ele>2332.7999877929688</ele></trkpt><trkpt lat="46.008490328677" lon="7.288180071860552"><ele>2332.7999877929688</ele></trkpt><trkpt lat="46.008430891204625" lon="7.288129889871925"><ele>2333.0</ele></trkpt><trkpt lat="46.00835080584511" lon="7.2881107474677265"><ele>2332.8999938964844</ele></trkpt><trkpt lat="46.00827080011368" lon="7.288150988519192"><ele>2332.699981689453</ele></trkpt><trkpt lat="46.008220423944294" lon="7.2881498374044895"><ele>2332.5999755859375</ele></trkpt><trkpt lat="46.00817003753036" lon="7.288140940479934"><ele>2332.5999755859375</ele></trkpt><trkpt lat="46.008120574988425" lon="7.288150114007294"><ele>2333.2999877929688</ele></trkpt><trkpt lat="46.00802067248151" lon="7.28811037261039"><ele>2335.7999877929688</ele></trkpt><trkpt lat="46.00800084276125" lon="7.288080736063421"><ele>2336.699981689453</ele></trkpt><trkpt lat="46.007960349321365" lon="7.288070520851761"><ele>2337.5999755859375</ele></trkpt><trkpt lat="46.00784057471901" lon="7.287970160599798"><ele>2339.0</ele></trkpt><trkpt lat="46.007660504896194" lon="7.287850603926927"><ele>2341.2999877929688</ele></trkpt><trkpt lat="46.00757055124268" lon="7.287850853987038"><ele>2343.0999755859375</ele></trkpt><trkpt lat="46.00754081225023" lon="7.287810917943716"><ele>2343.0999755859375</ele></trkpt><trkpt lat="46.00746072502807" lon="7.287790486123413"><ele>2344.3999938964844</ele></trkpt><trkpt lat="46.00742024555802" lon="7.287790598347783"><ele>2344.0999755859375</ele></trkpt><trkpt lat="46.007380759809166" lon="7.287860418204218"><ele>2344.5999755859375</ele></trkpt><trkpt lat="46.00740063004196" lon="7.287919745314866"><ele>2344.2999877929688</ele></trkpt><trkpt lat="46.007370099425316" lon="7.2879598485305905"><ele>2343.2999877929688</ele></trkpt><trkpt lat="46.007350337225944" lon="7.287980557885021"><ele>2342.8999938964844</ele></trkpt><trkpt lat="46.00728021282703" lon="7.28801044402644"><ele>2343.699981689453</ele></trkpt><trkpt lat="46.00729014771059" lon="7.2880401075817645"><ele>2343.0</ele></trkpt><trkpt lat="46.00729017518461" lon="7.288060761988163"><ele>2342.2999877929688</ele></trkpt><trkpt lat="46.007260570302606" lon="7.288120226468891"><ele>2341.3999938964844</ele></trkpt><trkpt lat="46.00725078303367" lon="7.2882002904079854"><ele>2342.5</ele></trkpt><trkpt lat="46.007210304029286" lon="7.288200403098017"><ele>2344.0</ele></trkpt><trkpt lat="46.00719052832574" lon="7.2882107850164175"><ele>2344.199981689453</ele></trkpt><trkpt lat="46.007150060962886" lon="7.288219933863729"><ele>2344.699981689453</ele></trkpt><trkpt lat="46.00714011210948" lon="7.288179942872375"><ele>2345.0999755859375</ele></trkpt><trkpt lat="46.007120322436094" lon="7.288179997820407"><ele>2345.199981689453</ele></trkpt><trkpt lat="46.00703026074916" lon="7.288100210949779"><ele>2347.0</ele></trkpt><trkpt lat="46.007000549696386" lon="7.288080929778516"><ele>2347.0</ele></trkpt><trkpt lat="46.00694027869031" lon="7.288079805672169"><ele>2346.5999755859375</ele></trkpt><trkpt lat="46.00693043740466" lon="7.288119851611555"><ele>2346.699981689453</ele></trkpt><trkpt lat="46.006910729222" lon="7.288180578965694"><ele>2346.5999755859375</ele></trkpt><trkpt lat="46.00689009344205" lon="7.288220654241741"><ele>2346.3999938964844</ele></trkpt><trkpt lat="46.00686040846631" lon="7.288220736663789"><ele>2346.5999755859375</ele></trkpt><trkpt lat="46.006850553676486" lon="7.288250454701483"><ele>2346.5</ele></trkpt><trkpt lat="46.00686050252989" lon="7.288290445692837"><ele>2346.5</ele></trkpt><trkpt lat="46.006860570050776" lon="7.2883407906629145"><ele>2346.0999755859375</ele></trkpt><trkpt lat="46.006830119527876" lon="7.2884402754716575"><ele>2347.8999938964844</ele></trkpt><trkpt lat="46.0068500447087" lon="7.288540911395103"><ele>2348.199981689453</ele></trkpt><trkpt lat="46.00682042585686" lon="7.2885900479741395"><ele>2349.0</ele></trkpt><trkpt lat="46.00678083207458" lon="7.288579829968512"><ele>2349.699981689453</ele></trkpt><trkpt lat="46.006740380544215" lon="7.288600596599281"><ele>2350.7999877929688</ele></trkpt><trkpt lat="46.006720698438585" lon="7.28868068754673"><ele>2352.199981689453</ele></trkpt><trkpt lat="46.00668024504557" lon="7.288700162898749"><ele>2353.0</ele></trkpt><trkpt lat="46.00662083597854" lon="7.288670636713505"><ele>2355.199981689453</ele></trkpt><trkpt lat="46.006570380646735" lon="7.2886101035401225"><ele>2357.0999755859375</ele></trkpt><trkpt lat="46.00654074922204" lon="7.288650203496218"><ele>2358.0</ele></trkpt><trkpt lat="46.00642011733726" lon="7.288580828346312"><ele>2358.8999938964844</ele></trkpt><trkpt lat="46.00635077105835" lon="7.288520347792655"><ele>2358.5999755859375</ele></trkpt><trkpt lat="46.00632013287395" lon="7.288480414543301"><ele>2358.199981689453</ele></trkpt><trkpt lat="46.006280553061515" lon="7.288480523973703"><ele>2358.3999938964844</ele></trkpt><trkpt lat="46.00543066393584" lon="7.290639930870384"><ele>2363.7999877929688</ele></trkpt><trkpt lat="46.005500128958374" lon="7.290790774393827"><ele>2365.2999877929688</ele></trkpt><trkpt lat="46.00543066393584" lon="7.290639930870384"><ele>2364.199981689453</ele></trkpt><trkpt lat="46.00545038888231" lon="7.290590823628008"><ele>2363.199981689453</ele></trkpt><trkpt lat="46.00544048892334" lon="7.290586978197098"><ele>2363.199981689453</ele></trkpt><trkpt lat="46.00544048752636" lon="7.290586977265775"><ele>2356.8999938964844</ele></trkpt><trkpt lat="46.00544048752636" lon="7.290586977265775"><ele>2356.8999938964844</ele></trkpt><trkpt lat="46.00544048752636" lon="7.290586977265775"><ele>2356.8999938964844</ele></trkpt><trkpt lat="46.00544048752636" lon="7.290586977265775"><ele>2356.8999938964844</ele></trkpt><trkpt lat="46.00544048752636" lon="7.290586977265775"><ele>2356.8999938964844</ele></trkpt><trkpt lat="46.005432459991425" lon="7.290637344121933"><ele>2364.7999877929688</ele></trkpt><trkpt lat="46.005506444722414" lon="7.290804957039654"><ele>2366.199981689453</ele></trkpt><trkpt lat="46.00554815493524" lon="7.291055274195969"><ele>2368.699981689453</ele></trkpt><trkpt lat="46.00557533930987" lon="7.291204942855984"><ele>2371.2999877929688</ele></trkpt><trkpt lat="46.005657504312694" lon="7.291437078732997"><ele>2373.2999877929688</ele></trkpt><trkpt lat="46.005660424008965" lon="7.291604885831475"><ele>2374.5</ele></trkpt><trkpt lat="46.005747119896114" lon="7.29186282819137"><ele>2376.5999755859375</ele></trkpt><trkpt lat="46.00588946323842" lon="7.2920263865962625"><ele>2379.5</ele></trkpt><trkpt lat="46.00609848368913" lon="7.292274964507669"><ele>2381.199981689453</ele></trkpt><trkpt lat="46.00620742980391" lon="7.292352124582976"><ele>2381.2999877929688</ele></trkpt><trkpt lat="46.006326428148896" lon="7.292549311183393"><ele>2382.0999755859375</ele></trkpt><trkpt lat="46.00645444635302" lon="7.292765838094056"><ele>2383.7999877929688</ele></trkpt><trkpt lat="46.006450031884015" lon="7.292829104233533"><ele>2385.3999938964844</ele></trkpt><trkpt lat="46.00640050834045" lon="7.292791801504791"><ele>2387.699981689453</ele></trkpt><trkpt lat="46.00644850637764" lon="7.293038235511631"><ele>2391.5</ele></trkpt><trkpt lat="46.00649920431897" lon="7.29328595334664"><ele>2395.7999877929688</ele></trkpt><trkpt lat="46.0065534976311" lon="7.293532371055335"><ele>2400.0999755859375</ele></trkpt><trkpt lat="46.006613263394684" lon="7.29383686510846"><ele>2403.5999755859375</ele></trkpt><trkpt lat="46.00655024405569" lon="7.2937970156781375"><ele>2407.0999755859375</ele></trkpt><trkpt lat="46.006289361044765" lon="7.293784803710878"><ele>2411.7999877929688</ele></trkpt><trkpt lat="46.00631847791374" lon="7.294040324166417"><ele>2415.199981689453</ele></trkpt><trkpt lat="46.00633850693703" lon="7.2942248694598675"><ele>2417.0999755859375</ele></trkpt><trkpt lat="46.00622146483511" lon="7.294146436732262"><ele>2419.5999755859375</ele></trkpt><trkpt lat="46.00619542878121" lon="7.294185232836753"><ele>2421.0999755859375</ele></trkpt><trkpt lat="46.00620016036555" lon="7.29436594620347"><ele>2424.699981689453</ele></trkpt><trkpt lat="46.0060273562558" lon="7.29429411701858"><ele>2432.7999877929688</ele></trkpt><trkpt lat="46.00585545087233" lon="7.294220995157957"><ele>2443.8999938964844</ele></trkpt><trkpt lat="46.005684446543455" lon="7.294149162247777"><ele>2456.0</ele></trkpt><trkpt lat="46.00551344221458" lon="7.294077329803258"><ele>2467.0999755859375</ele></trkpt><trkpt lat="46.0053361421451" lon="7.294006805401295"><ele>2476.2999877929688</ele></trkpt><trkpt lat="46.005163334775716" lon="7.293932396452874"><ele>2483.699981689453</ele></trkpt><trkpt lat="46.00500313192606" lon="7.29386699013412"><ele>2489.5</ele></trkpt><trkpt lat="46.00482408888638" lon="7.293840360362083"><ele>2494.8999938964844</ele></trkpt><trkpt lat="46.00464954506606" lon="7.29381500929594"><ele>2499.5</ele></trkpt><trkpt lat="46.00447050482035" lon="7.29379096115008"><ele>2502.5</ele></trkpt><trkpt lat="46.004291461315006" lon="7.293764331843704"><ele>2506.199981689453</ele></trkpt><trkpt lat="46.00401345361024" lon="7.293726349249482"><ele>2511.199981689453</ele></trkpt><trkpt lat="46.00383721292019" lon="7.293779744766653"><ele>2515.5999755859375</ele></trkpt><trkpt lat="46.00366546958685" lon="7.293833127710968"><ele>2519.3999938964844</ele></trkpt><trkpt lat="46.003487430978566" lon="7.293887818232179"><ele>2522.5</ele></trkpt><trkpt lat="46.00330938864499" lon="7.29393992619589"><ele>2524.5</ele></trkpt><trkpt lat="46.00313314702362" lon="7.293993320316076"><ele>2526.2999877929688</ele></trkpt><trkpt lat="46.00289845885709" lon="7.294064940884709"><ele>2527.8999938964844</ele></trkpt><trkpt lat="46.00275022163987" lon="7.294209906831384"><ele>2528.5999755859375</ele></trkpt><trkpt lat="46.00260108569637" lon="7.29435616498813"><ele>2529.2999877929688</ele></trkpt><trkpt lat="46.00245644617826" lon="7.294501120224595"><ele>2530.3999938964844</ele></trkpt><trkpt lat="46.002306409180164" lon="7.294646088499576"><ele>2531.7999877929688</ele></trkpt><trkpt lat="46.00215547438711" lon="7.29479234945029"><ele>2533.0999755859375</ele></trkpt><trkpt lat="46.00200633658096" lon="7.294937313999981"><ele>2534.199981689453</ele></trkpt><trkpt lat="46.00185809796676" lon="7.295082275290042"><ele>2535.699981689453</ele></trkpt><trkpt lat="46.001713461242616" lon="7.295229807961732"><ele>2537.0999755859375</ele></trkpt><trkpt lat="46.001563421450555" lon="7.295373481698334"><ele>2537.5999755859375</ele></trkpt><trkpt lat="46.001563421450555" lon="7.295373481698334"><ele>2537.5999755859375</ele></trkpt><trkpt lat="46.001563421450555" lon="7.295373481698334"><ele>2537.5999755859375</ele></trkpt><trkpt lat="46.001563421450555" lon="7.295373481698334"><ele>2537.5999755859375</ele></trkpt><trkpt lat="46.001563421450555" lon="7.295373481698334"><ele>2537.5999755859375</ele></trkpt><trkpt lat="46.001563421450555" lon="7.295373481698334"><ele>2537.5999755859375</ele></trkpt><trkpt lat="46.00141607830301" lon="7.295515856705606"><ele>2537.3999938964844</ele></trkpt><trkpt lat="46.00126513512805" lon="7.2956569492816925"><ele>2537.5999755859375</ele></trkpt><trkpt lat="46.001114189159125" lon="7.295795460231602"><ele>2538.699981689453</ele></trkpt><trkpt lat="46.00096324784681" lon="7.295937842223793"><ele>2540.2999877929688</ele></trkpt><trkpt lat="46.000812301412225" lon="7.296076351776719"><ele>2542.8999938964844</ele></trkpt><trkpt lat="46.00066135823727" lon="7.296217442024499"><ele>2547.199981689453</ele></trkpt><trkpt lat="46.000510414130986" lon="7.296357241459191"><ele>2554.0</ele></trkpt><trkpt lat="46.00035947142169" lon="7.296498330309987"><ele>2561.3999938964844</ele></trkpt><trkpt lat="46.000209426507354" lon="7.296638125553727"><ele>2567.5999755859375</ele></trkpt><trkpt lat="45.99997043143958" lon="7.296860760543495"><ele>2573.5</ele></trkpt><trkpt lat="45.99986544623971" lon="7.297066264320165"><ele>2580.5999755859375</ele></trkpt><trkpt lat="45.99975236551836" lon="7.29727178812027"><ele>2588.7999877929688</ele></trkpt><trkpt lat="45.999646480195224" lon="7.297477292828262"><ele>2596.5999755859375</ele></trkpt><trkpt lat="45.999535197392106" lon="7.29768281057477"><ele>2602.3999938964844</ele></trkpt><trkpt lat="45.99942841148004" lon="7.297888315282762"><ele>2607.0</ele></trkpt><trkpt lat="45.99931712727994" lon="7.298093830700964"><ele>2611.3999938964844</ele></trkpt><trkpt lat="45.999192393384874" lon="7.2983342302031815"><ele>2615.8999938964844</ele></trkpt><trkpt lat="45.999088312964886" lon="7.298546178732067"><ele>2620.0999755859375</ele></trkpt><trkpt lat="45.99898513313383" lon="7.298759415280074"><ele>2623.699981689453</ele></trkpt><trkpt lat="45.99888644879684" lon="7.298971348442137"><ele>2627.0</ele></trkpt><trkpt lat="45.998782370239496" lon="7.2991858762688935"><ele>2630.0</ele></trkpt><trkpt lat="45.998678287956864" lon="7.29939782153815"><ele>2631.5</ele></trkpt><trkpt lat="45.99858049955219" lon="7.299608458764851"><ele>2631.5</ele></trkpt><trkpt lat="45.99847731878981" lon="7.299822981469333"><ele>2631.699981689453</ele></trkpt><trkpt lat="45.99840014753863" lon="7.299975482746959"><ele>2632.0</ele></trkpt><trkpt lat="45.9984781187959" lon="7.299742955248803"><ele>2631.0</ele></trkpt><trkpt lat="45.99852831615135" lon="7.299600847996771"><ele>2629.699981689453</ele></trkpt><trkpt lat="45.9985343394801" lon="7.299381411168724"><ele>2628.199981689453</ele></trkpt><trkpt lat="45.99871749151498" lon="7.29909698292613"><ele>2627.0</ele></trkpt><trkpt lat="45.9987344215624" lon="7.298967867624015"><ele>2626.5</ele></trkpt><trkpt lat="45.99879734078422" lon="7.298928983975202"><ele>2625.0999755859375</ele></trkpt><trkpt lat="45.99890226544812" lon="7.298671859782189"><ele>2623.0999755859375</ele></trkpt><trkpt lat="45.998965312261134" lon="7.298734942451119"><ele>2622.0</ele></trkpt><trkpt lat="45.99909367132932" lon="7.298515187576413"><ele>2620.199981689453</ele></trkpt><trkpt lat="45.999228407628834" lon="7.2983599519357085"><ele>2616.7999877929688</ele></trkpt><trkpt lat="45.999317184090614" lon="7.298139006365091"><ele>2611.699981689453</ele></trkpt><trkpt lat="45.99945440841839" lon="7.297817257232964"><ele>2605.199981689453</ele></trkpt><trkpt lat="45.999612368643284" lon="7.297532883938402"><ele>2599.5999755859375</ele></trkpt><trkpt lat="45.999640497844666" lon="7.29772642115131"><ele>2596.0999755859375</ele></trkpt><trkpt lat="45.99975842051208" lon="7.297791942488402"><ele>2594.5</ele></trkpt><trkpt lat="45.999972444958985" lon="7.297738466411829"><ele>2593.3999938964844</ele></trkpt><trkpt lat="46.0000433945097" lon="7.297647929750383"><ele>2591.8999938964844</ele></trkpt><trkpt lat="46.00008748937398" lon="7.297662013210356"><ele>2590.3999938964844</ele></trkpt><trkpt lat="46.00012431992218" lon="7.297621903941035"><ele>2589.2999877929688</ele></trkpt><trkpt lat="46.00015135668218" lon="7.297661846969277"><ele>2588.3999938964844</ele></trkpt><trkpt lat="46.00033036386594" lon="7.297660090960562"><ele>2587.199981689453</ele></trkpt><trkpt lat="46.00052016833797" lon="7.297660888172686"><ele>2584.5999755859375</ele></trkpt><trkpt lat="46.00069350190461" lon="7.297441007569432"><ele>2579.7999877929688</ele></trkpt><trkpt lat="46.00094339251518" lon="7.297297080978751"><ele>2574.7999877929688</ele></trkpt><trkpt lat="46.00102350162342" lon="7.2973368861712515"><ele>2572.0</ele></trkpt><trkpt lat="46.00109634641558" lon="7.297322497703135"><ele>2570.0999755859375</ele></trkpt><trkpt lat="46.0011313627474" lon="7.29727077530697"><ele>2568.3999938964844</ele></trkpt><trkpt lat="46.0011313627474" lon="7.29727077530697"><ele>2568.3999938964844</ele></trkpt><trkpt lat="46.0011313627474" lon="7.29727077530697"><ele>2568.3999938964844</ele></trkpt><trkpt lat="46.0011313627474" lon="7.29727077530697"><ele>2568.3999938964844</ele></trkpt><trkpt lat="46.0011313627474" lon="7.29727077530697"><ele>2568.3999938964844</ele></trkpt><trkpt lat="46.0011313627474" lon="7.29727077530697"><ele>2568.3999938964844</ele></trkpt><trkpt lat="46.00121142342687" lon="7.29727185703814"><ele>2566.5999755859375</ele></trkpt><trkpt lat="46.001292298547924" lon="7.297205816488713"><ele>2564.8999938964844</ele></trkpt><trkpt lat="46.00140345096588" lon="7.296897029969841"><ele>2563.199981689453</ele></trkpt><trkpt lat="46.00141139887273" lon="7.296780838165432"><ele>2560.699981689453</ele></trkpt><trkpt lat="46.001482443884015" lon="7.296766453888267"><ele>2558.199981689453</ele></trkpt><trkpt lat="46.00158836040646" lon="7.296585466712713"><ele>2556.5999755859375</ele></trkpt><trkpt lat="46.00162419397384" lon="7.296469201799482"><ele>2556.0</ele></trkpt><trkpt lat="46.00159709248692" lon="7.296378917526454"><ele>2554.8999938964844</ele></trkpt><trkpt lat="46.001744421198964" lon="7.296224927064031"><ele>2552.5</ele></trkpt><trkpt lat="46.001839441247284" lon="7.295965228229761"><ele>2549.0999755859375</ele></trkpt><trkpt lat="46.00207328842953" lon="7.2959387972950935"><ele>2545.0</ele></trkpt><trkpt lat="46.002163126599044" lon="7.295848204288632"><ele>2540.699981689453</ele></trkpt><trkpt lat="46.00236547365785" lon="7.2958089471794665"><ele>2537.699981689453</ele></trkpt><trkpt lat="46.00240148976445" lon="7.295835959259421"><ele>2535.8999938964844</ele></trkpt><trkpt lat="46.002571421675384" lon="7.295772261917591"><ele>2532.8999938964844</ele></trkpt><trkpt lat="46.00274945097044" lon="7.295709833968431"><ele>2529.5</ele></trkpt><trkpt lat="46.00292118405923" lon="7.2956474223174155"><ele>2527.699981689453</ele></trkpt><trkpt lat="46.003053358756006" lon="7.295601895079017"><ele>2526.0999755859375</ele></trkpt><trkpt lat="46.00323324697092" lon="7.295585930813104"><ele>2523.2999877929688</ele></trkpt><trkpt lat="46.00334117654711" lon="7.2955740285106"><ele>2521.0999755859375</ele></trkpt><trkpt lat="46.00342208566144" lon="7.295535090379417"><ele>2519.5999755859375</ele></trkpt><trkpt lat="46.003488436341286" lon="7.295367107260972"><ele>2518.2999877929688</ele></trkpt><trkpt lat="46.00359446648508" lon="7.295276468619704"><ele>2517.5999755859375</ele></trkpt><trkpt lat="46.00362941622734" lon="7.295173109509051"><ele>2518.0</ele></trkpt><trkpt lat="46.003700397443026" lon="7.295108380261809"><ele>2518.699981689453</ele></trkpt><trkpt lat="46.00374539103359" lon="7.2951211696490645"><ele>2518.699981689453</ele></trkpt><trkpt lat="46.00379144959152" lon="7.295263039879501"><ele>2517.5</ele></trkpt><trkpt lat="46.00387342367321" lon="7.295353182125837"><ele>2515.199981689453</ele></trkpt><trkpt lat="46.003968491218984" lon="7.295132196508348"><ele>2512.0</ele></trkpt><trkpt lat="46.004081485792994" lon="7.294862110633403"><ele>2507.0999755859375</ele></trkpt><trkpt lat="46.00429646065459" lon="7.29484992288053"><ele>2502.0</ele></trkpt><trkpt lat="46.00432247854769" lon="7.294796928297728"><ele>2498.699981689453</ele></trkpt><trkpt lat="46.00433743931353" lon="7.294540008995682"><ele>2495.8999938964844</ele></trkpt><trkpt lat="46.00434704916552" lon="7.294319247361273"><ele>2492.8999938964844</ele></trkpt><trkpt lat="46.004455210175365" lon="7.294486770406365"><ele>2489.7999877929688</ele></trkpt><trkpt lat="46.00450939824805" lon="7.294654437340796"><ele>2486.2999877929688</ele></trkpt><trkpt lat="46.004613468423486" lon="7.2944398783147335"><ele>2482.699981689453</ele></trkpt><trkpt lat="46.004674463532865" lon="7.294305466581136"><ele>2481.3999938964844</ele></trkpt><trkpt lat="46.0048814099282" lon="7.2943449332378805"><ele>2481.0</ele></trkpt><trkpt lat="46.00500541133806" lon="7.294240043032914"><ele>2478.5</ele></trkpt><trkpt lat="46.0049724127166" lon="7.29446086846292"><ele>2475.0</ele></trkpt><trkpt lat="46.00506847817451" lon="7.294317326042801"><ele>2471.199981689453</ele></trkpt><trkpt lat="46.00506706070155" lon="7.294614228885621"><ele>2465.5999755859375</ele></trkpt><trkpt lat="46.00521343573928" lon="7.294420208781958"><ele>2460.0999755859375</ele></trkpt><trkpt lat="46.00524246972054" lon="7.29461376182735"><ele>2455.5999755859375</ele></trkpt><trkpt lat="46.005312483757734" lon="7.294497396796942"><ele>2451.7999877929688</ele></trkpt><trkpt lat="46.00534148467705" lon="7.294665133114904"><ele>2449.0</ele></trkpt><trkpt lat="46.005403438117355" lon="7.294575897976756"><ele>2446.3999938964844</ele></trkpt><trkpt lat="46.005581505130976" lon="7.294543153140694"><ele>2442.8999938964844</ele></trkpt><trkpt lat="46.00584141211584" lon="7.294495990499854"><ele>2438.0</ele></trkpt><trkpt lat="46.006128364708275" lon="7.294495227281004"><ele>2431.3999938964844</ele></trkpt><trkpt lat="46.00629039807245" lon="7.294585159048438"><ele>2425.5</ele></trkpt><trkpt lat="46.006335341371596" lon="7.294559221249074"><ele>2423.0999755859375</ele></trkpt><trkpt lat="46.00620016036555" lon="7.29436594620347"><ele>2424.699981689453</ele></trkpt><trkpt lat="46.00619542878121" lon="7.294185232836753"><ele>2421.0999755859375</ele></trkpt><trkpt lat="46.00625744648278" lon="7.294146340806037"><ele>2419.199981689453</ele></trkpt><trkpt lat="46.00633850693703" lon="7.2942248694598675"><ele>2417.0999755859375</ele></trkpt><trkpt lat="46.006308489479125" lon="7.293968060519546"><ele>2414.8999938964844</ele></trkpt><trkpt lat="46.006289361044765" lon="7.293784803710878"><ele>2411.7999877929688</ele></trkpt><trkpt lat="46.006424291525036" lon="7.29378444282338"><ele>2408.199981689453</ele></trkpt><trkpt lat="46.006613263394684" lon="7.29383686510846"><ele>2403.5999755859375</ele></trkpt><trkpt lat="46.006613263394684" lon="7.29383686510846"><ele>2403.5999755859375</ele></trkpt><trkpt lat="46.006613263394684" lon="7.29383686510846"><ele>2403.5999755859375</ele></trkpt><trkpt lat="46.006613263394684" lon="7.29383686510846"><ele>2403.5999755859375</ele></trkpt><trkpt lat="46.006613263394684" lon="7.29383686510846"><ele>2403.5999755859375</ele></trkpt><trkpt lat="46.006613263394684" lon="7.29383686510846"><ele>2403.5999755859375</ele></trkpt><trkpt lat="46.0065514119342" lon="7.294004847295582"><ele>2402.8999938964844</ele></trkpt><trkpt lat="46.00657849665731" lon="7.2940809382125735"><ele>2401.0999755859375</ele></trkpt><trkpt lat="46.00670546526089" lon="7.294183872174472"><ele>2398.699981689453</ele></trkpt><trkpt lat="46.00676748296246" lon="7.294144979678094"><ele>2396.3999938964844</ele></trkpt><trkpt lat="46.006822504568845" lon="7.29426101455465"><ele>2393.699981689453</ele></trkpt><trkpt lat="46.006901296786964" lon="7.293976804241538"><ele>2390.5999755859375</ele></trkpt><trkpt lat="46.00693741161376" lon="7.2940799803473055"><ele>2387.7999877929688</ele></trkpt><trkpt lat="46.007082446012646" lon="7.294240958057344"><ele>2384.699981689453</ele></trkpt><trkpt lat="46.00716443033889" lon="7.294338849373162"><ele>2382.0</ele></trkpt><trkpt lat="46.00719941081479" lon="7.294260010123253"><ele>2380.3999938964844</ele></trkpt><trkpt lat="46.00724445609376" lon="7.294312817975879"><ele>2379.0</ele></trkpt><trkpt lat="46.00728243449703" lon="7.294466336257756"><ele>2376.7999877929688</ele></trkpt><trkpt lat="46.007372421678156" lon="7.294491915032268"><ele>2374.0</ele></trkpt><trkpt lat="46.00739740859717" lon="7.294336937833577"><ele>2372.2999877929688</ele></trkpt><trkpt lat="46.00745241343975" lon="7.294440065510571"><ele>2370.699981689453</ele></trkpt><trkpt lat="46.00746249128133" lon="7.294582040049136"><ele>2368.5999755859375</ele></trkpt><trkpt lat="46.00751449819654" lon="7.294452809263021"><ele>2366.8999938964844</ele></trkpt><trkpt lat="46.00751648005098" lon="7.294594805687666"><ele>2365.5999755859375</ele></trkpt><trkpt lat="46.00754443183541" lon="7.294646367896348"><ele>2364.0</ele></trkpt><trkpt lat="46.00759645551443" lon="7.294530046638101"><ele>2362.8999938964844</ele></trkpt><trkpt lat="46.00778444483876" lon="7.294517928734422"><ele>2362.5</ele></trkpt><trkpt lat="46.00791241088882" lon="7.29469702905044"><ele>2361.7999877929688</ele></trkpt><trkpt lat="46.008019474800676" lon="7.2947109448723495"><ele>2360.199981689453</ele></trkpt><trkpt lat="46.00809346744791" lon="7.294890189077705"><ele>2357.699981689453</ele></trkpt><trkpt lat="46.00827010907233" lon="7.295147909782827"><ele>2355.199981689453</ele></trkpt><trkpt lat="46.00829724455252" lon="7.295264022890478"><ele>2354.0</ele></trkpt><trkpt lat="46.00836922414601" lon="7.29527674196288"><ele>2352.7999877929688</ele></trkpt><trkpt lat="46.008405389264226" lon="7.29541994119063"><ele>2350.699981689453</ele></trkpt><trkpt lat="46.00837849965319" lon="7.295496177393943"><ele>2347.0</ele></trkpt><trkpt lat="46.008482408709824" lon="7.295857368502766"><ele>2341.7999877929688</ele></trkpt><trkpt lat="46.00858148932457" lon="7.295960383489728"><ele>2338.7999877929688</ele></trkpt><trkpt lat="46.00860747694969" lon="7.295882857404649"><ele>2336.7999877929688</ele></trkpt><trkpt lat="46.00873902719468" lon="7.296052916906774"><ele>2332.5</ele></trkpt><trkpt lat="46.00882912520319" lon="7.296166283544153"><ele>2327.7999877929688</ele></trkpt><trkpt lat="46.00891916267574" lon="7.296231885906309"><ele>2325.0</ele></trkpt><trkpt lat="46.0089732487686" lon="7.296320820227265"><ele>2324.2999877929688</ele></trkpt><trkpt lat="46.00906542874873" lon="7.2966562286019325"><ele>2323.7999877929688</ele></trkpt><trkpt lat="46.009191463235766" lon="7.296733356546611"><ele>2322.199981689453</ele></trkpt><trkpt lat="46.00927242124453" lon="7.296733144670725"><ele>2319.3999938964844</ele></trkpt><trkpt lat="46.00943449046463" lon="7.296852780506015"><ele>2314.8999938964844</ele></trkpt><trkpt lat="46.00959026115015" lon="7.296971142292023"><ele>2309.0999755859375</ele></trkpt><trkpt lat="46.00975143024698" lon="7.297090781386942"><ele>2303.0999755859375</ele></trkpt><trkpt lat="46.00991349713877" lon="7.297209128271788"><ele>2297.3999938964844</ele></trkpt><trkpt lat="46.01006836956367" lon="7.2973287855274975"><ele>2291.5</ele></trkpt><trkpt lat="46.01028806390241" lon="7.297492168843746"><ele>2286.0999755859375</ele></trkpt><trkpt lat="46.01020723674446" lon="7.297596948686987"><ele>2283.2999877929688</ele></trkpt><trkpt lat="46.0102073000744" lon="7.2976472969166934"><ele>2281.5999755859375</ele></trkpt><trkpt lat="46.01035949634388" lon="7.297785037197173"><ele>2279.0</ele></trkpt><trkpt lat="46.010513491462916" lon="7.2979227737523615"><ele>2275.7999877929688</ele></trkpt><trkpt lat="46.010649477597326" lon="7.298046356532723"><ele>2271.5</ele></trkpt><trkpt lat="46.01078645233065" lon="7.29824094241485"><ele>2266.7999877929688</ele></trkpt><trkpt lat="46.01081444974989" lon="7.298329948913306"><ele>2264.199981689453</ele></trkpt><trkpt lat="46.01083044661209" lon="7.298174987081438"><ele>2263.2999877929688</ele></trkpt><trkpt lat="46.010902443900704" lon="7.298201911151409"><ele>2261.2999877929688</ele></trkpt><trkpt lat="46.011065408121794" lon="7.298318970948458"><ele>2258.0999755859375</ele></trkpt><trkpt lat="46.01122207241133" lon="7.2984334654174745"><ele>2254.699981689453</ele></trkpt><trkpt lat="46.01138233905658" lon="7.298551824409515"><ele>2251.0999755859375</ele></trkpt><trkpt lat="46.01154350070283" lon="7.298666309099644"><ele>2247.5999755859375</ele></trkpt><trkpt lat="46.01170646445826" lon="7.298783371224999"><ele>2244.3999938964844</ele></trkpt><trkpt lat="46.01186402933672" lon="7.298899157438427"><ele>2241.199981689453</ele></trkpt><trkpt lat="46.012035098392516" lon="7.2990239462815225"><ele>2238.199981689453</ele></trkpt><trkpt lat="46.012089505791664" lon="7.299372385255992"><ele>2236.3999938964844</ele></trkpt><trkpt lat="46.0122544914484" lon="7.299668900668621"><ele>2235.8999938964844</ele></trkpt><trkpt lat="46.0122544914484" lon="7.299668900668621"><ele>2235.8999938964844</ele></trkpt><trkpt lat="46.0122544914484" lon="7.299668900668621"><ele>2235.8999938964844</ele></trkpt><trkpt lat="46.0122544914484" lon="7.299668900668621"><ele>2235.8999938964844</ele></trkpt><trkpt lat="46.0122544914484" lon="7.299668900668621"><ele>2235.8999938964844</ele></trkpt><trkpt lat="46.0122544914484" lon="7.299668900668621"><ele>2235.8999938964844</ele></trkpt><trkpt lat="46.012471473775804" lon="7.29982326971367"><ele>2234.699981689453</ele></trkpt><trkpt lat="46.0125064435415" lon="7.299732807092369"><ele>2232.5</ele></trkpt><trkpt lat="46.01273042941466" lon="7.299732232932001"><ele>2230.199981689453</ele></trkpt><trkpt lat="46.012801460921764" lon="7.299706229940057"><ele>2228.699981689453</ele></trkpt><trkpt lat="46.01282748486847" lon="7.299655812326819"><ele>2227.699981689453</ele></trkpt><trkpt lat="46.013006455264986" lon="7.299624368548393"><ele>2226.5999755859375</ele></trkpt><trkpt lat="46.01314225886017" lon="7.299602072220296"><ele>2225.699981689453</ele></trkpt><trkpt lat="46.013205162249506" lon="7.299550268333405"><ele>2225.0</ele></trkpt><trkpt lat="46.01335815060884" lon="7.299602809827775"><ele>2224.5999755859375</ele></trkpt><trkpt lat="46.01353712566197" lon="7.299575238954276"><ele>2223.8999938964844</ele></trkpt><trkpt lat="46.01381143787876" lon="7.299535803031176"><ele>2222.2999877929688</ele></trkpt><trkpt lat="46.0138834817335" lon="7.2996001723222435"><ele>2222.699981689453</ele></trkpt><trkpt lat="46.01398628856987" lon="7.29980777297169"><ele>2224.199981689453</ele></trkpt><trkpt lat="46.01405121432617" lon="7.2999354233033955"><ele>2223.3999938964844</ele></trkpt><trkpt lat="46.01415928732604" lon="7.300038433633745"><ele>2221.5</ele></trkpt><trkpt lat="46.01422239933163" lon="7.300154469907284"><ele>2220.3999938964844</ele></trkpt><trkpt lat="46.0144574213773" lon="7.300348824355751"><ele>2219.2999877929688</ele></trkpt><trkpt lat="46.01466442644596" lon="7.300437381956726"><ele>2218.3999938964844</ele></trkpt><trkpt lat="46.014942368958145" lon="7.300423762761056"><ele>2217.699981689453</ele></trkpt><trkpt lat="46.015119494404644" lon="7.30035488307476"><ele>2216.699981689453</ele></trkpt><trkpt lat="46.01523907436058" lon="7.300306806806475"><ele>2216.0</ele></trkpt><trkpt lat="46.01535050570965" lon="7.3002161448821425"><ele>2215.5</ele></trkpt><trkpt lat="46.015403418801725" lon="7.300086898729205"><ele>2214.5</ele></trkpt><trkpt lat="46.0156434206292" lon="7.299944262485951"><ele>2212.7999877929688</ele></trkpt><trkpt lat="46.01574220973998" lon="7.2998148975893855"><ele>2211.0</ele></trkpt><trkpt lat="46.0159851340577" lon="7.299853009637445"><ele>2208.0999755859375</ele></trkpt><trkpt lat="46.01618547458202" lon="7.2996459156274796"><ele>2204.0</ele></trkpt><trkpt lat="46.016211417969316" lon="7.2995309378020465"><ele>2201.5999755859375</ele></trkpt><trkpt lat="46.01639950135723" lon="7.299593721050769"><ele>2200.2999877929688</ele></trkpt><trkpt lat="46.01656850753352" lon="7.2995067816227674"><ele>2198.2999877929688</ele></trkpt><trkpt lat="46.016704252921045" lon="7.2994380025193095"><ele>2196.5999755859375</ele></trkpt><trkpt lat="46.0168841779232" lon="7.299450452439487"><ele>2196.5</ele></trkpt><trkpt lat="46.01705510728061" lon="7.2994629251770675"><ele>2196.8999938964844</ele></trkpt><trkpt lat="46.01721146842465" lon="7.299334699753672"><ele>2195.5999755859375</ele></trkpt><trkpt lat="46.017388499807566" lon="7.299190926365554"><ele>2194.2999877929688</ele></trkpt><trkpt lat="46.01760340994224" lon="7.299125815741718"><ele>2193.8999938964844</ele></trkpt><trkpt lat="46.0177741618827" lon="7.298996259458363"><ele>2193.2999877929688</ele></trkpt><trkpt lat="46.01790004968643" lon="7.298957200255245"><ele>2192.7999877929688</ele></trkpt><trkpt lat="46.01797546586022" lon="7.2988408003002405"><ele>2191.8999938964844</ele></trkpt><trkpt lat="46.018129132688046" lon="7.298716451507062"><ele>2190.699981689453</ele></trkpt><trkpt lat="46.01825045282021" lon="7.2986218822188675"><ele>2190.0999755859375</ele></trkpt><trkpt lat="46.01827730797231" lon="7.298517227172852"><ele>2188.5999755859375</ele></trkpt><trkpt lat="46.018268150277436" lon="7.298388132825494"><ele>2187.7999877929688</ele></trkpt><trkpt lat="46.01835812116042" lon="7.298400812316686"><ele>2189.3999938964844</ele></trkpt><trkpt lat="46.01846147142351" lon="7.29832307389006"><ele>2189.5</ele></trkpt><trkpt lat="46.018560155294836" lon="7.298111063893884"><ele>2187.8999938964844</ele></trkpt><trkpt lat="46.018627448473126" lon="7.29797402350232"><ele>2186.3999938964844</ele></trkpt><trkpt lat="46.01867931103334" lon="7.297727271448821"><ele>2185.5999755859375</ele></trkpt><trkpt lat="46.01874548988417" lon="7.297419796232134"><ele>2185.7999877929688</ele></trkpt><trkpt lat="46.01882543321699" lon="7.297327913343906"><ele>2185.699981689453</ele></trkpt><trkpt lat="46.01893218467012" lon="7.297095220070332"><ele>2185.0</ele></trkpt><trkpt lat="46.019058055244386" lon="7.297043243423104"><ele>2183.7999877929688</ele></trkpt><trkpt lat="46.01913343695924" lon="7.296901014633477"><ele>2182.7999877929688</ele></trkpt><trkpt lat="46.01919547235593" lon="7.2968750284053385"><ele>2181.7999877929688</ele></trkpt><trkpt lat="46.01928348187357" lon="7.296759881079197"><ele>2181.5999755859375</ele></trkpt><trkpt lat="46.019311415497214" lon="7.296797253191471"><ele>2182.5999755859375</ele></trkpt><trkpt lat="46.019311415497214" lon="7.296797253191471"><ele>2182.5999755859375</ele></trkpt><trkpt lat="46.019311415497214" lon="7.296797253191471"><ele>2182.5999755859375</ele></trkpt><trkpt lat="46.019311415497214" lon="7.296797253191471"><ele>2182.5999755859375</ele></trkpt><trkpt lat="46.019311415497214" lon="7.296797253191471"><ele>2182.5999755859375</ele></trkpt><trkpt lat="46.019311415497214" lon="7.296797253191471"><ele>2182.5999755859375</ele></trkpt><trkpt lat="46.01933745294809" lon="7.296758448705077"><ele>2180.699981689453</ele></trkpt><trkpt lat="46.019327310845256" lon="7.2965647941455245"><ele>2176.5</ele></trkpt><trkpt lat="46.01941705169156" lon="7.296396701596677"><ele>2174.699981689453</ele></trkpt><trkpt lat="46.01959242951125" lon="7.2963704178109765"><ele>2173.5999755859375</ele></trkpt><trkpt lat="46.019768410827965" lon="7.296111712697893"><ele>2171.5</ele></trkpt><trkpt lat="46.01992026902735" lon="7.2959821918047965"><ele>2170.199981689453</ele></trkpt><trkpt lat="46.01998312305659" lon="7.2958929324522614"><ele>2169.5999755859375</ele></trkpt><trkpt lat="46.02003041934222" lon="7.2955958265811205"><ele>2169.0</ele></trkpt><trkpt lat="46.02015443891287" lon="7.295503822620958"><ele>2168.2999877929688</ele></trkpt><trkpt lat="46.02026113681495" lon="7.295232383534312"><ele>2166.7999877929688</ele></trkpt><trkpt lat="46.020341996103525" lon="7.295154695864767"><ele>2165.699981689453</ele></trkpt><trkpt lat="46.020498452242464" lon="7.295103923883289"><ele>2165.3999938964844</ele></trkpt><trkpt lat="46.0205694148317" lon="7.295024970546365"><ele>2164.3999938964844</ele></trkpt><trkpt lat="46.020701182540506" lon="7.2946630753576756"><ele>2162.8999938964844</ele></trkpt><trkpt lat="46.02084505930543" lon="7.294623956084251"><ele>2161.699981689453</ele></trkpt><trkpt lat="46.02097349613905" lon="7.294469957239926"><ele>2160.699981689453</ele></trkpt><trkpt lat="46.02114350814372" lon="7.294468213804066"><ele>2159.5</ele></trkpt><trkpt lat="46.021241491194814" lon="7.294416303280741"><ele>2157.699981689453</ele></trkpt><trkpt lat="46.02129444759339" lon="7.294325774535537"><ele>2155.5</ele></trkpt><trkpt lat="46.02138440310955" lon="7.294326826464385"><ele>2153.8999938964844</ele></trkpt><trkpt lat="46.02142927842215" lon="7.294247940182686"><ele>2152.5999755859375</ele></trkpt><trkpt lat="46.02155511453748" lon="7.294170130044222"><ele>2151.5999755859375</ele></trkpt><trkpt lat="46.02160445554182" lon="7.294066697359085"><ele>2149.2999877929688</ele></trkpt><trkpt lat="46.02180848410353" lon="7.293937026988715"><ele>2146.0</ele></trkpt><trkpt lat="46.02183447033167" lon="7.293859481811523"><ele>2144.699981689453</ele></trkpt><trkpt lat="46.02177941612899" lon="7.293718880973756"><ele>2145.5</ele></trkpt><trkpt lat="46.021824224386364" lon="7.293588343542069"><ele>2146.699981689453</ele></trkpt><trkpt lat="46.021950093563646" lon="7.293536356650293"><ele>2146.3999938964844</ele></trkpt><trkpt lat="46.02206715149805" lon="7.2936264323070645"><ele>2144.8999938964844</ele></trkpt><trkpt lat="46.022157105151564" lon="7.293626191560179"><ele>2143.2999877929688</ele></trkpt><trkpt lat="46.022219989448786" lon="7.293561459518969"><ele>2140.7999877929688</ele></trkpt><trkpt lat="46.02237299643457" lon="7.293626904953271"><ele>2137.5</ele></trkpt><trkpt lat="46.022499097976834" lon="7.29375440441072"><ele>2134.8999938964844</ele></trkpt><trkpt lat="46.02258905163035" lon="7.293754163663834"><ele>2131.5999755859375</ele></trkpt><trkpt lat="46.02273645903915" lon="7.293663379270583"><ele>2126.2999877929688</ele></trkpt><trkpt lat="46.02288649883121" lon="7.293522227089852"><ele>2120.0999755859375</ele></trkpt><trkpt lat="46.02306528901681" lon="7.293353879824281"><ele>2114.199981689453</ele></trkpt><trkpt lat="46.02310101641342" lon="7.2931587980128825"><ele>2109.3999938964844</ele></trkpt><trkpt lat="46.02319541759789" lon="7.29311980586499"><ele>2106.0999755859375</ele></trkpt><trkpt lat="46.02319443365559" lon="7.293055243324488"><ele>2103.199981689453</ele></trkpt><trkpt lat="46.02339947875589" lon="7.293015953619033"><ele>2100.0</ele></trkpt><trkpt lat="46.02343444246799" lon="7.292925468180329"><ele>2097.699981689453</ele></trkpt><trkpt lat="46.02352341450751" lon="7.292861955240369"><ele>2096.2999877929688</ele></trkpt><trkpt lat="46.0235864315182" lon="7.292899233754724"><ele>2095.0</ele></trkpt><trkpt lat="46.023765408433974" lon="7.2928742174990475"><ele>2092.7999877929688</ele></trkpt><trkpt lat="46.023944383487105" lon="7.292847909964621"><ele>2090.0</ele></trkpt><trkpt lat="46.02412336040288" lon="7.292822894174606"><ele>2088.0</ele></trkpt><trkpt lat="46.02423398382962" lon="7.292807100806385"><ele>2086.199981689453</ele></trkpt><trkpt lat="46.02436248306185" lon="7.292703448794782"><ele>2082.7999877929688</ele></trkpt><trkpt lat="46.024503425695" lon="7.29248483479023"><ele>2078.3999938964844</ele></trkpt><trkpt lat="46.0246833153069" lon="7.29247014503926"><ele>2073.7999877929688</ele></trkpt><trkpt lat="46.024863206315786" lon="7.292456746567041"><ele>2069.699981689453</ele></trkpt><trkpt lat="46.024899035692215" lon="7.292340429034084"><ele>2067.0</ele></trkpt><trkpt lat="46.02493498334661" lon="7.292314505204558"><ele>2065.3999938964844</ele></trkpt><trkpt lat="46.024884490296245" lon="7.292224247474223"><ele>2063.3999938964844</ele></trkpt><trkpt lat="46.02485543349758" lon="7.292017711792141"><ele>2060.5</ele></trkpt><trkpt lat="46.024952278938144" lon="7.29178500873968"><ele>2057.199981689453</ele></trkpt><trkpt lat="46.02498842962086" lon="7.291914044413716"><ele>2054.7999877929688</ele></trkpt><trkpt lat="46.02505132975057" lon="7.29186222050339"><ele>2053.0999755859375</ele></trkpt><trkpt lat="46.025204287376255" lon="7.291888924781233"><ele>2050.5</ele></trkpt><trkpt lat="46.025357141159475" lon="7.291836856864393"><ele>2047.0999755859375</ele></trkpt><trkpt lat="46.025438148994" lon="7.291874086484313"><ele>2043.7999877929688</ele></trkpt><trkpt lat="46.025582041591406" lon="7.291847869753838"><ele>2040.2999877929688</ele></trkpt><trkpt lat="46.02566647948697" lon="7.291757246013731"><ele>2037.2999877929688</ele></trkpt><trkpt lat="46.02566647948697" lon="7.291757246013731"><ele>2037.2999877929688</ele></trkpt><trkpt lat="46.02566647948697" lon="7.291757246013731"><ele>2037.2999877929688</ele></trkpt><trkpt lat="46.02566647948697" lon="7.291757246013731"><ele>2037.2999877929688</ele></trkpt><trkpt lat="46.02566647948697" lon="7.291757246013731"><ele>2037.2999877929688</ele></trkpt><trkpt lat="46.02566647948697" lon="7.291757246013731"><ele>2037.2999877929688</ele></trkpt><trkpt lat="46.025711473077536" lon="7.291770037263632"><ele>2034.8999938964844</ele></trkpt><trkpt lat="46.025718414224684" lon="7.291576314717531"><ele>2031.5999755859375</ele></trkpt><trkpt lat="46.025853463914245" lon="7.291666343342513"><ele>2027.6999816894531</ele></trkpt><trkpt lat="46.02592540998012" lon="7.291653234511614"><ele>2024.0</ele></trkpt><trkpt lat="46.02603345643729" lon="7.291730422992259"><ele>2020.8999938964844</ele></trkpt><trkpt lat="46.02611346449703" lon="7.2916914648376405"><ele>2018.2999877929688</ele></trkpt><trkpt lat="46.02618641173467" lon="7.2917558355256915"><ele>2015.5999755859375</ele></trkpt><trkpt lat="46.02633724641055" lon="7.291535893455148"><ele>2012.1999816894531</ele></trkpt><trkpt lat="46.02645418792963" lon="7.291536867618561"><ele>2008.5</ele></trkpt><trkpt lat="46.0264630112797" lon="7.291406414471567"><ele>2005.1999816894531</ele></trkpt><trkpt lat="46.0265204962343" lon="7.291341688949615"><ele>2001.7999877929688</ele></trkpt><trkpt lat="46.026625014375895" lon="7.291471833828837"><ele>1997.3999938964844</ele></trkpt><trkpt lat="46.02679144451395" lon="7.291483004111797"><ele>1992.0</ele></trkpt><trkpt lat="46.02692206436768" lon="7.291624701581895"><ele>1986.3999938964844</ele></trkpt><trkpt lat="46.02704832190648" lon="7.291869722306728"><ele>1981.5999755859375</ele></trkpt><trkpt lat="46.02703449036926" lon="7.29161277320236"><ele>1977.0</ele></trkpt><trkpt lat="46.02701148856431" lon="7.2912241271696985"><ele>1970.8999938964844</ele></trkpt><trkpt lat="46.02718448918313" lon="7.291443192400038"><ele>1964.0999755859375</ele></trkpt><trkpt lat="46.027218961156905" lon="7.29166392609477"><ele>1958.0999755859375</ele></trkpt><trkpt lat="46.027300036512315" lon="7.291752811986953"><ele>1953.5</ele></trkpt><trkpt lat="46.02722824178636" lon="7.291882145218551"><ele>1950.3999938964844</ele></trkpt><trkpt lat="46.027291192207485" lon="7.291869060602039"><ele>1947.6999816894531</ele></trkpt><trkpt lat="46.02724641794339" lon="7.292024148628116"><ele>1944.5999755859375</ele></trkpt><trkpt lat="46.02730936836451" lon="7.292011064011604"><ele>1941.1999816894531</ele></trkpt><trkpt lat="46.02732740947977" lon="7.292049756739289"><ele>1938.3999938964844</ele></trkpt><trkpt lat="46.027283483650535" lon="7.292166100349277"><ele>1934.7999877929688</ele></trkpt><trkpt lat="46.02727749152109" lon="7.292399857658893"><ele>1930.0</ele></trkpt><trkpt lat="46.0272964136675" lon="7.292424342595041"><ele>1926.3999938964844</ele></trkpt><trkpt lat="46.02739346399903" lon="7.2923478884622455"><ele>1923.1999816894531</ele></trkpt><trkpt lat="46.02732541039586" lon="7.292586979456246"><ele>1919.6999816894531</ele></trkpt><trkpt lat="46.02728332299739" lon="7.29273431096226"><ele>1915.5</ele></trkpt><trkpt lat="46.027498942799866" lon="7.292527106590569"><ele>1910.5</ele></trkpt><trkpt lat="46.027534974738955" lon="7.29256575088948"><ele>1906.1999816894531</ele></trkpt><trkpt lat="46.02741838712245" lon="7.292837257497013"><ele>1902.6999816894531</ele></trkpt><trkpt lat="46.02742748288438" lon="7.292914716526866"><ele>1900.1999816894531</ele></trkpt><trkpt lat="46.02739343466237" lon="7.29301811940968"><ele>1898.7999877929688</ele></trkpt><trkpt lat="46.02740100026131" lon="7.293302206322551"><ele>1897.6999816894531</ele></trkpt><trkpt lat="46.027365253306925" lon="7.293483097106218"><ele>1898.0</ele></trkpt><trkpt lat="46.027241486590356" lon="7.293768826406449"><ele>1899.5999755859375</ele></trkpt><trkpt lat="46.02719497634098" lon="7.293974281754345"><ele>1900.7999877929688</ele></trkpt><trkpt lat="46.02712312946096" lon="7.294064870569855"><ele>1900.2999877929688</ele></trkpt><trkpt lat="46.02706141071394" lon="7.29433622630313"><ele>1897.5</ele></trkpt><trkpt lat="46.02698150090873" lon="7.2944526630453765"><ele>1894.3999938964844</ele></trkpt><trkpt lat="46.02699146186933" lon="7.294504291843623"><ele>1892.5999755859375</ele></trkpt><trkpt lat="46.027026494033635" lon="7.294465456623584"><ele>1890.7999877929688</ele></trkpt><trkpt lat="46.02707002265379" lon="7.2947378237731755"><ele>1887.8999938964844</ele></trkpt><trkpt lat="46.0270704687573" lon="7.295085205696523"><ele>1885.7999877929688</ele></trkpt><trkpt lat="46.026993457227945" lon="7.295357891824096"><ele>1886.2999877929688</ele></trkpt><trkpt lat="46.02701697638258" lon="7.295459849294275"><ele>1886.0</ele></trkpt><trkpt lat="46.02698140684515" lon="7.2957827895879745"><ele>1884.0999755859375</ele></trkpt><trkpt lat="46.02692046854645" lon="7.295963743701577"><ele>1882.2999877929688</ele></trkpt><trkpt lat="46.02691919542849" lon="7.296376989688724"><ele>1880.2999877929688</ele></trkpt><trkpt lat="46.02688336139545" lon="7.2964933081530035"><ele>1878.5999755859375</ele></trkpt><trkpt lat="46.026884506456554" lon="7.296687012072653"><ele>1876.0999755859375</ele></trkpt><trkpt lat="46.02692350698635" lon="7.296940020751208"><ele>1871.6999816894531</ele></trkpt><trkpt lat="46.02695621037856" lon="7.297193046659231"><ele>1867.6999816894531</ele></trkpt><trkpt lat="46.02699341112748" lon="7.297446060460061"><ele>1864.0999755859375</ele></trkpt><trkpt lat="46.02703150361776" lon="7.2976939072832465"><ele>1859.5</ele></trkpt><trkpt lat="46.026993229053915" lon="7.29801685269922"><ele>1855.0999755859375</ele></trkpt><trkpt lat="46.02702947007492" lon="7.298223379999399"><ele>1852.2999877929688</ele></trkpt><trkpt lat="46.027083474677056" lon="7.298249067738652"><ele>1849.8999938964844</ele></trkpt><trkpt lat="46.02717744978145" lon="7.298585877288133"><ele>1847.3999938964844</ele></trkpt><trkpt lat="46.02717744978145" lon="7.298585877288133"><ele>1847.3999938964844</ele></trkpt><trkpt lat="46.02717744978145" lon="7.298585877288133"><ele>1847.3999938964844</ele></trkpt><trkpt lat="46.02717744978145" lon="7.298585877288133"><ele>1847.3999938964844</ele></trkpt><trkpt lat="46.02717744978145" lon="7.298585877288133"><ele>1847.3999938964844</ele></trkpt><trkpt lat="46.02717744978145" lon="7.298585877288133"><ele>1847.3999938964844</ele></trkpt><trkpt lat="46.02722248947248" lon="7.298636124935001"><ele>1844.0999755859375</ele></trkpt><trkpt lat="46.02741950657219" lon="7.298649820964783"><ele>1839.5</ele></trkpt><trkpt lat="46.02749243192375" lon="7.298699996899813"><ele>1836.0999755859375</ele></trkpt><trkpt lat="46.02753649326041" lon="7.298686968628317"><ele>1833.8999938964844</ele></trkpt><trkpt lat="46.027597467415035" lon="7.298531842883676"><ele>1829.8999938964844</ele></trkpt><trkpt lat="46.02782125864178" lon="7.298376295249909"><ele>1824.6999816894531</ele></trkpt><trkpt lat="46.027857094071805" lon="7.298259975388646"><ele>1820.5999755859375</ele></trkpt><trkpt lat="46.02800442557782" lon="7.298105916008353"><ele>1817.5</ele></trkpt><trkpt lat="46.02805502479896" lon="7.298285290598869"><ele>1814.6999816894531</ele></trkpt><trkpt lat="46.02805523527786" lon="7.298453173134476"><ele>1811.7999877929688</ele></trkpt><trkpt lat="46.02810941776261" lon="7.298620916437358"><ele>1808.7999877929688</ele></trkpt><trkpt lat="46.02809348562732" lon="7.298828874714673"><ele>1806.6999816894531</ele></trkpt><trkpt lat="46.02812243020162" lon="7.298956649377942"><ele>1803.3999938964844</ele></trkpt><trkpt lat="46.02825403679162" lon="7.299175850581378"><ele>1797.5</ele></trkpt><trkpt lat="46.02827443508431" lon="7.298943342175335"><ele>1791.2999877929688</ele></trkpt><trkpt lat="46.02837446052581" lon="7.29908513976261"><ele>1785.5999755859375</ele></trkpt><trkpt lat="46.028461121954024" lon="7.299330286215991"><ele>1780.0</ele></trkpt><trkpt lat="46.028515158221126" lon="7.2993818037211895"><ele>1775.7999877929688</ele></trkpt><trkpt lat="46.028497375547886" lon="7.299549733754247"><ele>1772.5999755859375</ele></trkpt><trkpt lat="46.02855136524886" lon="7.299563800450414"><ele>1769.0</ele></trkpt><trkpt lat="46.028499462176114" lon="7.299782183021307"><ele>1763.8999938964844</ele></trkpt><trkpt lat="46.02848900295794" lon="7.300053407438099"><ele>1759.0</ele></trkpt><trkpt lat="46.02845306880772" lon="7.300092241726816"><ele>1755.8999938964844</ele></trkpt><trkpt lat="46.0284532122314" lon="7.300208468455821"><ele>1753.0999755859375</ele></trkpt><trkpt lat="46.02837234875187" lon="7.300286159850657"><ele>1750.0999755859375</ele></trkpt><trkpt lat="46.02821140969172" lon="7.300351140554994"><ele>1748.0</ele></trkpt><trkpt lat="46.02818543557078" lon="7.300442896783352"><ele>1745.0999755859375</ele></trkpt><trkpt lat="46.02823948580772" lon="7.300506038125604"><ele>1741.3999938964844</ele></trkpt><trkpt lat="46.02823150111362" lon="7.300596456974745"><ele>1738.6999816894531</ele></trkpt><trkpt lat="46.0282854414545" lon="7.300570491235703"><ele>1736.1999816894531</ele></trkpt><trkpt lat="46.02827742462978" lon="7.300635082181543"><ele>1733.7999877929688</ele></trkpt><trkpt lat="46.028312490321696" lon="7.300622078124434"><ele>1731.5999755859375</ele></trkpt><trkpt lat="46.028264973312616" lon="7.300751340575516"><ele>1728.7999877929688</ele></trkpt><trkpt lat="46.02837648475543" lon="7.300725228153169"><ele>1725.2999877929688</ele></trkpt><trkpt lat="46.02833695197478" lon="7.300764070823789"><ele>1723.0999755859375</ele></trkpt><trkpt lat="46.028319087810814" lon="7.300867429468781"><ele>1720.5999755859375</ele></trkpt><trkpt lat="46.02839117962867" lon="7.3009718507528305"><ele>1717.2999877929688</ele></trkpt><trkpt lat="46.02841808460653" lon="7.300905919633806"><ele>1715.0</ele></trkpt><trkpt lat="46.028445086441934" lon="7.300918764900416"><ele>1713.2999877929688</ele></trkpt><trkpt lat="46.02849923353642" lon="7.301060683559626"><ele>1711.3999938964844</ele></trkpt><trkpt lat="46.02849942399189" lon="7.301215653307736"><ele>1708.8999938964844</ele></trkpt><trkpt lat="46.028602414764464" lon="7.301576990634203"><ele>1703.8999938964844</ele></trkpt><trkpt lat="46.02874304354191" lon="7.301822005305439"><ele>1698.0</ele></trkpt><trkpt lat="46.0287610180676" lon="7.301809045486152"><ele>1694.3999938964844</ele></trkpt><trkpt lat="46.028779197949916" lon="7.301963970530778"><ele>1691.6999816894531</ele></trkpt><trkpt lat="46.02884229179472" lon="7.302067125681788"><ele>1688.8999938964844</ele></trkpt><trkpt lat="46.02888725278899" lon="7.302054097875953"><ele>1687.0999755859375</ele></trkpt><trkpt lat="46.02887817984447" lon="7.301990840118378"><ele>1685.7999877929688</ele></trkpt><trkpt lat="46.02892309194431" lon="7.30193777801469"><ele>1683.2999877929688</ele></trkpt><trkpt lat="46.028995086438954" lon="7.3019634247757494"><ele>1679.5999755859375</ele></trkpt><trkpt lat="46.029084898065776" lon="7.301846968475729"><ele>1675.2999877929688</ele></trkpt><trkpt lat="46.029147991444916" lon="7.301950123626739"><ele>1670.5</ele></trkpt><trkpt lat="46.029228965286165" lon="7.301962833385915"><ele>1665.2999877929688</ele></trkpt><trkpt lat="46.02933850325644" lon="7.301794669125229"><ele>1659.8999938964844</ele></trkpt><trkpt lat="46.029390912968665" lon="7.301988252438605"><ele>1655.5999755859375</ele></trkpt><trkpt lat="46.029417930636555" lon="7.30201401328668"><ele>1653.1999816894531</ele></trkpt><trkpt lat="46.029430428985506" lon="7.301936494652182"><ele>1651.2999877929688</ele></trkpt><trkpt lat="46.02947444329038" lon="7.301884725689888"><ele>1649.0999755859375</ele></trkpt><trkpt lat="46.029511434957385" lon="7.301975033245981"><ele>1647.1999816894531</ele></trkpt><trkpt lat="46.02951047150418" lon="7.30192337743938"><ele>1644.8999938964844</ele></trkpt><trkpt lat="46.02962550194934" lon="7.301832685712725"><ele>1640.6999816894531</ele></trkpt><trkpt lat="46.029660345986485" lon="7.301638879813254"><ele>1635.8999938964844</ele></trkpt><trkpt lat="46.02975929528475" lon="7.30163862882182"><ele>1630.5</ele></trkpt><trkpt lat="46.02983993617818" lon="7.3013801337219775"><ele>1624.6999816894531</ele></trkpt><trkpt lat="46.02988491253927" lon="7.301380019169301"><ele>1620.3999938964844</ele></trkpt><trkpt lat="46.02994042960927" lon="7.3011732450686395"><ele>1616.0</ele></trkpt><trkpt lat="46.03004050068557" lon="7.301353794988245"><ele>1611.2999877929688</ele></trkpt><trkpt lat="46.030076497700065" lon="7.301366617903113"><ele>1608.6999816894531</ele></trkpt><trkpt lat="46.03009444056079" lon="7.301327828783542"><ele>1606.3999938964844</ele></trkpt><trkpt lat="46.030218105297536" lon="7.301676210016012"><ele>1602.5</ele></trkpt><trkpt lat="46.03024507500231" lon="7.3016632264479995"><ele>1599.0999755859375</ele></trkpt><trkpt lat="46.03027188684791" lon="7.301521097309887"><ele>1596.2999877929688</ele></trkpt><trkpt lat="46.03031689533964" lon="7.301546812523156"><ele>1593.7999877929688</ele></trkpt><trkpt lat="46.030346469022334" lon="7.301456335000694"><ele>1591.8999938964844</ele></trkpt><trkpt lat="46.03041041549295" lon="7.301520746201277"><ele>1590.0999755859375</ele></trkpt><trkpt lat="46.03042745916173" lon="7.3014819589443505"><ele>1588.5999755859375</ele></trkpt><trkpt lat="46.030455423519015" lon="7.301546461414546"><ele>1586.2999877929688</ele></trkpt><trkpt lat="46.030497463885695" lon="7.3013526340946555"><ele>1582.8999938964844</ele></trkpt><trkpt lat="46.03053447138518" lon="7.301455857697874"><ele>1579.0</ele></trkpt><trkpt lat="46.030604287516326" lon="7.301172847859561"><ele>1574.5999755859375</ele></trkpt><trkpt lat="46.030640283133835" lon="7.30118437949568"><ele>1571.0999755859375</ele></trkpt><trkpt lat="46.03065816219896" lon="7.3010939308442175"><ele>1568.3999938964844</ele></trkpt><trkpt lat="46.03073932696134" lon="7.301261615939438"><ele>1564.1999816894531</ele></trkpt><trkpt lat="46.0308771613054" lon="7.301427866797894"><ele>1559.2999877929688</ele></trkpt><trkpt lat="46.0308771613054" lon="7.301427866797894"><ele>1559.2999877929688</ele></trkpt><trkpt lat="46.0308771613054" lon="7.301427866797894"><ele>1559.2999877929688</ele></trkpt><trkpt lat="46.0308771613054" lon="7.301427866797894"><ele>1559.2999877929688</ele></trkpt><trkpt lat="46.0308771613054" lon="7.301427866797894"><ele>1559.2999877929688</ele></trkpt><trkpt lat="46.0308771613054" lon="7.301427866797894"><ele>1559.2999877929688</ele></trkpt><trkpt lat="46.031019495334476" lon="7.301596689969301"><ele>1553.0999755859375</ele></trkpt><trkpt lat="46.03120787860826" lon="7.3019061693921685"><ele>1545.7999877929688</ele></trkpt><trkpt lat="46.031253217719495" lon="7.302203096449375"><ele>1540.0999755859375</ele></trkpt><trkpt lat="46.0313704572618" lon="7.3024481842294335"><ele>1536.7999877929688</ele></trkpt><trkpt lat="46.03136349655688" lon="7.302641924936324"><ele>1535.5</ele></trkpt><trkpt lat="46.03139791637659" lon="7.302836853545159"><ele>1535.1999816894531</ele></trkpt><trkpt lat="46.03147901641205" lon="7.302952884696424"><ele>1534.3999938964844</ele></trkpt><trkpt lat="46.031540480908006" lon="7.303196822758764"><ele>1532.6999816894531</ele></trkpt><trkpt lat="46.03159743361175" lon="7.303429149556905"><ele>1530.6999816894531</ele></trkpt><trkpt lat="46.031651499681175" lon="7.30350650427863"><ele>1528.5999755859375</ele></trkpt><trkpt lat="46.03170846682042" lon="7.3037517461925745"><ele>1526.6999816894531</ele></trkpt><trkpt lat="46.031750079244375" lon="7.3039453672245145"><ele>1524.2999877929688</ele></trkpt><trkpt lat="46.03185836598277" lon="7.3042292282916605"><ele>1521.1999816894531</ele></trkpt><trkpt lat="46.03190903784707" lon="7.304477070458233"><ele>1518.0</ele></trkpt><trkpt lat="46.03194250352681" lon="7.304629384540021"><ele>1515.3999938964844</ele></trkpt><trkpt lat="46.032002897467464" lon="7.3047338468022645"><ele>1512.5</ele></trkpt><trkpt lat="46.03208425594494" lon="7.305068145506084"><ele>1508.1999816894531</ele></trkpt><trkpt lat="46.032273361925036" lon="7.30523686716333"><ele>1504.0</ele></trkpt><trkpt lat="46.032373471185565" lon="7.3054548860527575"><ele>1500.7999877929688</ele></trkpt><trkpt lat="46.03240343229845" lon="7.305687284562737"><ele>1498.0999755859375</ele></trkpt><trkpt lat="46.032507963478565" lon="7.3058420098386705"><ele>1495.5</ele></trkpt><trkpt lat="46.03266099328175" lon="7.30593204125762"><ele>1493.2999877929688</ele></trkpt><trkpt lat="46.032804935239255" lon="7.305944603867829"><ele>1491.8999938964844</ele></trkpt><trkpt lat="46.032789048273116" lon="7.306201655883342"><ele>1491.2999877929688</ele></trkpt><trkpt lat="46.032773160841316" lon="7.306458707898855"><ele>1491.1999816894531</ele></trkpt><trkpt lat="46.03276441246271" lon="7.306667955592275"><ele>1491.3999938964844</ele></trkpt><trkpt lat="46.03265321953222" lon="7.306965276133269"><ele>1491.2999877929688</ele></trkpt><trkpt lat="46.03267241222784" lon="7.307222242001444"><ele>1490.7999877929688</ele></trkpt><trkpt lat="46.03269249200821" lon="7.30746887344867"><ele>1490.6999816894531</ele></trkpt><trkpt lat="46.03288796590641" lon="7.307700875215232"><ele>1490.8999938964844</ele></trkpt><trkpt lat="46.03302449686453" lon="7.307530063670129"><ele>1490.5999755859375</ele></trkpt><trkpt lat="46.03315742965788" lon="7.307359260041267"><ele>1490.0999755859375</ele></trkpt><trkpt lat="46.033293060492724" lon="7.307188448961824"><ele>1489.6999816894531</ele></trkpt><trkpt lat="46.033430490177125" lon="7.307017632294446"><ele>1489.0999755859375</ele></trkpt><trkpt lat="46.033633479848504" lon="7.306756247766316"><ele>1488.5</ele></trkpt><trkpt lat="46.0337619013153" lon="7.306575119029731"><ele>1488.1999816894531</ele></trkpt><trkpt lat="46.03388942265883" lon="7.306393991690129"><ele>1488.0</ele></trkpt><trkpt lat="46.034021441824734" lon="7.306212852243334"><ele>1487.7999877929688</ele></trkpt><trkpt lat="46.03413638472557" lon="7.306044669356197"><ele>1487.7999877929688</ele></trkpt><trkpt lat="46.03429545694962" lon="7.305920290760696"><ele>1487.6999816894531</ele></trkpt><trkpt lat="46.03441498288885" lon="7.30582442227751"><ele>1487.5999755859375</ele></trkpt><trkpt lat="46.0345344231464" lon="7.305656226351857"><ele>1487.5</ele></trkpt><trkpt lat="46.03461420862004" lon="7.3054261319339275"><ele>1487.3999938964844</ele></trkpt><trkpt lat="46.03467517439276" lon="7.3052554950118065"><ele>1487.2999877929688</ele></trkpt><trkpt lat="46.03473245212808" lon="7.305009956005961"><ele>1487.2999877929688</ele></trkpt><trkpt lat="46.034769931808114" lon="7.304758007638156"><ele>1487.2999877929688</ele></trkpt><trkpt lat="46.034800291992724" lon="7.304570654872805"><ele>1487.2999877929688</ele></trkpt><trkpt lat="46.03481707489118" lon="7.304313590750098"><ele>1487.3999938964844</ele></trkpt><trkpt lat="46.034829480573535" lon="7.304157279897481"><ele>1487.2999877929688</ele></trkpt><trkpt lat="46.03480488341302" lon="7.303900318220258"><ele>1487.1999816894531</ele></trkpt><trkpt lat="46.03480488341302" lon="7.303900318220258"><ele>1487.1999816894531</ele></trkpt><trkpt lat="46.03480488341302" lon="7.303900318220258"><ele>1487.1999816894531</ele></trkpt><trkpt lat="46.03480488341302" lon="7.303900318220258"><ele>1487.1999816894531</ele></trkpt><trkpt lat="46.03480488341302" lon="7.303900318220258"><ele>1487.1999816894531</ele></trkpt><trkpt lat="46.03480488341302" lon="7.303900318220258"><ele>1487.1999816894531</ele></trkpt><trkpt lat="46.03478388534859" lon="7.303644639439881"><ele>1487.1999816894531</ele></trkpt><trkpt lat="46.034761985298246" lon="7.303387671709061"><ele>1487.2999877929688</ele></trkpt><trkpt lat="46.03474008664489" lon="7.3031319957226515"><ele>1487.2999877929688</ele></trkpt><trkpt lat="46.03471908532083" lon="7.302875025663525"><ele>1486.8999938964844</ele></trkpt><trkpt lat="46.03468987997621" lon="7.302530250046402"><ele>1485.8999938964844</ele></trkpt><trkpt lat="46.03471745410934" lon="7.302274449728429"><ele>1484.1999816894531</ele></trkpt><trkpt lat="46.034744129516184" lon="7.302019943483174"><ele>1482.2999877929688</ele></trkpt><trkpt lat="46.03476102324203" lon="7.301858454477042"><ele>1481.0999755859375</ele></trkpt><trkpt lat="46.03468894865364" lon="7.301768226083368"><ele>1480.3999938964844</ele></trkpt><trkpt lat="46.034599089063704" lon="7.301845946814865"><ele>1479.3999938964844</ele></trkpt><trkpt lat="46.03458590945229" lon="7.302103001624346"><ele>1477.8999938964844</ele></trkpt><trkpt lat="46.03457544883713" lon="7.3023768393322825"><ele>1476.2999877929688</ele></trkpt><trkpt lat="46.03452788153663" lon="7.302466076798737"><ele>1475.2999877929688</ele></trkpt><trkpt lat="46.03441990585998" lon="7.302441808395088"><ele>1474.5999755859375</ele></trkpt><trkpt lat="46.03439542744309" lon="7.302285590674728"><ele>1473.5</ele></trkpt><trkpt lat="46.034392413217574" lon="7.302027285564691"><ele>1472.0999755859375</ele></trkpt><trkpt lat="46.034392159897834" lon="7.3018206362612545"><ele>1470.5</ele></trkpt><trkpt lat="46.03432350140065" lon="7.301581870764494"><ele>1468.5999755859375</ele></trkpt><trkpt lat="46.03422141633928" lon="7.301226950250566"><ele>1465.6999816894531</ele></trkpt><trkpt lat="46.034362444188446" lon="7.3010638556443155"><ele>1461.5999755859375</ele></trkpt><trkpt lat="46.034498972352594" lon="7.300899480003864"><ele>1456.5999755859375</ele></trkpt><trkpt lat="46.034662454389036" lon="7.300709203351289"><ele>1451.1999816894531</ele></trkpt><trkpt lat="46.034768376499414" lon="7.3005281132645905"><ele>1445.2999877929688</ele></trkpt><trkpt lat="46.03468728857115" lon="7.3004249939695"><ele>1439.8999938964844</ele></trkpt><trkpt lat="46.034741037059575" lon="7.300244036596268"><ele>1436.0</ele></trkpt><trkpt lat="46.034860434476286" lon="7.300048704259098"><ele>1433.5999755859375</ele></trkpt><trkpt lat="46.03498341701925" lon="7.299843029119074"><ele>1431.1999816894531</ele></trkpt><trkpt lat="46.034989391919225" lon="7.299584697932005"><ele>1427.3999938964844</ele></trkpt><trkpt lat="46.03499536635354" lon="7.299326367210597"><ele>1423.0999755859375</ele></trkpt><trkpt lat="46.035000489559025" lon="7.299106785561889"><ele>1419.8999938964844</ele></trkpt><trkpt lat="46.035144028719515" lon="7.298796436749399"><ele>1417.6999816894531</ele></trkpt><trkpt lat="46.0352084399201" lon="7.298512123059481"><ele>1415.7999877929688</ele></trkpt><trkpt lat="46.03520642966032" lon="7.298344221897423"><ele>1412.0999755859375</ele></trkpt><trkpt lat="46.0351702850312" lon="7.298215156886727"><ele>1406.6999816894531</ele></trkpt><trkpt lat="46.0351924514398" lon="7.297959366347641"><ele>1403.8999938964844</ele></trkpt><trkpt lat="46.03521641576663" lon="7.297702279407531"><ele>1404.1999816894531</ele></trkpt><trkpt lat="46.03524120664224" lon="7.2973883603699505"><ele>1402.7999877929688</ele></trkpt><trkpt lat="46.0352282859385" lon="7.297130077611655"><ele>1400.7999877929688</ele></trkpt><trkpt lat="46.03521626628935" lon="7.296873084735125"><ele>1401.0999755859375</ele></trkpt><trkpt lat="46.03520425921306" lon="7.296626423951238"><ele>1401.5999755859375</ele></trkpt><trkpt lat="46.035231097601354" lon="7.296510111074895"><ele>1399.2999877929688</ele></trkpt><trkpt lat="46.035441409796476" lon="7.296367485076189"><ele>1395.0999755859375</ele></trkpt><trkpt lat="46.03566446341574" lon="7.296341067645699"><ele>1390.1999816894531</ele></trkpt><trkpt lat="46.03582714824006" lon="7.29623731225729"><ele>1384.6999816894531</ele></trkpt><trkpt lat="46.03601320553571" lon="7.296120579354465"><ele>1381.6999816894531</ele></trkpt><trkpt lat="46.03614701889455" lon="7.295948444399983"><ele>1380.5</ele></trkpt><trkpt lat="46.0362664652057" lon="7.295797012280673"><ele>1379.2999877929688</ele></trkpt><trkpt lat="46.03638225700706" lon="7.2956016743555665"><ele>1377.8999938964844</ele></trkpt><trkpt lat="46.03650344721973" lon="7.295407612808049"><ele>1375.6999816894531</ele></trkpt><trkpt lat="46.03663450060412" lon="7.295188983436674"><ele>1373.3999938964844</ele></trkpt><trkpt lat="46.03672326821834" lon="7.294965298846364"><ele>1371.2999877929688</ele></trkpt><trkpt lat="46.03672326821834" lon="7.294965298846364"><ele>1371.2999877929688</ele></trkpt><trkpt lat="46.03672326821834" lon="7.294965298846364"><ele>1371.2999877929688</ele></trkpt><trkpt lat="46.03672326821834" lon="7.294965298846364"><ele>1371.2999877929688</ele></trkpt><trkpt lat="46.03672326821834" lon="7.294965298846364"><ele>1371.2999877929688</ele></trkpt><trkpt lat="46.03672326821834" lon="7.294965298846364"><ele>1371.2999877929688</ele></trkpt><trkpt lat="46.03682100959122" lon="7.294724798295647"><ele>1369.2999877929688</ele></trkpt><trkpt lat="46.0368953673169" lon="7.294488234445453"><ele>1367.5</ele></trkpt><trkpt lat="46.036972424481064" lon="7.294252953957766"><ele>1365.3999938964844</ele></trkpt><trkpt lat="46.03704318404198" lon="7.294017689768225"><ele>1362.3999938964844</ele></trkpt><trkpt lat="46.03711843956262" lon="7.293781121261418"><ele>1360.0</ele></trkpt><trkpt lat="46.037170393858105" lon="7.2936117788776755"><ele>1358.6999816894531</ele></trkpt><trkpt lat="46.03719707811251" lon="7.293379214592278"><ele>1357.6999816894531</ele></trkpt><trkpt lat="46.037181466817856" lon="7.293133846949786"><ele>1356.1999816894531</ele></trkpt><trkpt lat="46.03722341870889" lon="7.292883158195764"><ele>1354.7999877929688</ele></trkpt><trkpt lat="46.03725019283593" lon="7.2927203411236405"><ele>1353.7999877929688</ele></trkpt><trkpt lat="46.037159867119044" lon="7.292436426039785"><ele>1352.7999877929688</ele></trkpt><trkpt lat="46.037208408582956" lon="7.29241046262905"><ele>1352.5</ele></trkpt><trkpt lat="46.03728546528146" lon="7.292177761439234"><ele>1353.0</ele></trkpt><trkpt lat="46.03736342303455" lon="7.291946349199861"><ele>1353.3999938964844</ele></trkpt><trkpt lat="46.03744049416855" lon="7.291725271381438"><ele>1353.6999816894531</ele></trkpt><trkpt lat="46.03747547464445" lon="7.291647678241134"><ele>1353.5999755859375</ele></trkpt><trkpt lat="46.03761740075424" lon="7.291493589058518"><ele>1353.0999755859375</ele></trkpt><trkpt lat="46.03776202350855" lon="7.291338199749589"><ele>1352.6999816894531</ele></trkpt><trkpt lat="46.037859935779124" lon="7.2912333104759455"><ele>1352.0</ele></trkpt><trkpt lat="46.03801628947258" lon="7.2911063041538"><ele>1350.6999816894531</ele></trkpt><trkpt lat="46.038174440618604" lon="7.290978000499308"><ele>1349.0999755859375</ele></trkpt><trkpt lat="46.03827328281477" lon="7.290896357037127"><ele>1347.6999816894531</ele></trkpt><trkpt lat="46.038398996926844" lon="7.290728099178523"><ele>1345.8999938964844</ele></trkpt><trkpt lat="46.03846794553101" lon="7.290488954167813"><ele>1344.0</ele></trkpt><trkpt lat="46.03853599401191" lon="7.2902498110197484"><ele>1342.6999816894531</ele></trkpt><trkpt lat="46.0386049435474" lon="7.290011956822127"><ele>1342.2999877929688</ele></trkpt><trkpt lat="46.038660464342684" lon="7.289823221974075"><ele>1342.0999755859375</ele></trkpt><trkpt lat="46.03875823132694" lon="7.289609828963876"><ele>1342.0999755859375</ele></trkpt><trkpt lat="46.038860491942614" lon="7.289393839892"><ele>1342.0999755859375</ele></trkpt><trkpt lat="46.03895735461265" lon="7.2891778643243015"><ele>1341.5999755859375</ele></trkpt><trkpt lat="46.03908920614049" lon="7.288892041426152"><ele>1341.0</ele></trkpt><trkpt lat="46.039237432181835" lon="7.28874308988452"><ele>1340.6999816894531</ele></trkpt><trkpt lat="46.03936050552875" lon="7.288620040286332"><ele>1340.2999877929688</ele></trkpt><trkpt lat="46.03952047182247" lon="7.288505929522216"><ele>1339.3999938964844</ele></trkpt><trkpt lat="46.0396813377738" lon="7.2883918159641325"><ele>1338.6999816894531</ele></trkpt><trkpt lat="46.039842201862484" lon="7.2882764101959765"><ele>1338.5999755859375</ele></trkpt><trkpt lat="46.040035421960056" lon="7.288140246644616"><ele>1338.1999816894531</ele></trkpt><trkpt lat="46.040094463154674" lon="7.28789595188573"><ele>1337.2999877929688</ele></trkpt><trkpt lat="46.040153505280614" lon="7.287652948405594"><ele>1336.5</ele></trkpt><trkpt lat="46.040204495191574" lon="7.28744225949049"><ele>1335.6999816894531</ele></trkpt><trkpt lat="46.04031029203907" lon="7.2871836242266"><ele>1335.2999877929688</ele></trkpt><trkpt lat="46.04036396741867" lon="7.286963885184377"><ele>1335.3999938964844</ele></trkpt><trkpt lat="46.04037891095504" lon="7.286706794518977"><ele>1335.7999877929688</ele></trkpt><trkpt lat="46.040393852163106" lon="7.286448412109166"><ele>1336.2999877929688</ele></trkpt><trkpt lat="46.040407926775515" lon="7.286214574240148"><ele>1336.6999816894531</ele></trkpt><trkpt lat="46.04047048976645" lon="7.285917306318879"><ele>1336.6999816894531</ele></trkpt><trkpt lat="46.04056921042502" lon="7.285749106202275"><ele>1336.5</ele></trkpt><trkpt lat="46.040726450737566" lon="7.285616908688098"><ele>1336.2999877929688</ele></trkpt><trkpt lat="46.04094747733325" lon="7.285425111185759"><ele>1335.8999938964844</ele></trkpt><trkpt lat="46.041079469490796" lon="7.285249064210802"><ele>1335.0999755859375</ele></trkpt><trkpt lat="46.041079469490796" lon="7.285249064210802"><ele>1335.0999755859375</ele></trkpt><trkpt lat="46.041079469490796" lon="7.285249064210802"><ele>1335.0999755859375</ele></trkpt><trkpt lat="46.041079469490796" lon="7.285249064210802"><ele>1335.0999755859375</ele></trkpt><trkpt lat="46.041079469490796" lon="7.285249064210802"><ele>1335.0999755859375</ele></trkpt><trkpt lat="46.041079469490796" lon="7.285249064210802"><ele>1335.0999755859375</ele></trkpt><trkpt lat="46.041189012117684" lon="7.2851014980115"><ele>1333.6999816894531</ele></trkpt><trkpt lat="46.04134535882622" lon="7.284974466543645"><ele>1332.0999755859375</ele></trkpt><trkpt lat="46.041503502987325" lon="7.284846137277782"><ele>1330.5</ele></trkpt><trkpt lat="46.04165805038065" lon="7.284719109069556"><ele>1328.7999877929688</ele></trkpt><trkpt lat="46.041809004731476" lon="7.284595965407789"><ele>1327.0999755859375</ele></trkpt><trkpt lat="46.04193919338286" lon="7.284417335409671"><ele>1325.5999755859375</ele></trkpt><trkpt lat="46.042069382965565" lon="7.284239996690303"><ele>1324.2999877929688</ele></trkpt><trkpt lat="46.04215916804969" lon="7.284117024857551"><ele>1322.3999938964844</ele></trkpt><trkpt lat="46.042410844005644" lon="7.283974215388298"><ele>1320.3999938964844</ele></trkpt><trkpt lat="46.04265544889495" lon="7.283921847585589"><ele>1318.8999938964844</ele></trkpt><trkpt lat="46.04282445227727" lon="7.283841276541352"><ele>1317.5999755859375</ele></trkpt><trkpt lat="46.04299525311217" lon="7.283759407699108"><ele>1316.1999816894531</ele></trkpt><trkpt lat="46.04316605580971" lon="7.283678830135614"><ele>1314.7999877929688</ele></trkpt><trkpt lat="46.04330988833681" lon="7.283609955571592"><ele>1313.7999877929688</ele></trkpt><trkpt lat="46.04347346210852" lon="7.283506145700812"><ele>1312.5</ele></trkpt><trkpt lat="46.04363333014771" lon="7.283324839081615"><ele>1310.1999816894531</ele></trkpt><trkpt lat="46.04370046174154" lon="7.28308437531814"><ele>1307.8999938964844</ele></trkpt><trkpt lat="46.043743434827775" lon="7.282936988398433"><ele>1305.8999938964844</ele></trkpt><trkpt lat="46.04386100685224" lon="7.282744174823165"><ele>1304.0</ele></trkpt><trkpt lat="46.04398127924651" lon="7.282552644610405"><ele>1302.5</ele></trkpt><trkpt lat="46.04406385170296" lon="7.282419352326542"><ele>1301.0999755859375</ele></trkpt><trkpt lat="46.044121980667114" lon="7.282175036147237"><ele>1299.1999816894531</ele></trkpt><trkpt lat="46.04418010544032" lon="7.281928135547787"><ele>1297.0</ele></trkpt><trkpt lat="46.04410941526294" lon="7.281553719658405"><ele>1295.1999816894531</ele></trkpt><trkpt lat="46.04410736216232" lon="7.2813728749752045"><ele>1293.5999755859375</ele></trkpt><trkpt lat="46.044168189167976" lon="7.281129841227084"><ele>1291.6999816894531</ele></trkpt><trkpt lat="46.04422901570797" lon="7.280886807013303"><ele>1289.5999755859375</ele></trkpt><trkpt lat="46.04429520992562" lon="7.280623087659478"><ele>1287.5</ele></trkpt><trkpt lat="46.04431103821844" lon="7.280365973711014"><ele>1285.2999877929688</ele></trkpt><trkpt lat="46.0443303687498" lon="7.280041676014662"><ele>1283.2999877929688</ele></trkpt><trkpt lat="46.044393190182745" lon="7.279938148334622"><ele>1281.5</ele></trkpt><trkpt lat="46.044402001891285" lon="7.279808942228556"><ele>1278.6999816894531</ele></trkpt><trkpt lat="46.04449884220958" lon="7.279590344056487"><ele>1274.6999816894531</ele></trkpt><trkpt lat="46.04459748277441" lon="7.279373031575233"><ele>1270.7999877929688</ele></trkpt><trkpt lat="46.044671000447124" lon="7.27920100511983"><ele>1267.5999755859375</ele></trkpt><trkpt lat="46.0447634505108" lon="7.27905863430351"><ele>1264.3999938964844</ele></trkpt><trkpt lat="46.04492248548195" lon="7.278928985353559"><ele>1261.3999938964844</ele></trkpt><trkpt lat="46.04494040226564" lon="7.278877259697765"><ele>1259.6999816894531</ele></trkpt><trkpt lat="46.0449312957935" lon="7.278799777850509"><ele>1258.2999877929688</ele></trkpt><trkpt lat="46.0448503177613" lon="7.278787097893655"><ele>1256.5</ele></trkpt><trkpt lat="46.04483225289732" lon="7.278735478408635"><ele>1254.6999816894531</ele></trkpt><trkpt lat="46.0446164351888" lon="7.278787786141038"><ele>1252.2999877929688</ele></trkpt><trkpt lat="46.04443916492164" lon="7.278746969997883"><ele>1249.5999755859375</ele></trkpt><trkpt lat="46.04422950046137" lon="7.278698499314487"><ele>1247.3999938964844</ele></trkpt><trkpt lat="46.04416643921286" lon="7.278634095098823"><ele>1245.5999755859375</ele></trkpt><trkpt lat="46.04414824489504" lon="7.278492051176727"><ele>1243.5</ele></trkpt><trkpt lat="46.04427405120805" lon="7.278401254210621"><ele>1241.2999877929688</ele></trkpt><trkpt lat="46.044408983085304" lon="7.278400855604559"><ele>1239.7999877929688</ele></trkpt><trkpt lat="46.04456983692944" lon="7.278285409789532"><ele>1238.1999816894531</ele></trkpt><trkpt lat="46.04473248543218" lon="7.278167374432087"><ele>1235.1999816894531</ele></trkpt><trkpt lat="46.04500220064074" lon="7.278063231613487"><ele>1231.5</ele></trkpt><trkpt lat="46.04509198758751" lon="7.277946702204645"><ele>1227.7999877929688</ele></trkpt><trkpt lat="46.045169913209975" lon="7.27771394373849"><ele>1223.8999938964844</ele></trkpt><trkpt lat="46.045169913209975" lon="7.27771394373849"><ele>1223.8999938964844</ele></trkpt><trkpt lat="46.045169913209975" lon="7.27771394373849"><ele>1223.8999938964844</ele></trkpt><trkpt lat="46.045169913209975" lon="7.27771394373849"><ele>1223.8999938964844</ele></trkpt><trkpt lat="46.045169913209975" lon="7.27771394373849"><ele>1223.8999938964844</ele></trkpt><trkpt lat="46.045169913209975" lon="7.27771394373849"><ele>1223.8999938964844</ele></trkpt><trkpt lat="46.04522634204477" lon="7.277545839548111"><ele>1220.0999755859375</ele></trkpt><trkpt lat="46.0453519616276" lon="7.277325856499374"><ele>1217.0</ele></trkpt><trkpt lat="46.0453338958323" lon="7.277274237014353"><ele>1214.8999938964844</ele></trkpt><trkpt lat="46.04523498285562" lon="7.277300367131829"><ele>1213.0999755859375</ele></trkpt><trkpt lat="46.04520794004202" lon="7.2772616925649345"><ele>1210.1999816894531</ele></trkpt><trkpt lat="46.04534345353022" lon="7.277041679713875"><ele>1205.2999877929688</ele></trkpt><trkpt lat="46.04529720265418" lon="7.276783452369273"><ele>1200.1999816894531</ele></trkpt><trkpt lat="46.045377992559224" lon="7.276666947174817"><ele>1196.0999755859375</ele></trkpt><trkpt lat="46.045362438075244" lon="7.276486137881875"><ele>1192.7999877929688</ele></trkpt><trkpt lat="46.04537947289646" lon="7.276447331998497"><ele>1190.0999755859375</ele></trkpt><trkpt lat="46.04551342967898" lon="7.27639525802806"><ele>1186.2999877929688</ele></trkpt><trkpt lat="46.04562922613695" lon="7.276226973626763"><ele>1180.5</ele></trkpt><trkpt lat="46.04566843947396" lon="7.275974948890507"><ele>1174.8999938964844</ele></trkpt><trkpt lat="46.04572723573074" lon="7.2755807638168335"><ele>1171.2999877929688</ele></trkpt><trkpt lat="46.04578100098297" lon="7.275438500568271"><ele>1169.0999755859375</ele></trkpt><trkpt lat="46.04590686131269" lon="7.275386448483914"><ele>1166.8999938964844</ele></trkpt><trkpt lat="46.0460894764401" lon="7.2753910664469"><ele>1164.3999938964844</ele></trkpt><trkpt lat="46.04626849293709" lon="7.275395694654435"><ele>1162.0</ele></trkpt><trkpt lat="46.04637644207105" lon="7.27539795357734"><ele>1159.8999938964844</ele></trkpt><trkpt lat="46.046491489280015" lon="7.275333014782518"><ele>1158.0999755859375</ele></trkpt><trkpt lat="46.04649740830064" lon="7.275074627250433"><ele>1155.8999938964844</ele></trkpt><trkpt lat="46.046502427663654" lon="7.274816242046654"><ele>1153.2999877929688</ele></trkpt><trkpt lat="46.04650294827297" lon="7.274557870347053"><ele>1150.5</ele></trkpt><trkpt lat="46.046507889870554" lon="7.274247811175883"><ele>1147.0999755859375</ele></trkpt><trkpt lat="46.04658580804244" lon="7.274015041533858"><ele>1143.7999877929688</ele></trkpt><trkpt lat="46.04666642425582" lon="7.273782263044268"><ele>1140.7999877929688</ele></trkpt><trkpt lat="46.04674344183877" lon="7.2735494947992265"><ele>1137.3999938964844</ele></trkpt><trkpt lat="46.046820459421724" lon="7.273316726088524"><ele>1134.2999877929688</ele></trkpt><trkpt lat="46.04689299734309" lon="7.273096889257431"><ele>1131.8999938964844</ele></trkpt><trkpt lat="46.046957408543676" lon="7.272856406401843"><ele>1129.2999877929688</ele></trkpt><trkpt lat="46.04702541604638" lon="7.272614620625973"><ele>1127.0999755859375</ele></trkpt><trkpt lat="46.047062972094864" lon="7.27246335754171"><ele>1125.1999816894531</ele></trkpt><trkpt lat="46.04706348758191" lon="7.272204983048141"><ele>1122.5</ele></trkpt><trkpt lat="46.047062183730304" lon="7.271933695767075"><ele>1119.5</ele></trkpt><trkpt lat="46.04703301843256" lon="7.271679288242012"><ele>1117.3999938964844</ele></trkpt><trkpt lat="46.047003850806504" lon="7.2714235894382"><ele>1115.5999755859375</ele></trkpt><trkpt lat="46.04697648389265" lon="7.271169176790863"><ele>1113.1999816894531</ele></trkpt><trkpt lat="46.04695280874148" lon="7.270978054497391"><ele>1110.5999755859375</ele></trkpt><trkpt lat="46.04695242131129" lon="7.270719683263451"><ele>1107.5999755859375</ele></trkpt><trkpt lat="46.04694843431935" lon="7.270461323205382"><ele>1104.3999938964844</ele></trkpt><trkpt lat="46.04694448644295" lon="7.270228800363839"><ele>1101.7999877929688</ele></trkpt><trkpt lat="46.04697829904035" lon="7.269983241800219"><ele>1099.6999816894531</ele></trkpt><trkpt lat="46.04711542278528" lon="7.269646930973977"><ele>1098.0999755859375</ele></trkpt><trkpt lat="46.04723748192191" lon="7.269461814314127"><ele>1096.8999938964844</ele></trkpt><trkpt lat="46.0473613361828" lon="7.269274107180536"><ele>1095.8999938964844</ele></trkpt><trkpt lat="46.047486091032624" lon="7.269087688066065"><ele>1095.1999816894531</ele></trkpt><trkpt lat="46.047579432372004" lon="7.268947874195874"><ele>1094.7999877929688</ele></trkpt><trkpt lat="46.047606244683266" lon="7.268832813482732"><ele>1094.5</ele></trkpt><trkpt lat="46.04758793814108" lon="7.268624878954142"><ele>1094.1999816894531</ele></trkpt><trkpt lat="46.04772449238226" lon="7.268508182372898"><ele>1094.0</ele></trkpt><trkpt lat="46.04785645660013" lon="7.268330780789256"><ele>1093.8999938964844</ele></trkpt><trkpt lat="46.04800098249689" lon="7.268132669385523"><ele>1093.7999877929688</ele></trkpt><trkpt lat="46.04814445693046" lon="7.267835084348917"><ele>1094.2999877929688</ele></trkpt><trkpt lat="46.04814445693046" lon="7.267835084348917"><ele>1094.2999877929688</ele></trkpt><trkpt lat="46.04814445693046" lon="7.267835084348917"><ele>1094.2999877929688</ele></trkpt><trkpt lat="46.04814445693046" lon="7.267835084348917"><ele>1094.2999877929688</ele></trkpt><trkpt lat="46.04814445693046" lon="7.267835084348917"><ele>1094.2999877929688</ele></trkpt><trkpt lat="46.04814445693046" lon="7.267835084348917"><ele>1094.2999877929688</ele></trkpt><trkpt lat="46.04825291456655" lon="7.268170634750277"><ele>1095.5999755859375</ele></trkpt><trkpt lat="46.0483274590224" lon="7.268092887476087"><ele>1096.2999877929688</ele></trkpt><trkpt lat="46.048395462334156" lon="7.267854965291917"><ele>1096.1999816894531</ele></trkpt><trkpt lat="46.0484652640298" lon="7.267617037054151"><ele>1096.0</ele></trkpt><trkpt lat="46.04853596491739" lon="7.267379105091095"><ele>1095.7999877929688</ele></trkpt><trkpt lat="46.04863798292354" lon="7.267032554373145"><ele>1095.3999938964844</ele></trkpt><trkpt lat="46.048737501725554" lon="7.266816492192447"><ele>1094.3999938964844</ele></trkpt><trkpt lat="46.04883612226695" lon="7.266601723618805"><ele>1093.1999816894531</ele></trkpt><trkpt lat="46.048937438987195" lon="7.266385653987527"><ele>1091.8999938964844</ele></trkpt><trkpt lat="46.04903425741941" lon="7.266169597860426"><ele>1090.2999877929688</ele></trkpt><trkpt lat="46.04918487695977" lon="7.265842265449464"><ele>1088.6999816894531</ele></trkpt><trkpt lat="46.04923945013434" lon="7.265648304484785"><ele>1088.2999877929688</ele></trkpt><trkpt lat="46.049378231633455" lon="7.265810644254088"><ele>1089.7999877929688</ele></trkpt><trkpt lat="46.04948186734691" lon="7.265931754838675"><ele>1092.5</ele></trkpt><trkpt lat="46.049754430539906" lon="7.26593088824302"><ele>1095.0999755859375</ele></trkpt><trkpt lat="46.049919803626835" lon="7.2658373434096575"><ele>1096.1999816894531</ele></trkpt><trkpt lat="46.05008697556332" lon="7.265743792057037"><ele>1096.0</ele></trkpt><trkpt lat="46.05026403442025" lon="7.265645041130483"><ele>1095.5999755859375</ele></trkpt><trkpt lat="46.0504284799099" lon="7.265533410012722"><ele>1095.3999938964844</ele></trkpt><trkpt lat="46.05058932863176" lon="7.265423081815243"><ele>1095.2999877929688</ele></trkpt><trkpt lat="46.05075107514858" lon="7.265311457682401"><ele>1094.7999877929688</ele></trkpt><trkpt lat="46.05092899873853" lon="7.265190737787634"><ele>1092.8999938964844</ele></trkpt><trkpt lat="46.05092230066657" lon="7.264932367950678"><ele>1089.1999816894531</ele></trkpt><trkpt lat="46.05091650178656" lon="7.264673995319754"><ele>1085.1999816894531</ele></trkpt><trkpt lat="46.05090890312567" lon="7.264415628742427"><ele>1081.8999938964844</ele></trkpt><trkpt lat="46.050900323782116" lon="7.264105586800724"><ele>1078.7999877929688</ele></trkpt><trkpt lat="46.05108022643253" lon="7.26410113228485"><ele>1076.5999755859375</ele></trkpt><trkpt lat="46.051260131411254" lon="7.264097969979048"><ele>1075.0999755859375</ele></trkpt><trkpt lat="46.05144003638998" lon="7.264094807673246"><ele>1073.7999877929688</ele></trkpt><trkpt lat="46.05157496128231" lon="7.264090497046709"><ele>1069.6999816894531</ele></trkpt><trkpt lat="46.0517430328764" lon="7.263998226262629"><ele>1066.0</ele></trkpt><trkpt lat="46.051952448673546" lon="7.263882567174733"><ele>1070.0</ele></trkpt><trkpt lat="46.05203286977485" lon="7.264113573357463"><ele>1076.1999816894531</ele></trkpt><trkpt lat="46.05211509345099" lon="7.264347158372402"><ele>1080.1999816894531</ele></trkpt><trkpt lat="46.05221414472908" lon="7.264411440119147"><ele>1082.6999816894531</ele></trkpt><trkpt lat="46.05231307493523" lon="7.264398202765733"><ele>1084.0</ele></trkpt><trkpt lat="46.0523504386656" lon="7.264708160422742"><ele>1085.1999816894531</ele></trkpt><trkpt lat="46.052529443986714" lon="7.264705002773553"><ele>1085.1999816894531</ele></trkpt><trkpt lat="46.05270934710279" lon="7.264700550120324"><ele>1084.2999877929688</ele></trkpt><trkpt lat="46.052889252547175" lon="7.264697389677167"><ele>1084.0999755859375</ele></trkpt><trkpt lat="46.05310513777658" lon="7.2646928220056"><ele>1084.7999877929688</ele></trkpt><trkpt lat="46.05331213399768" lon="7.2647567596286535"><ele>1086.0</ele></trkpt><trkpt lat="46.05344720650464" lon="7.2648467682302"><ele>1087.0</ele></trkpt><trkpt lat="46.05335731199011" lon="7.264885816257447"><ele>1088.2999877929688</ele></trkpt><trkpt lat="46.05325144669041" lon="7.265067036729306"><ele>1091.1999816894531</ele></trkpt><trkpt lat="46.05322312237695" lon="7.265364289749414"><ele>1095.5</ele></trkpt><trkpt lat="46.05324241099879" lon="7.265621338505298"><ele>1099.6999816894531</ele></trkpt><trkpt lat="46.05325900064781" lon="7.2658783961087465"><ele>1104.0999755859375</ele></trkpt><trkpt lat="46.05325900064781" lon="7.2658783961087465"><ele>1104.0999755859375</ele></trkpt><trkpt lat="46.05325900064781" lon="7.2658783961087465"><ele>1104.0999755859375</ele></trkpt><trkpt lat="46.05325900064781" lon="7.2658783961087465"><ele>1104.0999755859375</ele></trkpt><trkpt lat="46.05325900064781" lon="7.2658783961087465"><ele>1104.0999755859375</ele></trkpt><trkpt lat="46.05325900064781" lon="7.2658783961087465"><ele>1104.0999755859375</ele></trkpt><trkpt lat="46.05327833397314" lon="7.2661651615053415"><ele>1108.6999816894531</ele></trkpt><trkpt lat="46.05324634257704" lon="7.266419789288193"><ele>1112.5999755859375</ele></trkpt><trkpt lat="46.05322501854971" lon="7.266591694205999"><ele>1115.7999877929688</ele></trkpt><trkpt lat="46.05314531456679" lon="7.266823216341436"><ele>1119.2999877929688</ele></trkpt><trkpt lat="46.053067409433424" lon="7.267054732423276"><ele>1123.0999755859375</ele></trkpt><trkpt lat="46.05299216834828" lon="7.26726427488029"><ele>1126.1999816894531</ele></trkpt><trkpt lat="46.05281312717125" lon="7.267244168557227"><ele>1127.5</ele></trkpt><trkpt lat="46.05263318633661" lon="7.26722406456247"><ele>1127.0</ele></trkpt><trkpt lat="46.05243435129523" lon="7.267201436683536"><ele>1127.6999816894531</ele></trkpt><trkpt lat="46.05241943523288" lon="7.267446962185204"><ele>1131.0999755859375</ele></trkpt><trkpt lat="46.05236450396478" lon="7.267408376559615"><ele>1135.0</ele></trkpt><trkpt lat="46.052359502296895" lon="7.267666790168732"><ele>1139.0</ele></trkpt><trkpt lat="46.05235450016335" lon="7.267925204243511"><ele>1143.6999816894531</ele></trkpt><trkpt lat="46.052350397221744" lon="7.2681836150586605"><ele>1148.5999755859375</ele></trkpt><trkpt lat="46.05234629334882" lon="7.268442026339471"><ele>1153.6999816894531</ele></trkpt><trkpt lat="46.05234308866784" lon="7.268700434360653"><ele>1158.7999877929688</ele></trkpt><trkpt lat="46.05233814287931" lon="7.268997607752681"><ele>1164.0</ele></trkpt><trkpt lat="46.05235742358491" lon="7.269254653714597"><ele>1169.5999755859375</ele></trkpt><trkpt lat="46.05238404078409" lon="7.269604700151831"><ele>1175.5</ele></trkpt><trkpt lat="46.05237993365154" lon="7.269863111432642"><ele>1180.5999755859375</ele></trkpt><trkpt lat="46.05237942608073" lon="7.270122803281993"><ele>1185.1999816894531</ele></trkpt><trkpt lat="46.052374416496605" lon="7.270379925146699"><ele>1190.2999877929688</ele></trkpt><trkpt lat="46.05237042391673" lon="7.270715855062008"><ele>1195.7999877929688</ele></trkpt><trkpt lat="46.052447232883424" lon="7.270946884062141"><ele>1200.7999877929688</ele></trkpt><trkpt lat="46.052529440727085" lon="7.271179189439863"><ele>1206.5999755859375</ele></trkpt><trkpt lat="46.05264147045091" lon="7.271503135096282"><ele>1214.0</ele></trkpt><trkpt lat="46.05270210187882" lon="7.271744552534074"><ele>1221.0</ele></trkpt><trkpt lat="46.05275639006868" lon="7.2719549825415015"><ele>1228.5</ele></trkpt><trkpt lat="46.05299942288548" lon="7.272057597525418"><ele>1236.8999938964844</ele></trkpt><trkpt lat="46.05301142530516" lon="7.272264281753451"><ele>1242.8999938964844</ele></trkpt><trkpt lat="46.05306291161105" lon="7.272406245116144"><ele>1246.8999938964844</ele></trkpt><trkpt lat="46.053117440547794" lon="7.272780760191381"><ele>1250.6999816894531</ele></trkpt><trkpt lat="46.05316247604787" lon="7.272819383069873"><ele>1253.6999816894531</ele></trkpt><trkpt lat="46.05321643035859" lon="7.272806298453361"><ele>1256.3999938964844</ele></trkpt><trkpt lat="46.05325227882713" lon="7.272715748753399"><ele>1259.8999938964844</ele></trkpt><trkpt lat="46.05326990643516" lon="7.2724702139385045"><ele>1264.5999755859375</ele></trkpt><trkpt lat="46.05335999652743" lon="7.272560379933566"><ele>1270.7999877929688</ele></trkpt><trkpt lat="46.05341446772218" lon="7.272288891952485"><ele>1278.8999938964844</ele></trkpt><trkpt lat="46.053539987653494" lon="7.272612804081291"><ele>1287.7999877929688</ele></trkpt><trkpt lat="46.05363009497523" lon="7.27271459903568"><ele>1294.5999755859375</ele></trkpt><trkpt lat="46.05365945538506" lon="7.272494866978377"><ele>1300.6999816894531</ele></trkpt><trkpt lat="46.05374705744907" lon="7.272727163508534"><ele>1307.5999755859375</ele></trkpt><trkpt lat="46.05387320602313" lon="7.272868901491165"><ele>1314.6999816894531</ele></trkpt><trkpt lat="46.05389246111736" lon="7.272507077082992"><ele>1321.8999938964844</ele></trkpt><trkpt lat="46.054016983136535" lon="7.272765101864934"><ele>1328.1999816894531</ele></trkpt><trkpt lat="46.05404645809904" lon="7.272622889839113"><ele>1332.7999877929688</ele></trkpt><trkpt lat="46.054097982123494" lon="7.2727906964719296"><ele>1337.7999877929688</ele></trkpt><trkpt lat="46.05425126943737" lon="7.273035714868456"><ele>1343.7999877929688</ele></trkpt><trkpt lat="46.05428746249527" lon="7.27317772898823"><ele>1348.7999877929688</ele></trkpt><trkpt lat="46.05446848226711" lon="7.273319301661104"><ele>1353.5</ele></trkpt><trkpt lat="46.05446848226711" lon="7.273319301661104"><ele>1353.5</ele></trkpt><trkpt lat="46.05446848226711" lon="7.273319301661104"><ele>1353.5</ele></trkpt><trkpt lat="46.05446848226711" lon="7.273319301661104"><ele>1353.5</ele></trkpt><trkpt lat="46.05446848226711" lon="7.273319301661104"><ele>1353.5</ele></trkpt><trkpt lat="46.05446848226711" lon="7.273319301661104"><ele>1353.5</ele></trkpt><trkpt lat="46.05457942886278" lon="7.273523106705397"><ele>1359.0</ele></trkpt><trkpt lat="46.0547111290507" lon="7.273770779371262"><ele>1364.5999755859375</ele></trkpt><trkpt lat="46.054801161400974" lon="7.27382218837738"><ele>1370.5</ele></trkpt><trkpt lat="46.054830447770655" lon="7.273550770711154"><ele>1376.7999877929688</ele></trkpt><trkpt lat="46.05491787614301" lon="7.273666789755225"><ele>1381.8999938964844</ele></trkpt><trkpt lat="46.05501688411459" lon="7.27370525104925"><ele>1386.3999938964844</ele></trkpt><trkpt lat="46.05510723916814" lon="7.273976308293641"><ele>1391.6999816894531</ele></trkpt><trkpt lat="46.05527824908495" lon="7.274040393065661"><ele>1397.1999816894531</ele></trkpt><trkpt lat="46.05541314417496" lon="7.274014143273234"><ele>1402.5999755859375</ele></trkpt><trkpt lat="46.05559313064441" lon="7.274065280798823"><ele>1408.2999877929688</ele></trkpt><trkpt lat="46.05571914417669" lon="7.274116582237184"><ele>1412.5999755859375</ele></trkpt><trkpt lat="46.05572819663212" lon="7.274155316874385"><ele>1414.6999816894531</ele></trkpt><trkpt lat="46.05575512629002" lon="7.274116473272443"><ele>1416.0999755859375</ele></trkpt><trkpt lat="46.055773231666535" lon="7.274193943012506"><ele>1418.5</ele></trkpt><trkpt lat="46.05586313037202" lon="7.274154908955097"><ele>1423.1999816894531</ele></trkpt><trkpt lat="46.055862941313535" lon="7.274025703314692"><ele>1427.8999938964844</ele></trkpt><trkpt lat="46.05595303000882" lon="7.274115875829011"><ele>1432.0999755859375</ele></trkpt><trkpt lat="46.05616000248119" lon="7.2741669323295355"><ele>1437.0</ele></trkpt><trkpt lat="46.05607246235013" lon="7.273973386734724"><ele>1440.1999816894531</ele></trkpt><trkpt lat="46.05608949903399" lon="7.273935865145177"><ele>1442.8999938964844</ele></trkpt><trkpt lat="46.05620649596676" lon="7.273972981143743"><ele>1447.0999755859375</ele></trkpt><trkpt lat="46.056204431690276" lon="7.273792096879333"><ele>1451.2999877929688</ele></trkpt><trkpt lat="46.056322425138205" lon="7.273895105347037"><ele>1454.7999877929688</ele></trkpt><trkpt lat="46.05643839109689" lon="7.273843070492148"><ele>1458.5</ele></trkpt><trkpt lat="46.056375252548605" lon="7.273726975545287"><ele>1462.2999877929688</ele></trkpt><trkpt lat="46.05642013531178" lon="7.273662235587835"><ele>1466.0999755859375</ele></trkpt><trkpt lat="46.05642896005884" lon="7.273545921314508"><ele>1469.2999877929688</ele></trkpt><trkpt lat="46.056473918724805" lon="7.273532864172012"><ele>1472.0999755859375</ele></trkpt><trkpt lat="46.05646840762347" lon="7.273455356713384"><ele>1475.3999938964844</ele></trkpt><trkpt lat="46.05634046299383" lon="7.27331361733377"><ele>1479.5999755859375</ele></trkpt><trkpt lat="46.05629347776994" lon="7.273171632550657"><ele>1483.2999877929688</ele></trkpt><trkpt lat="46.05622141901404" lon="7.2731072483584285"><ele>1486.0999755859375</ele></trkpt><trkpt lat="46.05621230928227" lon="7.273029752075672"><ele>1490.0</ele></trkpt><trkpt lat="46.05641019158065" lon="7.273016228340566"><ele>1494.8999938964844</ele></trkpt><trkpt lat="46.056518195196986" lon="7.273054661694914"><ele>1499.1999816894531</ele></trkpt><trkpt lat="46.056563020683825" lon="7.272951158694923"><ele>1503.7999877929688</ele></trkpt><trkpt lat="46.05642786202952" lon="7.272797814104706"><ele>1508.1999816894531</ele></trkpt><trkpt lat="46.05651148036122" lon="7.2727704253047705"><ele>1511.8999938964844</ele></trkpt><trkpt lat="46.05668247351423" lon="7.272822878789157"><ele>1515.5999755859375</ele></trkpt><trkpt lat="46.056769938673824" lon="7.272963450290263"><ele>1519.7999877929688</ele></trkpt><trkpt lat="46.056908450555056" lon="7.272950107231736"><ele>1523.8999938964844</ele></trkpt><trkpt lat="46.056862459518015" lon="7.2728727222420275"><ele>1527.7999877929688</ele></trkpt><trkpt lat="46.05685044126585" lon="7.272653103806078"><ele>1532.8999938964844</ele></trkpt><trkpt lat="46.05700346082449" lon="7.272717241663486"><ele>1538.6999816894531</ele></trkpt><trkpt lat="46.056976322084665" lon="7.2726139575243"><ele>1542.5</ele></trkpt><trkpt lat="46.05699423700571" lon="7.272562218829989"><ele>1545.0</ele></trkpt><trkpt lat="46.05704822950065" lon="7.272574975155294"><ele>1548.3999938964844</ele></trkpt><trkpt lat="46.057039042934775" lon="7.272445794194937"><ele>1552.2999877929688</ele></trkpt><trkpt lat="46.05699649639428" lon="7.272265031468123"><ele>1556.1999816894531</ele></trkpt><trkpt lat="46.056832453235984" lon="7.272045879159123"><ele>1560.8999938964844</ele></trkpt><trkpt lat="46.05705741792917" lon="7.2720968732610345"><ele>1566.0999755859375</ele></trkpt><trkpt lat="46.05720150005072" lon="7.272199799772352"><ele>1570.8999938964844</ele></trkpt><trkpt lat="46.057263454422355" lon="7.272122084628791"><ele>1575.7999877929688</ele></trkpt><trkpt lat="46.0574524756521" lon="7.272199031896889"><ele>1581.5999755859375</ele></trkpt><trkpt lat="46.05765035795048" lon="7.272185504436493"><ele>1587.0999755859375</ele></trkpt><trkpt lat="46.057704254519194" lon="7.272133655380458"><ele>1591.0</ele></trkpt><trkpt lat="46.05769510567188" lon="7.272030314896256"><ele>1593.5</ele></trkpt><trkpt lat="46.05765908770263" lon="7.272005875594914"><ele>1595.7999877929688</ele></trkpt><trkpt lat="46.05773093504831" lon="7.271926836576313"><ele>1599.7999877929688</ele></trkpt><trkpt lat="46.05767943058163" lon="7.2717719417996705"><ele>1604.1999816894531</ele></trkpt><trkpt lat="46.05771447531879" lon="7.271745991893113"><ele>1607.3999938964844</ele></trkpt><trkpt lat="46.05783149367198" lon="7.271797317545861"><ele>1610.2999877929688</ele></trkpt><trkpt lat="46.057876414153725" lon="7.271758416201919"><ele>1614.0</ele></trkpt><trkpt lat="46.057919381186366" lon="7.271616151556373"><ele>1618.5</ele></trkpt><trkpt lat="46.05798229249194" lon="7.271577195264399"><ele>1622.8999938964844</ele></trkpt><trkpt lat="46.058073417283595" lon="7.27175781223923"><ele>1627.5999755859375</ele></trkpt><trkpt lat="46.05815342022106" lon="7.271718803327531"><ele>1632.0</ele></trkpt><trkpt lat="46.05819047568366" lon="7.271834981162101"><ele>1636.1999816894531</ele></trkpt><trkpt lat="46.058297503739595" lon="7.271821731701493"><ele>1641.8999938964844</ele></trkpt><trkpt lat="46.058380455709994" lon="7.271950691007078"><ele>1649.5999755859375</ele></trkpt><trkpt lat="46.058624484576285" lon="7.272117920219898"><ele>1657.2999877929688</ele></trkpt><trkpt lat="46.058705501724035" lon="7.272156435996294"><ele>1659.3999938964844</ele></trkpt><trkpt lat="46.05888541927561" lon="7.272161053027958"><ele>1661.5</ele></trkpt><trkpt lat="46.05888541927561" lon="7.272161053027958"><ele>1661.5</ele></trkpt><trkpt lat="46.05888541927561" lon="7.272161053027958"><ele>1661.5</ele></trkpt><trkpt lat="46.05888541927561" lon="7.272161053027958"><ele>1661.5</ele></trkpt><trkpt lat="46.05888541927561" lon="7.272161053027958"><ele>1661.5</ele></trkpt><trkpt lat="46.05888541927561" lon="7.272161053027958"><ele>1661.5</ele></trkpt><trkpt lat="46.05915349768475" lon="7.2721679848618805"><ele>1670.8999938964844</ele></trkpt><trkpt lat="46.05933239404112" lon="7.27208990836516"><ele>1681.5999755859375</ele></trkpt><trkpt lat="46.059512035455555" lon="7.2719084564596415"><ele>1688.0</ele></trkpt><trkpt lat="46.05955703323707" lon="7.271921240258962"><ele>1691.8999938964844</ele></trkpt><trkpt lat="46.05955948214978" lon="7.271753252483904"><ele>1695.2999877929688</ele></trkpt><trkpt lat="46.05960248783231" lon="7.271636826451868"><ele>1699.3999938964844</ele></trkpt><trkpt lat="46.059725439641625" lon="7.271443916950375"><ele>1704.6999816894531</ele></trkpt><trkpt lat="46.05983491288498" lon="7.271261385176331"><ele>1710.0</ele></trkpt><trkpt lat="46.0599795053713" lon="7.271103295497596"><ele>1714.2999877929688</ele></trkpt><trkpt lat="46.0600684103556" lon="7.271002232562751"><ele>1719.0</ele></trkpt><trkpt lat="46.060196495149285" lon="7.271234428975731"><ele>1725.1999816894531</ele></trkpt><trkpt lat="46.0603864165023" lon="7.271311374381185"><ele>1730.7999877929688</ele></trkpt><trkpt lat="46.06047541508451" lon="7.271272335667163"><ele>1735.8999938964844</ele></trkpt><trkpt lat="46.06062543578446" lon="7.271134902257472"><ele>1742.5</ele></trkpt><trkpt lat="46.0607880349271" lon="7.270987092517316"><ele>1750.5</ele></trkpt><trkpt lat="46.06093209935352" lon="7.271077102050185"><ele>1759.0</ele></trkpt><trkpt lat="46.06105795968324" lon="7.271025026217103"><ele>1764.8999938964844</ele></trkpt><trkpt lat="46.06120343739167" lon="7.270857884082943"><ele>1767.2999877929688</ele></trkpt><trkpt lat="46.06136429030448" lon="7.270746257621795"><ele>1769.5</ele></trkpt><trkpt lat="46.061489201616496" lon="7.270661878865212"><ele>1772.7999877929688</ele></trkpt><trkpt lat="46.06148036196828" lon="7.270765282679349"><ele>1776.5999755859375</ele></trkpt><trkpt lat="46.06133046746254" lon="7.270985420793295"><ele>1780.2999877929688</ele></trkpt><trkpt lat="46.06130993319675" lon="7.271088860929012"><ele>1784.0</ele></trkpt><trkpt lat="46.061447468120605" lon="7.271023826673627"><ele>1788.2999877929688</ele></trkpt><trkpt lat="46.06142699206248" lon="7.271166033111513"><ele>1793.2999877929688</ele></trkpt><trkpt lat="46.06160940788686" lon="7.271036250051111"><ele>1798.7999877929688</ele></trkpt><trkpt lat="46.06156213860959" lon="7.2713077599182725"><ele>1803.6999816894531</ele></trkpt><trkpt lat="46.06143840868026" lon="7.271580796688795"><ele>1806.7999877929688</ele></trkpt><trkpt lat="46.06143850367516" lon="7.2716441145166755"><ele>1808.6999816894531</ele></trkpt><trkpt lat="46.06147450534627" lon="7.271656926255673"><ele>1811.6999816894531</ele></trkpt><trkpt lat="46.06151248048991" lon="7.271786030847579"><ele>1819.0999755859375</ele></trkpt><trkpt lat="46.06174548435956" lon="7.271798237692565"><ele>1828.7999877929688</ele></trkpt><trkpt lat="46.06180521752685" lon="7.2720409906469285"><ele>1835.2999877929688</ele></trkpt><trkpt lat="46.061869455035776" lon="7.272288898937404"><ele>1840.1999816894531</ele></trkpt><trkpt lat="46.061933477409184" lon="7.272392080631107"><ele>1844.8999938964844</ele></trkpt><trkpt lat="46.062108074780554" lon="7.272448404226452"><ele>1849.5999755859375</ele></trkpt><trkpt lat="46.06237446842715" lon="7.272532875649631"><ele>1854.6999816894531</ele></trkpt><trkpt lat="46.06255441484973" lon="7.272556878160685"><ele>1859.3999938964844</ele></trkpt><trkpt lat="46.062751457095146" lon="7.272583412472159"><ele>1863.8999938964844</ele></trkpt><trkpt lat="46.06281433207914" lon="7.272519901394844"><ele>1868.0999755859375</ele></trkpt><trkpt lat="46.06275113252923" lon="7.272363734897226"><ele>1871.1999816894531</ele></trkpt><trkpt lat="46.06276007089764" lon="7.272324941121042"><ele>1874.3999938964844</ele></trkpt><trkpt lat="46.06265543634072" lon="7.272131427656859"><ele>1878.2999877929688</ele></trkpt><trkpt lat="46.062546495348215" lon="7.272067151032388"><ele>1882.0</ele></trkpt><trkpt lat="46.062518417835236" lon="7.271938014775515"><ele>1885.8999938964844</ele></trkpt><trkpt lat="46.06272338097915" lon="7.271846929565072"><ele>1890.8999938964844</ele></trkpt><trkpt lat="46.06276812823489" lon="7.271691724658012"><ele>1895.6999816894531</ele></trkpt><trkpt lat="46.06288505112752" lon="7.271678443066776"><ele>1899.5</ele></trkpt><trkpt lat="46.06291548209265" lon="7.271574971266091"><ele>1903.2999877929688</ele></trkpt><trkpt lat="46.06307841697708" lon="7.271652005147189"><ele>1909.6999816894531</ele></trkpt><trkpt lat="46.06325449841097" lon="7.271496394649148"><ele>1917.6999816894531</ele></trkpt><trkpt lat="46.063388261944056" lon="7.271315068937838"><ele>1923.1999816894531</ele></trkpt><trkpt lat="46.06347814016044" lon="7.271263102069497"><ele>1926.5999755859375</ele></trkpt><trkpt lat="46.063656201120466" lon="7.271228955127299"><ele>1930.7999877929688</ele></trkpt><trkpt lat="46.06388642080128" lon="7.271184308920056"><ele>1936.2999877929688</ele></trkpt><trkpt lat="46.064019438344985" lon="7.271106362808496"><ele>1939.0</ele></trkpt><trkpt lat="46.06408041436225" lon="7.270976948551834"><ele>1941.3999938964844</ele></trkpt><trkpt lat="46.06408041436225" lon="7.270976948551834"><ele>1941.3999938964844</ele></trkpt><trkpt lat="46.06408041436225" lon="7.270976948551834"><ele>1941.3999938964844</ele></trkpt><trkpt lat="46.06408041436225" lon="7.270976948551834"><ele>1941.3999938964844</ele></trkpt><trkpt lat="46.06408041436225" lon="7.270976948551834"><ele>1941.3999938964844</ele></trkpt><trkpt lat="46.06408041436225" lon="7.270976948551834"><ele>1941.3999938964844</ele></trkpt><trkpt lat="46.06433227006346" lon="7.270963248796761"><ele>1948.8999938964844</ele></trkpt><trkpt lat="46.06456050649285" lon="7.2707958412356675"><ele>1956.3999938964844</ele></trkpt><trkpt lat="46.064713447820395" lon="7.270806998945773"><ele>1960.2999877929688</ele></trkpt><trkpt lat="46.064884471241385" lon="7.270878838375211"><ele>1963.6999816894531</ele></trkpt><trkpt lat="46.06499248323962" lon="7.270922442898154"><ele>1967.6999816894531</ele></trkpt><trkpt lat="46.06516705080867" lon="7.270958088338375"><ele>1972.2999877929688</ele></trkpt><trkpt lat="46.065307423472404" lon="7.270986085757613"><ele>1977.3999938964844</ele></trkpt><trkpt lat="46.06545146834105" lon="7.271063179243356"><ele>1983.0999755859375</ele></trkpt><trkpt lat="46.065630454570055" lon="7.271045827772468"><ele>1989.5</ele></trkpt><trkpt lat="46.065862506162375" lon="7.271023142617196"><ele>1996.6999816894531</ele></trkpt><trkpt lat="46.06606948142871" lon="7.271074197255075"><ele>2005.8999938964844</ele></trkpt><trkpt lat="46.06634046137333" lon="7.271216809283942"><ele>2015.7999877929688</ele></trkpt><trkpt lat="46.066411486361176" lon="7.271189452148974"><ele>2021.1999816894531</ele></trkpt><trkpt lat="46.06643944978714" lon="7.27124105906114"><ele>2023.6999816894531</ele></trkpt><trkpt lat="46.06651145312935" lon="7.271266683936119"><ele>2027.5999755859375</ele></trkpt><trkpt lat="46.06669046450406" lon="7.271266132593155"><ele>2034.0999755859375</ele></trkpt><trkpt lat="46.06692344835028" lon="7.271265415009111"><ele>2041.0999755859375</ele></trkpt><trkpt lat="46.06693445844576" lon="7.27140883076936"><ele>2045.5999755859375</ele></trkpt><trkpt lat="46.06696150125936" lon="7.271446225699037"><ele>2048.5999755859375</ele></trkpt><trkpt lat="46.06709649413824" lon="7.2714858725667"><ele>2052.7999877929688</ele></trkpt><trkpt lat="46.067240439821035" lon="7.27149706101045"><ele>2057.2999877929688</ele></trkpt><trkpt lat="46.06731144711375" lon="7.271458072587848"><ele>2060.699981689453</ele></trkpt><trkpt lat="46.06739248568192" lon="7.271510809194297"><ele>2063.7999877929688</ele></trkpt><trkpt lat="46.06749045988545" lon="7.271458814386278"><ele>2066.699981689453</ele></trkpt><trkpt lat="46.06750850751996" lon="7.271496237255633"><ele>2069.5999755859375</ele></trkpt><trkpt lat="46.067643420770764" lon="7.271482898388058"><ele>2072.699981689453</ele></trkpt><trkpt lat="46.067670467775315" lon="7.271522878203541"><ele>2075.3999938964844</ele></trkpt><trkpt lat="46.06774233374745" lon="7.271456747315824"><ele>2078.0</ele></trkpt><trkpt lat="46.06777839316055" lon="7.2715083309449255"><ele>2080.2999877929688</ele></trkpt><trkpt lat="46.06784136174247" lon="7.27150813722983"><ele>2082.199981689453</ele></trkpt><trkpt lat="46.06792243709788" lon="7.271585429087281"><ele>2085.0999755859375</ele></trkpt><trkpt lat="46.06813846435398" lon="7.271675230003893"><ele>2089.0999755859375</ele></trkpt><trkpt lat="46.06830937927589" lon="7.271674704737961"><ele>2092.7999877929688</ele></trkpt><trkpt lat="46.06846220884472" lon="7.2716109091416"><ele>2097.699981689453</ele></trkpt><trkpt lat="46.068687345366925" lon="7.271776933223009"><ele>2103.3999938964844</ele></trkpt><trkpt lat="46.068840134423226" lon="7.27168599748984"><ele>2107.199981689453</ele></trkpt><trkpt lat="46.06902004452422" lon="7.2716854442842305"><ele>2109.699981689453</ele></trkpt><trkpt lat="46.06925740977749" lon="7.271607170812786"><ele>2111.7999877929688</ele></trkpt><trkpt lat="46.06929898168892" lon="7.27173628192395"><ele>2111.5</ele></trkpt><trkpt lat="46.06956002349034" lon="7.271851793862879"><ele>2108.699981689453</ele></trkpt><trkpt lat="46.06971650570631" lon="7.271825464442372"><ele>2106.2999877929688</ele></trkpt><trkpt lat="46.06987947225571" lon="7.271924478467554"><ele>2106.0</ele></trkpt><trkpt lat="46.07004513917491" lon="7.272024777252227"><ele>2106.3999938964844</ele></trkpt><trkpt lat="46.07016308559105" lon="7.272095497697592"><ele>2106.8999938964844</ele></trkpt><trkpt lat="46.070208178367466" lon="7.27217290410772"><ele>2107.3999938964844</ele></trkpt><trkpt lat="46.07043322082609" lon="7.2722768993116915"><ele>2107.199981689453</ele></trkpt><trkpt lat="46.07061142940074" lon="7.272342266049236"><ele>2107.0999755859375</ele></trkpt><trkpt lat="46.070782443042845" lon="7.272408947814256"><ele>2107.199981689453</ele></trkpt><trkpt lat="46.07090125279501" lon="7.272455111145973"><ele>2107.199981689453</ele></trkpt><trkpt lat="46.07109915325418" lon="7.272454505320638"><ele>2107.3999938964844</ele></trkpt><trkpt lat="46.071207290980965" lon="7.272583417594433"><ele>2107.8999938964844</ele></trkpt><trkpt lat="46.07143213972449" lon="7.272556880488992"><ele>2108.699981689453</ele></trkpt><trkpt lat="46.07160322647542" lon="7.272672676946968"><ele>2109.199981689453</ele></trkpt><trkpt lat="46.07175007276237" lon="7.272820859216154"><ele>2109.199981689453</ele></trkpt><trkpt lat="46.07197349565104" lon="7.273046355694532"><ele>2110.0999755859375</ele></trkpt><trkpt lat="46.072102495934814" lon="7.273292820900679"><ele>2111.2999877929688</ele></trkpt><trkpt lat="46.072102495934814" lon="7.273292820900679"><ele>2111.2999877929688</ele></trkpt><trkpt lat="46.072102495934814" lon="7.273292820900679"><ele>2111.2999877929688</ele></trkpt><trkpt lat="46.072102495934814" lon="7.273292820900679"><ele>2111.2999877929688</ele></trkpt><trkpt lat="46.072102495934814" lon="7.273292820900679"><ele>2111.2999877929688</ele></trkpt><trkpt lat="46.072102495934814" lon="7.273292820900679"><ele>2111.2999877929688</ele></trkpt><trkpt lat="46.07229842571542" lon="7.273175902199"><ele>2111.199981689453</ele></trkpt><trkpt lat="46.07247742591426" lon="7.273168893996626"><ele>2111.2999877929688</ele></trkpt><trkpt lat="46.07270140200853" lon="7.2731604562141"><ele>2111.7999877929688</ele></trkpt><trkpt lat="46.07294439477846" lon="7.2732372637838125"><ele>2112.0999755859375</ele></trkpt><trkpt lat="46.07311544846743" lon="7.273331093136221"><ele>2112.3999938964844</ele></trkpt><trkpt lat="46.07324149413034" lon="7.273404380772263"><ele>2112.8999938964844</ele></trkpt><trkpt lat="46.07332446239889" lon="7.273546301294118"><ele>2114.0</ele></trkpt><trkpt lat="46.07348747132346" lon="7.273675054311752"><ele>2115.3999938964844</ele></trkpt><trkpt lat="46.07356050610542" lon="7.273791156709194"><ele>2117.5</ele></trkpt><trkpt lat="46.07379442732781" lon="7.273816296365112"><ele>2120.7999877929688</ele></trkpt><trkpt lat="46.07388541754335" lon="7.273907787632197"><ele>2123.699981689453</ele></trkpt><trkpt lat="46.073862984310836" lon="7.273945338558406"><ele>2125.8999938964844</ele></trkpt><trkpt lat="46.074002471752465" lon="7.273983690422028"><ele>2128.0</ele></trkpt><trkpt lat="46.07405445585027" lon="7.273854282684624"><ele>2129.5999755859375</ele></trkpt><trkpt lat="46.074117462616414" lon="7.273879941552877"><ele>2131.7999877929688</ele></trkpt><trkpt lat="46.07420449284837" lon="7.27372586959973"><ele>2134.7999877929688</ele></trkpt><trkpt lat="46.07432139478624" lon="7.273698372300714"><ele>2138.199981689453</ele></trkpt><trkpt lat="46.07442943844944" lon="7.273763962090015"><ele>2141.699981689453</ele></trkpt><trkpt lat="46.07445747544989" lon="7.273865985684097"><ele>2145.199981689453</ele></trkpt><trkpt lat="46.07461943291128" lon="7.273891344666481"><ele>2149.3999938964844</ele></trkpt><trkpt lat="46.07466647634283" lon="7.274072154890746"><ele>2154.5</ele></trkpt><trkpt lat="46.07484644791111" lon="7.27411297056824"><ele>2159.699981689453</ele></trkpt><trkpt lat="46.075019218958914" lon="7.274151222780347"><ele>2164.0</ele></trkpt><trkpt lat="46.0751784928143" lon="7.2741869310848415"><ele>2166.8999938964844</ele></trkpt><trkpt lat="46.07537744520232" lon="7.274289730936289"><ele>2168.3999938964844</ele></trkpt><trkpt lat="46.07547042099759" lon="7.274509180337191"><ele>2169.699981689453</ele></trkpt><trkpt lat="46.07553721498698" lon="7.2746640825644135"><ele>2171.5</ele></trkpt><trkpt lat="46.07562718912959" lon="7.274676736444235"><ele>2173.199981689453</ele></trkpt><trkpt lat="46.07569936150685" lon="7.2748186979442835"><ele>2175.2999877929688</ele></trkpt><trkpt lat="46.075861488468945" lon="7.274960388429463"><ele>2177.0999755859375</ele></trkpt><trkpt lat="46.07604042906314" lon="7.274912024382502"><ele>2178.3999938964844</ele></trkpt><trkpt lat="46.07629310246557" lon="7.2748427568003535"><ele>2180.0</ele></trkpt><trkpt lat="46.07646648818627" lon="7.274687126278877"><ele>2181.0999755859375</ele></trkpt><trkpt lat="46.07655642461032" lon="7.274673928972334"><ele>2181.699981689453</ele></trkpt><trkpt lat="46.07681434880942" lon="7.274505116045475"><ele>2182.199981689453</ele></trkpt><trkpt lat="46.07685023639351" lon="7.274440379347652"><ele>2183.0999755859375</ele></trkpt><trkpt lat="46.077097460627556" lon="7.274336225353181"><ele>2184.0999755859375</ele></trkpt><trkpt lat="46.07728242594749" lon="7.274103000760078"><ele>2183.7999877929688</ele></trkpt><trkpt lat="46.077450497075915" lon="7.274004254955798"><ele>2182.7999877929688</ele></trkpt><trkpt lat="46.07758710673079" lon="7.27392111485824"><ele>2182.2999877929688</ele></trkpt><trkpt lat="46.07765442272648" lon="7.273818796034902"><ele>2182.7999877929688</ele></trkpt><trkpt lat="46.077850503847" lon="7.273803981952369"><ele>2184.199981689453</ele></trkpt><trkpt lat="46.07801949372515" lon="7.273718157783151"><ele>2186.0</ele></trkpt><trkpt lat="46.07820735918358" lon="7.273621934466064"><ele>2187.8999938964844</ele></trkpt><trkpt lat="46.078252165578306" lon="7.273505464661866"><ele>2190.0</ele></trkpt><trkpt lat="46.07820845535025" lon="7.273144962731749"><ele>2192.5</ele></trkpt><trkpt lat="46.0782783892937" lon="7.2729883450083435"><ele>2194.699981689453</ele></trkpt><trkpt lat="46.078457463067025" lon="7.273030454292893"><ele>2196.7999877929688</ele></trkpt><trkpt lat="46.07871032645926" lon="7.27309043565765"><ele>2198.8999938964844</ele></trkpt><trkpt lat="46.078773201443255" lon="7.273026905953884"><ele>2200.0</ele></trkpt><trkpt lat="46.078822483774275" lon="7.272896201349795"><ele>2201.0999755859375</ele></trkpt><trkpt lat="46.07881850330159" lon="7.272637691348791"><ele>2203.2999877929688</ele></trkpt><trkpt lat="46.07881731633097" lon="7.272443803027272"><ele>2205.5</ele></trkpt><trkpt lat="46.07876207958907" lon="7.272198376245797"><ele>2207.3999938964844</ele></trkpt><trkpt lat="46.07876207958907" lon="7.272198376245797"><ele>2207.3999938964844</ele></trkpt><trkpt lat="46.07876207958907" lon="7.272198376245797"><ele>2207.3999938964844</ele></trkpt><trkpt lat="46.07876207958907" lon="7.272198376245797"><ele>2207.3999938964844</ele></trkpt><trkpt lat="46.07876207958907" lon="7.272198376245797"><ele>2207.3999938964844</ele></trkpt><trkpt lat="46.07876207958907" lon="7.272198376245797"><ele>2207.3999938964844</ele></trkpt><trkpt lat="46.078710440546274" lon="7.2719529387541115"><ele>2209.3999938964844</ele></trkpt><trkpt lat="46.078627162612975" lon="7.271604190114886"><ele>2211.5999755859375</ele></trkpt><trkpt lat="46.07858630735427" lon="7.271352257579565"><ele>2213.8999938964844</ele></trkpt><trkpt lat="46.078545451164246" lon="7.271100325509906"><ele>2215.7999877929688</ele></trkpt><trkpt lat="46.07850914075971" lon="7.270880694966763"><ele>2217.2999877929688</ele></trkpt><trkpt lat="46.07852146355435" lon="7.2706996919587255"><ele>2219.0</ele></trkpt><trkpt lat="46.07861649058759" lon="7.270482239779085"><ele>2220.8999938964844</ele></trkpt><trkpt lat="46.07873304001987" lon="7.270220770966262"><ele>2222.7999877929688</ele></trkpt><trkpt lat="46.0787694551982" lon="7.269910431466997"><ele>2224.8999938964844</ele></trkpt><trkpt lat="46.078759209718555" lon="7.2696777931414545"><ele>2226.199981689453</ele></trkpt><trkpt lat="46.07878649048507" lon="7.269872892647982"><ele>2226.199981689453</ele></trkpt><trkpt lat="46.07879047561437" lon="7.270130110438913"><ele>2226.2999877929688</ele></trkpt><trkpt lat="46.078794464468956" lon="7.270389913581312"><ele>2226.699981689453</ele></trkpt><trkpt lat="46.07879848731682" lon="7.270672983024269"><ele>2226.5999755859375</ele></trkpt><trkpt lat="46.078877094667405" lon="7.270904118195176"><ele>2226.699981689453</ele></trkpt><trkpt lat="46.078950270079076" lon="7.271112003363669"><ele>2229.0</ele></trkpt><trkpt lat="46.079128321725875" lon="7.271071383263916"><ele>2234.5</ele></trkpt><trkpt lat="46.07930547418073" lon="7.271030765492469"><ele>2240.5</ele></trkpt><trkpt lat="46.079484425485134" lon="7.270990141667426"><ele>2245.0999755859375</ele></trkpt><trkpt lat="46.07966247852892" lon="7.2709508133120835"><ele>2248.5999755859375</ele></trkpt><trkpt lat="46.07984142936766" lon="7.2709101885557175"><ele>2251.5</ele></trkpt><trkpt lat="46.080101310741156" lon="7.270849924068898"><ele>2255.0999755859375</ele></trkpt><trkpt lat="46.080177418421954" lon="7.270613134838641"><ele>2258.699981689453</ele></trkpt><trkpt lat="46.080245427787304" lon="7.270375077612698"><ele>2261.699981689453</ele></trkpt><trkpt lat="46.0803161370568" lon="7.270138303749263"><ele>2263.8999938964844</ele></trkpt><trkpt lat="46.08039044542238" lon="7.269902810454369"><ele>2264.699981689453</ele></trkpt><trkpt lat="46.080441451165825" lon="7.2697242656722665"><ele>2264.5</ele></trkpt><trkpt lat="46.080468125641346" lon="7.269517358392477"><ele>2264.3999938964844</ele></trkpt><trkpt lat="46.08046143781394" lon="7.269258848391473"><ele>2264.0999755859375</ele></trkpt><trkpt lat="46.080449391622096" lon="7.269026208668947"><ele>2263.3999938964844</ele></trkpt><trkpt lat="46.080395163968205" lon="7.26885833311826"><ele>2262.5999755859375</ele></trkpt><trkpt lat="46.080228433944285" lon="7.268652031198144"><ele>2261.7999877929688</ele></trkpt><trkpt lat="46.08013543859124" lon="7.268427402246743"><ele>2261.0999755859375</ele></trkpt><trkpt lat="46.08007042342797" lon="7.268264732789248"><ele>2260.3999938964844</ele></trkpt><trkpt lat="46.080097193364054" lon="7.268122457899153"><ele>2259.2999877929688</ele></trkpt><trkpt lat="46.08022645069286" lon="7.267939788289368"><ele>2257.8999938964844</ele></trkpt><trkpt lat="46.08032248914242" lon="7.267799879424274"><ele>2256.5</ele></trkpt><trkpt lat="46.08038848359138" lon="7.267424802761525"><ele>2255.0</ele></trkpt><trkpt lat="46.08035748125985" lon="7.267152151092887"><ele>2253.3999938964844</ele></trkpt><trkpt lat="46.080383389722556" lon="7.2670357301831245"><ele>2252.199981689453</ele></trkpt><trkpt lat="46.080378495622426" lon="7.266777215525508"><ele>2250.8999938964844</ele></trkpt><trkpt lat="46.0802783081308" lon="7.266557782422751"><ele>2249.5</ele></trkpt><trkpt lat="46.08019345253706" lon="7.266364154405892"><ele>2248.0999755859375</ele></trkpt><trkpt lat="46.08000407135114" lon="7.266055813524872"><ele>2246.2999877929688</ele></trkpt><trkpt lat="46.07991543691605" lon="7.265745861921459"><ele>2244.699981689453</ele></trkpt><trkpt lat="46.079904400743544" lon="7.265589487273246"><ele>2243.699981689453</ele></trkpt><trkpt lat="46.079859203659" lon="7.265447441022843"><ele>2243.2999877929688</ele></trkpt><trkpt lat="46.079868079163134" lon="7.265369854401797"><ele>2242.699981689453</ele></trkpt><trkpt lat="46.079719433095306" lon="7.265228138770908"><ele>2239.5999755859375</ele></trkpt><trkpt lat="46.07956718793139" lon="7.265086434781551"><ele>2234.3999938964844</ele></trkpt><trkpt lat="46.07956718793139" lon="7.265086434781551"><ele>2234.3999938964844</ele></trkpt><trkpt lat="46.07956718793139" lon="7.265086434781551"><ele>2234.3999938964844</ele></trkpt><trkpt lat="46.07956718793139" lon="7.265086434781551"><ele>2234.3999938964844</ele></trkpt><trkpt lat="46.07956718793139" lon="7.265086434781551"><ele>2234.3999938964844</ele></trkpt><trkpt lat="46.07956718793139" lon="7.265086434781551"><ele>2234.3999938964844</ele></trkpt><trkpt lat="46.07941944105551" lon="7.264944717753679"><ele>2230.199981689453</ele></trkpt><trkpt lat="46.07926629669964" lon="7.264803018886596"><ele>2227.199981689453</ele></trkpt><trkpt lat="46.079129363875836" lon="7.264674195088446"><ele>2224.0999755859375</ele></trkpt><trkpt lat="46.079205457586795" lon="7.264437400735915"><ele>2222.199981689453</ele></trkpt><trkpt lat="46.079274356830865" lon="7.264201921410859"><ele>2221.3999938964844</ele></trkpt><trkpt lat="46.079350447747856" lon="7.263963833451271"><ele>2220.7999877929688</ele></trkpt><trkpt lat="46.079419346060604" lon="7.263728353194892"><ele>2220.2999877929688</ele></trkpt><trkpt lat="46.07951421570033" lon="7.263419108930975"><ele>2220.0</ele></trkpt><trkpt lat="46.07954710023478" lon="7.263164354022592"><ele>2219.7999877929688</ele></trkpt><trkpt lat="46.07956844056025" lon="7.263005291577429"><ele>2219.7999877929688</ele></trkpt><trkpt lat="46.07966146618128" lon="7.262668905314058"><ele>2219.7999877929688</ele></trkpt><trkpt lat="46.07978239702061" lon="7.26234535407275"><ele>2219.699981689453</ele></trkpt><trkpt lat="46.07981241168454" lon="7.26198331778869"><ele>2219.5</ele></trkpt><trkpt lat="46.07988932635635" lon="7.261699979193509"><ele>2219.5</ele></trkpt><trkpt lat="46.07997001800686" lon="7.261530380230397"><ele>2219.3999938964844</ele></trkpt><trkpt lat="46.08004340901971" lon="7.261294879484922"><ele>2219.2999877929688</ele></trkpt><trkpt lat="46.080104255117476" lon="7.261090443003923"><ele>2219.3999938964844</ele></trkpt><trkpt lat="46.08018505061045" lon="7.260986766777933"><ele>2219.199981689453</ele></trkpt><trkpt lat="46.08019750053063" lon="7.260896240826696"><ele>2218.7999877929688</ele></trkpt><trkpt lat="46.08015141868964" lon="7.260767126921564"><ele>2218.699981689453</ele></trkpt><trkpt lat="46.080183401703835" lon="7.260514955967665"><ele>2218.2999877929688</ele></trkpt><trkpt lat="46.08021546667442" lon="7.260314490180463"><ele>2218.0</ele></trkpt><trkpt lat="46.080247502774" lon="7.260095927398652"><ele>2218.199981689453</ele></trkpt><trkpt lat="46.08036313019693" lon="7.2598357242532074"><ele>2218.199981689453</ele></trkpt><trkpt lat="46.080419450998306" lon="7.259615787770599"><ele>2218.0999755859375</ele></trkpt><trkpt lat="46.080461150966585" lon="7.2592537072487175"><ele>2217.7999877929688</ele></trkpt><trkpt lat="46.08046433515847" lon="7.2589951660484076"><ele>2217.5</ele></trkpt><trkpt lat="46.08046919293702" lon="7.258659060113132"><ele>2217.3999938964844</ele></trkpt><trkpt lat="46.08051826944575" lon="7.258410707581788"><ele>2217.2999877929688</ele></trkpt><trkpt lat="46.08056824468076" lon="7.258162351790816"><ele>2217.199981689453</ele></trkpt><trkpt lat="46.08062448725104" lon="7.257895877119154"><ele>2216.8999938964844</ele></trkpt><trkpt lat="46.080712283961475" lon="7.25767324725166"><ele>2216.3999938964844</ele></trkpt><trkpt lat="46.080857450608164" lon="7.257326329592615"><ele>2215.699981689453</ele></trkpt><trkpt lat="46.08098309626803" lon="7.257146229036152"><ele>2214.0</ele></trkpt><trkpt lat="46.08107823645696" lon="7.257015351206064"><ele>2211.0</ele></trkpt><trkpt lat="46.080898301210254" lon="7.257000440731645"><ele>2208.0999755859375</ele></trkpt><trkpt lat="46.08077234914526" lon="7.256991813424975"><ele>2205.7999877929688</ele></trkpt><trkpt lat="46.080808160826564" lon="7.256886987481266"><ele>2202.699981689453</ele></trkpt><trkpt lat="46.08057440305129" lon="7.256965328939259"><ele>2198.3999938964844</ele></trkpt><trkpt lat="46.08060105331242" lon="7.256758414208889"><ele>2194.7999877929688</ele></trkpt><trkpt lat="46.0807644976303" lon="7.256589820142835"><ele>2191.0999755859375</ele></trkpt><trkpt lat="46.08053044602275" lon="7.256487192120403"><ele>2186.3999938964844</ele></trkpt><trkpt lat="46.080564483534545" lon="7.256397884339094"><ele>2183.0999755859375</ele></trkpt><trkpt lat="46.08053745236248" lon="7.25637082895264"><ele>2180.5</ele></trkpt><trkpt lat="46.08033145684749" lon="7.256372812669724"><ele>2176.5999755859375</ele></trkpt><trkpt lat="46.080339297652245" lon="7.256216375157237"><ele>2173.199981689453</ele></trkpt><trkpt lat="46.08039318630472" lon="7.256164487451315"><ele>2171.199981689453</ele></trkpt><trkpt lat="46.08045142469928" lon="7.256022099405527"><ele>2168.7999877929688</ele></trkpt><trkpt lat="46.080370424780995" lon="7.255997811444104"><ele>2166.3999938964844</ele></trkpt><trkpt lat="46.08036046428606" lon="7.255957772489637"><ele>2163.699981689453</ele></trkpt><trkpt lat="46.08018048200756" lon="7.255914427805692"><ele>2159.8999938964844</ele></trkpt><trkpt lat="46.08004549425095" lon="7.255881272722036"><ele>2156.7999877929688</ele></trkpt><trkpt lat="46.08004549425095" lon="7.255881272722036"><ele>2156.7999877929688</ele></trkpt><trkpt lat="46.08004549425095" lon="7.255881272722036"><ele>2156.7999877929688</ele></trkpt><trkpt lat="46.08004549425095" lon="7.255881272722036"><ele>2156.7999877929688</ele></trkpt><trkpt lat="46.08004549425095" lon="7.255881272722036"><ele>2156.7999877929688</ele></trkpt><trkpt lat="46.08004549425095" lon="7.255881272722036"><ele>2156.7999877929688</ele></trkpt><trkpt lat="46.08001846726984" lon="7.25585680315271"><ele>2154.5999755859375</ele></trkpt><trkpt lat="46.0800704699941" lon="7.255751923657954"><ele>2152.199981689453</ele></trkpt><trkpt lat="46.08003442408517" lon="7.255713265389204"><ele>2148.8999938964844</ele></trkpt><trkpt lat="46.079871440306306" lon="7.25561298802495"><ele>2143.0999755859375</ele></trkpt><trkpt lat="46.079701259266585" lon="7.255512735340744"><ele>2135.7999877929688</ele></trkpt><trkpt lat="46.079536475706846" lon="7.255412464495748"><ele>2127.7999877929688</ele></trkpt><trkpt lat="46.07933027483523" lon="7.255289067514241"><ele>2119.2999877929688</ele></trkpt><trkpt lat="46.07915030000731" lon="7.255250895395875"><ele>2112.0</ele></trkpt><trkpt lat="46.07897498458624" lon="7.2553109475411475"><ele>2106.199981689453</ele></trkpt><trkpt lat="46.07881045900285" lon="7.255368377547711"><ele>2101.5</ele></trkpt><trkpt lat="46.07864330941811" lon="7.255471057724208"><ele>2097.7999877929688</ele></trkpt><trkpt lat="46.078482458367944" lon="7.255575008224696"><ele>2094.0</ele></trkpt><trkpt lat="46.078314409125596" lon="7.255677690263838"><ele>2089.8999938964844</ele></trkpt><trkpt lat="46.07820747187361" lon="7.2557452651672065"><ele>2086.0</ele></trkpt><trkpt lat="46.07809143094346" lon="7.255746948067099"><ele>2081.199981689453</ele></trkpt><trkpt lat="46.077940409537405" lon="7.255810793489218"><ele>2076.699981689453</ele></trkpt><trkpt lat="46.07781108468771" lon="7.255940487608314"><ele>2073.8999938964844</ele></trkpt><trkpt lat="46.07773907855153" lon="7.255914878100157"><ele>2071.3999938964844</ele></trkpt><trkpt lat="46.07757724355906" lon="7.255967125762254"><ele>2068.5</ele></trkpt><trkpt lat="46.07750504696742" lon="7.255825184285641"><ele>2064.8999938964844</ele></trkpt><trkpt lat="46.07756941905245" lon="7.255583253223449"><ele>2060.5999755859375</ele></trkpt><trkpt lat="46.07763019017875" lon="7.255340041592717"><ele>2055.5999755859375</ele></trkpt><trkpt lat="46.077729414682835" lon="7.2549583916552365"><ele>2049.8999938964844</ele></trkpt><trkpt lat="46.077845031861216" lon="7.254699481651187"><ele>2045.7999877929688</ele></trkpt><trkpt lat="46.0778584186919" lon="7.254634806420654"><ele>2043.8999938964844</ele></trkpt><trkpt lat="46.07783141033724" lon="7.254621971864253"><ele>2041.3999938964844</ele></trkpt><trkpt lat="46.077682964969426" lon="7.2546108406968415"><ele>2035.8999938964844</ele></trkpt><trkpt lat="46.077570411842316" lon="7.2545452998019755"><ele>2029.1999816894531</ele></trkpt><trkpt lat="46.077386029064655" lon="7.254561435431242"><ele>2024.2999877929688</ele></trkpt><trkpt lat="46.07727809948847" lon="7.2545721414498985"><ele>2020.6999816894531</ele></trkpt><trkpt lat="46.07710733311251" lon="7.254663200117648"><ele>2017.0</ele></trkpt><trkpt lat="46.076949215494096" lon="7.254787822254002"><ele>2012.8999938964844</ele></trkpt><trkpt lat="46.076791995204985" lon="7.254911147989333"><ele>2008.5</ele></trkpt><trkpt lat="46.0765952472575" lon="7.255066920537502"><ele>2004.1999816894531</ele></trkpt><trkpt lat="46.07663441123441" lon="7.254813445266336"><ele>1999.3999938964844</ele></trkpt><trkpt lat="46.07667447626591" lon="7.254561258945614"><ele>1994.2999877929688</ele></trkpt><trkpt lat="46.076715438161045" lon="7.254307776223868"><ele>1989.0</ele></trkpt><trkpt lat="46.07676435029134" lon="7.253966371994466"><ele>1982.5999755859375</ele></trkpt><trkpt lat="46.076808963902295" lon="7.253746483009309"><ele>1975.3999938964844</ele></trkpt><trkpt lat="46.076890480238944" lon="7.2535393931902945"><ele>1969.0999755859375</ele></trkpt><trkpt lat="46.07705111429095" lon="7.253306181635708"><ele>1964.3999938964844</ele></trkpt><trkpt lat="46.07719748513773" lon="7.253151864744723"><ele>1959.8999938964844</ele></trkpt><trkpt lat="46.077338454313576" lon="7.2529949801974"><ele>1955.5</ele></trkpt><trkpt lat="46.07748212432489" lon="7.252839378546923"><ele>1950.3999938964844</ele></trkpt><trkpt lat="46.07761316513643" lon="7.25266313739121"><ele>1943.6999816894531</ele></trkpt><trkpt lat="46.077742411289364" lon="7.252489486243576"><ele>1936.6999816894531</ele></trkpt><trkpt lat="46.07783739687875" lon="7.252269419375807"><ele>1930.3999938964844</ele></trkpt><trkpt lat="46.077923429664224" lon="7.252075233962387"><ele>1923.6999816894531</ele></trkpt><trkpt lat="46.07799049606547" lon="7.2518358724191785"><ele>1915.3999938964844</ele></trkpt><trkpt lat="46.0780584635213" lon="7.251597799360752"><ele>1906.8999938964844</ele></trkpt><trkpt lat="46.07812732830644" lon="7.251358430366963"><ele>1900.7999877929688</ele></trkpt><trkpt lat="46.07819619309157" lon="7.251119061373174"><ele>1896.5999755859375</ele></trkpt><trkpt lat="46.07826505694538" lon="7.250879691448063"><ele>1891.1999816894531</ele></trkpt><trkpt lat="46.07826505694538" lon="7.250879691448063"><ele>1891.1999816894531</ele></trkpt><trkpt lat="46.07826505694538" lon="7.250879691448063"><ele>1891.1999816894531</ele></trkpt><trkpt lat="46.07826505694538" lon="7.250879691448063"><ele>1891.1999816894531</ele></trkpt><trkpt lat="46.07826505694538" lon="7.250879691448063"><ele>1891.1999816894531</ele></trkpt><trkpt lat="46.07826505694538" lon="7.250879691448063"><ele>1891.1999816894531</ele></trkpt><trkpt lat="46.07836345117539" lon="7.250548443756998"><ele>1886.1999816894531</ele></trkpt><trkpt lat="46.078453936148435" lon="7.250328386668116"><ele>1883.2999877929688</ele></trkpt><trkpt lat="46.078548018820584" lon="7.250108316540718"><ele>1879.1999816894531</ele></trkpt><trkpt lat="46.0786645016633" lon="7.249836462549865"><ele>1872.3999938964844</ele></trkpt><trkpt lat="46.07885650219396" lon="7.249538491945714"><ele>1864.6999816894531</ele></trkpt><trkpt lat="46.07902005733922" lon="7.2494422676973045"><ele>1857.5</ele></trkpt><trkpt lat="46.07921237125993" lon="7.249330430757254"><ele>1849.5999755859375</ele></trkpt><trkpt lat="46.07903197966516" lon="7.2490466819144785"><ele>1841.2999877929688</ele></trkpt><trkpt lat="46.07888330379501" lon="7.248899842146784"><ele>1835.1999816894531</ele></trkpt><trkpt lat="46.078772470355034" lon="7.248789064120501"><ele>1832.2999877929688</ele></trkpt><trkpt lat="46.07867349777371" lon="7.248776483815163"><ele>1830.0</ele></trkpt><trkpt lat="46.07855445006862" lon="7.248595934361219"><ele>1826.5</ele></trkpt><trkpt lat="46.07863529911265" lon="7.248531020712107"><ele>1822.6999816894531</ele></trkpt><trkpt lat="46.07860800484195" lon="7.248350149951875"><ele>1819.0</ele></trkpt><trkpt lat="46.07878513634205" lon="7.248302994761616"><ele>1815.3999938964844</ele></trkpt><trkpt lat="46.07890742365271" lon="7.248272835277021"><ele>1812.2999877929688</ele></trkpt><trkpt lat="46.078888420946896" lon="7.248206978198141"><ele>1809.7999877929688</ele></trkpt><trkpt lat="46.07876142999157" lon="7.2481169402599335"><ele>1806.7999877929688</ele></trkpt><trkpt lat="46.07864146633074" lon="7.247927346732467"><ele>1802.7999877929688</ele></trkpt><trkpt lat="46.07856210088357" lon="7.247807412408292"><ele>1798.0999755859375</ele></trkpt><trkpt lat="46.078694036230445" lon="7.247632445301861"><ele>1792.7999877929688</ele></trkpt><trkpt lat="46.0787864793092" lon="7.247509321197867"><ele>1787.5999755859375</ele></trkpt><trkpt lat="46.07897527329624" lon="7.247444024775177"><ele>1783.5</ele></trkpt><trkpt lat="46.07897520670667" lon="7.247405245900154"><ele>1780.0</ele></trkpt><trkpt lat="46.07878050627187" lon="7.247173260897398"><ele>1775.8999938964844</ele></trkpt><trkpt lat="46.07883344870061" lon="7.247096809092909"><ele>1772.6999816894531</ele></trkpt><trkpt lat="46.07883245823905" lon="7.247043814975768"><ele>1770.0</ele></trkpt><trkpt lat="46.07871342962608" lon="7.246876195073128"><ele>1766.2999877929688</ele></trkpt><trkpt lat="46.07883028173819" lon="7.24682407733053"><ele>1763.0999755859375</ele></trkpt><trkpt lat="46.078839210327715" lon="7.246785266790539"><ele>1759.6999816894531</ele></trkpt><trkpt lat="46.07871649460867" lon="7.24656595569104"><ele>1755.0</ele></trkpt><trkpt lat="46.078697450459" lon="7.2464768323116004"><ele>1751.3999938964844</ele></trkpt><trkpt lat="46.078750457149" lon="7.2464378657750785"><ele>1749.1999816894531</ele></trkpt><trkpt lat="46.078902477864176" lon="7.246436034794897"><ele>1745.6999816894531</ele></trkpt><trkpt lat="46.0788111789152" lon="7.246177834458649"><ele>1741.0999755859375</ele></trkpt><trkpt lat="46.078973185736686" lon="7.2462289640679955"><ele>1736.5999755859375</ele></trkpt><trkpt lat="46.079162089619786" lon="7.246228293981403"><ele>1731.5</ele></trkpt><trkpt lat="46.079341056291014" lon="7.246203098911792"><ele>1725.6999816894531</ele></trkpt><trkpt lat="46.07952002296224" lon="7.246177903842181"><ele>1719.5999755859375</ele></trkpt><trkpt lat="46.079632439184934" lon="7.246161992661655"><ele>1714.0999755859375</ele></trkpt><trkpt lat="46.07962144352496" lon="7.246045694220811"><ele>1709.5</ele></trkpt><trkpt lat="46.07953918399289" lon="7.245813311543316"><ele>1705.2999877929688</ele></trkpt><trkpt lat="46.079629227519035" lon="7.245864696800709"><ele>1703.6999816894531</ele></trkpt><trkpt lat="46.07978250645101" lon="7.246070974506438"><ele>1704.3999938964844</ele></trkpt><trkpt lat="46.079885421320796" lon="7.2462838953360915"><ele>1705.8999938964844</ele></trkpt><trkpt lat="46.079989230725914" lon="7.246494228485972"><ele>1706.6999816894531</ele></trkpt><trkpt lat="46.0800533243455" lon="7.2466258513741195"><ele>1705.1999816894531</ele></trkpt><trkpt lat="46.08008932787925" lon="7.246638650074601"><ele>1703.5999755859375</ele></trkpt><trkpt lat="46.080170176457614" lon="7.246573731768876"><ele>1703.0</ele></trkpt><trkpt lat="46.08028044644743" lon="7.246354884002358"><ele>1703.2999877929688</ele></trkpt><trkpt lat="46.08040426950902" lon="7.246170888654888"><ele>1704.2999877929688</ele></trkpt><trkpt lat="46.08054694440216" lon="7.245964850764722"><ele>1704.3999938964844</ele></trkpt><trkpt lat="46.080683453474194" lon="7.24583510030061"><ele>1704.2999877929688</ele></trkpt><trkpt lat="46.08081741956994" lon="7.245795844588429"><ele>1703.1999816894531</ele></trkpt><trkpt lat="46.08094250038266" lon="7.245821253396571"><ele>1700.2999877929688</ele></trkpt><trkpt lat="46.08110641781241" lon="7.24593701120466"><ele>1698.1999816894531</ele></trkpt><trkpt lat="46.08113441709429" lon="7.246002838015556"><ele>1698.1999816894531</ele></trkpt><trkpt lat="46.0812604627572" lon="7.246065731626004"><ele>1697.6999816894531</ele></trkpt><trkpt lat="46.0812604627572" lon="7.246065731626004"><ele>1697.6999816894531</ele></trkpt><trkpt lat="46.0812604627572" lon="7.246065731626004"><ele>1697.6999816894531</ele></trkpt><trkpt lat="46.0812604627572" lon="7.246065731626004"><ele>1697.6999816894531</ele></trkpt><trkpt lat="46.0812604627572" lon="7.246065731626004"><ele>1697.6999816894531</ele></trkpt><trkpt lat="46.0812604627572" lon="7.246065731626004"><ele>1697.6999816894531</ele></trkpt><trkpt lat="46.08139209123328" lon="7.246237189974636"><ele>1695.6999816894531</ele></trkpt><trkpt lat="46.08150117378682" lon="7.246375119779259"><ele>1693.8999938964844</ele></trkpt><trkpt lat="46.08177108224481" lon="7.246400017756969"><ele>1693.3999938964844</ele></trkpt><trkpt lat="46.08188795717433" lon="7.246360823512077"><ele>1694.2999877929688</ele></trkpt><trkpt lat="46.08203346282244" lon="7.246231039054692"><ele>1695.1999816894531</ele></trkpt><trkpt lat="46.08212348399684" lon="7.246269500814378"><ele>1694.3999938964844</ele></trkpt><trkpt lat="46.08222241187468" lon="7.246256222948432"><ele>1693.0</ele></trkpt><trkpt lat="46.082219946198165" lon="7.24586842302233"><ele>1692.7999877929688</ele></trkpt><trkpt lat="46.08225549058989" lon="7.245613635983318"><ele>1694.5999755859375</ele></trkpt><trkpt lat="46.082287438213825" lon="7.245360154192895"><ele>1697.7999877929688</ele></trkpt><trkpt lat="46.08232646854594" lon="7.245040719397366"><ele>1701.6999816894531</ele></trkpt><trkpt lat="46.08243745472282" lon="7.2447171485982835"><ele>1705.2999877929688</ele></trkpt><trkpt lat="46.08262233668938" lon="7.244470874778926"><ele>1707.5</ele></trkpt><trkpt lat="46.082720953505486" lon="7.244277908932418"><ele>1708.0999755859375</ele></trkpt><trkpt lat="46.082748455926776" lon="7.244056757073849"><ele>1707.8999938964844</ele></trkpt><trkpt lat="46.08285243762657" lon="7.243845672812313"><ele>1708.0999755859375</ele></trkpt><trkpt lat="46.082947459537536" lon="7.243655303027481"><ele>1708.1999816894531</ele></trkpt><trkpt lat="46.082996502518654" lon="7.243406925816089"><ele>1706.7999877929688</ele></trkpt><trkpt lat="46.08303395006806" lon="7.243215469177812"><ele>1705.8999938964844</ele></trkpt><trkpt lat="46.0832154112868" lon="7.243072616867721"><ele>1707.0999755859375</ele></trkpt><trkpt lat="46.0832954486832" lon="7.243059401400387"><ele>1708.7999877929688</ele></trkpt><trkpt lat="46.08350243512541" lon="7.243110365234315"><ele>1710.0</ele></trkpt><trkpt lat="46.08372849272564" lon="7.243264678865671"><ele>1710.8999938964844</ele></trkpt><trkpt lat="46.08389050140977" lon="7.24331580568105"><ele>1712.3999938964844</ele></trkpt><trkpt lat="46.0840594638139" lon="7.243227291852236"><ele>1714.6999816894531</ele></trkpt><trkpt lat="46.08422842621803" lon="7.2431387775577605"><ele>1717.2999877929688</ele></trkpt><trkpt lat="46.08440996846184" lon="7.243042460642755"><ele>1718.6999816894531</ele></trkpt><trkpt lat="46.08458944922313" lon="7.2427961910143495"><ele>1717.5999755859375</ele></trkpt><trkpt lat="46.084669104311615" lon="7.242564500775188"><ele>1716.3999938964844</ele></trkpt><trkpt lat="46.084777406882495" lon="7.242253847885877"><ele>1716.7999877929688</ele></trkpt><trkpt lat="46.084955433849245" lon="7.242205372080207"><ele>1718.3999938964844</ele></trkpt><trkpt lat="46.08513346128166" lon="7.242156895808876"><ele>1720.0</ele></trkpt><trkpt lat="46.08536543836817" lon="7.242095296271145"><ele>1721.1999816894531</ele></trkpt><trkpt lat="46.08561344211921" lon="7.241939265746623"><ele>1722.6999816894531</ele></trkpt><trkpt lat="46.085757999680936" lon="7.241784901358187"><ele>1724.6999816894531</ele></trkpt><trkpt lat="46.085903459228575" lon="7.241631825920194"><ele>1726.7999877929688</ele></trkpt><trkpt lat="46.086046212818474" lon="7.241474880836904"><ele>1728.5</ele></trkpt><trkpt lat="46.08620603242889" lon="7.241303652524948"><ele>1729.5</ele></trkpt><trkpt lat="46.086315458640456" lon="7.241122263949364"><ele>1730.5999755859375</ele></trkpt><trkpt lat="46.08636449696496" lon="7.240873869508505"><ele>1732.5</ele></trkpt><trkpt lat="46.0863974657841" lon="7.2406953438185155"><ele>1734.3999938964844</ele></trkpt><trkpt lat="46.086394493468106" lon="7.240540219470859"><ele>1736.0</ele></trkpt><trkpt lat="46.086319415364414" lon="7.2403052053414285"><ele>1738.0999755859375</ele></trkpt><trkpt lat="46.086243437137455" lon="7.24007019540295"><ele>1740.3999938964844</ele></trkpt><trkpt lat="46.08616746077314" lon="7.239836478605866"><ele>1742.0</ele></trkpt><trkpt lat="46.08609509607777" lon="7.239610505755991"><ele>1742.8999938964844</ele></trkpt><trkpt lat="46.085972419939935" lon="7.239420916419476"><ele>1743.1999816894531</ele></trkpt><trkpt lat="46.085972419939935" lon="7.239420916419476"><ele>1743.1999816894531</ele></trkpt><trkpt lat="46.085972419939935" lon="7.239420916419476"><ele>1743.1999816894531</ele></trkpt><trkpt lat="46.085972419939935" lon="7.239420916419476"><ele>1743.1999816894531</ele></trkpt><trkpt lat="46.085972419939935" lon="7.239420916419476"><ele>1743.1999816894531</ele></trkpt><trkpt lat="46.085972419939935" lon="7.239420916419476"><ele>1743.1999816894531</ele></trkpt><trkpt lat="46.08587048854679" lon="7.239262278191745"><ele>1743.1999816894531</ele></trkpt><trkpt lat="46.08570925798267" lon="7.239143934566528"><ele>1744.2999877929688</ele></trkpt><trkpt lat="46.08557234983891" lon="7.239044894464314"><ele>1746.3999938964844</ele></trkpt><trkpt lat="46.08547211578116" lon="7.238829370122403"><ele>1748.2999877929688</ele></trkpt><trkpt lat="46.08537547942251" lon="7.238613833207637"><ele>1749.5</ele></trkpt><trkpt lat="46.08528338652104" lon="7.238424135372043"><ele>1749.8999938964844</ele></trkpt><trkpt lat="46.08534141816199" lon="7.238178295083344"><ele>1748.2999877929688</ele></trkpt><trkpt lat="46.085399427916855" lon="7.237920818850398"><ele>1745.0</ele></trkpt><trkpt lat="46.08552142325789" lon="7.237729036714882"><ele>1741.5</ele></trkpt><trkpt lat="46.08559947041795" lon="7.237609812058508"><ele>1738.3999938964844</ele></trkpt><trkpt lat="46.085743128322065" lon="7.23745931731537"><ele>1734.8999938964844</ele></trkpt><trkpt lat="46.08596490975469" lon="7.23723225761205"><ele>1730.6999816894531</ele></trkpt><trkpt lat="46.08609047438949" lon="7.23702494520694"><ele>1726.8999938964844</ele></trkpt><trkpt lat="46.08625219017267" lon="7.236911871470511"><ele>1723.7999877929688</ele></trkpt><trkpt lat="46.08641390595585" lon="7.2367987972684205"><ele>1720.8999938964844</ele></trkpt><trkpt lat="46.086594491265714" lon="7.236674016807228"><ele>1718.0999755859375</ele></trkpt><trkpt lat="46.08671029936522" lon="7.236544305458665"><ele>1715.3999938964844</ele></trkpt><trkpt lat="46.08684644987807" lon="7.236221889499575"><ele>1713.0</ele></trkpt><trkpt lat="46.08689820067957" lon="7.235987698659301"><ele>1711.0</ele></trkpt><trkpt lat="46.08709593722597" lon="7.235896463505924"><ele>1708.5999755859375</ele></trkpt><trkpt lat="46.087240488268435" lon="7.235743370838463"><ele>1705.3999938964844</ele></trkpt><trkpt lat="46.08740119775757" lon="7.235572117846459"><ele>1701.7999877929688</ele></trkpt><trkpt lat="46.08750003017485" lon="7.235507106874138"><ele>1698.7999877929688</ele></trkpt><trkpt lat="46.08761694794521" lon="7.2354937409982085"><ele>1697.0</ele></trkpt><trkpt lat="46.08762047579512" lon="7.235454943031073"><ele>1696.2999877929688</ele></trkpt><trkpt lat="46.08766542933881" lon="7.235441845841706"><ele>1694.0</ele></trkpt><trkpt lat="46.087527469266206" lon="7.235261366702616"><ele>1688.8999938964844</ele></trkpt><trkpt lat="46.087652317713946" lon="7.235157472081482"><ele>1682.5999755859375</ele></trkpt><trkpt lat="46.087782424874604" lon="7.234977280255407"><ele>1676.0999755859375</ele></trkpt><trkpt lat="46.08787843817845" lon="7.234846343751997"><ele>1671.2999877929688</ele></trkpt><trkpt lat="46.08801143011078" lon="7.234768274240196"><ele>1668.5999755859375</ele></trkpt><trkpt lat="46.08807544084266" lon="7.234846896491945"><ele>1666.8999938964844</ele></trkpt><trkpt lat="46.08820142224431" lon="7.234870987478644"><ele>1665.0</ele></trkpt><trkpt lat="46.08837344683707" lon="7.23498669732362"><ele>1662.1999816894531</ele></trkpt><trkpt lat="46.08849749201909" lon="7.234935810789466"><ele>1659.1999816894531</ele></trkpt><trkpt lat="46.0885525024496" lon="7.235011881683022"><ele>1655.8999938964844</ele></trkpt><trkpt lat="46.08868845086545" lon="7.235076013486832"><ele>1651.3999938964844</ele></trkpt><trkpt lat="46.08880349807441" lon="7.235023867338896"><ele>1646.1999816894531</ele></trkpt><trkpt lat="46.08895847108215" lon="7.235161621589214"><ele>1642.6999816894531</ele></trkpt><trkpt lat="46.0891080442816" lon="7.2352981036528945"><ele>1641.0999755859375</ele></trkpt><trkpt lat="46.089217969216406" lon="7.23539724200964"><ele>1639.2999877929688</ele></trkpt><trkpt lat="46.089397022966295" lon="7.235421136021614"><ele>1635.6999816894531</ele></trkpt><trkpt lat="46.089576077181846" lon="7.235445029567927"><ele>1631.3999938964844</ele></trkpt><trkpt lat="46.08975513326004" lon="7.235470216255635"><ele>1626.5999755859375</ele></trkpt><trkpt lat="46.08993418654427" lon="7.235494110267609"><ele>1621.0999755859375</ele></trkpt><trkpt lat="46.09011324029416" lon="7.235518004279584"><ele>1616.0</ele></trkpt><trkpt lat="46.09024550579488" lon="7.235535609535873"><ele>1611.8999938964844</ele></trkpt><trkpt lat="46.090372435282916" lon="7.235586849506944"><ele>1608.0</ele></trkpt><trkpt lat="46.09037042502314" lon="7.23547049658373"><ele>1604.8999938964844</ele></trkpt><trkpt lat="46.090486489702016" lon="7.235482991207391"><ele>1602.5999755859375</ele></trkpt><trkpt lat="46.09056723769754" lon="7.235366328153759"><ele>1599.7999877929688</ele></trkpt><trkpt lat="46.09078315226361" lon="7.235378448385745"><ele>1596.8999938964844</ele></trkpt><trkpt lat="46.0909524471499" lon="7.2354773678816855"><ele>1594.8999938964844</ele></trkpt><trkpt lat="46.09106231620535" lon="7.23554548015818"><ele>1593.0999755859375</ele></trkpt><trkpt lat="46.091241428628564" lon="7.235601698048413"><ele>1590.6999816894531</ele></trkpt><trkpt lat="46.091241428628564" lon="7.235601698048413"><ele>1590.6999816894531</ele></trkpt><trkpt lat="46.091241428628564" lon="7.235601698048413"><ele>1590.6999816894531</ele></trkpt><trkpt lat="46.091241428628564" lon="7.235601698048413"><ele>1590.6999816894531</ele></trkpt><trkpt lat="46.09124142630026" lon="7.235600405372679"><ele>1590.7999877929688</ele></trkpt><trkpt lat="46.09140255721286" lon="7.235661861952394"><ele>1588.0999755859375</ele></trkpt><trkpt lat="46.09143044101074" lon="7.235660464968532"><ele>1587.6999816894531</ele></trkpt><trkpt lat="46.09145021252334" lon="7.235650047659874"><ele>1587.5</ele></trkpt><trkpt lat="46.091460053343326" lon="7.235620273742825"><ele>1587.1999816894531</ele></trkpt><trkpt lat="46.09146001841873" lon="7.235600879881531"><ele>1586.8999938964844</ele></trkpt><trkpt lat="46.091420276556164" lon="7.2355118175037205"><ele>1585.5999755859375</ele></trkpt><trkpt lat="46.09138242248446" lon="7.235471878666431"><ele>1584.7999877929688</ele></trkpt><trkpt lat="46.09121040441096" lon="7.235360038932413"><ele>1582.3999938964844</ele></trkpt><trkpt lat="46.09083008347079" lon="7.234969713259488"><ele>1577.1999816894531</ele></trkpt><trkpt lat="46.09079043008387" lon="7.23492978233844"><ele>1576.5999755859375</ele></trkpt><trkpt lat="46.09061995940283" lon="7.234679599758238"><ele>1574.5999755859375</ele></trkpt><trkpt lat="46.090542471036315" lon="7.234610074665397"><ele>1573.5999755859375</ele></trkpt><trkpt lat="46.09031999250874" lon="7.234451884869486"><ele>1570.7999877929688</ele></trkpt><trkpt lat="46.090150471776724" lon="7.234230145812035"><ele>1568.5999755859375</ele></trkpt><trkpt lat="46.0896399714984" lon="7.2334899585694075"><ele>1561.8999938964844</ele></trkpt><trkpt lat="46.08964447630569" lon="7.233493819832802"><ele>1562.0</ele></trkpt><trkpt lat="46.08964447630569" lon="7.233493819832802"><ele>1562.0</ele></trkpt><trkpt lat="46.08964447630569" lon="7.233493819832802"><ele>1562.0</ele></trkpt><trkpt lat="46.08964447630569" lon="7.233493819832802"><ele>1562.0</ele></trkpt><trkpt lat="46.0896399714984" lon="7.2334899585694075"><ele>1561.8999938964844</ele></trkpt><trkpt lat="46.08955242158845" lon="7.233329973183572"><ele>1560.6999816894531</ele></trkpt><trkpt lat="46.08948020171374" lon="7.233190616592765"><ele>1559.8999938964844</ele></trkpt><trkpt lat="46.08940144535154" lon="7.232920704875141"><ele>1558.0</ele></trkpt><trkpt lat="46.08938148943707" lon="7.232830279972404"><ele>1557.3999938964844</ele></trkpt><trkpt lat="46.08938141586259" lon="7.232790201436728"><ele>1557.1999816894531</ele></trkpt><trkpt lat="46.089380480349064" lon="7.232770811766386"><ele>1557.0</ele></trkpt><trkpt lat="46.08940019691363" lon="7.232730658259243"><ele>1556.6999816894531</ele></trkpt><trkpt lat="46.08943254267797" lon="7.232709849718958"><ele>1556.5999755859375</ele></trkpt><trkpt lat="46.08947038045153" lon="7.2327407351695"><ele>1556.1999816894531</ele></trkpt><trkpt lat="46.08972998382524" lon="7.2330306470394135"><ele>1553.2999877929688</ele></trkpt><trkpt lat="46.08977141743526" lon="7.233060225844383"><ele>1552.8999938964844</ele></trkpt><trkpt lat="46.090250418987125" lon="7.233300181571394"><ele>1547.3999938964844</ele></trkpt><trkpt lat="46.09066013619304" lon="7.2335300599224865"><ele>1542.5</ele></trkpt><trkpt lat="46.090810435824096" lon="7.2335708644241095"><ele>1540.5</ele></trkpt><trkpt lat="46.09091028571129" lon="7.233570487238467"><ele>1539.2999877929688</ele></trkpt><trkpt lat="46.09118002187461" lon="7.2334996508434415"><ele>1536.0</ele></trkpt><trkpt lat="46.09148027189076" lon="7.233389911241829"><ele>1532.3999938964844</ele></trkpt><trkpt lat="46.0916599445045" lon="7.233259939588606"><ele>1530.0</ele></trkpt><trkpt lat="46.09167149150744" lon="7.233179735019803"><ele>1529.5</ele></trkpt><trkpt lat="46.091700149234384" lon="7.233109808526933"><ele>1529.3999938964844</ele></trkpt><trkpt lat="46.09182006586343" lon="7.233260626439005"><ele>1528.0999755859375</ele></trkpt><trkpt lat="46.0918704951182" lon="7.233290173113346"><ele>1527.5</ele></trkpt><trkpt lat="46.09192000795156" lon="7.233310672454536"><ele>1526.8999938964844</ele></trkpt><trkpt lat="46.09269986860454" lon="7.233281863853335"><ele>1523.7999877929688</ele></trkpt><trkpt lat="46.09276011725888" lon="7.233269999735057"><ele>1523.8999938964844</ele></trkpt><trkpt lat="46.092920111492276" lon="7.233200868126005"><ele>1523.6999816894531</ele></trkpt><trkpt lat="46.09299025731161" lon="7.233190258964896"><ele>1523.5999755859375</ele></trkpt><trkpt lat="46.09324029600248" lon="7.233169918414205"><ele>1522.0999755859375</ele></trkpt><trkpt lat="46.093420170247555" lon="7.233149843290448"><ele>1521.5</ele></trkpt><trkpt lat="46.09346243226901" lon="7.233140632510185"><ele>1521.1999816894531</ele></trkpt><trkpt lat="46.093590040225536" lon="7.233070329297334"><ele>1520.5</ele></trkpt><trkpt lat="46.09368254663423" lon="7.232989815063775"><ele>1520.1999816894531</ele></trkpt><trkpt lat="46.09376244293526" lon="7.232900297269225"><ele>1519.7999877929688</ele></trkpt><trkpt lat="46.09383150655776" lon="7.232790132984519"><ele>1519.1999816894531</ele></trkpt><trkpt lat="46.09425993030891" lon="7.231940312311053"><ele>1514.3999938964844</ele></trkpt><trkpt lat="46.09437018819153" lon="7.231730428989977"><ele>1513.5999755859375</ele></trkpt><trkpt lat="46.09501996729523" lon="7.2309198272414505"><ele>1509.0</ele></trkpt><trkpt lat="46.09524246305227" lon="7.230599603615701"><ele>1506.3999938964844</ele></trkpt><trkpt lat="46.09537250874564" lon="7.230389637872577"><ele>1504.1999816894531</ele></trkpt><trkpt lat="46.095470189116895" lon="7.230190139263868"><ele>1502.2999877929688</ele></trkpt><trkpt lat="46.09575245156884" lon="7.229600732214749"><ele>1496.7999877929688</ele></trkpt><trkpt lat="46.095890366472304" lon="7.229270480573177"><ele>1493.8999938964844</ele></trkpt><trkpt lat="46.09596034511924" lon="7.229170647915453"><ele>1493.2999877929688</ele></trkpt><trkpt lat="46.096110253594816" lon="7.229000682942569"><ele>1492.3999938964844</ele></trkpt><trkpt lat="46.096100244671106" lon="7.228939949534833"><ele>1492.1999816894531</ele></trkpt><trkpt lat="46.09609021898359" lon="7.228870165068656"><ele>1492.0</ele></trkpt><trkpt lat="46.09609990846366" lon="7.228760220110416"><ele>1491.5999755859375</ele></trkpt><trkpt lat="46.09607018483803" lon="7.228739646729082"><ele>1491.3999938964844</ele></trkpt><trkpt lat="46.09605033881962" lon="7.22870998410508"><ele>1491.2999877929688</ele></trkpt><trkpt lat="46.09605030249804" lon="7.228690588846803"><ele>1491.1999816894531</ele></trkpt><trkpt lat="46.09605020843446" lon="7.228640160989016"><ele>1491.0999755859375</ele></trkpt><trkpt lat="46.09609243134037" lon="7.2286102580837905"><ele>1490.8999938964844</ele></trkpt><trkpt lat="46.09606252098456" lon="7.228490122593939"><ele>1490.5</ele></trkpt><trkpt lat="46.096061437390745" lon="7.2283918568864465"><ele>1490.0999755859375</ele></trkpt><trkpt lat="46.0960624422878" lon="7.227490614168346"><ele>1486.0</ele></trkpt><trkpt lat="46.095981480553746" lon="7.227489636279643"><ele>1486.5</ele></trkpt><trkpt lat="46.095984181854874" lon="7.227490918710828"><ele>1486.5</ele></trkpt></trkseg></trk></gpx>